grupo,categoria,pct_lula,pct_flavio,pct_branco_nulo,pct_nsnr,base_ponderada,soma,ok,pagina,ocr,instituto,abrangencia_uf,registro_tse,amostra,margem_erro_pp,campo,arquivo,url,data_acesso,variavel,categoria_padrao,fonte
GÊNERO,Homem,29.2,69.5,1.3,,,100.0,True,35,True,AtlasIntel,acre,,,,,pesquisa_atlas__eleicoes_acre_2026_261003_3c685f199202964d.pdf,https://cdn1.atlasintel.org/pesquisa_atlas__eleicoes_acre_2026_261003_3c685f199202964d.pdf,2026-10-07 21:55,sexo,masculino,AtlasIntel_acre_pesqui
GÊNERO,Mulher,34.1,59.2,6.7,,,100.0,True,35,True,AtlasIntel,acre,,,,,pesquisa_atlas__eleicoes_acre_2026_261003_3c685f199202964d.pdf,https://cdn1.atlasintel.org/pesquisa_atlas__eleicoes_acre_2026_261003_3c685f199202964d.pdf,2026-10-07 21:55,sexo,feminino,AtlasIntel_acre_pesqui
GÊNERO,16 24,30.7,59.9,9.4,,,100.0,True,35,True,AtlasIntel,acre,,,,,pesquisa_atlas__eleicoes_acre_2026_261003_3c685f199202964d.pdf,https://cdn1.atlasintel.org/pesquisa_atlas__eleicoes_acre_2026_261003_3c685f199202964d.pdf,2026-10-07 21:55,outro,16 24,AtlasIntel_acre_pesqui
GÊNERO,25 34 35,21.5,74.8,3.7,,,100.0,True,35,True,AtlasIntel,acre,,,,,pesquisa_atlas__eleicoes_acre_2026_261003_3c685f199202964d.pdf,https://cdn1.atlasintel.org/pesquisa_atlas__eleicoes_acre_2026_261003_3c685f199202964d.pdf,2026-10-07 21:55,outro,25 34 35,AtlasIntel_acre_pesqui
IDADE,44 45,25.0,71.4,3.6,,,100.0,True,35,True,AtlasIntel,acre,,,,,pesquisa_atlas__eleicoes_acre_2026_261003_3c685f199202964d.pdf,https://cdn1.atlasintel.org/pesquisa_atlas__eleicoes_acre_2026_261003_3c685f199202964d.pdf,2026-10-07 21:55,outro,44 45,AtlasIntel_acre_pesqui
IDADE,59 60,46.7,52.3,,,,99.0,True,35,True,AtlasIntel,acre,,,,,pesquisa_atlas__eleicoes_acre_2026_261003_3c685f199202964d.pdf,https://cdn1.atlasintel.org/pesquisa_atlas__eleicoes_acre_2026_261003_3c685f199202964d.pdf,2026-10-07 21:55,outro,59 60,AtlasIntel_acre_pesqui
IDADE,100,35.2,61.4,3.4,,,100.0,True,35,True,AtlasIntel,acre,,,,,pesquisa_atlas__eleicoes_acre_2026_261003_3c685f199202964d.pdf,https://cdn1.atlasintel.org/pesquisa_atlas__eleicoes_acre_2026_261003_3c685f199202964d.pdf,2026-10-07 21:55,outro,100,AtlasIntel_acre_pesqui
NÍVEL EDUCACIONAL,Ensino Fundamental e Médio,30.0,65.5,4.4,,,99.9,True,35,True,AtlasIntel,acre,,,,,pesquisa_atlas__eleicoes_acre_2026_261003_3c685f199202964d.pdf,https://cdn1.atlasintel.org/pesquisa_atlas__eleicoes_acre_2026_261003_3c685f199202964d.pdf,2026-10-07 21:55,escolaridade,fundamental_medio,AtlasIntel_acre_pesqui
NÍVEL EDUCACIONAL,Ensino Superior,36.0,60.8,3.2,,,100.0,True,35,True,AtlasIntel,acre,,,,,pesquisa_atlas__eleicoes_acre_2026_261003_3c685f199202964d.pdf,https://cdn1.atlasintel.org/pesquisa_atlas__eleicoes_acre_2026_261003_3c685f199202964d.pdf,2026-10-07 21:55,escolaridade,superior,AtlasIntel_acre_pesqui
NÍVEL EDUCACIONAL,Capital,29.9,64.0,6.1,,,100.0,True,35,True,AtlasIntel,acre,,,,,pesquisa_atlas__eleicoes_acre_2026_261003_3c685f199202964d.pdf,https://cdn1.atlasintel.org/pesquisa_atlas__eleicoes_acre_2026_261003_3c685f199202964d.pdf,2026-10-07 21:55,outro,capital,AtlasIntel_acre_pesqui
REGIÃO,Cruzeiro do Sul,34.3,63.3,2.3,,,99.9,True,35,True,AtlasIntel,acre,,,,,pesquisa_atlas__eleicoes_acre_2026_261003_3c685f199202964d.pdf,https://cdn1.atlasintel.org/pesquisa_atlas__eleicoes_acre_2026_261003_3c685f199202964d.pdf,2026-10-07 21:55,outro,cruzeiro do sul,AtlasIntel_acre_pesqui
REGIÃO,Região Intermediária de Rio,32.5,65.3,2.2,,,100.0,True,35,True,AtlasIntel,acre,,,,,pesquisa_atlas__eleicoes_acre_2026_261003_3c685f199202964d.pdf,https://cdn1.atlasintel.org/pesquisa_atlas__eleicoes_acre_2026_261003_3c685f199202964d.pdf,2026-10-07 21:55,outro,região intermediária de rio,AtlasIntel_acre_pesqui
,"R$0 R$2,000",33.4,60.7,5.9,,,100.0,True,35,True,AtlasIntel,acre,,,,,pesquisa_atlas__eleicoes_acre_2026_261003_3c685f199202964d.pdf,https://cdn1.atlasintel.org/pesquisa_atlas__eleicoes_acre_2026_261003_3c685f199202964d.pdf,2026-10-07 21:55,renda_reais,0_2000,AtlasIntel_acre_pesqui
,"R$2,000 R$3,000",23.2,71.0,5.8,,,100.0,True,35,True,AtlasIntel,acre,,,,,pesquisa_atlas__eleicoes_acre_2026_261003_3c685f199202964d.pdf,https://cdn1.atlasintel.org/pesquisa_atlas__eleicoes_acre_2026_261003_3c685f199202964d.pdf,2026-10-07 21:55,renda_reais,2000_3000,AtlasIntel_acre_pesqui
RENDA FAMILIAR,"R$3,000 R$5,000",31.6,65.5,2.9,,,100.0,True,35,True,AtlasIntel,acre,,,,,pesquisa_atlas__eleicoes_acre_2026_261003_3c685f199202964d.pdf,https://cdn1.atlasintel.org/pesquisa_atlas__eleicoes_acre_2026_261003_3c685f199202964d.pdf,2026-10-07 21:55,renda_reais,3000_5000,AtlasIntel_acre_pesqui
RENDA FAMILIAR,"R$5,000 R$10,000",27.7,69.5,2.7,,,99.9,True,35,True,AtlasIntel,acre,,,,,pesquisa_atlas__eleicoes_acre_2026_261003_3c685f199202964d.pdf,https://cdn1.atlasintel.org/pesquisa_atlas__eleicoes_acre_2026_261003_3c685f199202964d.pdf,2026-10-07 21:55,renda_reais,5000_10000,AtlasIntel_acre_pesqui
RENDA FAMILIAR,"Acima de R$10,000",48.8,50.2,1.0,,,100.0,True,35,True,AtlasIntel,acre,,,,,pesquisa_atlas__eleicoes_acre_2026_261003_3c685f199202964d.pdf,https://cdn1.atlasintel.org/pesquisa_atlas__eleicoes_acre_2026_261003_3c685f199202964d.pdf,2026-10-07 21:55,renda_reais,acima_10000,AtlasIntel_acre_pesqui
RENDA FAMILIAR,Católico,52.3,44.2,,,,96.5,False,35,True,AtlasIntel,acre,,,,,pesquisa_atlas__eleicoes_acre_2026_261003_3c685f199202964d.pdf,https://cdn1.atlasintel.org/pesquisa_atlas__eleicoes_acre_2026_261003_3c685f199202964d.pdf,2026-10-07 21:55,religiao,catolica,AtlasIntel_acre_pesqui
RENDA FAMILIAR,Evangélico,13.0,83.0,4.0,,,100.0,True,35,True,AtlasIntel,acre,,,,,pesquisa_atlas__eleicoes_acre_2026_261003_3c685f199202964d.pdf,https://cdn1.atlasintel.org/pesquisa_atlas__eleicoes_acre_2026_261003_3c685f199202964d.pdf,2026-10-07 21:55,religiao,evangelica,AtlasIntel_acre_pesqui
RELIGIÃO,Outra religião,39.9,,5.2,,,45.1,False,35,True,AtlasIntel,acre,,,,,pesquisa_atlas__eleicoes_acre_2026_261003_3c685f199202964d.pdf,https://cdn1.atlasintel.org/pesquisa_atlas__eleicoes_acre_2026_261003_3c685f199202964d.pdf,2026-10-07 21:55,outro,outra religião,AtlasIntel_acre_pesqui
RELIGIÃO,Crente sem religião,39.1,55.1,5.8,,,100.0,True,35,True,AtlasIntel,acre,,,,,pesquisa_atlas__eleicoes_acre_2026_261003_3c685f199202964d.pdf,https://cdn1.atlasintel.org/pesquisa_atlas__eleicoes_acre_2026_261003_3c685f199202964d.pdf,2026-10-07 21:55,religiao,sem_religiao,AtlasIntel_acre_pesqui
RELIGIÃO,Agnóstico ou ateu,82.9,17.1,,,,100.0,True,35,True,AtlasIntel,acre,,,,,pesquisa_atlas__eleicoes_acre_2026_261003_3c685f199202964d.pdf,https://cdn1.atlasintel.org/pesquisa_atlas__eleicoes_acre_2026_261003_3c685f199202964d.pdf,2026-10-07 21:55,religiao,sem_religiao,AtlasIntel_acre_pesqui
,Gladson Cameli,15.1,82.1,2.8,,,100.0,True,35,True,AtlasIntel,acre,,,,,pesquisa_atlas__eleicoes_acre_2026_261003_3c685f199202964d.pdf,https://cdn1.atlasintel.org/pesquisa_atlas__eleicoes_acre_2026_261003_3c685f199202964d.pdf,2026-10-07 21:55,outro,gladson cameli,AtlasIntel_acre_pesqui
,Jorge Viana,87.8,10.0,2.3,,,100.1,True,35,True,AtlasIntel,acre,,,,,pesquisa_atlas__eleicoes_acre_2026_261003_3c685f199202964d.pdf,https://cdn1.atlasintel.org/pesquisa_atlas__eleicoes_acre_2026_261003_3c685f199202964d.pdf,2026-10-07 21:55,outro,jorge viana,AtlasIntel_acre_pesqui
,Mara Rocha,8.4,90.4,1.1,,,99.9,True,35,True,AtlasIntel,acre,,,,,pesquisa_atlas__eleicoes_acre_2026_261003_3c685f199202964d.pdf,https://cdn1.atlasintel.org/pesquisa_atlas__eleicoes_acre_2026_261003_3c685f199202964d.pdf,2026-10-07 21:55,outro,mara rocha,AtlasIntel_acre_pesqui
VOTO GOVERNADOR - 1º TURNO 2022,Sérgio Marcio Petecão Bittar,11.5,82.9,5.6,,,100.0,True,35,True,AtlasIntel,acre,,,,,pesquisa_atlas__eleicoes_acre_2026_261003_3c685f199202964d.pdf,https://cdn1.atlasintel.org/pesquisa_atlas__eleicoes_acre_2026_261003_3c685f199202964d.pdf,2026-10-07 21:55,outro,sérgio marcio petecão bittar,AtlasIntel_acre_pesqui
VOTO GOVERNADOR - 1º TURNO 2022,Outro,10.0,74.3,15.7,,,100.0,True,35,True,AtlasIntel,acre,,,,,pesquisa_atlas__eleicoes_acre_2026_261003_3c685f199202964d.pdf,https://cdn1.atlasintel.org/pesquisa_atlas__eleicoes_acre_2026_261003_3c685f199202964d.pdf,2026-10-07 21:55,outro,outro,AtlasIntel_acre_pesqui
VOTO GOVERNADOR - 1º TURNO 2022,Voto branco/nulo,31.9,66.2,1.9,,,100.0,True,35,True,AtlasIntel,acre,,,,,pesquisa_atlas__eleicoes_acre_2026_261003_3c685f199202964d.pdf,https://cdn1.atlasintel.org/pesquisa_atlas__eleicoes_acre_2026_261003_3c685f199202964d.pdf,2026-10-07 21:55,outro,voto branco/nulo,AtlasIntel_acre_pesqui
VOTO GOVERNADOR - 1º TURNO 2022,Não votei,31.7,55.1,13.2,,,100.0,True,35,True,AtlasIntel,acre,,,,,pesquisa_atlas__eleicoes_acre_2026_261003_3c685f199202964d.pdf,https://cdn1.atlasintel.org/pesquisa_atlas__eleicoes_acre_2026_261003_3c685f199202964d.pdf,2026-10-07 21:55,outro,não votei,AtlasIntel_acre_pesqui
VOTO GOVERNADOR - 1º TURNO 2022,Lula,96.6,1.2,2.2,,,100.0,True,35,True,AtlasIntel,acre,,,,,pesquisa_atlas__eleicoes_acre_2026_261003_3c685f199202964d.pdf,https://cdn1.atlasintel.org/pesquisa_atlas__eleicoes_acre_2026_261003_3c685f199202964d.pdf,2026-10-07 21:55,outro,lula,AtlasIntel_acre_pesqui
VOTO PRESIDENTE - 2º TURNO 2022,Jair Bolsonaro,2.5,96.8,0.7,,,100.0,True,35,True,AtlasIntel,acre,,,,,pesquisa_atlas__eleicoes_acre_2026_261003_3c685f199202964d.pdf,https://cdn1.atlasintel.org/pesquisa_atlas__eleicoes_acre_2026_261003_3c685f199202964d.pdf,2026-10-07 21:55,outro,jair bolsonaro,AtlasIntel_acre_pesqui
VOTO PRESIDENTE - 2º TURNO 2022,Voto branco/nulo,57.3,6.3,36.4,,,100.0,True,35,True,AtlasIntel,acre,,,,,pesquisa_atlas__eleicoes_acre_2026_261003_3c685f199202964d.pdf,https://cdn1.atlasintel.org/pesquisa_atlas__eleicoes_acre_2026_261003_3c685f199202964d.pdf,2026-10-07 21:55,outro,voto branco/nulo,AtlasIntel_acre_pesqui
VOTO PRESIDENTE - 2º TURNO 2022,Não votei,27.3,56.3,16.3,,,99.9,True,35,True,AtlasIntel,acre,,,,,pesquisa_atlas__eleicoes_acre_2026_261003_3c685f199202964d.pdf,https://cdn1.atlasintel.org/pesquisa_atlas__eleicoes_acre_2026_261003_3c685f199202964d.pdf,2026-10-07 21:55,outro,não votei,AtlasIntel_acre_pesqui
,Direita Direita não bolsonarista bolsonarista,3.3,96.3,0.5,,,100.1,True,35,True,AtlasIntel,acre,,,,,pesquisa_atlas__eleicoes_acre_2026_261003_3c685f199202964d.pdf,https://cdn1.atlasintel.org/pesquisa_atlas__eleicoes_acre_2026_261003_3c685f199202964d.pdf,2026-10-07 21:55,outro,direita direita não bolsonarista bolsonarista,AtlasIntel_acre_pesqui
IDEOLOGIA POLÍTICA,Esquerda não lulista,75.1,0.4,24.5,,,100.0,True,35,True,AtlasIntel,acre,,,,,pesquisa_atlas__eleicoes_acre_2026_261003_3c685f199202964d.pdf,https://cdn1.atlasintel.org/pesquisa_atlas__eleicoes_acre_2026_261003_3c685f199202964d.pdf,2026-10-07 21:55,outro,esquerda não lulista,AtlasIntel_acre_pesqui
IDEOLOGIA POLÍTICA,Esquerda lulista,100.0,,0.0,,,100.0,True,35,True,AtlasIntel,acre,,,,,pesquisa_atlas__eleicoes_acre_2026_261003_3c685f199202964d.pdf,https://cdn1.atlasintel.org/pesquisa_atlas__eleicoes_acre_2026_261003_3c685f199202964d.pdf,2026-10-07 21:55,outro,esquerda lulista,AtlasIntel_acre_pesqui
IDEOLOGIA POLÍTICA,Independente,45.1,46.7,8.2,,,100.0,True,35,True,AtlasIntel,acre,,,,,pesquisa_atlas__eleicoes_acre_2026_261003_3c685f199202964d.pdf,https://cdn1.atlasintel.org/pesquisa_atlas__eleicoes_acre_2026_261003_3c685f199202964d.pdf,2026-10-07 21:55,outro,independente,AtlasIntel_acre_pesqui
GÊNERO,Homem 37.3,37.3,58.0,4.6,,,99.9,True,28,True,AtlasIntel,amapa,,,,,pesquisa_atlas__eleicoes_amapa_2026__261003_4266dc9abb48dc18.pdf,https://cdn1.atlasintel.org/pesquisa_atlas__eleicoes_amapa_2026__261003_4266dc9abb48dc18.pdf,2026-10-07 21:55,outro,homem 37.3,AtlasIntel_amapa_pesqui
GÊNERO,Mulher,63.1,30.1,6.8,,,100.0,True,28,True,AtlasIntel,amapa,,,,,pesquisa_atlas__eleicoes_amapa_2026__261003_4266dc9abb48dc18.pdf,https://cdn1.atlasintel.org/pesquisa_atlas__eleicoes_amapa_2026__261003_4266dc9abb48dc18.pdf,2026-10-07 21:55,sexo,feminino,AtlasIntel_amapa_pesqui
NÍVEL EDUCACIONAL,Ensino Fundamental e Médio,51.9,44.1,4.0,,,100.0,True,28,True,AtlasIntel,amapa,,,,,pesquisa_atlas__eleicoes_amapa_2026__261003_4266dc9abb48dc18.pdf,https://cdn1.atlasintel.org/pesquisa_atlas__eleicoes_amapa_2026__261003_4266dc9abb48dc18.pdf,2026-10-07 21:55,escolaridade,fundamental_medio,AtlasIntel_amapa_pesqui
NÍVEL EDUCACIONAL,Ensino 16 Superior,47.5,42.2,10.3,,,100.0,True,28,True,AtlasIntel,amapa,,,,,pesquisa_atlas__eleicoes_amapa_2026__261003_4266dc9abb48dc18.pdf,https://cdn1.atlasintel.org/pesquisa_atlas__eleicoes_amapa_2026__261003_4266dc9abb48dc18.pdf,2026-10-07 21:55,escolaridade,superior,AtlasIntel_amapa_pesqui
NÍVEL EDUCACIONAL,24 25,80.0,18.2,1.7,,,99.9,True,28,True,AtlasIntel,amapa,,,,,pesquisa_atlas__eleicoes_amapa_2026__261003_4266dc9abb48dc18.pdf,https://cdn1.atlasintel.org/pesquisa_atlas__eleicoes_amapa_2026__261003_4266dc9abb48dc18.pdf,2026-10-07 21:55,outro,24 25,AtlasIntel_amapa_pesqui
NÍVEL EDUCACIONAL,34,38.4,51.2,10.3,,,99.9,True,28,True,AtlasIntel,amapa,,,,,pesquisa_atlas__eleicoes_amapa_2026__261003_4266dc9abb48dc18.pdf,https://cdn1.atlasintel.org/pesquisa_atlas__eleicoes_amapa_2026__261003_4266dc9abb48dc18.pdf,2026-10-07 21:55,outro,34,AtlasIntel_amapa_pesqui
IDADE,35 44,39.2,54.8,6.0,,,100.0,True,28,True,AtlasIntel,amapa,,,,,pesquisa_atlas__eleicoes_amapa_2026__261003_4266dc9abb48dc18.pdf,https://cdn1.atlasintel.org/pesquisa_atlas__eleicoes_amapa_2026__261003_4266dc9abb48dc18.pdf,2026-10-07 21:55,outro,35 44,AtlasIntel_amapa_pesqui
IDADE,45 59,50.5,46.4,3.2,,,100.1,True,28,True,AtlasIntel,amapa,,,,,pesquisa_atlas__eleicoes_amapa_2026__261003_4266dc9abb48dc18.pdf,https://cdn1.atlasintel.org/pesquisa_atlas__eleicoes_amapa_2026__261003_4266dc9abb48dc18.pdf,2026-10-07 21:55,outro,45 59,AtlasIntel_amapa_pesqui
IDADE,60-100 49.5,49.5,42.9,7.7,,,100.1,True,28,True,AtlasIntel,amapa,,,,,pesquisa_atlas__eleicoes_amapa_2026__261003_4266dc9abb48dc18.pdf,https://cdn1.atlasintel.org/pesquisa_atlas__eleicoes_amapa_2026__261003_4266dc9abb48dc18.pdf,2026-10-07 21:55,idade,60+,AtlasIntel_amapa_pesqui
IDADE,Oiapoque Porto Grande,58.1,33.3,8.6,,,100.0,True,28,True,AtlasIntel,amapa,,,,,pesquisa_atlas__eleicoes_amapa_2026__261003_4266dc9abb48dc18.pdf,https://cdn1.atlasintel.org/pesquisa_atlas__eleicoes_amapa_2026__261003_4266dc9abb48dc18.pdf,2026-10-07 21:55,outro,oiapoque porto grande,AtlasIntel_amapa_pesqui
REGIÃO,Capital 49.4,49.4,45.1,,,,94.5,False,28,True,AtlasIntel,amapa,,,,,pesquisa_atlas__eleicoes_amapa_2026__261003_4266dc9abb48dc18.pdf,https://cdn1.atlasintel.org/pesquisa_atlas__eleicoes_amapa_2026__261003_4266dc9abb48dc18.pdf,2026-10-07 21:55,outro,capital 49.4,AtlasIntel_amapa_pesqui
REGIÃO,Região Intermediária de Macapá,49.4,46.2,4.4,,,100.0,True,28,True,AtlasIntel,amapa,,,,,pesquisa_atlas__eleicoes_amapa_2026__261003_4266dc9abb48dc18.pdf,https://cdn1.atlasintel.org/pesquisa_atlas__eleicoes_amapa_2026__261003_4266dc9abb48dc18.pdf,2026-10-07 21:55,outro,região intermediária de macapá,AtlasIntel_amapa_pesqui
,"R$0 R$2,000",63.1,32.7,4.2,,,100.0,True,28,True,AtlasIntel,amapa,,,,,pesquisa_atlas__eleicoes_amapa_2026__261003_4266dc9abb48dc18.pdf,https://cdn1.atlasintel.org/pesquisa_atlas__eleicoes_amapa_2026__261003_4266dc9abb48dc18.pdf,2026-10-07 21:55,renda_reais,0_2000,AtlasIntel_amapa_pesqui
,"R$2,000 R$3,000",43.4,49.2,7.4,,,100.0,True,28,True,AtlasIntel,amapa,,,,,pesquisa_atlas__eleicoes_amapa_2026__261003_4266dc9abb48dc18.pdf,https://cdn1.atlasintel.org/pesquisa_atlas__eleicoes_amapa_2026__261003_4266dc9abb48dc18.pdf,2026-10-07 21:55,renda_reais,2000_3000,AtlasIntel_amapa_pesqui
RENDA FAMILIAR,"R$3,000 R$5,000",60.4,38.3,1.2,,,99.9,True,28,True,AtlasIntel,amapa,,,,,pesquisa_atlas__eleicoes_amapa_2026__261003_4266dc9abb48dc18.pdf,https://cdn1.atlasintel.org/pesquisa_atlas__eleicoes_amapa_2026__261003_4266dc9abb48dc18.pdf,2026-10-07 21:55,renda_reais,3000_5000,AtlasIntel_amapa_pesqui
RENDA FAMILIAR,"R$5,000 R$10,000",41.0,49.7,9.3,,,100.0,True,28,True,AtlasIntel,amapa,,,,,pesquisa_atlas__eleicoes_amapa_2026__261003_4266dc9abb48dc18.pdf,https://cdn1.atlasintel.org/pesquisa_atlas__eleicoes_amapa_2026__261003_4266dc9abb48dc18.pdf,2026-10-07 21:55,renda_reais,5000_10000,AtlasIntel_amapa_pesqui
RENDA FAMILIAR,"Acima de R$10,000",43.7,49.4,6.9,,,100.0,True,28,True,AtlasIntel,amapa,,,,,pesquisa_atlas__eleicoes_amapa_2026__261003_4266dc9abb48dc18.pdf,https://cdn1.atlasintel.org/pesquisa_atlas__eleicoes_amapa_2026__261003_4266dc9abb48dc18.pdf,2026-10-07 21:55,renda_reais,acima_10000,AtlasIntel_amapa_pesqui
RENDA FAMILIAR,Católico,54.8,40.0,5.2,,,100.0,True,28,True,AtlasIntel,amapa,,,,,pesquisa_atlas__eleicoes_amapa_2026__261003_4266dc9abb48dc18.pdf,https://cdn1.atlasintel.org/pesquisa_atlas__eleicoes_amapa_2026__261003_4266dc9abb48dc18.pdf,2026-10-07 21:55,religiao,catolica,AtlasIntel_amapa_pesqui
RENDA FAMILIAR,Evangélico,37.8,57.5,4.7,,,100.0,True,28,True,AtlasIntel,amapa,,,,,pesquisa_atlas__eleicoes_amapa_2026__261003_4266dc9abb48dc18.pdf,https://cdn1.atlasintel.org/pesquisa_atlas__eleicoes_amapa_2026__261003_4266dc9abb48dc18.pdf,2026-10-07 21:55,religiao,evangelica,AtlasIntel_amapa_pesqui
RELIGIÃO,Outra religião,70.0,16.0,14.0,,,100.0,True,28,True,AtlasIntel,amapa,,,,,pesquisa_atlas__eleicoes_amapa_2026__261003_4266dc9abb48dc18.pdf,https://cdn1.atlasintel.org/pesquisa_atlas__eleicoes_amapa_2026__261003_4266dc9abb48dc18.pdf,2026-10-07 21:55,outro,outra religião,AtlasIntel_amapa_pesqui
RELIGIÃO,Crente sem religião 46,46.0,45.3,8.7,,,100.0,True,28,True,AtlasIntel,amapa,,,,,pesquisa_atlas__eleicoes_amapa_2026__261003_4266dc9abb48dc18.pdf,https://cdn1.atlasintel.org/pesquisa_atlas__eleicoes_amapa_2026__261003_4266dc9abb48dc18.pdf,2026-10-07 21:55,religiao,sem_religiao,AtlasIntel_amapa_pesqui
RELIGIÃO,Agnóstico ou ateu,92.0,5.7,2.3,,,100.0,True,28,True,AtlasIntel,amapa,,,,,pesquisa_atlas__eleicoes_amapa_2026__261003_4266dc9abb48dc18.pdf,https://cdn1.atlasintel.org/pesquisa_atlas__eleicoes_amapa_2026__261003_4266dc9abb48dc18.pdf,2026-10-07 21:55,religiao,sem_religiao,AtlasIntel_amapa_pesqui
,Clécio,62.6,32.1,5.3,,,100.0,True,28,True,AtlasIntel,amapa,,,,,pesquisa_atlas__eleicoes_amapa_2026__261003_4266dc9abb48dc18.pdf,https://cdn1.atlasintel.org/pesquisa_atlas__eleicoes_amapa_2026__261003_4266dc9abb48dc18.pdf,2026-10-07 21:55,outro,clécio,AtlasIntel_amapa_pesqui
VOTO GOVERNADOR 2022,Jaime Nunes,27.5,67.3,5.2,,,100.0,True,28,True,AtlasIntel,amapa,,,,,pesquisa_atlas__eleicoes_amapa_2026__261003_4266dc9abb48dc18.pdf,https://cdn1.atlasintel.org/pesquisa_atlas__eleicoes_amapa_2026__261003_4266dc9abb48dc18.pdf,2026-10-07 21:55,outro,jaime nunes,AtlasIntel_amapa_pesqui
VOTO GOVERNADOR 2022,Outro,10.2,81.0,8.8,,,100.0,True,28,True,AtlasIntel,amapa,,,,,pesquisa_atlas__eleicoes_amapa_2026__261003_4266dc9abb48dc18.pdf,https://cdn1.atlasintel.org/pesquisa_atlas__eleicoes_amapa_2026__261003_4266dc9abb48dc18.pdf,2026-10-07 21:55,outro,outro,AtlasIntel_amapa_pesqui
VOTO GOVERNADOR 2022,Voto branco/nulo,64.4,29.6,,,,94.0,False,28,True,AtlasIntel,amapa,,,,,pesquisa_atlas__eleicoes_amapa_2026__261003_4266dc9abb48dc18.pdf,https://cdn1.atlasintel.org/pesquisa_atlas__eleicoes_amapa_2026__261003_4266dc9abb48dc18.pdf,2026-10-07 21:55,outro,voto branco/nulo,AtlasIntel_amapa_pesqui
VOTO GOVERNADOR 2022,Não votei,77.1,15.4,7.5,,,100.0,True,28,True,AtlasIntel,amapa,,,,,pesquisa_atlas__eleicoes_amapa_2026__261003_4266dc9abb48dc18.pdf,https://cdn1.atlasintel.org/pesquisa_atlas__eleicoes_amapa_2026__261003_4266dc9abb48dc18.pdf,2026-10-07 21:55,outro,não votei,AtlasIntel_amapa_pesqui
VOTO GOVERNADOR 2022,Jair Bolsonaro,4.8,91.4,3.8,,,100.0,True,28,True,AtlasIntel,amapa,,,,,pesquisa_atlas__eleicoes_amapa_2026__261003_4266dc9abb48dc18.pdf,https://cdn1.atlasintel.org/pesquisa_atlas__eleicoes_amapa_2026__261003_4266dc9abb48dc18.pdf,2026-10-07 21:55,outro,jair bolsonaro,AtlasIntel_amapa_pesqui
VOTO PRESIDENTE 2° TURNO 2022,Lula,94.9,2.0,3.0,,,99.9,True,28,True,AtlasIntel,amapa,,,,,pesquisa_atlas__eleicoes_amapa_2026__261003_4266dc9abb48dc18.pdf,https://cdn1.atlasintel.org/pesquisa_atlas__eleicoes_amapa_2026__261003_4266dc9abb48dc18.pdf,2026-10-07 21:55,outro,lula,AtlasIntel_amapa_pesqui
VOTO PRESIDENTE 2° TURNO 2022,Voto branco/nulo,2.9,20.1,77.0,,,100.0,True,28,True,AtlasIntel,amapa,,,,,pesquisa_atlas__eleicoes_amapa_2026__261003_4266dc9abb48dc18.pdf,https://cdn1.atlasintel.org/pesquisa_atlas__eleicoes_amapa_2026__261003_4266dc9abb48dc18.pdf,2026-10-07 21:55,outro,voto branco/nulo,AtlasIntel_amapa_pesqui
VOTO PRESIDENTE 2° TURNO 2022,Não votei,74.5,13.6,11.9,,,100.0,True,28,True,AtlasIntel,amapa,,,,,pesquisa_atlas__eleicoes_amapa_2026__261003_4266dc9abb48dc18.pdf,https://cdn1.atlasintel.org/pesquisa_atlas__eleicoes_amapa_2026__261003_4266dc9abb48dc18.pdf,2026-10-07 21:55,outro,não votei,AtlasIntel_amapa_pesqui
,Direita bolsonarista,2.7,97.3,,,,100.0,True,28,True,AtlasIntel,amapa,,,,,pesquisa_atlas__eleicoes_amapa_2026__261003_4266dc9abb48dc18.pdf,https://cdn1.atlasintel.org/pesquisa_atlas__eleicoes_amapa_2026__261003_4266dc9abb48dc18.pdf,2026-10-07 21:55,outro,direita bolsonarista,AtlasIntel_amapa_pesqui
POSICIONAMENTO POLÍTICO,Direita não bolsonarista,10.9,82.8,6.3,,,100.0,True,28,True,AtlasIntel,amapa,,,,,pesquisa_atlas__eleicoes_amapa_2026__261003_4266dc9abb48dc18.pdf,https://cdn1.atlasintel.org/pesquisa_atlas__eleicoes_amapa_2026__261003_4266dc9abb48dc18.pdf,2026-10-07 21:55,outro,direita não bolsonarista,AtlasIntel_amapa_pesqui
POSICIONAMENTO POLÍTICO,Esquerda não lulista,95.0,2.5,2.5,,,100.0,True,28,True,AtlasIntel,amapa,,,,,pesquisa_atlas__eleicoes_amapa_2026__261003_4266dc9abb48dc18.pdf,https://cdn1.atlasintel.org/pesquisa_atlas__eleicoes_amapa_2026__261003_4266dc9abb48dc18.pdf,2026-10-07 21:55,outro,esquerda não lulista,AtlasIntel_amapa_pesqui
POSICIONAMENTO POLÍTICO,Esquerda lulista,99.4,0.6,,,,100.0,True,28,True,AtlasIntel,amapa,,,,,pesquisa_atlas__eleicoes_amapa_2026__261003_4266dc9abb48dc18.pdf,https://cdn1.atlasintel.org/pesquisa_atlas__eleicoes_amapa_2026__261003_4266dc9abb48dc18.pdf,2026-10-07 21:55,outro,esquerda lulista,AtlasIntel_amapa_pesqui
POSICIONAMENTO POLÍTICO,Independente,58.1,29.8,12.1,,,100.0,True,28,True,AtlasIntel,amapa,,,,,pesquisa_atlas__eleicoes_amapa_2026__261003_4266dc9abb48dc18.pdf,https://cdn1.atlasintel.org/pesquisa_atlas__eleicoes_amapa_2026__261003_4266dc9abb48dc18.pdf,2026-10-07 21:55,outro,independente,AtlasIntel_amapa_pesqui
GENERO,Homem,35.0,59.4,5.5,,,99.9,True,32,True,AtlasIntel,distrito federal,,,,,pesquisa_atlas__eleicoes_distrito_federal_2026__261003_0589d044ed6f2a71.pdf,https://cdn1.atlasintel.org/pesquisa_atlas__eleicoes_distrito_federal_2026__261003_0589d044ed6f2a71.pdf,2026-10-07 21:55,sexo,masculino,AtlasIntel_distrito federal_pesqui
GENERO,Mulher,43.6,51.7,4.7,,,100.0,True,32,True,AtlasIntel,distrito federal,,,,,pesquisa_atlas__eleicoes_distrito_federal_2026__261003_0589d044ed6f2a71.pdf,https://cdn1.atlasintel.org/pesquisa_atlas__eleicoes_distrito_federal_2026__261003_0589d044ed6f2a71.pdf,2026-10-07 21:55,sexo,feminino,AtlasIntel_distrito federal_pesqui
NIVEL EDUCACIONAL,Ensino Fundamental e Médio,31.3,63.9,4.8,,,100.0,True,32,True,AtlasIntel,distrito federal,,,,,pesquisa_atlas__eleicoes_distrito_federal_2026__261003_0589d044ed6f2a71.pdf,https://cdn1.atlasintel.org/pesquisa_atlas__eleicoes_distrito_federal_2026__261003_0589d044ed6f2a71.pdf,2026-10-07 21:55,escolaridade,fundamental_medio,AtlasIntel_distrito federal_pesqui
NIVEL EDUCACIONAL,Ensino Superior,47.6,47.1,5.3,,,100.0,True,32,True,AtlasIntel,distrito federal,,,,,pesquisa_atlas__eleicoes_distrito_federal_2026__261003_0589d044ed6f2a71.pdf,https://cdn1.atlasintel.org/pesquisa_atlas__eleicoes_distrito_federal_2026__261003_0589d044ed6f2a71.pdf,2026-10-07 21:55,escolaridade,superior,AtlasIntel_distrito federal_pesqui
NIVEL EDUCACIONAL,16 24,47.7,40.6,11.8,,,100.1,True,32,True,AtlasIntel,distrito federal,,,,,pesquisa_atlas__eleicoes_distrito_federal_2026__261003_0589d044ed6f2a71.pdf,https://cdn1.atlasintel.org/pesquisa_atlas__eleicoes_distrito_federal_2026__261003_0589d044ed6f2a71.pdf,2026-10-07 21:55,outro,16 24,AtlasIntel_distrito federal_pesqui
NIVEL EDUCACIONAL,2534,37.3,56.3,6.4,,,100.0,True,32,True,AtlasIntel,distrito federal,,,,,pesquisa_atlas__eleicoes_distrito_federal_2026__261003_0589d044ed6f2a71.pdf,https://cdn1.atlasintel.org/pesquisa_atlas__eleicoes_distrito_federal_2026__261003_0589d044ed6f2a71.pdf,2026-10-07 21:55,outro,2534,AtlasIntel_distrito federal_pesqui
IDADE,35 44,39.3,55.9,4.8,,,100.0,True,32,True,AtlasIntel,distrito federal,,,,,pesquisa_atlas__eleicoes_distrito_federal_2026__261003_0589d044ed6f2a71.pdf,https://cdn1.atlasintel.org/pesquisa_atlas__eleicoes_distrito_federal_2026__261003_0589d044ed6f2a71.pdf,2026-10-07 21:55,outro,35 44,AtlasIntel_distrito federal_pesqui
IDADE,45 59,32.5,63.8,3.6,,,99.9,True,32,True,AtlasIntel,distrito federal,,,,,pesquisa_atlas__eleicoes_distrito_federal_2026__261003_0589d044ed6f2a71.pdf,https://cdn1.atlasintel.org/pesquisa_atlas__eleicoes_distrito_federal_2026__261003_0589d044ed6f2a71.pdf,2026-10-07 21:55,outro,45 59,AtlasIntel_distrito federal_pesqui
IDADE,60 100,48.3,49.4,2.3,,,100.0,True,32,True,AtlasIntel,distrito federal,,,,,pesquisa_atlas__eleicoes_distrito_federal_2026__261003_0589d044ed6f2a71.pdf,https://cdn1.atlasintel.org/pesquisa_atlas__eleicoes_distrito_federal_2026__261003_0589d044ed6f2a71.pdf,2026-10-07 21:55,outro,60 100,AtlasIntel_distrito federal_pesqui
IDADE,"R$O R$2,000",25.1,61.6,13.3,,,100.0,True,32,True,AtlasIntel,distrito federal,,,,,pesquisa_atlas__eleicoes_distrito_federal_2026__261003_0589d044ed6f2a71.pdf,https://cdn1.atlasintel.org/pesquisa_atlas__eleicoes_distrito_federal_2026__261003_0589d044ed6f2a71.pdf,2026-10-07 21:55,renda_reais,2000,AtlasIntel_distrito federal_pesqui
IDADE,"R$2,000 R$3,000",16.0,82.5,1.5,,,100.0,True,32,True,AtlasIntel,distrito federal,,,,,pesquisa_atlas__eleicoes_distrito_federal_2026__261003_0589d044ed6f2a71.pdf,https://cdn1.atlasintel.org/pesquisa_atlas__eleicoes_distrito_federal_2026__261003_0589d044ed6f2a71.pdf,2026-10-07 21:55,renda_reais,2000_3000,AtlasIntel_distrito federal_pesqui
RENDA FAMILIAR,"R$3,000 R$5,000",41.7,57.6,0.7,,,100.0,True,32,True,AtlasIntel,distrito federal,,,,,pesquisa_atlas__eleicoes_distrito_federal_2026__261003_0589d044ed6f2a71.pdf,https://cdn1.atlasintel.org/pesquisa_atlas__eleicoes_distrito_federal_2026__261003_0589d044ed6f2a71.pdf,2026-10-07 21:55,renda_reais,3000_5000,AtlasIntel_distrito federal_pesqui
RENDA FAMILIAR,"R$5,000 R$10,000",41.5,53.1,5.4,,,100.0,True,32,True,AtlasIntel,distrito federal,,,,,pesquisa_atlas__eleicoes_distrito_federal_2026__261003_0589d044ed6f2a71.pdf,https://cdn1.atlasintel.org/pesquisa_atlas__eleicoes_distrito_federal_2026__261003_0589d044ed6f2a71.pdf,2026-10-07 21:55,renda_reais,5000_10000,AtlasIntel_distrito federal_pesqui
RENDA FAMILIAR,"Acima de R$10,000",45.2,49.7,,,,94.9,False,32,True,AtlasIntel,distrito federal,,,,,pesquisa_atlas__eleicoes_distrito_federal_2026__261003_0589d044ed6f2a71.pdf,https://cdn1.atlasintel.org/pesquisa_atlas__eleicoes_distrito_federal_2026__261003_0589d044ed6f2a71.pdf,2026-10-07 21:55,renda_reais,acima_10000,AtlasIntel_distrito federal_pesqui
,Sudoeste,49.9,47.8,2.3,,,100.0,True,32,True,AtlasIntel,distrito federal,,,,,pesquisa_atlas__eleicoes_distrito_federal_2026__261003_0589d044ed6f2a71.pdf,https://cdn1.atlasintel.org/pesquisa_atlas__eleicoes_distrito_federal_2026__261003_0589d044ed6f2a71.pdf,2026-10-07 21:55,outro,sudoeste,AtlasIntel_distrito federal_pesqui
,Central,46.2,42.3,11.5,,,100.0,True,32,True,AtlasIntel,distrito federal,,,,,pesquisa_atlas__eleicoes_distrito_federal_2026__261003_0589d044ed6f2a71.pdf,https://cdn1.atlasintel.org/pesquisa_atlas__eleicoes_distrito_federal_2026__261003_0589d044ed6f2a71.pdf,2026-10-07 21:55,outro,central,AtlasIntel_distrito federal_pesqui
,Norte,25.1,72.4,2.4,,,99.9,True,32,True,AtlasIntel,distrito federal,,,,,pesquisa_atlas__eleicoes_distrito_federal_2026__261003_0589d044ed6f2a71.pdf,https://cdn1.atlasintel.org/pesquisa_atlas__eleicoes_distrito_federal_2026__261003_0589d044ed6f2a71.pdf,2026-10-07 21:55,regiao,N,AtlasIntel_distrito federal_pesqui
REGIÃO,Leste,25.3,67.5,7.2,,,100.0,True,32,True,AtlasIntel,distrito federal,,,,,pesquisa_atlas__eleicoes_distrito_federal_2026__261003_0589d044ed6f2a71.pdf,https://cdn1.atlasintel.org/pesquisa_atlas__eleicoes_distrito_federal_2026__261003_0589d044ed6f2a71.pdf,2026-10-07 21:55,outro,leste,AtlasIntel_distrito federal_pesqui
REGIÃO,Oeste,33.8,64.2,2.1,,,100.1,True,32,True,AtlasIntel,distrito federal,,,,,pesquisa_atlas__eleicoes_distrito_federal_2026__261003_0589d044ed6f2a71.pdf,https://cdn1.atlasintel.org/pesquisa_atlas__eleicoes_distrito_federal_2026__261003_0589d044ed6f2a71.pdf,2026-10-07 21:55,outro,oeste,AtlasIntel_distrito federal_pesqui
REGIÃO,Sul,39.4,49.0,11.6,,,100.0,True,32,True,AtlasIntel,distrito federal,,,,,pesquisa_atlas__eleicoes_distrito_federal_2026__261003_0589d044ed6f2a71.pdf,https://cdn1.atlasintel.org/pesquisa_atlas__eleicoes_distrito_federal_2026__261003_0589d044ed6f2a71.pdf,2026-10-07 21:55,regiao,S,AtlasIntel_distrito federal_pesqui
REGIÃO,Centro Sul,46.1,49.9,,,,96.0,False,32,True,AtlasIntel,distrito federal,,,,,pesquisa_atlas__eleicoes_distrito_federal_2026__261003_0589d044ed6f2a71.pdf,https://cdn1.atlasintel.org/pesquisa_atlas__eleicoes_distrito_federal_2026__261003_0589d044ed6f2a71.pdf,2026-10-07 21:55,outro,centro sul,AtlasIntel_distrito federal_pesqui
REGIÃO,Católico,46.4,47.8,5.9,,,100.1,True,32,True,AtlasIntel,distrito federal,,,,,pesquisa_atlas__eleicoes_distrito_federal_2026__261003_0589d044ed6f2a71.pdf,https://cdn1.atlasintel.org/pesquisa_atlas__eleicoes_distrito_federal_2026__261003_0589d044ed6f2a71.pdf,2026-10-07 21:55,religiao,catolica,AtlasIntel_distrito federal_pesqui
REGIÃO,Evangélico,11.8,86.4,1.8,,,100.0,True,32,True,AtlasIntel,distrito federal,,,,,pesquisa_atlas__eleicoes_distrito_federal_2026__261003_0589d044ed6f2a71.pdf,https://cdn1.atlasintel.org/pesquisa_atlas__eleicoes_distrito_federal_2026__261003_0589d044ed6f2a71.pdf,2026-10-07 21:55,religiao,evangelica,AtlasIntel_distrito federal_pesqui
RELIGIÃO,Outra religião,62.7,36.1,1.2,,,100.0,True,32,True,AtlasIntel,distrito federal,,,,,pesquisa_atlas__eleicoes_distrito_federal_2026__261003_0589d044ed6f2a71.pdf,https://cdn1.atlasintel.org/pesquisa_atlas__eleicoes_distrito_federal_2026__261003_0589d044ed6f2a71.pdf,2026-10-07 21:55,outro,outra religião,AtlasIntel_distrito federal_pesqui
RELIGIÃO,Crente sem religião,51.8,38.0,10.2,,,100.0,True,32,True,AtlasIntel,distrito federal,,,,,pesquisa_atlas__eleicoes_distrito_federal_2026__261003_0589d044ed6f2a71.pdf,https://cdn1.atlasintel.org/pesquisa_atlas__eleicoes_distrito_federal_2026__261003_0589d044ed6f2a71.pdf,2026-10-07 21:55,religiao,sem_religiao,AtlasIntel_distrito federal_pesqui
RELIGIÃO,Agnóstico ou ateu,70.2,18.6,11.2,,,100.0,True,32,True,AtlasIntel,distrito federal,,,,,pesquisa_atlas__eleicoes_distrito_federal_2026__261003_0589d044ed6f2a71.pdf,https://cdn1.atlasintel.org/pesquisa_atlas__eleicoes_distrito_federal_2026__261003_0589d044ed6f2a71.pdf,2026-10-07 21:55,religiao,sem_religiao,AtlasIntel_distrito federal_pesqui
,Ibaneis Rocha,18.0,79.6,2.4,,,100.0,True,32,True,AtlasIntel,distrito federal,,,,,pesquisa_atlas__eleicoes_distrito_federal_2026__261003_0589d044ed6f2a71.pdf,https://cdn1.atlasintel.org/pesquisa_atlas__eleicoes_distrito_federal_2026__261003_0589d044ed6f2a71.pdf,2026-10-07 21:55,outro,ibaneis rocha,AtlasIntel_distrito federal_pesqui
,Leandro Grass,94.7,3.4,1.9,,,100.0,True,32,True,AtlasIntel,distrito federal,,,,,pesquisa_atlas__eleicoes_distrito_federal_2026__261003_0589d044ed6f2a71.pdf,https://cdn1.atlasintel.org/pesquisa_atlas__eleicoes_distrito_federal_2026__261003_0589d044ed6f2a71.pdf,2026-10-07 21:55,outro,leandro grass,AtlasIntel_distrito federal_pesqui
,Paulo Coronel Octávio Moreno,32.0,68.0,,,,100.0,True,32,True,AtlasIntel,distrito federal,,,,,pesquisa_atlas__eleicoes_distrito_federal_2026__261003_0589d044ed6f2a71.pdf,https://cdn1.atlasintel.org/pesquisa_atlas__eleicoes_distrito_federal_2026__261003_0589d044ed6f2a71.pdf,2026-10-07 21:55,outro,paulo coronel octávio moreno,AtlasIntel_distrito federal_pesqui
VOTO GOVERNADOR - 1° TURNO 2022,Leila Barros,39.6,23.5,36.9,,,100.0,True,32,True,AtlasIntel,distrito federal,,,,,pesquisa_atlas__eleicoes_distrito_federal_2026__261003_0589d044ed6f2a71.pdf,https://cdn1.atlasintel.org/pesquisa_atlas__eleicoes_distrito_federal_2026__261003_0589d044ed6f2a71.pdf,2026-10-07 21:55,outro,leila barros,AtlasIntel_distrito federal_pesqui
VOTO GOVERNADOR - 1° TURNO 2022,Izalci Lucas,2.1,97.9,,,,100.0,True,32,True,AtlasIntel,distrito federal,,,,,pesquisa_atlas__eleicoes_distrito_federal_2026__261003_0589d044ed6f2a71.pdf,https://cdn1.atlasintel.org/pesquisa_atlas__eleicoes_distrito_federal_2026__261003_0589d044ed6f2a71.pdf,2026-10-07 21:55,outro,izalci lucas,AtlasIntel_distrito federal_pesqui
VOTO GOVERNADOR - 1° TURNO 2022,Outro,32.9,55.2,11.8,,,99.9,True,32,True,AtlasIntel,distrito federal,,,,,pesquisa_atlas__eleicoes_distrito_federal_2026__261003_0589d044ed6f2a71.pdf,https://cdn1.atlasintel.org/pesquisa_atlas__eleicoes_distrito_federal_2026__261003_0589d044ed6f2a71.pdf,2026-10-07 21:55,outro,outro,AtlasIntel_distrito federal_pesqui
VOTO GOVERNADOR - 1° TURNO 2022,Voto branco/nulo,19.5,65.3,15.3,,,100.1,True,32,True,AtlasIntel,distrito federal,,,,,pesquisa_atlas__eleicoes_distrito_federal_2026__261003_0589d044ed6f2a71.pdf,https://cdn1.atlasintel.org/pesquisa_atlas__eleicoes_distrito_federal_2026__261003_0589d044ed6f2a71.pdf,2026-10-07 21:55,outro,voto branco/nulo,AtlasIntel_distrito federal_pesqui
VOTO GOVERNADOR - 1° TURNO 2022,Não Lula votei,42.8,47.4,9.7,,,99.9,True,32,True,AtlasIntel,distrito federal,,,,,pesquisa_atlas__eleicoes_distrito_federal_2026__261003_0589d044ed6f2a71.pdf,https://cdn1.atlasintel.org/pesquisa_atlas__eleicoes_distrito_federal_2026__261003_0589d044ed6f2a71.pdf,2026-10-07 21:55,outro,não lula votei,AtlasIntel_distrito federal_pesqui
VOTO PRESIDENTE - 2º TURNO 2022,Jair Bolsonaro,1.4,96.9,1.6,,,99.9,True,32,True,AtlasIntel,distrito federal,,,,,pesquisa_atlas__eleicoes_distrito_federal_2026__261003_0589d044ed6f2a71.pdf,https://cdn1.atlasintel.org/pesquisa_atlas__eleicoes_distrito_federal_2026__261003_0589d044ed6f2a71.pdf,2026-10-07 21:55,outro,jair bolsonaro,AtlasIntel_distrito federal_pesqui
VOTO PRESIDENTE - 2º TURNO 2022,Voto branco/nulo,24.6,12.8,62.6,,,100.0,True,32,True,AtlasIntel,distrito federal,,,,,pesquisa_atlas__eleicoes_distrito_federal_2026__261003_0589d044ed6f2a71.pdf,https://cdn1.atlasintel.org/pesquisa_atlas__eleicoes_distrito_federal_2026__261003_0589d044ed6f2a71.pdf,2026-10-07 21:55,outro,voto branco/nulo,AtlasIntel_distrito federal_pesqui
VOTO PRESIDENTE - 2º TURNO 2022,Não votei,35.2,51.1,13.7,,,100.0,True,32,True,AtlasIntel,distrito federal,,,,,pesquisa_atlas__eleicoes_distrito_federal_2026__261003_0589d044ed6f2a71.pdf,https://cdn1.atlasintel.org/pesquisa_atlas__eleicoes_distrito_federal_2026__261003_0589d044ed6f2a71.pdf,2026-10-07 21:55,outro,não votei,AtlasIntel_distrito federal_pesqui
POSICIONAMENTO POLÍTICO,Direita Direita não bolsonarista bolsonarista,8.4,84.5,7.2,,,100.1,True,32,True,AtlasIntel,distrito federal,,,,,pesquisa_atlas__eleicoes_distrito_federal_2026__261003_0589d044ed6f2a71.pdf,https://cdn1.atlasintel.org/pesquisa_atlas__eleicoes_distrito_federal_2026__261003_0589d044ed6f2a71.pdf,2026-10-07 21:55,outro,direita direita não bolsonarista bolsonarista,AtlasIntel_distrito federal_pesqui
POSICIONAMENTO POLÍTICO,Esquerda lulista,97.9,2.1,,,,100.0,True,32,True,AtlasIntel,distrito federal,,,,,pesquisa_atlas__eleicoes_distrito_federal_2026__261003_0589d044ed6f2a71.pdf,https://cdn1.atlasintel.org/pesquisa_atlas__eleicoes_distrito_federal_2026__261003_0589d044ed6f2a71.pdf,2026-10-07 21:55,outro,esquerda lulista,AtlasIntel_distrito federal_pesqui
POSICIONAMENTO POLÍTICO,Esquerda não lulista,98.1,,1.9,,,100.0,True,32,True,AtlasIntel,distrito federal,,,,,pesquisa_atlas__eleicoes_distrito_federal_2026__261003_0589d044ed6f2a71.pdf,https://cdn1.atlasintel.org/pesquisa_atlas__eleicoes_distrito_federal_2026__261003_0589d044ed6f2a71.pdf,2026-10-07 21:55,outro,esquerda não lulista,AtlasIntel_distrito federal_pesqui
POSICIONAMENTO POLÍTICO,Independente,51.8,33.7,14.4,,,99.9,True,32,True,AtlasIntel,distrito federal,,,,,pesquisa_atlas__eleicoes_distrito_federal_2026__261003_0589d044ed6f2a71.pdf,https://cdn1.atlasintel.org/pesquisa_atlas__eleicoes_distrito_federal_2026__261003_0589d044ed6f2a71.pdf,2026-10-07 21:55,outro,independente,AtlasIntel_distrito federal_pesqui
GÊNERO,Homem 54.9,34.1,54.9,11.0,,,100.0,True,29,True,AtlasIntel,espirito santo,,,,,pesquisa_atlas__eleicoes_espirito_santo_2026__261003_990b45cf157d3409.pdf,https://cdn1.atlasintel.org/pesquisa_atlas__eleicoes_espirito_santo_2026__261003_990b45cf157d3409.pdf,2026-10-07 21:55,outro,homem 54.9,AtlasIntel_espirito santo_pesqui
GÊNERO,Mulher,43.7,48.8,7.5,,,100.0,True,29,True,AtlasIntel,espirito santo,,,,,pesquisa_atlas__eleicoes_espirito_santo_2026__261003_990b45cf157d3409.pdf,https://cdn1.atlasintel.org/pesquisa_atlas__eleicoes_espirito_santo_2026__261003_990b45cf157d3409.pdf,2026-10-07 21:55,sexo,feminino,AtlasIntel_espirito santo_pesqui
GÊNERO,16 24,45.3,35.1,19.6,,,100.0,True,29,True,AtlasIntel,espirito santo,,,,,pesquisa_atlas__eleicoes_espirito_santo_2026__261003_990b45cf157d3409.pdf,https://cdn1.atlasintel.org/pesquisa_atlas__eleicoes_espirito_santo_2026__261003_990b45cf157d3409.pdf,2026-10-07 21:55,outro,16 24,AtlasIntel_espirito santo_pesqui
GÊNERO,25 34,44.2,49.2,6.5,,,99.9,True,29,True,AtlasIntel,espirito santo,,,,,pesquisa_atlas__eleicoes_espirito_santo_2026__261003_990b45cf157d3409.pdf,https://cdn1.atlasintel.org/pesquisa_atlas__eleicoes_espirito_santo_2026__261003_990b45cf157d3409.pdf,2026-10-07 21:55,outro,25 34,AtlasIntel_espirito santo_pesqui
IDADE,35 44,28.6,67.9,3.5,,,100.0,True,29,True,AtlasIntel,espirito santo,,,,,pesquisa_atlas__eleicoes_espirito_santo_2026__261003_990b45cf157d3409.pdf,https://cdn1.atlasintel.org/pesquisa_atlas__eleicoes_espirito_santo_2026__261003_990b45cf157d3409.pdf,2026-10-07 21:55,outro,35 44,AtlasIntel_espirito santo_pesqui
IDADE,60 45 59,31.5,66.0,2.5,,,100.0,True,29,True,AtlasIntel,espirito santo,,,,,pesquisa_atlas__eleicoes_espirito_santo_2026__261003_990b45cf157d3409.pdf,https://cdn1.atlasintel.org/pesquisa_atlas__eleicoes_espirito_santo_2026__261003_990b45cf157d3409.pdf,2026-10-07 21:55,outro,60 45 59,AtlasIntel_espirito santo_pesqui
IDADE,100,47.0,36.6,16.4,,,100.0,True,29,True,AtlasIntel,espirito santo,,,,,pesquisa_atlas__eleicoes_espirito_santo_2026__261003_990b45cf157d3409.pdf,https://cdn1.atlasintel.org/pesquisa_atlas__eleicoes_espirito_santo_2026__261003_990b45cf157d3409.pdf,2026-10-07 21:55,outro,100,AtlasIntel_espirito santo_pesqui
NÍVEL EDUCACIONAL,Ensino Fundamental e Médio,35.9,54.3,9.8,,,100.0,True,29,True,AtlasIntel,espirito santo,,,,,pesquisa_atlas__eleicoes_espirito_santo_2026__261003_990b45cf157d3409.pdf,https://cdn1.atlasintel.org/pesquisa_atlas__eleicoes_espirito_santo_2026__261003_990b45cf157d3409.pdf,2026-10-07 21:55,escolaridade,fundamental_medio,AtlasIntel_espirito santo_pesqui
NÍVEL EDUCACIONAL,Ensino Superior,48.5,44.5,7.1,,,100.1,True,29,True,AtlasIntel,espirito santo,,,,,pesquisa_atlas__eleicoes_espirito_santo_2026__261003_990b45cf157d3409.pdf,https://cdn1.atlasintel.org/pesquisa_atlas__eleicoes_espirito_santo_2026__261003_990b45cf157d3409.pdf,2026-10-07 21:55,escolaridade,superior,AtlasIntel_espirito santo_pesqui
,"R$0 R$2,000 43.5",42.2,43.5,14.3,,,100.0,True,29,True,AtlasIntel,espirito santo,,,,,pesquisa_atlas__eleicoes_espirito_santo_2026__261003_990b45cf157d3409.pdf,https://cdn1.atlasintel.org/pesquisa_atlas__eleicoes_espirito_santo_2026__261003_990b45cf157d3409.pdf,2026-10-07 21:55,renda_reais,0_2000,AtlasIntel_espirito santo_pesqui
,"R$2,000 R$3,000 60.1",32.5,60.1,7.4,,,100.0,True,29,True,AtlasIntel,espirito santo,,,,,pesquisa_atlas__eleicoes_espirito_santo_2026__261003_990b45cf157d3409.pdf,https://cdn1.atlasintel.org/pesquisa_atlas__eleicoes_espirito_santo_2026__261003_990b45cf157d3409.pdf,2026-10-07 21:55,renda_reais,2000_3000,AtlasIntel_espirito santo_pesqui
RENDA FAMILIAR,"R$3,000 R$5,000 56.9",32.2,56.9,10.9,,,100.0,True,29,True,AtlasIntel,espirito santo,,,,,pesquisa_atlas__eleicoes_espirito_santo_2026__261003_990b45cf157d3409.pdf,https://cdn1.atlasintel.org/pesquisa_atlas__eleicoes_espirito_santo_2026__261003_990b45cf157d3409.pdf,2026-10-07 21:55,renda_reais,3000_5000,AtlasIntel_espirito santo_pesqui
RENDA FAMILIAR,"R$5,000 R$10,000 46.8",47.2,46.8,,,,94.0,False,29,True,AtlasIntel,espirito santo,,,,,pesquisa_atlas__eleicoes_espirito_santo_2026__261003_990b45cf157d3409.pdf,https://cdn1.atlasintel.org/pesquisa_atlas__eleicoes_espirito_santo_2026__261003_990b45cf157d3409.pdf,2026-10-07 21:55,renda_reais,5000_10000,AtlasIntel_espirito santo_pesqui
RENDA FAMILIAR,"Acima de R$10,000 54.4",39.0,54.4,6.6,,,100.0,True,29,True,AtlasIntel,espirito santo,,,,,pesquisa_atlas__eleicoes_espirito_santo_2026__261003_990b45cf157d3409.pdf,https://cdn1.atlasintel.org/pesquisa_atlas__eleicoes_espirito_santo_2026__261003_990b45cf157d3409.pdf,2026-10-07 21:55,renda_reais,acima_10000,AtlasIntel_espirito santo_pesqui
RENDA FAMILIAR,Interior da RI de Vitória 47.8,34.0,47.8,18.2,,,100.0,True,29,True,AtlasIntel,espirito santo,,,,,pesquisa_atlas__eleicoes_espirito_santo_2026__261003_990b45cf157d3409.pdf,https://cdn1.atlasintel.org/pesquisa_atlas__eleicoes_espirito_santo_2026__261003_990b45cf157d3409.pdf,2026-10-07 21:55,renda,47_8sm,AtlasIntel_espirito santo_pesqui
RENDA FAMILIAR,Vitória + Vila Velha + Serra,44.9,46.8,8.3,,,100.0,True,29,True,AtlasIntel,espirito santo,,,,,pesquisa_atlas__eleicoes_espirito_santo_2026__261003_990b45cf157d3409.pdf,https://cdn1.atlasintel.org/pesquisa_atlas__eleicoes_espirito_santo_2026__261003_990b45cf157d3409.pdf,2026-10-07 21:55,outro,vitória + vila velha + serra,AtlasIntel_espirito santo_pesqui
REGIÃO,Cachoeiro do Itapemirim 56.2,39.9,56.2,3.9,,,100.0,True,29,True,AtlasIntel,espirito santo,,,,,pesquisa_atlas__eleicoes_espirito_santo_2026__261003_990b45cf157d3409.pdf,https://cdn1.atlasintel.org/pesquisa_atlas__eleicoes_espirito_santo_2026__261003_990b45cf157d3409.pdf,2026-10-07 21:55,outro,cachoeiro do itapemirim 56.2,AtlasIntel_espirito santo_pesqui
REGIÃO,Colatina 57.7,36.0,57.7,6.4,,,100.1,True,29,True,AtlasIntel,espirito santo,,,,,pesquisa_atlas__eleicoes_espirito_santo_2026__261003_990b45cf157d3409.pdf,https://cdn1.atlasintel.org/pesquisa_atlas__eleicoes_espirito_santo_2026__261003_990b45cf157d3409.pdf,2026-10-07 21:55,outro,colatina 57.7,AtlasIntel_espirito santo_pesqui
REGIÃO,São Mateus 61.7,35.3,61.7,2.9,,,99.9,True,29,True,AtlasIntel,espirito santo,,,,,pesquisa_atlas__eleicoes_espirito_santo_2026__261003_990b45cf157d3409.pdf,https://cdn1.atlasintel.org/pesquisa_atlas__eleicoes_espirito_santo_2026__261003_990b45cf157d3409.pdf,2026-10-07 21:55,religiao,sem_religiao,AtlasIntel_espirito santo_pesqui
,Católico,54.4,40.4,5.2,,,100.0,True,29,True,AtlasIntel,espirito santo,,,,,pesquisa_atlas__eleicoes_espirito_santo_2026__261003_990b45cf157d3409.pdf,https://cdn1.atlasintel.org/pesquisa_atlas__eleicoes_espirito_santo_2026__261003_990b45cf157d3409.pdf,2026-10-07 21:55,religiao,catolica,AtlasIntel_espirito santo_pesqui
,Evangélico,14.4,71.8,13.8,,,100.0,True,29,True,AtlasIntel,espirito santo,,,,,pesquisa_atlas__eleicoes_espirito_santo_2026__261003_990b45cf157d3409.pdf,https://cdn1.atlasintel.org/pesquisa_atlas__eleicoes_espirito_santo_2026__261003_990b45cf157d3409.pdf,2026-10-07 21:55,religiao,evangelica,AtlasIntel_espirito santo_pesqui
RELIGIÃO,Crente sem religião,28.5,61.0,10.6,,,100.1,True,29,True,AtlasIntel,espirito santo,,,,,pesquisa_atlas__eleicoes_espirito_santo_2026__261003_990b45cf157d3409.pdf,https://cdn1.atlasintel.org/pesquisa_atlas__eleicoes_espirito_santo_2026__261003_990b45cf157d3409.pdf,2026-10-07 21:55,religiao,sem_religiao,AtlasIntel_espirito santo_pesqui
RELIGIÃO,Outra religião,69.9,24.6,5.5,,,100.0,True,29,True,AtlasIntel,espirito santo,,,,,pesquisa_atlas__eleicoes_espirito_santo_2026__261003_990b45cf157d3409.pdf,https://cdn1.atlasintel.org/pesquisa_atlas__eleicoes_espirito_santo_2026__261003_990b45cf157d3409.pdf,2026-10-07 21:55,outro,outra religião,AtlasIntel_espirito santo_pesqui
RELIGIÃO,Agnóstico ou ateu,57.8,26.1,16.1,,,100.0,True,29,True,AtlasIntel,espirito santo,,,,,pesquisa_atlas__eleicoes_espirito_santo_2026__261003_990b45cf157d3409.pdf,https://cdn1.atlasintel.org/pesquisa_atlas__eleicoes_espirito_santo_2026__261003_990b45cf157d3409.pdf,2026-10-07 21:55,religiao,sem_religiao,AtlasIntel_espirito santo_pesqui
RELIGIÃO,Jair Bolsonaro,0.4,96.1,3.5,,,100.0,True,29,True,AtlasIntel,espirito santo,,,,,pesquisa_atlas__eleicoes_espirito_santo_2026__261003_990b45cf157d3409.pdf,https://cdn1.atlasintel.org/pesquisa_atlas__eleicoes_espirito_santo_2026__261003_990b45cf157d3409.pdf,2026-10-07 21:55,outro,jair bolsonaro,AtlasIntel_espirito santo_pesqui
VOTO PRESIDENTE - 2º TURNO 2022,Lula,85.5,6.2,8.3,,,100.0,True,29,True,AtlasIntel,espirito santo,,,,,pesquisa_atlas__eleicoes_espirito_santo_2026__261003_990b45cf157d3409.pdf,https://cdn1.atlasintel.org/pesquisa_atlas__eleicoes_espirito_santo_2026__261003_990b45cf157d3409.pdf,2026-10-07 21:55,outro,lula,AtlasIntel_espirito santo_pesqui
VOTO PRESIDENTE - 2º TURNO 2022,Voto branco/nulo,20.8,2.5,76.7,,,100.0,True,29,True,AtlasIntel,espirito santo,,,,,pesquisa_atlas__eleicoes_espirito_santo_2026__261003_990b45cf157d3409.pdf,https://cdn1.atlasintel.org/pesquisa_atlas__eleicoes_espirito_santo_2026__261003_990b45cf157d3409.pdf,2026-10-07 21:55,outro,voto branco/nulo,AtlasIntel_espirito santo_pesqui
VOTO PRESIDENTE - 2º TURNO 2022,Não votei,52.3,28.1,19.6,,,100.0,True,29,True,AtlasIntel,espirito santo,,,,,pesquisa_atlas__eleicoes_espirito_santo_2026__261003_990b45cf157d3409.pdf,https://cdn1.atlasintel.org/pesquisa_atlas__eleicoes_espirito_santo_2026__261003_990b45cf157d3409.pdf,2026-10-07 21:55,outro,não votei,AtlasIntel_espirito santo_pesqui
,Renato Manato Casagrande,64.3,27.2,8.5,,,100.0,True,29,True,AtlasIntel,espirito santo,,,,,pesquisa_atlas__eleicoes_espirito_santo_2026__261003_990b45cf157d3409.pdf,https://cdn1.atlasintel.org/pesquisa_atlas__eleicoes_espirito_santo_2026__261003_990b45cf157d3409.pdf,2026-10-07 21:55,outro,renato manato casagrande,AtlasIntel_espirito santo_pesqui
VOTO GOVERNADOR - 2º TURNO 2022,Voto branco/nulo,30.0,21.5,48.5,,,100.0,True,29,True,AtlasIntel,espirito santo,,,,,pesquisa_atlas__eleicoes_espirito_santo_2026__261003_990b45cf157d3409.pdf,https://cdn1.atlasintel.org/pesquisa_atlas__eleicoes_espirito_santo_2026__261003_990b45cf157d3409.pdf,2026-10-07 21:55,outro,voto branco/nulo,AtlasIntel_espirito santo_pesqui
VOTO GOVERNADOR - 2º TURNO 2022,Direita Não votei bolsonarista,50.5,31.0,18.5,,,100.0,True,29,True,AtlasIntel,espirito santo,,,,,pesquisa_atlas__eleicoes_espirito_santo_2026__261003_990b45cf157d3409.pdf,https://cdn1.atlasintel.org/pesquisa_atlas__eleicoes_espirito_santo_2026__261003_990b45cf157d3409.pdf,2026-10-07 21:55,outro,direita não votei bolsonarista,AtlasIntel_espirito santo_pesqui
POSICIONAMENTO POLÍTICO,Direita não bolsonarista,1.7,87.8,10.5,,,100.0,True,29,True,AtlasIntel,espirito santo,,,,,pesquisa_atlas__eleicoes_espirito_santo_2026__261003_990b45cf157d3409.pdf,https://cdn1.atlasintel.org/pesquisa_atlas__eleicoes_espirito_santo_2026__261003_990b45cf157d3409.pdf,2026-10-07 21:55,outro,direita não bolsonarista,AtlasIntel_espirito santo_pesqui
POSICIONAMENTO POLÍTICO,Esquerda lulista,100.0,,,,,,False,29,True,AtlasIntel,espirito santo,,,,,pesquisa_atlas__eleicoes_espirito_santo_2026__261003_990b45cf157d3409.pdf,https://cdn1.atlasintel.org/pesquisa_atlas__eleicoes_espirito_santo_2026__261003_990b45cf157d3409.pdf,2026-10-07 21:55,outro,esquerda lulista,AtlasIntel_espirito santo_pesqui
POSICIONAMENTO POLÍTICO,Esquerda não lulista 2.7,94.7,2.7,2.6,,,100.0,True,29,True,AtlasIntel,espirito santo,,,,,pesquisa_atlas__eleicoes_espirito_santo_2026__261003_990b45cf157d3409.pdf,https://cdn1.atlasintel.org/pesquisa_atlas__eleicoes_espirito_santo_2026__261003_990b45cf157d3409.pdf,2026-10-07 21:55,outro,esquerda não lulista 2.7,AtlasIntel_espirito santo_pesqui
POSICIONAMENTO POLÍTICO,Independente,49.4,25.5,25.1,,,100.0,True,29,True,AtlasIntel,espirito santo,,,,,pesquisa_atlas__eleicoes_espirito_santo_2026__261003_990b45cf157d3409.pdf,https://cdn1.atlasintel.org/pesquisa_atlas__eleicoes_espirito_santo_2026__261003_990b45cf157d3409.pdf,2026-10-07 21:55,outro,independente,AtlasIntel_espirito santo_pesqui
GÊNERO,Homem,28.7,62.5,8.8,,,100.0,True,33,True,AtlasIntel,goias,,,,,pesquisa_atlas__eleicoes_goias_2026__261003_48680e1775c298f2.pdf,https://cdn1.atlasintel.org/pesquisa_atlas__eleicoes_goias_2026__261003_48680e1775c298f2.pdf,2026-10-07 21:55,sexo,masculino,AtlasIntel_goias_pesqui
GÊNERO,Mulher,46.7,46.0,7.3,,,100.0,True,33,True,AtlasIntel,goias,,,,,pesquisa_atlas__eleicoes_goias_2026__261003_48680e1775c298f2.pdf,https://cdn1.atlasintel.org/pesquisa_atlas__eleicoes_goias_2026__261003_48680e1775c298f2.pdf,2026-10-07 21:55,sexo,feminino,AtlasIntel_goias_pesqui
GÊNERO,16-24,33.8,58.2,8.1,,,100.1,True,33,True,AtlasIntel,goias,,,,,pesquisa_atlas__eleicoes_goias_2026__261003_48680e1775c298f2.pdf,https://cdn1.atlasintel.org/pesquisa_atlas__eleicoes_goias_2026__261003_48680e1775c298f2.pdf,2026-10-07 21:55,idade,16-24,AtlasIntel_goias_pesqui
GÊNERO,25 34,34.3,57.7,8.0,,,100.0,True,33,True,AtlasIntel,goias,,,,,pesquisa_atlas__eleicoes_goias_2026__261003_48680e1775c298f2.pdf,https://cdn1.atlasintel.org/pesquisa_atlas__eleicoes_goias_2026__261003_48680e1775c298f2.pdf,2026-10-07 21:55,outro,25 34,AtlasIntel_goias_pesqui
IDADE,45 35 44,36.3,56.8,6.9,,,100.0,True,33,True,AtlasIntel,goias,,,,,pesquisa_atlas__eleicoes_goias_2026__261003_48680e1775c298f2.pdf,https://cdn1.atlasintel.org/pesquisa_atlas__eleicoes_goias_2026__261003_48680e1775c298f2.pdf,2026-10-07 21:55,outro,45 35 44,AtlasIntel_goias_pesqui
IDADE,59 60,43.2,45.8,11.0,,,100.0,True,33,True,AtlasIntel,goias,,,,,pesquisa_atlas__eleicoes_goias_2026__261003_48680e1775c298f2.pdf,https://cdn1.atlasintel.org/pesquisa_atlas__eleicoes_goias_2026__261003_48680e1775c298f2.pdf,2026-10-07 21:55,outro,59 60,AtlasIntel_goias_pesqui
IDADE,100,42.5,52.8,4.7,,,100.0,True,33,True,AtlasIntel,goias,,,,,pesquisa_atlas__eleicoes_goias_2026__261003_48680e1775c298f2.pdf,https://cdn1.atlasintel.org/pesquisa_atlas__eleicoes_goias_2026__261003_48680e1775c298f2.pdf,2026-10-07 21:55,outro,100,AtlasIntel_goias_pesqui
NÍVEL EDUCACIONAL,Ensino Fundamental e Médio,35.1,57.2,7.7,,,100.0,True,33,True,AtlasIntel,goias,,,,,pesquisa_atlas__eleicoes_goias_2026__261003_48680e1775c298f2.pdf,https://cdn1.atlasintel.org/pesquisa_atlas__eleicoes_goias_2026__261003_48680e1775c298f2.pdf,2026-10-07 21:55,escolaridade,fundamental_medio,AtlasIntel_goias_pesqui
NÍVEL EDUCACIONAL,Ensino Superior,47.0,44.4,8.6,,,100.0,True,33,True,AtlasIntel,goias,,,,,pesquisa_atlas__eleicoes_goias_2026__261003_48680e1775c298f2.pdf,https://cdn1.atlasintel.org/pesquisa_atlas__eleicoes_goias_2026__261003_48680e1775c298f2.pdf,2026-10-07 21:55,escolaridade,superior,AtlasIntel_goias_pesqui
,Capital,39.1,53.0,7.9,,,100.0,True,33,True,AtlasIntel,goias,,,,,pesquisa_atlas__eleicoes_goias_2026__261003_48680e1775c298f2.pdf,https://cdn1.atlasintel.org/pesquisa_atlas__eleicoes_goias_2026__261003_48680e1775c298f2.pdf,2026-10-07 21:55,outro,capital,AtlasIntel_goias_pesqui
,Centro Goiano,38.6,53.4,8.0,,,100.0,True,33,True,AtlasIntel,goias,,,,,pesquisa_atlas__eleicoes_goias_2026__261003_48680e1775c298f2.pdf,https://cdn1.atlasintel.org/pesquisa_atlas__eleicoes_goias_2026__261003_48680e1775c298f2.pdf,2026-10-07 21:55,outro,centro goiano,AtlasIntel_goias_pesqui
REGIÃO,Norte e Noroeste Goiano 47.4,47.6,47.4,5.0,,,100.0,True,33,True,AtlasIntel,goias,,,,,pesquisa_atlas__eleicoes_goias_2026__261003_48680e1775c298f2.pdf,https://cdn1.atlasintel.org/pesquisa_atlas__eleicoes_goias_2026__261003_48680e1775c298f2.pdf,2026-10-07 21:55,regiao,N,AtlasIntel_goias_pesqui
REGIÃO,Sul Goiano,35.1,56.2,8.7,,,100.0,True,33,True,AtlasIntel,goias,,,,,pesquisa_atlas__eleicoes_goias_2026__261003_48680e1775c298f2.pdf,https://cdn1.atlasintel.org/pesquisa_atlas__eleicoes_goias_2026__261003_48680e1775c298f2.pdf,2026-10-07 21:55,regiao,S,AtlasIntel_goias_pesqui
REGIÃO,Leste Goiano,37.3,54.2,8.5,,,100.0,True,33,True,AtlasIntel,goias,,,,,pesquisa_atlas__eleicoes_goias_2026__261003_48680e1775c298f2.pdf,https://cdn1.atlasintel.org/pesquisa_atlas__eleicoes_goias_2026__261003_48680e1775c298f2.pdf,2026-10-07 21:55,outro,leste goiano,AtlasIntel_goias_pesqui
REGIÃO,"R$O R$2,000",44.7,50.2,5.1,,,100.0,True,33,True,AtlasIntel,goias,,,,,pesquisa_atlas__eleicoes_goias_2026__261003_48680e1775c298f2.pdf,https://cdn1.atlasintel.org/pesquisa_atlas__eleicoes_goias_2026__261003_48680e1775c298f2.pdf,2026-10-07 21:55,renda_reais,2000,AtlasIntel_goias_pesqui
REGIÃO,"R$2,000 R$3,000",31.5,48.4,20.1,,,100.0,True,33,True,AtlasIntel,goias,,,,,pesquisa_atlas__eleicoes_goias_2026__261003_48680e1775c298f2.pdf,https://cdn1.atlasintel.org/pesquisa_atlas__eleicoes_goias_2026__261003_48680e1775c298f2.pdf,2026-10-07 21:55,renda_reais,2000_3000,AtlasIntel_goias_pesqui
RENDA FAMILIAR,"R$3,000 R$5,000 62.1",28.2,62.1,9.7,,,100.0,True,33,True,AtlasIntel,goias,,,,,pesquisa_atlas__eleicoes_goias_2026__261003_48680e1775c298f2.pdf,https://cdn1.atlasintel.org/pesquisa_atlas__eleicoes_goias_2026__261003_48680e1775c298f2.pdf,2026-10-07 21:55,renda_reais,3000_5000,AtlasIntel_goias_pesqui
RENDA FAMILIAR,"R$5,000 R$10,000",32.1,63.6,4.3,,,100.0,True,33,True,AtlasIntel,goias,,,,,pesquisa_atlas__eleicoes_goias_2026__261003_48680e1775c298f2.pdf,https://cdn1.atlasintel.org/pesquisa_atlas__eleicoes_goias_2026__261003_48680e1775c298f2.pdf,2026-10-07 21:55,renda_reais,5000_10000,AtlasIntel_goias_pesqui
RENDA FAMILIAR,"Acima de R$10,000",65.4,29.0,5.6,,,100.0,True,33,True,AtlasIntel,goias,,,,,pesquisa_atlas__eleicoes_goias_2026__261003_48680e1775c298f2.pdf,https://cdn1.atlasintel.org/pesquisa_atlas__eleicoes_goias_2026__261003_48680e1775c298f2.pdf,2026-10-07 21:55,renda_reais,acima_10000,AtlasIntel_goias_pesqui
,Católico,41.0,51.5,7.5,,,100.0,True,33,True,AtlasIntel,goias,,,,,pesquisa_atlas__eleicoes_goias_2026__261003_48680e1775c298f2.pdf,https://cdn1.atlasintel.org/pesquisa_atlas__eleicoes_goias_2026__261003_48680e1775c298f2.pdf,2026-10-07 21:55,religiao,catolica,AtlasIntel_goias_pesqui
,Evangélico,19.0,75.7,5.4,,,100.1,True,33,True,AtlasIntel,goias,,,,,pesquisa_atlas__eleicoes_goias_2026__261003_48680e1775c298f2.pdf,https://cdn1.atlasintel.org/pesquisa_atlas__eleicoes_goias_2026__261003_48680e1775c298f2.pdf,2026-10-07 21:55,religiao,evangelica,AtlasIntel_goias_pesqui
RELIGIÃO,Outra religião,54.2,30.4,15.5,,,100.1,True,33,True,AtlasIntel,goias,,,,,pesquisa_atlas__eleicoes_goias_2026__261003_48680e1775c298f2.pdf,https://cdn1.atlasintel.org/pesquisa_atlas__eleicoes_goias_2026__261003_48680e1775c298f2.pdf,2026-10-07 21:55,outro,outra religião,AtlasIntel_goias_pesqui
RELIGIÃO,Crente sem religião,45.8,40.7,13.6,,,100.1,True,33,True,AtlasIntel,goias,,,,,pesquisa_atlas__eleicoes_goias_2026__261003_48680e1775c298f2.pdf,https://cdn1.atlasintel.org/pesquisa_atlas__eleicoes_goias_2026__261003_48680e1775c298f2.pdf,2026-10-07 21:55,religiao,sem_religiao,AtlasIntel_goias_pesqui
RELIGIÃO,Agnóstico ou ateu,91.4,7.5,1.1,,,100.0,True,33,True,AtlasIntel,goias,,,,,pesquisa_atlas__eleicoes_goias_2026__261003_48680e1775c298f2.pdf,https://cdn1.atlasintel.org/pesquisa_atlas__eleicoes_goias_2026__261003_48680e1775c298f2.pdf,2026-10-07 21:55,religiao,sem_religiao,AtlasIntel_goias_pesqui
RELIGIÃO,Ronaldo Caiado,35.8,55.4,8.7,,,99.9,True,33,True,AtlasIntel,goias,,,,,pesquisa_atlas__eleicoes_goias_2026__261003_48680e1775c298f2.pdf,https://cdn1.atlasintel.org/pesquisa_atlas__eleicoes_goias_2026__261003_48680e1775c298f2.pdf,2026-10-07 21:55,outro,ronaldo caiado,AtlasIntel_goias_pesqui
RELIGIÃO,Gustavo Major Vitor Mendanha Hugo,40.4,54.0,5.7,,,100.1,True,33,True,AtlasIntel,goias,,,,,pesquisa_atlas__eleicoes_goias_2026__261003_48680e1775c298f2.pdf,https://cdn1.atlasintel.org/pesquisa_atlas__eleicoes_goias_2026__261003_48680e1775c298f2.pdf,2026-10-07 21:55,outro,gustavo major vitor mendanha hugo,AtlasIntel_goias_pesqui
VOTO GOVERNADOR - 1° TURNO 2022,Wolmir Amado,100.0,0.0,,,,100.0,True,33,True,AtlasIntel,goias,,,,,pesquisa_atlas__eleicoes_goias_2026__261003_48680e1775c298f2.pdf,https://cdn1.atlasintel.org/pesquisa_atlas__eleicoes_goias_2026__261003_48680e1775c298f2.pdf,2026-10-07 21:55,outro,wolmir amado,AtlasIntel_goias_pesqui
VOTO GOVERNADOR - 1° TURNO 2022,Outro,81.6,4.9,13.5,,,100.0,True,33,True,AtlasIntel,goias,,,,,pesquisa_atlas__eleicoes_goias_2026__261003_48680e1775c298f2.pdf,https://cdn1.atlasintel.org/pesquisa_atlas__eleicoes_goias_2026__261003_48680e1775c298f2.pdf,2026-10-07 21:55,outro,outro,AtlasIntel_goias_pesqui
VOTO GOVERNADOR - 1° TURNO 2022,Voto branco/nulo,74.1,11.9,14.1,,,100.1,True,33,True,AtlasIntel,goias,,,,,pesquisa_atlas__eleicoes_goias_2026__261003_48680e1775c298f2.pdf,https://cdn1.atlasintel.org/pesquisa_atlas__eleicoes_goias_2026__261003_48680e1775c298f2.pdf,2026-10-07 21:55,outro,voto branco/nulo,AtlasIntel_goias_pesqui
VOTO GOVERNADOR - 1° TURNO 2022,Não votei,34.6,51.4,14.1,,,100.1,True,33,True,AtlasIntel,goias,,,,,pesquisa_atlas__eleicoes_goias_2026__261003_48680e1775c298f2.pdf,https://cdn1.atlasintel.org/pesquisa_atlas__eleicoes_goias_2026__261003_48680e1775c298f2.pdf,2026-10-07 21:55,outro,não votei,AtlasIntel_goias_pesqui
GÊNERO,Homem,51.9,45.4,2.7,,,100.0,True,29,True,AtlasIntel,maranhao,,,,,pesquisa_atlas__eleicoes_maranhao_2026__261003_48ad7dd58c6f8b46.pdf,https://cdn1.atlasintel.org/pesquisa_atlas__eleicoes_maranhao_2026__261003_48ad7dd58c6f8b46.pdf,2026-10-07 21:55,sexo,masculino,AtlasIntel_maranhao_pesqui
GÊNERO,Mulher,72.9,23.7,3.4,,,100.0,True,29,True,AtlasIntel,maranhao,,,,,pesquisa_atlas__eleicoes_maranhao_2026__261003_48ad7dd58c6f8b46.pdf,https://cdn1.atlasintel.org/pesquisa_atlas__eleicoes_maranhao_2026__261003_48ad7dd58c6f8b46.pdf,2026-10-07 21:55,sexo,feminino,AtlasIntel_maranhao_pesqui
NÍVEL EDUCACIONAL,Ensino Fundamental e Médio,62.5,35.0,2.5,,,100.0,True,29,True,AtlasIntel,maranhao,,,,,pesquisa_atlas__eleicoes_maranhao_2026__261003_48ad7dd58c6f8b46.pdf,https://cdn1.atlasintel.org/pesquisa_atlas__eleicoes_maranhao_2026__261003_48ad7dd58c6f8b46.pdf,2026-10-07 21:55,escolaridade,fundamental_medio,AtlasIntel_maranhao_pesqui
NÍVEL EDUCACIONAL,Ensino Superior,66.1,28.1,5.8,,,100.0,True,29,True,AtlasIntel,maranhao,,,,,pesquisa_atlas__eleicoes_maranhao_2026__261003_48ad7dd58c6f8b46.pdf,https://cdn1.atlasintel.org/pesquisa_atlas__eleicoes_maranhao_2026__261003_48ad7dd58c6f8b46.pdf,2026-10-07 21:55,escolaridade,superior,AtlasIntel_maranhao_pesqui
NÍVEL EDUCACIONAL,25 16 24,57.5,36.9,5.5,,,99.9,True,29,True,AtlasIntel,maranhao,,,,,pesquisa_atlas__eleicoes_maranhao_2026__261003_48ad7dd58c6f8b46.pdf,https://cdn1.atlasintel.org/pesquisa_atlas__eleicoes_maranhao_2026__261003_48ad7dd58c6f8b46.pdf,2026-10-07 21:55,outro,25 16 24,AtlasIntel_maranhao_pesqui
NÍVEL EDUCACIONAL,34 35,61.0,35.1,3.9,,,100.0,True,29,True,AtlasIntel,maranhao,,,,,pesquisa_atlas__eleicoes_maranhao_2026__261003_48ad7dd58c6f8b46.pdf,https://cdn1.atlasintel.org/pesquisa_atlas__eleicoes_maranhao_2026__261003_48ad7dd58c6f8b46.pdf,2026-10-07 21:55,outro,34 35,AtlasIntel_maranhao_pesqui
IDADE,44,55.9,42.6,1.5,,,100.0,True,29,True,AtlasIntel,maranhao,,,,,pesquisa_atlas__eleicoes_maranhao_2026__261003_48ad7dd58c6f8b46.pdf,https://cdn1.atlasintel.org/pesquisa_atlas__eleicoes_maranhao_2026__261003_48ad7dd58c6f8b46.pdf,2026-10-07 21:55,outro,44,AtlasIntel_maranhao_pesqui
IDADE,60 45 59,64.3,33.3,2.5,,,100.1,True,29,True,AtlasIntel,maranhao,,,,,pesquisa_atlas__eleicoes_maranhao_2026__261003_48ad7dd58c6f8b46.pdf,https://cdn1.atlasintel.org/pesquisa_atlas__eleicoes_maranhao_2026__261003_48ad7dd58c6f8b46.pdf,2026-10-07 21:55,outro,60 45 59,AtlasIntel_maranhao_pesqui
IDADE,100,79.8,18.0,2.2,,,100.0,True,29,True,AtlasIntel,maranhao,,,,,pesquisa_atlas__eleicoes_maranhao_2026__261003_48ad7dd58c6f8b46.pdf,https://cdn1.atlasintel.org/pesquisa_atlas__eleicoes_maranhao_2026__261003_48ad7dd58c6f8b46.pdf,2026-10-07 21:55,outro,100,AtlasIntel_maranhao_pesqui
,"Até R$2,000",71.4,25.3,3.3,,,100.0,True,29,True,AtlasIntel,maranhao,,,,,pesquisa_atlas__eleicoes_maranhao_2026__261003_48ad7dd58c6f8b46.pdf,https://cdn1.atlasintel.org/pesquisa_atlas__eleicoes_maranhao_2026__261003_48ad7dd58c6f8b46.pdf,2026-10-07 21:55,outro,"até r$2,000",AtlasIntel_maranhao_pesqui
,"R$2,000 R$3,000 (",62.5,34.6,2.9,,,100.0,True,29,True,AtlasIntel,maranhao,,,,,pesquisa_atlas__eleicoes_maranhao_2026__261003_48ad7dd58c6f8b46.pdf,https://cdn1.atlasintel.org/pesquisa_atlas__eleicoes_maranhao_2026__261003_48ad7dd58c6f8b46.pdf,2026-10-07 21:55,renda_reais,2000_3000,AtlasIntel_maranhao_pesqui
RENDA FAMILIAR,"R$3,000 R$5,000",54.5,43.6,1.9,,,100.0,True,29,True,AtlasIntel,maranhao,,,,,pesquisa_atlas__eleicoes_maranhao_2026__261003_48ad7dd58c6f8b46.pdf,https://cdn1.atlasintel.org/pesquisa_atlas__eleicoes_maranhao_2026__261003_48ad7dd58c6f8b46.pdf,2026-10-07 21:55,renda_reais,3000_5000,AtlasIntel_maranhao_pesqui
RENDA FAMILIAR,"R$5,000 R$10,000",63.5,35.0,1.4,,,99.9,True,29,True,AtlasIntel,maranhao,,,,,pesquisa_atlas__eleicoes_maranhao_2026__261003_48ad7dd58c6f8b46.pdf,https://cdn1.atlasintel.org/pesquisa_atlas__eleicoes_maranhao_2026__261003_48ad7dd58c6f8b46.pdf,2026-10-07 21:55,renda_reais,5000_10000,AtlasIntel_maranhao_pesqui
RENDA FAMILIAR,"Acima de R$10,000",59.0,32.0,,,,91.0,False,29,True,AtlasIntel,maranhao,,,,,pesquisa_atlas__eleicoes_maranhao_2026__261003_48ad7dd58c6f8b46.pdf,https://cdn1.atlasintel.org/pesquisa_atlas__eleicoes_maranhao_2026__261003_48ad7dd58c6f8b46.pdf,2026-10-07 21:55,renda_reais,acima_10000,AtlasIntel_maranhao_pesqui
RENDA FAMILIAR,Capital,51.3,39.4,9.3,,,100.0,True,29,True,AtlasIntel,maranhao,,,,,pesquisa_atlas__eleicoes_maranhao_2026__261003_48ad7dd58c6f8b46.pdf,https://cdn1.atlasintel.org/pesquisa_atlas__eleicoes_maranhao_2026__261003_48ad7dd58c6f8b46.pdf,2026-10-07 21:55,outro,capital,AtlasIntel_maranhao_pesqui
RENDA FAMILIAR,Sul e Oeste Maranhense,55.6,42.0,2.5,,,100.1,True,29,True,AtlasIntel,maranhao,,,,,pesquisa_atlas__eleicoes_maranhao_2026__261003_48ad7dd58c6f8b46.pdf,https://cdn1.atlasintel.org/pesquisa_atlas__eleicoes_maranhao_2026__261003_48ad7dd58c6f8b46.pdf,2026-10-07 21:55,regiao,S,AtlasIntel_maranhao_pesqui
REGIÃO,Norte Maranhense,69.1,29.7,1.2,,,100.0,True,29,True,AtlasIntel,maranhao,,,,,pesquisa_atlas__eleicoes_maranhao_2026__261003_48ad7dd58c6f8b46.pdf,https://cdn1.atlasintel.org/pesquisa_atlas__eleicoes_maranhao_2026__261003_48ad7dd58c6f8b46.pdf,2026-10-07 21:55,regiao,N,AtlasIntel_maranhao_pesqui
REGIÃO,Centro Maranhense 72.3,72.3,27.2,0.5,,,100.0,True,29,True,AtlasIntel,maranhao,,,,,pesquisa_atlas__eleicoes_maranhao_2026__261003_48ad7dd58c6f8b46.pdf,https://cdn1.atlasintel.org/pesquisa_atlas__eleicoes_maranhao_2026__261003_48ad7dd58c6f8b46.pdf,2026-10-07 21:55,outro,centro maranhense 72.3,AtlasIntel_maranhao_pesqui
REGIÃO,Leste Maranhense,72.1,26.0,1.9,,,100.0,True,29,True,AtlasIntel,maranhao,,,,,pesquisa_atlas__eleicoes_maranhao_2026__261003_48ad7dd58c6f8b46.pdf,https://cdn1.atlasintel.org/pesquisa_atlas__eleicoes_maranhao_2026__261003_48ad7dd58c6f8b46.pdf,2026-10-07 21:55,outro,leste maranhense,AtlasIntel_maranhao_pesqui
,Católico,77.9,20.0,2.1,,,100.0,True,29,True,AtlasIntel,maranhao,,,,,pesquisa_atlas__eleicoes_maranhao_2026__261003_48ad7dd58c6f8b46.pdf,https://cdn1.atlasintel.org/pesquisa_atlas__eleicoes_maranhao_2026__261003_48ad7dd58c6f8b46.pdf,2026-10-07 21:55,religiao,catolica,AtlasIntel_maranhao_pesqui
,Evangélico,33.4,62.9,3.7,,,100.0,True,29,True,AtlasIntel,maranhao,,,,,pesquisa_atlas__eleicoes_maranhao_2026__261003_48ad7dd58c6f8b46.pdf,https://cdn1.atlasintel.org/pesquisa_atlas__eleicoes_maranhao_2026__261003_48ad7dd58c6f8b46.pdf,2026-10-07 21:55,religiao,evangelica,AtlasIntel_maranhao_pesqui
RELIGIÃO,Outra religião,55.3,35.1,9.7,,,100.1,True,29,True,AtlasIntel,maranhao,,,,,pesquisa_atlas__eleicoes_maranhao_2026__261003_48ad7dd58c6f8b46.pdf,https://cdn1.atlasintel.org/pesquisa_atlas__eleicoes_maranhao_2026__261003_48ad7dd58c6f8b46.pdf,2026-10-07 21:55,outro,outra religião,AtlasIntel_maranhao_pesqui
RELIGIÃO,Crente sem religião,76.0,22.7,1.3,,,100.0,True,29,True,AtlasIntel,maranhao,,,,,pesquisa_atlas__eleicoes_maranhao_2026__261003_48ad7dd58c6f8b46.pdf,https://cdn1.atlasintel.org/pesquisa_atlas__eleicoes_maranhao_2026__261003_48ad7dd58c6f8b46.pdf,2026-10-07 21:55,religiao,sem_religiao,AtlasIntel_maranhao_pesqui
RELIGIÃO,Agnóstico ou ateu,80.0,8.2,11.9,,,100.1,True,29,True,AtlasIntel,maranhao,,,,,pesquisa_atlas__eleicoes_maranhao_2026__261003_48ad7dd58c6f8b46.pdf,https://cdn1.atlasintel.org/pesquisa_atlas__eleicoes_maranhao_2026__261003_48ad7dd58c6f8b46.pdf,2026-10-07 21:55,religiao,sem_religiao,AtlasIntel_maranhao_pesqui
RELIGIÃO,Carlos Brandão,87.5,11.0,1.5,,,100.0,True,29,True,AtlasIntel,maranhao,,,,,pesquisa_atlas__eleicoes_maranhao_2026__261003_48ad7dd58c6f8b46.pdf,https://cdn1.atlasintel.org/pesquisa_atlas__eleicoes_maranhao_2026__261003_48ad7dd58c6f8b46.pdf,2026-10-07 21:55,outro,carlos brandão,AtlasIntel_maranhao_pesqui
RELIGIÃO,Lahesio Bonfim,11.2,87.9,0.9,,,100.0,True,29,True,AtlasIntel,maranhao,,,,,pesquisa_atlas__eleicoes_maranhao_2026__261003_48ad7dd58c6f8b46.pdf,https://cdn1.atlasintel.org/pesquisa_atlas__eleicoes_maranhao_2026__261003_48ad7dd58c6f8b46.pdf,2026-10-07 21:55,outro,lahesio bonfim,AtlasIntel_maranhao_pesqui
VOTO GOVERNADOR - 1º TURNO 2022,Weverton Rocha,83.5,15.1,1.4,,,100.0,True,29,True,AtlasIntel,maranhao,,,,,pesquisa_atlas__eleicoes_maranhao_2026__261003_48ad7dd58c6f8b46.pdf,https://cdn1.atlasintel.org/pesquisa_atlas__eleicoes_maranhao_2026__261003_48ad7dd58c6f8b46.pdf,2026-10-07 21:55,outro,weverton rocha,AtlasIntel_maranhao_pesqui
VOTO GOVERNADOR - 1º TURNO 2022,Outro,63.6,35.1,1.4,,,100.1,True,29,True,AtlasIntel,maranhao,,,,,pesquisa_atlas__eleicoes_maranhao_2026__261003_48ad7dd58c6f8b46.pdf,https://cdn1.atlasintel.org/pesquisa_atlas__eleicoes_maranhao_2026__261003_48ad7dd58c6f8b46.pdf,2026-10-07 21:55,outro,outro,AtlasIntel_maranhao_pesqui
VOTO GOVERNADOR - 1º TURNO 2022,Voto branco/nulo,37.2,35.7,27.2,,,100.1,True,29,True,AtlasIntel,maranhao,,,,,pesquisa_atlas__eleicoes_maranhao_2026__261003_48ad7dd58c6f8b46.pdf,https://cdn1.atlasintel.org/pesquisa_atlas__eleicoes_maranhao_2026__261003_48ad7dd58c6f8b46.pdf,2026-10-07 21:55,outro,voto branco/nulo,AtlasIntel_maranhao_pesqui
VOTO GOVERNADOR - 1º TURNO 2022,Não votei,48.5,43.7,7.8,,,100.0,True,29,True,AtlasIntel,maranhao,,,,,pesquisa_atlas__eleicoes_maranhao_2026__261003_48ad7dd58c6f8b46.pdf,https://cdn1.atlasintel.org/pesquisa_atlas__eleicoes_maranhao_2026__261003_48ad7dd58c6f8b46.pdf,2026-10-07 21:55,outro,não votei,AtlasIntel_maranhao_pesqui
GÊNERO,Homem,27.9,67.7,4.4,,,100.0,True,32,True,AtlasIntel,mato grosso,,,,,pesquisa_atlas__eleicoes_mato_grosso_2026__261003_6c9e24b8c820dd44.pdf,https://cdn1.atlasintel.org/pesquisa_atlas__eleicoes_mato_grosso_2026__261003_6c9e24b8c820dd44.pdf,2026-10-07 21:55,sexo,masculino,AtlasIntel_mato grosso_pesqui
GÊNERO,16 Mulher,37.2,60.1,2.7,,,100.0,True,32,True,AtlasIntel,mato grosso,,,,,pesquisa_atlas__eleicoes_mato_grosso_2026__261003_6c9e24b8c820dd44.pdf,https://cdn1.atlasintel.org/pesquisa_atlas__eleicoes_mato_grosso_2026__261003_6c9e24b8c820dd44.pdf,2026-10-07 21:55,outro,16 mulher,AtlasIntel_mato grosso_pesqui
GÊNERO,24 25,26.0,67.7,6.4,,,100.1,True,32,True,AtlasIntel,mato grosso,,,,,pesquisa_atlas__eleicoes_mato_grosso_2026__261003_6c9e24b8c820dd44.pdf,https://cdn1.atlasintel.org/pesquisa_atlas__eleicoes_mato_grosso_2026__261003_6c9e24b8c820dd44.pdf,2026-10-07 21:55,outro,24 25,AtlasIntel_mato grosso_pesqui
GÊNERO,34,27.6,69.8,2.6,,,100.0,True,32,True,AtlasIntel,mato grosso,,,,,pesquisa_atlas__eleicoes_mato_grosso_2026__261003_6c9e24b8c820dd44.pdf,https://cdn1.atlasintel.org/pesquisa_atlas__eleicoes_mato_grosso_2026__261003_6c9e24b8c820dd44.pdf,2026-10-07 21:55,outro,34,AtlasIntel_mato grosso_pesqui
IDADE,35 44,28.4,67.7,3.9,,,100.0,True,32,True,AtlasIntel,mato grosso,,,,,pesquisa_atlas__eleicoes_mato_grosso_2026__261003_6c9e24b8c820dd44.pdf,https://cdn1.atlasintel.org/pesquisa_atlas__eleicoes_mato_grosso_2026__261003_6c9e24b8c820dd44.pdf,2026-10-07 21:55,outro,35 44,AtlasIntel_mato grosso_pesqui
IDADE,45 59 60,36.8,59.6,3.6,,,100.0,True,32,True,AtlasIntel,mato grosso,,,,,pesquisa_atlas__eleicoes_mato_grosso_2026__261003_6c9e24b8c820dd44.pdf,https://cdn1.atlasintel.org/pesquisa_atlas__eleicoes_mato_grosso_2026__261003_6c9e24b8c820dd44.pdf,2026-10-07 21:55,outro,45 59 60,AtlasIntel_mato grosso_pesqui
IDADE,100,41.5,56.2,2.3,,,100.0,True,32,True,AtlasIntel,mato grosso,,,,,pesquisa_atlas__eleicoes_mato_grosso_2026__261003_6c9e24b8c820dd44.pdf,https://cdn1.atlasintel.org/pesquisa_atlas__eleicoes_mato_grosso_2026__261003_6c9e24b8c820dd44.pdf,2026-10-07 21:55,outro,100,AtlasIntel_mato grosso_pesqui
NÍVEL EDUCACIONAL,Ensino Fundamental e Médio,27.8,69.8,2.4,,,100.0,True,32,True,AtlasIntel,mato grosso,,,,,pesquisa_atlas__eleicoes_mato_grosso_2026__261003_6c9e24b8c820dd44.pdf,https://cdn1.atlasintel.org/pesquisa_atlas__eleicoes_mato_grosso_2026__261003_6c9e24b8c820dd44.pdf,2026-10-07 21:55,escolaridade,fundamental_medio,AtlasIntel_mato grosso_pesqui
NÍVEL EDUCACIONAL,Ensino Superior,44.4,49.5,6.0,,,99.9,True,32,True,AtlasIntel,mato grosso,,,,,pesquisa_atlas__eleicoes_mato_grosso_2026__261003_6c9e24b8c820dd44.pdf,https://cdn1.atlasintel.org/pesquisa_atlas__eleicoes_mato_grosso_2026__261003_6c9e24b8c820dd44.pdf,2026-10-07 21:55,escolaridade,superior,AtlasIntel_mato grosso_pesqui
,"R$0 R$2,000",19.2,73.6,7.2,,,100.0,True,32,True,AtlasIntel,mato grosso,,,,,pesquisa_atlas__eleicoes_mato_grosso_2026__261003_6c9e24b8c820dd44.pdf,https://cdn1.atlasintel.org/pesquisa_atlas__eleicoes_mato_grosso_2026__261003_6c9e24b8c820dd44.pdf,2026-10-07 21:55,renda_reais,0_2000,AtlasIntel_mato grosso_pesqui
,"R$2,000 R$3,000",15.0,83.3,1.6,,,99.9,True,32,True,AtlasIntel,mato grosso,,,,,pesquisa_atlas__eleicoes_mato_grosso_2026__261003_6c9e24b8c820dd44.pdf,https://cdn1.atlasintel.org/pesquisa_atlas__eleicoes_mato_grosso_2026__261003_6c9e24b8c820dd44.pdf,2026-10-07 21:55,renda_reais,2000_3000,AtlasIntel_mato grosso_pesqui
RENDA FAMILIAR,"R$3,000 R$5,000",36.5,61.3,2.1,,,99.9,True,32,True,AtlasIntel,mato grosso,,,,,pesquisa_atlas__eleicoes_mato_grosso_2026__261003_6c9e24b8c820dd44.pdf,https://cdn1.atlasintel.org/pesquisa_atlas__eleicoes_mato_grosso_2026__261003_6c9e24b8c820dd44.pdf,2026-10-07 21:55,renda_reais,3000_5000,AtlasIntel_mato grosso_pesqui
RENDA FAMILIAR,"R$5,000 R$10,000",36.7,59.2,4.2,,,100.1,True,32,True,AtlasIntel,mato grosso,,,,,pesquisa_atlas__eleicoes_mato_grosso_2026__261003_6c9e24b8c820dd44.pdf,https://cdn1.atlasintel.org/pesquisa_atlas__eleicoes_mato_grosso_2026__261003_6c9e24b8c820dd44.pdf,2026-10-07 21:55,renda_reais,5000_10000,AtlasIntel_mato grosso_pesqui
RENDA FAMILIAR,"Acima de R$10,000",37.0,59.3,3.7,,,100.0,True,32,True,AtlasIntel,mato grosso,,,,,pesquisa_atlas__eleicoes_mato_grosso_2026__261003_6c9e24b8c820dd44.pdf,https://cdn1.atlasintel.org/pesquisa_atlas__eleicoes_mato_grosso_2026__261003_6c9e24b8c820dd44.pdf,2026-10-07 21:55,renda_reais,acima_10000,AtlasIntel_mato grosso_pesqui
RENDA FAMILIAR,Capital,37.1,54.4,8.5,,,100.0,True,32,True,AtlasIntel,mato grosso,,,,,pesquisa_atlas__eleicoes_mato_grosso_2026__261003_6c9e24b8c820dd44.pdf,https://cdn1.atlasintel.org/pesquisa_atlas__eleicoes_mato_grosso_2026__261003_6c9e24b8c820dd44.pdf,2026-10-07 21:55,outro,capital,AtlasIntel_mato grosso_pesqui
RENDA FAMILIAR,Sinop,28.2,70.7,1.1,,,100.0,True,32,True,AtlasIntel,mato grosso,,,,,pesquisa_atlas__eleicoes_mato_grosso_2026__261003_6c9e24b8c820dd44.pdf,https://cdn1.atlasintel.org/pesquisa_atlas__eleicoes_mato_grosso_2026__261003_6c9e24b8c820dd44.pdf,2026-10-07 21:55,outro,sinop,AtlasIntel_mato grosso_pesqui
REGIÃO,Região Intermediária de Cuiabá,35.0,62.3,2.6,,,99.9,True,32,True,AtlasIntel,mato grosso,,,,,pesquisa_atlas__eleicoes_mato_grosso_2026__261003_6c9e24b8c820dd44.pdf,https://cdn1.atlasintel.org/pesquisa_atlas__eleicoes_mato_grosso_2026__261003_6c9e24b8c820dd44.pdf,2026-10-07 21:55,outro,região intermediária de cuiabá,AtlasIntel_mato grosso_pesqui
REGIÃO,Rondonópolis + Barra do Garças,32.5,64.6,2.9,,,100.0,True,32,True,AtlasIntel,mato grosso,,,,,pesquisa_atlas__eleicoes_mato_grosso_2026__261003_6c9e24b8c820dd44.pdf,https://cdn1.atlasintel.org/pesquisa_atlas__eleicoes_mato_grosso_2026__261003_6c9e24b8c820dd44.pdf,2026-10-07 21:55,outro,rondonópolis + barra do garças,AtlasIntel_mato grosso_pesqui
REGIÃO,Cáceres,36.0,60.5,3.5,,,100.0,True,32,True,AtlasIntel,mato grosso,,,,,pesquisa_atlas__eleicoes_mato_grosso_2026__261003_6c9e24b8c820dd44.pdf,https://cdn1.atlasintel.org/pesquisa_atlas__eleicoes_mato_grosso_2026__261003_6c9e24b8c820dd44.pdf,2026-10-07 21:55,outro,cáceres,AtlasIntel_mato grosso_pesqui
,Católico,36.4,61.2,2.4,,,100.0,True,32,True,AtlasIntel,mato grosso,,,,,pesquisa_atlas__eleicoes_mato_grosso_2026__261003_6c9e24b8c820dd44.pdf,https://cdn1.atlasintel.org/pesquisa_atlas__eleicoes_mato_grosso_2026__261003_6c9e24b8c820dd44.pdf,2026-10-07 21:55,religiao,catolica,AtlasIntel_mato grosso_pesqui
,Evangélico,19.1,79.4,1.5,,,100.0,True,32,True,AtlasIntel,mato grosso,,,,,pesquisa_atlas__eleicoes_mato_grosso_2026__261003_6c9e24b8c820dd44.pdf,https://cdn1.atlasintel.org/pesquisa_atlas__eleicoes_mato_grosso_2026__261003_6c9e24b8c820dd44.pdf,2026-10-07 21:55,religiao,evangelica,AtlasIntel_mato grosso_pesqui
RELIGIÃO,Outra religião,39.0,49.5,11.5,,,100.0,True,32,True,AtlasIntel,mato grosso,,,,,pesquisa_atlas__eleicoes_mato_grosso_2026__261003_6c9e24b8c820dd44.pdf,https://cdn1.atlasintel.org/pesquisa_atlas__eleicoes_mato_grosso_2026__261003_6c9e24b8c820dd44.pdf,2026-10-07 21:55,outro,outra religião,AtlasIntel_mato grosso_pesqui
RELIGIÃO,Crente sem religião,20.8,75.7,3.5,,,100.0,True,32,True,AtlasIntel,mato grosso,,,,,pesquisa_atlas__eleicoes_mato_grosso_2026__261003_6c9e24b8c820dd44.pdf,https://cdn1.atlasintel.org/pesquisa_atlas__eleicoes_mato_grosso_2026__261003_6c9e24b8c820dd44.pdf,2026-10-07 21:55,religiao,sem_religiao,AtlasIntel_mato grosso_pesqui
RELIGIÃO,Agnóstico ou ateu,80.4,6.2,13.4,,,100.0,True,32,True,AtlasIntel,mato grosso,,,,,pesquisa_atlas__eleicoes_mato_grosso_2026__261003_6c9e24b8c820dd44.pdf,https://cdn1.atlasintel.org/pesquisa_atlas__eleicoes_mato_grosso_2026__261003_6c9e24b8c820dd44.pdf,2026-10-07 21:55,religiao,sem_religiao,AtlasIntel_mato grosso_pesqui
RELIGIÃO,Jair Bolsonaro,1.2,97.8,1.0,,,100.0,True,32,True,AtlasIntel,mato grosso,,,,,pesquisa_atlas__eleicoes_mato_grosso_2026__261003_6c9e24b8c820dd44.pdf,https://cdn1.atlasintel.org/pesquisa_atlas__eleicoes_mato_grosso_2026__261003_6c9e24b8c820dd44.pdf,2026-10-07 21:55,outro,jair bolsonaro,AtlasIntel_mato grosso_pesqui
VOTO PRESIDENTE - 2º TURNO 2022,,95.0,2.2,2.8,,,100.0,True,32,True,AtlasIntel,mato grosso,,,,,pesquisa_atlas__eleicoes_mato_grosso_2026__261003_6c9e24b8c820dd44.pdf,https://cdn1.atlasintel.org/pesquisa_atlas__eleicoes_mato_grosso_2026__261003_6c9e24b8c820dd44.pdf,2026-10-07 21:55,outro,,AtlasIntel_mato grosso_pesqui
VOTO PRESIDENTE - 2º TURNO 2022,branco/nulo,20.9,10.6,68.5,,,100.0,True,32,True,AtlasIntel,mato grosso,,,,,pesquisa_atlas__eleicoes_mato_grosso_2026__261003_6c9e24b8c820dd44.pdf,https://cdn1.atlasintel.org/pesquisa_atlas__eleicoes_mato_grosso_2026__261003_6c9e24b8c820dd44.pdf,2026-10-07 21:55,outro,branco/nulo,AtlasIntel_mato grosso_pesqui
VOTO PRESIDENTE - 2º TURNO 2022,Não votei,12.2,78.7,9.1,,,100.0,True,32,True,AtlasIntel,mato grosso,,,,,pesquisa_atlas__eleicoes_mato_grosso_2026__261003_6c9e24b8c820dd44.pdf,https://cdn1.atlasintel.org/pesquisa_atlas__eleicoes_mato_grosso_2026__261003_6c9e24b8c820dd44.pdf,2026-10-07 21:55,outro,não votei,AtlasIntel_mato grosso_pesqui
,Mauro Mendes,24.4,72.4,3.2,,,100.0,True,32,True,AtlasIntel,mato grosso,,,,,pesquisa_atlas__eleicoes_mato_grosso_2026__261003_6c9e24b8c820dd44.pdf,https://cdn1.atlasintel.org/pesquisa_atlas__eleicoes_mato_grosso_2026__261003_6c9e24b8c820dd44.pdf,2026-10-07 21:55,outro,mauro mendes,AtlasIntel_mato grosso_pesqui
,Pastor Marcia Moisés Marcos Pinheiro Franz Ritela,93.8,4.7,1.5,,,100.0,True,32,True,AtlasIntel,mato grosso,,,,,pesquisa_atlas__eleicoes_mato_grosso_2026__261003_6c9e24b8c820dd44.pdf,https://cdn1.atlasintel.org/pesquisa_atlas__eleicoes_mato_grosso_2026__261003_6c9e24b8c820dd44.pdf,2026-10-07 21:55,outro,pastor marcia moisés marcos pinheiro franz ritela,AtlasIntel_mato grosso_pesqui
VOTO GOVERNADOR - 1º TURNO 2022,Voto Direita Não votei branco/nulo bolsonarista,16.4,78.9,4.6,,,99.9,True,32,True,AtlasIntel,mato grosso,,,,,pesquisa_atlas__eleicoes_mato_grosso_2026__261003_6c9e24b8c820dd44.pdf,https://cdn1.atlasintel.org/pesquisa_atlas__eleicoes_mato_grosso_2026__261003_6c9e24b8c820dd44.pdf,2026-10-07 21:55,outro,voto direita não votei branco/nulo bolsonarista,AtlasIntel_mato grosso_pesqui
POSICIONAMENTO POLÍTICO,Direita não Esquerda bolsonarista lulista,96.4,,3.6,,,100.0,True,32,True,AtlasIntel,mato grosso,,,,,pesquisa_atlas__eleicoes_mato_grosso_2026__261003_6c9e24b8c820dd44.pdf,https://cdn1.atlasintel.org/pesquisa_atlas__eleicoes_mato_grosso_2026__261003_6c9e24b8c820dd44.pdf,2026-10-07 21:55,outro,direita não esquerda bolsonarista lulista,AtlasIntel_mato grosso_pesqui
POSICIONAMENTO POLÍTICO,Esquerda não lulista,99.9,0.1,,,,100.0,True,32,True,AtlasIntel,mato grosso,,,,,pesquisa_atlas__eleicoes_mato_grosso_2026__261003_6c9e24b8c820dd44.pdf,https://cdn1.atlasintel.org/pesquisa_atlas__eleicoes_mato_grosso_2026__261003_6c9e24b8c820dd44.pdf,2026-10-07 21:55,outro,esquerda não lulista,AtlasIntel_mato grosso_pesqui
POSICIONAMENTO POLÍTICO,Independente,54.7,28.8,16.5,,,100.0,True,32,True,AtlasIntel,mato grosso,,,,,pesquisa_atlas__eleicoes_mato_grosso_2026__261003_6c9e24b8c820dd44.pdf,https://cdn1.atlasintel.org/pesquisa_atlas__eleicoes_mato_grosso_2026__261003_6c9e24b8c820dd44.pdf,2026-10-07 21:55,outro,independente,AtlasIntel_mato grosso_pesqui
GENERO,Homem,32.1,61.1,6.8,,,100.0,True,33,True,AtlasIntel,mato grosso do sul,,,,,pesquisa_atlas__eleicoes_mato_grosso_do_sul_2026__261003_e4d7cb11c9340c6d.pdf,https://cdn1.atlasintel.org/pesquisa_atlas__eleicoes_mato_grosso_do_sul_2026__261003_e4d7cb11c9340c6d.pdf,2026-10-07 21:55,sexo,masculino,AtlasIntel_mato grosso do sul_pesqui
GENERO,Mulher,46.4,49.5,4.1,,,100.0,True,33,True,AtlasIntel,mato grosso do sul,,,,,pesquisa_atlas__eleicoes_mato_grosso_do_sul_2026__261003_e4d7cb11c9340c6d.pdf,https://cdn1.atlasintel.org/pesquisa_atlas__eleicoes_mato_grosso_do_sul_2026__261003_e4d7cb11c9340c6d.pdf,2026-10-07 21:55,sexo,feminino,AtlasIntel_mato grosso do sul_pesqui
NÍVEL EDUCACIONAL,Ensino Fundamental e Médio,38.2,57.4,4.5,,,100.1,True,33,True,AtlasIntel,mato grosso do sul,,,,,pesquisa_atlas__eleicoes_mato_grosso_do_sul_2026__261003_e4d7cb11c9340c6d.pdf,https://cdn1.atlasintel.org/pesquisa_atlas__eleicoes_mato_grosso_do_sul_2026__261003_e4d7cb11c9340c6d.pdf,2026-10-07 21:55,escolaridade,fundamental_medio,AtlasIntel_mato grosso do sul_pesqui
NÍVEL EDUCACIONAL,Ensino Superior,41.9,50.7,7.4,,,100.0,True,33,True,AtlasIntel,mato grosso do sul,,,,,pesquisa_atlas__eleicoes_mato_grosso_do_sul_2026__261003_e4d7cb11c9340c6d.pdf,https://cdn1.atlasintel.org/pesquisa_atlas__eleicoes_mato_grosso_do_sul_2026__261003_e4d7cb11c9340c6d.pdf,2026-10-07 21:55,escolaridade,superior,AtlasIntel_mato grosso do sul_pesqui
NÍVEL EDUCACIONAL,16 24,52.1,40.3,7.5,,,99.9,True,33,True,AtlasIntel,mato grosso do sul,,,,,pesquisa_atlas__eleicoes_mato_grosso_do_sul_2026__261003_e4d7cb11c9340c6d.pdf,https://cdn1.atlasintel.org/pesquisa_atlas__eleicoes_mato_grosso_do_sul_2026__261003_e4d7cb11c9340c6d.pdf,2026-10-07 21:55,outro,16 24,AtlasIntel_mato grosso do sul_pesqui
NÍVEL EDUCACIONAL,2534,36.3,54.5,9.3,,,100.1,True,33,True,AtlasIntel,mato grosso do sul,,,,,pesquisa_atlas__eleicoes_mato_grosso_do_sul_2026__261003_e4d7cb11c9340c6d.pdf,https://cdn1.atlasintel.org/pesquisa_atlas__eleicoes_mato_grosso_do_sul_2026__261003_e4d7cb11c9340c6d.pdf,2026-10-07 21:55,outro,2534,AtlasIntel_mato grosso do sul_pesqui
IDADE,45 35 44,36.7,58.2,5.1,,,100.0,True,33,True,AtlasIntel,mato grosso do sul,,,,,pesquisa_atlas__eleicoes_mato_grosso_do_sul_2026__261003_e4d7cb11c9340c6d.pdf,https://cdn1.atlasintel.org/pesquisa_atlas__eleicoes_mato_grosso_do_sul_2026__261003_e4d7cb11c9340c6d.pdf,2026-10-07 21:55,outro,45 35 44,AtlasIntel_mato grosso do sul_pesqui
IDADE,59 60,38.7,59.0,2.3,,,100.0,True,33,True,AtlasIntel,mato grosso do sul,,,,,pesquisa_atlas__eleicoes_mato_grosso_do_sul_2026__261003_e4d7cb11c9340c6d.pdf,https://cdn1.atlasintel.org/pesquisa_atlas__eleicoes_mato_grosso_do_sul_2026__261003_e4d7cb11c9340c6d.pdf,2026-10-07 21:55,outro,59 60,AtlasIntel_mato grosso do sul_pesqui
IDADE,100,37.8,58.0,4.2,,,100.0,True,33,True,AtlasIntel,mato grosso do sul,,,,,pesquisa_atlas__eleicoes_mato_grosso_do_sul_2026__261003_e4d7cb11c9340c6d.pdf,https://cdn1.atlasintel.org/pesquisa_atlas__eleicoes_mato_grosso_do_sul_2026__261003_e4d7cb11c9340c6d.pdf,2026-10-07 21:55,outro,100,AtlasIntel_mato grosso do sul_pesqui
,Dourados,42.1,52.2,5.7,,,100.0,True,33,True,AtlasIntel,mato grosso do sul,,,,,pesquisa_atlas__eleicoes_mato_grosso_do_sul_2026__261003_e4d7cb11c9340c6d.pdf,https://cdn1.atlasintel.org/pesquisa_atlas__eleicoes_mato_grosso_do_sul_2026__261003_e4d7cb11c9340c6d.pdf,2026-10-07 21:55,outro,dourados,AtlasIntel_mato grosso do sul_pesqui
REGIÃO,Corumbá,51.5,45.1,3.4,,,100.0,True,33,True,AtlasIntel,mato grosso do sul,,,,,pesquisa_atlas__eleicoes_mato_grosso_do_sul_2026__261003_e4d7cb11c9340c6d.pdf,https://cdn1.atlasintel.org/pesquisa_atlas__eleicoes_mato_grosso_do_sul_2026__261003_e4d7cb11c9340c6d.pdf,2026-10-07 21:55,outro,corumbá,AtlasIntel_mato grosso do sul_pesqui
REGIÃO,Capital,35.3,59.7,5.1,,,100.1,True,33,True,AtlasIntel,mato grosso do sul,,,,,pesquisa_atlas__eleicoes_mato_grosso_do_sul_2026__261003_e4d7cb11c9340c6d.pdf,https://cdn1.atlasintel.org/pesquisa_atlas__eleicoes_mato_grosso_do_sul_2026__261003_e4d7cb11c9340c6d.pdf,2026-10-07 21:55,outro,capital,AtlasIntel_mato grosso do sul_pesqui
REGIÃO,Região Intermediária de Campo,35.8,57.4,6.8,,,100.0,True,33,True,AtlasIntel,mato grosso do sul,,,,,pesquisa_atlas__eleicoes_mato_grosso_do_sul_2026__261003_e4d7cb11c9340c6d.pdf,https://cdn1.atlasintel.org/pesquisa_atlas__eleicoes_mato_grosso_do_sul_2026__261003_e4d7cb11c9340c6d.pdf,2026-10-07 21:55,outro,região intermediária de campo,AtlasIntel_mato grosso do sul_pesqui
REGIÃO,"R$O R$2,000",65.5,29.8,4.7,,,100.0,True,33,True,AtlasIntel,mato grosso do sul,,,,,pesquisa_atlas__eleicoes_mato_grosso_do_sul_2026__261003_e4d7cb11c9340c6d.pdf,https://cdn1.atlasintel.org/pesquisa_atlas__eleicoes_mato_grosso_do_sul_2026__261003_e4d7cb11c9340c6d.pdf,2026-10-07 21:55,renda_reais,2000,AtlasIntel_mato grosso do sul_pesqui
REGIÃO,"R$2,000 R$3,000",30.0,69.9,0.1,,,100.0,True,33,True,AtlasIntel,mato grosso do sul,,,,,pesquisa_atlas__eleicoes_mato_grosso_do_sul_2026__261003_e4d7cb11c9340c6d.pdf,https://cdn1.atlasintel.org/pesquisa_atlas__eleicoes_mato_grosso_do_sul_2026__261003_e4d7cb11c9340c6d.pdf,2026-10-07 21:55,renda_reais,2000_3000,AtlasIntel_mato grosso do sul_pesqui
RENDA FAMILIAR,"R$3,000 R$5,000",37.7,56.1,6.2,,,100.0,True,33,True,AtlasIntel,mato grosso do sul,,,,,pesquisa_atlas__eleicoes_mato_grosso_do_sul_2026__261003_e4d7cb11c9340c6d.pdf,https://cdn1.atlasintel.org/pesquisa_atlas__eleicoes_mato_grosso_do_sul_2026__261003_e4d7cb11c9340c6d.pdf,2026-10-07 21:55,renda_reais,3000_5000,AtlasIntel_mato grosso do sul_pesqui
RENDA FAMILIAR,"R$5,000 R$10,000",34.5,58.5,7.0,,,100.0,True,33,True,AtlasIntel,mato grosso do sul,,,,,pesquisa_atlas__eleicoes_mato_grosso_do_sul_2026__261003_e4d7cb11c9340c6d.pdf,https://cdn1.atlasintel.org/pesquisa_atlas__eleicoes_mato_grosso_do_sul_2026__261003_e4d7cb11c9340c6d.pdf,2026-10-07 21:55,renda_reais,5000_10000,AtlasIntel_mato grosso do sul_pesqui
RENDA FAMILIAR,"Acima de R$10,000",38.1,57.4,4.5,,,100.0,True,33,True,AtlasIntel,mato grosso do sul,,,,,pesquisa_atlas__eleicoes_mato_grosso_do_sul_2026__261003_e4d7cb11c9340c6d.pdf,https://cdn1.atlasintel.org/pesquisa_atlas__eleicoes_mato_grosso_do_sul_2026__261003_e4d7cb11c9340c6d.pdf,2026-10-07 21:55,renda_reais,acima_10000,AtlasIntel_mato grosso do sul_pesqui
,Católico 55.6,40.4,55.6,4.0,,,100.0,True,33,True,AtlasIntel,mato grosso do sul,,,,,pesquisa_atlas__eleicoes_mato_grosso_do_sul_2026__261003_e4d7cb11c9340c6d.pdf,https://cdn1.atlasintel.org/pesquisa_atlas__eleicoes_mato_grosso_do_sul_2026__261003_e4d7cb11c9340c6d.pdf,2026-10-07 21:55,religiao,catolica,AtlasIntel_mato grosso do sul_pesqui
,Evangélico 78.3,17.7,78.3,3.9,,,99.9,True,33,True,AtlasIntel,mato grosso do sul,,,,,pesquisa_atlas__eleicoes_mato_grosso_do_sul_2026__261003_e4d7cb11c9340c6d.pdf,https://cdn1.atlasintel.org/pesquisa_atlas__eleicoes_mato_grosso_do_sul_2026__261003_e4d7cb11c9340c6d.pdf,2026-10-07 21:55,religiao,evangelica,AtlasIntel_mato grosso do sul_pesqui
RELIGIÃO,Outra religião,57.4,29.2,13.4,,,100.0,True,33,True,AtlasIntel,mato grosso do sul,,,,,pesquisa_atlas__eleicoes_mato_grosso_do_sul_2026__261003_e4d7cb11c9340c6d.pdf,https://cdn1.atlasintel.org/pesquisa_atlas__eleicoes_mato_grosso_do_sul_2026__261003_e4d7cb11c9340c6d.pdf,2026-10-07 21:55,outro,outra religião,AtlasIntel_mato grosso do sul_pesqui
RELIGIÃO,Crente sem religião,51.5,45.4,3.1,,,100.0,True,33,True,AtlasIntel,mato grosso do sul,,,,,pesquisa_atlas__eleicoes_mato_grosso_do_sul_2026__261003_e4d7cb11c9340c6d.pdf,https://cdn1.atlasintel.org/pesquisa_atlas__eleicoes_mato_grosso_do_sul_2026__261003_e4d7cb11c9340c6d.pdf,2026-10-07 21:55,religiao,sem_religiao,AtlasIntel_mato grosso do sul_pesqui
RELIGIÃO,Agnóstico ou ateu,90.4,4.1,5.4,,,99.9,True,33,True,AtlasIntel,mato grosso do sul,,,,,pesquisa_atlas__eleicoes_mato_grosso_do_sul_2026__261003_e4d7cb11c9340c6d.pdf,https://cdn1.atlasintel.org/pesquisa_atlas__eleicoes_mato_grosso_do_sul_2026__261003_e4d7cb11c9340c6d.pdf,2026-10-07 21:55,religiao,sem_religiao,AtlasIntel_mato grosso do sul_pesqui
RELIGIÃO,Eduardo Riedel,59.9,35.2,4.9,,,100.0,True,33,True,AtlasIntel,mato grosso do sul,,,,,pesquisa_atlas__eleicoes_mato_grosso_do_sul_2026__261003_e4d7cb11c9340c6d.pdf,https://cdn1.atlasintel.org/pesquisa_atlas__eleicoes_mato_grosso_do_sul_2026__261003_e4d7cb11c9340c6d.pdf,2026-10-07 21:55,outro,eduardo riedel,AtlasIntel_mato grosso do sul_pesqui
VOTO GOVERNADOR - 2º TURNO 2022,Capitão Contar 94.2,4.4,94.2,1.4,,,100.0,True,33,True,AtlasIntel,mato grosso do sul,,,,,pesquisa_atlas__eleicoes_mato_grosso_do_sul_2026__261003_e4d7cb11c9340c6d.pdf,https://cdn1.atlasintel.org/pesquisa_atlas__eleicoes_mato_grosso_do_sul_2026__261003_e4d7cb11c9340c6d.pdf,2026-10-07 21:55,outro,capitão contar 94.2,AtlasIntel_mato grosso do sul_pesqui
VOTO GOVERNADOR - 2º TURNO 2022,Voto branco/nulo,61.0,0.6,38.4,,,100.0,True,33,True,AtlasIntel,mato grosso do sul,,,,,pesquisa_atlas__eleicoes_mato_grosso_do_sul_2026__261003_e4d7cb11c9340c6d.pdf,https://cdn1.atlasintel.org/pesquisa_atlas__eleicoes_mato_grosso_do_sul_2026__261003_e4d7cb11c9340c6d.pdf,2026-10-07 21:55,outro,voto branco/nulo,AtlasIntel_mato grosso do sul_pesqui
VOTO GOVERNADOR - 2º TURNO 2022,Não votei,50.4,41.7,7.9,,,100.0,True,33,True,AtlasIntel,mato grosso do sul,,,,,pesquisa_atlas__eleicoes_mato_grosso_do_sul_2026__261003_e4d7cb11c9340c6d.pdf,https://cdn1.atlasintel.org/pesquisa_atlas__eleicoes_mato_grosso_do_sul_2026__261003_e4d7cb11c9340c6d.pdf,2026-10-07 21:55,outro,não votei,AtlasIntel_mato grosso do sul_pesqui
,Jair Bolsonaro,1.2,96.0,27.0,,,124.2,False,33,True,AtlasIntel,mato grosso do sul,,,,,pesquisa_atlas__eleicoes_mato_grosso_do_sul_2026__261003_e4d7cb11c9340c6d.pdf,https://cdn1.atlasintel.org/pesquisa_atlas__eleicoes_mato_grosso_do_sul_2026__261003_e4d7cb11c9340c6d.pdf,2026-10-07 21:55,outro,jair bolsonaro,AtlasIntel_mato grosso do sul_pesqui
VOTO PRESIDENTE - 2º TURNO 2022,Lula,96.5,2.0,1.5,,,100.0,True,33,True,AtlasIntel,mato grosso do sul,,,,,pesquisa_atlas__eleicoes_mato_grosso_do_sul_2026__261003_e4d7cb11c9340c6d.pdf,https://cdn1.atlasintel.org/pesquisa_atlas__eleicoes_mato_grosso_do_sul_2026__261003_e4d7cb11c9340c6d.pdf,2026-10-07 21:55,outro,lula,AtlasIntel_mato grosso do sul_pesqui
VOTO PRESIDENTE - 2º TURNO 2022,Voto branco/nulo,14.8,19.7,65.5,,,100.0,True,33,True,AtlasIntel,mato grosso do sul,,,,,pesquisa_atlas__eleicoes_mato_grosso_do_sul_2026__261003_e4d7cb11c9340c6d.pdf,https://cdn1.atlasintel.org/pesquisa_atlas__eleicoes_mato_grosso_do_sul_2026__261003_e4d7cb11c9340c6d.pdf,2026-10-07 21:55,outro,voto branco/nulo,AtlasIntel_mato grosso do sul_pesqui
VOTO PRESIDENTE - 2º TURNO 2022,Direita Não votei bolsonarista,43.6,46.2,10.2,,,100.0,True,33,True,AtlasIntel,mato grosso do sul,,,,,pesquisa_atlas__eleicoes_mato_grosso_do_sul_2026__261003_e4d7cb11c9340c6d.pdf,https://cdn1.atlasintel.org/pesquisa_atlas__eleicoes_mato_grosso_do_sul_2026__261003_e4d7cb11c9340c6d.pdf,2026-10-07 21:55,outro,direita não votei bolsonarista,AtlasIntel_mato grosso do sul_pesqui
VOTO PRESIDENTE - 2º TURNO 2022,Direita não bolsonarista,2.8,90.2,7.1,,,100.1,True,33,True,AtlasIntel,mato grosso do sul,,,,,pesquisa_atlas__eleicoes_mato_grosso_do_sul_2026__261003_e4d7cb11c9340c6d.pdf,https://cdn1.atlasintel.org/pesquisa_atlas__eleicoes_mato_grosso_do_sul_2026__261003_e4d7cb11c9340c6d.pdf,2026-10-07 21:55,outro,direita não bolsonarista,AtlasIntel_mato grosso do sul_pesqui
IDEOLOGIA POLÍTICA,Esquerda lulista,100.0,,,,,,False,33,True,AtlasIntel,mato grosso do sul,,,,,pesquisa_atlas__eleicoes_mato_grosso_do_sul_2026__261003_e4d7cb11c9340c6d.pdf,https://cdn1.atlasintel.org/pesquisa_atlas__eleicoes_mato_grosso_do_sul_2026__261003_e4d7cb11c9340c6d.pdf,2026-10-07 21:55,outro,esquerda lulista,AtlasIntel_mato grosso do sul_pesqui
IDEOLOGIA POLÍTICA,Esquerda não lulista,96.9,0.1,,,,97.0,True,33,True,AtlasIntel,mato grosso do sul,,,,,pesquisa_atlas__eleicoes_mato_grosso_do_sul_2026__261003_e4d7cb11c9340c6d.pdf,https://cdn1.atlasintel.org/pesquisa_atlas__eleicoes_mato_grosso_do_sul_2026__261003_e4d7cb11c9340c6d.pdf,2026-10-07 21:55,outro,esquerda não lulista,AtlasIntel_mato grosso do sul_pesqui
IDEOLOGIA POLÍTICA,Independente,53.1,30.2,16.7,,,100.0,True,33,True,AtlasIntel,mato grosso do sul,,,,,pesquisa_atlas__eleicoes_mato_grosso_do_sul_2026__261003_e4d7cb11c9340c6d.pdf,https://cdn1.atlasintel.org/pesquisa_atlas__eleicoes_mato_grosso_do_sul_2026__261003_e4d7cb11c9340c6d.pdf,2026-10-07 21:55,outro,independente,AtlasIntel_mato grosso do sul_pesqui
GÊNERO,Homem,42.4,57.6,,,,100.0,True,29,True,AtlasIntel,para,,,,,pesquisa_atlas__eleicoes_para_2026_261003_73d3d84100fa7c48.pdf,https://cdn1.atlasintel.org/pesquisa_atlas__eleicoes_para_2026_261003_73d3d84100fa7c48.pdf,2026-10-07 21:55,sexo,masculino,AtlasIntel_para_pesqui
GÊNERO,Mulher,66.8,33.2,,,,100.0,True,29,True,AtlasIntel,para,,,,,pesquisa_atlas__eleicoes_para_2026_261003_73d3d84100fa7c48.pdf,https://cdn1.atlasintel.org/pesquisa_atlas__eleicoes_para_2026_261003_73d3d84100fa7c48.pdf,2026-10-07 21:55,sexo,feminino,AtlasIntel_para_pesqui
NÍVEL EDUCACIONAL,Ensino Superior,54.8,45.2,,,,100.0,True,29,True,AtlasIntel,para,,,,,pesquisa_atlas__eleicoes_para_2026_261003_73d3d84100fa7c48.pdf,https://cdn1.atlasintel.org/pesquisa_atlas__eleicoes_para_2026_261003_73d3d84100fa7c48.pdf,2026-10-07 21:55,escolaridade,superior,AtlasIntel_para_pesqui
NÍVEL EDUCACIONAL,Ensino Fundamental e Médio,54.7,45.3,,,,100.0,True,29,True,AtlasIntel,para,,,,,pesquisa_atlas__eleicoes_para_2026_261003_73d3d84100fa7c48.pdf,https://cdn1.atlasintel.org/pesquisa_atlas__eleicoes_para_2026_261003_73d3d84100fa7c48.pdf,2026-10-07 21:55,escolaridade,fundamental_medio,AtlasIntel_para_pesqui
NÍVEL EDUCACIONAL,16-24,50.9,49.1,,,,100.0,True,29,True,AtlasIntel,para,,,,,pesquisa_atlas__eleicoes_para_2026_261003_73d3d84100fa7c48.pdf,https://cdn1.atlasintel.org/pesquisa_atlas__eleicoes_para_2026_261003_73d3d84100fa7c48.pdf,2026-10-07 21:55,idade,16-24,AtlasIntel_para_pesqui
NÍVEL EDUCACIONAL,25 34,51.4,48.6,,,,100.0,True,29,True,AtlasIntel,para,,,,,pesquisa_atlas__eleicoes_para_2026_261003_73d3d84100fa7c48.pdf,https://cdn1.atlasintel.org/pesquisa_atlas__eleicoes_para_2026_261003_73d3d84100fa7c48.pdf,2026-10-07 21:55,outro,25 34,AtlasIntel_para_pesqui
IDADE,35 44 45,55.6,44.4,,,,100.0,True,29,True,AtlasIntel,para,,,,,pesquisa_atlas__eleicoes_para_2026_261003_73d3d84100fa7c48.pdf,https://cdn1.atlasintel.org/pesquisa_atlas__eleicoes_para_2026_261003_73d3d84100fa7c48.pdf,2026-10-07 21:55,outro,35 44 45,AtlasIntel_para_pesqui
IDADE,60 59,53.0,47.0,,,,100.0,True,29,True,AtlasIntel,para,,,,,pesquisa_atlas__eleicoes_para_2026_261003_73d3d84100fa7c48.pdf,https://cdn1.atlasintel.org/pesquisa_atlas__eleicoes_para_2026_261003_73d3d84100fa7c48.pdf,2026-10-07 21:55,outro,60 59,AtlasIntel_para_pesqui
IDADE,100,65.6,34.4,,,,100.0,True,29,True,AtlasIntel,para,,,,,pesquisa_atlas__eleicoes_para_2026_261003_73d3d84100fa7c48.pdf,https://cdn1.atlasintel.org/pesquisa_atlas__eleicoes_para_2026_261003_73d3d84100fa7c48.pdf,2026-10-07 21:55,outro,100,AtlasIntel_para_pesqui
,"R$O R$2,000",60.1,39.9,,,,100.0,True,29,True,AtlasIntel,para,,,,,pesquisa_atlas__eleicoes_para_2026_261003_73d3d84100fa7c48.pdf,https://cdn1.atlasintel.org/pesquisa_atlas__eleicoes_para_2026_261003_73d3d84100fa7c48.pdf,2026-10-07 21:55,renda_reais,2000,AtlasIntel_para_pesqui
,"R$2,000 R$3,000",53.4,46.6,,,,100.0,True,29,True,AtlasIntel,para,,,,,pesquisa_atlas__eleicoes_para_2026_261003_73d3d84100fa7c48.pdf,https://cdn1.atlasintel.org/pesquisa_atlas__eleicoes_para_2026_261003_73d3d84100fa7c48.pdf,2026-10-07 21:55,renda_reais,2000_3000,AtlasIntel_para_pesqui
RENDA FAMILIAR,"R$3,000 R$5,000",53.6,46.4,,,,100.0,True,29,True,AtlasIntel,para,,,,,pesquisa_atlas__eleicoes_para_2026_261003_73d3d84100fa7c48.pdf,https://cdn1.atlasintel.org/pesquisa_atlas__eleicoes_para_2026_261003_73d3d84100fa7c48.pdf,2026-10-07 21:55,renda_reais,3000_5000,AtlasIntel_para_pesqui
RENDA FAMILIAR,"R$5,000 R$10,000",53.3,46.7,,,,100.0,True,29,True,AtlasIntel,para,,,,,pesquisa_atlas__eleicoes_para_2026_261003_73d3d84100fa7c48.pdf,https://cdn1.atlasintel.org/pesquisa_atlas__eleicoes_para_2026_261003_73d3d84100fa7c48.pdf,2026-10-07 21:55,renda_reais,5000_10000,AtlasIntel_para_pesqui
RENDA FAMILIAR,"Acima de R$10,000",47.0,53.0,,,,100.0,True,29,True,AtlasIntel,para,,,,,pesquisa_atlas__eleicoes_para_2026_261003_73d3d84100fa7c48.pdf,https://cdn1.atlasintel.org/pesquisa_atlas__eleicoes_para_2026_261003_73d3d84100fa7c48.pdf,2026-10-07 21:55,renda_reais,acima_10000,AtlasIntel_para_pesqui
RENDA FAMILIAR,Católico,66.7,33.3,,,,100.0,True,29,True,AtlasIntel,para,,,,,pesquisa_atlas__eleicoes_para_2026_261003_73d3d84100fa7c48.pdf,https://cdn1.atlasintel.org/pesquisa_atlas__eleicoes_para_2026_261003_73d3d84100fa7c48.pdf,2026-10-07 21:55,religiao,catolica,AtlasIntel_para_pesqui
RENDA FAMILIAR,Evangélico,28.7,71.3,,,,100.0,True,29,True,AtlasIntel,para,,,,,pesquisa_atlas__eleicoes_para_2026_261003_73d3d84100fa7c48.pdf,https://cdn1.atlasintel.org/pesquisa_atlas__eleicoes_para_2026_261003_73d3d84100fa7c48.pdf,2026-10-07 21:55,religiao,evangelica,AtlasIntel_para_pesqui
RELIGIÃO,Outra religião,75.8,24.2,,,,100.0,True,29,True,AtlasIntel,para,,,,,pesquisa_atlas__eleicoes_para_2026_261003_73d3d84100fa7c48.pdf,https://cdn1.atlasintel.org/pesquisa_atlas__eleicoes_para_2026_261003_73d3d84100fa7c48.pdf,2026-10-07 21:55,outro,outra religião,AtlasIntel_para_pesqui
RELIGIÃO,Crente sem religião,46.6,53.4,,,,100.0,True,29,True,AtlasIntel,para,,,,,pesquisa_atlas__eleicoes_para_2026_261003_73d3d84100fa7c48.pdf,https://cdn1.atlasintel.org/pesquisa_atlas__eleicoes_para_2026_261003_73d3d84100fa7c48.pdf,2026-10-07 21:55,religiao,sem_religiao,AtlasIntel_para_pesqui
RELIGIÃO,Agnóstico ou ateu,75.1,24.9,,,,100.0,True,29,True,AtlasIntel,para,,,,,pesquisa_atlas__eleicoes_para_2026_261003_73d3d84100fa7c48.pdf,https://cdn1.atlasintel.org/pesquisa_atlas__eleicoes_para_2026_261003_73d3d84100fa7c48.pdf,2026-10-07 21:55,religiao,sem_religiao,AtlasIntel_para_pesqui
Sudeste +,Sudoeste Paraense,48.0,52.0,,,,100.0,True,29,True,AtlasIntel,para,,,,,pesquisa_atlas__eleicoes_para_2026_261003_73d3d84100fa7c48.pdf,https://cdn1.atlasintel.org/pesquisa_atlas__eleicoes_para_2026_261003_73d3d84100fa7c48.pdf,2026-10-07 21:55,outro,sudoeste paraense,AtlasIntel_para_pesqui
Sudeste +,Capital,54.9,45.1,,,,100.0,True,29,True,AtlasIntel,para,,,,,pesquisa_atlas__eleicoes_para_2026_261003_73d3d84100fa7c48.pdf,https://cdn1.atlasintel.org/pesquisa_atlas__eleicoes_para_2026_261003_73d3d84100fa7c48.pdf,2026-10-07 21:55,outro,capital,AtlasIntel_para_pesqui
Sudeste +,Metropolitana de Belém 50.7,50.7,49.3,,,,100.0,True,29,True,AtlasIntel,para,,,,,pesquisa_atlas__eleicoes_para_2026_261003_73d3d84100fa7c48.pdf,https://cdn1.atlasintel.org/pesquisa_atlas__eleicoes_para_2026_261003_73d3d84100fa7c48.pdf,2026-10-07 21:55,porte,regiao_metropolitana,AtlasIntel_para_pesqui
Baixo,Amazonas + Marajó 55.7,55.7,44.3,,,,100.0,True,29,True,AtlasIntel,para,,,,,pesquisa_atlas__eleicoes_para_2026_261003_73d3d84100fa7c48.pdf,https://cdn1.atlasintel.org/pesquisa_atlas__eleicoes_para_2026_261003_73d3d84100fa7c48.pdf,2026-10-07 21:55,outro,amazonas + marajó 55.7,AtlasIntel_para_pesqui
Baixo,Nordeste Paraense 65.3,65.3,34.7,,,,100.0,True,29,True,AtlasIntel,para,,,,,pesquisa_atlas__eleicoes_para_2026_261003_73d3d84100fa7c48.pdf,https://cdn1.atlasintel.org/pesquisa_atlas__eleicoes_para_2026_261003_73d3d84100fa7c48.pdf,2026-10-07 21:55,regiao,NE,AtlasIntel_para_pesqui
Baixo,Helder Barbalho 75.3,75.3,24.7,,,,100.0,True,29,True,AtlasIntel,para,,,,,pesquisa_atlas__eleicoes_para_2026_261003_73d3d84100fa7c48.pdf,https://cdn1.atlasintel.org/pesquisa_atlas__eleicoes_para_2026_261003_73d3d84100fa7c48.pdf,2026-10-07 21:55,outro,helder barbalho 75.3,AtlasIntel_para_pesqui
Baixo,Zequinha Marinho,2.9,97.1,,,,100.0,True,29,True,AtlasIntel,para,,,,,pesquisa_atlas__eleicoes_para_2026_261003_73d3d84100fa7c48.pdf,https://cdn1.atlasintel.org/pesquisa_atlas__eleicoes_para_2026_261003_73d3d84100fa7c48.pdf,2026-10-07 21:55,outro,zequinha marinho,AtlasIntel_para_pesqui
Baixo,Outro 37.8,37.8,62.2,,,,100.0,True,29,True,AtlasIntel,para,,,,,pesquisa_atlas__eleicoes_para_2026_261003_73d3d84100fa7c48.pdf,https://cdn1.atlasintel.org/pesquisa_atlas__eleicoes_para_2026_261003_73d3d84100fa7c48.pdf,2026-10-07 21:55,outro,outro 37.8,AtlasIntel_para_pesqui
Baixo,Voto branco/nulo 26.3,26.3,73.7,,,,100.0,True,29,True,AtlasIntel,para,,,,,pesquisa_atlas__eleicoes_para_2026_261003_73d3d84100fa7c48.pdf,https://cdn1.atlasintel.org/pesquisa_atlas__eleicoes_para_2026_261003_73d3d84100fa7c48.pdf,2026-10-07 21:55,outro,voto branco/nulo 26.3,AtlasIntel_para_pesqui
Baixo,Não votei,58.3,41.7,,,,100.0,True,29,True,AtlasIntel,para,,,,,pesquisa_atlas__eleicoes_para_2026_261003_73d3d84100fa7c48.pdf,https://cdn1.atlasintel.org/pesquisa_atlas__eleicoes_para_2026_261003_73d3d84100fa7c48.pdf,2026-10-07 21:55,outro,não votei,AtlasIntel_para_pesqui
GÊNERO,Homem,51.5,44.1,4.4,,,100.0,True,28,True,AtlasIntel,paraiba,,,,,pesquisa_atlas__eleicoes_paraiba_2026_261003_3189c456b3b38b4b.pdf,https://cdn1.atlasintel.org/pesquisa_atlas__eleicoes_paraiba_2026_261003_3189c456b3b38b4b.pdf,2026-10-07 21:55,sexo,masculino,AtlasIntel_paraiba_pesqui
GÊNERO,Mulher,70.4,24.7,4.9,,,100.0,True,28,True,AtlasIntel,paraiba,,,,,pesquisa_atlas__eleicoes_paraiba_2026_261003_3189c456b3b38b4b.pdf,https://cdn1.atlasintel.org/pesquisa_atlas__eleicoes_paraiba_2026_261003_3189c456b3b38b4b.pdf,2026-10-07 21:55,sexo,feminino,AtlasIntel_paraiba_pesqui
NÍVEL EDUCACIONAL,Ensino Fundamental e Médio,62.2,33.7,4.1,,,100.0,True,28,True,AtlasIntel,paraiba,,,,,pesquisa_atlas__eleicoes_paraiba_2026_261003_3189c456b3b38b4b.pdf,https://cdn1.atlasintel.org/pesquisa_atlas__eleicoes_paraiba_2026_261003_3189c456b3b38b4b.pdf,2026-10-07 21:55,escolaridade,fundamental_medio,AtlasIntel_paraiba_pesqui
NÍVEL EDUCACIONAL,Ensino Superior,58.6,34.8,6.6,,,100.0,True,28,True,AtlasIntel,paraiba,,,,,pesquisa_atlas__eleicoes_paraiba_2026_261003_3189c456b3b38b4b.pdf,https://cdn1.atlasintel.org/pesquisa_atlas__eleicoes_paraiba_2026_261003_3189c456b3b38b4b.pdf,2026-10-07 21:55,escolaridade,superior,AtlasIntel_paraiba_pesqui
NÍVEL EDUCACIONAL,16 24,53.5,36.6,9.9,,,100.0,True,28,True,AtlasIntel,paraiba,,,,,pesquisa_atlas__eleicoes_paraiba_2026_261003_3189c456b3b38b4b.pdf,https://cdn1.atlasintel.org/pesquisa_atlas__eleicoes_paraiba_2026_261003_3189c456b3b38b4b.pdf,2026-10-07 21:55,outro,16 24,AtlasIntel_paraiba_pesqui
NÍVEL EDUCACIONAL,25 34 35,52.2,41.4,6.3,,,99.9,True,28,True,AtlasIntel,paraiba,,,,,pesquisa_atlas__eleicoes_paraiba_2026_261003_3189c456b3b38b4b.pdf,https://cdn1.atlasintel.org/pesquisa_atlas__eleicoes_paraiba_2026_261003_3189c456b3b38b4b.pdf,2026-10-07 21:55,outro,25 34 35,AtlasIntel_paraiba_pesqui
IDADE,44,64.2,32.4,3.4,,,100.0,True,28,True,AtlasIntel,paraiba,,,,,pesquisa_atlas__eleicoes_paraiba_2026_261003_3189c456b3b38b4b.pdf,https://cdn1.atlasintel.org/pesquisa_atlas__eleicoes_paraiba_2026_261003_3189c456b3b38b4b.pdf,2026-10-07 21:55,outro,44,AtlasIntel_paraiba_pesqui
IDADE,45 59 60,64.9,29.6,5.5,,,100.0,True,28,True,AtlasIntel,paraiba,,,,,pesquisa_atlas__eleicoes_paraiba_2026_261003_3189c456b3b38b4b.pdf,https://cdn1.atlasintel.org/pesquisa_atlas__eleicoes_paraiba_2026_261003_3189c456b3b38b4b.pdf,2026-10-07 21:55,outro,45 59 60,AtlasIntel_paraiba_pesqui
IDADE,100,70.4,29.6,,,,100.0,True,28,True,AtlasIntel,paraiba,,,,,pesquisa_atlas__eleicoes_paraiba_2026_261003_3189c456b3b38b4b.pdf,https://cdn1.atlasintel.org/pesquisa_atlas__eleicoes_paraiba_2026_261003_3189c456b3b38b4b.pdf,2026-10-07 21:55,outro,100,AtlasIntel_paraiba_pesqui
,"R$O R$2,000 64.8",64.8,28.5,6.7,,,100.0,True,28,True,AtlasIntel,paraiba,,,,,pesquisa_atlas__eleicoes_paraiba_2026_261003_3189c456b3b38b4b.pdf,https://cdn1.atlasintel.org/pesquisa_atlas__eleicoes_paraiba_2026_261003_3189c456b3b38b4b.pdf,2026-10-07 21:55,renda_reais,2000_648,AtlasIntel_paraiba_pesqui
,"R$2,000 R$3,000",55.3,41.5,3.2,,,100.0,True,28,True,AtlasIntel,paraiba,,,,,pesquisa_atlas__eleicoes_paraiba_2026_261003_3189c456b3b38b4b.pdf,https://cdn1.atlasintel.org/pesquisa_atlas__eleicoes_paraiba_2026_261003_3189c456b3b38b4b.pdf,2026-10-07 21:55,renda_reais,2000_3000,AtlasIntel_paraiba_pesqui
RENDA FAMILIAR,"R$3,000 R$5,000",60.7,34.1,5.1,,,99.9,True,28,True,AtlasIntel,paraiba,,,,,pesquisa_atlas__eleicoes_paraiba_2026_261003_3189c456b3b38b4b.pdf,https://cdn1.atlasintel.org/pesquisa_atlas__eleicoes_paraiba_2026_261003_3189c456b3b38b4b.pdf,2026-10-07 21:55,renda_reais,3000_5000,AtlasIntel_paraiba_pesqui
RENDA FAMILIAR,"R$5,000 R$10,000",69.5,26.7,3.8,,,100.0,True,28,True,AtlasIntel,paraiba,,,,,pesquisa_atlas__eleicoes_paraiba_2026_261003_3189c456b3b38b4b.pdf,https://cdn1.atlasintel.org/pesquisa_atlas__eleicoes_paraiba_2026_261003_3189c456b3b38b4b.pdf,2026-10-07 21:55,renda_reais,5000_10000,AtlasIntel_paraiba_pesqui
RENDA FAMILIAR,"Acima de R$10,000 50.2",50.2,48.5,13.0,,,111.7,False,28,True,AtlasIntel,paraiba,,,,,pesquisa_atlas__eleicoes_paraiba_2026_261003_3189c456b3b38b4b.pdf,https://cdn1.atlasintel.org/pesquisa_atlas__eleicoes_paraiba_2026_261003_3189c456b3b38b4b.pdf,2026-10-07 21:55,renda_reais,acima_10000,AtlasIntel_paraiba_pesqui
RENDA FAMILIAR,Capital,56.0,39.4,4.7,,,100.1,True,28,True,AtlasIntel,paraiba,,,,,pesquisa_atlas__eleicoes_paraiba_2026_261003_3189c456b3b38b4b.pdf,https://cdn1.atlasintel.org/pesquisa_atlas__eleicoes_paraiba_2026_261003_3189c456b3b38b4b.pdf,2026-10-07 21:55,outro,capital,AtlasIntel_paraiba_pesqui
RENDA FAMILIAR,Região Intermediária de João 62.7,62.7,35.1,2.2,,,100.0,True,28,True,AtlasIntel,paraiba,,,,,pesquisa_atlas__eleicoes_paraiba_2026_261003_3189c456b3b38b4b.pdf,https://cdn1.atlasintel.org/pesquisa_atlas__eleicoes_paraiba_2026_261003_3189c456b3b38b4b.pdf,2026-10-07 21:55,renda,62_7sm,AtlasIntel_paraiba_pesqui
REGIÃO,Campina Grande,55.6,36.4,8.0,,,100.0,True,28,True,AtlasIntel,paraiba,,,,,pesquisa_atlas__eleicoes_paraiba_2026_261003_3189c456b3b38b4b.pdf,https://cdn1.atlasintel.org/pesquisa_atlas__eleicoes_paraiba_2026_261003_3189c456b3b38b4b.pdf,2026-10-07 21:55,outro,campina grande,AtlasIntel_paraiba_pesqui
REGIÃO,Patos,71.0,27.1,2.0,,,100.1,True,28,True,AtlasIntel,paraiba,,,,,pesquisa_atlas__eleicoes_paraiba_2026_261003_3189c456b3b38b4b.pdf,https://cdn1.atlasintel.org/pesquisa_atlas__eleicoes_paraiba_2026_261003_3189c456b3b38b4b.pdf,2026-10-07 21:55,outro,patos,AtlasIntel_paraiba_pesqui
REGIÃO,Sousa Cajazeiras,76.7,17.0,6.3,,,100.0,True,28,True,AtlasIntel,paraiba,,,,,pesquisa_atlas__eleicoes_paraiba_2026_261003_3189c456b3b38b4b.pdf,https://cdn1.atlasintel.org/pesquisa_atlas__eleicoes_paraiba_2026_261003_3189c456b3b38b4b.pdf,2026-10-07 21:55,outro,sousa cajazeiras,AtlasIntel_paraiba_pesqui
,Católico,68.3,27.0,4.6,,,99.9,True,28,True,AtlasIntel,paraiba,,,,,pesquisa_atlas__eleicoes_paraiba_2026_261003_3189c456b3b38b4b.pdf,https://cdn1.atlasintel.org/pesquisa_atlas__eleicoes_paraiba_2026_261003_3189c456b3b38b4b.pdf,2026-10-07 21:55,religiao,catolica,AtlasIntel_paraiba_pesqui
,Evangélico,34.0,60.0,5.9,,,99.9,True,28,True,AtlasIntel,paraiba,,,,,pesquisa_atlas__eleicoes_paraiba_2026_261003_3189c456b3b38b4b.pdf,https://cdn1.atlasintel.org/pesquisa_atlas__eleicoes_paraiba_2026_261003_3189c456b3b38b4b.pdf,2026-10-07 21:55,religiao,evangelica,AtlasIntel_paraiba_pesqui
RELIGIÃO,Outra religião,75.7,23.4,1.0,,,100.1,True,28,True,AtlasIntel,paraiba,,,,,pesquisa_atlas__eleicoes_paraiba_2026_261003_3189c456b3b38b4b.pdf,https://cdn1.atlasintel.org/pesquisa_atlas__eleicoes_paraiba_2026_261003_3189c456b3b38b4b.pdf,2026-10-07 21:55,outro,outra religião,AtlasIntel_paraiba_pesqui
RELIGIÃO,Crente sem religião,59.0,34.9,6.1,,,100.0,True,28,True,AtlasIntel,paraiba,,,,,pesquisa_atlas__eleicoes_paraiba_2026_261003_3189c456b3b38b4b.pdf,https://cdn1.atlasintel.org/pesquisa_atlas__eleicoes_paraiba_2026_261003_3189c456b3b38b4b.pdf,2026-10-07 21:55,religiao,sem_religiao,AtlasIntel_paraiba_pesqui
RELIGIÃO,Agnóstico ou ateu,87.7,10.7,1.6,,,100.0,True,28,True,AtlasIntel,paraiba,,,,,pesquisa_atlas__eleicoes_paraiba_2026_261003_3189c456b3b38b4b.pdf,https://cdn1.atlasintel.org/pesquisa_atlas__eleicoes_paraiba_2026_261003_3189c456b3b38b4b.pdf,2026-10-07 21:55,religiao,sem_religiao,AtlasIntel_paraiba_pesqui
RELIGIÃO,João Azevedo,88.0,8.6,3.4,,,100.0,True,28,True,AtlasIntel,paraiba,,,,,pesquisa_atlas__eleicoes_paraiba_2026_261003_3189c456b3b38b4b.pdf,https://cdn1.atlasintel.org/pesquisa_atlas__eleicoes_paraiba_2026_261003_3189c456b3b38b4b.pdf,2026-10-07 21:55,outro,joão azevedo,AtlasIntel_paraiba_pesqui
VOTO GOVERNADOR - 2º TURNO 2022,Pedro Cunha Lima,32.8,63.8,3.5,,,100.1,True,28,True,AtlasIntel,paraiba,,,,,pesquisa_atlas__eleicoes_paraiba_2026_261003_3189c456b3b38b4b.pdf,https://cdn1.atlasintel.org/pesquisa_atlas__eleicoes_paraiba_2026_261003_3189c456b3b38b4b.pdf,2026-10-07 21:55,outro,pedro cunha lima,AtlasIntel_paraiba_pesqui
VOTO GOVERNADOR - 2º TURNO 2022,Voto branco/nulo,36.4,27.3,36.3,,,100.0,True,28,True,AtlasIntel,paraiba,,,,,pesquisa_atlas__eleicoes_paraiba_2026_261003_3189c456b3b38b4b.pdf,https://cdn1.atlasintel.org/pesquisa_atlas__eleicoes_paraiba_2026_261003_3189c456b3b38b4b.pdf,2026-10-07 21:55,outro,voto branco/nulo,AtlasIntel_paraiba_pesqui
VOTO GOVERNADOR - 2º TURNO 2022,Não votei,65.6,33.3,11.0,,,109.9,False,28,True,AtlasIntel,paraiba,,,,,pesquisa_atlas__eleicoes_paraiba_2026_261003_3189c456b3b38b4b.pdf,https://cdn1.atlasintel.org/pesquisa_atlas__eleicoes_paraiba_2026_261003_3189c456b3b38b4b.pdf,2026-10-07 21:55,outro,não votei,AtlasIntel_paraiba_pesqui
GÊNERO,Homem,30.5,62.7,,,,93.2,False,28,True,AtlasIntel,parana,,,,,pesquisa_atlas__eleicoes_parana_2026__261003_03d21a95487e2276.pdf,https://cdn1.atlasintel.org/pesquisa_atlas__eleicoes_parana_2026__261003_03d21a95487e2276.pdf,2026-10-07 21:55,sexo,masculino,AtlasIntel_parana_pesqui
GÊNERO,Mulher,45.5,50.6,3.9,,,100.0,True,28,True,AtlasIntel,parana,,,,,pesquisa_atlas__eleicoes_parana_2026__261003_03d21a95487e2276.pdf,https://cdn1.atlasintel.org/pesquisa_atlas__eleicoes_parana_2026__261003_03d21a95487e2276.pdf,2026-10-07 21:55,sexo,feminino,AtlasIntel_parana_pesqui
NÍVEL EDUCACIONAL,Ensino Fundamental e Médio,33.1,61.9,5.0,,,100.0,True,28,True,AtlasIntel,parana,,,,,pesquisa_atlas__eleicoes_parana_2026__261003_03d21a95487e2276.pdf,https://cdn1.atlasintel.org/pesquisa_atlas__eleicoes_parana_2026__261003_03d21a95487e2276.pdf,2026-10-07 21:55,escolaridade,fundamental_medio,AtlasIntel_parana_pesqui
NÍVEL EDUCACIONAL,Ensino Superior,50.4,43.7,5.9,,,100.0,True,28,True,AtlasIntel,parana,,,,,pesquisa_atlas__eleicoes_parana_2026__261003_03d21a95487e2276.pdf,https://cdn1.atlasintel.org/pesquisa_atlas__eleicoes_parana_2026__261003_03d21a95487e2276.pdf,2026-10-07 21:55,escolaridade,superior,AtlasIntel_parana_pesqui
NÍVEL EDUCACIONAL,16 24 25,49.0,37.8,13.3,,,100.1,True,28,True,AtlasIntel,parana,,,,,pesquisa_atlas__eleicoes_parana_2026__261003_03d21a95487e2276.pdf,https://cdn1.atlasintel.org/pesquisa_atlas__eleicoes_parana_2026__261003_03d21a95487e2276.pdf,2026-10-07 21:55,outro,16 24 25,AtlasIntel_parana_pesqui
NÍVEL EDUCACIONAL,34,41.5,51.3,,,,92.8,False,28,True,AtlasIntel,parana,,,,,pesquisa_atlas__eleicoes_parana_2026__261003_03d21a95487e2276.pdf,https://cdn1.atlasintel.org/pesquisa_atlas__eleicoes_parana_2026__261003_03d21a95487e2276.pdf,2026-10-07 21:55,outro,34,AtlasIntel_parana_pesqui
IDADE,35 44,30.9,65.7,3.4,,,100.0,True,28,True,AtlasIntel,parana,,,,,pesquisa_atlas__eleicoes_parana_2026__261003_03d21a95487e2276.pdf,https://cdn1.atlasintel.org/pesquisa_atlas__eleicoes_parana_2026__261003_03d21a95487e2276.pdf,2026-10-07 21:55,outro,35 44,AtlasIntel_parana_pesqui
IDADE,45 59,35.1,59.8,5.1,,,100.0,True,28,True,AtlasIntel,parana,,,,,pesquisa_atlas__eleicoes_parana_2026__261003_03d21a95487e2276.pdf,https://cdn1.atlasintel.org/pesquisa_atlas__eleicoes_parana_2026__261003_03d21a95487e2276.pdf,2026-10-07 21:55,outro,45 59,AtlasIntel_parana_pesqui
IDADE,60 Capital Londrina 100,41.2,56.4,2.3,,,99.9,True,28,True,AtlasIntel,parana,,,,,pesquisa_atlas__eleicoes_parana_2026__261003_03d21a95487e2276.pdf,https://cdn1.atlasintel.org/pesquisa_atlas__eleicoes_parana_2026__261003_03d21a95487e2276.pdf,2026-10-07 21:55,outro,60 capital londrina 100,AtlasIntel_parana_pesqui
REGIÃO,Região Cascavel Intermediária de Curitiba,35.7,56.1,8.2,,,100.0,True,28,True,AtlasIntel,parana,,,,,pesquisa_atlas__eleicoes_parana_2026__261003_03d21a95487e2276.pdf,https://cdn1.atlasintel.org/pesquisa_atlas__eleicoes_parana_2026__261003_03d21a95487e2276.pdf,2026-10-07 21:55,outro,região cascavel intermediária de curitiba,AtlasIntel_parana_pesqui
REGIÃO,Maringá,40.5,55.6,3.9,,,100.0,True,28,True,AtlasIntel,parana,,,,,pesquisa_atlas__eleicoes_parana_2026__261003_03d21a95487e2276.pdf,https://cdn1.atlasintel.org/pesquisa_atlas__eleicoes_parana_2026__261003_03d21a95487e2276.pdf,2026-10-07 21:55,outro,maringá,AtlasIntel_parana_pesqui
REGIÃO,Guarapuava + Ponta Grossa,44.2,53.5,2.3,,,100.0,True,28,True,AtlasIntel,parana,,,,,pesquisa_atlas__eleicoes_parana_2026__261003_03d21a95487e2276.pdf,https://cdn1.atlasintel.org/pesquisa_atlas__eleicoes_parana_2026__261003_03d21a95487e2276.pdf,2026-10-07 21:55,outro,guarapuava + ponta grossa,AtlasIntel_parana_pesqui
,"R$O R$2,000",40.4,53.1,6.5,,,100.0,True,28,True,AtlasIntel,parana,,,,,pesquisa_atlas__eleicoes_parana_2026__261003_03d21a95487e2276.pdf,https://cdn1.atlasintel.org/pesquisa_atlas__eleicoes_parana_2026__261003_03d21a95487e2276.pdf,2026-10-07 21:55,renda_reais,2000,AtlasIntel_parana_pesqui
,"R$2,000 R$3,000",35.9,59.3,4.8,,,100.0,True,28,True,AtlasIntel,parana,,,,,pesquisa_atlas__eleicoes_parana_2026__261003_03d21a95487e2276.pdf,https://cdn1.atlasintel.org/pesquisa_atlas__eleicoes_parana_2026__261003_03d21a95487e2276.pdf,2026-10-07 21:55,renda_reais,2000_3000,AtlasIntel_parana_pesqui
RENDA FAMILIAR,"R$3,000 R$5,000",41.9,53.3,4.8,,,100.0,True,28,True,AtlasIntel,parana,,,,,pesquisa_atlas__eleicoes_parana_2026__261003_03d21a95487e2276.pdf,https://cdn1.atlasintel.org/pesquisa_atlas__eleicoes_parana_2026__261003_03d21a95487e2276.pdf,2026-10-07 21:55,renda_reais,3000_5000,AtlasIntel_parana_pesqui
RENDA FAMILIAR,"R$5,000 R$10,000",28.7,66.7,4.5,,,99.9,True,28,True,AtlasIntel,parana,,,,,pesquisa_atlas__eleicoes_parana_2026__261003_03d21a95487e2276.pdf,https://cdn1.atlasintel.org/pesquisa_atlas__eleicoes_parana_2026__261003_03d21a95487e2276.pdf,2026-10-07 21:55,renda_reais,5000_10000,AtlasIntel_parana_pesqui
RENDA FAMILIAR,"Acima de R$10,000",47.9,45.8,6.3,,,100.0,True,28,True,AtlasIntel,parana,,,,,pesquisa_atlas__eleicoes_parana_2026__261003_03d21a95487e2276.pdf,https://cdn1.atlasintel.org/pesquisa_atlas__eleicoes_parana_2026__261003_03d21a95487e2276.pdf,2026-10-07 21:55,renda_reais,acima_10000,AtlasIntel_parana_pesqui
RENDA FAMILIAR,Católico,35.6,59.9,4.4,,,99.9,True,28,True,AtlasIntel,parana,,,,,pesquisa_atlas__eleicoes_parana_2026__261003_03d21a95487e2276.pdf,https://cdn1.atlasintel.org/pesquisa_atlas__eleicoes_parana_2026__261003_03d21a95487e2276.pdf,2026-10-07 21:55,religiao,catolica,AtlasIntel_parana_pesqui
RENDA FAMILIAR,Evangélico,15.0,81.9,3.1,,,100.0,True,28,True,AtlasIntel,parana,,,,,pesquisa_atlas__eleicoes_parana_2026__261003_03d21a95487e2276.pdf,https://cdn1.atlasintel.org/pesquisa_atlas__eleicoes_parana_2026__261003_03d21a95487e2276.pdf,2026-10-07 21:55,religiao,evangelica,AtlasIntel_parana_pesqui
RELIGIÃO,Outra religião,59.6,31.1,9.4,,,100.1,True,28,True,AtlasIntel,parana,,,,,pesquisa_atlas__eleicoes_parana_2026__261003_03d21a95487e2276.pdf,https://cdn1.atlasintel.org/pesquisa_atlas__eleicoes_parana_2026__261003_03d21a95487e2276.pdf,2026-10-07 21:55,outro,outra religião,AtlasIntel_parana_pesqui
RELIGIÃO,Crente sem religião,53.0,35.4,11.7,,,100.1,True,28,True,AtlasIntel,parana,,,,,pesquisa_atlas__eleicoes_parana_2026__261003_03d21a95487e2276.pdf,https://cdn1.atlasintel.org/pesquisa_atlas__eleicoes_parana_2026__261003_03d21a95487e2276.pdf,2026-10-07 21:55,religiao,sem_religiao,AtlasIntel_parana_pesqui
RELIGIÃO,Agnóstico ou ateu,73.2,21.2,5.6,,,100.0,True,28,True,AtlasIntel,parana,,,,,pesquisa_atlas__eleicoes_parana_2026__261003_03d21a95487e2276.pdf,https://cdn1.atlasintel.org/pesquisa_atlas__eleicoes_parana_2026__261003_03d21a95487e2276.pdf,2026-10-07 21:55,religiao,sem_religiao,AtlasIntel_parana_pesqui
RELIGIÃO,Ratinho Junior,14.4,81.5,4.1,,,100.0,True,28,True,AtlasIntel,parana,,,,,pesquisa_atlas__eleicoes_parana_2026__261003_03d21a95487e2276.pdf,https://cdn1.atlasintel.org/pesquisa_atlas__eleicoes_parana_2026__261003_03d21a95487e2276.pdf,2026-10-07 21:55,outro,ratinho junior,AtlasIntel_parana_pesqui
VOTO GOVERNADOR - 1° TURNO 2022,Requião,96.5,1.4,2.0,,,99.9,True,28,True,AtlasIntel,parana,,,,,pesquisa_atlas__eleicoes_parana_2026__261003_03d21a95487e2276.pdf,https://cdn1.atlasintel.org/pesquisa_atlas__eleicoes_parana_2026__261003_03d21a95487e2276.pdf,2026-10-07 21:55,outro,requião,AtlasIntel_parana_pesqui
VOTO GOVERNADOR - 1° TURNO 2022,Outro,38.3,49.2,12.5,,,100.0,True,28,True,AtlasIntel,parana,,,,,pesquisa_atlas__eleicoes_parana_2026__261003_03d21a95487e2276.pdf,https://cdn1.atlasintel.org/pesquisa_atlas__eleicoes_parana_2026__261003_03d21a95487e2276.pdf,2026-10-07 21:55,outro,outro,AtlasIntel_parana_pesqui
VOTO GOVERNADOR - 1° TURNO 2022,Voto branco/nulo,32.3,56.6,11.0,,,99.9,True,28,True,AtlasIntel,parana,,,,,pesquisa_atlas__eleicoes_parana_2026__261003_03d21a95487e2276.pdf,https://cdn1.atlasintel.org/pesquisa_atlas__eleicoes_parana_2026__261003_03d21a95487e2276.pdf,2026-10-07 21:55,outro,voto branco/nulo,AtlasIntel_parana_pesqui
VOTO GOVERNADOR - 1° TURNO 2022,Não votei,50.5,35.9,13.5,,,99.9,True,28,True,AtlasIntel,parana,,,,,pesquisa_atlas__eleicoes_parana_2026__261003_03d21a95487e2276.pdf,https://cdn1.atlasintel.org/pesquisa_atlas__eleicoes_parana_2026__261003_03d21a95487e2276.pdf,2026-10-07 21:55,outro,não votei,AtlasIntel_parana_pesqui
GÊNERO,Homem,51.4,42.5,6.1,,,100.0,True,33,True,AtlasIntel,pernambuco,,,,,pesquisa_atlas__eleicoes_pernambuco_2026__261003_0a32bcad1047a3ae.pdf,https://cdn1.atlasintel.org/pesquisa_atlas__eleicoes_pernambuco_2026__261003_0a32bcad1047a3ae.pdf,2026-10-07 21:55,sexo,masculino,AtlasIntel_pernambuco_pesqui
GÊNERO,Mulher,68.0,26.8,,,,94.8,False,33,True,AtlasIntel,pernambuco,,,,,pesquisa_atlas__eleicoes_pernambuco_2026__261003_0a32bcad1047a3ae.pdf,https://cdn1.atlasintel.org/pesquisa_atlas__eleicoes_pernambuco_2026__261003_0a32bcad1047a3ae.pdf,2026-10-07 21:55,sexo,feminino,AtlasIntel_pernambuco_pesqui
NIVEL EDUCACIONAL,Ensino Fundamental e Médio,59.7,35.3,5.0,,,100.0,True,33,True,AtlasIntel,pernambuco,,,,,pesquisa_atlas__eleicoes_pernambuco_2026__261003_0a32bcad1047a3ae.pdf,https://cdn1.atlasintel.org/pesquisa_atlas__eleicoes_pernambuco_2026__261003_0a32bcad1047a3ae.pdf,2026-10-07 21:55,escolaridade,fundamental_medio,AtlasIntel_pernambuco_pesqui
NIVEL EDUCACIONAL,Ensino Superior,62.8,29.0,8.2,,,100.0,True,33,True,AtlasIntel,pernambuco,,,,,pesquisa_atlas__eleicoes_pernambuco_2026__261003_0a32bcad1047a3ae.pdf,https://cdn1.atlasintel.org/pesquisa_atlas__eleicoes_pernambuco_2026__261003_0a32bcad1047a3ae.pdf,2026-10-07 21:55,escolaridade,superior,AtlasIntel_pernambuco_pesqui
NIVEL EDUCACIONAL,16 24,58.8,36.8,4.4,,,100.0,True,33,True,AtlasIntel,pernambuco,,,,,pesquisa_atlas__eleicoes_pernambuco_2026__261003_0a32bcad1047a3ae.pdf,https://cdn1.atlasintel.org/pesquisa_atlas__eleicoes_pernambuco_2026__261003_0a32bcad1047a3ae.pdf,2026-10-07 21:55,outro,16 24,AtlasIntel_pernambuco_pesqui
NIVEL EDUCACIONAL,2534 35,51.3,37.2,11.5,,,100.0,True,33,True,AtlasIntel,pernambuco,,,,,pesquisa_atlas__eleicoes_pernambuco_2026__261003_0a32bcad1047a3ae.pdf,https://cdn1.atlasintel.org/pesquisa_atlas__eleicoes_pernambuco_2026__261003_0a32bcad1047a3ae.pdf,2026-10-07 21:55,outro,2534 35,AtlasIntel_pernambuco_pesqui
IDADE,45 44,44.4,52.0,3.7,,,100.1,True,33,True,AtlasIntel,pernambuco,,,,,pesquisa_atlas__eleicoes_pernambuco_2026__261003_0a32bcad1047a3ae.pdf,https://cdn1.atlasintel.org/pesquisa_atlas__eleicoes_pernambuco_2026__261003_0a32bcad1047a3ae.pdf,2026-10-07 21:55,outro,45 44,AtlasIntel_pernambuco_pesqui
IDADE,59 60,68.9,26.5,4.6,,,100.0,True,33,True,AtlasIntel,pernambuco,,,,,pesquisa_atlas__eleicoes_pernambuco_2026__261003_0a32bcad1047a3ae.pdf,https://cdn1.atlasintel.org/pesquisa_atlas__eleicoes_pernambuco_2026__261003_0a32bcad1047a3ae.pdf,2026-10-07 21:55,outro,59 60,AtlasIntel_pernambuco_pesqui
IDADE,100,74.1,21.7,4.2,,,100.0,True,33,True,AtlasIntel,pernambuco,,,,,pesquisa_atlas__eleicoes_pernambuco_2026__261003_0a32bcad1047a3ae.pdf,https://cdn1.atlasintel.org/pesquisa_atlas__eleicoes_pernambuco_2026__261003_0a32bcad1047a3ae.pdf,2026-10-07 21:55,outro,100,AtlasIntel_pernambuco_pesqui
,Caruaru 59.3,59.3,34.1,6.6,,,100.0,True,33,True,AtlasIntel,pernambuco,,,,,pesquisa_atlas__eleicoes_pernambuco_2026__261003_0a32bcad1047a3ae.pdf,https://cdn1.atlasintel.org/pesquisa_atlas__eleicoes_pernambuco_2026__261003_0a32bcad1047a3ae.pdf,2026-10-07 21:55,outro,caruaru 59.3,AtlasIntel_pernambuco_pesqui
,Capital,51.0,38.2,10.8,,,100.0,True,33,True,AtlasIntel,pernambuco,,,,,pesquisa_atlas__eleicoes_pernambuco_2026__261003_0a32bcad1047a3ae.pdf,https://cdn1.atlasintel.org/pesquisa_atlas__eleicoes_pernambuco_2026__261003_0a32bcad1047a3ae.pdf,2026-10-07 21:55,outro,capital,AtlasIntel_pernambuco_pesqui
REGIÃO,Região Imediata de Recife,58.0,38.5,3.6,,,100.1,True,33,True,AtlasIntel,pernambuco,,,,,pesquisa_atlas__eleicoes_pernambuco_2026__261003_0a32bcad1047a3ae.pdf,https://cdn1.atlasintel.org/pesquisa_atlas__eleicoes_pernambuco_2026__261003_0a32bcad1047a3ae.pdf,2026-10-07 21:55,outro,região imediata de recife,AtlasIntel_pernambuco_pesqui
REGIÃO,Resto da Região Intermediária,64.7,31.0,4.3,,,100.0,True,33,True,AtlasIntel,pernambuco,,,,,pesquisa_atlas__eleicoes_pernambuco_2026__261003_0a32bcad1047a3ae.pdf,https://cdn1.atlasintel.org/pesquisa_atlas__eleicoes_pernambuco_2026__261003_0a32bcad1047a3ae.pdf,2026-10-07 21:55,outro,resto da região intermediária,AtlasIntel_pernambuco_pesqui
REGIÃO,Petrolina + Serra Talhada,72.2,24.9,2.8,,,99.9,True,33,True,AtlasIntel,pernambuco,,,,,pesquisa_atlas__eleicoes_pernambuco_2026__261003_0a32bcad1047a3ae.pdf,https://cdn1.atlasintel.org/pesquisa_atlas__eleicoes_pernambuco_2026__261003_0a32bcad1047a3ae.pdf,2026-10-07 21:55,outro,petrolina + serra talhada,AtlasIntel_pernambuco_pesqui
REGIÃO,"R$O R$2,000",58.6,37.4,4.0,,,100.0,True,33,True,AtlasIntel,pernambuco,,,,,pesquisa_atlas__eleicoes_pernambuco_2026__261003_0a32bcad1047a3ae.pdf,https://cdn1.atlasintel.org/pesquisa_atlas__eleicoes_pernambuco_2026__261003_0a32bcad1047a3ae.pdf,2026-10-07 21:55,renda_reais,2000,AtlasIntel_pernambuco_pesqui
REGIÃO,"R$2,000 R$3,000 63.8",63.8,26.1,,,,89.9,False,33,True,AtlasIntel,pernambuco,,,,,pesquisa_atlas__eleicoes_pernambuco_2026__261003_0a32bcad1047a3ae.pdf,https://cdn1.atlasintel.org/pesquisa_atlas__eleicoes_pernambuco_2026__261003_0a32bcad1047a3ae.pdf,2026-10-07 21:55,renda_reais,2000_3000,AtlasIntel_pernambuco_pesqui
RENDA FAMILIAR,"R$3,000 R$5,000",57.5,38.4,4.1,,,100.0,True,33,True,AtlasIntel,pernambuco,,,,,pesquisa_atlas__eleicoes_pernambuco_2026__261003_0a32bcad1047a3ae.pdf,https://cdn1.atlasintel.org/pesquisa_atlas__eleicoes_pernambuco_2026__261003_0a32bcad1047a3ae.pdf,2026-10-07 21:55,renda_reais,3000_5000,AtlasIntel_pernambuco_pesqui
RENDA FAMILIAR,"R$5,000 R$10,000",65.2,28.5,6.3,,,100.0,True,33,True,AtlasIntel,pernambuco,,,,,pesquisa_atlas__eleicoes_pernambuco_2026__261003_0a32bcad1047a3ae.pdf,https://cdn1.atlasintel.org/pesquisa_atlas__eleicoes_pernambuco_2026__261003_0a32bcad1047a3ae.pdf,2026-10-07 21:55,renda_reais,5000_10000,AtlasIntel_pernambuco_pesqui
RENDA FAMILIAR,"Acima de R$10,000",60.4,33.1,6.5,,,100.0,True,33,True,AtlasIntel,pernambuco,,,,,pesquisa_atlas__eleicoes_pernambuco_2026__261003_0a32bcad1047a3ae.pdf,https://cdn1.atlasintel.org/pesquisa_atlas__eleicoes_pernambuco_2026__261003_0a32bcad1047a3ae.pdf,2026-10-07 21:55,renda_reais,acima_10000,AtlasIntel_pernambuco_pesqui
,Católico,72.4,24.7,3.0,,,100.1,True,33,True,AtlasIntel,pernambuco,,,,,pesquisa_atlas__eleicoes_pernambuco_2026__261003_0a32bcad1047a3ae.pdf,https://cdn1.atlasintel.org/pesquisa_atlas__eleicoes_pernambuco_2026__261003_0a32bcad1047a3ae.pdf,2026-10-07 21:55,religiao,catolica,AtlasIntel_pernambuco_pesqui
,Evangélico,28.2,64.3,7.4,,,99.9,True,33,True,AtlasIntel,pernambuco,,,,,pesquisa_atlas__eleicoes_pernambuco_2026__261003_0a32bcad1047a3ae.pdf,https://cdn1.atlasintel.org/pesquisa_atlas__eleicoes_pernambuco_2026__261003_0a32bcad1047a3ae.pdf,2026-10-07 21:55,religiao,evangelica,AtlasIntel_pernambuco_pesqui
RELIGIÃO,Outra religião,66.4,18.2,15.3,,,99.9,True,33,True,AtlasIntel,pernambuco,,,,,pesquisa_atlas__eleicoes_pernambuco_2026__261003_0a32bcad1047a3ae.pdf,https://cdn1.atlasintel.org/pesquisa_atlas__eleicoes_pernambuco_2026__261003_0a32bcad1047a3ae.pdf,2026-10-07 21:55,outro,outra religião,AtlasIntel_pernambuco_pesqui
RELIGIÃO,Crente sem religião 59.8,59.8,33.4,6.8,,,100.0,True,33,True,AtlasIntel,pernambuco,,,,,pesquisa_atlas__eleicoes_pernambuco_2026__261003_0a32bcad1047a3ae.pdf,https://cdn1.atlasintel.org/pesquisa_atlas__eleicoes_pernambuco_2026__261003_0a32bcad1047a3ae.pdf,2026-10-07 21:55,religiao,sem_religiao,AtlasIntel_pernambuco_pesqui
RELIGIÃO,Agnóstico ou ateu 85.7,85.7,7.2,7.1,,,100.0,True,33,True,AtlasIntel,pernambuco,,,,,pesquisa_atlas__eleicoes_pernambuco_2026__261003_0a32bcad1047a3ae.pdf,https://cdn1.atlasintel.org/pesquisa_atlas__eleicoes_pernambuco_2026__261003_0a32bcad1047a3ae.pdf,2026-10-07 21:55,religiao,sem_religiao,AtlasIntel_pernambuco_pesqui
RELIGIÃO,Raquel Lyra,38.8,55.6,5.5,,,99.9,True,33,True,AtlasIntel,pernambuco,,,,,pesquisa_atlas__eleicoes_pernambuco_2026__261003_0a32bcad1047a3ae.pdf,https://cdn1.atlasintel.org/pesquisa_atlas__eleicoes_pernambuco_2026__261003_0a32bcad1047a3ae.pdf,2026-10-07 21:55,outro,raquel lyra,AtlasIntel_pernambuco_pesqui
VOTO GOVERNADOR - 2º TURNO 2022,Marília Arraes 91.7,91.7,4.2,4.0,,,99.9,True,33,True,AtlasIntel,pernambuco,,,,,pesquisa_atlas__eleicoes_pernambuco_2026__261003_0a32bcad1047a3ae.pdf,https://cdn1.atlasintel.org/pesquisa_atlas__eleicoes_pernambuco_2026__261003_0a32bcad1047a3ae.pdf,2026-10-07 21:55,outro,marília arraes 91.7,AtlasIntel_pernambuco_pesqui
VOTO GOVERNADOR - 2º TURNO 2022,Voto branco/nulo 49.2,49.2,27.7,23.2,,,100.1,True,33,True,AtlasIntel,pernambuco,,,,,pesquisa_atlas__eleicoes_pernambuco_2026__261003_0a32bcad1047a3ae.pdf,https://cdn1.atlasintel.org/pesquisa_atlas__eleicoes_pernambuco_2026__261003_0a32bcad1047a3ae.pdf,2026-10-07 21:55,outro,voto branco/nulo 49.2,AtlasIntel_pernambuco_pesqui
VOTO GOVERNADOR - 2º TURNO 2022,Não votei,64.9,31.9,3.2,,,100.0,True,33,True,AtlasIntel,pernambuco,,,,,pesquisa_atlas__eleicoes_pernambuco_2026__261003_0a32bcad1047a3ae.pdf,https://cdn1.atlasintel.org/pesquisa_atlas__eleicoes_pernambuco_2026__261003_0a32bcad1047a3ae.pdf,2026-10-07 21:55,outro,não votei,AtlasIntel_pernambuco_pesqui
GÊNERO,Homem 48.8,48.8,44.6,6.6,,,100.0,True,29,True,AtlasIntel,rio grande do norte,,,,,pesquisa_atlas__eleicoes_rio_grande_do_norte_261003_64edec3832ed9c3f.pdf,https://cdn1.atlasintel.org/pesquisa_atlas__eleicoes_rio_grande_do_norte_261003_64edec3832ed9c3f.pdf,2026-10-07 21:55,outro,homem 48.8,AtlasIntel_rio grande do norte_pesqui
GÊNERO,Mulher,64.8,32.3,2.9,,,100.0,True,29,True,AtlasIntel,rio grande do norte,,,,,pesquisa_atlas__eleicoes_rio_grande_do_norte_261003_64edec3832ed9c3f.pdf,https://cdn1.atlasintel.org/pesquisa_atlas__eleicoes_rio_grande_do_norte_261003_64edec3832ed9c3f.pdf,2026-10-07 21:55,sexo,feminino,AtlasIntel_rio grande do norte_pesqui
GÊNERO,16 24 66.8,66.8,26.1,7.2,,,100.1,True,29,True,AtlasIntel,rio grande do norte,,,,,pesquisa_atlas__eleicoes_rio_grande_do_norte_261003_64edec3832ed9c3f.pdf,https://cdn1.atlasintel.org/pesquisa_atlas__eleicoes_rio_grande_do_norte_261003_64edec3832ed9c3f.pdf,2026-10-07 21:55,outro,16 24 66.8,AtlasIntel_rio grande do norte_pesqui
GÊNERO,45 59 25 34 35 44 46.1,46.1,44.4,9.6,,,100.1,True,29,True,AtlasIntel,rio grande do norte,,,,,pesquisa_atlas__eleicoes_rio_grande_do_norte_261003_64edec3832ed9c3f.pdf,https://cdn1.atlasintel.org/pesquisa_atlas__eleicoes_rio_grande_do_norte_261003_64edec3832ed9c3f.pdf,2026-10-07 21:55,outro,45 59 25 34 35 44 46.1,AtlasIntel_rio grande do norte_pesqui
NÍVEL EDUCACIONAL,60 100 Ensino Superior 8-e-3,55.6,37.4,70.0,,,163.0,False,29,True,AtlasIntel,rio grande do norte,,,,,pesquisa_atlas__eleicoes_rio_grande_do_norte_261003_64edec3832ed9c3f.pdf,https://cdn1.atlasintel.org/pesquisa_atlas__eleicoes_rio_grande_do_norte_261003_64edec3832ed9c3f.pdf,2026-10-07 21:55,escolaridade,superior,AtlasIntel_rio grande do norte_pesqui
NÍVEL EDUCACIONAL,Ensino Fundamental e Médio,57.6,38.5,4.0,,,100.1,True,29,True,AtlasIntel,rio grande do norte,,,,,pesquisa_atlas__eleicoes_rio_grande_do_norte_261003_64edec3832ed9c3f.pdf,https://cdn1.atlasintel.org/pesquisa_atlas__eleicoes_rio_grande_do_norte_261003_64edec3832ed9c3f.pdf,2026-10-07 21:55,escolaridade,fundamental_medio,AtlasIntel_rio grande do norte_pesqui
,"R$O R$2,000",70.5,26.5,3.0,,,100.0,True,29,True,AtlasIntel,rio grande do norte,,,,,pesquisa_atlas__eleicoes_rio_grande_do_norte_261003_64edec3832ed9c3f.pdf,https://cdn1.atlasintel.org/pesquisa_atlas__eleicoes_rio_grande_do_norte_261003_64edec3832ed9c3f.pdf,2026-10-07 21:55,renda_reais,2000,AtlasIntel_rio grande do norte_pesqui
,"R$2,000 R$3,000",40.1,53.5,6.4,,,100.0,True,29,True,AtlasIntel,rio grande do norte,,,,,pesquisa_atlas__eleicoes_rio_grande_do_norte_261003_64edec3832ed9c3f.pdf,https://cdn1.atlasintel.org/pesquisa_atlas__eleicoes_rio_grande_do_norte_261003_64edec3832ed9c3f.pdf,2026-10-07 21:55,renda_reais,2000_3000,AtlasIntel_rio grande do norte_pesqui
RENDA FAMILIAR,"R$3,000 R$5,000",60.2,34.7,5.1,,,100.0,True,29,True,AtlasIntel,rio grande do norte,,,,,pesquisa_atlas__eleicoes_rio_grande_do_norte_261003_64edec3832ed9c3f.pdf,https://cdn1.atlasintel.org/pesquisa_atlas__eleicoes_rio_grande_do_norte_261003_64edec3832ed9c3f.pdf,2026-10-07 21:55,renda_reais,3000_5000,AtlasIntel_rio grande do norte_pesqui
RENDA FAMILIAR,"R$5,000 Acima de R$10,000 R$10,000",49.0,45.0,6.0,,,100.0,True,29,True,AtlasIntel,rio grande do norte,,,,,pesquisa_atlas__eleicoes_rio_grande_do_norte_261003_64edec3832ed9c3f.pdf,https://cdn1.atlasintel.org/pesquisa_atlas__eleicoes_rio_grande_do_norte_261003_64edec3832ed9c3f.pdf,2026-10-07 21:55,renda_reais,acima_5000,AtlasIntel_rio grande do norte_pesqui
RELIGIÃO,Crente sem religião,47.7,43.8,8.5,,,100.0,True,29,True,AtlasIntel,rio grande do norte,,,,,pesquisa_atlas__eleicoes_rio_grande_do_norte_261003_64edec3832ed9c3f.pdf,https://cdn1.atlasintel.org/pesquisa_atlas__eleicoes_rio_grande_do_norte_261003_64edec3832ed9c3f.pdf,2026-10-07 21:55,religiao,sem_religiao,AtlasIntel_rio grande do norte_pesqui
RELIGIÃO,Agnóstico ou ateu,81.9,4.0,14.1,,,100.0,True,29,True,AtlasIntel,rio grande do norte,,,,,pesquisa_atlas__eleicoes_rio_grande_do_norte_261003_64edec3832ed9c3f.pdf,https://cdn1.atlasintel.org/pesquisa_atlas__eleicoes_rio_grande_do_norte_261003_64edec3832ed9c3f.pdf,2026-10-07 21:55,religiao,sem_religiao,AtlasIntel_rio grande do norte_pesqui
,Agreste e Leste Potiguar,61.8,33.4,4.9,,,100.1,True,29,True,AtlasIntel,rio grande do norte,,,,,pesquisa_atlas__eleicoes_rio_grande_do_norte_261003_64edec3832ed9c3f.pdf,https://cdn1.atlasintel.org/pesquisa_atlas__eleicoes_rio_grande_do_norte_261003_64edec3832ed9c3f.pdf,2026-10-07 21:55,outro,agreste e leste potiguar,AtlasIntel_rio grande do norte_pesqui
REGIÃO,Oeste Potiguar,59.7,33.9,6.4,,,100.0,True,29,True,AtlasIntel,rio grande do norte,,,,,pesquisa_atlas__eleicoes_rio_grande_do_norte_261003_64edec3832ed9c3f.pdf,https://cdn1.atlasintel.org/pesquisa_atlas__eleicoes_rio_grande_do_norte_261003_64edec3832ed9c3f.pdf,2026-10-07 21:55,outro,oeste potiguar,AtlasIntel_rio grande do norte_pesqui
REGIÃO,Capital,47.0,49.5,3.6,,,100.1,True,29,True,AtlasIntel,rio grande do norte,,,,,pesquisa_atlas__eleicoes_rio_grande_do_norte_261003_64edec3832ed9c3f.pdf,https://cdn1.atlasintel.org/pesquisa_atlas__eleicoes_rio_grande_do_norte_261003_64edec3832ed9c3f.pdf,2026-10-07 21:55,outro,capital,AtlasIntel_rio grande do norte_pesqui
REGIÃO,Central Potiguar,58.6,38.8,2.6,,,100.0,True,29,True,AtlasIntel,rio grande do norte,,,,,pesquisa_atlas__eleicoes_rio_grande_do_norte_261003_64edec3832ed9c3f.pdf,https://cdn1.atlasintel.org/pesquisa_atlas__eleicoes_rio_grande_do_norte_261003_64edec3832ed9c3f.pdf,2026-10-07 21:55,outro,central potiguar,AtlasIntel_rio grande do norte_pesqui
REGIÃO,Fabio Dantas,9.6,85.7,4.8,,,100.1,True,29,True,AtlasIntel,rio grande do norte,,,,,pesquisa_atlas__eleicoes_rio_grande_do_norte_261003_64edec3832ed9c3f.pdf,https://cdn1.atlasintel.org/pesquisa_atlas__eleicoes_rio_grande_do_norte_261003_64edec3832ed9c3f.pdf,2026-10-07 21:55,outro,fabio dantas,AtlasIntel_rio grande do norte_pesqui
VOTO GOVERNADOR - 1° TURNO 2022,Fatima Bezerra,90.6,6.6,2.7,,,99.9,True,29,True,AtlasIntel,rio grande do norte,,,,,pesquisa_atlas__eleicoes_rio_grande_do_norte_261003_64edec3832ed9c3f.pdf,https://cdn1.atlasintel.org/pesquisa_atlas__eleicoes_rio_grande_do_norte_261003_64edec3832ed9c3f.pdf,2026-10-07 21:55,outro,fatima bezerra,AtlasIntel_rio grande do norte_pesqui
VOTO GOVERNADOR - 1° TURNO 2022,Styvenson Valentim,14.5,78.3,7.2,,,100.0,True,29,True,AtlasIntel,rio grande do norte,,,,,pesquisa_atlas__eleicoes_rio_grande_do_norte_261003_64edec3832ed9c3f.pdf,https://cdn1.atlasintel.org/pesquisa_atlas__eleicoes_rio_grande_do_norte_261003_64edec3832ed9c3f.pdf,2026-10-07 21:55,outro,styvenson valentim,AtlasIntel_rio grande do norte_pesqui
VOTO GOVERNADOR - 1° TURNO 2022,Voto branco/nulo,43.1,45.4,11.5,,,100.0,True,29,True,AtlasIntel,rio grande do norte,,,,,pesquisa_atlas__eleicoes_rio_grande_do_norte_261003_64edec3832ed9c3f.pdf,https://cdn1.atlasintel.org/pesquisa_atlas__eleicoes_rio_grande_do_norte_261003_64edec3832ed9c3f.pdf,2026-10-07 21:55,outro,voto branco/nulo,AtlasIntel_rio grande do norte_pesqui
VOTO GOVERNADOR - 1° TURNO 2022,Não votei,63.0,35.3,1.6,,,99.9,True,29,True,AtlasIntel,rio grande do norte,,,,,pesquisa_atlas__eleicoes_rio_grande_do_norte_261003_64edec3832ed9c3f.pdf,https://cdn1.atlasintel.org/pesquisa_atlas__eleicoes_rio_grande_do_norte_261003_64edec3832ed9c3f.pdf,2026-10-07 21:55,outro,não votei,AtlasIntel_rio grande do norte_pesqui
GÊNERO,Homem,37.2,58.1,4.7,,,100.0,True,33,True,AtlasIntel,rio grande do sul,,,,,pesquisa_atlas__eleicoes_rio_grande_do_sul_2026__261003_7c410264cd72af23.pdf,https://cdn1.atlasintel.org/pesquisa_atlas__eleicoes_rio_grande_do_sul_2026__261003_7c410264cd72af23.pdf,2026-10-07 21:55,sexo,masculino,AtlasIntel_rio grande do sul_pesqui
GÊNERO,Mulher,47.8,43.0,9.2,,,100.0,True,33,True,AtlasIntel,rio grande do sul,,,,,pesquisa_atlas__eleicoes_rio_grande_do_sul_2026__261003_7c410264cd72af23.pdf,https://cdn1.atlasintel.org/pesquisa_atlas__eleicoes_rio_grande_do_sul_2026__261003_7c410264cd72af23.pdf,2026-10-07 21:55,sexo,feminino,AtlasIntel_rio grande do sul_pesqui
GÊNERO,16 24,51.0,47.0,2.1,,,100.1,True,33,True,AtlasIntel,rio grande do sul,,,,,pesquisa_atlas__eleicoes_rio_grande_do_sul_2026__261003_7c410264cd72af23.pdf,https://cdn1.atlasintel.org/pesquisa_atlas__eleicoes_rio_grande_do_sul_2026__261003_7c410264cd72af23.pdf,2026-10-07 21:55,outro,16 24,AtlasIntel_rio grande do sul_pesqui
GÊNERO,25 34,40.0,45.1,14.9,,,100.0,True,33,True,AtlasIntel,rio grande do sul,,,,,pesquisa_atlas__eleicoes_rio_grande_do_sul_2026__261003_7c410264cd72af23.pdf,https://cdn1.atlasintel.org/pesquisa_atlas__eleicoes_rio_grande_do_sul_2026__261003_7c410264cd72af23.pdf,2026-10-07 21:55,outro,25 34,AtlasIntel_rio grande do sul_pesqui
IDADE,3544,37.9,54.9,7.2,,,100.0,True,33,True,AtlasIntel,rio grande do sul,,,,,pesquisa_atlas__eleicoes_rio_grande_do_sul_2026__261003_7c410264cd72af23.pdf,https://cdn1.atlasintel.org/pesquisa_atlas__eleicoes_rio_grande_do_sul_2026__261003_7c410264cd72af23.pdf,2026-10-07 21:55,outro,3544,AtlasIntel_rio grande do sul_pesqui
IDADE,45 59 60,42.1,52.7,5.2,,,100.0,True,33,True,AtlasIntel,rio grande do sul,,,,,pesquisa_atlas__eleicoes_rio_grande_do_sul_2026__261003_7c410264cd72af23.pdf,https://cdn1.atlasintel.org/pesquisa_atlas__eleicoes_rio_grande_do_sul_2026__261003_7c410264cd72af23.pdf,2026-10-07 21:55,outro,45 59 60,AtlasIntel_rio grande do sul_pesqui
IDADE,100,46.4,47.4,6.2,,,100.0,True,33,True,AtlasIntel,rio grande do sul,,,,,pesquisa_atlas__eleicoes_rio_grande_do_sul_2026__261003_7c410264cd72af23.pdf,https://cdn1.atlasintel.org/pesquisa_atlas__eleicoes_rio_grande_do_sul_2026__261003_7c410264cd72af23.pdf,2026-10-07 21:55,outro,100,AtlasIntel_rio grande do sul_pesqui
NÍVEL EDUCACIONAL,Ensino Fundamental e Médio,39.1,53.9,7.0,,,100.0,True,33,True,AtlasIntel,rio grande do sul,,,,,pesquisa_atlas__eleicoes_rio_grande_do_sul_2026__261003_7c410264cd72af23.pdf,https://cdn1.atlasintel.org/pesquisa_atlas__eleicoes_rio_grande_do_sul_2026__261003_7c410264cd72af23.pdf,2026-10-07 21:55,escolaridade,fundamental_medio,AtlasIntel_rio grande do sul_pesqui
NÍVEL EDUCACIONAL,Ensino Superior,51.3,41.5,7.2,,,100.0,True,33,True,AtlasIntel,rio grande do sul,,,,,pesquisa_atlas__eleicoes_rio_grande_do_sul_2026__261003_7c410264cd72af23.pdf,https://cdn1.atlasintel.org/pesquisa_atlas__eleicoes_rio_grande_do_sul_2026__261003_7c410264cd72af23.pdf,2026-10-07 21:55,escolaridade,superior,AtlasIntel_rio grande do sul_pesqui
,"Até R$2,000 32.5",53.3,32.5,14.2,,,100.0,True,33,True,AtlasIntel,rio grande do sul,,,,,pesquisa_atlas__eleicoes_rio_grande_do_sul_2026__261003_7c410264cd72af23.pdf,https://cdn1.atlasintel.org/pesquisa_atlas__eleicoes_rio_grande_do_sul_2026__261003_7c410264cd72af23.pdf,2026-10-07 21:55,outro,"até r$2,000 32.5",AtlasIntel_rio grande do sul_pesqui
,"R$2,000 R$3,000 50.9",41.3,50.9,7.7,,,99.9,True,33,True,AtlasIntel,rio grande do sul,,,,,pesquisa_atlas__eleicoes_rio_grande_do_sul_2026__261003_7c410264cd72af23.pdf,https://cdn1.atlasintel.org/pesquisa_atlas__eleicoes_rio_grande_do_sul_2026__261003_7c410264cd72af23.pdf,2026-10-07 21:55,renda_reais,2000_3000,AtlasIntel_rio grande do sul_pesqui
RENDA FAMILIAR,"R$3,000 R$5,000",35.9,60.8,3.2,,,99.9,True,33,True,AtlasIntel,rio grande do sul,,,,,pesquisa_atlas__eleicoes_rio_grande_do_sul_2026__261003_7c410264cd72af23.pdf,https://cdn1.atlasintel.org/pesquisa_atlas__eleicoes_rio_grande_do_sul_2026__261003_7c410264cd72af23.pdf,2026-10-07 21:55,renda_reais,3000_5000,AtlasIntel_rio grande do sul_pesqui
RENDA FAMILIAR,"R$5,000 R$10,000",44.9,48.0,7.1,,,100.0,True,33,True,AtlasIntel,rio grande do sul,,,,,pesquisa_atlas__eleicoes_rio_grande_do_sul_2026__261003_7c410264cd72af23.pdf,https://cdn1.atlasintel.org/pesquisa_atlas__eleicoes_rio_grande_do_sul_2026__261003_7c410264cd72af23.pdf,2026-10-07 21:55,renda_reais,5000_10000,AtlasIntel_rio grande do sul_pesqui
RENDA FAMILIAR,"Acima de R$10,000 47.1",45.2,47.1,7.7,,,100.0,True,33,True,AtlasIntel,rio grande do sul,,,,,pesquisa_atlas__eleicoes_rio_grande_do_sul_2026__261003_7c410264cd72af23.pdf,https://cdn1.atlasintel.org/pesquisa_atlas__eleicoes_rio_grande_do_sul_2026__261003_7c410264cd72af23.pdf,2026-10-07 21:55,renda_reais,acima_10000,AtlasIntel_rio grande do sul_pesqui
RENDA FAMILIAR,Metade Sul,57.2,37.3,5.5,,,100.0,True,33,True,AtlasIntel,rio grande do sul,,,,,pesquisa_atlas__eleicoes_rio_grande_do_sul_2026__261003_7c410264cd72af23.pdf,https://cdn1.atlasintel.org/pesquisa_atlas__eleicoes_rio_grande_do_sul_2026__261003_7c410264cd72af23.pdf,2026-10-07 21:55,outro,metade sul,AtlasIntel_rio grande do sul_pesqui
RENDA FAMILIAR,Capital,50.1,43.5,6.3,,,99.9,True,33,True,AtlasIntel,rio grande do sul,,,,,pesquisa_atlas__eleicoes_rio_grande_do_sul_2026__261003_7c410264cd72af23.pdf,https://cdn1.atlasintel.org/pesquisa_atlas__eleicoes_rio_grande_do_sul_2026__261003_7c410264cd72af23.pdf,2026-10-07 21:55,outro,capital,AtlasIntel_rio grande do sul_pesqui
REGIÃO,Noroeste Rio grandense,35.2,60.8,4.0,,,100.0,True,33,True,AtlasIntel,rio grande do sul,,,,,pesquisa_atlas__eleicoes_rio_grande_do_sul_2026__261003_7c410264cd72af23.pdf,https://cdn1.atlasintel.org/pesquisa_atlas__eleicoes_rio_grande_do_sul_2026__261003_7c410264cd72af23.pdf,2026-10-07 21:55,outro,noroeste rio grandense,AtlasIntel_rio grande do sul_pesqui
REGIÃO,Região Metropolitana,36.7,52.4,10.9,,,100.0,True,33,True,AtlasIntel,rio grande do sul,,,,,pesquisa_atlas__eleicoes_rio_grande_do_sul_2026__261003_7c410264cd72af23.pdf,https://cdn1.atlasintel.org/pesquisa_atlas__eleicoes_rio_grande_do_sul_2026__261003_7c410264cd72af23.pdf,2026-10-07 21:55,porte,regiao_metropolitana,AtlasIntel_rio grande do sul_pesqui
REGIÃO,Centro Oriental Rio 37.6,57.5,37.6,4.9,,,100.0,True,33,True,AtlasIntel,rio grande do sul,,,,,pesquisa_atlas__eleicoes_rio_grande_do_sul_2026__261003_7c410264cd72af23.pdf,https://cdn1.atlasintel.org/pesquisa_atlas__eleicoes_rio_grande_do_sul_2026__261003_7c410264cd72af23.pdf,2026-10-07 21:55,outro,centro oriental rio 37.6,AtlasIntel_rio grande do sul_pesqui
REGIÃO,Nordeste Rio grandense,33.0,61.6,5.4,,,100.0,True,33,True,AtlasIntel,rio grande do sul,,,,,pesquisa_atlas__eleicoes_rio_grande_do_sul_2026__261003_7c410264cd72af23.pdf,https://cdn1.atlasintel.org/pesquisa_atlas__eleicoes_rio_grande_do_sul_2026__261003_7c410264cd72af23.pdf,2026-10-07 21:55,regiao,NE,AtlasIntel_rio grande do sul_pesqui
,Católico,39.5,54.4,6.1,,,100.0,True,33,True,AtlasIntel,rio grande do sul,,,,,pesquisa_atlas__eleicoes_rio_grande_do_sul_2026__261003_7c410264cd72af23.pdf,https://cdn1.atlasintel.org/pesquisa_atlas__eleicoes_rio_grande_do_sul_2026__261003_7c410264cd72af23.pdf,2026-10-07 21:55,religiao,catolica,AtlasIntel_rio grande do sul_pesqui
,Evangélico,19.3,78.5,2.2,,,100.0,True,33,True,AtlasIntel,rio grande do sul,,,,,pesquisa_atlas__eleicoes_rio_grande_do_sul_2026__261003_7c410264cd72af23.pdf,https://cdn1.atlasintel.org/pesquisa_atlas__eleicoes_rio_grande_do_sul_2026__261003_7c410264cd72af23.pdf,2026-10-07 21:55,religiao,evangelica,AtlasIntel_rio grande do sul_pesqui
RELIGIÃO,Outra religião,59.6,32.5,7.8,,,99.9,True,33,True,AtlasIntel,rio grande do sul,,,,,pesquisa_atlas__eleicoes_rio_grande_do_sul_2026__261003_7c410264cd72af23.pdf,https://cdn1.atlasintel.org/pesquisa_atlas__eleicoes_rio_grande_do_sul_2026__261003_7c410264cd72af23.pdf,2026-10-07 21:55,outro,outra religião,AtlasIntel_rio grande do sul_pesqui
RELIGIÃO,Crente sem religião,36.2,55.2,8.6,,,100.0,True,33,True,AtlasIntel,rio grande do sul,,,,,pesquisa_atlas__eleicoes_rio_grande_do_sul_2026__261003_7c410264cd72af23.pdf,https://cdn1.atlasintel.org/pesquisa_atlas__eleicoes_rio_grande_do_sul_2026__261003_7c410264cd72af23.pdf,2026-10-07 21:55,religiao,sem_religiao,AtlasIntel_rio grande do sul_pesqui
RELIGIÃO,Agnóstico ou ateu,75.4,7.7,16.9,,,100.0,True,33,True,AtlasIntel,rio grande do sul,,,,,pesquisa_atlas__eleicoes_rio_grande_do_sul_2026__261003_7c410264cd72af23.pdf,https://cdn1.atlasintel.org/pesquisa_atlas__eleicoes_rio_grande_do_sul_2026__261003_7c410264cd72af23.pdf,2026-10-07 21:55,religiao,sem_religiao,AtlasIntel_rio grande do sul_pesqui
RELIGIÃO,Eduardo Leite,67.8,22.3,9.9,,,100.0,True,33,True,AtlasIntel,rio grande do sul,,,,,pesquisa_atlas__eleicoes_rio_grande_do_sul_2026__261003_7c410264cd72af23.pdf,https://cdn1.atlasintel.org/pesquisa_atlas__eleicoes_rio_grande_do_sul_2026__261003_7c410264cd72af23.pdf,2026-10-07 21:55,outro,eduardo leite,AtlasIntel_rio grande do sul_pesqui
VOTO GOVERNADOR 2º TURNO 2022,Onyx Lorenzoni,2.6,96.1,1.3,,,100.0,True,33,True,AtlasIntel,rio grande do sul,,,,,pesquisa_atlas__eleicoes_rio_grande_do_sul_2026__261003_7c410264cd72af23.pdf,https://cdn1.atlasintel.org/pesquisa_atlas__eleicoes_rio_grande_do_sul_2026__261003_7c410264cd72af23.pdf,2026-10-07 21:55,outro,onyx lorenzoni,AtlasIntel_rio grande do sul_pesqui
VOTO GOVERNADOR 2º TURNO 2022,Voto branco/nulo,64.8,26.0,9.2,,,100.0,True,33,True,AtlasIntel,rio grande do sul,,,,,pesquisa_atlas__eleicoes_rio_grande_do_sul_2026__261003_7c410264cd72af23.pdf,https://cdn1.atlasintel.org/pesquisa_atlas__eleicoes_rio_grande_do_sul_2026__261003_7c410264cd72af23.pdf,2026-10-07 21:55,outro,voto branco/nulo,AtlasIntel_rio grande do sul_pesqui
VOTO GOVERNADOR 2º TURNO 2022,Não votei,49.0,39.8,11.2,,,100.0,True,33,True,AtlasIntel,rio grande do sul,,,,,pesquisa_atlas__eleicoes_rio_grande_do_sul_2026__261003_7c410264cd72af23.pdf,https://cdn1.atlasintel.org/pesquisa_atlas__eleicoes_rio_grande_do_sul_2026__261003_7c410264cd72af23.pdf,2026-10-07 21:55,outro,não votei,AtlasIntel_rio grande do sul_pesqui
GENERO,Homem,26.0,69.4,4.6,,,100.0,True,30,True,AtlasIntel,rondonia,,,,,pesquisa_atlas__eleicoes_rondonia_2026__261003_4a73a96760cd4fc5.pdf,https://cdn1.atlasintel.org/pesquisa_atlas__eleicoes_rondonia_2026__261003_4a73a96760cd4fc5.pdf,2026-10-07 21:55,sexo,masculino,AtlasIntel_rondonia_pesqui
GENERO,Mulher,34.6,61.6,3.8,,,100.0,True,30,True,AtlasIntel,rondonia,,,,,pesquisa_atlas__eleicoes_rondonia_2026__261003_4a73a96760cd4fc5.pdf,https://cdn1.atlasintel.org/pesquisa_atlas__eleicoes_rondonia_2026__261003_4a73a96760cd4fc5.pdf,2026-10-07 21:55,sexo,feminino,AtlasIntel_rondonia_pesqui
NÍVEL EDUCACIONAL,Ensino Fundamental e Médio,28.2,67.9,4.0,,,100.1,True,30,True,AtlasIntel,rondonia,,,,,pesquisa_atlas__eleicoes_rondonia_2026__261003_4a73a96760cd4fc5.pdf,https://cdn1.atlasintel.org/pesquisa_atlas__eleicoes_rondonia_2026__261003_4a73a96760cd4fc5.pdf,2026-10-07 21:55,escolaridade,fundamental_medio,AtlasIntel_rondonia_pesqui
NÍVEL EDUCACIONAL,Ensino Superior,36.9,58.5,4.6,,,100.0,True,30,True,AtlasIntel,rondonia,,,,,pesquisa_atlas__eleicoes_rondonia_2026__261003_4a73a96760cd4fc5.pdf,https://cdn1.atlasintel.org/pesquisa_atlas__eleicoes_rondonia_2026__261003_4a73a96760cd4fc5.pdf,2026-10-07 21:55,escolaridade,superior,AtlasIntel_rondonia_pesqui
NÍVEL EDUCACIONAL,16 24,36.4,57.7,5.9,,,100.0,True,30,True,AtlasIntel,rondonia,,,,,pesquisa_atlas__eleicoes_rondonia_2026__261003_4a73a96760cd4fc5.pdf,https://cdn1.atlasintel.org/pesquisa_atlas__eleicoes_rondonia_2026__261003_4a73a96760cd4fc5.pdf,2026-10-07 21:55,outro,16 24,AtlasIntel_rondonia_pesqui
NÍVEL EDUCACIONAL,25 34 35,31.1,62.5,6.4,,,100.0,True,30,True,AtlasIntel,rondonia,,,,,pesquisa_atlas__eleicoes_rondonia_2026__261003_4a73a96760cd4fc5.pdf,https://cdn1.atlasintel.org/pesquisa_atlas__eleicoes_rondonia_2026__261003_4a73a96760cd4fc5.pdf,2026-10-07 21:55,outro,25 34 35,AtlasIntel_rondonia_pesqui
IDADE,44,26.5,69.9,3.6,,,100.0,True,30,True,AtlasIntel,rondonia,,,,,pesquisa_atlas__eleicoes_rondonia_2026__261003_4a73a96760cd4fc5.pdf,https://cdn1.atlasintel.org/pesquisa_atlas__eleicoes_rondonia_2026__261003_4a73a96760cd4fc5.pdf,2026-10-07 21:55,outro,44,AtlasIntel_rondonia_pesqui
IDADE,45 59 60,31.4,64.5,4.1,,,100.0,True,30,True,AtlasIntel,rondonia,,,,,pesquisa_atlas__eleicoes_rondonia_2026__261003_4a73a96760cd4fc5.pdf,https://cdn1.atlasintel.org/pesquisa_atlas__eleicoes_rondonia_2026__261003_4a73a96760cd4fc5.pdf,2026-10-07 21:55,outro,45 59 60,AtlasIntel_rondonia_pesqui
IDADE,100,28.8,70.6,0.7,,,100.1,True,30,True,AtlasIntel,rondonia,,,,,pesquisa_atlas__eleicoes_rondonia_2026__261003_4a73a96760cd4fc5.pdf,https://cdn1.atlasintel.org/pesquisa_atlas__eleicoes_rondonia_2026__261003_4a73a96760cd4fc5.pdf,2026-10-07 21:55,outro,100,AtlasIntel_rondonia_pesqui
,Capital,37.7,59.2,3.1,,,100.0,True,30,True,AtlasIntel,rondonia,,,,,pesquisa_atlas__eleicoes_rondonia_2026__261003_4a73a96760cd4fc5.pdf,https://cdn1.atlasintel.org/pesquisa_atlas__eleicoes_rondonia_2026__261003_4a73a96760cd4fc5.pdf,2026-10-07 21:55,outro,capital,AtlasIntel_rondonia_pesqui
REGIÃO,Ji Paraná,28.7,65.6,5.8,,,100.1,True,30,True,AtlasIntel,rondonia,,,,,pesquisa_atlas__eleicoes_rondonia_2026__261003_4a73a96760cd4fc5.pdf,https://cdn1.atlasintel.org/pesquisa_atlas__eleicoes_rondonia_2026__261003_4a73a96760cd4fc5.pdf,2026-10-07 21:55,outro,ji paraná,AtlasIntel_rondonia_pesqui
REGIÃO,Região Intermediária de Porto Velho,25.4,72.6,2.0,,,100.0,True,30,True,AtlasIntel,rondonia,,,,,pesquisa_atlas__eleicoes_rondonia_2026__261003_4a73a96760cd4fc5.pdf,https://cdn1.atlasintel.org/pesquisa_atlas__eleicoes_rondonia_2026__261003_4a73a96760cd4fc5.pdf,2026-10-07 21:55,outro,região intermediária de porto velho,AtlasIntel_rondonia_pesqui
REGIÃO,"R$O R$2,000",41.5,54.2,4.3,,,100.0,True,30,True,AtlasIntel,rondonia,,,,,pesquisa_atlas__eleicoes_rondonia_2026__261003_4a73a96760cd4fc5.pdf,https://cdn1.atlasintel.org/pesquisa_atlas__eleicoes_rondonia_2026__261003_4a73a96760cd4fc5.pdf,2026-10-07 21:55,renda_reais,2000,AtlasIntel_rondonia_pesqui
REGIÃO,"R$2,000 R$3,000",37.0,57.2,5.8,,,100.0,True,30,True,AtlasIntel,rondonia,,,,,pesquisa_atlas__eleicoes_rondonia_2026__261003_4a73a96760cd4fc5.pdf,https://cdn1.atlasintel.org/pesquisa_atlas__eleicoes_rondonia_2026__261003_4a73a96760cd4fc5.pdf,2026-10-07 21:55,renda_reais,2000_3000,AtlasIntel_rondonia_pesqui
RENDA FAMILIAR,"R$3,000 R$5,000",22.4,72.3,5.3,,,100.0,True,30,True,AtlasIntel,rondonia,,,,,pesquisa_atlas__eleicoes_rondonia_2026__261003_4a73a96760cd4fc5.pdf,https://cdn1.atlasintel.org/pesquisa_atlas__eleicoes_rondonia_2026__261003_4a73a96760cd4fc5.pdf,2026-10-07 21:55,renda_reais,3000_5000,AtlasIntel_rondonia_pesqui
RENDA FAMILIAR,"R$5,000 R$10,000",31.3,66.4,,,,97.7,True,30,True,AtlasIntel,rondonia,,,,,pesquisa_atlas__eleicoes_rondonia_2026__261003_4a73a96760cd4fc5.pdf,https://cdn1.atlasintel.org/pesquisa_atlas__eleicoes_rondonia_2026__261003_4a73a96760cd4fc5.pdf,2026-10-07 21:55,renda_reais,5000_10000,AtlasIntel_rondonia_pesqui
RENDA FAMILIAR,"Acima de R$10,000",28.0,68.3,,,,96.3,False,30,True,AtlasIntel,rondonia,,,,,pesquisa_atlas__eleicoes_rondonia_2026__261003_4a73a96760cd4fc5.pdf,https://cdn1.atlasintel.org/pesquisa_atlas__eleicoes_rondonia_2026__261003_4a73a96760cd4fc5.pdf,2026-10-07 21:55,renda_reais,acima_10000,AtlasIntel_rondonia_pesqui
,Católico,40.4,54.0,5.6,,,100.0,True,30,True,AtlasIntel,rondonia,,,,,pesquisa_atlas__eleicoes_rondonia_2026__261003_4a73a96760cd4fc5.pdf,https://cdn1.atlasintel.org/pesquisa_atlas__eleicoes_rondonia_2026__261003_4a73a96760cd4fc5.pdf,2026-10-07 21:55,religiao,catolica,AtlasIntel_rondonia_pesqui
,Evangélico,13.0,84.7,2.3,,,100.0,True,30,True,AtlasIntel,rondonia,,,,,pesquisa_atlas__eleicoes_rondonia_2026__261003_4a73a96760cd4fc5.pdf,https://cdn1.atlasintel.org/pesquisa_atlas__eleicoes_rondonia_2026__261003_4a73a96760cd4fc5.pdf,2026-10-07 21:55,religiao,evangelica,AtlasIntel_rondonia_pesqui
RELIGIÃO,Outra religião,51.1,45.5,3.4,,,100.0,True,30,True,AtlasIntel,rondonia,,,,,pesquisa_atlas__eleicoes_rondonia_2026__261003_4a73a96760cd4fc5.pdf,https://cdn1.atlasintel.org/pesquisa_atlas__eleicoes_rondonia_2026__261003_4a73a96760cd4fc5.pdf,2026-10-07 21:55,outro,outra religião,AtlasIntel_rondonia_pesqui
RELIGIÃO,Crente sem religião,36.7,57.1,6.2,,,100.0,True,30,True,AtlasIntel,rondonia,,,,,pesquisa_atlas__eleicoes_rondonia_2026__261003_4a73a96760cd4fc5.pdf,https://cdn1.atlasintel.org/pesquisa_atlas__eleicoes_rondonia_2026__261003_4a73a96760cd4fc5.pdf,2026-10-07 21:55,religiao,sem_religiao,AtlasIntel_rondonia_pesqui
RELIGIÃO,Agnóstico ou ateu,90.5,4.4,5.0,,,99.9,True,30,True,AtlasIntel,rondonia,,,,,pesquisa_atlas__eleicoes_rondonia_2026__261003_4a73a96760cd4fc5.pdf,https://cdn1.atlasintel.org/pesquisa_atlas__eleicoes_rondonia_2026__261003_4a73a96760cd4fc5.pdf,2026-10-07 21:55,religiao,sem_religiao,AtlasIntel_rondonia_pesqui
RELIGIÃO,Coronel Marcos Rocha,38.8,57.3,3.9,,,100.0,True,30,True,AtlasIntel,rondonia,,,,,pesquisa_atlas__eleicoes_rondonia_2026__261003_4a73a96760cd4fc5.pdf,https://cdn1.atlasintel.org/pesquisa_atlas__eleicoes_rondonia_2026__261003_4a73a96760cd4fc5.pdf,2026-10-07 21:55,outro,coronel marcos rocha,AtlasIntel_rondonia_pesqui
VOTO GOVERNADOR - 2º TURNO 2022,Marcos Rogério,12.0,87.2,0.8,,,100.0,True,30,True,AtlasIntel,rondonia,,,,,pesquisa_atlas__eleicoes_rondonia_2026__261003_4a73a96760cd4fc5.pdf,https://cdn1.atlasintel.org/pesquisa_atlas__eleicoes_rondonia_2026__261003_4a73a96760cd4fc5.pdf,2026-10-07 21:55,outro,marcos rogério,AtlasIntel_rondonia_pesqui
VOTO GOVERNADOR - 2º TURNO 2022,Voto branco/nulo,60.4,13.0,26.5,,,99.9,True,30,True,AtlasIntel,rondonia,,,,,pesquisa_atlas__eleicoes_rondonia_2026__261003_4a73a96760cd4fc5.pdf,https://cdn1.atlasintel.org/pesquisa_atlas__eleicoes_rondonia_2026__261003_4a73a96760cd4fc5.pdf,2026-10-07 21:55,outro,voto branco/nulo,AtlasIntel_rondonia_pesqui
VOTO GOVERNADOR - 2º TURNO 2022,Não votei,45.7,48.6,5.8,,,100.1,True,30,True,AtlasIntel,rondonia,,,,,pesquisa_atlas__eleicoes_rondonia_2026__261003_4a73a96760cd4fc5.pdf,https://cdn1.atlasintel.org/pesquisa_atlas__eleicoes_rondonia_2026__261003_4a73a96760cd4fc5.pdf,2026-10-07 21:55,outro,não votei,AtlasIntel_rondonia_pesqui
,Jair Bolsonaro,1.3,97.8,0.9,,,100.0,True,30,True,AtlasIntel,rondonia,,,,,pesquisa_atlas__eleicoes_rondonia_2026__261003_4a73a96760cd4fc5.pdf,https://cdn1.atlasintel.org/pesquisa_atlas__eleicoes_rondonia_2026__261003_4a73a96760cd4fc5.pdf,2026-10-07 21:55,outro,jair bolsonaro,AtlasIntel_rondonia_pesqui
VOTO PRESIDENTE - 2º TURNO 2022,Lula,93.5,1.7,4.8,,,100.0,True,30,True,AtlasIntel,rondonia,,,,,pesquisa_atlas__eleicoes_rondonia_2026__261003_4a73a96760cd4fc5.pdf,https://cdn1.atlasintel.org/pesquisa_atlas__eleicoes_rondonia_2026__261003_4a73a96760cd4fc5.pdf,2026-10-07 21:55,outro,lula,AtlasIntel_rondonia_pesqui
VOTO PRESIDENTE - 2º TURNO 2022,Voto branco/nulo,30.2,11.3,58.5,,,100.0,True,30,True,AtlasIntel,rondonia,,,,,pesquisa_atlas__eleicoes_rondonia_2026__261003_4a73a96760cd4fc5.pdf,https://cdn1.atlasintel.org/pesquisa_atlas__eleicoes_rondonia_2026__261003_4a73a96760cd4fc5.pdf,2026-10-07 21:55,outro,voto branco/nulo,AtlasIntel_rondonia_pesqui
VOTO PRESIDENTE - 2º TURNO 2022,Não votei,43.8,50.1,6.1,,,100.0,True,30,True,AtlasIntel,rondonia,,,,,pesquisa_atlas__eleicoes_rondonia_2026__261003_4a73a96760cd4fc5.pdf,https://cdn1.atlasintel.org/pesquisa_atlas__eleicoes_rondonia_2026__261003_4a73a96760cd4fc5.pdf,2026-10-07 21:55,outro,não votei,AtlasIntel_rondonia_pesqui
GÊNERO,Homem 61.9,30.7,61.9,7.5,,,100.1,True,33,True,AtlasIntel,roraima,,,,,pesquisa_atlas__eleicoes_roraima_2026_261003_7abf950d51dd8f24.pdf,https://cdn1.atlasintel.org/pesquisa_atlas__eleicoes_roraima_2026_261003_7abf950d51dd8f24.pdf,2026-10-07 21:55,outro,homem 61.9,AtlasIntel_roraima_pesqui
GÊNERO,Mulher,28.0,68.6,3.5,,,100.1,True,33,True,AtlasIntel,roraima,,,,,pesquisa_atlas__eleicoes_roraima_2026_261003_7abf950d51dd8f24.pdf,https://cdn1.atlasintel.org/pesquisa_atlas__eleicoes_roraima_2026_261003_7abf950d51dd8f24.pdf,2026-10-07 21:55,sexo,feminino,AtlasIntel_roraima_pesqui
NÍVEL EDUCACIONAL,Ensino Fundamental e Médio,28.2,66.8,5.0,,,100.0,True,33,True,AtlasIntel,roraima,,,,,pesquisa_atlas__eleicoes_roraima_2026_261003_7abf950d51dd8f24.pdf,https://cdn1.atlasintel.org/pesquisa_atlas__eleicoes_roraima_2026_261003_7abf950d51dd8f24.pdf,2026-10-07 21:55,escolaridade,fundamental_medio,AtlasIntel_roraima_pesqui
NÍVEL EDUCACIONAL,Ensino Superior 62.2,31.6,62.2,6.2,,,100.0,True,33,True,AtlasIntel,roraima,,,,,pesquisa_atlas__eleicoes_roraima_2026_261003_7abf950d51dd8f24.pdf,https://cdn1.atlasintel.org/pesquisa_atlas__eleicoes_roraima_2026_261003_7abf950d51dd8f24.pdf,2026-10-07 21:55,escolaridade,superior,AtlasIntel_roraima_pesqui
NÍVEL EDUCACIONAL,16 24 44.7,49.7,44.7,5.6,,,100.0,True,33,True,AtlasIntel,roraima,,,,,pesquisa_atlas__eleicoes_roraima_2026_261003_7abf950d51dd8f24.pdf,https://cdn1.atlasintel.org/pesquisa_atlas__eleicoes_roraima_2026_261003_7abf950d51dd8f24.pdf,2026-10-07 21:55,outro,16 24 44.7,AtlasIntel_roraima_pesqui
NÍVEL EDUCACIONAL,25 34 73.8,17.5,73.8,8.7,,,100.0,True,33,True,AtlasIntel,roraima,,,,,pesquisa_atlas__eleicoes_roraima_2026_261003_7abf950d51dd8f24.pdf,https://cdn1.atlasintel.org/pesquisa_atlas__eleicoes_roraima_2026_261003_7abf950d51dd8f24.pdf,2026-10-07 21:55,outro,25 34 73.8,AtlasIntel_roraima_pesqui
IDADE,45 35 44 76.8,17.8,76.8,5.4,,,100.0,True,33,True,AtlasIntel,roraima,,,,,pesquisa_atlas__eleicoes_roraima_2026_261003_7abf950d51dd8f24.pdf,https://cdn1.atlasintel.org/pesquisa_atlas__eleicoes_roraima_2026_261003_7abf950d51dd8f24.pdf,2026-10-07 21:55,outro,45 35 44 76.8,AtlasIntel_roraima_pesqui
IDADE,59 60 63.6,30.7,63.6,5.7,,,100.0,True,33,True,AtlasIntel,roraima,,,,,pesquisa_atlas__eleicoes_roraima_2026_261003_7abf950d51dd8f24.pdf,https://cdn1.atlasintel.org/pesquisa_atlas__eleicoes_roraima_2026_261003_7abf950d51dd8f24.pdf,2026-10-07 21:55,outro,59 60 63.6,AtlasIntel_roraima_pesqui
IDADE,100 65.4,34.6,65.4,,,,100.0,True,33,True,AtlasIntel,roraima,,,,,pesquisa_atlas__eleicoes_roraima_2026_261003_7abf950d51dd8f24.pdf,https://cdn1.atlasintel.org/pesquisa_atlas__eleicoes_roraima_2026_261003_7abf950d51dd8f24.pdf,2026-10-07 21:55,outro,100 65.4,AtlasIntel_roraima_pesqui
,Região Intermediária de Boa Vista,40.9,58.7,0.4,,,100.0,True,33,True,AtlasIntel,roraima,,,,,pesquisa_atlas__eleicoes_roraima_2026_261003_7abf950d51dd8f24.pdf,https://cdn1.atlasintel.org/pesquisa_atlas__eleicoes_roraima_2026_261003_7abf950d51dd8f24.pdf,2026-10-07 21:55,outro,região intermediária de boa vista,AtlasIntel_roraima_pesqui
REGIÃO,Capital,26.5,66.8,6.7,,,100.0,True,33,True,AtlasIntel,roraima,,,,,pesquisa_atlas__eleicoes_roraima_2026_261003_7abf950d51dd8f24.pdf,https://cdn1.atlasintel.org/pesquisa_atlas__eleicoes_roraima_2026_261003_7abf950d51dd8f24.pdf,2026-10-07 21:55,outro,capital,AtlasIntel_roraima_pesqui
REGIÃO,Rorainópolis Caracaraí,28.8,66.0,5.2,,,100.0,True,33,True,AtlasIntel,roraima,,,,,pesquisa_atlas__eleicoes_roraima_2026_261003_7abf950d51dd8f24.pdf,https://cdn1.atlasintel.org/pesquisa_atlas__eleicoes_roraima_2026_261003_7abf950d51dd8f24.pdf,2026-10-07 21:55,outro,rorainópolis caracaraí,AtlasIntel_roraima_pesqui
REGIÃO,"R$O R$2,000",16.4,80.5,3.1,,,100.0,True,33,True,AtlasIntel,roraima,,,,,pesquisa_atlas__eleicoes_roraima_2026_261003_7abf950d51dd8f24.pdf,https://cdn1.atlasintel.org/pesquisa_atlas__eleicoes_roraima_2026_261003_7abf950d51dd8f24.pdf,2026-10-07 21:55,renda_reais,2000,AtlasIntel_roraima_pesqui
REGIÃO,"R$2,000 R$3,000",34.9,54.0,11.1,,,100.0,True,33,True,AtlasIntel,roraima,,,,,pesquisa_atlas__eleicoes_roraima_2026_261003_7abf950d51dd8f24.pdf,https://cdn1.atlasintel.org/pesquisa_atlas__eleicoes_roraima_2026_261003_7abf950d51dd8f24.pdf,2026-10-07 21:55,renda_reais,2000_3000,AtlasIntel_roraima_pesqui
RENDA FAMILIAR,"R$3,000 R$5,000",44.6,47.2,8.3,,,100.1,True,33,True,AtlasIntel,roraima,,,,,pesquisa_atlas__eleicoes_roraima_2026_261003_7abf950d51dd8f24.pdf,https://cdn1.atlasintel.org/pesquisa_atlas__eleicoes_roraima_2026_261003_7abf950d51dd8f24.pdf,2026-10-07 21:55,renda_reais,3000_5000,AtlasIntel_roraima_pesqui
RENDA FAMILIAR,"R$5,000 R$10,000",19.6,76.7,3.8,,,100.1,True,33,True,AtlasIntel,roraima,,,,,pesquisa_atlas__eleicoes_roraima_2026_261003_7abf950d51dd8f24.pdf,https://cdn1.atlasintel.org/pesquisa_atlas__eleicoes_roraima_2026_261003_7abf950d51dd8f24.pdf,2026-10-07 21:55,renda_reais,5000_10000,AtlasIntel_roraima_pesqui
RENDA FAMILIAR,"Acima de R$10,000",30.5,67.3,2.3,,,100.1,True,33,True,AtlasIntel,roraima,,,,,pesquisa_atlas__eleicoes_roraima_2026_261003_7abf950d51dd8f24.pdf,https://cdn1.atlasintel.org/pesquisa_atlas__eleicoes_roraima_2026_261003_7abf950d51dd8f24.pdf,2026-10-07 21:55,renda_reais,acima_10000,AtlasIntel_roraima_pesqui
,Católico 54.6,42.2,54.6,3.2,,,100.0,True,33,True,AtlasIntel,roraima,,,,,pesquisa_atlas__eleicoes_roraima_2026_261003_7abf950d51dd8f24.pdf,https://cdn1.atlasintel.org/pesquisa_atlas__eleicoes_roraima_2026_261003_7abf950d51dd8f24.pdf,2026-10-07 21:55,religiao,catolica,AtlasIntel_roraima_pesqui
,Evangélico,17.6,76.7,5.8,,,100.1,True,33,True,AtlasIntel,roraima,,,,,pesquisa_atlas__eleicoes_roraima_2026_261003_7abf950d51dd8f24.pdf,https://cdn1.atlasintel.org/pesquisa_atlas__eleicoes_roraima_2026_261003_7abf950d51dd8f24.pdf,2026-10-07 21:55,religiao,evangelica,AtlasIntel_roraima_pesqui
RELIGIÃO,Outra religião,29.2,62.2,8.6,,,100.0,True,33,True,AtlasIntel,roraima,,,,,pesquisa_atlas__eleicoes_roraima_2026_261003_7abf950d51dd8f24.pdf,https://cdn1.atlasintel.org/pesquisa_atlas__eleicoes_roraima_2026_261003_7abf950d51dd8f24.pdf,2026-10-07 21:55,outro,outra religião,AtlasIntel_roraima_pesqui
RELIGIÃO,Crente sem religião,25.1,67.4,7.5,,,100.0,True,33,True,AtlasIntel,roraima,,,,,pesquisa_atlas__eleicoes_roraima_2026_261003_7abf950d51dd8f24.pdf,https://cdn1.atlasintel.org/pesquisa_atlas__eleicoes_roraima_2026_261003_7abf950d51dd8f24.pdf,2026-10-07 21:55,religiao,sem_religiao,AtlasIntel_roraima_pesqui
RELIGIÃO,Agnóstico ou ateu 38.8,49.7,38.8,11.4,,,99.9,True,33,True,AtlasIntel,roraima,,,,,pesquisa_atlas__eleicoes_roraima_2026_261003_7abf950d51dd8f24.pdf,https://cdn1.atlasintel.org/pesquisa_atlas__eleicoes_roraima_2026_261003_7abf950d51dd8f24.pdf,2026-10-07 21:55,religiao,sem_religiao,AtlasIntel_roraima_pesqui
RELIGIÃO,Antonio Denarium 84.2,10.8,84.2,5.1,,,100.1,True,33,True,AtlasIntel,roraima,,,,,pesquisa_atlas__eleicoes_roraima_2026_261003_7abf950d51dd8f24.pdf,https://cdn1.atlasintel.org/pesquisa_atlas__eleicoes_roraima_2026_261003_7abf950d51dd8f24.pdf,2026-10-07 21:55,outro,antonio denarium 84.2,AtlasIntel_roraima_pesqui
VOTO GOVERNADOR - 1º TURNO 2022,Teresa Surita 51.2,41.9,51.2,6.9,,,100.0,True,33,True,AtlasIntel,roraima,,,,,pesquisa_atlas__eleicoes_roraima_2026_261003_7abf950d51dd8f24.pdf,https://cdn1.atlasintel.org/pesquisa_atlas__eleicoes_roraima_2026_261003_7abf950d51dd8f24.pdf,2026-10-07 21:55,outro,teresa surita 51.2,AtlasIntel_roraima_pesqui
VOTO GOVERNADOR - 1º TURNO 2022,Outro,68.3,22.4,9.3,,,100.0,True,33,True,AtlasIntel,roraima,,,,,pesquisa_atlas__eleicoes_roraima_2026_261003_7abf950d51dd8f24.pdf,https://cdn1.atlasintel.org/pesquisa_atlas__eleicoes_roraima_2026_261003_7abf950d51dd8f24.pdf,2026-10-07 21:55,outro,outro,AtlasIntel_roraima_pesqui
VOTO GOVERNADOR - 1º TURNO 2022,Voto branco/nulo,57.6,39.4,3.0,,,100.0,True,33,True,AtlasIntel,roraima,,,,,pesquisa_atlas__eleicoes_roraima_2026_261003_7abf950d51dd8f24.pdf,https://cdn1.atlasintel.org/pesquisa_atlas__eleicoes_roraima_2026_261003_7abf950d51dd8f24.pdf,2026-10-07 21:55,outro,voto branco/nulo,AtlasIntel_roraima_pesqui
VOTO GOVERNADOR - 1º TURNO 2022,Não votei,50.2,47.2,2.6,,,100.0,True,33,True,AtlasIntel,roraima,,,,,pesquisa_atlas__eleicoes_roraima_2026_261003_7abf950d51dd8f24.pdf,https://cdn1.atlasintel.org/pesquisa_atlas__eleicoes_roraima_2026_261003_7abf950d51dd8f24.pdf,2026-10-07 21:55,outro,não votei,AtlasIntel_roraima_pesqui
,Jair Bolsonaro,6.5,88.4,5.1,,,100.0,True,33,True,AtlasIntel,roraima,,,,,pesquisa_atlas__eleicoes_roraima_2026_261003_7abf950d51dd8f24.pdf,https://cdn1.atlasintel.org/pesquisa_atlas__eleicoes_roraima_2026_261003_7abf950d51dd8f24.pdf,2026-10-07 21:55,outro,jair bolsonaro,AtlasIntel_roraima_pesqui
VOTO PRESIDENTE - 2º TURNO 2022,Lula,91.8,5.8,2.4,,,100.0,True,33,True,AtlasIntel,roraima,,,,,pesquisa_atlas__eleicoes_roraima_2026_261003_7abf950d51dd8f24.pdf,https://cdn1.atlasintel.org/pesquisa_atlas__eleicoes_roraima_2026_261003_7abf950d51dd8f24.pdf,2026-10-07 21:55,outro,lula,AtlasIntel_roraima_pesqui
VOTO PRESIDENTE - 2º TURNO 2022,Voto branco/nulo,24.8,9.6,65.7,,,100.1,True,33,True,AtlasIntel,roraima,,,,,pesquisa_atlas__eleicoes_roraima_2026_261003_7abf950d51dd8f24.pdf,https://cdn1.atlasintel.org/pesquisa_atlas__eleicoes_roraima_2026_261003_7abf950d51dd8f24.pdf,2026-10-07 21:55,outro,voto branco/nulo,AtlasIntel_roraima_pesqui
VOTO PRESIDENTE - 2º TURNO 2022,Direita Não votei bolsonarista,48.1,46.5,5.5,,,100.1,True,33,True,AtlasIntel,roraima,,,,,pesquisa_atlas__eleicoes_roraima_2026_261003_7abf950d51dd8f24.pdf,https://cdn1.atlasintel.org/pesquisa_atlas__eleicoes_roraima_2026_261003_7abf950d51dd8f24.pdf,2026-10-07 21:55,outro,direita não votei bolsonarista,AtlasIntel_roraima_pesqui
POSICIONAMENTO POLÍTICO,Direita não bolsonarista,7.2,81.3,11.5,,,100.0,True,33,True,AtlasIntel,roraima,,,,,pesquisa_atlas__eleicoes_roraima_2026_261003_7abf950d51dd8f24.pdf,https://cdn1.atlasintel.org/pesquisa_atlas__eleicoes_roraima_2026_261003_7abf950d51dd8f24.pdf,2026-10-07 21:55,outro,direita não bolsonarista,AtlasIntel_roraima_pesqui
POSICIONAMENTO POLÍTICO,Esquerda não lulista,94.3,4.1,1.6,,,100.0,True,33,True,AtlasIntel,roraima,,,,,pesquisa_atlas__eleicoes_roraima_2026_261003_7abf950d51dd8f24.pdf,https://cdn1.atlasintel.org/pesquisa_atlas__eleicoes_roraima_2026_261003_7abf950d51dd8f24.pdf,2026-10-07 21:55,outro,esquerda não lulista,AtlasIntel_roraima_pesqui
POSICIONAMENTO POLÍTICO,Esquerda lulista,100.0,,,,,,False,33,True,AtlasIntel,roraima,,,,,pesquisa_atlas__eleicoes_roraima_2026_261003_7abf950d51dd8f24.pdf,https://cdn1.atlasintel.org/pesquisa_atlas__eleicoes_roraima_2026_261003_7abf950d51dd8f24.pdf,2026-10-07 21:55,outro,esquerda lulista,AtlasIntel_roraima_pesqui
POSICIONAMENTO POLÍTICO,Independente,38.4,50.0,11.6,,,100.0,True,33,True,AtlasIntel,roraima,,,,,pesquisa_atlas__eleicoes_roraima_2026_261003_7abf950d51dd8f24.pdf,https://cdn1.atlasintel.org/pesquisa_atlas__eleicoes_roraima_2026_261003_7abf950d51dd8f24.pdf,2026-10-07 21:55,outro,independente,AtlasIntel_roraima_pesqui
GENERO,Homem,48.1,49.2,,,,97.3,True,30,True,AtlasIntel,sergipe,,,,,pesquisa_atlas__eleicoes_sergipe_2026__261003_d330cac9f9c55825.pdf,https://cdn1.atlasintel.org/pesquisa_atlas__eleicoes_sergipe_2026__261003_d330cac9f9c55825.pdf,2026-10-07 21:55,sexo,masculino,AtlasIntel_sergipe_pesqui
GENERO,Mulher,65.8,28.8,,,,94.6,False,30,True,AtlasIntel,sergipe,,,,,pesquisa_atlas__eleicoes_sergipe_2026__261003_d330cac9f9c55825.pdf,https://cdn1.atlasintel.org/pesquisa_atlas__eleicoes_sergipe_2026__261003_d330cac9f9c55825.pdf,2026-10-07 21:55,sexo,feminino,AtlasIntel_sergipe_pesqui
GENERO,16 24 25,59.6,36.8,,,,96.4,False,30,True,AtlasIntel,sergipe,,,,,pesquisa_atlas__eleicoes_sergipe_2026__261003_d330cac9f9c55825.pdf,https://cdn1.atlasintel.org/pesquisa_atlas__eleicoes_sergipe_2026__261003_d330cac9f9c55825.pdf,2026-10-07 21:55,outro,16 24 25,AtlasIntel_sergipe_pesqui
GENERO,34,44.0,47.1,,,,91.1,False,30,True,AtlasIntel,sergipe,,,,,pesquisa_atlas__eleicoes_sergipe_2026__261003_d330cac9f9c55825.pdf,https://cdn1.atlasintel.org/pesquisa_atlas__eleicoes_sergipe_2026__261003_d330cac9f9c55825.pdf,2026-10-07 21:55,outro,34,AtlasIntel_sergipe_pesqui
IDADE,3544,65.3,33.0,,,,98.3,True,30,True,AtlasIntel,sergipe,,,,,pesquisa_atlas__eleicoes_sergipe_2026__261003_d330cac9f9c55825.pdf,https://cdn1.atlasintel.org/pesquisa_atlas__eleicoes_sergipe_2026__261003_d330cac9f9c55825.pdf,2026-10-07 21:55,outro,3544,AtlasIntel_sergipe_pesqui
IDADE,60 45 59,62.3,33.1,,,,95.4,False,30,True,AtlasIntel,sergipe,,,,,pesquisa_atlas__eleicoes_sergipe_2026__261003_d330cac9f9c55825.pdf,https://cdn1.atlasintel.org/pesquisa_atlas__eleicoes_sergipe_2026__261003_d330cac9f9c55825.pdf,2026-10-07 21:55,outro,60 45 59,AtlasIntel_sergipe_pesqui
IDADE,100,55.5,43.0,,,,98.5,True,30,True,AtlasIntel,sergipe,,,,,pesquisa_atlas__eleicoes_sergipe_2026__261003_d330cac9f9c55825.pdf,https://cdn1.atlasintel.org/pesquisa_atlas__eleicoes_sergipe_2026__261003_d330cac9f9c55825.pdf,2026-10-07 21:55,outro,100,AtlasIntel_sergipe_pesqui
NÍVEL EDUCACIONAL,Ensino Fundamental e Médio,55.3,40.9,,,,96.2,False,30,True,AtlasIntel,sergipe,,,,,pesquisa_atlas__eleicoes_sergipe_2026__261003_d330cac9f9c55825.pdf,https://cdn1.atlasintel.org/pesquisa_atlas__eleicoes_sergipe_2026__261003_d330cac9f9c55825.pdf,2026-10-07 21:55,escolaridade,fundamental_medio,AtlasIntel_sergipe_pesqui
NÍVEL EDUCACIONAL,Ensino Superior,65.0,29.6,,,,94.6,False,30,True,AtlasIntel,sergipe,,,,,pesquisa_atlas__eleicoes_sergipe_2026__261003_d330cac9f9c55825.pdf,https://cdn1.atlasintel.org/pesquisa_atlas__eleicoes_sergipe_2026__261003_d330cac9f9c55825.pdf,2026-10-07 21:55,escolaridade,superior,AtlasIntel_sergipe_pesqui
NÍVEL EDUCACIONAL,Itabaiana,59.2,35.9,,,,95.1,False,30,True,AtlasIntel,sergipe,,,,,pesquisa_atlas__eleicoes_sergipe_2026__261003_d330cac9f9c55825.pdf,https://cdn1.atlasintel.org/pesquisa_atlas__eleicoes_sergipe_2026__261003_d330cac9f9c55825.pdf,2026-10-07 21:55,outro,itabaiana,AtlasIntel_sergipe_pesqui
REGIÃO,Capital,51.1,44.3,,,,95.4,False,30,True,AtlasIntel,sergipe,,,,,pesquisa_atlas__eleicoes_sergipe_2026__261003_d330cac9f9c55825.pdf,https://cdn1.atlasintel.org/pesquisa_atlas__eleicoes_sergipe_2026__261003_d330cac9f9c55825.pdf,2026-10-07 21:55,outro,capital,AtlasIntel_sergipe_pesqui
REGIÃO,Região Intermediária de Aracaju,61.4,35.5,,,,96.9,False,30,True,AtlasIntel,sergipe,,,,,pesquisa_atlas__eleicoes_sergipe_2026__261003_d330cac9f9c55825.pdf,https://cdn1.atlasintel.org/pesquisa_atlas__eleicoes_sergipe_2026__261003_d330cac9f9c55825.pdf,2026-10-07 21:55,outro,região intermediária de aracaju,AtlasIntel_sergipe_pesqui
,"R$0 R$2,000",58.5,35.5,,,,94.0,False,30,True,AtlasIntel,sergipe,,,,,pesquisa_atlas__eleicoes_sergipe_2026__261003_d330cac9f9c55825.pdf,https://cdn1.atlasintel.org/pesquisa_atlas__eleicoes_sergipe_2026__261003_d330cac9f9c55825.pdf,2026-10-07 21:55,renda_reais,0_2000,AtlasIntel_sergipe_pesqui
,"R$2,000 R$3,000",61.0,36.8,,,,97.8,True,30,True,AtlasIntel,sergipe,,,,,pesquisa_atlas__eleicoes_sergipe_2026__261003_d330cac9f9c55825.pdf,https://cdn1.atlasintel.org/pesquisa_atlas__eleicoes_sergipe_2026__261003_d330cac9f9c55825.pdf,2026-10-07 21:55,renda_reais,2000_3000,AtlasIntel_sergipe_pesqui
RENDA FAMILIAR,"R$3,000 R$5,000",60.7,36.3,,,,97.0,True,30,True,AtlasIntel,sergipe,,,,,pesquisa_atlas__eleicoes_sergipe_2026__261003_d330cac9f9c55825.pdf,https://cdn1.atlasintel.org/pesquisa_atlas__eleicoes_sergipe_2026__261003_d330cac9f9c55825.pdf,2026-10-07 21:55,renda_reais,3000_5000,AtlasIntel_sergipe_pesqui
RENDA FAMILIAR,"R$5,000 R$10,000",48.8,49.3,,,,98.1,True,30,True,AtlasIntel,sergipe,,,,,pesquisa_atlas__eleicoes_sergipe_2026__261003_d330cac9f9c55825.pdf,https://cdn1.atlasintel.org/pesquisa_atlas__eleicoes_sergipe_2026__261003_d330cac9f9c55825.pdf,2026-10-07 21:55,renda_reais,5000_10000,AtlasIntel_sergipe_pesqui
RENDA FAMILIAR,"Acima de R$10,000",55.1,37.4,,,,92.5,False,30,True,AtlasIntel,sergipe,,,,,pesquisa_atlas__eleicoes_sergipe_2026__261003_d330cac9f9c55825.pdf,https://cdn1.atlasintel.org/pesquisa_atlas__eleicoes_sergipe_2026__261003_d330cac9f9c55825.pdf,2026-10-07 21:55,renda_reais,acima_10000,AtlasIntel_sergipe_pesqui
RENDA FAMILIAR,Católico,62.4,33.3,,,,95.7,False,30,True,AtlasIntel,sergipe,,,,,pesquisa_atlas__eleicoes_sergipe_2026__261003_d330cac9f9c55825.pdf,https://cdn1.atlasintel.org/pesquisa_atlas__eleicoes_sergipe_2026__261003_d330cac9f9c55825.pdf,2026-10-07 21:55,religiao,catolica,AtlasIntel_sergipe_pesqui
RENDA FAMILIAR,Evangélico,27.0,70.3,,,,97.3,True,30,True,AtlasIntel,sergipe,,,,,pesquisa_atlas__eleicoes_sergipe_2026__261003_d330cac9f9c55825.pdf,https://cdn1.atlasintel.org/pesquisa_atlas__eleicoes_sergipe_2026__261003_d330cac9f9c55825.pdf,2026-10-07 21:55,religiao,evangelica,AtlasIntel_sergipe_pesqui
RELIGIÃO,Outra religião 77.7,77.7,17.7,,,,95.4,False,30,True,AtlasIntel,sergipe,,,,,pesquisa_atlas__eleicoes_sergipe_2026__261003_d330cac9f9c55825.pdf,https://cdn1.atlasintel.org/pesquisa_atlas__eleicoes_sergipe_2026__261003_d330cac9f9c55825.pdf,2026-10-07 21:55,outro,outra religião 77.7,AtlasIntel_sergipe_pesqui
RELIGIÃO,Crente sem religião 45.9,45.9,52.9,,,,98.8,True,30,True,AtlasIntel,sergipe,,,,,pesquisa_atlas__eleicoes_sergipe_2026__261003_d330cac9f9c55825.pdf,https://cdn1.atlasintel.org/pesquisa_atlas__eleicoes_sergipe_2026__261003_d330cac9f9c55825.pdf,2026-10-07 21:55,religiao,sem_religiao,AtlasIntel_sergipe_pesqui
RELIGIÃO,Agnóstico ou ateu 75.1,75.1,11.8,,,,86.89999999999999,False,30,True,AtlasIntel,sergipe,,,,,pesquisa_atlas__eleicoes_sergipe_2026__261003_d330cac9f9c55825.pdf,https://cdn1.atlasintel.org/pesquisa_atlas__eleicoes_sergipe_2026__261003_d330cac9f9c55825.pdf,2026-10-07 21:55,religiao,sem_religiao,AtlasIntel_sergipe_pesqui
,Fábio,46.3,52.6,,,,98.9,True,30,True,AtlasIntel,sergipe,,,,,pesquisa_atlas__eleicoes_sergipe_2026__261003_d330cac9f9c55825.pdf,https://cdn1.atlasintel.org/pesquisa_atlas__eleicoes_sergipe_2026__261003_d330cac9f9c55825.pdf,2026-10-07 21:55,outro,fábio,AtlasIntel_sergipe_pesqui
VOTO GOVERNADOR - 2º TURNO 2022,Rogério Carvalho,77.9,17.9,,,,95.8,False,30,True,AtlasIntel,sergipe,,,,,pesquisa_atlas__eleicoes_sergipe_2026__261003_d330cac9f9c55825.pdf,https://cdn1.atlasintel.org/pesquisa_atlas__eleicoes_sergipe_2026__261003_d330cac9f9c55825.pdf,2026-10-07 21:55,outro,rogério carvalho,AtlasIntel_sergipe_pesqui
VOTO GOVERNADOR - 2º TURNO 2022,Voto branco/nulo,42.9,38.1,,,,81.0,False,30,True,AtlasIntel,sergipe,,,,,pesquisa_atlas__eleicoes_sergipe_2026__261003_d330cac9f9c55825.pdf,https://cdn1.atlasintel.org/pesquisa_atlas__eleicoes_sergipe_2026__261003_d330cac9f9c55825.pdf,2026-10-07 21:55,outro,voto branco/nulo,AtlasIntel_sergipe_pesqui
VOTO GOVERNADOR - 2º TURNO 2022,Não votei,40.1,52.3,,,,92.4,False,30,True,AtlasIntel,sergipe,,,,,pesquisa_atlas__eleicoes_sergipe_2026__261003_d330cac9f9c55825.pdf,https://cdn1.atlasintel.org/pesquisa_atlas__eleicoes_sergipe_2026__261003_d330cac9f9c55825.pdf,2026-10-07 21:55,outro,não votei,AtlasIntel_sergipe_pesqui
VOTO GOVERNADOR - 2º TURNO 2022,Lula,89.8,8.2,,,,98.0,True,30,True,AtlasIntel,sergipe,,,,,pesquisa_atlas__eleicoes_sergipe_2026__261003_d330cac9f9c55825.pdf,https://cdn1.atlasintel.org/pesquisa_atlas__eleicoes_sergipe_2026__261003_d330cac9f9c55825.pdf,2026-10-07 21:55,outro,lula,AtlasIntel_sergipe_pesqui
VOTO PRESIDENTE - 2º TURNO 2022,Jair Bolsonaro,3.1,96.5,,,,99.6,True,30,True,AtlasIntel,sergipe,,,,,pesquisa_atlas__eleicoes_sergipe_2026__261003_d330cac9f9c55825.pdf,https://cdn1.atlasintel.org/pesquisa_atlas__eleicoes_sergipe_2026__261003_d330cac9f9c55825.pdf,2026-10-07 21:55,outro,jair bolsonaro,AtlasIntel_sergipe_pesqui
VOTO PRESIDENTE - 2º TURNO 2022,Voto branco/nulo,32.2,41.0,,,,73.2,False,30,True,AtlasIntel,sergipe,,,,,pesquisa_atlas__eleicoes_sergipe_2026__261003_d330cac9f9c55825.pdf,https://cdn1.atlasintel.org/pesquisa_atlas__eleicoes_sergipe_2026__261003_d330cac9f9c55825.pdf,2026-10-07 21:55,outro,voto branco/nulo,AtlasIntel_sergipe_pesqui
VOTO PRESIDENTE - 2º TURNO 2022,Não votei,38.0,47.8,,,,85.8,False,30,True,AtlasIntel,sergipe,,,,,pesquisa_atlas__eleicoes_sergipe_2026__261003_d330cac9f9c55825.pdf,https://cdn1.atlasintel.org/pesquisa_atlas__eleicoes_sergipe_2026__261003_d330cac9f9c55825.pdf,2026-10-07 21:55,outro,não votei,AtlasIntel_sergipe_pesqui
POSICIONAMENTO POLÍTICO,Direita Direita não bolsonarista bolsonarista,10.0,84.7,,,,94.7,False,30,True,AtlasIntel,sergipe,,,,,pesquisa_atlas__eleicoes_sergipe_2026__261003_d330cac9f9c55825.pdf,https://cdn1.atlasintel.org/pesquisa_atlas__eleicoes_sergipe_2026__261003_d330cac9f9c55825.pdf,2026-10-07 21:55,outro,direita direita não bolsonarista bolsonarista,AtlasIntel_sergipe_pesqui
POSICIONAMENTO POLÍTICO,Esquerda lulista 100,100.0,,,,,,False,30,True,AtlasIntel,sergipe,,,,,pesquisa_atlas__eleicoes_sergipe_2026__261003_d330cac9f9c55825.pdf,https://cdn1.atlasintel.org/pesquisa_atlas__eleicoes_sergipe_2026__261003_d330cac9f9c55825.pdf,2026-10-07 21:55,outro,esquerda lulista 100,AtlasIntel_sergipe_pesqui
POSICIONAMENTO POLÍTICO,Esquerda não lulista 99.4,99.4,0.2,,,,99.6,True,30,True,AtlasIntel,sergipe,,,,,pesquisa_atlas__eleicoes_sergipe_2026__261003_d330cac9f9c55825.pdf,https://cdn1.atlasintel.org/pesquisa_atlas__eleicoes_sergipe_2026__261003_d330cac9f9c55825.pdf,2026-10-07 21:55,outro,esquerda não lulista 99.4,AtlasIntel_sergipe_pesqui
POSICIONAMENTO POLÍTICO,Independente,49.9,37.5,,,,87.4,False,30,True,AtlasIntel,sergipe,,,,,pesquisa_atlas__eleicoes_sergipe_2026__261003_d330cac9f9c55825.pdf,https://cdn1.atlasintel.org/pesquisa_atlas__eleicoes_sergipe_2026__261003_d330cac9f9c55825.pdf,2026-10-07 21:55,outro,independente,AtlasIntel_sergipe_pesqui
GÊNERO,Homem,47.1,51.1,1.9,,,100.1,True,29,True,AtlasIntel,tocantins,,,,,pesquisa_atlas__eleicoes_tocantins_2026__261003_bda58712a9171206.pdf,https://cdn1.atlasintel.org/pesquisa_atlas__eleicoes_tocantins_2026__261003_bda58712a9171206.pdf,2026-10-07 21:55,sexo,masculino,AtlasIntel_tocantins_pesqui
GÊNERO,Mulher,46.0,45.1,8.9,,,100.0,True,29,True,AtlasIntel,tocantins,,,,,pesquisa_atlas__eleicoes_tocantins_2026__261003_bda58712a9171206.pdf,https://cdn1.atlasintel.org/pesquisa_atlas__eleicoes_tocantins_2026__261003_bda58712a9171206.pdf,2026-10-07 21:55,sexo,feminino,AtlasIntel_tocantins_pesqui
GÊNERO,16-24,57.8,31.8,10.3,,,99.9,True,29,True,AtlasIntel,tocantins,,,,,pesquisa_atlas__eleicoes_tocantins_2026__261003_bda58712a9171206.pdf,https://cdn1.atlasintel.org/pesquisa_atlas__eleicoes_tocantins_2026__261003_bda58712a9171206.pdf,2026-10-07 21:55,idade,16-24,AtlasIntel_tocantins_pesqui
GÊNERO,25 34 35,54.1,43.3,2.6,,,100.0,True,29,True,AtlasIntel,tocantins,,,,,pesquisa_atlas__eleicoes_tocantins_2026__261003_bda58712a9171206.pdf,https://cdn1.atlasintel.org/pesquisa_atlas__eleicoes_tocantins_2026__261003_bda58712a9171206.pdf,2026-10-07 21:55,outro,25 34 35,AtlasIntel_tocantins_pesqui
IDADE,45 44,58.8,40.3,,,,99.1,True,29,True,AtlasIntel,tocantins,,,,,pesquisa_atlas__eleicoes_tocantins_2026__261003_bda58712a9171206.pdf,https://cdn1.atlasintel.org/pesquisa_atlas__eleicoes_tocantins_2026__261003_bda58712a9171206.pdf,2026-10-07 21:55,outro,45 44,AtlasIntel_tocantins_pesqui
IDADE,59 60,34.2,64.0,18.0,,,116.2,False,29,True,AtlasIntel,tocantins,,,,,pesquisa_atlas__eleicoes_tocantins_2026__261003_bda58712a9171206.pdf,https://cdn1.atlasintel.org/pesquisa_atlas__eleicoes_tocantins_2026__261003_bda58712a9171206.pdf,2026-10-07 21:55,outro,59 60,AtlasIntel_tocantins_pesqui
IDADE,100,33.5,51.5,15.0,,,100.0,True,29,True,AtlasIntel,tocantins,,,,,pesquisa_atlas__eleicoes_tocantins_2026__261003_bda58712a9171206.pdf,https://cdn1.atlasintel.org/pesquisa_atlas__eleicoes_tocantins_2026__261003_bda58712a9171206.pdf,2026-10-07 21:55,outro,100,AtlasIntel_tocantins_pesqui
NÍVEL EDUCACIONAL,Ensino Fundamental e Médio,44.6,50.7,4.7,,,100.0,True,29,True,AtlasIntel,tocantins,,,,,pesquisa_atlas__eleicoes_tocantins_2026__261003_bda58712a9171206.pdf,https://cdn1.atlasintel.org/pesquisa_atlas__eleicoes_tocantins_2026__261003_bda58712a9171206.pdf,2026-10-07 21:55,escolaridade,fundamental_medio,AtlasIntel_tocantins_pesqui
NÍVEL EDUCACIONAL,Ensino Superior,51.4,41.7,6.9,,,100.0,True,29,True,AtlasIntel,tocantins,,,,,pesquisa_atlas__eleicoes_tocantins_2026__261003_bda58712a9171206.pdf,https://cdn1.atlasintel.org/pesquisa_atlas__eleicoes_tocantins_2026__261003_bda58712a9171206.pdf,2026-10-07 21:55,escolaridade,superior,AtlasIntel_tocantins_pesqui
,Araguaína 45.1,53.5,45.1,14.0,,,112.6,False,29,True,AtlasIntel,tocantins,,,,,pesquisa_atlas__eleicoes_tocantins_2026__261003_bda58712a9171206.pdf,https://cdn1.atlasintel.org/pesquisa_atlas__eleicoes_tocantins_2026__261003_bda58712a9171206.pdf,2026-10-07 21:55,outro,araguaína 45.1,AtlasIntel_tocantins_pesqui
REGIÃO,Região Intermediária Gurupi de Palmas,52.5,38.0,9.5,,,100.0,True,29,True,AtlasIntel,tocantins,,,,,pesquisa_atlas__eleicoes_tocantins_2026__261003_bda58712a9171206.pdf,https://cdn1.atlasintel.org/pesquisa_atlas__eleicoes_tocantins_2026__261003_bda58712a9171206.pdf,2026-10-07 21:55,outro,região intermediária gurupi de palmas,AtlasIntel_tocantins_pesqui
REGIÃO,Capital,32.3,60.5,7.2,,,100.0,True,29,True,AtlasIntel,tocantins,,,,,pesquisa_atlas__eleicoes_tocantins_2026__261003_bda58712a9171206.pdf,https://cdn1.atlasintel.org/pesquisa_atlas__eleicoes_tocantins_2026__261003_bda58712a9171206.pdf,2026-10-07 21:55,outro,capital,AtlasIntel_tocantins_pesqui
REGIÃO,"R$O R$2,000 37.5",56.8,37.5,5.7,,,100.0,True,29,True,AtlasIntel,tocantins,,,,,pesquisa_atlas__eleicoes_tocantins_2026__261003_bda58712a9171206.pdf,https://cdn1.atlasintel.org/pesquisa_atlas__eleicoes_tocantins_2026__261003_bda58712a9171206.pdf,2026-10-07 21:55,renda_reais,2000_375,AtlasIntel_tocantins_pesqui
REGIÃO,"R$2,000 R$3,000 50.8",43.8,50.8,5.4,,,100.0,True,29,True,AtlasIntel,tocantins,,,,,pesquisa_atlas__eleicoes_tocantins_2026__261003_bda58712a9171206.pdf,https://cdn1.atlasintel.org/pesquisa_atlas__eleicoes_tocantins_2026__261003_bda58712a9171206.pdf,2026-10-07 21:55,renda_reais,2000_3000,AtlasIntel_tocantins_pesqui
RENDA FAMILIAR,"R$3,000 R$5,000 55.8",38.2,55.8,5.9,,,99.9,True,29,True,AtlasIntel,tocantins,,,,,pesquisa_atlas__eleicoes_tocantins_2026__261003_bda58712a9171206.pdf,https://cdn1.atlasintel.org/pesquisa_atlas__eleicoes_tocantins_2026__261003_bda58712a9171206.pdf,2026-10-07 21:55,renda_reais,3000_5000,AtlasIntel_tocantins_pesqui
RENDA FAMILIAR,"R$5,000 R$10,000 47",45.5,47.0,7.5,,,100.0,True,29,True,AtlasIntel,tocantins,,,,,pesquisa_atlas__eleicoes_tocantins_2026__261003_bda58712a9171206.pdf,https://cdn1.atlasintel.org/pesquisa_atlas__eleicoes_tocantins_2026__261003_bda58712a9171206.pdf,2026-10-07 21:55,renda_reais,5000_10000,AtlasIntel_tocantins_pesqui
RENDA FAMILIAR,"Acima de R$10,000 47.2",51.5,47.2,1.3,,,100.0,True,29,True,AtlasIntel,tocantins,,,,,pesquisa_atlas__eleicoes_tocantins_2026__261003_bda58712a9171206.pdf,https://cdn1.atlasintel.org/pesquisa_atlas__eleicoes_tocantins_2026__261003_bda58712a9171206.pdf,2026-10-07 21:55,renda_reais,acima_10000,AtlasIntel_tocantins_pesqui
,Católico,52.6,40.5,6.9,,,100.0,True,29,True,AtlasIntel,tocantins,,,,,pesquisa_atlas__eleicoes_tocantins_2026__261003_bda58712a9171206.pdf,https://cdn1.atlasintel.org/pesquisa_atlas__eleicoes_tocantins_2026__261003_bda58712a9171206.pdf,2026-10-07 21:55,religiao,catolica,AtlasIntel_tocantins_pesqui
,Evangélico,28.4,66.6,5.0,,,100.0,True,29,True,AtlasIntel,tocantins,,,,,pesquisa_atlas__eleicoes_tocantins_2026__261003_bda58712a9171206.pdf,https://cdn1.atlasintel.org/pesquisa_atlas__eleicoes_tocantins_2026__261003_bda58712a9171206.pdf,2026-10-07 21:55,religiao,evangelica,AtlasIntel_tocantins_pesqui
RELIGIÃO,Outra religião,69.3,29.3,1.5,,,100.1,True,29,True,AtlasIntel,tocantins,,,,,pesquisa_atlas__eleicoes_tocantins_2026__261003_bda58712a9171206.pdf,https://cdn1.atlasintel.org/pesquisa_atlas__eleicoes_tocantins_2026__261003_bda58712a9171206.pdf,2026-10-07 21:55,outro,outra religião,AtlasIntel_tocantins_pesqui
RELIGIÃO,Crente sem religião,58.5,41.3,0.3,,,100.1,True,29,True,AtlasIntel,tocantins,,,,,pesquisa_atlas__eleicoes_tocantins_2026__261003_bda58712a9171206.pdf,https://cdn1.atlasintel.org/pesquisa_atlas__eleicoes_tocantins_2026__261003_bda58712a9171206.pdf,2026-10-07 21:55,religiao,sem_religiao,AtlasIntel_tocantins_pesqui
RELIGIÃO,Agnóstico ou ateu,55.1,44.9,,,,100.0,True,29,True,AtlasIntel,tocantins,,,,,pesquisa_atlas__eleicoes_tocantins_2026__261003_bda58712a9171206.pdf,https://cdn1.atlasintel.org/pesquisa_atlas__eleicoes_tocantins_2026__261003_bda58712a9171206.pdf,2026-10-07 21:55,religiao,sem_religiao,AtlasIntel_tocantins_pesqui
RELIGIÃO,Wanderlei Barbosa,51.4,43.5,5.1,,,100.0,True,29,True,AtlasIntel,tocantins,,,,,pesquisa_atlas__eleicoes_tocantins_2026__261003_bda58712a9171206.pdf,https://cdn1.atlasintel.org/pesquisa_atlas__eleicoes_tocantins_2026__261003_bda58712a9171206.pdf,2026-10-07 21:55,outro,wanderlei barbosa,AtlasIntel_tocantins_pesqui
RELIGIÃO,Ronaldo Dimas,17.7,80.6,1.7,,,100.0,True,29,True,AtlasIntel,tocantins,,,,,pesquisa_atlas__eleicoes_tocantins_2026__261003_bda58712a9171206.pdf,https://cdn1.atlasintel.org/pesquisa_atlas__eleicoes_tocantins_2026__261003_bda58712a9171206.pdf,2026-10-07 21:55,outro,ronaldo dimas,AtlasIntel_tocantins_pesqui
VOTO GOVERNADOR - 1º TURNO 2022,Paulo Mourão,98.5,1.5,,,,100.0,True,29,True,AtlasIntel,tocantins,,,,,pesquisa_atlas__eleicoes_tocantins_2026__261003_bda58712a9171206.pdf,https://cdn1.atlasintel.org/pesquisa_atlas__eleicoes_tocantins_2026__261003_bda58712a9171206.pdf,2026-10-07 21:55,outro,paulo mourão,AtlasIntel_tocantins_pesqui
VOTO GOVERNADOR - 1º TURNO 2022,Irajá 25,75.0,25.0,,,,100.0,True,29,True,AtlasIntel,tocantins,,,,,pesquisa_atlas__eleicoes_tocantins_2026__261003_bda58712a9171206.pdf,https://cdn1.atlasintel.org/pesquisa_atlas__eleicoes_tocantins_2026__261003_bda58712a9171206.pdf,2026-10-07 21:55,outro,irajá 25,AtlasIntel_tocantins_pesqui
VOTO GOVERNADOR - 1º TURNO 2022,Outro 47.8,44.3,47.8,7.9,,,100.0,True,29,True,AtlasIntel,tocantins,,,,,pesquisa_atlas__eleicoes_tocantins_2026__261003_bda58712a9171206.pdf,https://cdn1.atlasintel.org/pesquisa_atlas__eleicoes_tocantins_2026__261003_bda58712a9171206.pdf,2026-10-07 21:55,outro,outro 47.8,AtlasIntel_tocantins_pesqui
VOTO GOVERNADOR - 1º TURNO 2022,Voto branco/nulo,23.8,69.7,6.4,,,99.9,True,29,True,AtlasIntel,tocantins,,,,,pesquisa_atlas__eleicoes_tocantins_2026__261003_bda58712a9171206.pdf,https://cdn1.atlasintel.org/pesquisa_atlas__eleicoes_tocantins_2026__261003_bda58712a9171206.pdf,2026-10-07 21:55,outro,voto branco/nulo,AtlasIntel_tocantins_pesqui
VOTO GOVERNADOR - 1º TURNO 2022,Não votei 46,36.0,46.0,18.0,,,100.0,True,29,True,AtlasIntel,tocantins,,,,,pesquisa_atlas__eleicoes_tocantins_2026__261003_bda58712a9171206.pdf,https://cdn1.atlasintel.org/pesquisa_atlas__eleicoes_tocantins_2026__261003_bda58712a9171206.pdf,2026-10-07 21:55,outro,não votei 46,AtlasIntel_tocantins_pesqui
A,Total,48.0,45.0,6.0,1.0,,100.0,True,53,False,Datafolha,,BR-08039/2026,2506.0,2.0,,pmzl5pv3clpqn4qxot1ykftnjvnus9a8bqs-4zxigfg.pdf,https://media.folha.uol.com.br/datafolha/2026/10/02/pmzl5pv3clpqn4qxot1ykftnjvnus9a8bqs-4zxigfg.pdf,2026-10-07 21:55,total,total,Datafolha_BR_pmzl5p
A,Masculino,44.0,49.0,6.0,1.0,,100.0,True,53,False,Datafolha,,BR-08039/2026,2506.0,2.0,,pmzl5pv3clpqn4qxot1ykftnjvnus9a8bqs-4zxigfg.pdf,https://media.folha.uol.com.br/datafolha/2026/10/02/pmzl5pv3clpqn4qxot1ykftnjvnus9a8bqs-4zxigfg.pdf,2026-10-07 21:55,sexo,masculino,Datafolha_BR_pmzl5p
A,Gênero Feminino,51.0,41.0,6.0,1.0,,99.0,True,53,False,Datafolha,,BR-08039/2026,2506.0,2.0,,pmzl5pv3clpqn4qxot1ykftnjvnus9a8bqs-4zxigfg.pdf,https://media.folha.uol.com.br/datafolha/2026/10/02/pmzl5pv3clpqn4qxot1ykftnjvnus9a8bqs-4zxigfg.pdf,2026-10-07 21:55,sexo,feminino,Datafolha_BR_pmzl5p
A,16 a 24,48.0,46.0,5.0,1.0,,100.0,True,53,False,Datafolha,,BR-08039/2026,2506.0,2.0,,pmzl5pv3clpqn4qxot1ykftnjvnus9a8bqs-4zxigfg.pdf,https://media.folha.uol.com.br/datafolha/2026/10/02/pmzl5pv3clpqn4qxot1ykftnjvnus9a8bqs-4zxigfg.pdf,2026-10-07 21:55,idade,16-24,Datafolha_BR_pmzl5p
A,25 a 34,47.0,46.0,6.0,1.0,,100.0,True,53,False,Datafolha,,BR-08039/2026,2506.0,2.0,,pmzl5pv3clpqn4qxot1ykftnjvnus9a8bqs-4zxigfg.pdf,https://media.folha.uol.com.br/datafolha/2026/10/02/pmzl5pv3clpqn4qxot1ykftnjvnus9a8bqs-4zxigfg.pdf,2026-10-07 21:55,idade,25-34,Datafolha_BR_pmzl5p
A,Idade 35 a 44,46.0,48.0,6.0,0.0,,100.0,True,53,False,Datafolha,,BR-08039/2026,2506.0,2.0,,pmzl5pv3clpqn4qxot1ykftnjvnus9a8bqs-4zxigfg.pdf,https://media.folha.uol.com.br/datafolha/2026/10/02/pmzl5pv3clpqn4qxot1ykftnjvnus9a8bqs-4zxigfg.pdf,2026-10-07 21:55,outro,idade 35 a 44,Datafolha_BR_pmzl5p
A,45 a 59,46.0,46.0,7.0,1.0,,100.0,True,53,False,Datafolha,,BR-08039/2026,2506.0,2.0,,pmzl5pv3clpqn4qxot1ykftnjvnus9a8bqs-4zxigfg.pdf,https://media.folha.uol.com.br/datafolha/2026/10/02/pmzl5pv3clpqn4qxot1ykftnjvnus9a8bqs-4zxigfg.pdf,2026-10-07 21:55,idade,45-59,Datafolha_BR_pmzl5p
A,60 ou +,52.0,41.0,5.0,2.0,,100.0,True,53,False,Datafolha,,BR-08039/2026,2506.0,2.0,,pmzl5pv3clpqn4qxot1ykftnjvnus9a8bqs-4zxigfg.pdf,https://media.folha.uol.com.br/datafolha/2026/10/02/pmzl5pv3clpqn4qxot1ykftnjvnus9a8bqs-4zxigfg.pdf,2026-10-07 21:55,idade,60+,Datafolha_BR_pmzl5p
A,Fundamental,60.0,33.0,5.0,2.0,,100.0,True,53,False,Datafolha,,BR-08039/2026,2506.0,2.0,,pmzl5pv3clpqn4qxot1ykftnjvnus9a8bqs-4zxigfg.pdf,https://media.folha.uol.com.br/datafolha/2026/10/02/pmzl5pv3clpqn4qxot1ykftnjvnus9a8bqs-4zxigfg.pdf,2026-10-07 21:55,escolaridade,fundamental,Datafolha_BR_pmzl5p
A,Escolaridade Médio,44.0,49.0,7.0,1.0,,101.0,True,53,False,Datafolha,,BR-08039/2026,2506.0,2.0,,pmzl5pv3clpqn4qxot1ykftnjvnus9a8bqs-4zxigfg.pdf,https://media.folha.uol.com.br/datafolha/2026/10/02/pmzl5pv3clpqn4qxot1ykftnjvnus9a8bqs-4zxigfg.pdf,2026-10-07 21:55,escolaridade,medio,Datafolha_BR_pmzl5p
A,Superior,41.0,52.0,7.0,1.0,,101.0,True,53,False,Datafolha,,BR-08039/2026,2506.0,2.0,,pmzl5pv3clpqn4qxot1ykftnjvnus9a8bqs-4zxigfg.pdf,https://media.folha.uol.com.br/datafolha/2026/10/02/pmzl5pv3clpqn4qxot1ykftnjvnus9a8bqs-4zxigfg.pdf,2026-10-07 21:55,escolaridade,superior,Datafolha_BR_pmzl5p
Total,Total,48.0,45.0,6.0,1.0,2506.0,100.0,True,53,False,Datafolha,,BR-08039/2026,2506.0,2.0,,pmzl5pv3clpqn4qxot1ykftnjvnus9a8bqs-4zxigfg.pdf,https://media.folha.uol.com.br/datafolha/2026/10/02/pmzl5pv3clpqn4qxot1ykftnjvnus9a8bqs-4zxigfg.pdf,2026-10-07 21:55,total,total,Datafolha_BR_pmzl5p
Total,Até 2 S.M.,58.0,34.0,7.0,1.0,1209.0,100.0,True,53,False,Datafolha,,BR-08039/2026,2506.0,2.0,,pmzl5pv3clpqn4qxot1ykftnjvnus9a8bqs-4zxigfg.pdf,https://media.folha.uol.com.br/datafolha/2026/10/02/pmzl5pv3clpqn4qxot1ykftnjvnus9a8bqs-4zxigfg.pdf,2026-10-07 21:55,renda,ate_2sm,Datafolha_BR_pmzl5p
familiar,Mais de 2 a 5 S.M.,38.0,56.0,5.0,1.0,856.0,100.0,True,53,False,Datafolha,,BR-08039/2026,2506.0,2.0,,pmzl5pv3clpqn4qxot1ykftnjvnus9a8bqs-4zxigfg.pdf,https://media.folha.uol.com.br/datafolha/2026/10/02/pmzl5pv3clpqn4qxot1ykftnjvnus9a8bqs-4zxigfg.pdf,2026-10-07 21:55,renda,2_5sm,Datafolha_BR_pmzl5p
mensal,Mais de 5 S.M.,40.0,55.0,6.0,0.0,344.0,101.0,True,53,False,Datafolha,,BR-08039/2026,2506.0,2.0,,pmzl5pv3clpqn4qxot1ykftnjvnus9a8bqs-4zxigfg.pdf,https://media.folha.uol.com.br/datafolha/2026/10/02/pmzl5pv3clpqn4qxot1ykftnjvnus9a8bqs-4zxigfg.pdf,2026-10-07 21:55,renda,mais_5sm,Datafolha_BR_pmzl5p
Ocupação,PEA,44.0,48.0,6.0,1.0,1748.0,99.0,True,53,False,Datafolha,,BR-08039/2026,2506.0,2.0,,pmzl5pv3clpqn4qxot1ykftnjvnus9a8bqs-4zxigfg.pdf,https://media.folha.uol.com.br/datafolha/2026/10/02/pmzl5pv3clpqn4qxot1ykftnjvnus9a8bqs-4zxigfg.pdf,2026-10-07 21:55,ocupacao,pea,Datafolha_BR_pmzl5p
principal,Não PEA,56.0,37.0,5.0,2.0,757.0,100.0,True,53,False,Datafolha,,BR-08039/2026,2506.0,2.0,,pmzl5pv3clpqn4qxot1ykftnjvnus9a8bqs-4zxigfg.pdf,https://media.folha.uol.com.br/datafolha/2026/10/02/pmzl5pv3clpqn4qxot1ykftnjvnus9a8bqs-4zxigfg.pdf,2026-10-07 21:55,ocupacao,nao pea,Datafolha_BR_pmzl5p
principal,Branca,40.0,53.0,6.0,1.0,875.0,100.0,True,53,False,Datafolha,,BR-08039/2026,2506.0,2.0,,pmzl5pv3clpqn4qxot1ykftnjvnus9a8bqs-4zxigfg.pdf,https://media.folha.uol.com.br/datafolha/2026/10/02/pmzl5pv3clpqn4qxot1ykftnjvnus9a8bqs-4zxigfg.pdf,2026-10-07 21:55,cor_raca,branca,Datafolha_BR_pmzl5p
(autodeclarada),Preta,59.0,33.0,7.0,2.0,389.0,101.0,True,53,False,Datafolha,,BR-08039/2026,2506.0,2.0,,pmzl5pv3clpqn4qxot1ykftnjvnus9a8bqs-4zxigfg.pdf,https://media.folha.uol.com.br/datafolha/2026/10/02/pmzl5pv3clpqn4qxot1ykftnjvnus9a8bqs-4zxigfg.pdf,2026-10-07 21:55,cor_raca,preta,Datafolha_BR_pmzl5p
(autodeclarada),Parda,50.0,43.0,6.0,1.0,1146.0,100.0,True,53,False,Datafolha,,BR-08039/2026,2506.0,2.0,,pmzl5pv3clpqn4qxot1ykftnjvnus9a8bqs-4zxigfg.pdf,https://media.folha.uol.com.br/datafolha/2026/10/02/pmzl5pv3clpqn4qxot1ykftnjvnus9a8bqs-4zxigfg.pdf,2026-10-07 21:55,cor_raca,parda,Datafolha_BR_pmzl5p
(autodeclarada),Católica,55.0,38.0,6.0,1.0,1209.0,100.0,True,53,False,Datafolha,,BR-08039/2026,2506.0,2.0,,pmzl5pv3clpqn4qxot1ykftnjvnus9a8bqs-4zxigfg.pdf,https://media.folha.uol.com.br/datafolha/2026/10/02/pmzl5pv3clpqn4qxot1ykftnjvnus9a8bqs-4zxigfg.pdf,2026-10-07 21:55,religiao,catolica,Datafolha_BR_pmzl5p
Religião,Evangélica,32.0,62.0,5.0,1.0,716.0,100.0,True,53,False,Datafolha,,BR-08039/2026,2506.0,2.0,,pmzl5pv3clpqn4qxot1ykftnjvnus9a8bqs-4zxigfg.pdf,https://media.folha.uol.com.br/datafolha/2026/10/02/pmzl5pv3clpqn4qxot1ykftnjvnus9a8bqs-4zxigfg.pdf,2026-10-07 21:55,religiao,evangelica,Datafolha_BR_pmzl5p
Total,Total,48.0,45.0,6.0,1.0,2506.0,100.0,True,53,False,Datafolha,,BR-08039/2026,2506.0,2.0,,pmzl5pv3clpqn4qxot1ykftnjvnus9a8bqs-4zxigfg.pdf,https://media.folha.uol.com.br/datafolha/2026/10/02/pmzl5pv3clpqn4qxot1ykftnjvnus9a8bqs-4zxigfg.pdf,2026-10-07 21:55,total,total,Datafolha_BR_pmzl5p
Total,Sudeste,45.0,48.0,7.0,1.0,1050.0,101.0,True,53,False,Datafolha,,BR-08039/2026,2506.0,2.0,,pmzl5pv3clpqn4qxot1ykftnjvnus9a8bqs-4zxigfg.pdf,https://media.folha.uol.com.br/datafolha/2026/10/02/pmzl5pv3clpqn4qxot1ykftnjvnus9a8bqs-4zxigfg.pdf,2026-10-07 21:55,regiao,SE,Datafolha_BR_pmzl5p
Total,Sul,34.0,59.0,6.0,2.0,369.0,101.0,True,53,False,Datafolha,,BR-08039/2026,2506.0,2.0,,pmzl5pv3clpqn4qxot1ykftnjvnus9a8bqs-4zxigfg.pdf,https://media.folha.uol.com.br/datafolha/2026/10/02/pmzl5pv3clpqn4qxot1ykftnjvnus9a8bqs-4zxigfg.pdf,2026-10-07 21:55,regiao,S,Datafolha_BR_pmzl5p
país,Nordeste,62.0,31.0,6.0,1.0,691.0,100.0,True,53,False,Datafolha,,BR-08039/2026,2506.0,2.0,,pmzl5pv3clpqn4qxot1ykftnjvnus9a8bqs-4zxigfg.pdf,https://media.folha.uol.com.br/datafolha/2026/10/02/pmzl5pv3clpqn4qxot1ykftnjvnus9a8bqs-4zxigfg.pdf,2026-10-07 21:55,regiao,NE,Datafolha_BR_pmzl5p
país,CentroOeste/ Norte,44.0,50.0,6.0,1.0,396.0,101.0,True,53,False,Datafolha,,BR-08039/2026,2506.0,2.0,,pmzl5pv3clpqn4qxot1ykftnjvnus9a8bqs-4zxigfg.pdf,https://media.folha.uol.com.br/datafolha/2026/10/02/pmzl5pv3clpqn4qxot1ykftnjvnus9a8bqs-4zxigfg.pdf,2026-10-07 21:55,regiao,CO_N,Datafolha_BR_pmzl5p
Natureza,Região Metropolitana,49.0,44.0,7.0,1.0,1007.0,101.0,True,53,False,Datafolha,,BR-08039/2026,2506.0,2.0,,pmzl5pv3clpqn4qxot1ykftnjvnus9a8bqs-4zxigfg.pdf,https://media.folha.uol.com.br/datafolha/2026/10/02/pmzl5pv3clpqn4qxot1ykftnjvnus9a8bqs-4zxigfg.pdf,2026-10-07 21:55,porte,regiao_metropolitana,Datafolha_BR_pmzl5p
município,Interior,47.0,46.0,6.0,1.0,1499.0,100.0,True,53,False,Datafolha,,BR-08039/2026,2506.0,2.0,,pmzl5pv3clpqn4qxot1ykftnjvnus9a8bqs-4zxigfg.pdf,https://media.folha.uol.com.br/datafolha/2026/10/02/pmzl5pv3clpqn4qxot1ykftnjvnus9a8bqs-4zxigfg.pdf,2026-10-07 21:55,porte,interior,Datafolha_BR_pmzl5p
município,PT,97.0,2.0,1.0,0.0,715.0,100.0,True,53,False,Datafolha,,BR-08039/2026,2506.0,2.0,,pmzl5pv3clpqn4qxot1ykftnjvnus9a8bqs-4zxigfg.pdf,https://media.folha.uol.com.br/datafolha/2026/10/02/pmzl5pv3clpqn4qxot1ykftnjvnus9a8bqs-4zxigfg.pdf,2026-10-07 21:55,partido,pt,Datafolha_BR_pmzl5p
Partido,PL,1.0,99.0,1.0,0.0,414.0,101.0,True,53,False,Datafolha,,BR-08039/2026,2506.0,2.0,,pmzl5pv3clpqn4qxot1ykftnjvnus9a8bqs-4zxigfg.pdf,https://media.folha.uol.com.br/datafolha/2026/10/02/pmzl5pv3clpqn4qxot1ykftnjvnus9a8bqs-4zxigfg.pdf,2026-10-07 21:55,partido,pl,Datafolha_BR_pmzl5p
preferência,Outro partido,46.0,48.0,5.0,1.0,384.0,100.0,True,53,False,Datafolha,,BR-08039/2026,2506.0,2.0,,pmzl5pv3clpqn4qxot1ykftnjvnus9a8bqs-4zxigfg.pdf,https://media.folha.uol.com.br/datafolha/2026/10/02/pmzl5pv3clpqn4qxot1ykftnjvnus9a8bqs-4zxigfg.pdf,2026-10-07 21:55,partido,outro partido,Datafolha_BR_pmzl5p
preferência,Nenhum/ Não tem,32.0,53.0,13.0,2.0,993.0,100.0,True,53,False,Datafolha,,BR-08039/2026,2506.0,2.0,,pmzl5pv3clpqn4qxot1ykftnjvnus9a8bqs-4zxigfg.pdf,https://media.folha.uol.com.br/datafolha/2026/10/02/pmzl5pv3clpqn4qxot1ykftnjvnus9a8bqs-4zxigfg.pdf,2026-10-07 21:55,partido,nenhum/ não tem,Datafolha_BR_pmzl5p
A,Total,47.0,43.0,9.0,2.0,,101.0,True,44,False,Datafolha,,BR-04496/2026,2058.0,2.0,18 e 19 de agosto de 2026,z449esriv9uiuf2nkkin3zmjzj79u-frfagzqbw2ors.pdf,https://media.folha.uol.com.br/datafolha/2026/08/24/z449esriv9uiuf2nkkin3zmjzj79u-frfagzqbw2ors.pdf,2026-10-07 21:55,total,total,Datafolha_BR_z449es
A,Masculino,43.0,48.0,8.0,1.0,,100.0,True,44,False,Datafolha,,BR-04496/2026,2058.0,2.0,18 e 19 de agosto de 2026,z449esriv9uiuf2nkkin3zmjzj79u-frfagzqbw2ors.pdf,https://media.folha.uol.com.br/datafolha/2026/08/24/z449esriv9uiuf2nkkin3zmjzj79u-frfagzqbw2ors.pdf,2026-10-07 21:55,sexo,masculino,Datafolha_BR_z449es
A,Gênero Feminino,51.0,38.0,9.0,2.0,,100.0,True,44,False,Datafolha,,BR-04496/2026,2058.0,2.0,18 e 19 de agosto de 2026,z449esriv9uiuf2nkkin3zmjzj79u-frfagzqbw2ors.pdf,https://media.folha.uol.com.br/datafolha/2026/08/24/z449esriv9uiuf2nkkin3zmjzj79u-frfagzqbw2ors.pdf,2026-10-07 21:55,sexo,feminino,Datafolha_BR_z449es
A,16 a 24,46.0,45.0,7.0,3.0,,101.0,True,44,False,Datafolha,,BR-04496/2026,2058.0,2.0,18 e 19 de agosto de 2026,z449esriv9uiuf2nkkin3zmjzj79u-frfagzqbw2ors.pdf,https://media.folha.uol.com.br/datafolha/2026/08/24/z449esriv9uiuf2nkkin3zmjzj79u-frfagzqbw2ors.pdf,2026-10-07 21:55,idade,16-24,Datafolha_BR_z449es
A,25 a 34,45.0,44.0,10.0,2.0,,101.0,True,44,False,Datafolha,,BR-04496/2026,2058.0,2.0,18 e 19 de agosto de 2026,z449esriv9uiuf2nkkin3zmjzj79u-frfagzqbw2ors.pdf,https://media.folha.uol.com.br/datafolha/2026/08/24/z449esriv9uiuf2nkkin3zmjzj79u-frfagzqbw2ors.pdf,2026-10-07 21:55,idade,25-34,Datafolha_BR_z449es
A,Idade 35 a 44,42.0,47.0,10.0,1.0,,100.0,True,44,False,Datafolha,,BR-04496/2026,2058.0,2.0,18 e 19 de agosto de 2026,z449esriv9uiuf2nkkin3zmjzj79u-frfagzqbw2ors.pdf,https://media.folha.uol.com.br/datafolha/2026/08/24/z449esriv9uiuf2nkkin3zmjzj79u-frfagzqbw2ors.pdf,2026-10-07 21:55,outro,idade 35 a 44,Datafolha_BR_z449es
A,45 a 59,49.0,40.0,9.0,2.0,,100.0,True,44,False,Datafolha,,BR-04496/2026,2058.0,2.0,18 e 19 de agosto de 2026,z449esriv9uiuf2nkkin3zmjzj79u-frfagzqbw2ors.pdf,https://media.folha.uol.com.br/datafolha/2026/08/24/z449esriv9uiuf2nkkin3zmjzj79u-frfagzqbw2ors.pdf,2026-10-07 21:55,idade,45-59,Datafolha_BR_z449es
A,60 ou +,51.0,40.0,7.0,1.0,,99.0,True,44,False,Datafolha,,BR-04496/2026,2058.0,2.0,18 e 19 de agosto de 2026,z449esriv9uiuf2nkkin3zmjzj79u-frfagzqbw2ors.pdf,https://media.folha.uol.com.br/datafolha/2026/08/24/z449esriv9uiuf2nkkin3zmjzj79u-frfagzqbw2ors.pdf,2026-10-07 21:55,idade,60+,Datafolha_BR_z449es
A,Fundamental,59.0,35.0,4.0,2.0,,100.0,True,44,False,Datafolha,,BR-04496/2026,2058.0,2.0,18 e 19 de agosto de 2026,z449esriv9uiuf2nkkin3zmjzj79u-frfagzqbw2ors.pdf,https://media.folha.uol.com.br/datafolha/2026/08/24/z449esriv9uiuf2nkkin3zmjzj79u-frfagzqbw2ors.pdf,2026-10-07 21:55,escolaridade,fundamental,Datafolha_BR_z449es
A,Escolaridade Médio,40.0,49.0,10.0,2.0,,101.0,True,44,False,Datafolha,,BR-04496/2026,2058.0,2.0,18 e 19 de agosto de 2026,z449esriv9uiuf2nkkin3zmjzj79u-frfagzqbw2ors.pdf,https://media.folha.uol.com.br/datafolha/2026/08/24/z449esriv9uiuf2nkkin3zmjzj79u-frfagzqbw2ors.pdf,2026-10-07 21:55,escolaridade,medio,Datafolha_BR_z449es
A,Superior,45.0,42.0,12.0,2.0,,101.0,True,44,False,Datafolha,,BR-04496/2026,2058.0,2.0,18 e 19 de agosto de 2026,z449esriv9uiuf2nkkin3zmjzj79u-frfagzqbw2ors.pdf,https://media.folha.uol.com.br/datafolha/2026/08/24/z449esriv9uiuf2nkkin3zmjzj79u-frfagzqbw2ors.pdf,2026-10-07 21:55,escolaridade,superior,Datafolha_BR_z449es
Total,Total,47.0,43.0,9.0,2.0,2058.0,101.0,True,44,False,Datafolha,,BR-04496/2026,2058.0,2.0,18 e 19 de agosto de 2026,z449esriv9uiuf2nkkin3zmjzj79u-frfagzqbw2ors.pdf,https://media.folha.uol.com.br/datafolha/2026/08/24/z449esriv9uiuf2nkkin3zmjzj79u-frfagzqbw2ors.pdf,2026-10-07 21:55,total,total,Datafolha_BR_z449es
Total,Até 2 S.M.,55.0,35.0,8.0,1.0,1031.0,99.0,True,44,False,Datafolha,,BR-04496/2026,2058.0,2.0,18 e 19 de agosto de 2026,z449esriv9uiuf2nkkin3zmjzj79u-frfagzqbw2ors.pdf,https://media.folha.uol.com.br/datafolha/2026/08/24/z449esriv9uiuf2nkkin3zmjzj79u-frfagzqbw2ors.pdf,2026-10-07 21:55,renda,ate_2sm,Datafolha_BR_z449es
familiar,Mais de 2 a 5 S.M.,37.0,51.0,10.0,2.0,704.0,100.0,True,44,False,Datafolha,,BR-04496/2026,2058.0,2.0,18 e 19 de agosto de 2026,z449esriv9uiuf2nkkin3zmjzj79u-frfagzqbw2ors.pdf,https://media.folha.uol.com.br/datafolha/2026/08/24/z449esriv9uiuf2nkkin3zmjzj79u-frfagzqbw2ors.pdf,2026-10-07 21:55,renda,2_5sm,Datafolha_BR_z449es
mensal,Mais de 5 S.M.,39.0,54.0,7.0,0.0,249.0,100.0,True,44,False,Datafolha,,BR-04496/2026,2058.0,2.0,18 e 19 de agosto de 2026,z449esriv9uiuf2nkkin3zmjzj79u-frfagzqbw2ors.pdf,https://media.folha.uol.com.br/datafolha/2026/08/24/z449esriv9uiuf2nkkin3zmjzj79u-frfagzqbw2ors.pdf,2026-10-07 21:55,renda,mais_5sm,Datafolha_BR_z449es
Ocupação,PEA,44.0,45.0,10.0,2.0,1466.0,101.0,True,44,False,Datafolha,,BR-04496/2026,2058.0,2.0,18 e 19 de agosto de 2026,z449esriv9uiuf2nkkin3zmjzj79u-frfagzqbw2ors.pdf,https://media.folha.uol.com.br/datafolha/2026/08/24/z449esriv9uiuf2nkkin3zmjzj79u-frfagzqbw2ors.pdf,2026-10-07 21:55,ocupacao,pea,Datafolha_BR_z449es
principal,Não PEA,55.0,38.0,6.0,1.0,592.0,100.0,True,44,False,Datafolha,,BR-04496/2026,2058.0,2.0,18 e 19 de agosto de 2026,z449esriv9uiuf2nkkin3zmjzj79u-frfagzqbw2ors.pdf,https://media.folha.uol.com.br/datafolha/2026/08/24/z449esriv9uiuf2nkkin3zmjzj79u-frfagzqbw2ors.pdf,2026-10-07 21:55,ocupacao,nao pea,Datafolha_BR_z449es
principal,Branca,41.0,47.0,9.0,3.0,733.0,100.0,True,44,False,Datafolha,,BR-04496/2026,2058.0,2.0,18 e 19 de agosto de 2026,z449esriv9uiuf2nkkin3zmjzj79u-frfagzqbw2ors.pdf,https://media.folha.uol.com.br/datafolha/2026/08/24/z449esriv9uiuf2nkkin3zmjzj79u-frfagzqbw2ors.pdf,2026-10-07 21:55,cor_raca,branca,Datafolha_BR_z449es
Cor,Preta,55.0,37.0,6.0,2.0,334.0,100.0,True,44,False,Datafolha,,BR-04496/2026,2058.0,2.0,18 e 19 de agosto de 2026,z449esriv9uiuf2nkkin3zmjzj79u-frfagzqbw2ors.pdf,https://media.folha.uol.com.br/datafolha/2026/08/24/z449esriv9uiuf2nkkin3zmjzj79u-frfagzqbw2ors.pdf,2026-10-07 21:55,cor_raca,preta,Datafolha_BR_z449es
Cor,Parda,48.0,42.0,9.0,1.0,919.0,100.0,True,44,False,Datafolha,,BR-04496/2026,2058.0,2.0,18 e 19 de agosto de 2026,z449esriv9uiuf2nkkin3zmjzj79u-frfagzqbw2ors.pdf,https://media.folha.uol.com.br/datafolha/2026/08/24/z449esriv9uiuf2nkkin3zmjzj79u-frfagzqbw2ors.pdf,2026-10-07 21:55,cor_raca,parda,Datafolha_BR_z449es
Cor,Católica,54.0,36.0,8.0,2.0,1031.0,100.0,True,44,False,Datafolha,,BR-04496/2026,2058.0,2.0,18 e 19 de agosto de 2026,z449esriv9uiuf2nkkin3zmjzj79u-frfagzqbw2ors.pdf,https://media.folha.uol.com.br/datafolha/2026/08/24/z449esriv9uiuf2nkkin3zmjzj79u-frfagzqbw2ors.pdf,2026-10-07 21:55,religiao,catolica,Datafolha_BR_z449es
Religião,Evangélica,29.0,62.0,9.0,1.0,536.0,101.0,True,44,False,Datafolha,,BR-04496/2026,2058.0,2.0,18 e 19 de agosto de 2026,z449esriv9uiuf2nkkin3zmjzj79u-frfagzqbw2ors.pdf,https://media.folha.uol.com.br/datafolha/2026/08/24/z449esriv9uiuf2nkkin3zmjzj79u-frfagzqbw2ors.pdf,2026-10-07 21:55,religiao,evangelica,Datafolha_BR_z449es
Total,Total,47.0,43.0,9.0,2.0,2058.0,101.0,True,44,False,Datafolha,,BR-04496/2026,2058.0,2.0,18 e 19 de agosto de 2026,z449esriv9uiuf2nkkin3zmjzj79u-frfagzqbw2ors.pdf,https://media.folha.uol.com.br/datafolha/2026/08/24/z449esriv9uiuf2nkkin3zmjzj79u-frfagzqbw2ors.pdf,2026-10-07 21:55,total,total,Datafolha_BR_z449es
Total,Sudeste,43.0,46.0,9.0,2.0,862.0,100.0,True,44,False,Datafolha,,BR-04496/2026,2058.0,2.0,18 e 19 de agosto de 2026,z449esriv9uiuf2nkkin3zmjzj79u-frfagzqbw2ors.pdf,https://media.folha.uol.com.br/datafolha/2026/08/24/z449esriv9uiuf2nkkin3zmjzj79u-frfagzqbw2ors.pdf,2026-10-07 21:55,regiao,SE,Datafolha_BR_z449es
Total,Sul,38.0,50.0,9.0,3.0,304.0,100.0,True,44,False,Datafolha,,BR-04496/2026,2058.0,2.0,18 e 19 de agosto de 2026,z449esriv9uiuf2nkkin3zmjzj79u-frfagzqbw2ors.pdf,https://media.folha.uol.com.br/datafolha/2026/08/24/z449esriv9uiuf2nkkin3zmjzj79u-frfagzqbw2ors.pdf,2026-10-07 21:55,regiao,S,Datafolha_BR_z449es
Região,Nordeste,61.0,30.0,8.0,2.0,569.0,101.0,True,44,False,Datafolha,,BR-04496/2026,2058.0,2.0,18 e 19 de agosto de 2026,z449esriv9uiuf2nkkin3zmjzj79u-frfagzqbw2ors.pdf,https://media.folha.uol.com.br/datafolha/2026/08/24/z449esriv9uiuf2nkkin3zmjzj79u-frfagzqbw2ors.pdf,2026-10-07 21:55,regiao,NE,Datafolha_BR_z449es
Região,CentroOeste/ Norte,42.0,49.0,8.0,1.0,323.0,100.0,True,44,False,Datafolha,,BR-04496/2026,2058.0,2.0,18 e 19 de agosto de 2026,z449esriv9uiuf2nkkin3zmjzj79u-frfagzqbw2ors.pdf,https://media.folha.uol.com.br/datafolha/2026/08/24/z449esriv9uiuf2nkkin3zmjzj79u-frfagzqbw2ors.pdf,2026-10-07 21:55,regiao,CO_N,Datafolha_BR_z449es
Natureza,Região Metrop.,49.0,41.0,8.0,2.0,813.0,100.0,True,44,False,Datafolha,,BR-04496/2026,2058.0,2.0,18 e 19 de agosto de 2026,z449esriv9uiuf2nkkin3zmjzj79u-frfagzqbw2ors.pdf,https://media.folha.uol.com.br/datafolha/2026/08/24/z449esriv9uiuf2nkkin3zmjzj79u-frfagzqbw2ors.pdf,2026-10-07 21:55,outro,região metrop.,Datafolha_BR_z449es
município,Interior,46.0,44.0,9.0,2.0,1245.0,101.0,True,44,False,Datafolha,,BR-04496/2026,2058.0,2.0,18 e 19 de agosto de 2026,z449esriv9uiuf2nkkin3zmjzj79u-frfagzqbw2ors.pdf,https://media.folha.uol.com.br/datafolha/2026/08/24/z449esriv9uiuf2nkkin3zmjzj79u-frfagzqbw2ors.pdf,2026-10-07 21:55,porte,interior,Datafolha_BR_z449es
município,Bolsonaristas,6.0,90.0,3.0,1.0,697.0,100.0,True,44,False,Datafolha,,BR-04496/2026,2058.0,2.0,18 e 19 de agosto de 2026,z449esriv9uiuf2nkkin3zmjzj79u-frfagzqbw2ors.pdf,https://media.folha.uol.com.br/datafolha/2026/08/24/z449esriv9uiuf2nkkin3zmjzj79u-frfagzqbw2ors.pdf,2026-10-07 21:55,outro,bolsonaristas,Datafolha_BR_z449es
Identificação,Não alinhados,33.0,38.0,26.0,4.0,496.0,101.0,True,44,False,Datafolha,,BR-04496/2026,2058.0,2.0,18 e 19 de agosto de 2026,z449esriv9uiuf2nkkin3zmjzj79u-frfagzqbw2ors.pdf,https://media.folha.uol.com.br/datafolha/2026/08/24/z449esriv9uiuf2nkkin3zmjzj79u-frfagzqbw2ors.pdf,2026-10-07 21:55,outro,não alinhados,Datafolha_BR_z449es
política,Petistas,90.0,7.0,2.0,0.0,825.0,99.0,True,44,False,Datafolha,,BR-04496/2026,2058.0,2.0,18 e 19 de agosto de 2026,z449esriv9uiuf2nkkin3zmjzj79u-frfagzqbw2ors.pdf,https://media.folha.uol.com.br/datafolha/2026/08/24/z449esriv9uiuf2nkkin3zmjzj79u-frfagzqbw2ors.pdf,2026-10-07 21:55,outro,petistas,Datafolha_BR_z449es
política,PT,98.0,2.0,0.0,0.0,498.0,100.0,True,44,False,Datafolha,,BR-04496/2026,2058.0,2.0,18 e 19 de agosto de 2026,z449esriv9uiuf2nkkin3zmjzj79u-frfagzqbw2ors.pdf,https://media.folha.uol.com.br/datafolha/2026/08/24/z449esriv9uiuf2nkkin3zmjzj79u-frfagzqbw2ors.pdf,2026-10-07 21:55,partido,pt,Datafolha_BR_z449es
Partido,PL,1.0,99.0,0.0,0.0,256.0,100.0,True,44,False,Datafolha,,BR-04496/2026,2058.0,2.0,18 e 19 de agosto de 2026,z449esriv9uiuf2nkkin3zmjzj79u-frfagzqbw2ors.pdf,https://media.folha.uol.com.br/datafolha/2026/08/24/z449esriv9uiuf2nkkin3zmjzj79u-frfagzqbw2ors.pdf,2026-10-07 21:55,partido,pl,Datafolha_BR_z449es
preferência,Outro partido,37.0,54.0,8.0,1.0,309.0,100.0,True,44,False,Datafolha,,BR-04496/2026,2058.0,2.0,18 e 19 de agosto de 2026,z449esriv9uiuf2nkkin3zmjzj79u-frfagzqbw2ors.pdf,https://media.folha.uol.com.br/datafolha/2026/08/24/z449esriv9uiuf2nkkin3zmjzj79u-frfagzqbw2ors.pdf,2026-10-07 21:55,partido,outro partido,Datafolha_BR_z449es
preferência,Nenhum/ Não tem,35.0,47.0,15.0,3.0,964.0,100.0,True,44,False,Datafolha,,BR-04496/2026,2058.0,2.0,18 e 19 de agosto de 2026,z449esriv9uiuf2nkkin3zmjzj79u-frfagzqbw2ors.pdf,https://media.folha.uol.com.br/datafolha/2026/08/24/z449esriv9uiuf2nkkin3zmjzj79u-frfagzqbw2ors.pdf,2026-10-07 21:55,partido,nenhum/ não tem,Datafolha_BR_z449es
