cd_municipio_ibge,uf,anomes,pbf_familias_beneficiarias,pbf_pessoas_beneficiarias,pbf_valor_repassado,pbf_valor_medio_familia,pbf_valor_medio_calc,cadunico_familias_cadastradas,cadunico_pessoas_cadastradas,cadunico_familias_pobreza,cadunico_familias_baixa_renda,cadunico_familias_acima_meio_sm
1100015,RO,202608,1470,4442,1024789,699.51,697.14,5024,12654,1232,1267,2525
1100023,RO,202608,7682,20418,5220646,683.96,679.59,22407,50236,7481,5169,9757
1100031,RO,202608,338,1006,237571,702.87,702.87,1301,3240,302,335,664
1100049,RO,202608,5465,15049,3649576,668.18,667.81,18491,43563,4618,4753,9120
1100056,RO,202608,1041,2950,709290,682.67,681.35,3436,8187,863,907,1666
1100064,RO,202608,394,1202,253408,644.8,643.17,2336,5848,295,659,1382
1100072,RO,202608,258,818,177056,686.26,686.26,1447,3696,194,448,805
1100080,RO,202608,1791,5440,1246293,698.2,695.86,3714,9314,1581,879,1254
1100098,RO,202608,1018,3376,652881,644.5,641.34,5019,13083,683,1774,2562
1100106,RO,202608,5172,16793,3886780,752.81,751.5,10561,28300,4840,2396,3325
1100114,RO,202608,2930,8054,1824655,623.6,622.75,11099,26152,2174,3378,5547
1100122,RO,202608,7674,20734,5236219,683.49,682.33,25386,57910,7071,6024,12291
1100130,RO,202608,2174,6837,1441350,663.91,662.99,8384,21397,1674,2459,4251
1100148,RO,202608,1311,3782,865794,660.41,660.41,3597,9017,1041,1047,1509
1100155,RO,202608,2276,5989,1496728,661.1,657.61,7405,17453,1968,2032,3405
1100189,RO,202608,1159,3282,771529,666.26,665.69,6130,14519,996,1651,3483
1100205,RO,202608,50233,132639,33935494,676.46,675.56,121949,270152,48957,25911,47081
1100254,RO,202608,1423,3935,883741,621.48,621.04,4516,11217,1043,1199,2274
1100262,RO,202608,182,617,120341,664.87,661.21,811,2156,137,238,436
1100288,RO,202608,1923,5600,1263272,657.27,656.93,9999,23497,1518,3139,5342
1100296,RO,202608,465,1409,289163,623.2,621.86,1860,4513,341,476,1043
1100304,RO,202608,4532,13058,3007459,665.07,663.61,19386,44102,3696,5385,10305
1100320,RO,202608,1028,3223,693906,675.01,675.01,4344,11212,824,1182,2338
1100338,RO,202608,2459,7883,1770048,723.65,719.82,5900,16043,2183,1699,2018
1100346,RO,202608,1205,3553,795179,662.1,659.9,3502,8507,985,963,1554
1100379,RO,202608,339,1124,230594,682.23,680.22,1983,5455,269,635,1079
1100403,RO,202608,1278,3554,874663,684.94,684.4,3852,9344,1174,971,1707
1100452,RO,202608,1736,5436,1173148,676.56,675.78,5728,14402,1428,1626,2674
1100502,RO,202608,419,1307,274350,656.34,654.77,1903,4874,335,604,964
1100601,RO,202608,245,781,158351,646.33,646.33,1180,3156,179,327,674
1100700,RO,202608,468,1479,310594,663.66,663.66,1897,4963,386,608,903
1100809,RO,202608,3744,10016,2544162,685.2,679.53,8107,18286,3483,1690,2934
1100908,RO,202608,208,588,143633,690.54,690.54,844,1999,200,221,423
1100924,RO,202608,864,2574,604636,703.07,699.81,2143,5438,783,465,895
1100940,RO,202608,1292,3923,917921,711.57,710.47,3881,9996,1190,1118,1573
1101005,RO,202608,739,2270,473309,641.34,640.47,2351,5941,602,747,1002
1101104,RO,202608,786,2428,546187,696.67,694.89,2360,6091,654,651,1055
1101203,RO,202608,647,1835,439906,679.92,679.92,1738,4319,609,372,757
1101302,RO,202608,648,1927,411136,635.45,634.47,2689,6615,505,834,1350
1101401,RO,202608,1244,3564,836271,672.78,672.24,3335,8247,1098,802,1435
1101435,RO,202608,698,2010,473235,678.96,677.99,1935,4804,677,405,853
1101450,RO,202608,305,933,196557,644.45,644.45,1102,2744,233,306,563
1101468,RO,202608,251,804,182372,726.58,726.58,819,2012,239,172,408
1101476,RO,202608,262,723,173894,663.72,663.72,1050,2574,214,201,635
1101484,RO,202608,190,542,119410,628.47,628.47,1299,3196,151,275,873
1101492,RO,202608,1182,3773,761055,643.87,643.87,3776,9905,835,1298,1643
1101500,RO,202608,759,2489,531275,699.97,699.97,2960,7826,663,935,1362
1101559,RO,202608,356,1005,236031,663.01,663.01,1161,2996,307,287,567
1101609,RO,202608,414,1389,281881,680.87,680.87,1837,4812,323,548,966
1101708,RO,202608,906,2527,613086,680.45,676.7,2382,5731,793,503,1086
1101757,RO,202608,952,2677,648438,681.85,681.13,2718,6596,862,602,1254
1101807,RO,202608,451,1287,309803,686.92,686.92,1595,3932,434,408,753
1200013,AC,202608,2099,6011,1460585,695.85,695.85,4308,10629,1911,953,1444
1200054,AC,202608,1720,6563,1418057,824.45,824.45,2943,9486,1830,555,558
1200104,AC,202608,4466,12596,3176481,711.9,711.26,8315,19911,5087,1222,2006
1200138,AC,202608,1955,5833,1388931,710.45,710.45,3838,9804,1757,946,1135
1200179,AC,202608,1837,5371,1318972,718.39,718.0,3749,9062,1768,692,1289
1200203,AC,202608,14512,44870,10471343,721.66,721.56,21753,62213,13266,4301,4186
1200252,AC,202608,2445,7075,1700316,695.43,695.43,4811,11446,2412,1064,1335
1200302,AC,202608,5949,21434,4638217,780.71,779.66,8785,28875,5446,2024,1315
1200328,AC,202608,1735,6982,1514958,873.17,873.17,2359,8790,1660,354,345
1200336,AC,202608,4408,12907,3232811,733.73,733.4,6252,16792,4570,787,895
1200344,AC,202608,2571,8287,1940643,754.82,754.82,4111,11661,2436,694,981
1200351,AC,202608,3615,12647,2802059,775.12,775.12,4946,16120,3372,763,811
1200385,AC,202608,2112,6265,1444479,685.24,683.94,4086,10679,1860,932,1294
1200393,AC,202608,2174,7866,1767502,814.14,813.02,3019,9939,2195,383,441
1200401,AC,202608,42780,112535,29228539,684.11,683.23,84155,198585,39639,17725,26791
1200427,AC,202608,3066,9744,2261328,737.55,737.55,4323,12899,2819,718,786
1200435,AC,202608,1129,4750,988826,877.4,875.84,1761,6324,1019,321,421
1200450,AC,202608,3205,8840,2245578,700.87,700.65,6112,14756,3003,1170,1939
1200500,AC,202608,8970,27291,6397095,713.17,713.17,13625,36826,8496,2448,2681
1200609,AC,202608,8946,31313,7009778,784.18,783.57,12960,40882,8451,2171,2338
1200708,AC,202608,2785,8250,1971644,707.95,707.95,5013,12937,2546,1103,1364
1200807,AC,202608,4032,10720,2851600,707.77,707.24,7213,15983,4334,959,1920
1300029,AM,202608,3235,11082,2453033,758.51,758.28,4883,14243,3107,833,943
1300060,AM,202608,2668,8244,2008188,752.69,752.69,4407,11122,2410,822,1175
1300086,AM,202608,2266,7556,1730234,764.24,763.56,3905,10568,2583,546,776
1300102,AM,202608,3967,10209,2775209,701.7,699.57,5845,12941,4124,497,1224
1300144,AM,202608,2126,6776,1490342,702.99,701.01,4802,12706,1901,1101,1800
1300201,AM,202608,2019,8246,1664930,826.68,824.63,3455,12274,1721,905,829
1300300,AM,202608,15932,37128,11084267,695.81,695.72,21812,45439,15834,1836,4142
1300409,AM,202608,3406,11119,2545640,747.4,747.4,5359,14853,2998,1056,1305
1300508,AM,202608,5747,21560,4599681,800.78,800.36,8877,28657,5545,1651,1681
1300607,AM,202608,7648,26716,6124096,800.74,800.74,10866,34253,7176,1716,1974
1300631,AM,202608,5103,17296,4068966,797.84,797.37,7688,21738,5506,745,1437
1300680,AM,202608,3835,11408,2804467,732.05,731.28,5243,13959,3596,734,913
1300706,AM,202608,6173,18019,4388497,711.03,710.92,9922,24885,5879,1627,2416
1300805,AM,202608,6775,22122,5103588,753.41,753.3,9628,28028,6287,1494,1847
1300839,AM,202608,2572,7972,1854501,721.03,721.03,3687,9996,2345,550,792
1300904,AM,202608,3315,9429,2271378,685.8,685.18,5118,12466,2991,887,1240
1301001,AM,202608,5884,19222,4420046,751.58,751.2,8993,24944,5899,1393,1701
1301100,AM,202608,5608,16744,4042442,721.35,720.83,10149,25186,5308,1789,3052
1301159,AM,202608,4233,12725,3025156,715.17,714.66,6692,17257,4065,1092,1535
1301209,AM,202608,15068,44968,11048344,733.67,733.23,22226,58132,14003,3517,4706
1301308,AM,202608,3915,13171,2976347,760.24,760.24,6684,18862,3745,1287,1652
1301407,AM,202608,6365,21400,4821528,757.51,757.51,9204,27196,5882,1595,1727
1301506,AM,202608,4033,11553,2883322,715.29,714.93,5743,14435,4003,788,952
1301605,AM,202608,6980,19245,5151968,738.1,738.1,8988,23125,7007,844,1137
1301654,AM,202608,2888,9944,2205704,763.75,763.75,4369,13342,3135,695,539
1301704,AM,202608,11904,30611,8317898,699.04,698.75,19764,42360,12052,2181,5531
1301803,AM,202608,4833,14004,3584216,741.61,741.61,5719,15618,4732,496,491
1301852,AM,202608,13874,37209,9688709,699.6,698.34,23014,52818,13542,3298,6174
1301902,AM,202608,15261,49943,11054102,724.76,724.34,26647,75224,13608,5752,7287
1301951,AM,202608,2023,7954,1666143,823.6,823.6,3147,10320,1921,715,511
1302009,AM,202608,2001,6098,1430705,715.35,715.0,3711,9597,1757,770,1184
1302108,AM,202608,1486,5470,1171491,788.35,788.35,2326,7456,1334,508,484
1302207,AM,202608,2502,7301,1826542,730.32,730.03,4179,9802,2915,315,949
1302306,AM,202608,4550,18012,3736432,824.27,821.19,6730,23083,4587,1214,929
1302405,AM,202608,12627,31863,8895574,705.44,704.49,18261,41285,12228,1877,4156
1302504,AM,202608,20272,62472,14673790,724.27,723.85,31498,85926,19233,5788,6477
1302553,AM,202608,3846,11079,2760571,718.71,717.78,6557,16088,3928,792,1837
1302603,AM,202608,249574,679312,173433357,695.91,694.92,518333,1179624,262809,99661,155863
1302702,AM,202608,8060,27000,5988717,743.85,743.02,13598,39115,7095,3096,3407
1302801,AM,202608,2889,11594,2346160,813.23,812.1,4356,14955,2794,877,685
1302900,AM,202608,13760,41023,10461017,760.36,760.25,20995,52120,13876,2145,4974
1303007,AM,202608,4255,12934,3126954,734.89,734.89,6552,17259,4145,820,1587
1303106,AM,202608,5892,17712,4341742,738.01,736.89,9226,23886,5528,1430,2268
1303205,AM,202608,2310,8040,1712522,741.67,741.35,4422,12954,1998,1172,1252
1303304,AM,202608,3917,11875,2916885,744.86,744.67,6204,15734,3890,837,1477
1303403,AM,202608,20837,61383,15233665,731.47,731.09,31577,79859,20299,4355,6923
1303502,AM,202608,3272,11661,2526783,772.24,772.24,4479,14756,2912,939,628
1303536,AM,202608,5288,15292,3786849,716.66,716.12,9938,24506,5052,1738,3148
1303569,AM,202608,3239,10104,2336150,721.26,721.26,5907,16120,3038,1368,1501
1303601,AM,202608,2521,8592,1952398,774.45,774.45,3568,10956,2274,613,681
1303700,AM,202608,4085,18200,3585625,878.18,877.75,6897,27293,3524,2051,1322
1303809,AM,202608,8474,34648,7157253,845.11,844.61,11819,44664,7580,2604,1635
1303908,AM,202608,7410,27659,6199381,837.08,836.62,10382,34395,7005,1451,1926
1303957,AM,202608,2405,6690,1738705,722.95,722.95,3647,8890,2354,423,870
1304005,AM,202608,2212,7091,1643541,743.01,743.01,3491,9663,2011,569,911
1304062,AM,202608,10910,38396,8565478,785.82,785.1,16999,52626,9793,3644,3562
1304104,AM,202608,4151,13510,2976351,717.02,717.02,6936,19297,4014,1435,1487
1304203,AM,202608,13165,43008,9738353,739.94,739.72,21292,59427,11395,4576,5321
1304237,AM,202608,3847,13255,2986697,776.37,776.37,5253,16196,3357,980,916
1304260,AM,202608,3637,10691,2753488,758.33,757.08,5236,12864,3849,409,978
1304302,AM,202608,3626,9727,2577897,710.95,710.95,5616,13121,3487,775,1354
1304401,AM,202608,4721,13260,3417582,724.06,723.91,6847,16563,4735,676,1436
1400027,RR,202608,1943,6373,1470293,757.49,756.71,3182,8711,1770,624,788
1400050,RR,202608,2673,8462,2009659,754.09,751.84,4913,12455,2529,877,1507
1400100,RR,202608,36058,112013,25421551,706.74,705.02,88421,229883,30809,28505,29107
1400159,RR,202608,3855,10704,2955201,767.39,766.59,6615,14710,4251,541,1823
1400175,RR,202608,4197,11805,3122018,745.29,743.87,8202,18093,4711,1058,2433
1400209,RR,202608,3812,11298,2803896,737.29,735.54,6891,16833,3801,1186,1904
1400233,RR,202608,2144,6424,1554204,725.92,724.91,3636,9442,2147,546,943
1400282,RR,202608,1318,3715,927318,703.58,703.58,2378,5726,1263,375,740
1400308,RR,202608,4208,10582,2996891,712.19,712.19,8029,16345,5264,689,2076
1400407,RR,202608,2781,11465,2462167,886.95,885.35,3843,14143,2447,759,637
1400456,RR,202608,4760,13725,3593401,755.87,754.92,8516,22840,5422,1440,1654
1400472,RR,202608,4225,12660,2997623,711.52,709.5,7868,20571,3980,1664,2224
1400506,RR,202608,1381,3939,987304,715.96,714.92,2490,6062,1341,408,741
1400605,RR,202608,1481,4066,1023676,692.61,691.21,3057,6570,1630,428,999
1400704,RR,202608,2285,11471,2290724,1008.69,1002.51,3018,14230,2078,647,293
1500107,PA,202608,38573,95061,26152015,678.2,677.99,59916,132363,38409,6829,14678
1500131,PA,202608,1384,3544,968013,699.94,699.43,2380,5101,1416,275,689
1500206,PA,202608,13560,38222,9570076,706.28,705.76,19721,50550,12941,2849,3931
1500305,PA,202608,8461,31516,6834305,808.7,807.74,12855,40225,8804,1743,2308
1500347,PA,202608,2364,6369,1617734,685.19,684.32,4303,10213,2149,647,1507
1500404,PA,202608,12240,36615,9040399,739.32,738.59,19515,49058,13428,2436,3651
1500503,PA,202608,6253,19346,4573010,731.45,731.33,9357,25420,5814,1511,2032
1500602,PA,202608,13924,41891,9940359,714.41,713.9,32794,78936,14351,6854,11589
1500701,PA,202608,6327,24074,5186752,820.17,819.78,10246,31437,6595,1421,2230
1500800,PA,202608,49680,125949,32491729,654.35,654.02,109955,243127,45668,27257,37030
1500859,PA,202608,6228,18800,4424236,710.49,710.38,10807,27198,6520,1665,2622
1500909,PA,202608,10778,29339,7527573,698.42,698.42,15231,38198,10231,2249,2751
1500958,PA,202608,5845,14610,4090398,699.93,699.81,8876,19551,5788,1035,2053
1501006,PA,202608,2790,9047,2112231,757.34,757.07,4585,12769,2808,679,1098
1501105,PA,202608,6491,20605,5072410,781.69,781.45,8009,23520,6550,718,741
1501204,PA,202608,8550,24336,5999483,702.35,701.69,11679,30456,8225,1427,2027
1501253,PA,202608,625,1722,423609,677.77,677.77,1273,2855,605,232,436
1501303,PA,202608,18278,52595,12627282,691.87,690.85,32978,85556,16525,6799,9654
1501402,PA,202608,147461,339578,96502291,655.24,654.43,344305,687388,184658,57531,102116
1501451,PA,202608,2744,9014,2007378,733.42,731.55,5985,15826,2508,1459,2018
1501501,PA,202608,11396,28839,7627152,669.28,669.28,22065,49063,10872,4368,6825
1501576,PA,202608,2302,6723,1643123,714.4,713.78,4615,11459,2135,1044,1436
1501600,PA,202608,3037,7249,2016431,663.95,663.95,4731,10188,2918,719,1094
1501709,PA,202608,24234,64897,16716426,690.16,689.79,38584,92762,23619,6880,8085
1501725,PA,202608,2950,8677,2005799,681.09,679.93,6337,15187,2722,1211,2404
1501758,PA,202608,1505,4084,1056938,702.28,702.28,2737,6235,1497,401,839
1501782,PA,202608,8865,23384,6235043,703.73,703.33,17261,35356,8748,3092,5421
1501808,PA,202608,24424,76384,18730256,767.26,766.88,35521,95021,23472,5243,6806
1501907,PA,202608,6130,16689,4318873,704.66,704.55,9757,23358,6028,1405,2324
1501956,PA,202608,4301,12331,3007732,701.59,699.31,6496,16406,4096,918,1482
1502004,PA,202608,5425,15373,3797553,700.01,700.01,7797,19766,5307,987,1503
1502103,PA,202608,34893,93088,24371940,699.2,698.48,47907,116190,35860,5209,6838
1502152,PA,202608,9948,28816,6951916,699.32,698.83,23845,58140,10227,5060,8558
1502202,PA,202608,11741,28651,7865550,669.98,669.92,19510,43488,11278,3129,5103
1502301,PA,202608,13061,32253,8791011,673.12,673.07,20216,44376,12946,2801,4469
1502400,PA,202608,22110,58119,14605942,660.72,660.6,45467,111285,19730,12218,13519
1502509,PA,202608,4534,16022,3485158,769.86,768.67,6498,19493,4531,845,1122
1502608,PA,202608,2758,7316,1867325,677.55,677.06,4784,10874,2690,743,1351
1502707,PA,202608,3770,11488,2649939,703.27,702.9,12288,29633,3339,3450,5499
1502756,PA,202608,7163,18686,4954760,691.72,691.72,10248,24481,6740,1438,2070
1502764,PA,202608,1740,5332,1250704,718.8,718.8,3195,8211,1599,661,935
1502772,PA,202608,3273,8819,2300147,702.76,702.76,6805,15574,2957,1173,2675
1502806,PA,202608,7518,26183,5858667,779.8,779.29,11020,33982,8258,1387,1375
1502855,PA,202608,2874,9294,2114287,735.92,735.66,4962,13939,2911,900,1151
1502905,PA,202608,10321,26134,6982080,677.02,676.49,14641,33188,9894,1663,3084
1502939,PA,202608,5945,15699,4078256,686.0,686.0,11593,26586,5518,2014,4061
1502954,PA,202608,4435,12880,3145361,712.26,709.21,10359,23207,4130,1822,4407
1503002,PA,202608,2194,5794,1560085,713.02,711.07,3741,8013,2476,307,958
1503044,PA,202608,3265,9543,2299769,705.02,704.37,5605,14207,3041,1110,1454
1503077,PA,202608,5407,14604,3779641,699.03,699.03,7901,19901,5191,1220,1490
1503093,PA,202608,3634,10884,2451425,675.7,674.58,8124,20145,3118,2317,2689
1503101,PA,202608,6894,24817,5399417,783.21,783.21,10249,32397,7345,1546,1358
1503200,PA,202608,7183,18218,4831347,672.61,672.61,11670,27116,6957,2013,2700
1503309,PA,202608,15228,43992,10782434,708.21,708.07,22227,57008,15071,3359,3797
1503408,PA,202608,1861,5214,1262384,678.34,678.34,3239,8183,1646,666,927
1503457,PA,202608,7360,19602,5109161,694.65,694.18,11829,27417,6961,1785,3083
1503507,PA,202608,7467,18410,5041831,675.22,675.22,11509,25253,7278,1429,2802
1503606,PA,202608,16191,48769,11552698,714.06,713.53,33258,81056,16028,5983,11247
1503705,PA,202608,9115,25902,6467526,709.63,709.55,15409,37600,8558,2424,4427
1503754,PA,202608,3923,15870,3466316,884.72,883.59,5531,19587,3901,682,948
1503804,PA,202608,6639,17278,4536400,683.4,683.3,11883,27187,6300,1799,3784
1503903,PA,202608,7231,27850,5824211,805.45,805.45,11499,38741,6677,2397,2425
1504000,PA,202608,6592,21087,4672536,708.82,708.82,9172,27134,6189,1235,1748
1504059,PA,202608,7096,17715,4875975,687.34,687.14,11258,24698,6899,1636,2723
1504109,PA,202608,1499,4156,993840,663.0,663.0,2571,6453,1310,522,739
1504208,PA,202608,28182,80558,19464564,691.51,690.67,62908,152011,24858,15273,22777
1504307,PA,202608,7176,18844,4956639,690.82,690.72,11780,26346,7626,1532,2622
1504406,PA,202608,6324,15185,4287242,678.25,677.93,10043,20950,6600,1196,2247
1504422,PA,202608,19369,47066,12915471,667.02,666.81,36875,77806,19469,6337,11069
1504455,PA,202608,5919,16600,4165791,704.04,703.8,9444,23152,6448,991,2005
1504505,PA,202608,6256,21305,5093614,814.33,814.2,7485,24268,5967,807,711
1504604,PA,202608,9089,25315,6480977,713.29,713.06,12544,32416,10109,1228,1207
1504703,PA,202608,16266,45536,11318807,696.37,695.86,24157,61519,15138,3730,5289
1504752,PA,202608,3853,11977,2745967,712.68,712.68,7420,19612,3905,1423,2092
1504802,PA,202608,11269,34199,7955615,706.48,705.97,19552,51058,11817,3721,4014
1504901,PA,202608,7539,25321,5528864,733.76,733.37,10844,33614,7105,1912,1827
1504950,PA,202608,5301,13920,3701533,698.4,698.27,7708,17975,5422,784,1502
1504976,PA,202608,2144,5925,1529261,713.94,713.27,3874,9383,2203,508,1163
1505007,PA,202608,2505,6170,1642845,656.61,655.83,4129,9322,2375,631,1123
1505031,PA,202608,3109,9912,2188769,705.83,704.01,8713,20916,2929,2298,3486
1505064,PA,202608,12062,34477,8550919,709.15,708.91,20436,48608,12200,3144,5092
1505106,PA,202608,9347,28795,6928262,741.47,741.23,16689,44341,10266,2324,4099
1505205,PA,202608,9296,27625,6883949,741.72,740.53,11919,32313,10028,758,1133
1505304,PA,202608,11029,36355,8266188,749.63,749.5,19330,53583,10698,3544,5088
1505403,PA,202608,3981,9789,2685598,674.6,674.6,6494,14616,3940,975,1579
1505437,PA,202608,4431,13703,3109809,703.42,701.83,8798,23753,4058,1841,2899
1505486,PA,202608,8290,24834,5995167,723.62,723.18,14074,35581,8663,1964,3447
1505494,PA,202608,1298,3625,919127,708.11,708.11,2271,5560,1226,408,637
1505502,PA,202608,11224,32504,7697058,685.95,685.77,24891,64367,9621,6609,8661
1505536,PA,202608,22433,64682,15304113,683.07,682.21,54704,134706,18992,14757,20955
1505551,PA,202608,1461,3987,991891,678.91,678.91,3151,7031,1339,646,1166
1505601,PA,202608,1673,3986,1104806,660.37,660.37,2900,6364,1602,497,801
1505635,PA,202608,1807,5113,1247858,691.72,690.57,3898,9486,1590,848,1460
1505650,PA,202608,3524,10776,2476178,702.66,702.66,6389,16827,3444,1066,1879
1505700,PA,202608,7228,19438,5040794,697.69,697.4,10591,25899,7559,1077,1955
1505809,PA,202608,11436,43824,9431373,827.31,824.71,17005,56472,10466,3693,2846
1505908,PA,202608,7223,23407,5413842,749.53,749.53,11409,30996,6991,1658,2760
1506005,PA,202608,9168,27790,6785848,740.49,740.17,14281,36724,10383,1273,2625
1506104,PA,202608,2450,6079,1666053,680.02,680.02,4080,9052,2428,587,1065
1506112,PA,202608,2557,6340,1727750,675.96,675.69,4087,9182,2492,539,1056
1506138,PA,202608,8174,23210,5573454,683.44,681.85,19506,48383,6877,5198,7431
1506161,PA,202608,2371,6528,1604140,677.42,676.57,5048,12175,2169,1076,1803
1506187,PA,202608,4899,12993,3385059,691.68,690.97,9549,22212,4681,1837,3031
1506195,PA,202608,3977,12717,2837477,713.47,713.47,7814,20578,3643,1604,2567
1506203,PA,202608,6726,20025,4685305,697.22,696.6,11700,31993,6162,2620,2918
1506302,PA,202608,6405,14717,4338199,677.53,677.31,9621,20280,7060,1001,1560
1506351,PA,202608,3363,8756,2280579,678.34,678.14,6524,15372,3172,1353,1999
1506401,PA,202608,1659,5149,1202350,726.06,724.74,2556,7187,1631,452,473
1506500,PA,202608,8780,23154,5888208,670.72,670.64,16278,38888,7821,3912,4545
1506559,PA,202608,4888,12517,3345471,684.43,684.43,7246,17067,4771,961,1514
1506583,PA,202608,2140,6539,1452517,679.06,678.75,5806,14485,1785,1384,2637
1506609,PA,202608,4530,12149,3056054,674.77,674.63,7857,19164,4216,1583,2058
1506708,PA,202608,5677,15063,4014647,707.43,707.18,11372,24705,5420,1821,4131
1506807,PA,202608,47398,145474,34387976,725.96,725.52,105859,264108,48831,23429,33599
1506906,PA,202608,1788,4257,1209491,676.83,676.45,2943,6115,1810,379,754
1507003,PA,202608,6180,16293,4200295,679.66,679.66,10871,24475,5781,1775,3315
1507102,PA,202608,2735,8361,1882082,688.15,688.15,4941,13188,2496,1166,1279
1507151,PA,202608,3897,10283,2737674,703.05,702.51,6597,15155,3746,910,1941
1507201,PA,202608,7821,20523,5471400,699.94,699.58,10847,25877,7740,1063,2044
1507300,PA,202608,10360,30892,7305159,706.77,705.13,17583,45859,9700,3340,4543
1507409,PA,202608,3335,8749,2190176,657.32,656.72,5616,13286,2976,1043,1597
1507458,PA,202608,4205,11501,2957954,703.77,703.44,7474,17774,3914,1152,2408
1507466,PA,202608,1201,3406,839065,698.64,698.64,2234,5316,1276,353,605
1507474,PA,202608,4909,12069,3355609,683.56,683.56,7900,17258,4796,1087,2017
1507508,PA,202608,2838,8084,2028870,714.89,714.89,5187,12354,2749,751,1687
1507607,PA,202608,8540,25113,5831809,682.96,682.88,14648,38219,7631,3407,3610
1507706,PA,202608,5835,20825,4370778,749.96,749.06,8785,27881,6057,1269,1459
1507755,PA,202608,866,2408,619735,715.63,715.63,1662,3857,815,313,534
1507805,PA,202608,4195,13024,3103745,739.87,739.87,7619,19077,5263,808,1548
1507904,PA,202608,5464,16078,3874820,710.32,709.15,8665,22224,5399,1630,1636
1507953,PA,202608,12482,36904,8774864,703.34,703.0,21450,56466,11266,4732,5452
1507961,PA,202608,2747,6873,1850458,673.87,673.63,4493,9570,2674,569,1250
1507979,PA,202608,3300,9903,2367661,717.69,717.47,6201,15354,3766,770,1665
1508001,PA,202608,11873,36300,8675756,731.51,730.71,19535,53258,11011,3648,4876
1508035,PA,202608,8325,19158,5620992,675.28,675.19,11961,24949,8281,1152,2528
1508050,PA,202608,2550,8067,1831465,718.22,718.22,5103,13227,2547,959,1597
1508084,PA,202608,2558,8417,1731125,677.81,676.75,9471,24603,1895,3374,4202
1508100,PA,202608,10192,30520,7008670,688.07,687.66,24183,58426,8726,6009,9448
1508126,PA,202608,4778,11982,3277396,685.93,685.93,8152,18484,4607,1359,2186
1508159,PA,202608,6973,22849,5021529,720.14,720.14,11853,32966,6497,2428,2928
1508209,PA,202608,10962,27519,7466229,681.23,681.1,18053,38405,11746,1884,4423
1508308,PA,202608,12403,35717,8742821,707.52,704.9,18883,46730,11540,3618,3725
1508357,PA,202608,2755,8259,1942146,704.95,704.95,5282,13440,2686,1075,1521
1508407,PA,202608,5624,15674,3810589,677.68,677.56,11409,28789,4950,2546,3913
1600055,AP,202608,797,2200,553955,695.05,695.05,1531,3450,733,244,554
1600105,AP,202608,1908,5362,1387638,727.27,727.27,2871,6955,1954,343,574
1600154,AP,202608,2477,7175,1824971,737.06,736.77,4090,9718,2439,574,1077
1600204,AP,202608,1958,6055,1491269,761.63,761.63,3318,8495,1891,569,858
1600212,AP,202608,851,3406,698232,820.48,820.48,1764,5266,943,321,500
1600238,AP,202608,995,3296,740722,745.19,744.44,1843,5200,863,419,561
1600253,AP,202608,2024,5615,1537777,760.15,759.77,3248,7421,2352,216,680
1600279,AP,202608,6902,18137,4810635,697.29,696.99,12532,27296,7057,1786,3689
1600303,AP,202608,62790,174201,44846261,715.11,714.23,125316,287821,68625,21128,35563
1600402,AP,202608,4349,15587,3433032,789.57,789.38,8261,23424,5070,1294,1897
1600501,AP,202608,6200,16324,4336177,699.38,699.38,11939,25044,6605,2239,3095
1600535,AP,202608,3457,10320,2554200,740.13,738.85,6285,15503,3658,867,1760
1600550,AP,202608,1128,3233,839122,743.9,743.9,1576,4008,1163,146,267
1600600,AP,202608,14754,42970,10419010,706.9,706.18,33813,78579,17260,6555,9998
1600709,AP,202608,2581,9057,2041368,791.23,790.92,4878,13404,2745,757,1376
1600808,AP,202608,2450,7578,1817596,742.18,741.88,3742,9765,2223,675,844
1700251,TO,202608,212,661,142518,672.25,672.25,857,2042,154,222,481
1700301,TO,202608,440,1406,297745,676.69,676.69,1165,3282,350,350,465
1700350,TO,202608,563,1549,386398,686.32,686.32,1535,3600,522,318,695
1700400,TO,202608,1045,3049,719117,688.15,688.15,2317,5713,896,477,944
1700707,TO,202608,906,2467,620529,685.67,684.91,2656,5632,857,514,1285
1701002,TO,202608,1666,4483,1181161,709.41,708.98,3277,7619,1607,546,1124
1701051,TO,202608,208,645,144632,695.35,695.35,754,2022,176,216,362
1701101,TO,202608,610,1728,445102,730.87,729.68,1509,3677,627,273,609
1701309,TO,202608,762,2156,521725,685.58,684.68,1887,4415,705,335,847
1701903,TO,202608,767,2225,545116,710.71,710.71,1814,4454,688,421,705
1702000,TO,202608,568,1543,381076,670.91,670.91,1964,4364,499,467,998
1702109,TO,202608,11237,32965,7734678,689.3,688.32,36841,88375,9575,11102,16164
1702158,TO,202608,675,1841,483398,716.15,716.15,1469,3321,652,228,589
1702208,TO,202608,3237,10456,2282759,705.43,705.21,7476,20253,2815,2278,2383
1702307,TO,202608,678,1867,480077,708.08,708.08,1670,3849,685,294,691
1702406,TO,202608,1783,4673,1212334,683.78,679.94,3804,8494,1718,523,1563
1702554,TO,202608,2050,6132,1426587,695.9,695.9,4258,11138,1801,962,1495
1702703,TO,202608,380,1045,248368,653.6,653.6,1023,2329,360,198,465
1702901,TO,202608,2067,6001,1463098,707.84,707.84,3602,9112,1985,644,973
1703008,TO,202608,1151,3084,780663,678.25,678.25,2322,5411,1057,413,852
1703057,TO,202608,383,1055,267977,699.68,699.68,956,2263,344,199,413
1703073,TO,202608,716,2091,504217,704.21,704.21,1553,3977,632,353,568
1703107,TO,202608,672,1782,460586,685.4,685.4,1889,4145,698,343,848
1703206,TO,202608,493,1378,331879,674.55,673.18,1219,2955,422,295,502
1703305,TO,202608,832,2343,582740,702.1,700.41,1461,3642,781,268,412
1703602,TO,202608,306,815,209850,685.78,685.78,740,1725,279,136,325
1703701,TO,202608,618,1526,416116,673.33,673.33,1478,3258,621,282,575
1703800,TO,202608,948,2845,688764,726.54,726.54,2200,5603,868,535,797
1703826,TO,202608,313,991,225558,720.63,720.63,693,1885,267,156,270
1703842,TO,202608,927,3063,674481,728.38,727.6,2086,5965,794,531,761
1703867,TO,202608,256,752,174863,683.06,683.06,1068,2659,214,267,587
1703883,TO,202608,380,1086,264134,695.09,695.09,926,2156,343,171,412
1703891,TO,202608,442,1540,325793,738.76,737.09,950,2817,399,229,322
1703909,TO,202608,714,2090,507301,710.51,710.51,1539,3819,640,271,628
1704105,TO,202608,313,801,209265,668.58,668.58,716,1645,303,111,302
1704600,TO,202608,229,650,167062,732.73,729.53,612,1408,245,100,267
1705102,TO,202608,448,1227,324657,724.68,724.68,1063,2522,452,186,425
1705508,TO,202608,3846,10294,2658674,691.82,691.28,8886,20598,3465,1977,3444
1705557,TO,202608,635,1760,439931,692.8,692.8,1571,3699,616,314,641
1705607,TO,202608,516,1402,349155,677.97,676.66,1083,2535,449,240,394
1706001,TO,202608,822,2201,552101,671.66,671.66,2063,4578,741,378,944
1706100,TO,202608,764,2057,517300,677.09,677.09,1912,4363,734,338,840
1706258,TO,202608,162,442,108940,672.47,672.47,559,1377,147,142,270
1706506,TO,202608,941,2673,657555,702.52,698.78,1979,4724,925,379,675
1707009,TO,202608,1569,4497,1063318,677.7,677.7,4007,10500,1319,1036,1652
1707108,TO,202608,886,2356,606466,684.5,684.5,2032,4559,833,365,834
1707207,TO,202608,920,2469,625192,681.78,679.56,2092,4873,866,361,865
1707306,TO,202608,590,1666,414559,702.64,702.64,1354,3143,565,237,552
1707405,TO,202608,1551,4512,1114276,719.35,718.42,2742,7212,1478,416,848
1707553,TO,202608,364,1052,254796,699.99,699.99,927,2276,337,211,379
1707652,TO,202608,543,1448,373755,688.31,688.31,1340,3092,519,236,585
1707702,TO,202608,1138,3268,801094,705.19,703.95,2113,5269,1048,379,686
1708205,TO,202608,2178,6180,1510659,693.6,693.6,4983,12323,1908,1102,1973
1708254,TO,202608,602,1634,425673,707.1,707.1,1390,3062,602,220,568
1708304,TO,202608,544,1460,359406,660.67,660.67,1436,3446,484,357,595
1709005,TO,202608,2201,6704,1611925,732.36,732.36,3823,10070,2060,727,1036
1709302,TO,202608,2159,5671,1432379,664.99,663.45,5482,13036,1871,1344,2267
1709500,TO,202608,3655,11604,2480850,679.68,678.76,14415,37536,2784,4668,6963
1709807,TO,202608,176,491,118595,673.84,673.84,562,1384,159,127,276
1710508,TO,202608,1175,3663,855715,728.89,728.27,2021,5491,1054,342,625
1710706,TO,202608,937,2554,656117,700.23,700.23,1846,4206,894,353,599
1710904,TO,202608,445,1280,297127,667.7,667.7,1005,2613,387,254,364
1711100,TO,202608,286,830,197219,689.58,689.58,689,1738,286,120,283
1711506,TO,202608,266,784,178704,671.82,671.82,902,2164,239,184,479
1711803,TO,202608,256,822,180821,706.33,706.33,833,2203,228,215,390
1711902,TO,202608,1717,5071,1284616,748.61,748.17,3138,8220,1828,552,758
1711951,TO,202608,421,1326,319879,759.81,759.81,993,2662,415,203,375
1712009,TO,202608,217,671,147279,678.71,678.71,772,1962,174,238,360
1712157,TO,202608,227,616,155144,683.45,683.45,523,1250,220,120,183
1712405,TO,202608,416,1327,301473,724.69,724.69,931,2522,356,181,394
1712454,TO,202608,269,816,182787,679.51,679.51,784,2115,226,220,338
1712504,TO,202608,437,1338,313641,717.71,717.71,1350,3231,433,286,631
1712702,TO,202608,340,1053,238110,702.39,700.32,716,1988,282,170,264
1712801,TO,202608,511,1495,372218,728.41,728.41,1045,2697,497,191,357
1713205,TO,202608,1500,4274,1011452,674.3,674.3,4381,10986,1292,1142,1947
1713304,TO,202608,1300,3772,869852,669.63,669.12,3436,8459,1105,801,1530
1713601,TO,202608,738,2270,526204,713.01,713.01,1947,4573,713,362,872
1713700,TO,202608,286,870,200100,704.58,699.65,774,1883,252,166,356
1713809,TO,202608,713,2031,491554,690.38,689.42,1563,3851,648,319,596
1713957,TO,202608,573,1516,406452,709.34,709.34,1315,2903,553,193,569
1714203,TO,202608,1086,2888,744603,685.64,685.64,2488,5731,1003,532,953
1714302,TO,202608,498,1458,336642,675.99,675.99,1315,3422,465,301,549
1714880,TO,202608,1308,3731,909472,695.31,695.31,3015,7456,1161,727,1127
1715002,TO,202608,282,813,186835,662.54,662.54,946,2259,230,232,484
1715101,TO,202608,601,1789,424667,706.6,706.6,1172,3041,523,237,412
1715150,TO,202608,228,564,154322,676.85,676.85,611,1323,231,109,271
1715259,TO,202608,291,888,200574,689.26,689.26,746,1913,241,172,333
1715507,TO,202608,125,371,87280,698.24,698.24,370,968,106,93,171
1715705,TO,202608,612,1801,409499,670.21,669.12,1660,4041,503,459,698
1715754,TO,202608,562,1658,333787,594.99,593.93,1669,4226,364,567,738
1716109,TO,202608,1464,4895,948667,649.33,648.0,7045,18374,949,2889,3207
1716208,TO,202608,1839,4923,1272910,692.18,692.18,3784,8417,1837,584,1363
1716307,TO,202608,537,1576,386361,719.48,719.48,1366,3261,510,254,602
1716505,TO,202608,1029,3081,720388,701.45,700.09,3108,7869,925,854,1329
1716604,TO,202608,1119,2962,785303,702.42,701.79,2774,6215,1167,430,1177
1716653,TO,202608,501,1475,323266,645.24,645.24,1445,3506,399,406,640
1716703,TO,202608,922,2484,612575,665.84,664.4,2397,5465,842,514,1041
1717008,TO,202608,578,1685,406570,703.41,703.41,1362,3304,541,263,558
1717206,TO,202608,354,957,245994,694.9,694.9,810,1914,313,151,346
1717503,TO,202608,500,1718,372438,744.88,744.88,1587,4273,416,466,705
1717800,TO,202608,574,1547,379215,661.81,660.65,1395,3251,510,262,623
1717909,TO,202608,688,2231,492443,715.76,715.76,1546,4489,592,393,561
1718006,TO,202608,349,966,240295,688.52,688.52,813,2051,309,155,349
1718204,TO,202608,5041,15127,3536111,701.61,701.47,13977,35950,4378,4004,5595
1718303,TO,202608,914,2855,658940,720.94,720.94,1835,5042,861,405,569
1718402,TO,202608,299,837,196064,655.73,655.73,850,2118,256,188,406
1718451,TO,202608,352,949,241226,685.3,685.3,803,1809,318,141,344
1718501,TO,202608,817,2297,595827,729.29,729.29,1203,3142,805,144,254
1718550,TO,202608,457,1454,318212,696.31,696.31,1180,3244,404,277,499
1718659,TO,202608,272,775,189516,696.75,696.75,577,1505,225,133,219
1718709,TO,202608,341,1021,235493,690.6,690.6,956,2326,309,208,439
1718758,TO,202608,923,2527,632709,687.73,685.49,1863,4318,867,341,655
1718808,TO,202608,950,2714,683984,719.98,719.98,1836,4373,915,323,598
1718840,TO,202608,612,1647,415368,679.82,678.71,1404,3240,552,278,574
1718865,TO,202608,601,1869,426006,708.83,708.83,1822,4446,509,525,788
1718881,TO,202608,244,704,165114,676.7,676.7,619,1592,208,137,274
1718899,TO,202608,183,579,127978,699.33,699.33,567,1552,156,134,277
1718907,TO,202608,594,1780,432243,727.68,727.68,1502,3837,552,250,700
1719004,TO,202608,271,911,203347,750.36,750.36,789,2186,254,201,334
1720002,TO,202608,194,600,125401,646.4,646.4,630,1740,150,209,271
1720101,TO,202608,998,2838,707094,708.51,708.51,2025,4967,925,387,713
1720150,TO,202608,162,544,107343,662.61,662.61,459,1415,113,136,210
1720200,TO,202608,1975,5889,1399066,708.39,708.39,3735,9595,1753,896,1086
1720259,TO,202608,363,1000,249166,686.41,686.41,881,2103,339,169,373
1720309,TO,202608,704,2108,479602,681.25,681.25,1436,3797,609,309,518
1720499,TO,202608,604,1682,419199,695.19,694.04,1507,3420,613,269,625
1720655,TO,202608,759,2161,541805,713.84,713.84,1671,4071,733,281,657
1720804,TO,202608,1419,3969,1001437,706.23,705.73,2921,7210,1330,572,1019
1720853,TO,202608,120,350,80566,671.38,671.38,459,1175,97,107,255
1720903,TO,202608,2493,6292,1686493,676.49,676.49,4949,10704,2471,754,1724
1720937,TO,202608,182,578,126701,696.16,696.16,489,1353,156,130,203
1720978,TO,202608,164,483,111786,681.62,681.62,657,1577,138,158,361
1721000,TO,202608,15631,46670,10830037,694.19,692.86,63863,148260,19451,15198,29214
1721109,TO,202608,1358,4548,1040170,767.09,765.96,2269,6560,1222,427,620
1721208,TO,202608,2974,8709,2107188,710.69,708.54,6275,15988,2596,1420,2259
1721257,TO,202608,215,582,151390,704.14,704.14,565,1342,217,98,250
1721307,TO,202608,145,401,93959,647.99,647.99,547,1342,126,134,287
1722081,TO,202608,1354,3549,938808,693.36,693.36,2973,6718,1311,528,1134
1722107,TO,202608,1612,4302,1114393,691.31,691.31,3467,7227,1561,523,1383
2100055,MA,202608,11468,32257,7916193,690.35,690.29,26284,63970,10194,5923,10167
2100105,MA,202608,1806,5143,1332831,738.0,738.0,2575,6554,1965,244,366
2100154,MA,202608,2653,7282,1865015,703.78,702.98,3937,9800,2571,540,826
2100204,MA,202608,5841,12922,3903019,668.21,668.21,8573,17095,5799,694,2080
2100303,MA,202608,4095,12311,2980775,727.91,727.91,5879,16563,3770,1029,1080
2100402,MA,202608,1728,4042,1179291,682.46,682.46,2354,5040,1773,164,417
2100436,MA,202608,4304,12113,3044220,707.63,707.3,6842,17583,4094,1271,1477
2100477,MA,202608,5048,14742,3646351,722.34,722.34,8293,21333,4849,1249,2195
2100501,MA,202608,1786,5202,1264796,708.17,708.17,3079,7982,1609,540,930
2100550,MA,202608,1600,4515,1148024,717.52,717.52,2624,6408,1594,409,621
2100600,MA,202608,6051,21113,4684144,774.49,774.11,9000,28868,5763,1656,1581
2100709,MA,202608,6346,15182,4289930,676.01,676.01,8477,18864,6293,779,1405
2100808,MA,202608,3690,10613,2629673,712.65,712.65,5060,13189,3863,468,729
2100832,MA,202608,5081,12931,3500101,689.0,688.86,6811,15590,5089,453,1269
2100873,MA,202608,2193,6201,1544208,704.15,704.15,3078,7925,2102,431,545
2100907,MA,202608,7778,22448,5371687,690.98,690.63,10837,29582,7326,1696,1815
2100956,MA,202608,4630,16322,3539973,764.74,764.57,7121,22567,4246,1493,1382
2101004,MA,202608,4937,13742,3412254,691.3,691.16,7767,20248,4616,1358,1793
2101103,MA,202608,3227,7770,2189453,678.48,678.48,4265,9528,3296,362,607
2101202,MA,202608,17029,43276,11329300,665.61,665.29,31305,69171,16351,5877,9077
2101251,MA,202608,3557,9536,2452800,689.76,689.57,5543,13290,3372,934,1237
2101301,MA,202608,3321,8472,2313724,696.69,696.69,5112,11506,3276,466,1370
2101350,MA,202608,1303,3205,893684,685.87,685.87,1981,4434,1285,155,541
2101400,MA,202608,12260,34975,8552834,698.53,697.62,27068,66024,10961,5915,10192
2101509,MA,202608,3773,9061,2576842,682.97,682.97,5690,12490,3727,686,1277
2101608,MA,202608,14545,40104,10095267,694.21,694.07,25589,61188,13652,4632,7305
2101707,MA,202608,13466,41530,9624211,715.02,714.7,19911,55900,12629,3456,3826
2101731,MA,202608,2039,7299,1632916,800.84,800.84,2709,8835,2102,268,339
2101772,MA,202608,2593,7417,1840554,710.09,709.82,3745,9754,2470,561,714
2101806,MA,202608,1108,3020,772354,697.07,697.07,1780,4186,1124,201,455
2101905,MA,202608,4364,10431,2937496,673.12,673.12,7198,15193,4410,884,1904
2101939,MA,202608,955,2619,644851,675.24,675.24,1542,3898,878,314,350
2101970,MA,202608,1786,5271,1298858,728.06,727.24,2651,6932,1775,325,551
2102002,MA,202608,6573,19060,4682431,713.13,712.37,9959,25915,6365,1560,2034
2102036,MA,202608,4826,15058,3543248,734.5,734.2,7743,21128,4414,1397,1932
2102077,MA,202608,2559,6643,1751750,685.35,684.54,4037,9272,2497,550,990
2102101,MA,202608,6768,19056,4783869,706.84,706.84,9289,24548,6462,1409,1418
2102150,MA,202608,2203,6374,1567115,711.35,711.35,2956,7814,2247,263,446
2102200,MA,202608,7382,20444,5368186,727.3,727.2,9397,24219,7204,870,1323
2102309,MA,202608,5484,14025,3827288,698.16,697.9,7576,17714,5410,596,1570
2102325,MA,202608,8912,26095,6377265,716.14,715.58,14576,38420,8172,2669,3735
2102358,MA,202608,2265,6726,1577801,696.6,696.6,3614,9674,2072,653,889
2102374,MA,202608,3653,8465,2539489,695.18,695.18,5183,10720,3874,291,1018
2102408,MA,202608,2169,6030,1473045,679.14,679.14,3177,8173,2042,485,650
2102507,MA,202608,5585,14173,3860123,691.16,691.16,7427,17338,5328,837,1262
2102556,MA,202608,1743,5047,1254274,720.02,719.61,3205,8375,1649,565,991
2102606,MA,202608,4301,12319,3007123,699.17,699.17,6464,16726,3994,1026,1444
2102705,MA,202608,3330,9399,2318608,697.75,696.28,5065,12911,3080,869,1116
2102754,MA,202608,2291,6123,1584948,692.12,691.81,3323,8020,2196,429,698
2102804,MA,202608,3921,10435,2759581,703.8,703.8,6922,16061,3890,1041,1991
2102903,MA,202608,6163,15491,4122395,670.96,668.89,8783,19881,5819,1137,1827
2103000,MA,202608,14416,47229,9726982,674.92,674.74,32719,89040,10972,12715,9032
2103109,MA,202608,2596,6228,1709555,658.53,658.53,3775,8265,2507,425,843
2103125,MA,202608,2493,5511,1641624,658.49,658.49,3458,7078,2360,381,717
2103158,MA,202608,3096,8380,2224431,718.72,718.49,3980,9856,3004,360,616
2103174,MA,202608,3781,11397,2749686,727.24,727.24,4992,13789,3612,613,767
2103208,MA,202608,22758,51720,15549444,683.34,683.25,31000,64156,22966,2581,5453
2103257,MA,202608,2573,7581,1865032,725.13,724.85,3975,10272,2494,478,1003
2103307,MA,202608,18456,50639,12787365,693.01,692.86,33161,75140,16562,6321,10278
2103406,MA,202608,8837,23295,6046471,684.22,684.22,13158,31254,8219,1946,2993
2103505,MA,202608,8383,21248,5814357,693.67,693.59,11666,27209,8151,1302,2213
2103554,MA,202608,3098,9592,2249311,726.29,726.05,4383,12582,3006,647,730
2103604,MA,202608,10259,29542,7153595,697.44,697.3,16076,42680,9366,3010,3700
2103703,MA,202608,8357,19370,5703408,682.55,682.47,13320,26054,8450,949,3921
2103752,MA,202608,1656,4889,1129130,681.84,681.84,3823,9612,1384,992,1447
2103802,MA,202608,4411,11059,3028081,686.8,686.48,6660,15054,4278,826,1556
2103901,MA,202608,2982,7975,2122177,711.66,711.66,4180,10189,3232,378,570
2104008,MA,202608,3350,10057,2315248,691.12,691.12,5209,13559,3059,889,1261
2104057,MA,202608,4146,11773,2828041,682.44,682.11,8620,20956,3687,2236,2697
2104073,MA,202608,1383,4277,984970,713.23,712.2,2362,6617,1296,390,676
2104081,MA,202608,2408,8472,1870714,776.87,776.87,3376,10588,2346,479,551
2104099,MA,202608,3204,10205,2327803,726.76,726.53,4739,13857,3049,765,925
2104107,MA,202608,2533,7013,1767392,698.3,697.75,4509,11111,2437,668,1404
2104206,MA,202608,3351,9895,2414018,720.39,720.39,4994,13437,3188,684,1122
2104305,MA,202608,2062,5700,1452814,704.57,704.57,2938,7266,1957,377,604
2104404,MA,202608,3586,9334,2505878,698.79,698.79,5032,11877,3502,478,1052
2104503,MA,202608,1770,4966,1239977,700.55,700.55,2638,6717,1719,361,558
2104552,MA,202608,2756,7581,1902358,691.77,690.26,5667,13361,2419,1361,1887
2104602,MA,202608,2322,6785,1633109,703.32,703.32,3761,9666,2154,613,994
2104628,MA,202608,1260,3686,896319,711.36,711.36,2094,5447,1203,342,549
2104651,MA,202608,2156,5879,1479473,686.85,686.21,3114,7709,2021,420,673
2104677,MA,202608,4859,13624,3461423,712.52,712.37,7342,18116,4796,1023,1523
2104701,MA,202608,1116,3415,790429,709.54,708.27,2057,5203,1059,300,698
2104800,MA,202608,13844,41590,10131139,732.12,731.81,21344,57374,13348,3569,4427
2104909,MA,202608,2139,5638,1439996,673.21,673.21,3507,8179,2057,487,963
2105005,MA,202608,5675,19084,4242649,748.39,747.6,8083,24701,5561,1217,1305
2105104,MA,202608,6741,17398,4679554,694.3,694.19,8849,20773,6525,767,1557
2105153,MA,202608,2772,8480,2001786,722.15,722.15,4246,11493,2521,778,947
2105203,MA,202608,1989,5530,1349422,678.44,678.44,3234,8147,1858,566,810
2105302,MA,202608,29454,77668,20117895,683.19,683.03,66763,148053,28165,13885,24713
2105351,MA,202608,3473,9973,2561848,738.07,737.65,4824,12342,3485,421,918
2105401,MA,202608,9541,28332,6711443,703.58,703.43,16970,45022,8498,3843,4629
2105427,MA,202608,4021,10490,2814932,700.41,700.06,8082,16875,4393,936,2753
2105450,MA,202608,1817,5191,1291928,711.02,711.02,2629,6883,1794,277,558
2105476,MA,202608,3062,10821,2462565,805.29,804.23,4404,14090,2925,749,730
2105500,MA,202608,3724,11390,2630573,706.38,706.38,7202,18816,3505,1517,2180
2105609,MA,202608,2942,9121,2125457,722.7,722.45,4424,12619,2854,624,946
2105658,MA,202608,1147,3314,825267,720.76,719.5,1888,4604,1141,255,492
2105708,MA,202608,8838,24695,6174255,698.6,698.6,12387,31548,8449,1587,2351
2105807,MA,202608,2112,5631,1491038,705.98,705.98,3248,7652,2121,376,751
2105906,MA,202608,3016,8730,2141005,709.88,709.88,4575,12042,2868,744,963
2105922,MA,202608,2537,6439,1761664,694.39,694.39,3320,7973,2473,327,520
2105948,MA,202608,1770,4964,1235339,698.33,697.93,2833,7224,1715,443,675
2105963,MA,202608,2454,7915,1743220,710.36,710.36,3791,10992,2149,799,843
2105989,MA,202608,1600,4344,1129274,705.8,705.8,2242,5542,1602,227,413
2106003,MA,202608,2110,5737,1448930,686.7,686.7,3770,9103,1961,689,1120
2106102,MA,202608,2163,5768,1508420,697.37,697.37,3608,8625,2085,505,1018
2106201,MA,202608,2119,5642,1469834,693.65,693.65,3305,7594,2152,298,855
2106300,MA,202608,2586,7423,1818924,703.65,703.37,3990,10697,2492,678,820
2106326,MA,202608,4639,12662,3317370,715.1,715.1,6780,16281,4641,834,1305
2106359,MA,202608,1486,4839,1096064,737.59,737.59,2101,6136,1514,299,288
2106375,MA,202608,2457,7229,1760430,716.79,716.5,3791,9750,2297,548,946
2106409,MA,202608,4156,11935,2952512,710.42,710.42,5420,14452,4006,607,807
2106508,MA,202608,5693,15929,3973919,698.04,698.04,7854,20069,5576,750,1528
2106607,MA,202608,6155,17503,4368507,709.75,709.75,9194,23855,5788,1295,2111
2106631,MA,202608,1883,5080,1257476,668.51,667.8,3070,7093,1653,654,763
2106672,MA,202608,1702,5086,1223646,718.95,718.95,2306,6377,1627,288,391
2106706,MA,202608,5290,13740,3686729,696.92,696.92,7395,17579,5250,772,1373
2106755,MA,202608,4787,11443,3248014,678.93,678.51,6875,15033,4675,810,1390
2106805,MA,202608,4805,9999,3210919,668.25,668.25,6476,12330,4889,340,1247
2106904,MA,202608,6547,17555,4629444,710.91,707.11,9771,22907,6388,1093,2290
2107001,MA,202608,1859,5006,1296004,697.15,697.15,3106,7456,1762,492,852
2107100,MA,202608,4458,12863,3183832,714.18,714.18,6107,16179,4349,695,1063
2107209,MA,202608,2596,7671,1910236,735.84,735.84,3864,9912,2608,437,819
2107258,MA,202608,901,2686,644676,717.1,715.51,1651,4260,869,267,515
2107308,MA,202608,1113,2613,757786,680.85,680.85,1711,3583,1125,138,448
2107357,MA,202608,3453,10280,2469005,715.45,715.03,5023,13385,3335,716,972
2107407,MA,202608,4046,9902,2744131,678.23,678.23,6076,13398,3986,766,1324
2107456,MA,202608,3401,8928,2347292,690.18,690.18,4578,11272,3278,569,731
2107506,MA,202608,17633,50210,12095993,686.06,685.99,33125,84012,16142,7584,9399
2107605,MA,202608,5966,12127,3950146,662.33,662.11,8246,15400,6365,470,1411
2107704,MA,202608,4345,10867,2986004,687.23,687.23,6411,14499,4267,638,1506
2107803,MA,202608,5500,15709,3896518,708.46,708.46,9123,23779,5084,1498,2541
2107902,MA,202608,3678,10826,2587585,703.72,703.53,5418,14217,3476,742,1200
2108009,MA,202608,3803,9966,2649525,697.61,696.69,5528,13233,3710,619,1199
2108058,MA,202608,3748,12088,2758380,735.96,735.96,5421,16059,3439,971,1011
2108108,MA,202608,4469,12243,3157436,706.52,706.52,6238,15481,4297,854,1087
2108207,MA,202608,4179,12061,2782943,666.25,665.94,8177,21499,3602,2207,2368
2108256,MA,202608,7549,18031,5244667,694.75,694.75,10108,22198,7686,783,1639
2108306,MA,202608,7694,20328,5496773,714.7,714.42,10542,25148,7551,1135,1856
2108405,MA,202608,3933,7614,2574898,654.69,654.69,5924,10381,4158,383,1383
2108454,MA,202608,4459,12022,3118443,700.62,699.36,6469,15873,4284,742,1443
2108504,MA,202608,5526,15279,3882910,703.3,702.66,9134,22167,5352,1536,2246
2108603,MA,202608,18527,42376,12495563,674.52,674.45,28561,59237,18252,3686,6623
2108702,MA,202608,4899,13170,3420703,698.67,698.25,7363,17710,4848,939,1576
2108801,MA,202608,3319,8967,2325086,700.54,700.54,4831,11996,3162,612,1057
2108900,MA,202608,3840,9634,2602550,677.75,677.75,5595,12491,3871,528,1196
2109007,MA,202608,2398,7059,1622294,676.52,676.52,6453,15921,1929,1921,2603
2109056,MA,202608,2078,4517,1382586,665.34,665.34,2821,5571,2147,185,489
2109106,MA,202608,5041,15195,3399961,675.0,674.46,9391,25576,4328,2433,2630
2109205,MA,202608,2759,7916,1999911,724.87,724.87,3677,9653,2680,367,630
2109239,MA,202608,1337,3505,927676,694.37,693.85,2086,4987,1291,314,481
2109270,MA,202608,4270,12881,3138287,735.31,734.96,6354,16866,4412,878,1064
2109304,MA,202608,2402,6778,1736431,722.91,722.91,3729,9270,2370,480,879
2109403,MA,202608,2541,7590,1719106,676.55,676.55,3635,10049,2165,755,715
2109452,MA,202608,6327,17181,4486582,709.57,709.12,11218,25453,7319,1437,2462
2109502,MA,202608,3690,10638,2639625,715.35,715.35,6560,16304,3585,1013,1962
2109551,MA,202608,1022,2940,706986,691.77,691.77,1908,4824,928,381,599
2109601,MA,202608,6372,17965,4448361,698.33,698.11,11489,29139,6009,2365,3115
2109700,MA,202608,1126,3053,789114,700.81,700.81,2001,4689,1090,256,655
2109759,MA,202608,1147,3510,799356,696.91,696.91,1660,4859,1040,348,272
2109809,MA,202608,7679,17383,5033357,656.07,655.47,11363,23130,7423,1422,2518
2109908,MA,202608,11779,33721,8122106,690.07,689.54,23339,56445,10506,5432,7401
2110005,MA,202608,10589,31157,7620050,720.16,719.62,16400,42961,9952,2657,3791
2110039,MA,202608,5272,13454,3685163,699.27,699.01,8070,17664,5584,841,1645
2110104,MA,202608,5766,17762,4140798,718.51,718.14,8043,22307,5533,1039,1471
2110203,MA,202608,8858,21505,6139823,693.22,693.14,12954,27237,9282,1247,2425
2110237,MA,202608,1814,5438,1283545,709.14,707.58,2574,7252,1691,412,471
2110278,MA,202608,3416,9858,2441656,714.77,714.77,4558,12224,3341,530,687
2110302,MA,202608,3231,8683,2236485,692.2,692.2,4414,10882,3094,592,728
2110401,MA,202608,4223,13376,3143264,744.32,744.32,5645,16600,4128,641,876
2110500,MA,202608,7076,18295,4781743,675.77,675.77,10541,24542,6839,1347,2355
2110609,MA,202608,6681,17064,4613307,690.61,690.51,9205,21620,6657,962,1586
2110658,MA,202608,1675,4791,1209315,721.98,721.98,2718,6610,1601,312,805
2110708,MA,202608,7247,20178,5048286,696.7,696.6,11215,27790,6808,1620,2787
2110807,MA,202608,822,2154,554215,675.87,674.23,1506,3451,824,224,458
2110856,MA,202608,1664,4537,1187842,713.85,713.85,2932,6745,1652,367,913
2110906,MA,202608,2563,6810,1798321,701.65,701.65,3582,8687,2509,388,685
2111003,MA,202608,6229,14106,4139248,664.73,664.51,8055,17152,6324,644,1087
2111029,MA,202608,2701,8309,1959836,725.6,725.6,3766,10511,2582,578,606
2111052,MA,202608,1838,5354,1297011,705.66,705.66,2884,7561,1791,445,648
2111078,MA,202608,3574,10861,2599930,727.86,727.46,5377,14763,3434,683,1260
2111102,MA,202608,4679,12005,3217476,687.64,687.64,7677,17506,4541,1003,2133
2111201,MA,202608,25960,68745,17428611,671.57,671.36,49663,118340,25372,10948,13343
2111250,MA,202608,1239,3794,870852,704.57,702.87,1971,5486,1168,331,472
2111300,MA,202608,121378,301751,80934214,667.01,666.79,238994,524137,117996,47741,73257
2111409,MA,202608,3725,10429,2590966,695.56,695.56,5877,14630,3560,811,1506
2111508,MA,202608,6707,18930,4683000,699.27,698.23,11266,27722,6213,2116,2937
2111532,MA,202608,1747,5452,1275190,730.35,729.93,3765,8956,1597,647,1521
2111573,MA,202608,1003,2966,704474,702.37,702.37,1616,4401,944,324,348
2111607,MA,202608,3255,8557,2218835,682.09,681.67,6518,14176,3307,1188,2023
2111631,MA,202608,1171,3553,827137,706.35,706.35,1738,4683,1112,273,353
2111672,MA,202608,1125,3337,767693,682.39,682.39,1608,4361,1047,286,275
2111706,MA,202608,5275,12158,3492479,662.08,662.08,7444,15761,5354,735,1355
2111722,MA,202608,1846,5121,1275868,692.28,691.15,2793,7229,1763,415,615
2111748,MA,202608,2808,7201,2075073,738.99,738.99,3998,9130,3053,301,644
2111763,MA,202608,3045,8249,2136117,701.75,701.52,5069,12009,2986,642,1441
2111789,MA,202608,4011,8635,2745766,684.56,684.56,5379,10654,4142,297,940
2111805,MA,202608,3107,9827,2213291,712.36,712.36,4676,13428,2895,935,846
2111904,MA,202608,2579,6801,1801125,698.38,698.38,3834,9137,2539,391,904
2111953,MA,202608,1026,2854,716382,698.91,698.23,1629,4130,998,247,384
2112001,MA,202608,1188,3658,850677,717.87,716.06,2434,6597,1055,488,891
2112100,MA,202608,4784,14175,3447073,720.54,720.54,6965,19163,4561,1037,1367
2112209,MA,202608,26043,69292,18042699,693.15,692.8,50134,115043,25954,9173,15007
2112233,MA,202608,3013,8458,2032823,675.13,674.68,5714,14778,2687,1482,1545
2112274,MA,202608,1346,4289,1000389,743.78,743.23,2068,5664,1350,283,435
2112308,MA,202608,6741,17818,4709571,699.16,698.65,10938,24627,6995,1464,2479
2112407,MA,202608,9468,23914,6665800,704.26,704.03,12757,28806,9961,994,1802
2112456,MA,202608,5770,14193,4058639,703.4,703.4,7565,16946,5844,593,1128
2112506,MA,202608,12362,35438,8811450,712.96,712.79,17999,47252,12024,2625,3350
2112605,MA,202608,7092,21459,5238998,738.72,738.72,9914,26894,6988,1142,1784
2112704,MA,202608,7290,22622,5252883,720.66,720.56,11171,31186,6465,2409,2297
2112803,MA,202608,10073,27416,6919512,687.07,686.94,15381,38413,9732,2439,3210
2112852,MA,202608,1616,4946,1190061,736.42,736.42,2617,7074,1501,500,616
2112902,MA,202608,5958,16637,4194954,704.09,704.09,9052,23253,5674,1389,1989
2113009,MA,202608,5068,14176,3465652,684.24,683.83,8193,21245,4836,1393,1964
2114007,MA,202608,7480,21475,5199626,695.42,695.14,13300,32842,7036,2534,3730
2200053,PI,202608,1397,3524,934996,669.29,669.29,2252,5320,1359,343,550
2200103,PI,202608,977,2586,670737,687.23,686.53,1848,4341,957,240,651
2200202,PI,202608,3598,8832,2416335,671.58,671.58,6236,13047,3643,729,1864
2200251,PI,202608,1409,3149,920933,653.61,653.61,2583,5165,1584,278,721
2200277,PI,202608,951,2193,634900,667.61,667.61,1653,3447,923,218,512
2200301,PI,202608,3018,6569,1985656,657.94,657.94,4870,9687,3017,464,1389
2200400,PI,202608,5955,16738,4096587,689.66,687.92,11893,29937,5830,2746,3317
2200459,PI,202608,1150,3053,795203,691.48,691.48,2037,4889,1127,247,663
2200509,PI,202608,3255,8837,2247960,692.96,690.62,5608,13172,3140,794,1674
2200608,PI,202608,1605,3695,1077652,672.27,671.43,2701,5364,1657,254,790
2200707,PI,202608,1878,4605,1255316,668.43,668.43,2993,6636,1838,337,818
2200806,PI,202608,505,1412,349092,695.4,691.27,938,2377,461,170,307
2200905,PI,202608,1134,2613,746902,658.64,658.64,2014,4098,1165,197,652
2200954,PI,202608,706,1432,454621,643.94,643.94,1205,2269,769,124,312
2201002,PI,202608,941,2447,644125,685.24,684.51,1728,4034,884,222,622
2201051,PI,202608,1513,4242,1059241,700.56,700.09,2686,6694,1472,434,780
2201101,PI,202608,2258,6068,1540986,682.46,682.46,3900,9143,2162,575,1163
2201150,PI,202608,2555,6809,1801290,705.01,705.01,3878,9535,2366,557,955
2201176,PI,202608,771,1944,510669,662.35,662.35,1452,3227,735,201,516
2201200,PI,202608,12856,29220,8633907,671.64,671.59,17951,37587,12853,1548,3550
2201309,PI,202608,700,1893,478667,684.79,683.81,1128,2780,676,170,282
2201408,PI,202608,1206,2977,818986,679.09,679.09,1879,4250,1137,252,490
2201507,PI,202608,5168,13298,3502362,677.96,677.7,8141,19612,4939,1236,1966
2201556,PI,202608,737,2030,498486,676.37,676.37,1512,3767,686,346,480
2201572,PI,202608,642,1510,420024,654.24,654.24,1168,2616,618,210,340
2201606,PI,202608,1884,4681,1277512,678.08,678.08,3566,7835,2170,426,970
2201705,PI,202608,972,2516,653514,673.03,672.34,1729,3967,910,267,552
2201739,PI,202608,1493,4006,1029110,689.75,689.29,2667,6492,1417,354,896
2201770,PI,202608,1987,5045,1350483,680.34,679.66,2711,6168,1971,200,540
2201804,PI,202608,714,1581,462827,648.22,648.22,1439,2924,787,195,457
2201903,PI,202608,4675,12151,3241227,693.76,693.31,8676,18807,4659,1465,2552
2201919,PI,202608,1423,3702,950102,667.68,667.68,2306,5422,1345,411,550
2201929,PI,202608,1338,3405,900752,673.71,673.21,2287,5235,1280,257,750
2201945,PI,202608,1506,3777,1026114,681.35,681.35,2349,5424,1487,253,609
2201960,PI,202608,1667,4026,1117991,670.66,670.66,2662,5876,1637,371,654
2201988,PI,202608,1009,2473,677850,671.8,671.8,1492,3306,994,157,341
2202000,PI,202608,3985,11024,2705384,679.23,678.89,6342,16191,3743,1066,1533
2202026,PI,202608,1560,3949,1063376,681.65,681.65,2728,6263,1535,329,864
2202059,PI,202608,1937,4788,1292856,667.45,667.45,3278,7460,1859,523,896
2202075,PI,202608,478,1318,326769,683.62,683.62,929,2364,437,205,287
2202083,PI,202608,980,3101,674535,688.3,688.3,2681,7122,910,915,856
2202091,PI,202608,1082,3084,733117,677.56,677.56,1994,5057,1031,315,648
2202109,PI,202608,1088,2445,698731,642.22,642.22,2007,4224,1084,260,663
2202117,PI,202608,1228,2873,836728,681.37,681.37,1942,4034,1295,184,463
2202133,PI,202608,1183,2792,781674,660.76,660.76,2324,5013,1207,313,804
2202174,PI,202608,2006,5347,1412542,704.16,704.16,2835,6575,2004,286,545
2202208,PI,202608,9651,20937,6326455,655.59,655.52,16176,32476,9518,2118,4540
2202251,PI,202608,756,1858,513109,678.72,678.72,1210,2515,759,99,352
2202307,PI,202608,4188,10223,2805444,670.04,669.88,6416,14168,4036,733,1647
2202406,PI,202608,2776,6823,1884510,678.86,678.86,4565,10112,2807,475,1283
2202455,PI,202608,1156,2458,760332,658.3,657.73,1940,3643,1198,153,589
2202505,PI,202608,2479,6615,1712069,690.63,690.63,3667,8645,2407,378,882
2202539,PI,202608,1191,3143,805761,678.25,676.54,2117,4902,1138,349,630
2202554,PI,202608,1232,2933,813526,660.33,660.33,2134,4659,1163,365,606
2202604,PI,202608,3713,9532,2560062,689.67,689.49,6639,14955,3756,815,2068
2202653,PI,202608,1303,3421,894193,686.78,686.26,2040,4949,1263,332,445
2202703,PI,202608,5917,15976,4026887,680.68,680.56,8529,22184,5520,1459,1550
2202711,PI,202608,1143,2634,764721,669.63,669.05,1823,3765,1180,177,466
2202729,PI,202608,1194,3355,803082,673.16,672.6,2025,5321,1106,427,492
2202737,PI,202608,827,2388,568005,687.66,686.83,1556,3975,778,237,541
2202752,PI,202608,1787,3932,1206628,675.23,675.23,2985,5696,1799,207,979
2202778,PI,202608,1534,3681,1018796,664.58,664.14,2698,5659,1550,289,859
2202802,PI,202608,1278,2791,835175,653.5,653.5,2348,4428,1338,270,740
2202851,PI,202608,1265,2954,837717,662.23,662.23,1989,4114,1303,189,497
2202901,PI,202608,4150,12233,2893078,697.13,697.13,7909,20227,3706,1533,2670
2203008,PI,202608,1205,3552,836938,694.55,694.55,2148,5615,1070,417,661
2203107,PI,202608,1902,5344,1283102,674.61,674.61,3495,8372,1659,701,1135
2203206,PI,202608,2156,5932,1475146,684.21,684.21,3939,9511,2017,650,1272
2203230,PI,202608,1065,3057,733920,690.42,689.13,2003,5050,932,369,702
2203255,PI,202608,859,2511,599695,699.76,698.13,1549,4015,794,259,496
2203271,PI,202608,1372,3595,949805,692.28,692.28,2175,5093,1372,279,524
2203305,PI,202608,3645,8818,2578628,707.44,707.44,6058,13082,3937,701,1420
2203354,PI,202608,1668,4230,1152328,690.84,690.84,2414,5525,1723,176,515
2203404,PI,202608,1015,2705,673103,663.81,663.16,2181,5230,933,399,849
2203420,PI,202608,905,2427,614830,679.37,679.37,1561,3671,850,254,457
2203453,PI,202608,1994,4609,1307213,655.9,655.57,3584,7230,1918,418,1248
2203503,PI,202608,1839,4861,1229265,669.17,668.44,3917,9180,1726,792,1399
2203602,PI,202608,830,2089,561296,677.08,676.26,1572,3457,818,210,544
2203701,PI,202608,7324,19751,5061560,691.28,691.09,11277,27927,6959,1830,2488
2203750,PI,202608,1585,3771,1086098,686.53,685.24,2143,4668,1612,139,392
2203800,PI,202608,1085,2386,721763,665.83,665.22,1967,3774,1146,154,667
2203859,PI,202608,531,1225,346812,653.13,653.13,1155,2262,564,105,486
2203909,PI,202608,7647,18175,5084696,665.01,664.93,16668,34522,7365,3316,5987
2204006,PI,202608,881,2114,583759,662.61,662.61,1821,3938,853,297,671
2204105,PI,202608,832,2200,576329,692.7,692.7,1489,3505,834,177,478
2204154,PI,202608,496,1321,323931,653.09,653.09,1052,2512,463,197,392
2204204,PI,202608,1076,2944,709494,659.38,659.38,2277,5717,1002,432,843
2204303,PI,202608,1990,4722,1271715,639.05,639.05,3351,7278,1797,581,973
2204352,PI,202608,1489,3477,996471,669.22,669.22,2626,5576,1501,335,790
2204402,PI,202608,2373,6289,1651714,699.29,696.04,3692,8825,2277,501,914
2204501,PI,202608,2008,5141,1387882,691.52,691.18,3213,7292,1953,354,906
2204550,PI,202608,1295,3264,907829,701.03,701.03,1829,4104,1362,152,315
2204600,PI,202608,773,1829,528188,684.18,683.3,1265,2688,810,119,336
2204659,PI,202608,1950,5414,1332654,684.11,683.41,3216,8369,1808,622,786
2204709,PI,202608,2514,6614,1671407,664.84,664.84,4407,10773,2322,849,1236
2204808,PI,202608,1430,3970,963315,673.65,673.65,2961,7326,1342,619,1000
2204907,PI,202608,1741,4503,1184801,680.53,680.53,2904,6536,1654,336,914
2205003,PI,202608,2131,4915,1384034,649.48,649.48,4122,8703,2063,639,1420
2205102,PI,202608,1873,4788,1254082,669.56,669.56,3171,7201,1845,367,959
2205151,PI,202608,1453,3210,964591,663.86,663.86,2531,4882,1586,247,698
2205201,PI,202608,4044,9638,2731576,675.46,675.46,6377,13790,4226,731,1420
2205250,PI,202608,976,2453,660730,677.67,676.98,1576,3463,932,206,438
2205276,PI,202608,1239,2947,823442,664.6,664.6,2103,4427,1255,196,652
2205300,PI,202608,927,2244,620116,668.95,668.95,1677,3533,881,259,537
2205359,PI,202608,628,1595,413757,658.85,658.85,1065,2497,595,167,303
2205409,PI,202608,2410,7126,1662453,690.39,689.81,3796,10498,2215,690,891
2205458,PI,202608,1372,3810,950239,693.1,692.59,1976,5016,1320,238,418
2205508,PI,202608,6604,18966,4508397,682.78,682.68,11445,31099,6089,2379,2977
2205516,PI,202608,1169,2796,776515,664.26,664.26,1900,4195,1134,193,573
2205524,PI,202608,976,2834,688103,705.02,705.02,1806,4684,940,274,592
2205532,PI,202608,1364,3047,917530,672.68,672.68,2397,4677,1564,220,613
2205540,PI,202608,579,1421,396635,685.03,685.03,1133,2407,593,162,378
2205557,PI,202608,2423,5589,1661888,685.88,685.88,4080,8254,2694,299,1087
2205565,PI,202608,853,2268,571583,670.09,670.09,1789,4222,840,326,623
2205573,PI,202608,1259,3357,853676,678.06,678.06,2419,5921,1206,349,864
2205581,PI,202608,928,2438,635811,686.62,685.14,1570,3621,906,203,461
2205599,PI,202608,1233,2992,827534,671.15,671.15,2168,4763,1241,293,634
2205607,PI,202608,1264,3026,843632,667.96,667.43,2201,4462,1222,215,764
2205706,PI,202608,5644,16599,3805086,674.3,674.18,9808,26500,5167,2262,2379
2205805,PI,202608,5522,14451,3760246,681.08,680.96,8160,19559,5375,1065,1720
2205854,PI,202608,1678,4897,1181403,704.05,704.05,2629,7072,1601,339,689
2205904,PI,202608,1077,2660,717263,665.98,665.98,1938,4278,1025,317,596
2205953,PI,202608,2072,5636,1438350,694.86,694.18,3228,8192,1960,583,685
2206001,PI,202608,1069,2363,714422,669.56,668.31,1833,3481,1118,161,554
2206050,PI,202608,1029,2784,675655,660.46,656.61,1854,4695,978,330,546
2206100,PI,202608,2835,7052,1939982,684.3,684.3,3931,8834,2825,351,755
2206209,PI,202608,7798,19967,5473792,701.95,701.95,11270,26195,7615,1174,2481
2206308,PI,202608,190,551,126211,664.27,664.27,397,1052,173,88,136
2206357,PI,202608,1522,3879,1019431,670.68,669.8,2375,5604,1460,289,626
2206407,PI,202608,1554,4378,1044043,671.84,671.84,2786,7182,1429,497,860
2206506,PI,202608,1835,4504,1196420,652.0,652.0,3059,6652,1722,464,873
2206605,PI,202608,1873,5397,1335930,714.78,713.26,3129,8060,1765,452,912
2206654,PI,202608,1111,2980,774014,697.31,696.68,1827,4350,1132,211,484
2206670,PI,202608,1352,3535,924334,683.68,683.68,2008,4914,1302,278,428
2206696,PI,202608,1537,4078,1072228,697.61,697.61,2213,5493,1501,301,411
2206704,PI,202608,1711,3952,1161476,679.23,678.83,2900,5885,1731,266,903
2206720,PI,202608,2068,5649,1437313,695.03,695.03,3619,8650,1927,573,1119
2206753,PI,202608,940,2462,627425,667.47,667.47,1641,3950,894,249,498
2206803,PI,202608,2783,6459,1920627,691.12,690.13,3813,8027,3103,200,510
2206902,PI,202608,1050,2664,693066,660.69,660.06,1887,4346,1020,271,596
2206951,PI,202608,718,1869,481201,670.2,670.2,1157,2818,695,157,305
2207009,PI,202608,7890,17301,5178799,656.38,656.38,15212,29765,8234,2109,4869
2207108,PI,202608,512,1323,352654,688.78,688.78,1005,2357,482,141,382
2207207,PI,202608,1595,3467,1063091,666.51,666.51,2492,5015,1601,283,608
2207306,PI,202608,996,2517,661579,664.24,664.24,1718,3902,975,274,469
2207355,PI,202608,578,1302,371869,643.37,643.37,1215,2540,547,183,485
2207405,PI,202608,877,2288,579173,660.4,660.4,1604,3669,767,297,540
2207504,PI,202608,3534,7953,2412274,682.59,682.59,5333,10618,3555,351,1427
2207553,PI,202608,931,2070,609285,654.44,654.44,1681,3310,944,184,553
2207603,PI,202608,2655,6979,1904883,717.74,717.47,3874,8882,2727,331,816
2207702,PI,202608,19044,52465,12907141,677.75,677.75,39306,97526,17140,10653,11513
2207751,PI,202608,1182,2765,816492,690.77,690.77,1664,3519,1178,104,382
2207777,PI,202608,922,2279,600536,652.05,651.34,1839,4042,864,333,642
2207793,PI,202608,950,2350,638394,671.99,671.99,1466,3364,901,179,386
2207801,PI,202608,4535,11164,3092513,681.92,681.92,7598,16461,4641,1094,1863
2207850,PI,202608,1207,2644,805314,667.2,667.2,1742,3440,1275,101,366
2207900,PI,202608,8584,21300,5764483,671.62,671.54,13424,30542,8280,2057,3087
2207934,PI,202608,701,1781,483187,689.28,689.28,1276,2749,736,122,418
2207959,PI,202608,1034,2540,679069,656.74,656.74,1626,3650,948,242,436
2208007,PI,202608,11251,26132,7258093,645.11,645.11,22270,47147,10605,4197,7468
2208106,PI,202608,2261,5811,1505355,666.09,665.79,3967,9086,2154,523,1290
2208205,PI,202608,4467,10670,2996245,671.35,670.75,7172,15149,4621,946,1605
2208304,PI,202608,5269,12785,3455068,655.74,655.74,9189,20517,4950,1777,2462
2208403,PI,202608,10190,25030,6716422,659.44,659.12,18624,42171,9465,3697,5462
2208502,PI,202608,2955,8018,2133791,722.1,722.1,4227,10046,3021,384,822
2208551,PI,202608,758,1580,512628,676.29,676.29,1214,2165,832,75,307
2208601,PI,202608,881,1887,588543,668.04,668.04,1473,2728,962,131,380
2208650,PI,202608,1491,3899,982105,658.69,658.69,2904,6912,1353,510,1041
2208700,PI,202608,2191,5617,1518811,693.52,693.2,3767,8402,2285,408,1074
2208809,PI,202608,4616,9900,3126340,677.43,677.28,7406,14287,4717,765,1924
2208858,PI,202608,988,2718,681500,689.78,689.78,1735,4194,939,263,533
2208874,PI,202608,1239,2558,808537,653.63,652.57,2107,3821,1301,155,651
2208908,PI,202608,1120,2961,774579,692.83,691.59,2023,4746,1074,248,701
2209005,PI,202608,1646,3502,1091318,663.01,663.01,2637,5127,1670,226,741
2209104,PI,202608,1315,3344,882371,671.0,671.0,2432,5304,1277,373,782
2209153,PI,202608,539,1488,358132,664.44,664.44,1067,2692,496,195,376
2209203,PI,202608,1307,3461,903692,694.08,691.42,2230,5192,1242,332,656
2209302,PI,202608,1503,3487,1022796,680.5,680.5,2347,4790,1532,219,596
2209351,PI,202608,634,1673,427340,674.04,674.04,1402,3458,603,230,569
2209377,PI,202608,1037,2515,699593,674.63,674.63,1840,3921,1124,183,533
2209401,PI,202608,1252,2879,822465,657.97,656.92,2261,4716,1220,326,715
2209450,PI,202608,275,956,197649,718.72,718.72,612,1846,243,154,215
2209500,PI,202608,741,1685,488836,659.7,659.7,1702,3359,786,175,741
2209559,PI,202608,1147,2726,754819,658.08,658.08,2016,4242,1111,252,653
2209609,PI,202608,372,956,244763,657.97,657.97,897,2039,349,186,362
2209658,PI,202608,1412,3426,945733,671.21,669.78,2336,5104,1413,265,658
2209708,PI,202608,1381,2899,902377,653.42,653.42,2528,4706,1403,258,867
2209757,PI,202608,593,1645,414394,698.81,698.81,945,2322,551,148,246
2209807,PI,202608,1071,2682,720503,672.74,672.74,1653,3696,1025,231,397
2209856,PI,202608,957,2278,637311,665.95,665.95,1756,3704,984,224,548
2209872,PI,202608,1372,3460,937692,683.45,683.45,2047,4681,1353,224,470
2209906,PI,202608,1190,3085,805201,676.64,676.64,2009,4741,1163,250,596
2209955,PI,202608,1032,2485,689713,668.33,668.33,1857,3937,992,253,612
2209971,PI,202608,2071,5423,1430270,690.62,690.62,3068,7337,2111,308,649
2210003,PI,202608,3504,8732,2356497,672.52,672.52,6144,13952,3309,1030,1805
2210052,PI,202608,1223,2943,814065,665.63,665.63,1962,4458,1223,285,454
2210102,PI,202608,656,1611,437064,666.26,666.26,1222,2642,644,168,410
2210201,PI,202608,1186,3239,807556,680.91,680.91,2037,5174,1132,357,548
2210300,PI,202608,1488,3087,978663,658.15,657.7,2313,4341,1503,180,630
2210359,PI,202608,1199,2715,775594,646.87,646.87,2031,4189,1215,250,566
2210375,PI,202608,404,1000,265698,657.67,657.67,831,1909,398,177,256
2210383,PI,202608,323,839,216747,671.04,671.04,697,1592,318,125,254
2210391,PI,202608,530,1388,357702,674.91,674.91,1005,2344,516,155,334
2210409,PI,202608,3250,8268,2171762,668.85,668.23,6191,13871,3117,843,2231
2210508,PI,202608,3408,7935,2323330,682.33,681.73,5050,10530,3538,429,1083
2210607,PI,202608,7175,17981,4760077,663.43,663.43,13116,29523,6778,2053,4285
2210623,PI,202608,827,2431,581533,704.04,703.18,1615,3967,864,275,476
2210631,PI,202608,848,2217,578945,682.72,682.72,1480,3596,795,217,468
2210656,PI,202608,2049,4853,1374545,670.84,670.84,3507,7532,2089,379,1039
2210706,PI,202608,2228,6715,1553039,697.37,697.06,4321,11412,2036,950,1335
2210805,PI,202608,2262,5500,1497045,662.12,661.82,4382,9448,2189,669,1524
2210904,PI,202608,995,2222,661272,664.59,664.59,1846,3573,1071,196,579
2210938,PI,202608,1279,3056,851427,666.22,665.7,2161,4796,1276,338,547
2210953,PI,202608,684,1689,451374,660.87,659.9,1132,2507,659,162,311
2210979,PI,202608,432,1125,289693,670.59,670.59,1019,2327,429,192,398
2211001,PI,202608,77936,200169,52029328,667.67,667.59,173172,399976,87023,38818,47331
2211100,PI,202608,8961,23991,6287155,701.61,701.61,14422,33918,9080,2035,3307
2211209,PI,202608,4196,11497,2917064,696.7,695.2,6777,16914,3797,1110,1870
2211308,PI,202608,2998,7516,1971996,657.77,657.77,6672,15322,2798,1478,2396
2211357,PI,202608,1365,3412,929239,680.76,680.76,2092,4700,1329,227,536
2211407,PI,202608,1003,2146,655197,654.54,653.24,1784,3459,997,206,581
2211506,PI,202608,628,1543,418767,666.83,666.83,1338,2987,627,202,509
2211605,PI,202608,546,1246,347020,635.57,635.57,1024,2110,537,128,359
2211704,PI,202608,1004,2339,656746,654.13,654.13,1504,3243,996,157,351
2300101,CE,202608,1935,5000,1299949,671.81,671.81,3480,8253,1828,543,1109
2300150,CE,202608,2774,7371,1885628,679.75,679.75,4719,11719,2589,1025,1105
2300200,CE,202608,13729,35632,9330604,679.83,679.63,19679,48017,13253,2812,3614
2300309,CE,202608,9074,21969,6014570,662.84,662.84,15411,33713,8755,2066,4590
2300408,CE,202608,3107,7528,2046503,658.89,658.67,5272,11259,2979,753,1540
2300507,CE,202608,1331,3847,903104,678.52,678.52,2899,8158,1217,737,945
2300606,CE,202608,1603,3946,1068674,667.09,666.67,3124,6890,1548,463,1113
2300705,CE,202608,2593,6306,1712533,660.7,660.44,5407,11803,2508,893,2006
2300754,CE,202608,8631,23300,5961884,691.31,690.75,13136,33145,8016,2345,2775
2300804,CE,202608,1913,4247,1268429,663.75,663.06,3182,6222,1920,363,899
2300903,CE,202608,2798,6909,1885507,674.6,673.88,4208,9961,2726,583,899
2301000,CE,202608,14704,36077,9750593,663.49,663.13,25791,57628,13905,5526,6360
2301109,CE,202608,9482,24661,6123265,647.35,645.78,18925,46884,8284,5377,5264
2301208,CE,202608,4762,12341,3144359,660.3,660.3,9133,21787,4353,1837,2943
2301257,CE,202608,2102,5213,1387958,660.62,660.3,3675,8538,1913,736,1026
2301307,CE,202608,4281,11349,2919953,682.87,682.07,7615,18753,4043,1221,2351
2301406,CE,202608,2185,6244,1484130,679.24,679.24,4032,11000,2005,775,1252
2301505,CE,202608,928,2538,635273,684.56,684.56,1825,4602,901,433,491
2301604,CE,202608,4425,10684,2929391,662.01,662.01,7909,17265,4281,1263,2365
2301703,CE,202608,4011,10595,2647742,660.94,660.12,7938,19064,3761,1390,2787
2301802,CE,202608,1037,2616,684573,660.15,660.15,2037,4665,1031,311,695
2301851,CE,202608,3147,7877,2152527,684.21,683.99,5805,12998,3078,1054,1673
2301901,CE,202608,8984,25624,6064219,675.83,675.0,20037,52555,7970,4722,7345
2301950,CE,202608,4371,11870,2942477,673.64,673.18,6893,17601,4026,1378,1489
2302008,CE,202608,3711,8880,2423093,653.12,652.95,6989,15614,3485,1051,2453
2302057,CE,202608,3622,9118,2429664,670.99,670.81,5754,13152,3525,901,1328
2302107,CE,202608,6652,15550,4397351,661.16,661.06,10943,23766,6538,2018,2387
2302206,CE,202608,10567,26349,7008367,663.42,663.23,17138,39548,10350,2929,3859
2302305,CE,202608,5256,13943,3578320,680.94,680.81,8214,20773,5124,1487,1603
2302404,CE,202608,8688,21002,5731019,660.26,659.65,16055,36267,8313,2754,4988
2302503,CE,202608,7237,18642,4911992,678.73,678.73,12347,29733,6718,2890,2739
2302602,CE,202608,11065,28149,7434847,672.23,671.92,18821,45264,10387,4040,4394
2302701,CE,202608,4113,10867,2786231,677.42,677.42,8869,20368,3836,1838,3195
2302800,CE,202608,15790,35875,10538638,667.59,667.42,25333,55107,15203,3757,6373
2302909,CE,202608,3408,8391,2276184,667.89,667.89,5689,13062,3321,951,1417
2303006,CE,202608,4027,9624,2703386,671.82,671.32,6163,13537,3903,804,1456
2303105,CE,202608,2825,7483,1893177,670.15,670.15,5781,14171,2682,1103,1996
2303204,CE,202608,5380,14079,3672384,682.98,682.6,9742,23438,5212,1772,2758
2303303,CE,202608,3156,7624,2109622,668.66,668.45,5848,13074,3096,815,1937
2303402,CE,202608,2705,7537,1835488,678.55,678.55,4953,13100,2484,1110,1359
2303501,CE,202608,12849,31602,8510437,662.55,662.34,21825,50719,11825,4573,5427
2303600,CE,202608,1949,5000,1329499,682.14,682.14,3710,8379,1873,572,1265
2303659,CE,202608,2587,5743,1719740,664.76,664.76,3835,7732,2616,370,849
2303709,CE,202608,58842,138221,39067869,664.3,663.95,104710,220980,58829,19233,26648
2303808,CE,202608,4030,9751,2651882,658.53,658.04,7450,17262,3829,1261,2360
2303907,CE,202608,2380,6337,1607165,675.56,675.28,3940,9923,2192,839,909
2303931,CE,202608,2367,5843,1585438,669.81,669.81,4385,9993,2225,701,1459
2303956,CE,202608,3839,9465,2527426,658.36,658.36,6656,15720,3537,1323,1796
2304004,CE,202608,4349,10488,2867475,659.34,659.34,7328,16653,4027,1352,1949
2304103,CE,202608,10247,26382,6821123,665.8,665.67,19071,45049,9333,3819,5919
2304202,CE,202608,19566,48074,12892351,659.02,658.92,41673,94523,18317,8761,14595
2304236,CE,202608,3286,8657,2228526,678.39,678.19,5770,14265,3103,1081,1586
2304251,CE,202608,5538,14525,3795953,685.44,685.44,8374,20990,5334,1605,1435
2304269,CE,202608,1546,3719,1025011,663.87,663.01,3436,7521,1503,501,1432
2304277,CE,202608,1019,2621,671275,658.76,658.76,2351,5439,1007,367,977
2304285,CE,202608,6970,17399,4598878,660.38,659.81,12515,29393,6336,3097,3082
2304301,CE,202608,3115,8513,2089364,670.96,670.74,6011,14995,2901,1034,2076
2304350,CE,202608,3221,8086,2099203,651.72,651.72,7331,16456,2888,1644,2799
2304400,CE,202608,299959,692912,197173395,657.98,657.33,589686,1237356,305225,117013,167448
2304459,CE,202608,2737,7033,1813839,662.71,662.71,4765,11462,2704,919,1142
2304509,CE,202608,2703,6916,1794403,663.86,663.86,4933,11700,2436,1039,1458
2304608,CE,202608,1593,4009,1087119,682.86,682.44,2583,5812,1595,371,617
2304657,CE,202608,2849,7297,1934161,678.89,678.89,5275,12188,2818,781,1676
2304707,CE,202608,9429,26361,6389653,677.95,677.66,14641,39430,8452,3324,2865
2304806,CE,202608,1004,2556,680568,678.53,677.86,2070,4650,1022,350,698
2304905,CE,202608,1551,3844,993238,640.39,640.39,3421,7977,1446,756,1219
2304954,CE,202608,3932,9910,2623966,667.51,667.34,7347,17398,3685,1414,2248
2305001,CE,202608,8082,22939,5609954,694.3,694.13,13022,33849,7664,2133,3225
2305100,CE,202608,1090,2817,736244,675.45,675.45,2115,5129,1057,366,692
2305209,CE,202608,3629,8903,2457086,677.44,677.07,6111,13861,3685,941,1485
2305233,CE,202608,7651,21554,5050912,660.42,660.16,24600,60936,6357,7910,10333
2305266,CE,202608,2798,7185,1926194,688.42,688.42,4982,11235,2758,685,1539
2305308,CE,202608,3926,11806,2770586,705.7,705.7,6710,18405,3667,1289,1754
2305332,CE,202608,2787,5937,1825515,655.01,655.01,5769,10692,3166,614,1989
2305357,CE,202608,3090,8327,2015271,652.83,652.19,5482,13981,2783,1421,1278
2305407,CE,202608,11859,29209,7911725,667.43,667.15,18579,42779,11214,2848,4517
2305506,CE,202608,15080,35444,9920866,658.28,657.88,29211,63663,14224,5531,9456
2305605,CE,202608,5305,12291,3539905,667.4,667.28,9172,18611,5365,870,2937
2305654,CE,202608,2036,5243,1364206,670.04,670.04,3485,8470,1872,730,883
2305704,CE,202608,2368,5749,1589540,671.83,671.26,4091,9134,2314,533,1244
2305803,CE,202608,10169,23329,6821080,670.84,670.77,15708,32647,10214,1666,3828
2305902,CE,202608,7120,17610,4781226,671.52,671.52,12556,28556,6822,2000,3734
2306009,CE,202608,2149,5340,1436247,668.33,668.33,4321,9892,2054,878,1389
2306108,CE,202608,5317,13941,3629373,682.73,682.6,8229,20101,4967,1372,1890
2306207,CE,202608,1202,2894,773653,644.17,643.64,2597,5751,1148,508,941
2306256,CE,202608,7952,20122,5295476,666.77,665.93,15606,36906,7560,4196,3850
2306306,CE,202608,8558,22026,5694014,665.66,665.34,14356,34480,8033,2993,3330
2306405,CE,202608,20693,57647,14194285,688.44,685.95,33012,86122,18854,6870,7288
2306504,CE,202608,3847,9324,2571261,668.9,668.38,6417,14445,3657,984,1776
2306553,CE,202608,9372,26143,6500797,693.64,693.64,12972,34079,9000,1941,2031
2306603,CE,202608,4571,11554,3121681,683.53,682.93,7520,17739,4286,1283,1951
2306702,CE,202608,3421,8289,2290019,669.4,669.4,6690,14487,3366,857,2467
2306801,CE,202608,1756,4488,1185742,675.25,675.25,3679,8301,1720,653,1306
2306900,CE,202608,4152,11247,2780644,671.33,669.71,8288,20980,3834,1847,2607
2307007,CE,202608,6694,15202,4318565,645.33,645.14,12497,27330,6468,1972,4057
2307106,CE,202608,5255,14127,3585448,682.29,682.29,8664,21971,4994,1504,2166
2307205,CE,202608,1141,3215,789153,691.63,691.63,2255,5852,1068,508,679
2307254,CE,202608,4281,11034,2874080,671.99,671.36,7292,17342,3864,1789,1639
2307304,CE,202608,34827,90714,23371583,671.12,671.08,77784,180154,31342,20159,26283
2307403,CE,202608,4171,10720,2805983,672.9,672.74,7830,18214,3928,1433,2469
2307502,CE,202608,5435,13694,3624495,667.13,666.88,9948,23439,5251,1333,3364
2307601,CE,202608,8335,19945,5502941,661.33,660.22,16123,35399,8166,3066,4891
2307635,CE,202608,3179,8209,2123483,668.18,667.97,5476,13377,2931,1034,1511
2307650,CE,202608,31490,79384,20989443,667.48,666.54,61153,142231,30002,14173,16978
2307700,CE,202608,17905,41738,11772621,658.02,657.5,33580,68131,17852,5769,9959
2307809,CE,202608,5363,15885,3805515,710.12,709.59,8674,24340,4934,2009,1731
2307908,CE,202608,2685,6419,1800497,671.33,670.58,4047,9211,2635,668,744
2308005,CE,202608,6789,17463,4505099,663.59,663.59,11421,28513,6229,2491,2701
2308104,CE,202608,8085,22140,5492941,679.48,679.4,13753,35371,7566,2399,3788
2308203,CE,202608,2232,6403,1522833,682.27,682.27,4542,12139,2084,1069,1389
2308302,CE,202608,4920,12635,3284067,667.63,667.49,8541,20419,4620,1432,2489
2308351,CE,202608,2573,6249,1707352,663.56,663.56,4596,10081,2481,557,1558
2308377,CE,202608,3456,7973,2323495,672.5,672.31,5241,11170,3329,594,1318
2308401,CE,202608,7523,20372,5169304,687.13,687.13,12079,30249,7114,1963,3002
2308500,CE,202608,7413,18682,4996337,674.0,674.0,12504,28811,7317,2143,3044
2308609,CE,202608,4129,9775,2724147,659.76,659.76,7684,15126,4280,712,2692
2308708,CE,202608,10817,23991,7093466,656.8,655.77,20438,41548,11348,2967,6123
2308807,CE,202608,1496,4021,1012180,677.04,676.59,2548,6429,1414,533,601
2308906,CE,202608,3589,10660,2537381,706.99,706.99,5743,15975,3372,1367,1004
2309003,CE,202608,2188,5713,1481065,676.9,676.9,4509,10902,2076,918,1515
2309102,CE,202608,2368,6016,1611067,680.35,680.35,3612,8407,2308,446,858
2309201,CE,202608,2807,7836,1935862,689.66,689.66,5804,14165,2653,1039,2112
2309300,CE,202608,4520,12047,3105309,687.02,687.02,9002,21919,4317,1740,2945
2309409,CE,202608,6911,15493,4607547,666.99,666.7,10120,21245,6682,1143,2295
2309458,CE,202608,4728,12023,3120108,660.06,659.92,8142,19478,4491,1590,2061
2309508,CE,202608,4749,10763,3072181,646.91,646.91,7672,16005,4484,1057,2131
2309607,CE,202608,8068,20799,5307239,658.22,657.81,16402,40309,7170,4441,4791
2309706,CE,202608,10861,27704,7254335,669.4,667.93,20468,48521,9917,4862,5689
2309805,CE,202608,2268,5491,1531869,675.43,675.43,4139,9109,2278,607,1254
2309904,CE,202608,1193,3089,807709,677.04,677.04,2150,5154,1120,416,614
2310001,CE,202608,1863,4315,1216881,653.53,653.18,3896,8159,1871,587,1438
2310100,CE,202608,2084,4754,1386041,665.09,665.09,4153,8462,2153,474,1526
2310209,CE,202608,7271,18526,4919495,677.15,676.59,11919,28571,6985,2159,2775
2310258,CE,202608,6988,17277,4684489,671.8,670.36,10728,24646,6811,1698,2219
2310308,CE,202608,4385,12553,2988567,682.94,681.54,9230,23841,4060,1938,3232
2310407,CE,202608,2592,5853,1723788,665.04,665.04,4216,8789,2602,520,1094
2310506,CE,202608,8207,19211,5446662,663.82,663.66,14727,32097,8018,1867,4842
2310605,CE,202608,2090,5856,1434497,686.36,686.36,3299,8380,1960,514,825
2310704,CE,202608,6106,16123,4120888,675.11,674.89,9399,23930,5709,1874,1816
2310803,CE,202608,2214,5944,1514051,683.85,683.85,4629,11144,2168,941,1520
2310852,CE,202608,4447,10839,2990053,672.38,672.38,7634,17037,4303,1508,1823
2310902,CE,202608,2470,6100,1625834,658.23,658.23,5001,11598,2336,899,1766
2310951,CE,202608,1472,4159,1006321,683.64,683.64,2866,7330,1369,489,1008
2311009,CE,202608,2137,5547,1413933,661.64,661.64,3729,9195,1885,740,1104
2311108,CE,202608,3019,7901,2054029,680.37,680.37,4932,12322,2788,1066,1078
2311207,CE,202608,1930,4779,1296223,671.62,671.62,3617,8019,1911,598,1108
2311231,CE,202608,1171,2895,794903,678.82,678.82,2415,5392,1209,457,749
2311264,CE,202608,3845,9396,2582351,671.61,671.61,7071,15818,3794,936,2341
2311306,CE,202608,17928,38277,11809239,658.78,658.7,32480,64675,17773,4909,9798
2311355,CE,202608,2902,7356,1941820,669.36,669.13,5127,12144,2845,878,1404
2311405,CE,202608,12850,31267,8599406,669.58,669.21,22686,51810,12004,4326,6356
2311504,CE,202608,2550,6548,1665092,653.49,652.98,6082,14690,2246,1813,2023
2311603,CE,202608,4896,12920,3286659,671.43,671.29,8663,21630,4501,1906,2256
2311702,CE,202608,3166,8438,2149723,679.86,679.0,5920,14801,2980,1079,1861
2311801,CE,202608,9544,22908,6274014,657.65,657.38,20548,46661,9120,4678,6750
2311900,CE,202608,2755,6912,1828783,663.81,663.81,5401,12058,2669,800,1932
2311959,CE,202608,3460,10124,2380662,688.25,688.05,6232,16469,3129,1268,1835
2312007,CE,202608,6159,15690,4143807,672.81,672.81,9811,23621,5995,1315,2501
2312106,CE,202608,3623,9705,2500640,690.21,690.21,6360,14953,3568,883,1909
2312205,CE,202608,8651,19528,5714729,660.89,660.59,15959,33630,8584,2250,5125
2312304,CE,202608,7156,21603,4961996,693.5,693.4,12310,34594,6617,2798,2895
2312403,CE,202608,8947,23436,5990298,670.51,669.53,15828,39765,8152,3429,4247
2312502,CE,202608,887,1936,582365,657.3,656.56,2363,4802,1012,292,1059
2312601,CE,202608,2481,6059,1635338,659.14,659.14,4321,9613,2411,700,1210
2312700,CE,202608,3769,9193,2513027,667.12,666.76,6495,15060,3577,1187,1731
2312809,CE,202608,1387,3796,948572,684.4,683.9,2458,6176,1297,527,634
2312908,CE,202608,23776,60231,15722480,661.36,661.28,46615,113896,21569,12165,12881
2313005,CE,202608,2384,5985,1599983,671.42,671.13,4646,10973,2378,884,1384
2313104,CE,202608,4861,11046,3206247,659.86,659.59,10997,22627,5027,1726,4244
2313203,CE,202608,4193,11488,2867027,683.77,683.77,7645,19339,3947,1442,2256
2313252,CE,202608,1330,3343,889979,669.16,669.16,2852,6456,1276,438,1138
2313302,CE,202608,7709,19805,5172667,671.43,670.99,15666,36324,7290,2830,5546
2313351,CE,202608,4139,10507,2821129,681.6,681.6,6239,14488,4001,899,1339
2313401,CE,202608,12263,37830,8411147,685.95,685.9,21896,61507,10859,5555,5482
2313500,CE,202608,13371,34375,9163226,685.41,685.31,19758,47036,12995,2718,4045
2313559,CE,202608,3672,9421,2475439,674.14,674.14,6217,14369,3537,920,1760
2313609,CE,202608,6308,17480,4290487,680.27,680.17,10599,27118,5789,1933,2877
2313708,CE,202608,1297,3237,848964,654.56,654.56,2271,5350,1199,404,668
2313757,CE,202608,3233,9070,2226788,689.62,688.77,5227,13431,2958,1022,1247
2313807,CE,202608,4704,11769,3206812,682.01,681.72,6752,15753,4442,1125,1185
2313906,CE,202608,2538,6721,1698453,670.53,669.21,4158,10539,2383,835,940
2313955,CE,202608,3154,8319,2157201,684.17,683.96,5627,13570,3087,1041,1499
2314003,CE,202608,7490,17936,4897123,654.0,653.82,13174,29966,7012,2282,3880
2314102,CE,202608,13248,35812,9066238,684.35,684.35,21153,51959,12721,3064,5368
2400109,RN,202608,1208,3027,787733,652.1,652.1,2670,6225,1136,664,870
2400208,RN,202608,8942,21753,5827623,652.08,651.71,18191,40889,8510,3620,6061
2400307,RN,202608,2866,5842,1888517,659.4,658.94,4790,8809,3139,421,1230
2400406,RN,202608,489,1300,327351,669.43,669.43,1022,2465,472,198,352
2400505,RN,202608,2194,5470,1457191,664.17,664.17,4266,9764,2151,706,1409
2400604,RN,202608,942,2297,621724,660.0,660.0,1702,3869,936,260,506
2400703,RN,202608,2198,5133,1451269,660.57,660.27,3947,9066,2069,624,1254
2400802,RN,202608,1712,4359,1134790,663.62,662.84,3556,8320,1652,601,1303
2400901,RN,202608,1774,3729,1152477,649.65,649.65,2844,5444,1755,272,817
2401008,RN,202608,6934,14967,4440764,640.43,640.43,13142,27068,6692,1945,4505
2401107,RN,202608,3116,8174,2011954,646.72,645.68,6782,16435,2706,1490,2586
2401206,RN,202608,2153,5869,1484929,689.7,689.7,3942,10146,2013,819,1110
2401305,RN,202608,2901,5357,1886412,650.49,650.26,4673,7925,3061,309,1303
2401404,RN,202608,1193,3305,814866,684.19,683.04,2351,6155,1113,469,769
2401453,RN,202608,5046,12674,3316073,658.08,657.17,9794,22665,4642,1956,3196
2401503,RN,202608,672,1563,441053,656.33,656.33,1289,2816,639,247,403
2401602,RN,202608,995,2592,680292,683.71,683.71,1804,4267,942,278,584
2401651,RN,202608,587,1557,403588,687.54,687.54,1092,2659,581,138,373
2401701,RN,202608,1732,4435,1171763,676.54,676.54,3213,7524,1748,588,877
2401800,RN,202608,1748,4783,1175763,672.63,672.63,3288,8483,1585,864,839
2401859,RN,202608,1215,3275,814299,670.76,670.2,1979,5020,1114,338,527
2401909,RN,202608,833,2021,565194,678.5,678.5,1341,3047,822,179,340
2402006,RN,202608,7127,16626,4661052,654.27,654.0,16686,35639,7041,3219,6426
2402105,RN,202608,2100,4838,1393932,663.78,663.78,3705,7748,2163,507,1035
2402204,RN,202608,5904,16057,4147450,704.03,702.48,9371,22749,6028,1254,2089
2402303,RN,202608,3597,8526,2337812,650.11,649.93,7141,15357,3452,1323,2366
2402402,RN,202608,721,1947,466936,647.62,647.62,2121,5409,640,611,870
2402501,RN,202608,1917,4607,1278718,667.04,667.04,3387,7490,1916,507,964
2402600,RN,202608,10101,29520,6909137,684.34,684.01,19162,50555,8832,5215,5115
2402709,RN,202608,1684,4554,1161220,689.56,689.56,2741,7065,1641,504,596
2402808,RN,202608,980,2515,659986,674.14,673.46,1836,4237,1008,289,539
2402907,RN,202608,708,1757,468381,661.56,661.56,1394,3319,673,270,451
2403004,RN,202608,1167,2917,773724,663.57,663.0,2495,5596,1148,493,854
2403103,RN,202608,4701,11795,3098152,659.04,659.04,10672,24985,4410,2502,3760
2403202,RN,202608,998,2702,664459,667.8,665.79,2126,5345,947,375,804
2403251,RN,202608,22065,56404,14674180,666.67,665.04,47730,108472,21820,10425,15485
2403301,RN,202608,968,2608,643289,664.55,664.55,2198,5293,925,453,820
2403400,RN,202608,1201,2613,783066,652.01,652.01,2298,4562,1267,312,719
2403509,RN,202608,1849,4252,1246252,675.11,674.01,3099,6362,2016,333,750
2403608,RN,202608,10503,27726,7174756,683.9,683.11,18415,45302,9980,3994,4441
2403707,RN,202608,1199,2742,772421,644.76,644.22,2634,5695,1155,474,1005
2403756,RN,202608,573,1346,369286,649.01,644.48,1132,2417,567,195,370
2403806,RN,202608,1404,3529,931544,663.49,663.49,2970,7062,1395,532,1043
2403905,RN,202608,395,961,252791,639.98,639.98,1126,2485,384,231,511
2404002,RN,202608,748,1801,492920,658.98,658.98,1495,3446,713,315,467
2404101,RN,202608,252,682,174223,691.36,691.36,685,1812,260,193,232
2404200,RN,202608,4258,12071,2989668,704.78,702.13,7252,19122,4083,1473,1696
2404309,RN,202608,2155,5065,1427048,662.51,662.2,4206,9098,2207,645,1354
2404408,RN,202608,2110,4590,1371610,650.36,650.05,3616,7188,2079,430,1107
2404507,RN,202608,2740,6716,1844739,673.51,673.26,5092,11772,2677,835,1580
2404606,RN,202608,2438,6284,1655101,678.88,678.88,3958,9316,2494,599,865
2404705,RN,202608,2100,5727,1403271,668.22,668.22,4390,11172,1891,898,1601
2404804,RN,202608,194,555,129884,669.51,669.51,613,1532,170,166,277
2404853,RN,202608,1160,3169,774289,667.49,667.49,2533,6248,1052,557,924
2404903,RN,202608,1290,2693,856219,663.74,663.74,2333,4523,1270,255,808
2405009,RN,202608,1602,4105,1073830,670.31,670.31,2729,6401,1575,393,761
2405108,RN,202608,1163,3025,803279,691.89,690.7,2226,5224,1280,317,629
2405207,RN,202608,1131,2496,740997,655.75,655.17,2187,4088,1091,214,882
2405306,RN,202608,1691,4491,1164658,689.55,688.74,2703,6544,1773,368,562
2405405,RN,202608,1573,3789,1071137,681.82,680.95,2715,5807,1706,253,756
2405504,RN,202608,641,1649,440794,687.67,687.67,964,2285,626,138,200
2405603,RN,202608,3044,7201,2024608,665.11,665.11,4799,10328,3078,638,1083
2405702,RN,202608,1051,2482,665382,633.09,633.09,3149,7286,1004,732,1413
2405801,RN,202608,6511,17243,4493221,690.2,690.1,10788,26127,6796,1521,2471
2405900,RN,202608,544,1140,349932,643.26,643.26,1086,2034,566,125,395
2406007,RN,202608,1020,2467,664341,651.95,651.31,2243,5023,954,403,886
2406106,RN,202608,2880,6975,1856704,646.71,644.69,5333,12328,2666,1066,1601
2406155,RN,202608,759,1880,514981,678.5,678.5,1489,3389,821,232,436
2406205,RN,202608,1383,3621,933265,675.3,674.81,2327,5671,1362,366,599
2406304,RN,202608,1668,4115,1126234,675.2,675.2,2995,6382,1922,394,679
2406403,RN,202608,485,1238,328703,677.74,677.74,952,2242,470,165,317
2406502,RN,202608,2486,7264,1696211,682.85,682.31,4720,12743,2301,1002,1417
2406601,RN,202608,2713,6018,1809549,667.24,666.99,4554,8946,2976,425,1153
2406700,RN,202608,1433,3789,950460,663.27,663.27,3058,7520,1324,620,1114
2406809,RN,202608,899,2374,597059,664.14,664.14,1674,4091,849,309,516
2406908,RN,202608,859,1865,556915,648.33,648.33,1583,3237,851,184,548
2407005,RN,202608,1437,3865,970578,675.89,675.42,2666,6668,1376,494,796
2407104,RN,202608,13573,31769,9023436,665.59,664.81,24742,53052,13313,4421,7008
2407203,RN,202608,3568,8536,2376121,666.7,665.95,6690,14724,3435,1046,2209
2407252,RN,202608,709,1810,478123,674.36,674.36,1405,3329,691,252,462
2407302,RN,202608,1442,3790,947723,657.23,657.23,2632,6375,1373,479,780
2407401,RN,202608,1408,3434,925359,657.22,657.22,2656,6100,1370,405,881
2407500,RN,202608,1687,4769,1133854,672.11,672.11,3035,7967,1536,687,812
2407609,RN,202608,994,2387,658839,662.82,662.82,2017,4047,970,237,810
2407708,RN,202608,2309,5943,1573494,681.46,681.46,3962,9126,2314,533,1115
2407807,RN,202608,3764,9500,2536077,674.67,673.77,6515,15314,3568,1139,1808
2407906,RN,202608,550,1438,371129,676.01,674.78,1013,2507,535,179,299
2408003,RN,202608,28151,65904,18193508,646.51,646.28,71090,146562,29211,15434,26445
2408102,RN,202608,75073,175121,49929078,665.3,665.07,144422,299141,79183,27595,37644
2408201,RN,202608,5112,13743,3401532,667.88,665.4,8916,22328,4666,1927,2323
2408300,RN,202608,6061,15736,4086593,674.24,674.24,10247,24423,5910,1663,2674
2408409,RN,202608,703,1598,446917,635.73,635.73,1512,3050,663,247,602
2408508,RN,202608,688,1738,464121,674.59,674.59,1683,3961,689,271,723
2408607,RN,202608,1205,2460,785881,652.18,652.18,2008,3912,1223,185,600
2408706,RN,202608,604,1478,397013,658.4,657.31,1317,2899,581,268,468
2408805,RN,202608,1041,2873,723740,695.24,695.24,1735,4523,1005,309,421
2408904,RN,202608,3312,7597,2187209,660.99,660.39,7410,15592,3502,1334,2574
2408953,RN,202608,2355,6647,1608102,683.43,682.85,3694,9558,2220,659,815
2409100,RN,202608,2180,5897,1443772,662.28,662.28,3827,9480,2022,739,1066
2409209,RN,202608,576,1471,387746,673.17,673.17,1241,2770,652,202,387
2409308,RN,202608,2070,4855,1368248,661.31,660.99,4306,8529,2154,665,1487
2409332,RN,202608,1104,2765,750328,679.64,679.64,1719,3938,1115,236,368
2409407,RN,202608,4259,9810,2811493,660.44,660.13,9240,19217,4405,1578,3257
2409506,RN,202608,747,2025,498459,667.28,667.28,1359,3526,689,262,408
2409605,RN,202608,534,1327,360705,675.48,675.48,911,2117,540,111,260
2409704,RN,202608,1137,2743,759579,668.06,668.06,1950,4332,1096,309,545
2409803,RN,202608,2941,7082,2005444,681.89,681.89,4823,10544,3195,559,1069
2409902,RN,202608,1976,4716,1307538,663.72,661.71,3716,8231,2013,668,1035
2410009,RN,202608,831,1815,541192,651.25,651.25,1399,2792,817,128,454
2410108,RN,202608,2331,5953,1576448,676.3,676.3,3740,9118,2228,632,880
2410207,RN,202608,1247,3100,824721,661.36,661.36,2470,5860,1173,455,842
2410256,RN,202608,1024,2727,687757,671.64,671.64,1737,4376,952,329,456
2410306,RN,202608,1887,5068,1301371,689.65,689.65,3473,8594,1887,520,1066
2410405,RN,202608,1708,5042,1198992,701.99,701.99,2920,7642,1621,516,783
2410504,RN,202608,922,2373,609767,661.35,661.35,1677,4009,871,307,499
2410603,RN,202608,539,1252,348765,647.06,647.06,1088,2419,525,198,365
2410702,RN,202608,563,1299,363942,646.43,646.43,1064,2233,541,163,360
2410801,RN,202608,635,1667,417130,656.9,656.9,1296,3175,600,274,422
2410900,RN,202608,1397,3584,935060,670.29,669.33,2656,6168,1351,449,856
2411007,RN,202608,743,1831,490754,661.39,660.5,1606,3595,728,300,578
2411056,RN,202608,856,2251,560291,655.31,654.55,1863,4442,837,434,592
2411106,RN,202608,505,1321,335209,663.78,663.78,960,2397,478,175,307
2411205,RN,202608,5784,14837,3903964,675.08,674.96,9913,23781,5418,1838,2657
2411403,RN,202608,1979,4960,1305526,660.02,659.69,3831,9105,1894,638,1299
2411429,RN,202608,332,875,219199,660.24,660.24,842,2090,311,173,358
2411502,RN,202608,3972,10034,2678061,674.4,674.23,7214,16339,4362,1069,1783
2411601,RN,202608,457,1249,309455,677.14,677.14,1285,3264,428,259,598
2411700,RN,202608,879,2104,586518,667.26,667.26,1558,3425,901,203,454
2411809,RN,202608,507,1257,334936,660.62,660.62,1149,2605,504,255,390
2411908,RN,202608,665,1589,430298,647.06,647.06,1442,3180,628,291,523
2412005,RN,202608,17107,41391,11335604,663.52,662.63,33133,72068,17077,6670,9386
2412104,RN,202608,882,2107,580659,659.09,658.34,2055,4415,864,362,829
2412203,RN,202608,7370,19256,5008264,680.38,679.55,12659,31040,6801,2768,3090
2412302,RN,202608,2294,5482,1547262,674.48,674.48,3668,8049,2336,383,949
2412401,RN,202608,455,1254,304698,669.67,669.67,1607,3926,402,413,792
2412500,RN,202608,4678,11261,3143809,672.18,672.04,8496,18596,4736,1208,2552
2412559,RN,202608,1887,5205,1271783,674.33,673.97,3557,9263,1736,783,1038
2412609,RN,202608,2933,7173,1959459,669.21,668.07,5197,12178,2920,954,1323
2412708,RN,202608,1020,2716,690850,677.3,677.3,1941,4687,1034,340,567
2412807,RN,202608,2153,4279,1385079,643.33,643.33,3468,6387,2173,351,944
2412906,RN,202608,1860,4447,1226779,659.56,659.56,3575,7736,1797,540,1238
2413003,RN,202608,963,2331,638377,662.9,662.9,1763,4121,934,374,455
2413102,RN,202608,1687,3884,1144226,678.66,678.26,2279,4801,1775,157,347
2413201,RN,202608,563,1614,380185,675.28,675.28,1109,2964,519,253,337
2413300,RN,202608,1296,3230,875217,676.37,675.32,1911,4328,1262,220,429
2413359,RN,202608,2828,7422,1892345,670.57,669.15,4866,11891,2658,890,1318
2413409,RN,202608,967,2328,628958,653.12,650.42,2129,4605,967,394,768
2413508,RN,202608,1444,3622,967816,670.23,670.23,2413,5620,1425,393,595
2413557,RN,202608,1001,2312,657105,657.11,656.45,1880,4023,1019,235,626
2413607,RN,202608,1237,2923,803719,650.26,649.73,2479,5547,1203,370,906
2413706,RN,202608,919,2232,614835,669.03,669.03,1756,3951,956,251,549
2413805,RN,202608,553,1228,362949,656.33,656.33,1039,2102,543,131,365
2413904,RN,202608,2039,5369,1390969,682.18,682.18,3180,7831,1996,493,691
2414001,RN,202608,2732,6779,1838231,672.85,672.85,4336,10122,2676,673,987
2414100,RN,202608,1779,4825,1186295,667.21,666.83,3218,8148,1704,542,972
2414159,RN,202608,1149,3159,772430,672.26,672.26,2165,5459,1084,420,661
2414209,RN,202608,2378,6632,1645837,693.86,692.11,4232,10641,2325,968,939
2414308,RN,202608,335,782,215222,642.45,642.45,686,1582,320,128,238
2414407,RN,202608,6671,18453,4535354,680.17,679.86,9909,26134,6316,1839,1754
2414456,RN,202608,1032,2305,687828,667.15,666.5,1558,3226,1029,170,359
2414506,RN,202608,2151,4608,1394511,648.31,648.31,3930,7725,2152,507,1271
2414605,RN,202608,2269,5553,1487176,655.72,655.43,4722,11146,2183,798,1741
2414704,RN,202608,1001,2593,681223,680.54,680.54,1757,3873,1025,219,513
2414753,RN,202608,684,1729,459954,674.42,672.45,1351,3180,669,221,461
2414803,RN,202608,2226,6285,1527395,686.47,686.16,4082,10642,2129,816,1137
2414902,RN,202608,446,963,288940,647.85,647.85,929,1836,428,126,375
2415008,RN,202608,574,1571,398500,694.25,694.25,943,2353,552,194,197
2500106,PB,202608,1837,4698,1256556,684.03,684.03,3382,8084,1835,473,1074
2500205,PB,202608,887,2226,584290,658.73,658.73,1914,4434,861,274,779
2500304,PB,202608,5135,13386,3482268,678.14,678.14,8816,20855,4948,1471,2397
2500403,PB,202608,3166,8548,2224658,702.67,702.67,6216,15391,3171,1359,1686
2500502,PB,202608,3257,7958,2243275,688.97,688.75,4805,10639,3221,497,1087
2500536,PB,202608,979,2606,668810,689.49,683.16,1633,4082,964,281,388
2500577,PB,202608,701,1916,483242,689.36,689.36,1043,2577,683,136,224
2500601,PB,202608,3760,9771,2593361,689.91,689.72,7418,17222,3878,1365,2175
2500700,PB,202608,2877,7187,1897967,659.7,659.7,5249,12190,2809,900,1540
2500734,PB,202608,532,1335,355159,667.59,667.59,1003,2251,527,115,361
2500775,PB,202608,1916,4346,1280122,668.12,668.12,3553,7018,1989,332,1232
2500809,PB,202608,4312,9898,2881477,668.25,668.25,6535,13474,4312,649,1574
2500908,PB,202608,2671,5670,1776822,665.23,665.23,3941,7831,2709,375,857
2501005,PB,202608,2971,7968,2044620,688.19,688.19,4753,12022,2880,776,1097
2501104,PB,202608,3808,9908,2597801,682.2,682.2,6117,14945,3675,1083,1359
2501153,PB,202608,469,1113,316895,675.68,675.68,844,1778,455,99,290
2501203,PB,202608,1573,4162,1061531,675.27,674.84,2457,6103,1471,414,572
2501302,PB,202608,4242,10322,2881544,680.09,679.29,6956,15105,4321,884,1751
2501351,PB,202608,1087,2743,739512,682.21,680.32,1616,3827,1050,223,343
2501401,PB,202608,1990,5689,1421093,715.2,714.12,3240,8199,1855,536,849
2501500,PB,202608,3587,9990,2451869,683.73,683.54,5887,15502,3370,1112,1405
2501534,PB,202608,923,2449,614166,665.4,665.4,1713,4144,890,300,523
2501575,PB,202608,1686,4135,1137833,675.27,674.87,2660,6102,1671,352,637
2501609,PB,202608,2669,6378,1781578,667.51,667.51,4348,9692,2646,515,1187
2501708,PB,202608,1269,3356,861735,679.6,679.07,2048,5064,1241,310,497
2501807,PB,202608,13544,29603,8844005,653.03,652.98,28165,56214,14656,5233,8276
2501906,PB,202608,2970,7193,1984497,668.18,668.18,5109,11591,2910,901,1298
2502003,PB,202608,1716,3913,1132079,659.72,659.72,2714,5473,1730,231,753
2502052,PB,202608,629,1830,434556,691.97,690.87,1090,2910,595,167,328
2502102,PB,202608,1072,2903,738394,688.8,688.8,1708,4224,1023,256,429
2502151,PB,202608,796,2167,534797,672.7,671.86,1908,4636,742,461,705
2502201,PB,202608,504,1248,342513,679.59,679.59,969,2167,503,125,341
2502300,PB,202608,917,2076,601584,656.03,656.03,1827,3658,910,212,705
2502409,PB,202608,2330,5702,1563931,671.22,671.22,3727,8182,2235,516,976
2502508,PB,202608,3848,9896,2629083,683.41,683.23,6133,13887,3800,902,1431
2502607,PB,202608,1005,2805,690265,686.83,686.83,1963,4918,980,396,587
2502706,PB,202608,806,2399,570090,707.31,707.31,1405,3800,762,335,308
2502805,PB,202608,2730,6969,1828982,669.96,669.96,4623,10491,2747,819,1057
2502904,PB,202608,1591,3253,1055688,665.63,663.54,2682,5036,1707,277,698
2503001,PB,202608,3708,9550,2584000,697.44,696.87,6828,15342,3927,1035,1866
2503100,PB,202608,876,2377,593989,678.84,678.07,1892,4580,856,311,725
2503209,PB,202608,8396,18561,5633953,671.19,671.03,17168,32820,10345,2280,4543
2503308,PB,202608,1859,4568,1253492,674.28,674.28,3339,7239,1885,376,1078
2503407,PB,202608,1002,2260,664704,664.04,663.38,1570,3218,1017,143,410
2503506,PB,202608,2765,7990,1922298,695.48,695.23,4732,12496,2650,763,1319
2503555,PB,202608,2034,5034,1439773,707.85,707.85,2960,6552,2151,226,583
2503605,PB,202608,1334,3275,905003,678.41,678.41,2073,4798,1294,325,454
2503704,PB,202608,13075,27753,8598242,657.86,657.61,21801,41864,13891,2497,5413
2503753,PB,202608,783,2012,527122,673.21,673.21,1404,2966,812,157,435
2503803,PB,202608,1409,3271,953354,676.62,676.62,2289,4709,1417,272,600
2503902,PB,202608,1514,3457,1011272,667.95,667.95,2664,5540,1603,302,759
2504009,PB,202608,35624,92380,23689686,665.12,664.99,98168,214944,34432,25267,38469
2504033,PB,202608,1849,4434,1282252,693.48,693.48,2967,6290,1831,427,709
2504074,PB,202608,924,2250,619542,671.23,670.5,2056,3978,1090,273,693
2504108,PB,202608,460,1161,298991,649.98,649.98,806,1974,433,135,238
2504157,PB,202608,1562,3912,1055840,676.39,675.95,2325,5420,1547,296,482
2504207,PB,202608,1104,2416,735246,665.98,665.98,1693,3389,1118,166,409
2504306,PB,202608,5146,11286,3352499,651.48,651.48,9684,19270,5049,1487,3148
2504355,PB,202608,1095,2948,732690,669.73,669.12,2147,5205,1013,402,732
2504405,PB,202608,3705,9432,2487121,671.29,671.29,5725,13264,3589,718,1418
2504504,PB,202608,1210,3157,819614,677.93,677.37,2099,4847,1191,312,596
2504603,PB,202608,5318,14179,3643897,685.46,685.2,10050,24274,4998,2101,2951
2504702,PB,202608,1255,2887,834652,665.59,665.06,2449,4826,1445,264,740
2504801,PB,202608,3305,8185,2216015,670.5,670.5,5474,11882,3281,753,1440
2504850,PB,202608,369,882,240410,651.52,651.52,798,1659,397,111,290
2504900,PB,202608,3709,8581,2527810,681.53,681.53,6174,12793,3795,787,1592
2505006,PB,202608,1621,4107,1093352,675.33,674.49,2733,6294,1563,442,728
2505105,PB,202608,3761,9305,2492542,662.91,662.73,6378,14213,3765,953,1660
2505204,PB,202608,1308,3440,893105,682.8,682.8,2226,5352,1230,394,602
2505238,PB,202608,1441,3514,982386,681.74,681.74,2243,5102,1415,303,525
2505279,PB,202608,1596,3826,1091756,684.06,684.06,2216,4793,1593,196,427
2505303,PB,202608,483,1121,321074,664.75,664.75,784,1765,472,104,208
2505352,PB,202608,1239,3067,831247,672.53,670.9,1906,4388,1204,226,476
2505402,PB,202608,2213,4941,1499951,677.79,677.79,3314,6587,2334,290,690
2505501,PB,202608,574,1662,387076,674.35,674.35,1116,3029,545,233,338
2505600,PB,202608,1315,3185,874592,665.6,665.09,2280,5042,1256,359,665
2505709,PB,202608,2142,5822,1473558,687.94,687.94,3448,8757,2077,566,805
2505808,PB,202608,657,1721,442255,673.14,673.14,998,2510,621,187,190
2505907,PB,202608,784,1855,521826,665.59,665.59,1176,2647,765,154,257
2506004,PB,202608,5069,13342,3411593,673.3,673.03,9041,22118,4689,1758,2594
2506103,PB,202608,1993,5668,1358500,681.98,681.64,3251,8615,1807,641,803
2506202,PB,202608,634,1406,412849,652.21,651.18,1113,2312,662,126,325
2506251,PB,202608,1960,5285,1362640,695.58,695.22,2900,7285,1869,385,646
2506301,PB,202608,8812,20911,5902906,670.94,669.87,15772,34249,8658,2568,4546
2506400,PB,202608,2652,6654,1783990,672.7,672.7,4442,10419,2526,800,1116
2506509,PB,202608,672,1671,449761,669.29,669.29,1273,2724,663,184,426
2506608,PB,202608,1072,2494,709667,662.62,662.0,1936,4208,1020,261,655
2506707,PB,202608,2252,5261,1515028,672.75,672.75,3384,7657,2209,399,776
2506806,PB,202608,4735,10047,3127229,660.45,660.45,7317,13959,4838,811,1668
2506905,PB,202608,4867,10645,3195651,656.87,656.6,8075,16139,4726,1028,2321
2507002,PB,202608,3606,9062,2406502,667.73,667.36,6234,14857,3373,1165,1696
2507101,PB,202608,3274,9134,2262381,691.01,691.01,5460,13889,3033,1100,1327
2507200,PB,202608,2133,5466,1470675,689.81,689.49,3548,8387,2049,526,973
2507309,PB,202608,3533,8644,2407556,681.64,681.45,5461,11990,3565,548,1348
2507408,PB,202608,1423,3346,945804,664.65,664.65,2616,5479,1401,382,833
2507507,PB,202608,81939,206424,55090946,672.72,672.34,165077,369441,84198,32584,48295
2507606,PB,202608,2619,4942,1776218,678.2,678.2,3888,6865,2879,249,760
2507705,PB,202608,3088,8589,2172840,704.78,703.64,4953,12933,2945,922,1086
2507804,PB,202608,1292,3362,873509,676.09,676.09,2211,5285,1276,341,594
2507903,PB,202608,2022,4991,1341190,663.3,663.3,3307,7650,1916,595,796
2508000,PB,202608,1707,4423,1147274,672.1,672.1,2797,6725,1668,371,758
2508109,PB,202608,1030,2289,679882,660.08,660.08,1844,3715,1016,194,634
2508208,PB,202608,1731,4486,1191895,688.56,688.56,2525,5903,1676,330,519
2508307,PB,202608,4492,11659,3031109,674.78,674.78,8044,19975,4175,1606,2263
2508406,PB,202608,580,1649,393131,677.81,677.81,991,2688,548,200,243
2508505,PB,202608,1367,3541,935582,684.41,684.41,2218,5453,1356,304,558
2508554,PB,202608,1046,2650,715300,683.84,683.84,1606,3707,1069,197,340
2508604,PB,202608,2207,6081,1499703,683.24,679.52,4454,11460,2036,998,1420
2508703,PB,202608,680,1564,453714,667.23,667.23,1343,2829,684,153,506
2508802,PB,202608,1020,2686,690245,678.04,676.71,1732,4194,980,301,451
2508901,PB,202608,7247,17991,4904384,677.31,676.75,13698,30285,7528,2364,3806
2509008,PB,202608,2401,5788,1611093,671.01,671.01,3988,8967,2323,525,1140
2509057,PB,202608,2186,5919,1540539,704.73,704.73,3218,7840,2076,480,662
2509107,PB,202608,6212,13055,4130784,664.97,664.97,8694,16818,6200,699,1795
2509156,PB,202608,1581,3692,1044744,660.81,660.81,4778,7706,1592,394,2792
2509206,PB,202608,2654,6551,1787491,673.51,673.51,4697,10339,2745,811,1141
2509305,PB,202608,1780,4855,1258866,707.63,707.23,2902,7036,1691,465,746
2509339,PB,202608,824,2302,566351,687.32,687.32,1461,3852,768,296,397
2509370,PB,202608,500,1292,330141,662.93,660.28,945,2246,472,194,279
2509396,PB,202608,1627,3839,1115226,685.45,685.45,2570,5603,1646,275,649
2509404,PB,202608,3092,7729,2097621,678.84,678.4,4935,11210,2927,683,1325
2509503,PB,202608,1177,3054,788376,669.82,669.82,2112,4917,1109,397,606
2509602,PB,202608,956,2454,646040,675.77,675.77,1541,3690,933,233,375
2509701,PB,202608,6639,15678,4431376,667.48,667.48,12573,26883,6581,1847,4145
2509800,PB,202608,1868,4773,1295095,694.05,693.31,2715,6606,1804,338,573
2509909,PB,202608,1410,3979,968696,687.02,687.02,2531,6611,1323,513,695
2510006,PB,202608,1472,3881,986096,670.36,669.9,2441,5960,1386,363,692
2510105,PB,202608,1904,4946,1266272,666.11,665.06,3026,7299,1771,510,745
2510204,PB,202608,1286,3117,877424,682.29,682.29,2036,4581,1294,237,505
2510303,PB,202608,706,1742,469651,666.17,665.23,1395,3146,719,228,448
2510402,PB,202608,1294,3367,886773,685.83,685.3,1990,4831,1292,239,459
2510501,PB,202608,600,1604,397295,662.16,662.16,1228,3097,567,231,430
2510600,PB,202608,528,1324,350460,663.75,663.75,1295,2784,524,241,530
2510659,PB,202608,245,675,166992,681.6,681.6,637,1517,254,94,289
2510709,PB,202608,556,1306,375030,674.51,674.51,1031,2154,584,129,318
2510808,PB,202608,13914,33611,9305086,669.24,668.76,26546,58670,13256,5235,8055
2510907,PB,202608,2334,5967,1526357,653.97,653.97,3719,8822,2170,600,949
2511004,PB,202608,556,1598,374736,673.99,673.99,1065,2955,505,229,331
2511103,PB,202608,1289,3077,858515,666.55,666.03,2395,5309,1299,293,803
2511202,PB,202608,5235,13807,3495036,667.63,667.63,9723,23082,5016,1933,2774
2511301,PB,202608,3838,7229,2487328,648.08,648.08,5836,10251,4076,510,1250
2511400,PB,202608,3069,8033,2061728,672.01,671.79,5272,12769,2934,993,1345
2511509,PB,202608,2351,5899,1603547,682.65,682.07,3679,8749,2208,645,826
2511608,PB,202608,1715,4779,1197931,698.5,698.5,2627,6603,1683,404,540
2511707,PB,202608,1500,3608,1039085,692.72,692.72,2254,4713,1551,183,520
2511806,PB,202608,1801,4651,1235634,686.46,686.08,3414,7756,1744,650,1020
2511905,PB,202608,3522,8404,2357346,670.27,669.32,6279,13361,3775,981,1523
2512002,PB,202608,3899,9905,2720018,697.62,697.62,6241,13917,3924,796,1521
2512036,PB,202608,725,1977,490154,676.07,676.07,1420,3673,694,259,467
2512077,PB,202608,715,1787,478386,669.07,669.07,1474,3339,702,188,584
2512101,PB,202608,4954,12549,3287284,663.7,663.56,10009,22418,4791,1675,3543
2512200,PB,202608,768,1959,516152,672.07,672.07,1588,3485,769,242,577
2512309,PB,202608,3701,9339,2477075,670.39,669.3,6358,15102,3514,1044,1800
2512408,PB,202608,2259,6400,1551596,686.85,686.85,4161,11151,2022,857,1282
2512507,PB,202608,7785,20076,5236289,672.96,672.61,14433,34712,7062,3043,4328
2512606,PB,202608,397,916,264972,667.44,667.44,666,1484,397,94,175
2512705,PB,202608,4034,10191,2765382,685.86,685.52,6105,14179,4098,681,1326
2512721,PB,202608,1294,3129,887027,685.49,685.49,1790,4024,1284,198,308
2512747,PB,202608,556,1481,372122,669.28,669.28,1037,2556,522,181,334
2512754,PB,202608,1100,2709,740955,673.6,673.6,1860,4153,1051,248,561
2512762,PB,202608,997,2620,668989,671.68,671.0,1713,4143,935,307,471
2512788,PB,202608,461,1183,312031,679.81,676.86,885,2044,466,135,284
2512804,PB,202608,2003,4643,1303167,650.93,650.61,3273,6915,2031,488,754
2512903,PB,202608,4138,10188,2804405,677.88,677.72,7324,16386,3951,1235,2138
2513000,PB,202608,594,1606,406361,684.11,684.11,811,2127,572,125,114
2513109,PB,202608,2001,5263,1368954,684.13,684.13,3359,8314,1915,592,852
2513158,PB,202608,1623,4339,1118909,689.41,689.41,2541,6399,1617,378,546
2513208,PB,202608,939,2414,621598,663.39,661.98,1901,4473,932,297,672
2513307,PB,202608,1344,3230,876670,652.28,652.28,2474,5218,1372,287,815
2513356,PB,202608,909,2230,619730,681.77,681.77,1268,2899,902,113,253
2513406,PB,202608,2429,5872,1619539,666.75,666.75,4477,9967,2321,734,1422
2513505,PB,202608,947,2397,643202,679.2,679.2,1481,3509,935,215,331
2513604,PB,202608,1143,2964,764870,669.18,669.18,2220,5147,1094,337,789
2513653,PB,202608,476,1183,317548,667.12,667.12,1008,2319,463,122,423
2513703,PB,202608,17035,44761,11627752,682.62,682.58,38326,85739,18587,8051,11688
2513802,PB,202608,1006,2313,673436,669.42,669.42,1691,3593,1007,197,487
2513851,PB,202608,478,1157,315662,660.38,660.38,1018,2259,488,172,358
2513901,PB,202608,5835,14458,3903811,669.38,669.03,9598,21970,5676,1702,2220
2513927,PB,202608,795,2040,536174,674.43,674.43,1447,3300,768,230,449
2513943,PB,202608,448,1211,300419,670.58,670.58,921,2280,447,180,294
2513968,PB,202608,488,1208,312690,640.76,640.76,886,2102,440,158,288
2513984,PB,202608,522,1415,341310,655.11,653.85,1231,3040,489,177,565
2514008,PB,202608,805,1851,536054,665.91,665.91,1807,3529,899,218,690
2514107,PB,202608,885,2125,601874,680.08,680.08,1784,3728,988,217,579
2514206,PB,202608,1635,4000,1086780,665.1,664.7,2803,5946,1634,327,842
2514305,PB,202608,1259,3386,860641,683.59,683.59,1938,4763,1236,230,472
2514404,PB,202608,730,1869,491968,673.93,673.93,1346,3128,708,215,423
2514453,PB,202608,1117,2963,755628,676.48,676.48,1817,4517,1042,330,445
2514503,PB,202608,3705,9352,2443478,659.69,659.51,5890,13851,3468,823,1599
2514552,PB,202608,679,1870,462977,681.85,681.85,1048,2691,658,139,251
2514602,PB,202608,681,1792,454106,666.82,666.82,1344,3183,621,223,500
2514651,PB,202608,280,724,186367,665.6,665.6,573,1408,264,125,184
2514701,PB,202608,637,1719,422291,662.94,662.94,1454,3638,620,283,551
2514800,PB,202608,688,1672,459921,668.49,668.49,1433,3170,685,207,541
2514909,PB,202608,1276,3209,867495,679.86,679.86,2291,5149,1311,323,657
2515005,PB,202608,1613,3915,1084272,672.21,672.21,2505,5692,1557,344,604
2515104,PB,202608,1592,4489,1071670,673.16,673.16,3174,8566,1445,727,1002
2515203,PB,202608,560,1497,376562,672.43,672.43,1257,2984,546,226,485
2515302,PB,202608,11014,25662,7350790,667.77,667.4,17987,37746,10658,2616,4713
2515401,PB,202608,2264,6157,1556007,687.28,687.28,3862,9500,2246,553,1063
2515500,PB,202608,2858,6143,1879797,657.96,657.73,5336,10061,3045,550,1741
2515609,PB,202608,433,1199,300890,696.5,694.9,727,1930,412,149,166
2515708,PB,202608,609,1587,403317,662.26,662.26,1101,2708,577,191,333
2515807,PB,202608,1602,3412,1075562,671.39,671.39,2892,5600,1763,313,816
2515906,PB,202608,1051,2474,714586,679.91,679.91,1759,3745,1035,210,514
2515930,PB,202608,779,2121,535546,687.48,687.48,1273,3311,747,261,265
2515971,PB,202608,2072,4904,1385323,669.24,668.59,3003,6539,1984,385,634
2516003,PB,202608,5009,12918,3390623,677.04,676.91,7905,18892,4762,1307,1836
2516102,PB,202608,2445,6264,1664124,681.46,680.62,4623,10884,2337,814,1472
2516151,PB,202608,884,2180,608257,688.07,688.07,1521,3402,884,200,437
2516201,PB,202608,12774,30015,8486242,664.55,664.34,21938,45877,12372,3178,6388
2516300,PB,202608,3430,7406,2241136,653.39,653.39,6296,12601,3576,877,1843
2516409,PB,202608,1773,4213,1201147,677.47,677.47,2680,5933,1793,321,566
2516508,PB,202608,3045,7531,2071777,680.61,680.39,5185,11637,3022,632,1531
2516607,PB,202608,2881,7457,1960730,680.57,680.57,4885,11553,2860,633,1392
2516706,PB,202608,3776,8936,2576064,682.58,682.22,5411,11862,3729,518,1164
2516755,PB,202608,733,1730,493471,673.22,673.22,1224,2537,788,107,329
2516805,PB,202608,1761,4452,1173384,666.32,666.32,2829,6613,1665,394,770
2516904,PB,202608,2341,6058,1578147,674.42,674.13,4510,10336,2283,653,1574
2517001,PB,202608,1800,4572,1222498,679.17,679.17,3109,7111,1737,464,908
2517100,PB,202608,385,942,256449,666.1,666.1,904,2026,406,145,353
2517209,PB,202608,811,2191,539998,665.84,665.84,1561,3844,769,259,533
2517407,PB,202608,470,1201,314312,668.75,668.75,1010,2227,467,160,383
2600054,PE,202608,17085,39340,11331448,663.94,663.24,31865,65997,17005,4991,9869
2600104,PE,202608,6219,15707,4192074,674.73,674.08,13000,29490,6020,2970,4010
2600203,PE,202608,3910,9083,2588304,662.31,661.97,7188,14968,3763,1052,2373
2600302,PE,202608,6111,12855,4092442,669.79,669.68,10478,19649,6535,1066,2877
2600401,PE,202608,5574,12735,3747847,672.38,672.38,9231,18835,5488,1165,2578
2600500,PE,202608,11558,28066,8037736,695.61,695.43,15720,34904,11594,1582,2544
2600609,PE,202608,2938,7065,2006914,684.49,683.09,4902,10671,2967,605,1330
2600708,PE,202608,7532,17211,5062023,672.34,672.07,12422,26479,7532,1986,2904
2600807,PE,202608,4849,10146,3210898,662.18,662.18,7853,15045,5083,959,1811
2600906,PE,202608,4372,10163,2954363,675.75,675.75,6909,14492,4276,918,1715
2601003,PE,202608,2611,6008,1776472,680.38,680.38,3714,8037,2590,403,721
2601052,PE,202608,4023,9785,2774984,690.81,689.78,6268,13994,3939,939,1390
2601102,PE,202608,16411,45237,11317428,690.17,689.62,26523,67050,15329,4638,6556
2601201,PE,202608,11745,28640,7958302,678.69,677.59,20641,44643,11900,3395,5346
2601300,PE,202608,2084,5322,1391752,667.83,667.83,3501,8311,2000,659,842
2601409,PE,202608,8236,18958,5476715,665.3,664.97,13505,28764,7697,2214,3594
2601508,PE,202608,2529,5535,1664429,659.7,658.14,3920,7844,2446,525,949
2601607,PE,202608,5442,11687,3661374,675.28,672.8,8766,16397,6062,631,2073
2601706,PE,202608,13667,32391,9167667,670.94,670.79,23119,50815,13290,4032,5797
2601805,PE,202608,2696,6341,1789150,664.37,663.63,4478,9606,2600,648,1230
2601904,PE,202608,13276,25264,8672962,653.63,653.28,23691,41290,15009,2475,6207
2602001,PE,202608,7566,19719,5138196,679.39,679.12,11548,27415,7373,1509,2666
2602100,PE,202608,8765,22924,6019197,686.73,686.73,13782,33158,8411,2108,3263
2602209,PE,202608,8884,18582,5902891,664.52,664.44,13628,25984,9127,1378,3123
2602308,PE,202608,9140,19608,6124249,670.27,670.05,15712,29585,9681,1950,4081
2602407,PE,202608,2291,5765,1582373,690.69,690.69,3590,8460,2285,489,816
2602506,PE,202608,1688,3997,1134900,672.33,672.33,3034,6488,1777,398,859
2602605,PE,202608,10661,27532,7330078,688.21,687.56,17609,40331,10511,2975,4123
2602704,PE,202608,3436,7505,2300002,669.77,669.38,5361,10600,3430,615,1316
2602803,PE,202608,11063,28063,7660191,693.98,692.42,17106,38899,11248,2043,3815
2602902,PE,202608,30550,74132,20292945,664.45,664.25,58428,127300,30106,10705,17617
2603009,PE,202608,8545,18446,5695573,666.69,666.54,14328,28274,9126,1670,3532
2603108,PE,202608,4827,10935,3233823,669.94,669.94,7784,15844,5031,951,1802
2603207,PE,202608,5545,15523,3918584,707.2,706.69,8795,22624,5391,1216,2188
2603306,PE,202608,1893,5138,1308357,691.52,691.16,2886,7422,1855,376,655
2603405,PE,202608,1499,3626,1018404,680.75,679.39,2493,5614,1539,357,597
2603454,PE,202608,20888,49171,13796356,660.78,660.49,39713,85394,20640,7390,11683
2603504,PE,202608,4586,9162,3028964,660.48,660.48,8001,13877,5301,679,2021
2603603,PE,202608,1529,3846,1044209,682.94,682.94,2663,6133,1344,552,767
2603702,PE,202608,4626,11066,3175323,686.56,686.41,7478,16657,4574,881,2023
2603801,PE,202608,3945,10508,2744652,695.73,695.73,6480,15779,3861,876,1743
2603900,PE,202608,2957,7985,1962731,664.66,663.76,6149,15144,2727,1135,2287
2603926,PE,202608,3651,9574,2548465,698.02,698.02,5318,12676,3475,747,1096
2604007,PE,202608,15198,31639,9966998,655.94,655.81,26419,50308,15688,3520,7211
2604106,PE,202608,50211,125911,34009399,678.26,677.33,110712,232471,51553,24020,35139
2604155,PE,202608,3520,8193,2363023,671.5,671.31,5956,12163,3475,722,1759
2604205,PE,202608,8518,17350,5634934,662.39,661.53,12385,23482,8426,1336,2623
2604304,PE,202608,1945,5567,1329198,683.39,683.39,3484,9164,1825,697,962
2604403,PE,202608,3134,7106,2111542,673.75,673.75,4997,10046,3174,563,1260
2604502,PE,202608,4670,11294,3156647,676.38,675.94,7090,15706,4614,916,1560
2604601,PE,202608,4026,10064,2734187,679.64,679.13,7608,17647,3858,1445,2305
2604700,PE,202608,3553,8666,2415442,680.41,679.83,5067,11199,3526,480,1061
2604809,PE,202608,2319,5809,1575920,679.57,679.57,3863,8971,2218,645,1000
2604908,PE,202608,4081,8351,2657390,651.64,651.16,6751,12682,4089,729,1933
2605004,PE,202608,4422,10374,2970551,671.77,671.77,7715,16998,4301,1406,2008
2605103,PE,202608,8675,18262,5717983,659.36,659.13,14201,27178,8736,1569,3896
2605152,PE,202608,2677,6668,1776915,664.27,663.77,5561,12878,2558,1067,1936
2605202,PE,202608,10544,24365,6970105,661.8,661.05,18042,37789,10339,2765,4938
2605301,PE,202608,7932,19623,5384620,678.93,678.85,12359,27811,7785,1515,3059
2605400,PE,202608,6131,12170,4055971,661.55,661.55,9143,16508,6530,755,1858
2605459,PE,202608,70,196,48092,687.03,687.03,232,562,76,61,95
2605509,PE,202608,2092,5392,1421491,679.49,679.49,3819,9081,1993,662,1164
2605608,PE,202608,3840,9435,2581928,672.38,672.38,6601,15044,3715,1040,1846
2605707,PE,202608,6827,15433,4586491,672.31,671.82,10782,22154,6876,1470,2436
2605806,PE,202608,4031,8429,2647351,657.07,656.75,6018,11543,4285,598,1135
2605905,PE,202608,4695,10559,3147038,670.44,670.3,7136,14319,4533,860,1743
2606002,PE,202608,23368,56523,15654845,671.02,669.93,43661,94727,23401,6983,13277
2606101,PE,202608,6406,15474,4234127,660.96,660.96,10437,22587,5923,1599,2915
2606200,PE,202608,15104,34124,9953334,659.47,658.99,27737,56174,15386,4384,7967
2606309,PE,202608,1756,4394,1183339,673.88,673.88,2900,6591,1728,397,775
2606408,PE,202608,17560,37505,11597757,660.65,660.46,29530,57329,18263,3980,7287
2606507,PE,202608,4218,10947,2943840,698.25,697.92,6227,15043,4145,774,1308
2606606,PE,202608,5797,13225,3916376,677.81,675.59,9509,19372,5934,1031,2544
2606705,PE,202608,1465,3441,988120,674.95,674.48,2716,5881,1466,380,870
2606804,PE,202608,19860,47210,13278406,668.8,668.6,37484,80968,19351,6741,11392
2606903,PE,202608,2339,5499,1559887,667.76,666.9,4127,8902,2324,519,1284
2607000,PE,202608,7854,15538,5292075,673.81,673.81,9795,18370,7920,567,1308
2607109,PE,202608,914,2252,623527,682.2,682.2,1696,3851,889,197,610
2607208,PE,202608,20807,49639,13941654,671.73,670.05,38879,78937,20956,5951,11972
2607307,PE,202608,7001,18615,4935801,705.32,705.01,10111,25048,6815,1274,2022
2607406,PE,202608,1017,2456,675993,664.69,664.69,1862,4026,940,308,614
2607505,PE,202608,6235,15374,4265801,684.5,684.17,9219,20426,6126,981,2112
2607604,PE,202608,5046,10656,3320102,658.1,657.97,8031,15517,5098,1012,1921
2607653,PE,202608,6470,16314,4408789,682.37,681.42,11071,25488,6167,2014,2890
2607703,PE,202608,2824,6675,1907579,675.73,675.49,5095,10698,3003,591,1501
2607752,PE,202608,5102,11461,3439575,674.16,674.16,8711,18186,5259,1257,2195
2607802,PE,202608,2420,6160,1647743,682.86,680.89,4507,10972,2259,885,1363
2607901,PE,202608,84449,201235,56237417,666.64,665.93,180525,359771,91194,32029,57302
2607950,PE,202608,2631,5785,1762778,670.0,670.0,3998,7964,2541,496,961
2608008,PE,202608,4482,9036,2959482,660.45,660.3,7950,14298,5233,791,1926
2608057,PE,202608,2952,6623,1999156,677.91,677.22,4674,10055,2851,594,1229
2608107,PE,202608,4913,11506,3257790,663.5,663.1,8068,17882,4905,1363,1800
2608206,PE,202608,3937,8209,2648148,672.63,672.63,5982,11114,4043,508,1431
2608255,PE,202608,2258,6091,1549158,686.38,686.08,3601,9169,2176,643,782
2608305,PE,202608,3152,8724,2187818,694.32,694.1,5192,13315,3037,863,1292
2608404,PE,202608,3751,8460,2553295,680.7,680.7,5416,11419,3794,470,1152
2608453,PE,202608,3516,8283,2320682,660.6,660.03,6032,13128,3393,1009,1630
2608503,PE,202608,3642,8696,2468699,677.84,677.84,6535,14179,3619,988,1928
2608602,PE,202608,2576,6712,1745693,678.99,677.68,4275,10560,2481,665,1129
2608701,PE,202608,3474,7427,2305995,663.79,663.79,5401,10264,3624,570,1207
2608750,PE,202608,5193,12243,3526288,682.2,679.05,9946,20554,5362,1594,2990
2608800,PE,202608,8415,21051,5756815,684.6,684.11,13690,31447,8474,2103,3113
2608909,PE,202608,8296,19641,5449908,657.49,656.93,15990,35462,7985,3315,4690
2609006,PE,202608,3477,9338,2330468,670.25,670.25,6725,16576,3149,1954,1622
2609105,PE,202608,2631,6338,1812971,689.34,689.08,4055,9000,2602,619,834
2609154,PE,202608,5811,11951,3937075,677.64,677.52,7943,14955,6251,404,1288
2609204,PE,202608,2401,5333,1619830,675.21,674.65,3862,7549,2348,441,1073
2609303,PE,202608,2989,7864,2049989,686.3,685.84,5159,12395,2805,888,1466
2609402,PE,202608,10890,23769,7219624,663.26,662.96,18587,37552,10903,2788,4896
2609501,PE,202608,4308,10362,2836183,658.81,658.35,9117,20233,4103,1797,3217
2609600,PE,202608,50181,114243,33123022,660.61,660.07,104959,206724,54971,18076,31912
2609709,PE,202608,3770,9646,2571062,681.98,681.98,6679,15129,3766,1074,1839
2609808,PE,202608,4094,10054,2833370,692.08,692.08,6340,13627,4352,474,1514
2609907,PE,202608,11674,31375,7990223,686.09,684.45,20236,49505,10950,3474,5812
2610004,PE,202608,10999,24476,7353686,668.88,668.58,19011,38226,10861,2766,5384
2610103,PE,202608,1724,4017,1167293,677.87,677.08,2629,5608,1730,260,639
2610202,PE,202608,5264,12270,3570313,678.25,678.25,8656,18360,5464,1104,2088
2610301,PE,202608,3094,8060,2117868,685.39,684.51,5329,12695,3129,794,1406
2610400,PE,202608,4165,10371,2807743,674.29,674.13,7427,16583,4257,1073,2097
2610509,PE,202608,5911,14052,3934274,665.59,665.59,9789,21378,5897,1341,2551
2610608,PE,202608,12222,28282,8206568,671.9,671.46,20023,41401,12370,2561,5092
2610707,PE,202608,47735,107391,31589752,662.05,661.77,94296,186381,50421,14044,29831
2610806,PE,202608,5919,13103,4007993,677.94,677.14,8498,16904,6339,554,1605
2610905,PE,202608,14966,31452,9946156,664.98,664.58,22885,45427,14839,2775,5271
2611002,PE,202608,6354,16303,4361338,686.72,686.39,10464,25092,6101,1870,2493
2611101,PE,202608,50142,131793,34261035,684.3,683.28,106073,244715,48972,22425,34676
2611200,PE,202608,3062,6710,2038246,667.84,665.66,5178,10098,3223,494,1461
2611309,PE,202608,5685,12609,3795334,667.6,667.6,9084,18424,5740,1090,2254
2611408,PE,202608,2341,5159,1572333,671.94,671.65,4051,8336,2264,601,1186
2611507,PE,202608,3923,9152,2655644,676.94,676.94,6118,13142,3833,811,1474
2611533,PE,202608,1295,3518,875191,675.82,675.82,2505,6183,1193,473,839
2611606,PE,202608,139370,333795,92436703,664.03,663.25,306073,631714,142093,74354,89626
2611705,PE,202608,5732,12457,3784161,660.53,660.18,9392,18560,6019,1050,2323
2611804,PE,202608,5936,14511,3981341,670.82,670.71,10230,23094,5605,1688,2937
2611903,PE,202608,3688,9092,2550634,691.79,691.6,6306,14201,3655,1006,1645
2612000,PE,202608,2442,5323,1603427,656.6,656.6,4067,8087,2465,512,1090
2612109,PE,202608,1325,3066,881856,665.55,665.55,2179,4573,1347,256,576
2612208,PE,202608,10319,25451,6941557,673.81,672.7,19440,43423,10201,3608,5631
2612307,PE,202608,2863,7640,1986438,693.83,693.83,4675,11237,2771,711,1193
2612406,PE,202608,4858,10337,3266448,673.49,672.39,7725,14803,5175,780,1770
2612455,PE,202608,2459,6342,1669390,679.17,678.89,4846,11141,2417,809,1620
2612471,PE,202608,2236,6159,1535319,687.25,686.64,4097,10252,2103,701,1293
2612505,PE,202608,16475,41264,10641283,645.98,645.9,34365,74136,15169,9145,10051
2612554,PE,202608,2390,6316,1599508,669.81,669.25,4650,11436,2254,852,1544
2612604,PE,202608,11992,26715,8141137,678.99,678.88,17975,37285,12429,1793,3753
2612703,PE,202608,3851,8098,2568203,667.07,666.89,6449,11991,4182,523,1744
2612802,PE,202608,2050,4951,1390291,678.85,678.19,3271,7404,2046,443,782
2612901,PE,202608,2370,5520,1603185,676.45,676.45,3760,7619,2312,453,995
2613008,PE,202608,9178,23073,6317461,689.3,688.33,17087,38081,9400,2720,4967
2613107,PE,202608,7345,16690,4959152,675.91,675.17,12309,25739,7382,1820,3107
2613206,PE,202608,4761,11888,3247605,682.13,682.13,7560,17597,4667,1089,1804
2613305,PE,202608,5133,10902,3423817,667.41,667.02,7877,15458,5129,864,1884
2613404,PE,202608,4636,11006,3176020,686.11,685.08,7491,15588,4714,923,1854
2613503,PE,202608,6403,17300,4382992,684.52,684.52,10448,25997,5946,1838,2664
2613602,PE,202608,5750,12618,3813404,663.2,663.2,10876,21364,6681,1345,2850
2613701,PE,202608,17530,41708,11682009,666.59,666.4,31975,69943,16828,5879,9268
2613800,PE,202608,3386,8387,2297105,678.61,678.41,5540,12876,3254,964,1322
2613909,PE,202608,13192,33095,8863238,672.07,671.86,25144,58338,12445,4733,7966
2614006,PE,202608,3644,9543,2516096,690.48,690.48,6281,15177,3603,964,1714
2614105,PE,202608,6667,15087,4467885,670.15,670.15,12373,24789,7000,1489,3884
2614204,PE,202608,6881,17537,4725861,686.8,686.8,11186,25486,6598,1662,2926
2614303,PE,202608,3186,7155,2156210,677.2,676.78,5362,10758,3285,553,1524
2614402,PE,202608,1067,2832,737433,691.78,691.13,1818,4402,1038,309,471
2614501,PE,202608,11026,27556,7349233,666.9,666.54,18646,41443,10807,3066,4773
2614600,PE,202608,5775,14561,3913328,677.75,677.63,9616,22366,5595,1451,2570
2614709,PE,202608,2886,6635,1910876,662.35,662.12,4881,10164,2851,679,1351
2614808,PE,202608,4057,10931,2814284,694.03,693.69,6873,17400,3881,1250,1742
2614857,PE,202608,4687,12123,3250904,693.75,693.6,8216,18914,4627,1339,2250
2615003,PE,202608,5020,12812,3385902,674.89,674.48,8915,20159,4957,1649,2309
2615102,PE,202608,1483,3965,1039819,701.16,701.16,2249,5572,1439,304,506
2615201,PE,202608,1738,4470,1163468,669.43,669.43,3086,7327,1651,536,899
2615300,PE,202608,7468,19077,4940310,661.53,661.53,15413,36079,7044,3462,4907
2615409,PE,202608,7276,20388,4969129,683.32,682.95,11896,30746,6948,2645,2303
2615508,PE,202608,2468,6004,1652663,669.64,669.64,4121,9619,2329,764,1028
2615607,PE,202608,7546,19047,5211389,691.17,690.62,11642,26725,7359,1580,2703
2615706,PE,202608,2230,5817,1496848,671.23,671.23,5115,11715,2153,960,2002
2615805,PE,202608,5819,14522,4010643,689.23,689.23,8393,18935,5811,831,1751
2615904,PE,202608,1711,4151,1157124,676.29,676.29,3016,6620,1737,439,840
2616001,PE,202608,4116,9165,2768226,672.72,672.55,6836,13913,4401,907,1528
2616100,PE,202608,1460,3993,987541,676.4,676.4,2783,6875,1349,582,852
2616183,PE,202608,2058,4366,1378159,669.66,669.66,3419,6382,2251,302,866
2616209,PE,202608,4120,10378,2783702,677.14,675.66,6424,14666,4065,1036,1323
2616308,PE,202608,3884,10136,2651514,682.68,682.68,7211,18099,3670,1599,1942
2616407,PE,202608,20987,50918,13743370,655.1,654.85,41300,90419,20592,8112,12596
2616506,PE,202608,3553,8004,2424985,682.9,682.52,5536,10834,3672,509,1355
2700102,AL,202608,3056,9197,2179614,713.46,713.22,5415,15088,2844,1045,1526
2700201,AL,202608,3652,7956,2471811,677.21,676.84,5474,10798,3627,594,1253
2700300,AL,202608,28158,71501,19106074,678.8,678.53,48962,115964,26095,9471,13396
2700409,AL,202608,6274,16907,4377729,699.09,697.76,11060,26427,5831,1975,3254
2700508,AL,202608,3357,8711,2373626,707.49,707.07,6272,13062,4065,624,1583
2700607,AL,202608,1224,3442,848522,693.8,693.24,2575,6416,1185,571,819
2700706,AL,202608,4563,10989,3165933,693.83,693.83,6645,14480,4622,649,1374
2700805,AL,202608,761,2010,515936,677.97,677.97,1555,3630,715,269,571
2700904,AL,202608,1650,4594,1178097,714.0,714.0,2382,5978,1703,226,453
2701001,AL,202608,4582,10845,3191661,696.57,696.57,7767,15717,4690,989,2088
2701100,AL,202608,1880,4899,1323764,704.13,704.13,3541,7895,1746,610,1185
2701209,AL,202608,1713,4793,1191089,695.32,695.32,2889,7382,1574,621,694
2701308,AL,202608,3831,9782,2646039,690.69,690.69,6151,13625,3570,844,1737
2701357,AL,202608,1441,3507,991175,687.84,687.84,2298,4928,1361,307,630
2701407,AL,202608,5520,13660,3831169,694.3,694.05,9715,21701,5263,1386,3066
2701506,AL,202608,2683,6533,1850984,690.41,689.89,3722,8170,2844,249,629
2701605,AL,202608,3694,9882,2561145,693.51,693.33,5226,13340,3535,779,912
2701704,AL,202608,1899,5531,1334215,702.96,702.59,3595,9579,1743,779,1073
2701803,AL,202608,2195,5867,1558907,710.21,710.21,3251,7997,2123,412,716
2701902,AL,202608,1922,4258,1322239,687.95,687.95,3017,5819,2180,204,633
2702009,AL,202608,2123,5839,1481263,698.71,697.72,3456,8858,2026,523,907
2702108,AL,202608,4460,10384,3098693,694.93,694.77,6564,13488,4576,587,1401
2702207,AL,202608,835,2155,572930,686.14,686.14,1793,4029,932,325,536
2702306,AL,202608,9099,22032,6352466,698.23,698.15,15700,34536,8856,2277,4567
2702355,AL,202608,5660,15114,3947931,698.25,697.51,8812,21694,5489,1214,2109
2702405,AL,202608,8447,21669,5786904,685.17,685.08,15560,36232,7994,2804,4762
2702504,AL,202608,2709,6048,1790453,660.93,660.93,4289,8680,2629,524,1136
2702553,AL,202608,3546,9126,2401212,677.16,677.16,5897,13764,3420,733,1744
2702603,AL,202608,4851,13366,3360779,692.94,692.8,6984,18184,4627,989,1368
2702702,AL,202608,712,1840,492784,692.11,692.11,1266,2880,666,227,373
2702801,AL,202608,2209,5851,1557818,705.21,705.21,4296,9418,2082,726,1488
2702900,AL,202608,7828,21792,5542382,708.29,708.02,10683,27803,7624,1197,1862
2703007,AL,202608,2515,6747,1789534,711.54,711.54,4525,10576,2445,671,1409
2703106,AL,202608,4435,12549,3053544,688.82,688.51,7624,19709,4162,1376,2086
2703205,AL,202608,3838,10166,2623201,683.48,683.48,7064,17777,3639,1234,2191
2703304,AL,202608,3922,10830,2806027,716.01,715.46,6054,14790,4000,720,1334
2703403,AL,202608,1336,3505,928179,695.27,694.74,2093,4857,1305,205,583
2703502,AL,202608,1140,2735,778890,683.24,683.24,2205,4521,1112,335,758
2703601,AL,202608,2686,6295,1871644,698.37,696.81,4254,8471,2878,410,966
2703700,AL,202608,1059,3082,743927,702.48,702.48,1657,4503,983,292,382
2703759,AL,202608,2814,6242,1888977,671.28,671.28,4224,8270,2736,467,1021
2703809,AL,202608,4476,10901,3120914,697.41,697.26,7197,15202,4346,870,1981
2703908,AL,202608,965,2425,676288,701.54,700.82,1589,3408,951,185,453
2704005,AL,202608,3923,10568,2632142,670.95,670.95,6941,17460,3451,1557,1933
2704104,AL,202608,4015,10612,2734100,681.14,680.97,6482,15512,3785,992,1705
2704203,AL,202608,6307,15310,4322058,685.5,685.28,8894,20166,6209,1003,1682
2704302,AL,202608,105784,253589,71663589,678.11,677.45,232362,476577,107676,43510,81176
2704401,AL,202608,2998,8244,2090891,697.43,697.43,5283,12781,2799,978,1506
2704500,AL,202608,6823,17892,4762039,698.66,697.94,9945,23800,6292,1452,2201
2704609,AL,202608,2602,6146,1781722,685.28,684.75,4429,9204,2552,484,1393
2704708,AL,202608,7965,21477,5578119,700.68,700.33,16249,38262,8845,2765,4639
2704807,AL,202608,2077,5328,1416267,682.21,681.88,3724,8357,1970,629,1125
2704906,AL,202608,592,1592,390241,659.19,659.19,1001,2548,529,201,271
2705002,AL,202608,4236,11434,2971985,701.6,701.6,5791,14908,4098,705,988
2705101,AL,202608,4374,11131,3044489,698.12,696.04,7170,16315,4205,1053,1912
2705200,AL,202608,1894,5454,1329395,701.9,701.9,4604,11404,2001,1083,1520
2705309,AL,202608,1081,2730,747248,691.26,691.26,1850,4289,1074,228,548
2705408,AL,202608,1724,4617,1197561,694.64,694.64,2682,6370,1628,368,686
2705507,AL,202608,4078,11482,2903994,712.11,712.11,7898,18633,3641,1601,2656
2705606,AL,202608,2281,5421,1562367,684.95,684.95,3773,7897,2233,469,1071
2705705,AL,202608,3840,9777,2666145,695.03,694.31,6350,14819,3670,878,1802
2705804,AL,202608,2190,5524,1515959,694.76,692.22,3452,7626,2134,415,903
2705903,AL,202608,1117,3111,783161,701.13,701.13,1572,4006,1119,193,260
2706000,AL,202608,2490,6856,1754103,704.74,704.46,3512,8944,2447,426,639
2706109,AL,202608,2745,7217,1920604,699.67,699.67,4052,9924,2689,544,819
2706208,AL,202608,1051,2889,739644,703.75,703.75,1646,4163,997,210,439
2706307,AL,202608,14217,31623,9347834,657.74,657.51,22525,46330,13946,3095,5484
2706406,AL,202608,4077,11053,2844879,697.79,697.79,7041,17406,3867,1194,1980
2706422,AL,202608,2228,5965,1532820,687.98,687.98,3849,9429,2044,770,1035
2706448,AL,202608,2164,5925,1484492,687.58,685.99,4379,10476,2344,950,1085
2706505,AL,202608,2696,6901,1835456,680.81,680.81,4483,10339,2493,734,1256
2706604,AL,202608,1400,3420,946646,676.18,676.18,2251,4998,1371,360,520
2706703,AL,202608,12479,28830,8366644,671.0,670.46,23215,47453,12580,3314,7321
2706802,AL,202608,5205,11211,3506369,673.65,673.65,7581,14395,5570,509,1502
2706901,AL,202608,6046,15044,4089476,678.98,676.39,12560,27068,6605,1952,4003
2707008,AL,202608,421,1126,290198,689.31,689.31,720,1782,382,126,212
2707107,AL,202608,4734,13541,3357429,709.52,709.22,7504,19630,4341,1325,1838
2707206,AL,202608,3034,7797,2097052,691.87,691.18,4508,10808,2944,571,993
2707305,AL,202608,4572,11501,3127872,684.44,684.14,7680,16925,4182,1238,2260
2707404,AL,202608,1838,4712,1279050,696.27,695.89,2976,6711,1804,463,709
2707503,AL,202608,5182,11850,3494217,674.3,674.3,7197,15604,5032,784,1381
2707602,AL,202608,2189,6013,1486856,679.24,679.24,3671,9168,2002,626,1043
2707701,AL,202608,11464,31022,7989231,697.32,696.9,28818,65108,13088,5373,10357
2707800,AL,202608,1702,4078,1150380,677.09,675.9,2436,5263,1573,330,533
2707909,AL,202608,1244,3142,880949,708.16,708.16,2324,5095,1423,270,631
2708006,AL,202608,8209,20787,5643262,691.32,687.45,13746,32104,7853,2189,3704
2708105,AL,202608,2146,5756,1475081,687.68,687.36,4076,9613,2088,634,1354
2708204,AL,202608,1368,3695,952483,696.26,696.26,2334,5734,1419,341,574
2708303,AL,202608,3101,8322,2242345,723.1,723.1,5748,12922,3007,913,1828
2708402,AL,202608,5840,17963,4202850,719.79,719.67,9595,27177,5473,1654,2468
2708501,AL,202608,6058,14773,4230069,698.49,698.26,9312,19924,6030,1120,2162
2708600,AL,202608,9142,21311,6160452,673.86,673.86,16583,34001,8675,2442,5466
2708709,AL,202608,1599,4433,1109829,694.08,694.08,3107,7639,1500,560,1047
2708808,AL,202608,6618,18327,4532944,685.77,684.94,10431,26653,6298,1537,2596
2708907,AL,202608,1980,5447,1365913,689.86,689.86,4647,11519,2154,1063,1430
2708956,AL,202608,2898,7780,2045401,705.8,705.8,4390,10880,2834,596,960
2709004,AL,202608,1073,2780,721794,673.32,672.69,1819,4302,996,287,536
2709103,AL,202608,3784,9992,2594198,685.93,685.57,6078,14817,3574,889,1615
2709152,AL,202608,6249,16020,4248340,679.84,679.84,11796,28322,5802,2173,3821
2709202,AL,202608,4282,12555,3033566,708.45,708.45,7386,18597,4105,1285,1996
2709301,AL,202608,9887,24960,6758115,683.54,683.54,20451,43162,9646,3737,7068
2709400,AL,202608,4709,11491,3277637,696.04,696.04,7752,16942,4599,1098,2055
2800100,SE,202608,347,913,226191,653.73,651.85,772,1928,296,145,331
2800209,SE,202608,3724,8641,2472025,663.99,663.81,6327,13589,3572,930,1825
2800308,SE,202608,57287,133128,37889256,661.96,661.39,123891,255157,56335,26545,41011
2800407,SE,202608,2256,5364,1518751,673.5,673.21,4041,8644,2227,642,1172
2800506,SE,202608,2787,7308,1883661,676.36,675.87,5478,13329,2502,1164,1812
2800605,SE,202608,5178,12548,3475284,671.16,671.16,10884,23359,4874,2225,3785
2800670,SE,202608,4993,11271,3280115,657.21,656.94,8835,18305,4844,1361,2630
2800704,SE,202608,1455,4167,1034724,711.64,711.15,2426,6461,1436,469,521
2801009,SE,202608,3029,7345,2024432,668.57,668.35,5688,12440,2929,1055,1704
2801108,SE,202608,1165,2657,782783,671.92,671.92,1969,4054,1175,217,577
2801207,SE,202608,6257,16534,4376137,699.4,699.4,10217,24549,6042,1612,2563
2801306,SE,202608,5728,13917,3926114,685.9,685.42,9618,21144,5452,1689,2477
2801405,SE,202608,4377,9735,2926318,668.57,668.57,7234,14548,4566,1012,1656
2801504,SE,202608,2412,5954,1627620,675.36,674.8,4328,10120,2273,695,1360
2801603,SE,202608,939,2356,616051,656.07,656.07,1713,4090,897,265,551
2801702,SE,202608,3778,9504,2580673,683.8,683.08,6439,14234,3741,1024,1674
2801900,SE,202608,843,1905,542890,644.0,644.0,1425,2989,778,210,437
2802007,SE,202608,816,2207,554787,679.89,679.89,1456,3490,750,254,452
2802106,SE,202608,10955,26477,7433913,678.9,678.59,22012,47039,10995,3963,7054
2802205,SE,202608,1231,3026,848980,689.67,689.67,2175,4604,1233,306,636
2802304,SE,202608,2610,6544,1771209,678.62,678.62,5036,11516,2540,937,1559
2802403,SE,202608,2658,6576,1781832,670.62,670.37,4198,9501,2607,587,1004
2802502,SE,202608,703,1478,467654,665.23,665.23,1515,2696,787,136,592
2802601,SE,202608,1892,4023,1254327,662.96,662.96,2756,5404,1951,221,584
2802700,SE,202608,2125,5488,1471967,693.02,692.69,3177,7562,2054,372,751
2802809,SE,202608,3097,8411,2151622,694.97,694.74,4925,12344,2868,843,1214
2802908,SE,202608,12481,31487,8170074,655.34,654.6,27082,60658,11106,6982,8994
2803005,SE,202608,10252,23847,6959927,679.08,678.88,15854,32661,10317,2014,3523
2803104,SE,202608,916,2214,612749,668.94,668.94,1691,3748,911,229,551
2803203,SE,202608,5906,15051,3960235,671.34,670.54,10946,25562,5502,2157,3287
2803302,SE,202608,2880,6826,1925419,668.78,668.55,5635,11939,2805,940,1890
2803401,SE,202608,3179,7180,2142604,673.99,673.99,5321,10729,3113,684,1524
2803500,SE,202608,19648,44094,13009197,662.69,662.11,35945,73498,19688,5621,10636
2803609,SE,202608,3945,9851,2703347,685.43,685.26,7584,17831,3692,1304,2588
2803708,SE,202608,1428,3523,951940,666.62,666.62,2634,5779,1358,467,809
2803807,SE,202608,687,1722,461921,672.37,672.37,1299,2947,654,230,415
2803906,SE,202608,2496,6033,1669327,670.14,668.8,4481,9822,2439,634,1408
2804003,SE,202608,2748,6492,1880544,685.58,684.33,4832,10147,2785,629,1418
2804102,SE,202608,1788,4586,1161132,649.4,649.4,3540,8498,1639,736,1165
2804201,SE,202608,3749,9081,2566220,684.51,684.51,5865,12611,3734,618,1513
2804300,SE,202608,1763,3925,1177130,667.69,667.69,2774,5677,1755,356,663
2804409,SE,202608,3237,7851,2202304,680.35,680.35,5704,12451,3192,773,1739
2804458,SE,202608,1731,4332,1130140,652.88,652.88,2644,6384,1583,532,529
2804508,SE,202608,7720,19109,5225516,677.14,676.88,12346,28563,7353,2022,2971
2804607,SE,202608,5758,12317,3794169,659.05,658.94,8873,17616,5821,1066,1986
2804706,SE,202608,1184,3058,790129,667.34,667.34,2342,5483,1149,403,790
2804805,SE,202608,32404,76872,21583819,666.48,666.09,61695,132688,31190,12052,18453
2804904,SE,202608,2531,6644,1730721,683.81,683.81,4484,11087,2392,902,1190
2805000,SE,202608,717,1645,476767,664.95,664.95,1218,2405,716,154,348
2805109,SE,202608,2634,5257,1725986,655.27,655.27,3926,7234,2685,315,926
2805208,SE,202608,1313,3054,876471,667.53,667.53,2361,4776,1406,336,619
2805307,SE,202608,1677,4087,1118744,667.91,667.11,2968,6551,1568,565,835
2805406,SE,202608,7420,19011,5138003,692.45,692.45,11006,25734,7267,1283,2456
2805505,SE,202608,5353,10999,3519714,657.64,657.52,9071,17232,5597,1052,2422
2805604,SE,202608,7464,17615,5042857,675.62,675.62,10721,23326,7577,1079,2065
2805703,SE,202608,4755,10961,3177434,668.51,668.23,8465,17667,4569,1351,2545
2805802,SE,202608,4696,10669,3107760,662.35,661.79,7262,15363,4673,871,1718
2805901,SE,202608,1564,3744,1073294,686.25,686.25,2991,6400,1557,486,948
2806008,SE,202608,3002,6922,1969416,656.03,656.03,5002,11044,2876,895,1231
2806107,SE,202608,2122,4549,1428229,673.69,673.06,3557,7029,2092,457,1008
2806206,SE,202608,4179,9867,2772271,663.7,663.38,7649,16022,4077,1167,2405
2806305,SE,202608,2824,7058,1937372,686.04,686.04,4950,11088,2733,866,1351
2806404,SE,202608,1959,4847,1345674,687.62,686.92,2884,6231,1897,262,725
2806503,SE,202608,628,1649,421156,670.63,670.63,1264,3068,548,261,455
2806602,SE,202608,2160,5028,1426712,660.51,660.51,3723,7881,2097,584,1042
2806701,SE,202608,11297,27483,7533015,667.35,666.82,24852,53600,11066,5790,7996
2806800,SE,202608,2025,4776,1349864,666.93,666.6,3719,7793,1923,666,1130
2806909,SE,202608,760,1649,499716,657.52,657.52,1281,2627,712,166,403
2807006,SE,202608,888,1978,588277,662.47,662.47,1523,3024,896,185,442
2807105,SE,202608,9327,21144,6138411,658.13,658.13,16451,32943,9104,2313,5034
2807204,SE,202608,1476,3719,1015015,688.61,687.68,2694,5791,1460,385,849
2807303,SE,202608,764,1895,522218,683.53,683.53,1311,2926,751,224,336
2807402,SE,202608,11929,24862,7843034,657.53,657.48,20449,39294,12084,2802,5563
2807501,SE,202608,2674,6822,1806240,675.99,675.48,4307,10282,2591,686,1030
2807600,SE,202608,5506,13163,3726671,676.84,676.84,9711,20060,5429,1371,2911
2900108,BA,202608,1666,3393,1068920,641.61,641.61,3355,6185,1678,365,1312
2900207,BA,202608,4263,10453,2863087,671.77,671.61,6197,14000,4015,896,1286
2900306,BA,202608,3076,7428,2065596,671.52,671.52,5086,10934,2998,693,1395
2900355,BA,202608,3182,7209,2085143,655.71,655.29,5314,11000,3193,709,1412
2900405,BA,202608,4447,8624,2911581,654.73,654.73,7198,12418,4826,540,1832
2900504,BA,202608,1420,3936,940954,663.58,662.64,2582,6760,1295,456,831
2900603,BA,202608,893,2020,587154,658.98,657.51,1804,3505,851,259,694
2900702,BA,202608,23671,53347,15502141,655.04,654.9,45202,92385,23669,7361,14172
2900801,BA,202608,4455,12101,3065651,689.38,688.14,8697,20305,4395,1600,2702
2900900,BA,202608,1313,2689,860391,655.29,655.29,2542,4194,1320,200,1022
2901007,BA,202608,5022,13021,3304681,658.7,658.04,11351,25987,4865,2673,3813
2901106,BA,202608,3186,7588,2037585,640.15,639.54,6713,15077,2860,1470,2383
2901155,BA,202608,3128,8840,2080824,667.57,665.23,5169,13238,2807,934,1428
2901205,BA,202608,5522,11695,3594508,651.18,650.94,8987,17587,5585,868,2534
2901304,BA,202608,2534,6277,1704581,672.68,672.68,4618,10064,2415,751,1452
2901353,BA,202608,2901,6386,1921563,662.38,662.38,6179,12015,3317,666,2196
2901403,BA,202608,2615,7119,1813971,694.21,693.68,4799,11194,2756,530,1513
2901502,BA,202608,2162,4776,1430375,661.9,661.6,3709,7244,2188,401,1120
2901601,BA,202608,2744,5642,1785863,650.82,650.82,4017,7834,2728,432,857
2901700,BA,202608,2567,6223,1716108,669.31,668.53,4090,8806,2445,507,1138
2901809,BA,202608,2173,5534,1484013,683.25,682.93,3526,8144,2101,413,1012
2901908,BA,202608,3965,8830,2643797,666.95,666.78,5826,11883,3962,668,1196
2901957,BA,202608,1613,3805,1070026,663.79,663.38,2829,5825,1542,384,903
2902005,BA,202608,2452,6545,1625279,662.84,662.84,5121,12329,2260,889,1972
2902054,BA,202608,3192,6362,2066841,648.32,647.51,5118,9662,3091,651,1376
2902104,BA,202608,11899,27577,7937132,667.32,667.04,18385,39581,11736,2337,4312
2902203,BA,202608,2541,4989,1647467,648.35,648.35,4262,7556,2430,568,1264
2902252,BA,202608,1860,3986,1241078,667.25,667.25,3424,6095,1871,345,1208
2902302,BA,202608,2616,5624,1724580,659.24,659.24,3793,7385,2742,439,612
2902401,BA,202608,2742,6459,1818767,663.54,663.3,4544,9406,2612,647,1285
2902500,BA,202608,2587,7372,1806473,698.29,698.29,4496,11344,2553,613,1330
2902609,BA,202608,4101,9131,2717986,662.76,662.76,6525,13615,4088,721,1716
2902658,BA,202608,1962,5583,1320892,673.58,673.24,3860,10231,1747,841,1272
2902708,BA,202608,9205,28148,6609263,718.16,718.01,13771,39474,8612,2200,2959
2902807,BA,202608,4347,12252,2948193,679.31,678.21,7345,19751,4032,1374,1939
2902906,BA,202608,5005,14682,3312822,662.03,661.9,11675,30492,4289,3085,4301
2903003,BA,202608,2759,6857,1850351,670.66,670.66,5062,11598,2650,654,1758
2903102,BA,202608,1814,3578,1201703,662.46,662.46,3049,5167,1942,165,942
2903201,BA,202608,16059,43381,10957247,683.16,682.31,37901,86956,17045,8052,12804
2903235,BA,202608,2904,7345,1949279,671.24,671.24,5068,11570,2897,652,1519
2903276,BA,202608,3372,8223,2251154,667.6,667.6,5914,13428,3263,846,1805
2903300,BA,202608,1729,3733,1192589,689.76,689.76,3027,5155,1978,189,860
2903409,BA,202608,4066,9780,2753689,677.25,677.25,7470,15176,4074,977,2419
2903508,BA,202608,3347,8879,2269108,677.95,677.95,6429,15131,3334,1047,2048
2903607,BA,202608,4098,9425,2777376,677.9,677.74,6548,13757,4141,651,1756
2903706,BA,202608,3048,7611,2071407,679.6,679.6,5711,11864,3171,556,1984
2903805,BA,202608,3983,9371,2687271,674.85,674.69,6747,14081,4046,719,1982
2903904,BA,202608,10115,29136,7080734,700.85,700.02,18361,47698,9361,3756,5244
2903953,BA,202608,2104,5396,1417919,674.24,673.92,4045,9003,2057,639,1349
2904001,BA,202608,2336,6273,1582880,677.6,677.6,4143,10321,2178,640,1325
2904050,BA,202608,3080,8491,2077843,675.94,674.62,5442,13570,2843,1135,1464
2904100,BA,202608,3713,9276,2497037,672.51,672.51,7053,15311,3599,1012,2442
2904209,BA,202608,1878,5213,1265548,674.24,673.88,3580,8736,1771,624,1185
2904308,BA,202608,2816,6324,1873768,665.4,665.4,4749,9566,2792,562,1395
2904407,BA,202608,1336,3798,896735,671.21,671.21,2973,7222,1385,510,1078
2904506,BA,202608,2363,5673,1598646,676.53,676.53,4240,9060,2493,415,1332
2904605,BA,202608,6217,16535,4007236,644.98,644.56,16832,40798,5316,4582,6934
2904704,BA,202608,2774,6627,1876008,676.53,676.28,5614,11431,2793,856,1965
2904753,BA,202608,5083,13489,3512990,691.13,691.13,8132,19357,4958,1012,2162
2904803,BA,202608,1287,2928,841942,654.19,654.19,2520,5152,1237,344,939
2904852,BA,202608,3716,9968,2560566,689.07,689.07,5530,13764,3562,844,1124
2904902,BA,202608,6961,14938,4544145,652.89,652.8,11166,22092,7036,1569,2561
2905008,BA,202608,2120,5896,1403795,662.79,662.17,5233,13288,1878,1365,1990
2905107,BA,202608,2798,6244,1877184,671.86,670.9,4329,8545,2937,349,1043
2905156,BA,202608,2528,6623,1717560,679.68,679.41,4044,9808,2452,561,1031
2905206,BA,202608,7985,20540,5303540,664.44,664.19,15266,36564,7585,2815,4866
2905305,BA,202608,3823,10411,2620331,685.41,685.41,5939,14869,3685,778,1476
2905404,BA,202608,4146,9992,2774882,669.29,669.29,6037,13366,3985,910,1142
2905503,BA,202608,3883,8756,2700243,696.12,695.4,5488,10947,4100,292,1096
2905602,BA,202608,3339,8538,2255690,675.56,675.56,7664,16873,3161,1463,3040
2905701,BA,202608,43899,105149,29046306,662.52,661.66,83890,174803,45505,12962,25423
2905800,BA,202608,6470,16610,4440170,686.48,686.27,10494,24057,6185,1793,2516
2905909,BA,202608,5375,16000,3820562,710.8,710.8,8542,22762,5172,1294,2076
2906006,BA,202608,14564,38228,9828633,675.18,674.86,24934,58836,13811,3712,7411
2906105,BA,202608,1520,4568,1074298,708.17,706.78,2924,7789,1575,484,865
2906204,BA,202608,5051,13446,3406023,674.33,674.33,8018,19522,4801,1080,2137
2906303,BA,202608,6672,15561,4475894,671.75,670.85,12067,24201,6941,1798,3328
2906402,BA,202608,1695,3952,1126748,665.14,664.75,3011,6357,1665,321,1025
2906501,BA,202608,13547,30564,8941536,660.09,660.04,21821,44505,13538,2770,5513
2906600,BA,202608,2155,5831,1410304,655.04,654.43,4283,10426,1993,760,1530
2906709,BA,202608,6150,13650,4082695,664.07,663.85,11074,21184,6316,1135,3623
2906808,BA,202608,8502,21643,5718379,672.75,672.59,13745,32315,8164,1869,3712
2906824,BA,202608,3891,9175,2657414,683.14,682.96,6083,12696,3851,814,1418
2906857,BA,202608,2060,4888,1370490,665.29,665.29,4251,8832,2046,598,1607
2906873,BA,202608,5103,12707,3362122,661.05,658.85,9631,21654,4825,2039,2767
2906899,BA,202608,1657,4352,1087636,656.39,656.39,3551,8207,1530,623,1398
2906907,BA,202608,3698,9074,2463043,666.77,666.05,7333,15657,3578,1231,2524
2907004,BA,202608,2464,5378,1655233,671.77,671.77,3905,7439,2521,358,1026
2907103,BA,202608,7183,17811,4911172,684.1,683.72,11627,25201,7235,1391,3001
2907202,BA,202608,15744,40435,10707119,680.81,680.08,25408,57978,15679,3863,5866
2907301,BA,202608,4749,11287,3115549,656.04,656.04,8394,17975,4572,1479,2343
2907400,BA,202608,664,1817,467227,703.66,703.66,1178,2757,690,138,350
2907509,BA,202608,9746,19368,6234428,640.09,639.69,17841,33737,9880,2209,5752
2907558,BA,202608,1228,3467,812541,661.68,661.68,2368,5912,1130,447,791
2907608,BA,202608,3080,7697,2078781,675.15,674.93,5870,12815,2957,972,1941
2907707,BA,202608,2691,6638,1863801,692.61,692.61,3952,8576,2702,361,889
2907806,BA,202608,5114,12217,3384131,661.74,661.74,9124,20280,4895,1479,2750
2907905,BA,202608,3687,9683,2538671,688.55,688.55,6093,14394,3558,809,1726
2908002,BA,202608,3727,7887,2431522,653.28,652.41,7396,13437,3651,917,2828
2908101,BA,202608,3149,8125,2142327,680.54,680.32,6190,14012,3371,852,1967
2908200,BA,202608,3618,8494,2405847,665.15,664.97,6607,14469,3517,1100,1990
2908309,BA,202608,2720,6220,1750916,643.72,643.72,5020,11109,2608,886,1526
2908408,BA,202608,11280,29581,7549511,669.94,669.28,22357,52045,10578,4962,6817
2908507,BA,202608,6253,13168,4047218,647.35,647.24,11388,21718,6232,1725,3431
2908606,BA,202608,5797,14080,3950778,681.64,681.52,8850,19045,5681,1058,2111
2908705,BA,202608,2945,7449,1954699,663.73,663.73,6124,14163,2872,955,2297
2908804,BA,202608,804,2137,548902,684.42,682.71,1727,3710,775,383,569
2908903,BA,202608,6287,13526,4134558,657.95,657.64,10110,19662,6404,1180,2526
2909000,BA,202608,1221,3149,810333,663.66,663.66,2737,6488,1140,541,1056
2909109,BA,202608,3208,7594,2161872,673.9,673.9,5882,12267,3467,585,1830
2909208,BA,202608,3668,9161,2371873,646.64,646.64,5372,12341,3222,971,1179
2909307,BA,202608,4290,12437,2972719,693.59,692.94,8741,22130,4562,1447,2732
2909406,BA,202608,2326,6246,1640166,705.14,705.14,4463,10347,2671,489,1303
2909505,BA,202608,925,2210,635295,687.55,686.81,1818,3833,937,276,605
2909604,BA,202608,4511,10939,3024603,670.5,670.5,7043,15469,4488,987,1568
2909703,BA,202608,1985,5856,1368239,689.29,689.29,3782,10061,2061,635,1086
2909802,BA,202608,10440,22973,6779455,649.75,649.37,18841,38132,10403,3012,5426
2909901,BA,202608,7799,19541,5306043,680.7,680.35,12230,28208,7687,1684,2859
2910008,BA,202608,2038,5355,1394039,684.36,684.02,3680,8056,1944,563,1173
2910057,BA,202608,12590,28402,8263124,656.64,656.32,20964,43894,11816,3195,5953
2910107,BA,202608,1795,5091,1198200,667.52,667.52,3834,10207,1716,764,1354
2910206,BA,202608,846,1896,544330,643.42,643.42,1592,3423,788,297,507
2910305,BA,202608,1264,2953,825543,653.12,653.12,2385,5259,1227,475,683
2910404,BA,202608,3954,10149,2685828,679.27,679.27,7095,16048,3797,1020,2278
2910503,BA,202608,8336,18317,5511270,661.93,661.14,14018,27868,8386,1806,3826
2910602,BA,202608,6361,15740,4350865,684.74,683.99,10738,23409,6301,1586,2851
2910701,BA,202608,13180,31139,8805347,668.08,668.08,21939,47227,13305,2636,5998
2910727,BA,202608,14051,34884,9388022,668.19,668.14,34262,73206,13031,6979,14252
2910750,BA,202608,3868,9319,2538553,656.47,656.3,6212,14363,3751,1032,1429
2910776,BA,202608,893,2404,603624,675.95,675.95,2115,4796,850,466,799
2910800,BA,202608,81232,192695,53742428,661.7,661.59,175687,366229,81693,33938,60056
2910859,BA,202608,4434,10298,2961959,668.01,668.01,7256,15471,4364,775,2117
2910909,BA,202608,1142,2554,752747,659.73,659.15,2147,4023,1110,290,747
2911006,BA,202608,1886,3973,1241576,658.66,658.31,3732,6835,1877,416,1439
2911105,BA,202608,3828,11298,2725574,712.2,712.01,7152,18965,3837,1277,2038
2911204,BA,202608,5210,12206,3440915,661.97,660.44,9034,19102,5049,1474,2511
2911253,BA,202608,1319,2473,853462,647.05,647.05,2279,3875,1424,225,630
2911303,BA,202608,1943,5377,1317044,677.84,677.84,3629,9300,1890,544,1195
2911402,BA,202608,2469,6822,1669381,676.14,676.14,5773,14063,2206,1060,2507
2911501,BA,202608,1841,3671,1213727,659.99,659.28,3293,5471,1971,198,1124
2911600,BA,202608,3086,8073,2050839,664.56,664.56,6260,15028,2901,1290,2069
2911659,BA,202608,1100,2929,725509,659.55,659.55,2498,6013,1032,410,1056
2911709,BA,202608,12411,30787,8055570,649.43,649.07,28723,64560,11943,6024,10756
2911808,BA,202608,5003,10518,3340223,667.91,667.64,8873,15771,5322,656,2895
2911857,BA,202608,2776,6488,1849575,666.27,666.27,4275,9333,2736,505,1034
2911907,BA,202608,4710,11767,3090653,657.31,656.19,8271,18144,4330,1568,2373
2912004,BA,202608,1299,3515,824045,635.35,634.37,3134,7911,1124,668,1342
2912103,BA,202608,4862,10102,3198139,657.78,657.78,9440,16552,4966,998,3476
2912202,BA,202608,3542,8997,2349424,663.68,663.3,6269,14949,3207,1257,1805
2912301,BA,202608,2986,6611,1935169,648.08,648.08,5128,9588,2850,598,1680
2912400,BA,202608,3122,7702,2088694,669.24,669.02,5195,11787,2991,657,1547
2912509,BA,202608,1783,5218,1197229,671.47,671.47,3941,10336,1648,928,1365
2912608,BA,202608,1191,2557,805788,676.56,676.56,1916,3720,1264,145,507
2912707,BA,202608,3691,9351,2494616,676.41,675.86,6613,14373,3413,1129,2071
2912806,BA,202608,1560,3788,1045426,670.14,670.14,3328,7299,1443,576,1309
2912905,BA,202608,3177,8249,2122538,668.31,668.1,6453,14588,3004,1096,2353
2913002,BA,202608,2452,6490,1651502,673.53,673.53,4566,10943,2379,732,1455
2913101,BA,202608,4424,9983,2905864,656.84,656.84,6871,14428,4218,872,1781
2913200,BA,202608,4609,11893,3190993,693.24,692.34,8749,19579,4796,1370,2583
2913309,BA,202608,1307,3131,878006,671.77,671.77,2345,5180,1260,371,714
2913408,BA,202608,2491,6227,1669801,670.6,670.33,5061,11287,2427,920,1714
2913457,BA,202608,2469,6186,1659632,672.73,672.19,3773,8758,2327,583,863
2913507,BA,202608,4095,9925,2725844,665.65,665.65,7783,16013,4125,1059,2599
2913606,BA,202608,21332,53780,14021565,658.54,657.3,47597,100704,19603,10616,17378
2913705,BA,202608,6652,15741,4456768,669.99,669.99,10689,23793,6382,1615,2692
2913804,BA,202608,3501,8012,2363313,675.04,675.04,5814,11877,3550,699,1565
2913903,BA,202608,8274,17464,5442265,659.03,657.76,15889,28078,8457,1758,5674
2914000,BA,202608,10683,24018,7067689,661.89,661.58,21067,40668,11258,3129,6680
2914109,BA,202608,2014,5005,1337583,664.14,664.14,3942,8417,2122,462,1358
2914208,BA,202608,1252,3112,846044,677.38,675.75,2341,4824,1299,222,820
2914307,BA,202608,1870,4644,1253237,670.18,670.18,3192,7308,1829,475,888
2914406,BA,202608,4791,12669,3269212,682.51,682.37,8598,20420,4692,1510,2396
2914505,BA,202608,8394,16995,5459997,650.46,650.46,12336,22867,8547,1147,2642
2914604,BA,202608,12807,30847,8526731,666.72,665.79,23313,51003,12895,3773,6645
2914653,BA,202608,5668,14047,3911569,690.48,690.11,9744,20787,5607,1339,2798
2914703,BA,202608,13129,27348,8593379,654.73,654.53,24187,45306,13611,3413,7163
2914802,BA,202608,22169,51043,14521551,655.39,655.04,50956,105693,21237,10359,19360
2914901,BA,202608,5527,13694,3759736,680.37,680.25,8790,18814,5387,1208,2195
2915007,BA,202608,4026,8630,2698815,671.01,670.35,6158,11738,4068,506,1584
2915106,BA,202608,3391,7232,2255374,665.11,665.11,5936,10936,3509,544,1883
2915205,BA,202608,2840,6790,1907956,672.76,671.82,5693,11326,2813,820,2060
2915304,BA,202608,1124,2864,764301,680.59,679.98,2514,5153,1126,389,999
2915353,BA,202608,2924,7472,1927289,659.13,659.13,5310,11706,2591,991,1728
2915403,BA,202608,1436,3253,968495,674.44,674.44,2504,4960,1386,249,869
2915502,BA,202608,4037,8858,2668079,661.07,660.91,7615,14532,3917,954,2744
2915601,BA,202608,8041,21854,5505156,685.74,684.64,20599,45450,7589,4540,8470
2915700,BA,202608,1518,3684,1027671,677.44,676.99,2564,5305,1478,304,782
2915809,BA,202608,3394,8433,2255574,664.58,664.58,7605,16085,3079,1444,3082
2915908,BA,202608,1876,4244,1268404,676.12,676.12,3128,6055,1966,306,856
2916005,BA,202608,2900,6715,1903245,656.52,656.29,6015,12114,2869,937,2209
2916104,BA,202608,4796,10570,3153640,657.83,657.56,8500,15999,5236,932,2332
2916203,BA,202608,1617,3879,1081640,668.92,668.92,2898,6036,1549,453,896
2916302,BA,202608,2015,4450,1356889,675.74,673.39,3715,6862,1994,360,1361
2916401,BA,202608,10380,23903,6859626,662.19,660.85,23267,45258,10131,4000,9136
2916500,BA,202608,7438,17239,4966394,667.97,667.71,11503,24045,7291,1508,2704
2916609,BA,202608,1139,2568,741404,650.93,650.93,2336,4735,1064,374,898
2916708,BA,202608,1269,3334,861748,679.08,679.08,2388,5458,1221,433,734
2916807,BA,202608,2618,6553,1761579,672.87,672.87,4956,10849,2440,936,1580
2916856,BA,202608,3315,8174,2225669,673.42,671.39,5700,12883,3131,922,1647
2916906,BA,202608,2495,5334,1624126,651.21,650.95,4555,8512,2521,529,1505
2917003,BA,202608,8495,20150,5730083,674.52,674.52,12718,27590,8504,1238,2976
2917102,BA,202608,3316,7468,2191894,661.4,661.01,6638,12707,3321,950,2367
2917201,BA,202608,3172,8834,2135842,673.55,673.34,5493,14389,2987,1053,1453
2917300,BA,202608,5831,12535,3857558,662.24,661.56,8593,17053,5820,879,1894
2917334,BA,202608,1928,4972,1321628,686.2,685.49,3767,8131,1939,594,1234
2917359,BA,202608,1427,4157,973834,682.43,682.43,2951,7643,1384,520,1047
2917409,BA,202608,2231,5815,1490648,668.15,668.15,5159,11611,2195,727,2237
2917508,BA,202608,15282,34180,10165829,666.66,665.22,27620,55151,15916,3474,8230
2917607,BA,202608,5153,15267,3567578,692.73,692.33,13947,33977,4806,3949,5192
2917706,BA,202608,5605,13109,3717478,663.36,663.24,10296,22962,5340,1500,3456
2917805,BA,202608,4597,10697,3026155,658.29,658.29,6587,14243,4560,808,1219
2917904,BA,202608,2203,5432,1507484,684.29,684.29,3421,7510,2176,501,744
2918001,BA,202608,20259,48146,13316788,659.54,657.33,46225,96218,19234,9847,17144
2918100,BA,202608,8418,19079,5609922,666.42,666.42,13293,27257,8400,1601,3292
2918209,BA,202608,2829,7139,1858979,657.81,657.12,4606,10721,2693,788,1125
2918308,BA,202608,3231,6922,2178694,674.31,674.31,5744,10816,3361,582,1801
2918357,BA,202608,4244,12265,2879681,678.53,678.53,7969,20735,3808,1833,2328
2918407,BA,202608,39386,103497,27225935,692.12,691.26,67763,157684,38468,11948,17347
2918456,BA,202608,2035,5039,1378274,677.28,677.28,3699,7737,2134,455,1110
2918506,BA,202608,4139,9792,2795495,675.73,675.4,6312,13380,4093,553,1666
2918555,BA,202608,1495,2946,978878,654.77,654.77,2562,4365,1475,230,857
2918605,BA,202608,1225,3062,798359,651.72,651.72,2640,6069,1191,387,1062
2918704,BA,202608,586,1537,374236,638.63,638.63,1623,3555,531,327,765
2918753,BA,202608,2203,5995,1439222,653.3,653.3,3780,9743,1970,713,1097
2918803,BA,202608,4519,11335,3047666,674.56,674.41,6908,15973,4457,909,1542
2918902,BA,202608,694,1659,468329,674.83,674.83,1961,3606,736,273,952
2919009,BA,202608,804,1837,530507,659.83,659.83,1389,2973,769,204,416
2919058,BA,202608,1252,3491,845565,675.91,675.37,2201,5769,1201,384,616
2919108,BA,202608,2676,5615,1757010,656.58,656.58,4178,7948,2651,407,1120
2919157,BA,202608,5303,14078,3565432,672.47,672.34,9016,21775,4980,1559,2477
2919207,BA,202608,26624,62243,17569868,660.05,659.93,48472,103458,26596,8253,13623
2919306,BA,202608,1814,4467,1190546,656.31,656.31,3225,7044,1683,575,967
2919405,BA,202608,1787,4781,1163381,651.02,651.02,4125,9716,1581,791,1753
2919504,BA,202608,6010,17487,4037517,671.91,671.8,11299,30405,5511,2463,3325
2919553,BA,202608,13018,34411,9039546,695.94,694.39,26616,60968,14725,4619,7272
2919603,BA,202608,2664,6198,1795795,674.35,674.1,4476,9154,2703,493,1280
2919702,BA,202608,3200,7143,2107505,658.6,658.6,6118,11734,3107,850,2161
2919801,BA,202608,6741,18098,4620336,685.61,685.41,12417,30068,6516,2097,3804
2919900,BA,202608,1761,4390,1212286,688.41,688.41,2597,5817,1728,302,567
2919926,BA,202608,2965,6746,1961585,661.58,661.58,5214,10990,2945,696,1573
2919959,BA,202608,1683,3920,1094346,650.62,650.24,3124,6356,1744,351,1029
2920007,BA,202608,1785,4044,1203060,675.88,673.98,3310,6254,1823,328,1159
2920106,BA,202608,4174,9054,2746538,658.96,658.01,6644,13269,4285,662,1697
2920205,BA,202608,3682,9083,2485177,675.32,674.95,6100,13439,3731,795,1574
2920304,BA,202608,1507,3799,995562,660.63,660.63,2850,6784,1424,530,896
2920403,BA,202608,3135,7509,2058826,656.93,656.72,5620,11477,2973,810,1837
2920452,BA,202608,2747,6886,1894293,689.84,689.59,4559,9997,3070,403,1086
2920502,BA,202608,4086,10376,2705860,662.88,662.23,8344,19355,3839,1636,2869
2920601,BA,202608,10901,22154,7066029,648.26,648.2,15385,29656,11128,1603,2654
2920700,BA,202608,5939,13427,3992258,672.66,672.21,8844,18122,5810,1096,1938
2920809,BA,202608,2857,6154,1899297,664.79,664.79,4362,8550,2903,378,1081
2920908,BA,202608,2663,5798,1906371,715.87,715.87,5199,9462,2637,601,1961
2921005,BA,202608,7436,17938,4905679,660.34,659.72,15153,32711,7140,2682,5331
2921054,BA,202608,1959,5012,1316454,672.0,672.0,3516,8401,1886,617,1013
2921104,BA,202608,3546,8443,2376064,670.26,670.07,7565,15379,3332,1342,2891
2921203,BA,202608,4035,10345,2715724,673.04,673.04,7589,17808,3941,1240,2408
2921302,BA,202608,2130,5120,1415682,666.2,664.64,3850,8169,2082,604,1164
2921401,BA,202608,4626,9541,3042683,657.88,657.74,7332,13817,4691,575,2066
2921450,BA,202608,2009,5065,1335797,665.24,664.91,3546,8022,1931,536,1079
2921500,BA,202608,12648,28450,8351758,660.69,660.32,21175,43505,13126,2469,5580
2921609,BA,202608,1659,4396,1132222,682.47,682.47,2959,6655,1567,446,946
2921708,BA,202608,4599,13144,3084899,671.36,670.78,9028,23199,4159,2015,2854
2921807,BA,202608,1518,4157,999113,658.18,658.18,3465,8693,1360,739,1366
2921906,BA,202608,2112,5360,1448241,685.72,685.72,3644,8567,2063,541,1040
2922003,BA,202608,3467,9914,2284885,660.37,659.04,9954,23477,2778,2804,4372
2922052,BA,202608,3202,8165,2176375,679.69,679.69,4659,10919,3152,438,1069
2922102,BA,202608,5291,10689,3446448,651.75,651.38,7647,14220,5240,619,1788
2922201,BA,202608,1632,3417,1055142,646.53,646.53,2672,5375,1613,354,705
2922250,BA,202608,2674,7067,1871074,700.78,699.73,4361,10313,2814,507,1040
2922300,BA,202608,5847,13515,3840745,656.87,656.87,9835,20810,5771,1376,2688
2922409,BA,202608,3838,9846,2535272,660.57,660.57,6605,15643,3633,1223,1749
2922508,BA,202608,4886,11143,3184005,651.66,651.66,8208,17011,4620,1445,2143
2922607,BA,202608,2750,7106,1884607,686.31,685.31,4190,9811,2717,578,895
2922656,BA,202608,2963,7025,1965431,663.32,663.32,4601,10264,2830,678,1093
2922706,BA,202608,3162,6829,2050995,649.05,648.64,5427,10364,3027,709,1691
2922730,BA,202608,1850,4263,1235052,667.96,667.6,3270,6589,1823,467,980
2922755,BA,202608,1155,2909,758314,656.55,656.55,2116,4736,1112,373,631
2922805,BA,202608,2157,5012,1464226,678.83,678.83,3219,6611,2115,307,797
2922854,BA,202608,1809,4154,1213552,670.84,670.84,3093,6184,1819,337,937
2922904,BA,202608,5440,12538,3645741,670.42,670.17,8725,18651,5264,1148,2313
2923001,BA,202608,5662,15183,3850329,680.75,680.03,12211,28319,5264,2468,4479
2923035,BA,202608,2454,6133,1608596,655.77,655.5,4135,9202,2378,551,1206
2923050,BA,202608,1970,4595,1319160,669.96,669.62,2937,6344,1929,359,649
2923100,BA,202608,5283,12028,3516905,666.08,665.7,8251,17363,5186,1042,2023
2923209,BA,202608,4004,10279,2753657,687.9,687.73,7653,16754,4048,1139,2466
2923308,BA,202608,1726,3802,1144181,662.91,662.91,2806,5490,1711,334,761
2923357,BA,202608,4090,10244,2783138,681.97,680.47,6363,14455,4024,723,1616
2923407,BA,202608,3493,9357,2354849,674.55,674.16,7578,17638,3420,1305,2853
2923506,BA,202608,2214,5587,1510537,682.27,682.27,3567,7828,2296,437,834
2923605,BA,202608,3484,8616,2305875,661.85,661.85,6157,14064,3370,1058,1729
2923704,BA,202608,8392,19628,5735821,683.49,683.49,11691,25688,8396,1020,2275
2923803,BA,202608,4993,12910,3338516,668.64,668.64,8296,20002,5000,1311,1985
2923902,BA,202608,3720,6251,2411015,648.12,648.12,5574,8759,3728,352,1494
2924009,BA,202608,16835,41905,11341836,673.83,673.71,31116,70569,16112,5438,9566
2924058,BA,202608,3492,7955,2324171,665.76,665.57,5741,11852,3528,603,1610
2924108,BA,202608,1595,3537,1054089,660.87,660.87,2497,4949,1587,260,650
2924207,BA,202608,3983,8580,2689991,675.71,675.37,6423,12219,4431,503,1489
2924306,BA,202608,2777,7944,1918532,691.86,690.86,6069,15508,2662,1112,2295
2924405,BA,202608,8304,22590,5876958,708.15,707.73,11884,29172,8491,1283,2110
2924504,BA,202608,2496,6855,1637085,656.67,655.88,5088,12575,2285,816,1987
2924603,BA,202608,5052,11233,3339844,661.09,661.09,8136,16204,5190,850,2096
2924652,BA,202608,1758,4210,1171942,667.01,666.63,3178,6711,1676,592,910
2924678,BA,202608,1730,4389,1181163,683.15,682.75,2549,5952,1659,362,528
2924702,BA,202608,1517,4239,1011944,667.07,667.07,3143,7798,1429,565,1149
2924801,BA,202608,4764,9901,3116973,654.55,654.28,6897,13265,4730,649,1518
2924900,BA,202608,1316,3394,868106,659.66,659.66,2930,6236,1314,432,1184
2925006,BA,202608,4481,11042,3018099,673.53,673.53,9106,19412,4465,1368,3273
2925105,BA,202608,9136,22429,6101298,667.83,667.83,17516,38301,8746,2777,5993
2925204,BA,202608,5294,12099,3449290,651.92,651.55,9389,19833,5191,1409,2789
2925253,BA,202608,5131,12254,3480005,678.36,678.23,7740,16476,5220,652,1868
2925303,BA,202608,22165,58076,14829353,669.71,669.04,47614,108232,20551,10998,16065
2925402,BA,202608,2347,5351,1568388,668.25,668.25,3306,6843,2261,322,723
2925501,BA,202608,4510,14338,3239946,720.31,718.39,10646,26117,4256,2503,3887
2925600,BA,202608,3401,7827,2240476,658.77,658.77,5728,11976,3417,695,1616
2925709,BA,202608,2370,6069,1570031,662.46,662.46,4233,9859,2270,659,1304
2925758,BA,202608,6208,16343,4240159,683.68,683.02,8591,21402,6037,1176,1378
2925808,BA,202608,5906,13300,3907595,661.74,661.63,9240,18683,5954,1100,2186
2925907,BA,202608,5667,13803,3759771,663.68,663.45,9011,20355,5331,1195,2485
2925931,BA,202608,1745,3970,1126995,646.21,645.84,3737,7740,1725,538,1474
2925956,BA,202608,4563,10592,3044064,668.29,667.12,7308,15116,4479,836,1993
2926004,BA,202608,8083,21258,5513123,682.4,682.06,13917,32512,7851,2072,3994
2926103,BA,202608,3489,8017,2304060,660.38,660.38,5487,11786,3396,670,1421
2926202,BA,202608,4252,11432,2921960,687.52,687.2,7757,17432,4522,1023,2212
2926301,BA,202608,6303,14151,4112300,652.75,652.44,11555,23571,6040,1811,3704
2926400,BA,202608,5087,13801,3443067,676.84,676.84,9995,24035,4788,2001,3206
2926509,BA,202608,3036,7772,2065887,680.46,680.46,4815,10716,3150,554,1111
2926608,BA,202608,8552,21756,5709897,667.75,667.67,13525,31994,7879,2577,3069
2926657,BA,202608,1817,4552,1230839,677.4,677.4,3086,6664,1765,393,928
2926707,BA,202608,2044,5598,1341402,656.26,656.26,3880,9844,1909,727,1244
2926806,BA,202608,2553,6342,1683518,660.2,659.43,4807,10838,2606,658,1543
2926905,BA,202608,1232,3459,792626,643.37,643.37,2688,6449,1056,544,1088
2927002,BA,202608,6649,17169,4492314,675.74,675.64,12858,29042,6421,2122,4315
2927101,BA,202608,3922,8198,2650190,675.72,675.72,4773,9442,4043,194,536
2927200,BA,202608,5901,13660,3871703,656.11,656.11,10270,20836,5586,1561,3123
2927309,BA,202608,4846,9950,3186973,658.06,657.65,7489,13776,5286,679,1524
2927408,BA,202608,293721,642660,189725195,646.55,645.94,602736,1162730,304614,107144,190978
2927507,BA,202608,5495,12496,3639205,662.52,662.28,8976,18576,5412,1090,2474
2927606,BA,202608,2872,7505,1984294,691.39,690.91,4903,11692,2759,805,1339
2927705,BA,202608,5373,13378,3669743,683.12,683.0,10282,21813,5276,1737,3269
2927804,BA,202608,1145,2395,757457,661.53,661.53,2282,3999,1179,276,827
2927903,BA,202608,2164,5018,1434421,662.86,662.86,3978,8087,2135,519,1324
2928000,BA,202608,8536,20093,5657491,662.78,662.78,14385,30922,8297,2176,3912
2928059,BA,202608,2227,5515,1532829,688.6,688.29,4038,8577,2277,614,1147
2928109,BA,202608,7187,16997,4781049,665.51,665.24,14598,30535,7885,2056,4657
2928208,BA,202608,3753,11016,2611723,696.27,695.9,7715,19789,3696,1384,2635
2928307,BA,202608,2185,5166,1460465,669.63,668.41,3543,7387,2261,456,826
2928406,BA,202608,6835,16156,4662265,682.12,682.12,11732,24182,7787,1058,2887
2928505,BA,202608,1830,4537,1227136,670.93,670.57,3293,7400,1762,595,936
2928604,BA,202608,13671,27331,8916577,652.27,652.23,22066,40334,14010,2241,5815
2928703,BA,202608,13109,30787,8388750,639.97,639.92,27685,59128,12673,5963,9049
2928802,BA,202608,8248,21341,5567146,675.62,674.97,15306,36840,7891,2893,4522
2928901,BA,202608,5167,13833,3623888,702.17,701.35,9440,22585,5473,1471,2496
2928950,BA,202608,2046,4281,1333947,651.98,651.98,3545,6745,2092,411,1042
2929008,BA,202608,2006,4582,1289796,642.97,642.97,3502,7497,1954,637,911
2929057,BA,202608,2540,6494,1720437,677.6,677.34,5569,12028,2894,767,1908
2929107,BA,202608,4685,10938,3060991,653.5,653.36,7561,16083,4688,947,1926
2929206,BA,202608,8027,18424,5348431,666.39,666.31,13034,27349,8242,1519,3273
2929255,BA,202608,3669,9883,2433323,663.21,663.21,6417,15965,3396,1076,1945
2929305,BA,202608,4637,12152,3069953,662.91,662.06,9527,23787,4170,2265,3092
2929354,BA,202608,1603,3683,1059009,661.05,660.64,2816,5592,1565,374,877
2929370,BA,202608,1913,4977,1279118,669.7,668.65,3366,7524,1866,590,910
2929404,BA,202608,1936,4857,1300700,671.85,671.85,3482,7827,1960,496,1026
2929503,BA,202608,5542,13695,3601911,651.58,649.93,10591,24330,5173,1823,3595
2929602,BA,202608,3885,8682,2537211,653.08,653.08,6845,14012,3856,900,2089
2929701,BA,202608,3266,8593,2229946,683.61,682.78,5134,12354,3131,798,1205
2929750,BA,202608,3229,7142,2122084,657.2,657.2,5076,10356,3203,648,1225
2929800,BA,202608,2991,6064,1972781,659.57,659.57,4547,8340,3108,334,1105
2929909,BA,202608,8124,21302,5399694,664.74,664.66,14269,34964,7496,2683,4090
2930006,BA,202608,1504,3961,1009885,672.36,671.47,2688,6395,1442,447,799
2930105,BA,202608,13785,30508,9158238,664.56,664.36,25695,52140,13974,3534,8187
2930154,BA,202608,5859,17184,4136120,705.94,705.94,10713,27966,5399,1972,3342
2930204,BA,202608,9008,22964,6205025,689.75,688.83,12679,29622,8670,1508,2501
2930303,BA,202608,2619,7518,1811567,691.97,691.7,5709,13963,2728,1082,1899
2930402,BA,202608,2920,7232,1963311,672.37,672.37,5616,11861,2936,712,1968
2930501,BA,202608,17281,37998,11427743,661.29,661.29,30224,59594,18002,4042,8180
2930600,BA,202608,2547,6386,1714504,673.15,673.15,4747,10956,2534,683,1530
2930709,BA,202608,20407,45868,13487784,661.94,660.94,38372,76676,20953,5953,11466
2930758,BA,202608,3060,9009,2224636,727.01,727.01,4393,11822,2999,491,903
2930766,BA,202608,2868,6586,1876787,654.85,654.39,4201,8831,2807,550,844
2930774,BA,202608,4123,10752,2808360,682.14,681.14,7825,18173,3747,1524,2554
2930808,BA,202608,3312,9048,2240136,676.37,676.37,5270,13648,3178,766,1326
2930907,BA,202608,1789,5374,1238325,692.19,692.19,3736,9989,1739,675,1322
2931004,BA,202608,3968,10221,2591537,653.11,653.11,7108,16645,3639,1180,2289
2931053,BA,202608,3076,8624,2099508,682.99,682.54,5326,13750,2940,1014,1372
2931103,BA,202608,1649,3714,1075852,652.43,652.43,2699,5732,1575,396,728
2931202,BA,202608,4039,9609,2718722,673.12,673.12,5902,13025,3972,744,1186
2931301,BA,202608,3194,7546,2169028,679.09,679.09,4744,10031,3231,431,1082
2931350,BA,202608,13228,35047,8822135,669.76,666.93,39692,85807,12595,9834,17263
2931400,BA,202608,1908,3507,1222355,640.65,640.65,3163,5274,1941,322,900
2931509,BA,202608,3611,9145,2446538,677.71,677.52,6807,16148,3482,1034,2291
2931608,BA,202608,2801,6940,1911230,682.58,682.34,4016,9107,2755,452,809
2931707,BA,202608,3586,6517,2318169,646.45,646.45,6118,9857,3791,516,1811
2931806,BA,202608,3319,8256,2211606,666.95,666.35,5804,13153,3291,784,1729
2931905,BA,202608,14207,29821,9378624,660.19,660.14,21537,41532,15078,1970,4489
2932002,BA,202608,6514,14297,4315804,662.54,662.54,11117,21865,6482,1226,3409
2932101,BA,202608,3910,9469,2595883,663.91,663.91,6707,14547,3886,940,1881
2932200,BA,202608,3590,8202,2397145,667.73,667.73,7174,14360,3587,1079,2508
2932309,BA,202608,2778,6628,1889385,680.12,680.12,5747,11081,2895,702,2150
2932408,BA,202608,2968,7047,1971925,664.4,664.4,5439,11316,3112,790,1537
2932457,BA,202608,3236,7944,2195051,678.95,678.32,5006,11287,3200,570,1236
2932507,BA,202608,3129,7839,2095630,670.17,669.74,6629,14419,3073,1139,2417
2932606,BA,202608,3117,7848,2045542,656.46,656.25,5566,12475,2951,937,1678
2932705,BA,202608,5106,12201,3484604,682.45,682.45,8188,16638,4951,858,2379
2932804,BA,202608,3984,8835,2694967,676.96,676.45,6302,12469,4243,542,1517
2932903,BA,202608,14292,34886,9431880,660.5,659.94,23951,54356,13250,4445,6256
2933000,BA,202608,4903,10804,3197272,652.11,652.11,8616,17614,4815,1279,2522
2933059,BA,202608,3152,7042,2025911,643.35,642.74,5566,11006,2908,675,1983
2933109,BA,202608,1818,4172,1197399,659.0,658.64,3003,6366,1833,360,810
2933158,BA,202608,3432,7634,2297081,670.48,669.31,5444,10823,3423,543,1478
2933174,BA,202608,1960,4627,1302724,664.99,664.66,3117,6991,1900,465,752
2933208,BA,202608,11600,24352,7638507,658.55,658.49,19276,34987,12750,1718,4808
2933257,BA,202608,1044,2581,708210,678.36,678.36,2228,4634,1052,403,773
2933307,BA,202608,45853,117993,30503223,665.63,665.24,105900,243350,45042,22721,38137
2933406,BA,202608,1516,3980,1030862,679.99,679.99,2818,6555,1468,438,912
2933455,BA,202608,1982,5693,1396936,704.81,704.81,4331,9993,1966,1005,1360
2933505,BA,202608,4807,12765,3310237,688.77,688.63,7216,17288,4685,910,1621
2933604,BA,202608,11864,28890,8205034,691.59,691.59,17655,38350,11799,1617,4239
3100104,MG,202608,397,995,268598,678.28,676.57,1223,2673,427,245,551
3100203,MG,202608,1660,4025,1111862,671.01,669.8,4762,10405,1688,984,2090
3100302,MG,202608,1251,3447,860402,688.32,687.77,2663,6402,1411,462,790
3100401,MG,202608,402,1045,268897,672.24,668.9,1036,2322,420,207,409
3100500,MG,202608,994,2514,655080,661.7,659.03,2102,4958,932,431,739
3100609,MG,202608,1761,4895,1198616,681.03,680.65,3496,8631,1662,727,1107
3100708,MG,202608,191,495,131963,690.91,690.91,447,1015,187,71,189
3100807,MG,202608,369,1107,250814,679.71,679.71,920,2417,321,216,383
3100906,MG,202608,3337,7992,2267733,680.18,679.57,6376,13318,3520,847,2009
3101003,MG,202608,2853,6934,1942974,682.46,681.03,4811,10226,2844,558,1409
3101102,MG,202608,2465,6486,1650580,669.88,669.61,5914,13643,2299,1268,2347
3101201,MG,202608,178,505,107989,606.68,606.68,817,1815,144,265,408
3101300,MG,202608,319,807,211174,661.99,661.99,575,1350,326,89,160
3101409,MG,202608,251,729,170841,683.36,680.64,489,1244,226,112,151
3101508,MG,202608,2733,6929,1859235,680.29,680.29,7634,16627,2819,1564,3251
3101607,MG,202608,5699,13902,3843532,675.85,674.42,15122,31632,5685,2969,6468
3101631,MG,202608,413,1185,239455,582.62,579.79,1363,3713,262,502,599
3101706,MG,202608,5508,13940,3681916,668.59,668.47,12077,26006,5503,2132,4442
3101805,MG,202608,921,2357,616420,670.75,669.29,2324,4958,917,419,988
3101904,MG,202608,789,2403,534693,677.68,677.68,2291,6391,668,800,823
3102001,MG,202608,1160,3190,777498,670.84,670.26,2549,6164,1040,569,940
3102050,MG,202608,695,1968,467372,675.39,672.48,1647,4059,665,354,628
3102100,MG,202608,1238,3322,808365,657.21,652.96,2690,6584,1186,535,969
3102209,MG,202608,607,1666,397911,655.54,655.54,1385,3431,578,254,553
3102308,MG,202608,1384,3388,915323,661.84,661.36,3137,7098,1304,579,1254
3102407,MG,202608,735,1943,508026,692.13,691.19,1393,3271,735,219,439
3102506,MG,202608,655,1519,431475,660.76,658.74,1352,2838,711,201,440
3102605,MG,202608,1289,3412,816044,637.04,633.08,5005,12035,1103,1333,2569
3102704,MG,202608,1665,3602,1103434,662.72,662.72,3296,6054,1820,397,1079
3102803,MG,202608,1139,2756,742286,651.7,651.7,3039,6676,1092,674,1273
3102852,MG,202608,1014,3055,694272,686.72,684.69,2334,6220,844,604,886
3102902,MG,202608,959,2508,639043,666.36,666.36,2159,5239,871,465,823
3103009,MG,202608,667,1761,428887,647.87,643.01,2151,5253,577,509,1065
3103108,MG,202608,126,306,82407,654.02,654.02,378,761,129,64,185
3103207,MG,202608,162,440,105102,648.78,648.78,519,1241,133,100,286
3103306,MG,202608,160,415,108712,679.45,679.45,664,1425,200,116,348
3103405,MG,202608,3366,8688,2176530,647.2,646.62,10118,22689,2894,2625,4599
3103504,MG,202608,6505,16745,4387582,676.78,674.49,19220,42376,6145,4100,8975
3103603,MG,202608,409,957,271292,664.93,663.31,853,1669,488,128,237
3103702,MG,202608,685,2177,485773,709.16,709.16,1721,4800,696,578,447
3103751,MG,202608,495,1348,336159,683.25,679.11,1279,2979,437,291,551
3103801,MG,202608,119,306,79137,665.02,665.02,400,948,124,77,199
3103900,MG,202608,454,1228,312076,688.91,687.39,1111,2694,447,268,396
3104007,MG,202608,5331,14070,3575391,678.06,670.68,16445,37757,4870,3502,8073
3104106,MG,202608,326,852,211967,654.22,650.21,1111,2759,278,325,508
3104205,MG,202608,2382,6343,1606908,676.31,674.6,7105,17000,2337,1407,3361
3104304,MG,202608,905,2411,596737,662.31,659.38,2417,5893,816,541,1060
3104403,MG,202608,232,627,157143,677.34,677.34,891,1943,241,166,484
3104452,MG,202608,776,2098,529818,682.76,682.76,1635,3970,791,258,586
3104502,MG,202608,2170,5691,1470953,677.86,677.86,5362,11869,2072,1004,2286
3104601,MG,202608,661,1820,455539,689.17,689.17,2488,5830,732,679,1077
3104700,MG,202608,1642,4258,1086974,663.19,661.98,3353,7712,1526,665,1162
3104809,MG,202608,495,1252,332929,675.31,672.58,1209,2738,484,207,518
3104908,MG,202608,1289,3257,824516,639.66,639.66,3543,8338,1138,903,1502
3105004,MG,202608,866,2227,535425,618.27,618.27,1991,4455,697,604,690
3105103,MG,202608,1122,2732,751013,670.55,669.35,3402,7659,1106,748,1548
3105202,MG,202608,353,963,223218,632.35,632.35,1468,3411,296,333,839
3105301,MG,202608,181,443,107666,594.84,594.84,987,2392,149,317,521
3105400,MG,202608,1456,3993,1002390,691.3,688.45,3658,9434,1331,965,1362
3105509,MG,202608,545,1345,358937,659.81,658.6,1585,3395,567,292,726
3105608,MG,202608,7546,19453,4936418,656.09,654.18,23247,53760,7683,4870,10694
3105707,MG,202608,582,1682,387286,666.59,665.44,1554,3793,528,286,740
3105905,MG,202608,2106,5042,1376138,657.81,653.44,5477,12195,2082,1096,2299
3106002,MG,202608,754,1927,496091,657.95,657.95,1992,4840,689,438,865
3106101,MG,202608,121,361,76957,636.01,636.01,628,1621,85,192,351
3106200,MG,202608,126153,295565,82500679,655.05,653.97,321511,707798,121523,62883,137105
3106309,MG,202608,2157,5625,1428337,664.03,662.19,6161,14683,1964,1224,2973
3106408,MG,202608,717,1941,472165,659.45,658.53,1913,4614,700,418,795
3106507,MG,202608,1252,3107,826824,660.4,660.4,2957,6729,1192,513,1252
3106606,MG,202608,939,2504,645013,688.38,686.91,1699,3999,916,278,505
3106655,MG,202608,958,2302,644988,673.27,673.27,1794,3715,1052,211,531
3106705,MG,202608,28212,75547,18160093,644.96,643.7,84052,197408,25077,20798,38177
3106804,MG,202608,393,923,253035,652.15,643.85,875,1857,397,158,320
3106903,MG,202608,1269,3189,879378,692.97,692.97,3636,7311,1381,620,1635
3107000,MG,202608,221,567,152169,688.55,688.55,571,1208,241,98,232
3107109,MG,202608,2366,6838,1679253,710.64,709.74,8192,20590,2126,2317,3749
3107208,MG,202608,698,1692,453529,650.69,649.76,1394,3001,697,221,476
3107307,MG,202608,5983,15669,3999123,669.31,668.41,12434,29464,5489,2429,4516
3107406,MG,202608,3400,8714,2304768,682.29,677.87,8596,20180,3388,1996,3212
3107505,MG,202608,592,1432,387986,655.38,655.38,1697,3656,590,373,734
3107604,MG,202608,349,951,239925,687.46,687.46,874,2052,331,167,376
3107703,MG,202608,512,1336,341625,668.54,667.24,1354,3301,470,325,559
3107802,MG,202608,2168,5172,1439243,663.86,663.86,4257,9349,2062,705,1490
3107901,MG,202608,1122,3390,799066,712.82,712.18,2438,6788,1021,725,692
3108008,MG,202608,425,1350,298672,709.43,702.76,2853,7569,389,1104,1360
3108107,MG,202608,731,1760,465541,637.73,636.85,1672,3646,716,316,640
3108206,MG,202608,445,1186,303804,682.71,682.71,1693,3518,479,319,895
3108255,MG,202608,1764,4836,1246981,708.11,706.91,3294,7894,1758,455,1081
3108305,MG,202608,1210,3159,810316,669.68,669.68,3319,7611,1216,671,1432
3108404,MG,202608,981,2605,645815,658.99,658.32,2552,6188,859,674,1019
3108503,MG,202608,734,2023,507253,691.08,691.08,1590,3790,744,263,583
3108552,MG,202608,1987,5083,1358000,685.17,683.44,4476,9959,1962,766,1748
3108602,MG,202608,4163,11705,2863016,687.73,687.73,8538,21981,3844,1914,2780
3108701,MG,202608,532,1319,351114,659.99,659.99,1075,2365,535,179,361
3108800,MG,202608,466,1297,316282,678.72,678.72,947,2515,429,182,336
3108909,MG,202608,514,1480,343211,671.65,667.73,2439,6203,465,829,1145
3109006,MG,202608,1844,4964,1197553,649.43,649.43,6146,15832,1613,1571,2962
3109105,MG,202608,489,1293,325751,666.16,666.16,2601,5979,444,970,1187
3109204,MG,202608,984,2567,666842,678.37,677.68,2291,5196,929,502,860
3109253,MG,202608,538,1432,363056,674.83,674.83,1309,2985,523,204,582
3109303,MG,202608,2331,6606,1611893,691.5,691.5,7087,16291,2054,1765,3268
3109402,MG,202608,4265,10431,2928674,686.68,686.68,8767,17880,4607,1060,3100
3109451,MG,202608,706,1835,489391,697.14,693.19,1891,3924,767,302,822
3109501,MG,202608,513,1512,328040,643.22,639.45,2120,5796,405,670,1045
3109600,MG,202608,207,554,131904,637.22,637.22,838,2028,176,196,466
3109709,MG,202608,368,1120,238801,650.68,648.92,1309,3589,279,463,567
3109808,MG,202608,122,327,81060,664.43,664.43,564,1184,121,100,343
3109907,MG,202608,717,1903,489889,683.25,683.25,1929,4388,721,445,763
3110004,MG,202608,2315,6313,1579875,683.93,682.45,5516,13394,2151,1233,2132
3110103,MG,202608,583,1668,394476,677.79,676.63,1366,3395,552,303,511
3110202,MG,202608,464,1257,311376,672.52,671.07,1401,3230,485,280,636
3110301,MG,202608,876,2311,568877,656.14,649.4,2389,5385,786,528,1075
3110400,MG,202608,160,471,111367,696.04,696.04,392,1077,158,88,146
3110509,MG,202608,1540,3943,1011886,657.5,657.07,4197,9386,1415,855,1927
3110608,MG,202608,1424,3547,944897,664.02,663.55,4434,10207,1302,1021,2111
3110707,MG,202608,931,2477,618495,670.82,664.33,2968,6648,865,720,1383
3110806,MG,202608,418,1017,281075,674.04,672.43,1100,2217,496,163,441
3110905,MG,202608,1081,3120,739748,695.91,684.32,2929,7796,959,842,1128
3111002,MG,202608,1166,3278,761302,658.0,652.92,3319,8153,975,928,1416
3111101,MG,202608,665,1789,431752,655.16,649.25,4678,9756,552,1000,3126
3111150,MG,202608,726,1727,480006,661.17,661.17,1243,2722,744,218,281
3111200,MG,202608,3492,8509,2333342,668.39,668.2,9584,21684,3327,2007,4250
3111309,MG,202608,936,2539,619412,663.89,661.76,2579,6083,816,590,1173
3111408,MG,202608,789,2151,544783,692.23,690.47,2448,5403,728,466,1254
3111507,MG,202608,766,2321,530097,695.67,692.03,1713,4741,665,446,602
3111606,MG,202608,1619,4682,1083657,670.58,669.34,5194,13096,1372,1387,2435
3111705,MG,202608,595,1652,393411,661.19,661.19,1283,2975,598,264,421
3111804,MG,202608,488,1251,304033,632.09,623.02,1993,4178,410,455,1128
3111903,MG,202608,382,976,247615,648.21,648.21,1117,2781,355,298,464
3112000,MG,202608,910,2212,555159,610.06,610.06,2787,6556,732,817,1238
3112059,MG,202608,473,1337,325668,688.52,688.52,1132,2971,440,247,445
3112109,MG,202608,695,2164,477581,688.16,687.17,1192,3337,628,267,297
3112208,MG,202608,530,1275,344740,650.45,650.45,979,2244,536,189,254
3112307,MG,202608,2790,8716,1758940,632.48,630.44,9642,26460,1981,3531,4130
3112406,MG,202608,645,1635,435928,675.86,675.86,1455,3227,607,295,553
3112505,MG,202608,762,2044,510743,676.48,670.27,2049,4985,746,393,910
3112604,MG,202608,908,2130,599901,660.68,660.68,3102,6696,882,593,1627
3112653,MG,202608,608,1589,404815,665.81,665.81,1436,3171,600,260,576
3112703,MG,202608,1971,5367,1373341,696.77,696.77,3965,9958,1839,863,1263
3112802,MG,202608,414,1170,268543,650.23,648.65,1897,4351,333,471,1093
3112901,MG,202608,1158,3445,801343,694.4,692.01,2286,6321,1111,581,594
3113008,MG,202608,2673,7195,1802206,675.49,674.23,4972,12291,2451,976,1545
3113107,MG,202608,285,739,190545,668.58,668.58,573,1374,280,96,197
3113206,MG,202608,1605,4285,1065273,664.14,663.72,3366,9139,1396,1002,968
3113305,MG,202608,2745,7145,1861954,679.55,678.31,7685,16435,2939,1566,3180
3113404,MG,202608,4190,11920,2711671,648.88,647.18,12767,32355,3332,4420,5015
3113503,MG,202608,832,2009,530967,638.95,638.18,2426,5563,745,548,1133
3113602,MG,202608,486,1345,324374,681.46,667.44,1343,3284,437,317,589
3113701,MG,202608,2035,5162,1359891,670.56,668.25,5208,11544,1895,975,2338
3113800,MG,202608,265,781,182527,688.78,688.78,604,1605,223,128,253
3113909,MG,202608,816,2539,564606,693.62,691.92,2072,5823,654,717,701
3114006,MG,202608,669,1676,462415,693.28,691.2,2092,4809,715,409,968
3114105,MG,202608,835,2512,540000,649.82,646.71,2337,6554,614,769,954
3114204,MG,202608,640,1796,421686,661.99,658.88,2102,5298,541,675,886
3114303,MG,202608,1464,3941,957496,654.47,654.03,4953,11808,1236,1275,2442
3114402,MG,202608,733,2124,371744,507.85,507.15,3774,9611,287,1895,1592
3114501,MG,202608,1153,3217,809372,703.19,701.97,3587,9180,1251,720,1616
3114550,MG,202608,436,1154,292004,669.73,669.73,1400,3049,443,238,719
3114600,MG,202608,146,435,99134,679.0,679.0,679,1855,126,192,361
3114709,MG,202608,170,528,120612,709.48,709.48,593,1573,158,168,267
3114808,MG,202608,602,1377,388642,647.74,645.58,1202,2378,638,165,399
3114907,MG,202608,153,403,102238,668.22,668.22,410,1080,140,100,170
3115003,MG,202608,250,686,166094,664.38,664.38,638,1467,241,129,268
3115102,MG,202608,1451,3737,990245,683.4,682.46,4266,9075,1428,910,1928
3115201,MG,202608,405,1057,267077,661.08,659.45,797,1878,387,154,256
3115300,MG,202608,3319,8419,2232770,672.93,672.72,12708,25802,3610,2663,6435
3115359,MG,202608,508,1358,346759,685.29,682.6,1432,3268,523,217,692
3115409,MG,202608,353,983,237427,678.36,672.6,627,1592,326,122,179
3115458,MG,202608,1407,3867,978720,695.61,695.61,2815,6725,1348,453,1014
3115474,MG,202608,984,2346,648929,659.48,659.48,1885,4110,958,291,636
3115508,MG,202608,1374,3538,907062,665.0,660.16,3521,8393,1234,950,1337
3115607,MG,202608,85,210,54978,646.8,646.8,333,671,92,55,186
3115706,MG,202608,593,1646,398579,672.14,672.14,1451,3355,573,287,591
3115805,MG,202608,865,2138,575828,668.79,665.7,2219,4643,811,415,993
3115904,MG,202608,351,926,234017,666.72,666.72,833,1981,326,200,307
3116001,MG,202608,886,2595,607416,686.35,685.57,1556,4014,867,260,429
3116100,MG,202608,1351,3621,906766,671.18,671.18,3002,7340,1268,530,1204
3116159,MG,202608,2420,6264,1700542,703.28,702.7,4638,10387,2527,632,1479
3116209,MG,202608,231,669,150886,653.19,653.19,717,1758,193,187,337
3116308,MG,202608,634,1671,416207,657.52,656.48,1433,3692,613,316,504
3116407,MG,202608,411,1079,277784,675.87,675.87,1007,2389,390,210,407
3116506,MG,202608,924,2305,595944,644.96,644.96,2100,4836,843,470,787
3116605,MG,202608,1179,3216,811438,688.83,688.24,3946,10191,1094,1063,1789
3116704,MG,202608,576,1485,375980,657.31,652.74,1858,4171,574,460,824
3116803,MG,202608,1357,3556,912488,672.43,672.43,2782,6498,1317,486,979
3116902,MG,202608,256,683,175980,692.83,687.42,644,1434,249,118,277
3117009,MG,202608,1185,2986,787361,664.44,664.44,2251,5117,1156,328,767
3117108,MG,202608,475,1506,284383,607.66,598.7,1691,4743,318,677,696
3117207,MG,202608,306,889,199762,652.82,652.82,493,1323,259,124,110
3117306,MG,202608,2310,5826,1534055,666.98,664.09,6484,13855,2089,1340,3055
3117405,MG,202608,745,2060,507249,680.87,680.87,1249,3125,698,200,351
3117504,MG,202608,1900,5284,1256117,666.73,661.11,4549,11917,1689,975,1885
3117603,MG,202608,379,1011,260288,688.59,686.78,1109,2776,342,245,522
3117702,MG,202608,941,2613,633826,675.72,673.57,2758,6917,802,710,1246
3117801,MG,202608,633,1708,418014,660.37,660.37,2190,5296,573,575,1042
3117836,MG,202608,1378,3466,927855,674.31,673.33,2659,6040,1358,355,946
3117876,MG,202608,243,666,154334,637.74,635.12,825,2091,213,236,376
3117900,MG,202608,578,1655,365048,633.76,631.57,2021,5055,479,590,952
3118007,MG,202608,2333,6028,1568023,673.84,672.11,7767,19734,2140,1866,3761
3118106,MG,202608,596,1609,401432,676.95,673.54,1196,2912,561,185,450
3118205,MG,202608,514,1322,352093,687.68,685.01,1604,3401,519,243,842
3118304,MG,202608,3942,10756,2640657,672.61,669.88,13429,32716,3484,3970,5975
3118403,MG,202608,1902,5258,1290397,679.16,678.44,4780,10889,1683,1086,2011
3118502,MG,202608,223,515,143687,644.34,644.34,468,1014,227,90,151
3118601,MG,202608,41562,101994,27586541,665.35,663.74,106695,228319,43224,20146,43325
3118700,MG,202608,779,2125,536303,693.79,688.45,1884,4856,728,437,719
3118809,MG,202608,3691,9774,2491665,676.72,675.07,7187,17053,3483,1383,2321
3118908,MG,202608,1007,2468,661865,657.26,657.26,2271,4834,1014,403,854
3119005,MG,202608,382,1082,263560,695.41,689.95,821,1955,382,166,273
3119104,MG,202608,2696,6768,1849240,686.68,685.92,5677,12448,2576,1204,1897
3119203,MG,202608,1198,2878,789427,659.5,658.95,2411,5327,1154,456,801
3119302,MG,202608,2202,5639,1475522,671.61,670.08,5588,12144,2079,1109,2400
3119401,MG,202608,5711,14223,3762250,660.51,658.77,17168,38907,5045,4099,8024
3119500,MG,202608,1280,3282,856381,669.05,669.05,2887,6624,1222,530,1135
3119609,MG,202608,164,430,111136,681.82,677.66,598,1402,175,126,297
3119708,MG,202608,114,364,76383,670.03,670.03,464,1444,92,174,198
3119807,MG,202608,138,385,90343,659.44,654.66,559,1376,113,107,339
3119906,MG,202608,164,462,111663,680.87,680.87,614,1465,164,146,304
3119955,MG,202608,130,341,87936,676.43,676.43,1181,3232,126,213,842
3120003,MG,202608,473,1083,317142,671.91,670.49,912,1957,468,128,316
3120102,MG,202608,654,1555,444200,679.2,679.2,1902,3768,748,259,895
3120151,MG,202608,791,2118,549728,696.74,694.98,1464,3543,779,260,425
3120201,MG,202608,762,2084,522043,686.9,685.1,2542,6632,668,669,1205
3120300,MG,202608,1462,3366,981928,671.63,671.63,2423,5060,1458,257,708
3120409,MG,202608,335,913,231600,691.34,691.34,861,2210,330,200,331
3120508,MG,202608,643,1865,428460,673.68,666.35,1451,3998,562,510,379
3120607,MG,202608,397,1093,269986,680.07,680.07,1228,2783,371,263,594
3120706,MG,202608,326,913,220473,676.3,676.3,924,2414,290,239,395
3120805,MG,202608,1721,3901,1140927,664.1,662.94,3698,7958,1727,660,1311
3120839,MG,202608,521,1461,356092,683.48,683.48,1099,2553,523,209,367
3120870,MG,202608,1665,4112,1132128,680.77,679.96,2925,6398,1730,356,839
3120904,MG,202608,6214,15650,4141513,667.77,666.48,15389,35357,5615,3464,6310
3121001,MG,202608,900,2455,619673,690.06,688.53,2003,4824,895,386,722
3121100,MG,202608,675,1848,463403,686.52,686.52,1337,3432,645,294,398
3121209,MG,202608,440,1257,292083,668.38,663.82,1394,3512,360,395,639
3121258,MG,202608,1297,3318,909381,701.14,701.14,2588,5655,1315,399,874
3121308,MG,202608,464,1103,308749,668.29,665.41,1533,3176,571,296,666
3121407,MG,202608,335,888,208073,621.11,621.11,1010,2654,282,332,396
3121506,MG,202608,344,845,225751,656.25,656.25,818,1870,345,150,323
3121605,MG,202608,4360,11186,2859543,656.91,655.86,12481,29024,4073,2778,5630
3121704,MG,202608,434,1136,283691,653.67,653.67,942,2233,378,180,384
3121803,MG,202608,739,1893,491545,666.05,665.15,1725,3881,753,353,619
3121902,MG,202608,380,1014,254968,678.11,670.97,1040,2508,376,261,403
3122009,MG,202608,2256,6433,1470835,653.41,651.97,5188,13363,1941,1312,1935
3122108,MG,202608,590,1468,391383,664.49,663.36,1439,2965,631,222,586
3122207,MG,202608,1178,3236,795050,674.92,674.92,2119,5281,1078,386,655
3122306,MG,202608,9084,23048,6017547,663.16,662.43,32683,72972,8732,7699,16252
3122355,MG,202608,1240,2942,810835,653.9,653.9,2487,5322,1186,439,862
3122405,MG,202608,336,987,227244,682.41,676.32,968,2713,280,320,368
3122454,MG,202608,2156,4870,1486886,689.97,689.65,3805,7258,2426,360,1019
3122470,MG,202608,331,881,227757,688.09,688.09,1021,2290,329,206,486
3122504,MG,202608,287,821,198407,691.31,691.31,1104,2630,261,326,517
3122603,MG,202608,608,1525,399049,657.41,656.33,1191,2829,576,202,413
3122702,MG,202608,358,919,243068,682.78,678.96,1108,2549,421,188,499
3122801,MG,202608,273,801,181469,664.72,664.72,597,1579,236,162,199
3122900,MG,202608,470,1343,315545,671.37,671.37,1383,3469,446,395,542
3123007,MG,202608,519,1389,352103,678.43,678.43,1613,4107,453,485,675
3123106,MG,202608,707,1885,483557,683.96,683.96,1407,3508,706,235,466
3123205,MG,202608,598,1491,378267,633.61,632.55,2493,5539,525,635,1333
3123304,MG,202608,503,1406,339054,674.06,674.06,1161,2889,459,279,423
3123403,MG,202608,121,327,84063,694.74,694.74,307,697,123,58,126
3123502,MG,202608,102,220,66680,653.73,653.73,351,708,140,66,145
3123528,MG,202608,976,3170,703349,721.38,720.64,1866,5347,990,408,468
3123601,MG,202608,1668,4518,1115918,670.62,669.02,4548,10954,1557,1069,1922
3123700,MG,202608,984,2545,673410,685.75,684.36,2795,5902,1028,508,1259
3123809,MG,202608,1119,2697,742907,664.5,663.9,2304,4957,1092,394,818
3123858,MG,202608,794,2068,544766,686.1,686.1,1728,4052,788,311,629
3123908,MG,202608,801,2091,546131,681.81,681.81,2551,6226,823,639,1089
3124005,MG,202608,1467,4538,1013281,691.19,690.72,4237,10918,1305,1538,1394
3124104,MG,202608,9786,24886,6591102,678.38,673.52,22216,49801,9545,4415,8256
3124203,MG,202608,2054,5699,1334843,654.01,649.87,5304,12609,1882,1465,1957
3124302,MG,202608,4878,12567,3288633,674.45,674.18,9717,22354,4750,1644,3323
3124401,MG,202608,871,2692,635705,729.86,729.86,1492,4126,816,326,350
3124500,MG,202608,667,2003,453314,682.7,679.63,1893,4925,585,476,832
3124609,MG,202608,229,583,154774,690.96,675.87,585,1216,228,117,240
3124708,MG,202608,112,305,70336,628.0,628.0,519,1167,104,135,280
3124807,MG,202608,516,1323,346806,673.41,672.1,1483,3212,532,266,685
3124906,MG,202608,1087,2715,729572,671.18,671.18,2989,6341,1216,639,1134
3125002,MG,202608,490,1205,334698,687.26,683.06,1237,2705,518,219,500
3125101,MG,202608,1867,5023,1237115,662.62,662.62,7596,18601,1699,1841,4056
3125200,MG,202608,171,473,115694,684.58,676.57,459,1079,160,100,199
3125309,MG,202608,414,1063,287471,694.37,694.37,985,2041,494,140,351
3125408,MG,202608,787,2027,524234,666.12,666.12,1836,4445,724,338,774
3125507,MG,202608,379,832,245937,648.91,648.91,1024,2230,377,152,495
3125606,MG,202608,1055,2871,712031,674.91,674.91,2092,5159,969,399,724
3125705,MG,202608,1264,3229,839879,669.23,664.46,3641,7825,1115,840,1686
3125804,MG,202608,218,577,143661,668.19,659.0,802,1965,212,175,415
3125903,MG,202608,803,2061,512983,639.63,638.83,1827,4566,701,490,636
3125952,MG,202608,1156,3462,736913,637.47,637.47,2674,7025,927,875,872
3126000,MG,202608,456,1148,302934,664.33,664.33,1596,3820,437,316,843
3126109,MG,202608,1822,4785,1203867,662.19,660.74,7901,19164,1691,2158,4052
3126208,MG,202608,1492,3716,1033941,692.99,692.99,2948,6298,1434,398,1116
3126307,MG,202608,144,412,98635,684.97,684.97,442,1094,135,118,189
3126406,MG,202608,294,800,198308,676.82,674.52,792,1885,290,158,344
3126505,MG,202608,1030,2416,673725,654.1,654.1,2484,5352,1049,307,1128
3126604,MG,202608,760,1870,509681,670.63,670.63,1544,3355,756,257,531
3126703,MG,202608,3730,9107,2463041,660.69,660.33,7471,15927,3727,1081,2663
3126752,MG,202608,598,1592,393241,657.59,657.59,1232,3063,543,280,409
3126802,MG,202608,917,2497,620981,677.19,677.19,1778,4092,921,323,534
3126901,MG,202608,1310,3115,862247,659.21,658.2,3131,6222,1282,495,1354
3126950,MG,202608,698,1744,468966,671.87,671.87,1241,2847,697,151,393
3127008,MG,202608,1017,2772,681253,671.85,669.87,2741,6793,899,571,1271
3127057,MG,202608,1507,2839,989961,657.34,656.91,2395,4007,1723,116,556
3127073,MG,202608,612,1729,424814,694.14,694.14,1553,3813,596,270,687
3127107,MG,202608,3072,8099,2049828,678.08,667.26,10417,22377,2683,2571,5163
3127206,MG,202608,485,1278,312641,647.29,644.62,1253,2913,465,293,495
3127305,MG,202608,637,1726,426576,679.26,669.66,1725,3834,646,331,748
3127339,MG,202608,863,2128,583373,675.98,675.98,1922,4337,874,292,756
3127354,MG,202608,376,922,237656,632.06,632.06,1013,2294,340,210,463
3127370,MG,202608,446,1065,299295,671.07,671.07,1024,2110,491,120,413
3127388,MG,202608,348,891,222549,641.35,639.51,1197,2604,316,279,602
3127404,MG,202608,155,410,98857,637.79,637.79,566,1377,139,149,278
3127503,MG,202608,612,1728,406904,665.96,664.88,1582,3971,581,375,626
3127602,MG,202608,737,2077,482919,656.14,655.25,2114,5537,619,647,848
3127701,MG,202608,13697,36888,9094435,669.1,663.97,49349,113168,12944,11350,25055
3127800,MG,202608,1541,4082,1051193,683.04,682.15,3504,8249,1547,695,1262
3127909,MG,202608,29,81,17560,605.52,605.52,241,546,31,57,153
3128006,MG,202608,3862,9214,2592441,671.27,671.27,8145,17984,3792,1373,2980
3128105,MG,202608,732,2098,485050,662.64,662.64,2043,5195,596,533,914
3128204,MG,202608,855,2303,592715,693.23,693.23,2104,4939,929,332,843
3128253,MG,202608,889,2054,604313,679.77,679.77,1959,3864,978,243,738
3128303,MG,202608,849,2546,566200,668.48,666.9,2537,6555,709,664,1164
3128402,MG,202608,616,1603,407490,664.75,661.51,1681,3974,567,450,664
3128501,MG,202608,447,1042,293988,657.69,657.69,1194,2453,480,223,491
3128600,MG,202608,494,1328,343887,696.13,696.13,1510,3398,470,330,710
3128709,MG,202608,2344,5859,1562637,666.65,666.65,7838,17732,2099,1815,3924
3128808,MG,202608,753,1971,526375,701.83,699.04,2041,4481,864,395,782
3128907,MG,202608,953,2510,664008,696.76,696.76,2528,5813,967,465,1096
3129004,MG,202608,653,1755,430908,660.9,659.89,1662,3904,626,341,695
3129103,MG,202608,464,1158,314698,678.23,678.23,1407,2729,530,206,671
3129202,MG,202608,295,816,204347,692.7,692.7,1115,2757,275,346,494
3129301,MG,202608,1075,2838,713387,666.09,663.62,2917,6477,1022,579,1316
3129400,MG,202608,530,1354,348425,657.41,657.41,1222,2869,486,273,463
3129509,MG,202608,1693,4312,1154683,683.24,682.03,4055,8693,1637,731,1687
3129608,MG,202608,1216,3147,843378,694.71,693.57,2389,5405,1226,367,796
3129657,MG,202608,832,2386,571530,687.76,686.94,1935,4777,777,360,798
3129707,MG,202608,1037,2837,721815,701.47,696.06,2273,5485,1009,467,797
3129806,MG,202608,12223,32580,8200639,672.79,670.92,32406,79667,10758,8097,13551
3129905,MG,202608,211,583,136043,647.82,644.75,598,1394,177,137,284
3130002,MG,202608,223,613,144920,658.73,649.87,607,1478,202,137,268
3130051,MG,202608,1450,4200,986500,680.34,680.34,2695,7226,1334,561,800
3130101,MG,202608,3154,8648,2098683,667.94,665.4,7674,19202,2776,1910,2988
3130200,MG,202608,315,925,205410,652.1,652.1,1444,3924,235,621,588
3130309,MG,202608,393,1034,264535,673.12,673.12,1172,2712,356,236,580
3130408,MG,202608,582,1569,391616,675.2,672.88,1288,3439,518,320,450
3130507,MG,202608,788,2225,550156,700.84,698.17,2263,5807,748,653,862
3130556,MG,202608,1197,3211,804424,672.6,672.03,2072,5122,1131,351,590
3130606,MG,202608,427,1124,293702,687.83,687.83,1540,3408,462,413,665
3130655,MG,202608,1187,3159,792333,667.51,667.51,2111,5220,1123,384,604
3130705,MG,202608,374,1028,244503,659.04,653.75,985,2450,318,298,369
3130804,MG,202608,183,479,123818,680.32,676.6,501,1169,173,108,220
3130903,MG,202608,3211,8276,2135451,665.87,665.04,6831,15386,3321,1045,2465
3131000,MG,202608,739,1826,493649,672.55,668.0,1652,3696,715,317,620
3131109,MG,202608,700,1855,472602,675.15,675.15,2083,4891,658,461,964
3131158,MG,202608,1034,2930,686648,672.52,664.07,3042,7731,928,861,1253
3131208,MG,202608,1991,5233,1332533,669.28,669.28,4573,10291,1844,851,1878
3131307,MG,202608,13341,33728,8784959,662.77,658.49,35320,81607,12561,7466,15293
3131406,MG,202608,436,1034,293301,672.71,672.71,1054,2037,443,147,464
3131505,MG,202608,295,915,188432,640.93,638.75,1657,4380,211,514,932
3131604,MG,202608,609,1676,386118,635.06,634.02,1780,4068,453,501,826
3131703,MG,202608,4352,11581,2885119,666.16,662.94,13518,35057,3898,3426,6194
3131802,MG,202608,1493,3691,1010700,677.41,676.96,3307,7344,1559,478,1270
3131901,MG,202608,2280,5852,1535312,674.57,673.38,5881,14240,2025,1278,2578
3132008,MG,202608,663,1629,436310,658.08,658.08,1331,2992,654,200,477
3132107,MG,202608,2650,6800,1819958,686.78,686.78,5319,12144,2617,914,1788
3132206,MG,202608,662,1759,427228,645.36,645.36,2342,5831,561,568,1213
3132305,MG,202608,2042,5621,1436229,704.38,703.34,3360,8200,2013,503,844
3132404,MG,202608,4159,11110,2757666,663.06,663.06,13205,30575,4049,3248,5908
3132503,MG,202608,3432,9182,2309248,673.64,672.86,7906,19773,3139,1808,2959
3132602,MG,202608,298,811,201354,675.68,675.68,1025,2294,299,246,480
3132701,MG,202608,2771,7362,1877739,678.13,677.64,5890,13680,2616,1061,2213
3132800,MG,202608,252,650,168087,667.01,667.01,669,1522,245,121,303
3132909,MG,202608,549,1777,377439,690.02,687.5,1483,4196,453,468,562
3133006,MG,202608,1012,2696,678425,671.04,670.38,2671,6496,932,608,1131
3133105,MG,202608,615,1601,400702,653.67,651.55,2048,5180,543,580,925
3133204,MG,202608,591,1628,408704,691.55,691.55,2263,5290,560,739,964
3133303,MG,202608,2171,5516,1468693,676.51,676.51,5780,12647,2205,1093,2482
3133402,MG,202608,932,2132,604543,652.15,648.65,2319,4739,897,394,1028
3133501,MG,202608,976,2394,635286,650.91,650.91,3160,7697,903,706,1551
3133600,MG,202608,733,2002,486260,664.29,663.38,2071,4794,643,492,936
3133709,MG,202608,700,1903,470069,673.45,671.53,2692,6325,694,567,1431
3133758,MG,202608,476,1262,312057,661.14,655.58,2157,5201,406,522,1229
3133808,MG,202608,2835,7158,1898340,670.55,669.61,7767,17784,2647,1804,3316
3133907,MG,202608,548,1505,371266,677.49,677.49,1104,2802,535,208,361
3134004,MG,202608,2115,5192,1431071,677.27,676.63,4500,9875,2079,715,1706
3134103,MG,202608,926,2292,625690,676.42,675.69,1898,4187,914,296,688
3134202,MG,202608,4798,12506,3098271,646.82,645.74,21040,43332,4035,4973,12032
3134301,MG,202608,634,1623,423159,668.5,667.44,1379,3230,641,253,485
3134400,MG,202608,3643,8429,2498997,687.1,685.97,9308,17169,4467,1250,3591
3134509,MG,202608,270,668,173917,658.78,644.14,903,2097,265,205,433
3134608,MG,202608,1377,3810,925628,675.64,672.21,3257,7981,1240,915,1102
3134707,MG,202608,1798,4317,1182865,657.88,657.88,3540,7455,1788,555,1197
3134806,MG,202608,542,1556,384830,711.33,710.02,1653,4214,533,342,778
3134905,MG,202608,817,2239,537738,662.24,658.19,3613,8777,720,829,2064
3135001,MG,202608,206,499,135067,655.67,655.67,703,1632,180,159,364
3135050,MG,202608,6662,17742,4681817,703.08,702.76,12164,28910,6499,1899,3766
3135076,MG,202608,588,1565,401149,682.23,682.23,1419,3199,600,273,546
3135100,MG,202608,7367,19126,4968823,674.93,674.47,19854,47630,6950,4432,8472
3135209,MG,202608,9859,25520,6768186,686.92,686.5,19527,45142,9566,3383,6578
3135308,MG,202608,187,532,123922,662.68,662.68,810,1933,156,202,452
3135357,MG,202608,1376,3767,930861,676.5,676.5,2970,7367,1306,574,1090
3135407,MG,202608,427,1084,272891,642.1,639.09,1090,2709,381,238,471
3135456,MG,202608,682,1976,466560,684.11,684.11,1601,4270,640,366,595
3135506,MG,202608,1340,3582,899826,672.52,671.51,2824,6966,1400,538,886
3135605,MG,202608,1462,3108,975747,667.41,667.41,3077,5436,1730,361,986
3135704,MG,202608,564,1489,379615,674.27,673.08,1194,2945,528,288,378
3135803,MG,202608,3168,7539,2136518,674.41,674.41,7094,14692,3375,1167,2552
3135902,MG,202608,614,1686,414411,679.36,674.94,1461,3469,587,294,580
3136009,MG,202608,2803,6569,1876402,669.67,669.43,4971,10394,2777,701,1493
3136108,MG,202608,540,1270,347475,643.47,643.47,1100,2426,548,201,351
3136207,MG,202608,3276,8223,2155948,660.12,658.1,7572,17623,2968,1769,2835
3136306,MG,202608,4586,11471,3092361,676.67,674.3,10935,24098,4365,2096,4474
3136405,MG,202608,634,1497,417739,662.03,658.89,1545,3018,678,226,641
3136504,MG,202608,923,2696,628116,680.52,680.52,2022,5318,815,517,690
3136520,MG,202608,526,1446,346152,658.08,658.08,1092,2753,484,231,377
3136553,MG,202608,555,1479,367869,662.83,662.83,1203,2774,549,231,423
3136579,MG,202608,592,1521,398038,673.5,672.36,1246,2855,594,184,468
3136603,MG,202608,690,1798,461490,669.8,668.83,1495,3465,672,294,529
3136652,MG,202608,2950,7334,1974988,670.62,669.49,7317,16443,2890,1421,3006
3136702,MG,202608,25109,65473,16978280,676.18,676.18,75068,165136,25642,17478,31948
3136801,MG,202608,559,1374,369270,661.77,660.59,1340,2976,550,277,513
3136900,MG,202608,484,1505,338890,706.02,700.19,1412,3898,429,446,537
3136959,MG,202608,1024,2726,696471,681.48,680.15,2158,5045,1015,325,818
3137007,MG,202608,2218,6195,1548701,698.56,698.24,3882,9667,2130,572,1180
3137106,MG,202608,633,1525,417085,658.9,658.9,1577,3379,603,221,753
3137205,MG,202608,2713,7119,1733924,640.3,639.12,8719,21345,2309,2204,4206
3137304,MG,202608,608,1508,403530,664.79,663.7,1335,2877,625,237,473
3137403,MG,202608,885,2877,606144,685.68,684.91,2284,6993,734,844,706
3137502,MG,202608,1434,3675,966745,675.57,674.16,3255,7522,1345,638,1272
3137536,MG,202608,640,1688,413939,646.78,646.78,2385,5290,518,665,1202
3137601,MG,202608,3786,9784,2505755,662.55,661.85,9775,23279,3401,2412,3962
3137700,MG,202608,2501,7713,1678778,673.94,671.24,5017,13468,2148,1240,1629
3137809,MG,202608,1732,4667,1151129,665.39,664.62,4956,11390,1610,1084,2262
3137908,MG,202608,342,944,222242,649.83,649.83,775,1909,314,176,285
3138005,MG,202608,447,1124,288554,645.53,645.53,1413,3072,406,361,646
3138104,MG,202608,1130,2690,761965,674.31,674.31,2414,5075,1136,330,948
3138203,MG,202608,4979,12606,3266033,659.94,655.96,18626,43936,4594,4433,9599
3138302,MG,202608,224,594,154370,689.15,689.15,545,1292,225,128,192
3138351,MG,202608,409,1082,277819,679.26,679.26,1150,2756,404,246,500
3138401,MG,202608,3063,8316,2041223,671.23,666.41,11520,25829,2950,3185,5385
3138500,MG,202608,490,1152,317929,650.16,648.83,1158,2406,496,233,429
3138609,MG,202608,1333,3396,882574,663.09,662.1,3784,8364,1373,913,1498
3138625,MG,202608,285,759,184969,649.01,649.01,1462,3107,240,244,978
3138658,MG,202608,1422,3760,955093,671.65,671.65,2949,7039,1394,599,956
3138674,MG,202608,770,2444,526262,695.19,683.46,1756,4974,694,498,564
3138682,MG,202608,1122,3296,781551,696.57,696.57,2055,5393,1060,332,663
3138708,MG,202608,466,1217,307832,660.58,660.58,1257,2944,428,274,555
3138807,MG,202608,1147,2849,747503,655.13,651.7,3127,7189,1018,643,1466
3138906,MG,202608,1147,2568,755960,659.08,659.08,2457,4711,1240,349,868
3139003,MG,202608,2270,6321,1509691,670.97,665.06,7882,19009,2054,1789,4039
3139102,MG,202608,316,857,207545,656.79,656.79,982,2489,272,272,438
3139201,MG,202608,1654,4490,1106881,670.02,669.21,3575,8972,1466,986,1123
3139250,MG,202608,751,1960,463627,617.35,617.35,1795,4223,663,449,683
3139300,MG,202608,3031,7923,2070817,683.21,683.21,6500,15209,2843,1248,2409
3139409,MG,202608,3955,12678,2710126,686.11,685.24,13422,35896,3295,4611,5516
3139508,MG,202608,2497,6166,1673711,671.36,670.29,5900,12573,2701,1050,2149
3139607,MG,202608,2423,6055,1633650,674.5,674.23,6891,14684,2509,1222,3160
3139706,MG,202608,927,2268,618157,670.45,666.84,2088,4769,915,353,820
3139805,MG,202608,632,1818,425431,678.52,673.15,2040,5033,544,625,871
3139904,MG,202608,1294,3641,878439,682.55,678.86,3080,7489,1227,661,1192
3140001,MG,202608,5769,14398,3933765,682.23,681.88,14080,30719,5906,2431,5743
3140100,MG,202608,670,1682,451816,678.4,674.35,1469,3199,699,259,511
3140159,MG,202608,1062,2843,687546,648.02,647.41,2982,7408,975,783,1224
3140209,MG,202608,168,572,120712,718.52,718.52,763,1847,132,225,406
3140308,MG,202608,355,996,240077,678.18,676.27,1091,2654,328,221,542
3140407,MG,202608,392,1117,270566,690.22,690.22,701,1819,393,119,189
3140506,MG,202608,1172,3027,828821,707.19,707.19,2905,6623,1229,507,1169
3140530,MG,202608,1216,3522,841199,691.78,691.78,2448,6232,1222,441,785
3140555,MG,202608,1653,3918,1101293,666.24,666.24,2798,5939,1650,349,799
3140605,MG,202608,673,1709,447960,665.62,665.62,1612,3523,708,246,658
3140704,MG,202608,2169,5737,1439821,669.68,663.82,5568,13043,2113,1343,2112
3140803,MG,202608,932,2481,634411,682.9,680.7,2949,6699,1011,637,1301
3140852,MG,202608,1495,4008,1017928,681.8,680.89,3087,7261,1423,609,1055
3140902,MG,202608,2690,7763,1818257,677.19,675.93,5340,13646,2420,1366,1554
3141009,MG,202608,1790,4647,1201452,671.2,671.2,3825,8372,1722,666,1437
3141108,MG,202608,2382,6188,1580892,664.8,663.68,5937,14785,2113,1459,2365
3141207,MG,202608,194,555,141541,729.59,729.59,799,1793,202,111,486
3141306,MG,202608,315,859,214445,685.13,680.78,853,2074,318,143,392
3141405,MG,202608,2333,6130,1559989,669.52,668.66,5754,13386,2240,1148,2366
3141504,MG,202608,615,1621,407360,662.37,662.37,1584,3586,587,304,693
3141603,MG,202608,835,2153,559743,670.35,670.35,2722,6113,944,650,1128
3141702,MG,202608,420,1120,278590,664.89,663.31,1241,2982,428,226,587
3141801,MG,202608,2762,7396,1849373,671.52,669.58,6601,16237,2536,1373,2692
3141900,MG,202608,292,744,182601,627.49,625.35,760,1794,257,187,316
3142007,MG,202608,1933,4903,1287525,666.08,666.08,4088,9603,1817,769,1502
3142106,MG,202608,593,1579,387540,653.52,653.52,2130,4955,624,557,949
3142205,MG,202608,852,2281,581184,682.94,682.14,2624,6093,857,612,1155
3142254,MG,202608,590,1640,407372,691.63,690.46,1434,3408,608,246,580
3142304,MG,202608,363,979,239297,661.04,659.22,1131,2733,327,279,525
3142403,MG,202608,567,1624,392144,691.61,691.61,1496,3666,553,344,599
3142502,MG,202608,182,490,120886,664.21,664.21,660,1452,222,117,321
3142601,MG,202608,418,1224,253934,611.89,607.5,1309,3223,293,519,497
3142700,MG,202608,1987,5384,1340336,674.55,674.55,3919,9662,1798,869,1252
3142809,MG,202608,1647,4152,1104227,670.45,670.45,4371,9412,1561,801,2009
3142908,MG,202608,2855,7127,1914557,671.07,670.6,5872,13029,3033,957,1882
3143005,MG,202608,797,2214,524942,665.33,658.65,2177,5453,708,571,898
3143104,MG,202608,1294,3645,886080,684.76,684.76,5010,11537,1226,1427,2357
3143153,MG,202608,602,1757,420561,698.61,698.61,1275,3363,563,257,455
3143203,MG,202608,1215,3317,800640,660.05,658.96,3841,9200,1057,1015,1769
3143302,MG,202608,26946,75383,18181322,675.11,674.73,81737,207220,23874,23111,34752
3143401,MG,202608,1367,3450,944637,691.03,691.03,3532,7773,1349,712,1471
3143450,MG,202608,1068,2761,720312,675.08,674.45,2189,5102,1086,341,762
3143500,MG,202608,299,882,206937,694.42,692.1,1668,4164,277,405,986
3143609,MG,202608,226,616,149961,663.54,663.54,809,1956,205,204,400
3143708,MG,202608,421,1066,277447,659.02,659.02,913,1953,419,146,348
3143807,MG,202608,683,1908,475048,703.77,695.53,1606,3949,675,315,616
3143906,MG,202608,6317,15972,4193445,665.52,663.83,19794,43614,6142,4573,9079
3144003,MG,202608,1871,6072,1243043,664.73,664.37,5272,14169,1431,1703,2138
3144102,MG,202608,930,2859,649143,705.59,698.0,3773,9635,836,1126,1811
3144201,MG,202608,259,711,174929,675.4,675.4,845,1921,262,175,408
3144300,MG,202608,2895,7063,1911326,660.22,660.22,8743,18376,2671,2009,4063
3144359,MG,202608,1035,2561,703651,683.16,679.86,2554,5742,995,412,1147
3144375,MG,202608,517,1362,352262,681.36,681.36,1151,2570,492,205,454
3144409,MG,202608,242,647,158227,653.83,653.83,750,1869,243,190,317
3144508,MG,202608,688,1783,460627,669.52,669.52,1779,4398,635,377,767
3144607,MG,202608,1979,5402,1328555,674.39,671.33,4919,12368,1807,1186,1926
3144656,MG,202608,1632,4009,1070673,656.05,656.05,3364,7568,1626,528,1210
3144672,MG,202608,523,1516,346301,663.41,662.14,1216,3091,451,293,472
3144706,MG,202608,1024,2739,669666,656.54,653.97,3154,7553,991,632,1531
3144805,MG,202608,4112,10677,2685110,654.75,652.99,12164,29708,3652,2947,5565
3144904,MG,202608,495,1287,335181,677.13,677.13,1144,2716,468,218,458
3145000,MG,202608,859,2274,600781,699.4,699.4,3041,6376,960,599,1482
3145059,MG,202608,1237,3095,831324,672.05,672.05,2613,5630,1200,478,935
3145109,MG,202608,1077,3352,746334,697.51,692.97,2822,7237,915,950,957
3145208,MG,202608,3939,11333,2627747,669.15,667.11,13784,36017,3121,5355,5308
3145307,MG,202608,3338,9718,2299180,689.2,688.79,6576,17707,3114,1451,2011
3145356,MG,202608,1698,4192,1146050,674.94,674.94,3260,7061,1705,497,1058
3145372,MG,202608,675,1824,457064,678.14,677.13,1558,3803,650,311,597
3145406,MG,202608,178,445,117385,663.19,659.47,546,1170,189,115,242
3145455,MG,202608,978,2589,674966,690.15,690.15,1973,4479,1027,295,651
3145505,MG,202608,255,677,171613,672.99,672.99,834,1911,252,184,398
3145604,MG,202608,2535,6170,1650844,654.06,651.22,6706,15822,2271,1487,2948
3145703,MG,202608,176,514,122231,694.49,694.49,411,1056,166,102,143
3145802,MG,202608,226,599,148128,655.43,655.43,652,1523,185,165,302
3145851,MG,202608,319,831,209243,655.93,655.93,994,2412,306,206,482
3145877,MG,202608,1310,3819,917404,700.31,700.31,2836,7050,1335,538,963
3145901,MG,202608,1873,4789,1224599,653.82,653.82,5176,12395,1642,1293,2241
3146008,MG,202608,748,2250,538841,723.28,720.38,3720,8567,858,901,1961
3146107,MG,202608,4196,11076,2785129,664.23,663.76,12291,29097,3898,3184,5209
3146206,MG,202608,1512,3615,1037553,686.21,686.21,2685,5560,1560,327,798
3146255,MG,202608,985,2431,672768,683.71,683.01,1929,4107,963,261,705
3146305,MG,202608,2328,6300,1566819,674.48,673.03,4999,12013,2190,941,1868
3146404,MG,202608,421,976,281268,668.1,668.1,1071,2069,502,156,413
3146503,MG,202608,301,769,204314,681.05,678.78,977,2277,283,180,514
3146552,MG,202608,693,1952,464505,670.28,670.28,1724,4216,613,387,724
3146602,MG,202608,148,331,96040,648.92,648.92,402,813,165,66,171
3146701,MG,202608,659,1621,437775,664.3,664.3,1717,3573,731,291,695
3146750,MG,202608,1070,2701,706891,661.26,660.65,1946,4515,1025,352,569
3146909,MG,202608,1184,3283,830261,701.23,701.23,3127,7475,1105,802,1220
3147006,MG,202608,5829,15404,3954636,678.67,678.44,15949,38187,5156,3598,7195
3147105,MG,202608,3755,9693,2545579,677.92,677.92,11328,27718,3417,2560,5351
3147204,MG,202608,631,1904,419733,668.36,665.19,2869,7733,532,899,1438
3147303,MG,202608,915,2484,621987,680.51,679.77,3892,8926,918,727,2247
3147402,MG,202608,1816,4808,1203687,666.12,662.82,4356,10456,1600,1145,1611
3147501,MG,202608,165,372,107900,653.94,653.94,407,895,184,79,144
3147600,MG,202608,571,1483,391852,688.67,686.26,2555,6783,534,690,1331
3147709,MG,202608,273,710,186039,681.46,681.46,1272,3288,250,333,689
3147808,MG,202608,214,558,146384,684.04,684.04,487,1057,245,67,175
3147907,MG,202608,5641,15314,3881081,689.11,688.01,12982,32689,4961,3576,4445
3147956,MG,202608,848,2170,571259,673.65,673.65,1712,3959,832,309,571
3148004,MG,202608,5574,14445,3712796,666.69,666.09,16177,38058,4968,3862,7347
3148103,MG,202608,5183,14080,3458834,668.5,667.34,15819,37560,4350,3758,7711
3148202,MG,202608,476,1290,319163,673.34,670.51,1298,3016,461,298,539
3148301,MG,202608,997,2617,650550,653.16,652.51,2352,5441,983,512,857
3148400,MG,202608,493,1444,335696,683.7,680.92,1053,2797,447,235,371
3148509,MG,202608,1480,3167,977310,660.34,660.34,2798,5080,1561,294,943
3148608,MG,202608,1997,5202,1359072,680.9,680.56,4008,9484,2004,678,1326
3148707,MG,202608,3663,8551,2471462,674.89,674.71,8024,15135,3917,1048,3059
3148756,MG,202608,1345,4215,938213,697.56,697.56,2070,6012,1264,369,437
3148806,MG,202608,310,806,198751,641.13,641.13,864,1981,293,209,362
3148905,MG,202608,186,549,127673,686.41,686.41,621,1758,178,151,292
3149002,MG,202608,404,1041,275908,682.94,682.94,1069,2344,421,179,469
3149101,MG,202608,650,2021,428100,659.63,658.62,2140,5670,540,618,982
3149150,MG,202608,1268,3613,879971,695.63,693.98,2637,6786,1192,544,901
3149200,MG,202608,312,830,214962,688.98,688.98,917,1761,368,127,422
3149309,MG,202608,2823,7344,1775760,629.93,629.03,8638,20891,2230,2288,4120
3149408,MG,202608,184,428,118013,641.38,641.38,513,1127,172,117,224
3149507,MG,202608,202,569,137471,687.36,680.55,718,1632,206,194,318
3149606,MG,202608,446,1137,304997,683.85,683.85,1172,2593,452,182,538
3149705,MG,202608,765,2211,543163,710.02,710.02,2108,5280,834,462,812
3149804,MG,202608,1334,3653,944001,710.84,707.65,2808,6826,1264,539,1005
3149903,MG,202608,896,2418,608597,681.52,679.24,3446,8899,814,882,1750
3149952,MG,202608,730,1931,484413,666.32,663.58,2205,5392,669,568,968
3150000,MG,202608,445,1167,304366,683.97,683.97,1116,2596,440,234,442
3150109,MG,202608,234,617,157694,673.91,673.91,594,1338,256,132,206
3150158,MG,202608,1536,4136,1054879,688.56,686.77,2860,6955,1552,577,731
3150208,MG,202608,299,833,212123,709.44,709.44,1003,2604,289,199,515
3150307,MG,202608,290,750,198882,688.17,685.8,932,2137,306,205,421
3150406,MG,202608,663,1629,445001,672.21,671.19,1260,2817,687,199,374
3150505,MG,202608,413,1112,263126,637.11,637.11,1357,3282,345,376,636
3150539,MG,202608,660,1562,444129,672.92,672.92,1516,3282,636,267,613
3150570,MG,202608,1137,3189,800302,703.87,703.87,2448,5878,1123,436,889
3150604,MG,202608,322,867,212710,660.59,660.59,1005,2512,288,283,434
3150703,MG,202608,503,1264,333470,666.94,662.96,1225,2604,477,255,493
3150802,MG,202608,1724,4546,1145693,664.94,664.56,4276,10283,1589,761,1926
3150901,MG,202608,391,1100,257980,659.8,659.8,1016,2626,349,272,395
3151008,MG,202608,582,1573,388630,670.05,667.75,1760,4499,538,379,843
3151107,MG,202608,936,2294,641651,688.47,685.52,3025,6212,1051,569,1405
3151206,MG,202608,5887,15375,3964472,675.84,673.43,14591,32945,5473,3047,6071
3151305,MG,202608,843,2313,574268,682.84,681.22,2424,5862,903,563,958
3151404,MG,202608,2090,5441,1413577,681.24,676.35,4360,10456,2032,836,1492
3151503,MG,202608,1909,5283,1297145,682.35,679.49,6222,15646,1683,1382,3157
3151602,MG,202608,972,2571,669764,700.59,689.06,2422,5365,1022,376,1024
3151701,MG,202608,549,1698,349306,639.75,636.26,2106,5737,408,668,1030
3151800,MG,202608,4603,12045,3029548,661.47,658.17,19953,45081,4241,4576,11136
3151909,MG,202608,1153,2963,769183,667.69,667.11,2279,4944,1189,351,739
3152006,MG,202608,2305,6293,1498260,650.0,650.0,6604,15680,1778,2009,2817
3152105,MG,202608,2604,6864,1739888,668.67,668.16,8865,21942,2379,2229,4257
3152131,MG,202608,675,1798,461283,686.43,683.38,1215,2918,649,199,367
3152170,MG,202608,1333,3829,911397,684.23,683.72,3150,7867,1208,683,1259
3152204,MG,202608,4593,12693,3050312,664.85,664.12,12205,29457,4293,2774,5138
3152303,MG,202608,1402,3288,949309,677.11,677.11,3209,6448,1736,473,1000
3152402,MG,202608,1334,3688,911102,683.5,682.99,3322,7945,1231,799,1292
3152501,MG,202608,6601,17753,4425920,673.96,670.49,20297,48235,6022,4713,9562
3152600,MG,202608,340,940,230645,678.37,678.37,922,2186,311,214,397
3152709,MG,202608,373,1031,225402,607.55,604.29,1287,3415,276,465,546
3152808,MG,202608,1514,4007,1031081,681.93,681.03,5058,11360,1403,1079,2576
3152907,MG,202608,477,1314,331844,697.15,695.69,1405,3185,472,268,665
3153004,MG,202608,343,889,232271,679.15,677.17,736,1621,335,132,269
3153103,MG,202608,552,1491,351753,638.39,637.23,1323,3224,488,295,540
3153202,MG,202608,209,537,135482,648.24,648.24,734,1826,192,216,326
3153301,MG,202608,314,886,218452,695.71,695.71,855,2295,304,175,376
3153400,MG,202608,1122,2964,767622,684.16,684.16,3317,7664,1149,690,1478
3153509,MG,202608,703,2062,396154,567.56,563.52,2098,5142,481,837,780
3153608,MG,202608,750,2053,502543,670.06,670.06,2183,5461,683,547,953
3153707,MG,202608,181,488,105128,587.31,580.82,759,1776,135,239,385
3153806,MG,202608,71,186,44254,623.3,623.3,244,623,58,87,99
3153905,MG,202608,652,1681,437116,671.45,670.42,1703,4103,608,367,728
3154002,MG,202608,1986,5291,1317062,663.84,663.17,4715,11432,1906,1030,1779
3154101,MG,202608,654,1640,417742,645.66,638.75,2162,4819,620,560,982
3154150,MG,202608,620,1903,429132,700.05,692.15,1992,5095,659,593,740
3154200,MG,202608,522,1459,327295,631.84,627.0,1786,4723,413,556,817
3154309,MG,202608,1203,3450,816686,681.14,678.87,3683,8819,1082,978,1623
3154408,MG,202608,486,1275,312233,643.78,642.45,1132,2738,433,236,463
3154457,MG,202608,1086,2677,736184,677.89,677.89,2612,5274,1140,380,1092
3154507,MG,202608,1165,3337,796159,684.57,683.4,2644,6987,1055,471,1118
3154606,MG,202608,29140,75829,19661072,677.27,674.71,63279,149318,27716,13710,21853
3154705,MG,202608,210,599,140154,667.4,667.4,814,2114,178,164,472
3154804,MG,202608,741,1868,491456,666.83,663.23,2054,4945,691,387,976
3154903,MG,202608,935,2400,613540,656.19,656.19,3238,7380,845,821,1572
3155009,MG,202608,209,550,134307,645.71,642.62,760,1872,189,143,428
3155108,MG,202608,844,2039,548811,651.79,650.25,1591,3517,828,249,514
3155207,MG,202608,639,1660,428887,673.29,671.18,1371,2960,782,168,421
3155306,MG,202608,524,1325,351600,672.28,670.99,1152,2505,581,150,421
3155405,MG,202608,561,1497,380982,681.54,679.11,1922,4586,515,509,898
3155504,MG,202608,737,2083,506116,686.72,686.72,2142,5196,694,550,898
3155603,MG,202608,4843,13376,3320783,686.54,685.69,8377,21135,4809,1359,2209
3155702,MG,202608,1145,2818,752813,658.63,657.48,3199,7280,1033,601,1565
3155801,MG,202608,1260,3095,840975,667.44,667.44,3902,8236,1393,963,1546
3155900,MG,202608,664,1395,429985,647.57,647.57,1513,2878,779,235,499
3156007,MG,202608,1126,3449,781282,694.47,693.86,2972,7739,1034,673,1265
3156106,MG,202608,415,1087,274824,662.23,662.23,1346,3065,423,281,642
3156205,MG,202608,233,658,154208,661.84,661.84,621,1503,217,166,238
3156304,MG,202608,532,1438,361963,682.95,680.38,1660,3923,586,398,676
3156403,MG,202608,224,563,153382,684.74,684.74,488,1084,228,100,160
3156452,MG,202608,465,1275,320667,689.61,689.61,1314,3019,570,238,506
3156502,MG,202608,1027,2361,693066,674.85,674.85,2325,4550,1216,295,814
3156601,MG,202608,945,2444,608016,643.4,643.4,2327,5405,837,574,916
3156700,MG,202608,8266,21308,5466600,663.99,661.34,21753,51134,7375,5028,9350
3156809,MG,202608,1586,4193,1086413,685.0,685.0,3620,8694,1528,738,1354
3156908,MG,202608,1359,3628,920527,678.85,677.36,5132,11668,1295,974,2863
3157005,MG,202608,4398,11157,2910542,662.24,661.79,11158,25732,4311,2392,4455
3157104,MG,202608,753,1936,484447,651.14,643.36,1994,4418,693,427,874
3157203,MG,202608,2438,6245,1634331,676.46,670.36,5642,13350,2383,1097,2162
3157252,MG,202608,1339,3647,898269,671.35,670.85,2528,6111,1258,422,848
3157278,MG,202608,299,773,201012,674.54,672.28,795,1796,300,161,334
3157302,MG,202608,294,780,186204,633.35,633.35,763,2040,233,212,318
3157336,MG,202608,687,1822,466518,684.04,679.07,1753,4023,716,410,627
3157377,MG,202608,590,1589,410909,696.46,696.46,1407,3324,599,190,618
3157401,MG,202608,507,1357,340541,673.01,671.68,1512,3856,508,253,751
3157500,MG,202608,615,1647,417342,680.82,678.6,1323,3170,592,290,441
3157609,MG,202608,545,1390,361235,662.82,662.82,1234,2724,522,196,516
3157658,MG,202608,1433,3549,985546,687.75,687.75,2154,4784,1385,278,491
3157708,MG,202608,832,2351,587030,707.27,705.56,2039,4912,866,452,721
3157807,MG,202608,16797,44057,11200879,668.87,666.84,39658,96319,15602,9130,14926
3157906,MG,202608,2141,6922,1460868,686.82,682.33,4394,12593,1867,1251,1276
3158003,MG,202608,733,1986,495972,676.63,676.63,1868,4851,639,475,754
3158102,MG,202608,834,1923,528263,634.93,633.41,1941,3859,790,304,847
3158201,MG,202608,1519,3902,1007321,664.46,663.15,3326,7485,1480,658,1188
3158300,MG,202608,394,1026,265156,674.7,672.98,1544,3903,337,402,805
3158409,MG,202608,322,763,209238,649.81,649.81,1087,2342,340,248,499
3158508,MG,202608,681,1854,448971,660.25,659.28,1417,3507,613,298,506
3158607,MG,202608,213,615,140860,661.31,661.31,661,1822,178,228,255
3158706,MG,202608,315,814,207807,661.81,659.7,601,1431,304,88,209
3158805,MG,202608,326,859,201657,618.58,618.58,1221,2937,290,365,566
3158904,MG,202608,969,3021,684751,708.12,706.66,2161,5583,893,623,645
3158953,MG,202608,2553,6899,1714548,672.9,671.58,7733,19004,2343,1869,3521
3159001,MG,202608,594,1573,402295,677.26,677.26,1233,2839,616,243,374
3159100,MG,202608,483,1187,325307,673.51,673.51,819,1798,485,104,230
3159209,MG,202608,379,1051,241798,639.68,637.99,1542,3687,312,363,867
3159308,MG,202608,439,1094,296295,678.02,674.93,1226,2504,540,196,490
3159357,MG,202608,744,2067,505148,680.79,678.96,1708,4272,680,388,640
3159407,MG,202608,253,718,173736,686.7,686.7,722,1726,248,185,289
3159506,MG,202608,894,2416,613152,687.39,685.85,1592,3825,889,259,444
3159605,MG,202608,1433,4124,958406,668.81,668.81,5935,15575,1264,1585,3086
3159704,MG,202608,298,850,203997,686.86,684.55,648,1684,263,157,228
3159803,MG,202608,1368,3307,899945,660.75,657.85,4818,9943,1367,843,2608
3159902,MG,202608,1387,3567,832827,600.45,600.45,3778,9284,1013,1177,1588
3160009,MG,202608,306,800,203253,666.4,664.23,886,2008,305,216,365
3160108,MG,202608,267,734,183070,685.66,685.66,753,1943,264,196,293
3160207,MG,202608,591,1415,390018,659.93,659.93,1055,2425,572,184,299
3160306,MG,202608,1503,4209,1009228,671.92,671.48,3153,7718,1407,625,1121
3160405,MG,202608,819,2304,514086,631.56,627.7,3581,9057,677,1194,1710
3160454,MG,202608,1639,4041,1113908,680.04,679.63,2550,5556,1653,235,662
3160504,MG,202608,241,596,158822,659.01,659.01,627,1369,239,110,278
3160603,MG,202608,370,870,246626,666.56,666.56,923,1891,393,148,382
3160702,MG,202608,2934,7446,1944774,664.65,662.84,8008,18286,2934,1928,3146
3160801,MG,202608,543,1441,366193,681.92,674.39,1163,2851,512,265,386
3160900,MG,202608,206,516,137078,668.67,665.43,828,1966,207,154,467
3160959,MG,202608,688,2001,479199,696.51,696.51,1686,4468,651,413,622
3161007,MG,202608,1020,2738,671919,658.74,658.74,2936,7364,868,777,1291
3161056,MG,202608,403,1059,270264,670.63,670.63,1039,2399,387,229,423
3161106,MG,202608,8470,23336,5860278,692.05,691.89,16465,41069,8019,3078,5368
3161205,MG,202608,368,971,242976,667.52,660.26,1475,3615,362,309,804
3161304,MG,202608,467,1132,307316,660.89,658.06,1383,3002,447,259,677
3161403,MG,202608,317,911,219176,691.41,691.41,1264,3076,347,310,607
3161502,MG,202608,819,2000,542543,664.07,662.45,2421,5469,796,476,1149
3161601,MG,202608,539,1333,350986,651.18,651.18,1095,2499,512,221,362
3161650,MG,202608,447,1135,300765,674.36,672.85,985,2197,418,176,391
3161700,MG,202608,727,1820,503332,692.34,692.34,1757,3740,761,324,672
3161809,MG,202608,491,1367,312798,644.94,637.06,1991,5114,396,573,1022
3161908,MG,202608,789,2137,523592,664.46,663.61,3204,8203,697,606,1901
3162005,MG,202608,2263,6152,1555465,694.09,687.35,5194,12209,2190,1030,1974
3162104,MG,202608,2308,6579,1609913,701.18,697.54,6917,17589,2065,1647,3205
3162203,MG,202608,233,771,168011,727.32,721.08,1159,3112,198,273,688
3162252,MG,202608,877,2041,593372,676.59,676.59,1986,4052,1038,256,692
3162302,MG,202608,353,917,246544,698.42,698.42,682,1603,354,112,216
3162401,MG,202608,3564,9974,2395395,672.49,672.11,7154,17753,3509,1325,2320
3162450,MG,202608,2276,6582,1564051,688.1,687.19,3983,10948,1978,924,1081
3162500,MG,202608,4531,11319,2921209,647.0,644.72,13850,30975,4146,3633,6071
3162559,MG,202608,1807,5434,1249308,691.37,691.37,3243,8860,1710,588,945
3162575,MG,202608,858,1965,570237,666.94,664.61,2011,3985,896,296,819
3162609,MG,202608,1022,2582,669165,659.28,654.76,2670,5838,1100,492,1078
3162658,MG,202608,611,1553,405254,663.26,663.26,1306,3114,591,214,501
3162708,MG,202608,2466,6554,1615845,655.52,655.25,5307,13372,2241,1300,1766
3162807,MG,202608,1608,4157,1076920,669.73,669.73,3671,8704,1488,819,1364
3162906,MG,202608,1734,4352,1139911,658.91,657.39,5745,12971,1610,1424,2711
3162922,MG,202608,3967,10585,2706058,685.95,682.14,8271,19882,3817,1541,2913
3162948,MG,202608,484,1479,333090,691.06,688.2,1356,3618,418,348,590
3162955,MG,202608,2021,5230,1363457,674.98,674.64,4992,11795,1940,960,2092
3163003,MG,202608,640,1725,450823,704.41,704.41,1444,3104,669,219,556
3163102,MG,202608,339,929,246140,726.08,726.08,1034,2561,360,227,447
3163201,MG,202608,250,747,175187,709.26,700.75,986,2417,253,244,489
3163300,MG,202608,530,1388,349000,658.49,658.49,1135,2650,507,178,450
3163409,MG,202608,621,1558,416984,675.82,671.47,1789,4307,615,310,864
3163508,MG,202608,912,2283,615372,676.98,674.75,1661,3912,910,251,500
3163607,MG,202608,382,1059,253757,667.78,664.29,713,1757,355,138,220
3163706,MG,202608,2721,6788,1720560,632.79,632.33,7844,18414,2302,2031,3511
3163805,MG,202608,851,2159,568576,668.13,668.13,1993,4241,1033,243,717
3163904,MG,202608,358,1021,241707,678.95,675.16,843,2054,317,225,301
3164001,MG,202608,394,1076,270123,685.59,685.59,1681,4066,418,354,909
3164100,MG,202608,772,1976,516294,668.77,668.77,1535,3429,782,245,508
3164209,MG,202608,1347,3425,920036,685.06,683.03,2553,5619,1417,351,785
3164308,MG,202608,451,1229,304518,675.21,675.21,1206,2857,446,259,501
3164407,MG,202608,253,819,175091,692.06,692.06,962,2787,209,310,443
3164431,MG,202608,223,617,148532,666.06,666.06,743,1817,214,183,346
3164472,MG,202608,1426,3539,961882,675.0,674.53,2439,5458,1499,306,634
3164506,MG,202608,1131,3122,770218,681.01,681.01,2597,6474,1091,518,988
3164605,MG,202608,642,1830,436565,681.07,680.01,1438,3747,585,374,479
3164704,MG,202608,3127,8400,2111455,675.45,675.23,8746,21909,2737,2362,3647
3164803,MG,202608,132,311,84665,641.4,641.4,302,693,122,65,115
3164902,MG,202608,134,386,94091,702.17,702.17,464,1163,132,92,240
3165008,MG,202608,621,1715,394260,635.9,634.88,1957,5111,485,553,919
3165107,MG,202608,432,1298,291004,687.95,673.62,961,2638,373,250,338
3165206,MG,202608,364,930,233527,643.33,641.56,1312,3023,327,374,611
3165305,MG,202608,690,1640,455696,661.39,660.43,1617,3499,650,314,653
3165404,MG,202608,526,1364,352716,670.56,670.56,1522,3469,496,366,660
3165503,MG,202608,1108,2754,744204,672.88,671.66,1881,4275,1076,283,522
3165537,MG,202608,2178,5806,1461601,671.38,671.07,6231,15648,1951,1436,2844
3165552,MG,202608,1768,5199,1264253,715.08,715.08,3019,7963,1665,506,848
3165560,MG,202608,285,609,191557,672.13,672.13,755,1584,327,111,317
3165578,MG,202608,1036,3066,718466,699.58,693.5,1903,4995,949,506,448
3165602,MG,202608,128,392,88981,695.16,695.16,559,1545,108,166,285
3165701,MG,202608,707,1794,469282,664.71,663.77,1992,4588,709,430,853
3165800,MG,202608,68,187,42473,624.6,624.6,313,739,56,85,172
3165909,MG,202608,581,1371,383097,660.51,659.38,1435,3082,634,230,571
3166006,MG,202608,676,1764,449982,665.65,665.65,1281,3116,732,219,330
3166105,MG,202608,363,984,252540,695.7,695.7,843,1959,383,128,332
3166204,MG,202608,1350,3422,888484,658.14,658.14,2617,6032,1307,448,862
3166303,MG,202608,1027,3111,709219,696.0,690.57,2004,5279,1036,482,486
3166402,MG,202608,95,257,63070,663.89,663.89,268,670,91,69,108
3166501,MG,202608,587,1674,412871,703.36,703.36,1253,3106,594,244,415
3166600,MG,202608,36,87,23155,643.19,643.19,139,312,36,34,69
3166709,MG,202608,793,1968,528700,666.71,666.71,2143,4582,735,459,949
3166808,MG,202608,1224,3313,864781,707.1,706.52,2906,7145,1223,466,1217
3166907,MG,202608,380,1092,255055,676.54,671.2,1529,4020,311,439,779
3166956,MG,202608,599,1637,405357,676.72,676.72,1392,3401,571,264,557
3167004,MG,202608,306,641,200365,663.46,654.79,669,1188,346,88,235
3167103,MG,202608,1932,5446,1311489,679.88,678.82,4542,11921,1812,1050,1680
3167202,MG,202608,12984,33486,8726388,677.78,672.09,32774,74879,12967,7033,12774
3167301,MG,202608,220,555,144042,654.74,654.74,667,1553,207,154,306
3167400,MG,202608,556,1464,367078,663.79,660.21,1201,2762,516,211,474
3167509,MG,202608,208,559,139308,672.99,669.75,549,1288,194,113,242
3167608,MG,202608,2689,8255,1887858,703.64,702.07,5150,13851,2585,1163,1402
3167707,MG,202608,767,1899,519957,679.68,677.91,1590,3358,797,214,579
3167806,MG,202608,232,663,141092,608.16,608.16,795,2075,166,312,317
3167905,MG,202608,270,733,180584,671.32,668.83,890,2227,253,270,367
3168002,MG,202608,3403,9240,2186205,642.62,642.43,8654,21214,2842,2711,3101
3168051,MG,202608,719,1586,468727,656.48,651.92,1381,2629,734,170,477
3168101,MG,202608,451,1262,311628,690.97,690.97,1003,2418,433,147,423
3168200,MG,202608,145,371,96519,665.65,665.65,476,986,142,73,261
3168309,MG,202608,494,1305,335155,679.83,678.45,1159,2587,506,173,480
3168408,MG,202608,1772,4476,1186814,673.56,669.76,3742,7850,1821,526,1395
3168507,MG,202608,1098,2728,731465,667.4,666.18,3124,6747,1196,559,1369
3168606,MG,202608,10951,28553,7261860,665.55,663.12,29220,65643,10041,6703,12476
3168705,MG,202608,3628,9313,2383922,658.72,657.09,10683,25174,3321,2487,4875
3168804,MG,202608,647,1695,430240,672.25,664.98,1499,3552,583,371,545
3168903,MG,202608,580,1536,392020,677.06,675.9,1444,3160,559,286,599
3169000,MG,202608,1313,3359,873654,666.4,665.39,4323,9397,1385,987,1951
3169059,MG,202608,308,941,204681,664.55,664.55,647,1714,282,120,245
3169109,MG,202608,491,1420,334004,685.84,680.25,1500,3635,467,397,636
3169208,MG,202608,939,2268,621518,661.89,661.89,2277,4815,1074,355,848
3169307,MG,202608,3314,9365,2096333,641.67,632.57,11503,28961,2658,3724,5121
3169356,MG,202608,2327,6081,1584960,681.12,681.12,6709,15129,2182,1487,3040
3169406,MG,202608,3235,8845,2179924,678.47,673.86,7538,19498,2780,2030,2728
3169505,MG,202608,984,2513,661203,672.64,671.95,2166,4521,1039,353,774
3169604,MG,202608,2755,7002,1868467,678.21,678.21,6611,13602,2743,935,2933
3169703,MG,202608,2247,5547,1486301,661.75,661.46,5715,13253,2042,1409,2264
3169802,MG,202608,548,1513,369909,676.25,675.02,1256,3115,512,294,450
3169901,MG,202608,5336,13652,3595879,673.89,673.89,18092,41491,5076,4822,8194
3170008,MG,202608,2225,5745,1519957,683.74,683.13,3722,8393,2216,506,1000
3170057,MG,202608,1354,3859,930839,687.47,687.47,3003,7798,1260,655,1088
3170107,MG,202608,16486,42921,11318884,689.04,686.58,43424,96518,15862,8522,19040
3170206,MG,202608,31371,79499,20809584,667.0,663.34,102964,228847,29019,23012,50933
3170305,MG,202608,346,955,233695,675.42,675.42,754,1801,318,157,279
3170404,MG,202608,3755,10745,2515394,671.49,669.88,15101,35316,3091,3920,8090
3170438,MG,202608,349,934,234103,672.71,670.78,942,2007,332,147,463
3170479,MG,202608,418,1015,270276,646.59,646.59,1282,2686,409,233,640
3170503,MG,202608,418,1183,275379,668.4,658.8,1732,4764,375,434,923
3170529,MG,202608,1346,3592,928629,689.92,689.92,3128,7332,1300,487,1341
3170578,MG,202608,1127,2526,753532,669.21,668.62,2460,4525,1283,261,916
3170602,MG,202608,161,457,107297,666.44,666.44,596,1421,135,97,364
3170651,MG,202608,692,1888,474949,686.34,686.34,1560,3839,696,302,562
3170701,MG,202608,3841,10642,2573238,675.21,669.94,10515,26010,3375,3245,3895
3170750,MG,202608,664,1619,457924,692.77,689.64,1577,3528,729,295,553
3170800,MG,202608,3443,8643,2337802,679.79,679.0,8329,18373,3454,1581,3294
3170909,MG,202608,3472,9549,2396405,690.21,690.21,6122,15121,3346,1009,1767
3171006,MG,202608,1033,2517,682200,661.69,660.41,3254,6924,1001,682,1571
3171030,MG,202608,1534,3814,1049252,684.44,684.0,3087,6466,1535,438,1114
3171071,MG,202608,713,1757,467467,655.63,655.63,1759,4113,666,344,749
3171105,MG,202608,295,710,199203,679.87,675.26,806,1671,290,126,390
3171154,MG,202608,654,1853,439463,671.96,671.96,1448,3619,639,321,488
3171204,MG,202608,10751,28215,7271881,676.52,676.39,27075,61603,10968,5403,10704
3171303,MG,202608,3949,10075,2589068,655.79,655.63,13183,29152,4128,3466,5589
3171402,MG,202608,450,1250,298159,662.58,662.58,1209,2721,450,239,520
3171501,MG,202608,560,1351,388353,693.49,693.49,1151,2382,572,131,448
3171600,MG,202608,1346,3678,894775,665.26,664.77,3849,8849,1250,847,1752
3171709,MG,202608,1007,2575,662453,657.85,657.85,2496,5985,964,537,995
3171808,MG,202608,419,1235,287207,685.46,685.46,2045,5418,385,610,1050
3171907,MG,202608,539,1446,364771,678.01,676.76,1246,3042,520,251,475
3172004,MG,202608,2282,5937,1542999,677.65,676.16,7952,18770,2103,2158,3691
3172103,MG,202608,567,1408,377805,667.5,666.32,1389,2931,625,224,540
3172202,MG,202608,235,593,154886,659.09,659.09,514,1138,219,100,195
3200102,ES,202608,1996,5932,1263501,633.97,633.02,6116,16274,1475,2030,2611
3200136,ES,202608,869,2683,590780,679.84,679.84,2337,6142,749,567,1021
3200169,ES,202608,1609,4474,1106365,687.61,687.61,3666,8812,1546,592,1528
3200201,ES,202608,2745,7219,1853729,676.3,675.31,6924,15561,2749,1278,2897
3200300,ES,202608,676,1842,443711,656.38,656.38,2393,5888,608,561,1224
3200359,ES,202608,1150,3153,786055,684.12,683.53,2360,5624,1154,419,787
3200409,ES,202608,2645,6998,1760618,666.14,665.64,6014,14717,2401,1393,2220
3200508,ES,202608,898,2309,586226,652.81,652.81,2510,5531,850,457,1203
3200607,ES,202608,7067,19352,4758414,675.62,673.33,20770,50884,6038,4843,9889
3200706,ES,202608,797,2215,526921,661.13,661.13,2652,6505,682,633,1337
3200805,ES,202608,2422,6534,1636357,676.46,675.62,6606,15407,2292,1456,2858
3200904,ES,202608,3274,8802,2204821,674.67,673.43,9692,23356,2984,2175,4533
3201001,ES,202608,1837,4980,1242025,676.85,676.12,4296,10238,1687,906,1703
3201100,ES,202608,1125,2791,742423,659.93,659.93,3553,7267,1075,740,1738
3201159,ES,202608,947,3423,587970,631.55,620.88,2622,8078,587,1175,860
3201209,ES,202608,11098,29111,7501003,678.15,675.89,31947,74262,10446,6894,14607
3201308,ES,202608,34293,90349,23221445,681.88,677.15,83367,191765,32693,17829,32845
3201407,ES,202608,1657,4483,1052484,637.1,635.17,4930,12106,1312,1427,2191
3201506,ES,202608,4737,12964,3257241,688.93,687.62,20984,47887,4369,5647,10968
3201605,ES,202608,4518,11002,3058973,680.07,677.06,10180,23182,4569,1927,3684
3201704,ES,202608,877,2768,632563,723.76,721.28,2405,6215,776,609,1020
3201803,ES,202608,380,1285,267248,703.28,703.28,1085,3060,329,350,406
3201902,ES,202608,1088,3345,713308,658.03,655.61,4706,12534,901,1703,2102
3202009,ES,202608,599,1739,400342,668.35,668.35,1726,4369,497,526,703
3202108,ES,202608,2018,5401,1332133,660.45,660.13,5549,13050,1834,1414,2301
3202207,ES,202608,1694,4580,1162114,687.64,686.02,5153,11548,1697,1063,2393
3202256,ES,202608,831,2587,587514,708.7,707.0,2207,5872,748,542,917
3202306,ES,202608,2871,7784,1995148,695.9,694.93,7926,17956,2914,1648,3364
3202405,ES,202608,6395,18227,4233189,664.24,661.95,23055,53723,5306,7649,10100
3202454,ES,202608,1029,3237,692155,674.62,672.65,4781,12737,806,1860,2115
3202504,ES,202608,1076,2865,740411,688.75,688.11,4045,9382,1127,645,2273
3202553,ES,202608,1635,4968,1136213,695.36,694.93,2829,7764,1515,571,743
3202603,ES,202608,631,1699,410971,651.3,651.3,1927,4702,536,465,926
3202652,ES,202608,922,2990,633856,688.97,687.48,3100,8480,754,1052,1294
3202702,ES,202608,1117,3261,769866,689.84,689.23,2703,6841,1023,537,1143
3202801,ES,202608,6065,15351,4071130,674.59,671.25,12876,28460,6039,2200,4637
3202900,ES,202608,503,1544,315233,633.0,626.71,1563,4121,360,458,745
3203007,ES,202608,2000,6226,1327820,666.24,663.91,5950,15299,1553,2174,2223
3203056,ES,202608,3206,8862,2161914,676.87,674.33,7633,18563,2799,1902,2932
3203106,ES,202608,1007,2722,694545,691.09,689.72,2964,6974,1015,575,1374
3203130,ES,202608,735,1857,482683,656.71,656.71,3208,7127,688,757,1763
3203163,ES,202608,755,2335,474097,628.78,627.94,2076,5472,558,637,881
3203205,ES,202608,5511,17206,3245174,591.65,588.85,23917,61827,3236,9720,10961
3203304,ES,202608,1552,4232,1036615,668.35,667.92,3693,8687,1496,805,1392
3203320,ES,202608,5452,14787,3697548,680.82,678.2,11998,27718,5415,2284,4299
3203346,ES,202608,489,1408,319386,655.82,653.14,2711,6621,398,752,1561
3203353,ES,202608,653,1953,444873,682.32,681.28,2672,6909,584,717,1371
3203403,ES,202608,2981,7681,1967825,660.57,660.12,7693,16383,2929,1350,3414
3203502,ES,202608,2219,5793,1501340,677.81,676.58,6361,13642,2349,1231,2781
3203601,ES,202608,620,1540,419484,677.68,676.59,1927,4285,624,384,919
3203700,ES,202608,1740,5064,1182696,680.1,679.71,3979,10328,1519,986,1474
3203809,ES,202608,1590,4144,1072730,675.52,674.67,3530,8075,1595,661,1274
3203908,ES,202608,4054,10710,2753841,680.46,679.29,11274,26496,3990,2418,4866
3204005,ES,202608,1701,4989,1151009,677.06,676.67,4082,10387,1507,908,1667
3204054,ES,202608,2711,7085,1834112,680.56,676.54,6724,15095,2520,1376,2828
3204104,ES,202608,2388,6856,1635437,686.87,684.86,6084,14945,2076,1526,2482
3204203,ES,202608,2460,6528,1665125,680.75,676.88,6514,14562,2375,1437,2702
3204252,ES,202608,1095,2747,764202,698.54,697.9,2647,5460,1212,378,1057
3204302,ES,202608,1662,4265,1124411,677.76,676.54,4142,9449,1524,824,1794
3204351,ES,202608,1070,3502,655214,616.96,612.35,3049,8550,681,1388,980
3204401,ES,202608,657,1841,448932,683.31,683.31,1800,4578,605,426,769
3204500,ES,202608,1186,3227,784544,664.3,661.5,2664,6475,1100,579,985
3204559,ES,202608,1864,5873,1200726,653.63,644.17,5645,15624,1446,1850,2349
3204609,ES,202608,902,2759,602820,669.06,668.31,2687,7138,742,762,1183
3204658,ES,202608,875,2523,583349,666.68,666.68,2349,5897,761,555,1033
3204708,ES,202608,1847,5155,1214406,660.0,657.5,6280,14820,1549,1789,2942
3204807,ES,202608,1574,3783,1042844,662.54,662.54,3873,8024,1649,523,1701
3204906,ES,202608,11118,29805,7208182,652.86,648.33,32874,77288,9576,8009,15289
3204955,ES,202608,345,1051,221356,643.48,641.61,1937,4985,249,761,927
3205002,ES,202608,40448,106525,27332945,676.66,675.76,104923,245159,37724,23849,43350
3205010,ES,202608,1687,5331,1153923,686.45,684.01,6178,16270,1347,1762,3069
3205036,ES,202608,917,2799,596055,655.01,650.01,3403,8669,671,1035,1697
3205069,ES,202608,1069,3126,652030,611.66,609.94,3671,9643,724,1090,1857
3205101,ES,202608,6693,17891,4511397,675.56,674.05,16932,39957,6104,3600,7228
3205150,ES,202608,825,2417,561713,680.86,680.86,2146,5584,796,511,839
3205176,ES,202608,1517,4429,1059312,699.68,698.29,3159,8139,1345,801,1013
3205200,ES,202608,25398,66540,17218108,679.27,677.93,71295,159235,25057,15716,30522
3205309,ES,202608,19109,47511,12861151,674.35,673.04,47902,105484,18582,9184,20136
3300100,RJ,202608,17439,44519,11911160,684.43,683.02,38373,84723,18417,6567,13389
3300159,RJ,202608,1075,2542,713342,664.19,663.57,2715,5718,1090,474,1151
3300209,RJ,202608,13674,34508,9152603,669.98,669.34,35749,76123,17304,5868,12577
3300225,RJ,202608,728,2189,492689,682.39,676.77,2592,6490,737,633,1222
3300233,RJ,202608,2958,7584,1967642,666.55,665.19,9777,21489,3946,2064,3767
3300258,RJ,202608,2628,6651,1773452,677.15,674.83,9714,20033,3995,1713,4006
3300308,RJ,202608,6699,17165,4524012,676.34,675.33,15771,35309,6494,3065,6212
3300407,RJ,202608,12816,31273,8522245,666.89,664.97,27850,61826,12149,4885,10816
3300456,RJ,202608,73632,164992,48880316,665.38,663.85,135898,264393,76439,19164,40295
3300506,RJ,202608,1868,4861,1269636,680.77,679.68,5359,11702,2393,998,1968
3300605,RJ,202608,2510,6569,1687114,672.42,672.16,8929,19186,2395,2055,4479
3300704,RJ,202608,16659,43071,11150354,673.37,669.33,53046,113503,23312,10562,19172
3300803,RJ,202608,5704,14380,3748767,658.14,657.22,14661,30873,7051,2674,4936
3300902,RJ,202608,1726,3882,1127754,653.77,653.39,3958,7792,1829,604,1525
3300936,RJ,202608,1672,3994,1104529,661.0,660.6,3970,8004,1771,537,1662
3300951,RJ,202608,627,1764,429315,686.9,684.71,1921,4614,673,414,834
3301009,RJ,202608,51474,131298,35075163,682.79,681.42,94047,214443,52717,16886,24444
3301108,RJ,202608,1328,3584,927492,699.99,698.41,3703,8316,1769,657,1277
3301157,RJ,202608,1346,3396,895903,665.6,665.6,3572,7740,1362,654,1556
3301207,RJ,202608,1538,3707,1014934,664.22,659.91,4366,8663,2009,648,1709
3301306,RJ,202608,2941,7965,1993324,680.32,677.77,9801,22221,4136,2051,3614
3301405,RJ,202608,2652,6377,1789983,675.21,674.96,5702,11277,2922,820,1960
3301504,RJ,202608,1226,3349,836793,684.21,682.54,4055,8937,1505,860,1690
3301603,RJ,202608,831,2213,566497,682.53,681.71,2451,5397,1142,477,832
3301702,RJ,202608,93355,228951,63358175,681.01,678.68,215859,443441,114266,33313,68280
3301801,RJ,202608,1399,3290,939536,673.02,671.58,2976,6051,1457,458,1061
3301850,RJ,202608,7295,17093,4922720,676.1,674.81,16664,32550,8779,2248,5637
3301876,RJ,202608,2682,6754,1781172,664.86,664.12,9248,19229,3602,1682,3964
3301900,RJ,202608,29034,67840,19429054,670.01,669.18,65503,133242,33774,10073,21656
3302007,RJ,202608,16225,40221,11203423,692.17,690.5,31090,65160,17064,4262,9764
3302056,RJ,202608,1229,2982,803110,659.37,653.47,2783,6184,1153,512,1118
3302106,RJ,202608,1978,4767,1298227,657.0,656.33,4958,10731,1944,971,2043
3302205,RJ,202608,7117,17687,4684881,658.54,658.27,20417,44105,7018,4142,9257
3302254,RJ,202608,2784,6908,1853871,667.58,665.9,6853,15020,2725,1303,2825
3302270,RJ,202608,15981,37796,10767653,674.79,673.78,28700,59120,17031,3626,8043
3302304,RJ,202608,853,2095,582626,683.03,683.03,2467,4883,967,340,1160
3302403,RJ,202608,21586,53890,14636585,679.07,678.06,46856,100824,23296,8667,14893
3302452,RJ,202608,520,1438,346016,665.42,665.42,2302,5411,602,511,1189
3302502,RJ,202608,28850,70381,19632388,681.3,680.5,69091,141603,35925,11462,21704
3302601,RJ,202608,5359,12561,3569767,666.37,666.13,11193,22094,5798,1630,3765
3302700,RJ,202608,16110,43831,10971868,681.82,681.06,62940,136417,18347,13029,31564
3302809,RJ,202608,1854,4377,1224258,660.69,660.33,4412,9023,1804,713,1895
3302858,RJ,202608,22941,50034,15208959,665.08,662.96,43257,85432,23812,5997,13448
3302908,RJ,202608,2853,6690,1875179,658.42,657.27,6063,12339,2909,983,2171
3303005,RJ,202608,3423,8484,2327565,681.77,679.98,7406,15234,3593,986,2827
3303104,RJ,202608,1527,3772,1026161,672.89,672.01,3662,7735,1527,589,1546
3303203,RJ,202608,12176,29220,8158635,670.39,670.06,25364,51910,12517,3731,9116
3303302,RJ,202608,32808,77064,22175693,676.98,675.92,86562,167144,46761,11791,28010
3303401,RJ,202608,8069,20898,5313791,663.64,658.54,25660,55532,10251,5508,9901
3303500,RJ,202608,119569,280929,80893181,677.12,676.54,237731,460798,141776,27692,68263
3303609,RJ,202608,5879,12876,3775767,644.22,642.25,11513,22823,5738,1585,4190
3303708,RJ,202608,2834,7836,1928380,680.93,680.44,8774,20175,3376,1966,3432
3303807,RJ,202608,5140,12762,3491316,679.77,679.24,11841,24563,6169,1758,3914
3303856,RJ,202608,3141,8369,2171018,691.63,691.19,6973,15995,3085,1541,2347
3303906,RJ,202608,16866,43309,11311176,674.93,670.65,54189,117725,22825,9834,21530
3303955,RJ,202608,2528,5953,1670672,662.18,660.87,5637,11427,2529,907,2201
3304003,RJ,202608,2569,6101,1691509,659.2,658.43,5379,11527,2505,1025,1849
3304102,RJ,202608,2311,5525,1551469,671.34,671.34,4969,10287,2448,656,1865
3304110,RJ,202608,1739,4459,1176490,677.31,676.53,3969,9196,1670,736,1563
3304128,RJ,202608,1285,3185,866413,675.3,674.25,2584,5824,1227,452,905
3304144,RJ,202608,18676,46434,12673569,679.15,678.6,37271,78833,20328,5716,11227
3304151,RJ,202608,2418,6233,1636622,676.85,676.85,5698,13240,2293,1074,2331
3304201,RJ,202608,7046,18201,4648239,662.33,659.7,19287,43328,6556,4326,8405
3304300,RJ,202608,6460,14422,4258204,660.19,659.16,16355,31370,8743,2164,5448
3304409,RJ,202608,1881,4712,1264937,673.91,672.48,4484,9698,1970,623,1891
3304508,RJ,202608,998,2495,663155,664.48,664.48,2188,4959,937,434,817
3304524,RJ,202608,10283,26862,6902149,671.28,671.22,30781,68142,14329,5851,10601
3304557,RJ,202608,418534,968975,277061801,663.01,661.98,1124164,2196646,593090,183643,347431
3304607,RJ,202608,613,1706,409996,675.45,668.84,1710,3944,716,396,598
3304706,RJ,202608,3321,8467,2270928,685.87,683.81,10044,20520,3528,1818,4698
3304755,RJ,202608,7141,17610,4818491,675.05,674.76,14980,30809,8105,2325,4550
3304805,RJ,202608,3858,9540,2553429,661.85,661.85,7619,17226,3834,1558,2227
3304904,RJ,202608,71733,177625,48237806,673.87,672.46,175594,349501,86842,26230,62522
3305000,RJ,202608,5966,14338,3997323,671.93,670.02,13474,28181,6531,2078,4865
3305109,RJ,202608,41305,102376,28102020,681.13,680.35,87371,177876,47043,13179,27149
3305133,RJ,202608,794,2072,526175,662.69,662.69,1954,4299,767,409,778
3305158,RJ,202608,1233,3511,838770,681.93,680.27,3764,9227,1256,1110,1398
3305208,RJ,202608,7857,20163,5296168,675.02,674.07,23134,49898,10883,4357,7894
3305307,RJ,202608,677,1791,461964,682.37,682.37,2186,4679,839,362,985
3305406,RJ,202608,1531,4120,1038411,679.14,678.26,4579,10421,1802,895,1882
3305505,RJ,202608,8316,21841,5647122,679.88,679.07,32736,67597,12190,6372,14174
3305554,RJ,202608,15863,33708,10456667,659.52,659.19,29713,53718,18085,3285,8343
3305604,RJ,202608,2068,5500,1392763,675.12,673.48,5819,12738,2621,1104,2094
3305703,RJ,202608,1866,5150,1256639,673.44,673.44,4163,9622,2179,788,1196
3305752,RJ,202608,4314,10065,2859498,663.15,662.84,8864,18988,4709,1348,2807
3305802,RJ,202608,11962,31247,8020278,671.77,670.48,37259,80494,16014,7923,13322
3305901,RJ,202608,768,2230,513269,669.19,668.32,1891,4544,785,470,636
3306008,RJ,202608,6734,17072,4588723,683.25,681.43,18404,40592,8590,3385,6429
3306107,RJ,202608,6779,16562,4535112,669.69,668.99,13923,30474,6601,2654,4668
3306156,RJ,202608,1652,4545,1155838,699.66,699.66,3004,7131,1595,498,911
3306206,RJ,202608,3245,8376,2207655,680.53,680.33,7122,16209,3104,1327,2691
3306305,RJ,202608,19009,45057,12524981,660.04,658.9,48769,102850,18624,7874,22271
3500105,SP,202608,795,1997,530750,670.14,667.61,3629,8203,785,830,2014
3500204,SP,202608,178,521,115272,658.7,647.6,652,1670,147,165,340
3500303,SP,202608,2150,5913,1442252,678.71,670.81,5660,12994,2189,1322,2149
3500402,SP,202608,235,644,160186,681.64,681.64,971,2410,251,229,491
3500501,SP,202608,460,1211,297941,647.7,647.7,2197,4802,500,514,1183
3500550,SP,202608,379,1016,266634,711.02,703.52,1278,2827,479,225,574
3500600,SP,202608,67,168,42189,629.69,629.69,402,892,77,64,261
3500709,SP,202608,1500,4058,1016116,687.03,677.41,4309,10107,1342,1118,1849
3500758,SP,202608,247,692,163460,664.47,661.78,1136,2733,223,304,609
3500808,SP,202608,247,655,162324,657.18,657.18,899,2216,232,157,510
3500907,SP,202608,201,515,134105,667.19,667.19,718,1564,201,119,398
3501004,SP,202608,1143,3020,778679,683.65,681.26,3410,7813,1291,584,1535
3501103,SP,202608,302,743,205697,681.12,681.12,753,1679,311,106,336
3501152,SP,202608,540,1485,365433,680.51,676.73,1520,3862,499,343,678
3501202,SP,202608,175,476,116597,666.27,666.27,838,1790,189,145,504
3501301,SP,202608,2063,5170,1389764,674.97,673.66,4353,10294,1919,882,1552
3501400,SP,202608,317,828,213875,678.97,674.68,810,1906,288,142,380
3501509,SP,202608,211,601,146084,692.34,692.34,580,1481,186,103,291
3501608,SP,202608,6226,16534,4165288,674.43,669.02,17147,40424,5692,3661,7794
3501707,SP,202608,1639,4131,1118582,685.83,682.48,4648,10285,2041,915,1692
3501806,SP,202608,298,783,200024,673.48,671.22,1104,2346,364,174,566
3501905,SP,202608,1736,4568,1097859,639.03,632.41,5869,15139,1429,1529,2911
3502002,SP,202608,253,745,177214,706.03,700.45,758,1862,279,163,316
3502101,SP,202608,3763,8702,2530843,672.74,672.56,10067,20453,3816,1406,4845
3502200,SP,202608,1553,4222,1049236,676.93,675.62,4083,10272,1324,1015,1744
3502309,SP,202608,742,1853,508643,686.43,685.5,1677,3525,733,261,683
3502408,SP,202608,140,419,89063,645.38,636.16,803,2056,106,210,487
3502507,SP,202608,1541,4186,1010616,661.83,655.82,5147,11865,1406,1411,2330
3502606,SP,202608,206,520,130289,632.47,632.47,983,2260,182,193,608
3502705,SP,202608,2408,6247,1586978,662.07,659.04,5395,12808,2207,1157,2031
3502754,SP,202608,2083,5431,1403797,679.8,673.93,4568,10716,1916,887,1765
3502804,SP,202608,8783,21942,5862712,673.49,667.51,25734,54496,8692,4872,12170
3502903,SP,202608,1358,3860,889652,659.49,655.12,3752,9443,1097,1065,1590
3503000,SP,202608,336,846,228771,687.0,680.87,1098,2310,393,159,546
3503109,SP,202608,391,1180,271256,693.75,693.75,1299,3388,340,310,649
3503158,SP,202608,244,642,170380,698.28,698.28,910,1925,303,138,469
3503208,SP,202608,8460,22148,5618108,673.71,664.08,24935,57262,8902,5247,10786
3503307,SP,202608,5968,15042,4094512,688.04,686.08,15948,35356,6987,2625,6336
3503356,SP,202608,141,415,93712,684.03,664.62,424,1064,122,95,207
3503406,SP,202608,615,1591,416668,680.83,677.51,1683,3942,627,287,769
3503505,SP,202608,386,1056,273753,709.2,709.2,927,2073,468,149,310
3503604,SP,202608,657,1714,442435,677.54,673.42,1556,3856,597,335,624
3503703,SP,202608,252,615,170231,683.66,675.52,959,2207,290,191,478
3503802,SP,202608,2251,6025,1500829,666.74,666.74,6501,15967,2008,1493,3000
3503901,SP,202608,6585,17271,4450192,677.35,675.81,16546,37274,6645,3043,6858
3503950,SP,202608,85,252,56391,663.42,663.42,457,1081,91,96,270
3504008,SP,202608,4531,11253,2997912,666.94,661.64,13043,29725,4182,2822,6039
3504107,SP,202608,4199,12260,2797593,676.56,666.25,14059,35608,3663,4145,6251
3504206,SP,202608,417,1149,266494,643.71,639.07,1878,4268,365,537,976
3504305,SP,202608,452,1166,316098,699.33,699.33,1029,2353,447,203,379
3504404,SP,202608,1131,2882,761387,674.39,673.2,2656,6157,1104,461,1091
3504503,SP,202608,4231,11971,2930667,696.45,692.67,10781,27166,3846,2586,4349
3504602,SP,202608,1013,2925,695575,694.19,686.65,4137,9542,1350,844,1943
3504701,SP,202608,148,375,95957,648.36,648.36,349,733,144,58,147
3504800,SP,202608,261,759,152791,585.41,585.41,1045,2476,154,443,448
3504909,SP,202608,808,2065,557441,689.9,689.9,2764,5948,1065,512,1187
3505005,SP,202608,269,758,184411,695.89,685.54,815,1939,246,212,357
3505104,SP,202608,628,1621,419795,669.53,668.46,1517,3414,587,292,638
3505203,SP,202608,1702,4449,1194060,703.22,701.56,4025,9765,1612,793,1620
3505302,SP,202608,1572,3946,1069683,681.76,680.46,4097,9324,1633,725,1739
3505351,SP,202608,921,2488,590068,645.59,640.68,1765,4266,776,437,552
3505401,SP,202608,1085,2635,756065,697.48,696.83,2329,4911,1159,375,795
3505500,SP,202608,4460,11334,2932394,665.55,657.49,14305,32078,4482,3077,6746
3505609,SP,202608,2518,6639,1757582,700.23,698.01,6686,14801,3128,1074,2484
3505708,SP,202608,15125,42402,10247085,677.76,677.49,48051,115847,16600,12107,19344
3505807,SP,202608,672,1712,433882,649.52,645.66,3286,7728,592,611,2083
3505906,SP,202608,2767,7342,1916601,697.2,692.66,7653,17646,3103,1341,3209
3506003,SP,202608,14960,40264,10098324,686.49,675.02,46256,107801,13847,9835,22574
3506102,SP,202608,3318,8934,2270752,690.2,684.37,9445,22892,3413,1804,4228
3506201,SP,202608,168,435,112694,670.8,670.8,551,1258,170,72,309
3506300,SP,202608,787,2026,529182,676.7,672.4,2204,4867,812,391,1001
3506359,SP,202608,5929,15540,4070607,693.11,686.56,15835,34160,7462,2613,5760
3506409,SP,202608,214,603,139086,656.07,649.93,1137,2790,183,265,689
3506508,SP,202608,3929,10383,2618925,670.49,666.56,11329,27100,3457,2738,5134
3506607,SP,202608,3038,7766,2022656,668.65,665.79,6615,15101,2720,1346,2549
3506706,SP,202608,794,2163,519551,672.99,654.35,2362,5717,690,573,1099
3506805,SP,202608,725,1933,505462,703.01,697.19,1802,4156,832,291,679
3506904,SP,202608,671,1827,440453,656.41,656.41,2162,5019,624,477,1061
3507001,SP,202608,3400,8862,2357563,694.42,693.4,8050,18259,3491,1544,3015
3507100,SP,202608,1633,4307,1100980,677.94,674.21,4311,10017,1722,937,1652
3507159,SP,202608,527,1411,356083,684.78,675.68,1096,2668,490,220,386
3507209,SP,202608,58,127,39722,684.86,684.86,220,481,63,24,133
3507308,SP,202608,252,680,170315,686.75,675.85,814,2115,235,184,395
3507407,SP,202608,555,1509,347222,627.89,625.63,2031,4993,464,564,1003
3507456,SP,202608,239,679,161426,678.26,675.42,787,1944,204,148,435
3507506,SP,202608,6655,17416,4382530,665.43,658.53,17182,41291,6059,4204,6919
3507605,SP,202608,7109,19020,4631101,666.06,651.44,23033,53450,6888,5409,10736
3507704,SP,202608,474,1325,308536,672.19,650.92,1089,2673,423,214,452
3507753,SP,202608,244,617,155575,637.6,637.6,903,1965,203,179,521
3507803,SP,202608,1104,3220,751700,694.73,680.89,3407,7886,1132,882,1393
3507902,SP,202608,530,1556,372402,705.31,702.65,2155,5244,486,626,1043
3508009,SP,202608,3262,8502,2232867,696.47,684.51,5444,13044,3200,868,1376
3508108,SP,202608,1374,3425,910086,665.75,662.36,3611,7891,1310,731,1570
3508207,SP,202608,311,777,210331,676.31,676.31,1166,2522,396,170,600
3508306,SP,202608,334,902,216116,650.95,647.05,1118,2720,287,234,597
3508405,SP,202608,2019,5540,1399454,699.73,693.14,4939,12653,1782,1135,2022
3508504,SP,202608,4084,11248,2713784,666.12,664.49,10991,27201,3738,2983,4270
3508603,SP,202608,2272,6036,1560500,687.14,686.84,5176,11943,2469,973,1734
3508702,SP,202608,913,2803,616456,676.68,675.2,3090,8015,832,857,1401
3508801,SP,202608,1170,2913,787436,676.49,673.02,2757,6209,1134,534,1089
3508900,SP,202608,174,431,112238,645.05,645.05,613,1421,161,113,339
3509007,SP,202608,3986,10597,2706186,682.86,678.92,12766,29170,4624,2352,5790
3509106,SP,202608,446,1110,287101,648.08,643.72,1134,2443,460,181,493
3509205,SP,202608,5909,16377,4077005,692.43,689.97,15792,38539,6359,3172,6261
3509254,SP,202608,2680,6777,1804565,674.6,673.35,6161,14258,2508,1250,2403
3509304,SP,202608,486,1358,335508,690.35,690.35,1907,4441,507,331,1069
3509403,SP,202608,1395,3605,930569,669.96,667.07,3690,7989,1464,769,1457
3509452,SP,202608,489,1263,309401,648.64,632.72,1337,3285,437,313,587
3509502,SP,202608,54596,141296,36652465,675.75,671.34,146512,330991,55448,28386,62678
3509601,SP,202608,4323,11536,2956261,685.91,683.84,11489,26594,4457,2178,4854
3509700,SP,202608,1366,3850,893334,668.66,653.98,5082,12832,1237,1386,2459
3509809,SP,202608,533,1393,367010,691.17,688.57,992,2298,504,175,313
3509908,SP,202608,1500,4080,1040776,696.64,693.85,3161,7217,1535,535,1091
3509957,SP,202608,524,1552,372886,712.98,711.61,1215,3152,573,243,399
3510005,SP,202608,906,2527,593910,660.63,655.53,4114,10711,771,1145,2198
3510104,SP,202608,139,397,93790,674.75,674.75,722,1687,131,101,490
3510153,SP,202608,478,1382,326078,698.24,682.17,1318,3613,418,327,573
3510203,SP,202608,3715,9880,2429913,658.87,654.08,9656,23399,3280,2288,4088
3510302,SP,202608,1663,4748,1145305,696.23,688.7,4091,10541,1491,1039,1561
3510401,SP,202608,2725,6596,1844936,682.8,677.04,7714,16122,3484,1156,3074
3510500,SP,202608,8547,23414,5823228,684.36,681.32,26873,60518,10367,5925,10581
3510609,SP,202608,21513,57174,14422198,677.29,670.39,63459,142030,26032,12173,25254
3510708,SP,202608,333,957,205080,615.86,615.86,2170,4885,245,572,1353
3510807,SP,202608,1307,3520,890007,683.04,680.95,3772,8276,1350,878,1544
3510906,SP,202608,139,366,90844,653.55,653.55,510,1212,156,117,237
3511003,SP,202608,1379,3561,920012,667.64,667.16,4466,10452,1319,874,2273
3511102,SP,202608,2710,7375,1803434,670.92,665.47,8798,21035,2713,2094,3991
3511201,SP,202608,228,588,147012,650.5,644.79,993,2389,200,217,576
3511300,SP,202608,217,697,147756,693.69,680.9,1804,4720,191,413,1200
3511409,SP,202608,698,2082,428865,631.61,614.42,2736,6927,503,1012,1221
3511508,SP,202608,347,1115,206163,599.31,594.13,2633,7206,223,1064,1346
3511607,SP,202608,491,1403,301930,616.18,614.93,2310,6046,350,869,1091
3511706,SP,202608,853,2255,595994,705.32,698.7,2358,5317,1060,418,880
3511904,SP,202608,358,977,239647,669.41,669.41,1225,3043,308,335,582
3512001,SP,202608,539,1412,361632,670.93,670.93,1828,4530,515,410,903
3512100,SP,202608,557,1496,381774,685.41,685.41,1729,3922,592,296,841
3512209,SP,202608,1954,5416,1360823,701.82,696.43,5048,11900,2075,1001,1972
3512308,SP,202608,1037,2617,704985,679.83,679.83,3048,6681,1101,530,1417
3512407,SP,202608,436,1120,282932,653.42,648.93,2939,7170,431,732,1776
3512506,SP,202608,314,874,206864,660.91,658.8,1200,3011,272,272,656
3512605,SP,202608,358,889,230744,657.39,644.54,952,2168,343,236,373
3512704,SP,202608,187,481,124979,668.34,668.34,589,1379,207,119,263
3512803,SP,202608,1631,4460,1077935,663.34,660.9,5466,13247,1468,1431,2567
3512902,SP,202608,602,1569,410724,683.4,682.27,1889,4003,787,265,837
3513009,SP,202608,10449,29834,7180253,692.94,687.17,36012,85181,11899,8517,15596
3513108,SP,202608,1766,4412,1172831,668.66,664.12,5329,11686,1963,925,2441
3513207,SP,202608,257,766,171306,671.79,666.56,1154,2976,238,357,559
3513306,SP,202608,115,317,74399,646.95,646.95,452,1055,118,79,255
3513405,SP,202608,4556,11508,3043031,673.39,667.92,10699,24448,4875,2230,3594
3513504,SP,202608,7614,18868,5143058,679.31,675.47,20259,44516,8750,3265,8244
3513603,SP,202608,1910,5153,1202827,633.73,629.75,4743,11204,1750,1510,1483
3513702,SP,202608,649,1738,420571,657.14,648.03,2926,7321,563,759,1604
3513801,SP,202608,24348,60656,16000271,661.09,657.15,60835,132095,23321,11045,26469
3513850,SP,202608,71,182,43182,616.89,608.2,478,1125,68,66,344
3513900,SP,202608,770,2207,534247,693.83,693.83,1817,4284,769,354,694
3514007,SP,202608,551,1527,376489,684.53,683.28,1753,4270,638,339,776
3514106,SP,202608,1409,3727,959153,681.7,680.73,3774,9191,1258,900,1616
3514205,SP,202608,191,560,135082,710.96,707.24,721,1563,209,109,403
3514304,SP,202608,462,1200,298547,654.71,646.21,1210,2866,424,276,510
3514403,SP,202608,1464,3857,994826,683.73,679.53,5244,11808,1571,1104,2569
3514502,SP,202608,638,1675,426084,676.32,667.84,2216,5193,620,480,1116
3514601,SP,202608,523,1455,369266,706.05,706.05,1368,3233,580,232,556
3514700,SP,202608,638,1607,424507,667.46,665.37,1530,3505,612,298,620
3514809,SP,202608,1418,3802,951583,671.55,671.07,3120,7751,1258,758,1104
3514908,SP,202608,1263,3573,875475,694.27,693.17,3037,7509,1395,558,1084
3514924,SP,202608,176,450,117575,668.04,668.04,396,926,205,66,125
3514957,SP,202608,98,270,66786,695.69,681.49,354,861,110,54,190
3515004,SP,202608,19528,50334,13188437,679.43,675.36,61329,130911,26243,10573,24513
3515103,SP,202608,5417,14275,3718402,691.54,686.43,17546,38110,7198,2908,7440
3515129,SP,202608,161,456,105064,652.57,652.57,566,1372,141,130,295
3515152,SP,202608,971,2694,641328,665.97,660.48,3374,8421,834,919,1621
3515186,SP,202608,706,1951,460705,653.48,652.56,2325,5951,591,686,1048
3515194,SP,202608,190,513,122208,650.04,643.2,910,2299,145,192,573
3515202,SP,202608,275,768,179139,651.41,651.41,1237,2841,240,254,743
3515301,SP,202608,110,271,70594,647.65,641.76,407,916,104,65,238
3515350,SP,202608,787,1971,532790,676.99,676.99,2114,4767,780,378,956
3515400,SP,202608,1239,3204,835423,675.36,674.27,3889,8284,1370,736,1783
3515509,SP,202608,2644,7073,1772568,674.24,670.41,9433,21181,3004,2030,4399
3515608,SP,202608,242,702,167207,690.94,690.94,885,2146,233,219,433
3515657,SP,202608,130,358,90659,697.38,697.38,347,861,135,61,151
3515707,SP,202608,15046,37884,10146904,678.22,674.39,32929,74355,14745,5980,12204
3515806,SP,202608,57,147,36303,636.89,636.89,305,687,48,63,194
3515905,SP,202608,103,284,71511,694.28,694.28,361,802,94,74,193
3516002,SP,202608,676,1681,444904,661.08,658.14,1707,3890,635,308,764
3516101,SP,202608,275,694,188269,692.17,684.61,755,1650,304,115,336
3516200,SP,202608,11852,32923,8230799,694.76,694.46,36383,86079,12486,9266,14631
3516309,SP,202608,13334,36155,9216027,695.71,691.17,39233,87635,17581,6731,14921
3516408,SP,202608,9691,25248,6571701,679.67,678.12,27907,62783,11661,5019,11227
3516507,SP,202608,85,267,56239,661.64,661.64,498,1247,73,97,328
3516606,SP,202608,223,601,147160,662.88,659.91,779,1976,188,260,331
3516705,SP,202608,2441,6616,1657278,680.61,678.93,7580,19213,2366,1371,3843
3516804,SP,202608,136,390,94336,693.65,693.65,594,1500,131,142,321
3516853,SP,202608,170,464,111011,656.87,653.01,752,1826,144,157,451
3516903,SP,202608,341,967,225617,663.58,661.63,1376,3211,299,361,716
3517000,SP,202608,660,1658,439922,667.56,666.55,1623,3562,695,288,640
3517109,SP,202608,391,977,262766,672.04,672.04,1022,2321,395,188,439
3517208,SP,202608,654,1820,436942,683.79,668.11,1927,4665,611,401,915
3517307,SP,202608,518,1346,351882,681.94,679.31,1297,2869,554,212,531
3517406,SP,202608,1577,3894,1028788,659.9,652.37,4222,9437,1810,892,1520
3517505,SP,202608,745,2106,503190,676.33,675.42,2756,6634,730,570,1456
3517604,SP,202608,1419,3921,918716,649.27,647.44,3970,9824,1270,1150,1550
3517703,SP,202608,1171,3003,782554,672.3,668.28,2903,6775,1302,583,1018
3517802,SP,202608,443,1095,303054,684.09,684.09,1633,3525,488,249,896
3517901,SP,202608,624,1687,406057,663.49,650.73,2278,5066,590,497,1191
3518008,SP,202608,84,220,51903,625.34,617.89,449,1009,75,95,279
3518107,SP,202608,652,1694,460956,709.16,706.99,1511,3486,669,231,611
3518206,SP,202608,1524,3901,1020489,672.26,669.61,4510,10418,1453,892,2165
3518305,SP,202608,2889,7197,1959378,680.1,678.22,7218,15316,3180,1107,2931
3518404,SP,202608,5348,15296,3730989,701.05,697.64,13347,33197,5734,2813,4800
3518503,SP,202608,587,1632,391925,667.67,667.67,1900,4892,501,503,896
3518602,SP,202608,1561,4439,1052574,680.4,674.29,3887,9938,1414,1014,1459
3518701,SP,202608,16597,43315,11142736,677.53,671.37,46270,104266,20995,9234,16041
3518800,SP,202608,108101,273273,72831392,678.96,673.73,246088,539611,108492,40388,97208
3518859,SP,202608,522,1426,362265,693.99,693.99,1303,2898,564,223,516
3518909,SP,202608,219,631,157786,720.48,720.48,1116,2464,266,231,619
3519006,SP,202608,697,1876,469276,675.22,673.28,1690,3969,650,349,691
3519055,SP,202608,260,713,169416,664.38,651.6,839,2204,228,213,398
3519071,SP,202608,12023,31828,7950295,664.46,661.26,31085,74116,11290,6722,13073
3519105,SP,202608,861,2117,565163,661.01,656.4,2616,5545,1091,418,1107
3519204,SP,202608,450,1149,296342,667.44,658.54,1266,2964,393,303,570
3519253,SP,202608,545,1468,370918,680.58,680.58,1445,3453,538,251,656
3519303,SP,202608,2600,6674,1763214,679.73,678.16,6218,14191,2846,1150,2222
3519402,SP,202608,460,1262,310733,682.93,675.51,1409,3371,399,348,662
3519501,SP,202608,758,1819,503101,663.72,663.72,1775,3728,738,318,719
3519600,SP,202608,2448,6259,1606245,660.73,656.15,7230,16399,2226,1978,3026
3519709,SP,202608,6786,18534,4481863,669.83,660.46,15526,36450,6624,3412,5490
3519808,SP,202608,358,968,232582,655.16,649.67,1482,3237,413,292,777
3519907,SP,202608,623,1483,415366,674.3,666.72,1708,3763,608,312,788
3520004,SP,202608,1887,4503,1272851,677.05,674.54,3716,8461,1763,640,1313
3520103,SP,202608,990,2657,649814,664.43,656.38,3374,7667,933,898,1543
3520202,SP,202608,772,2138,517428,671.98,670.24,2138,5009,782,490,866
3520301,SP,202608,4112,9798,2733982,666.99,664.88,8167,17737,4065,1367,2735
3520400,SP,202608,1849,5009,1228831,670.39,664.59,6241,14239,2132,1415,2694
3520426,SP,202608,2088,5063,1383392,662.86,662.54,5738,11721,2227,873,2638
3520442,SP,202608,546,1491,360269,659.83,659.83,2938,7252,503,678,1757
3520509,SP,202608,4586,12508,2993477,660.67,652.74,19111,46124,3899,5314,9898
3520608,SP,202608,459,1132,310028,676.92,675.44,1064,2435,444,188,432
3520707,SP,202608,252,608,168652,671.92,669.25,985,2007,267,142,576
3520806,SP,202608,118,335,75457,644.93,639.47,524,1226,105,93,326
3520905,SP,202608,877,2355,587146,678.78,669.49,1970,5042,815,474,681
3521002,SP,202608,2596,7013,1776409,685.87,684.29,5992,14662,2389,1215,2388
3521101,SP,202608,303,820,197797,661.53,652.8,999,2537,283,227,489
3521150,SP,202608,228,636,151707,665.38,665.38,563,1376,197,153,213
3521200,SP,202608,492,1274,330773,672.3,672.3,1172,2800,512,218,442
3521309,SP,202608,711,1909,480769,682.91,676.19,2580,6439,818,516,1246
3521408,SP,202608,527,1401,351834,668.89,667.62,2017,4908,515,472,1030
3521507,SP,202608,430,1229,299402,697.91,696.28,1215,2892,488,282,445
3521606,SP,202608,327,844,219246,674.6,670.48,1182,2761,310,218,654
3521705,SP,202608,1348,3584,872271,648.53,647.09,3844,9523,1189,1029,1626
3521804,SP,202608,1736,4633,1189588,690.82,685.25,4062,9857,1663,823,1576
3521903,SP,202608,753,2132,534201,709.43,709.43,2053,5104,753,478,822
3522000,SP,202608,150,448,103724,691.49,691.49,483,1336,126,122,235
3522109,SP,202608,11090,28095,7314132,661.31,659.52,27098,58405,11719,5515,9864
3522158,SP,202608,429,1091,273739,638.09,638.09,927,2182,370,188,369
3522208,SP,202608,13470,35139,9042730,677.97,671.32,39558,85877,15718,7527,16313
3522307,SP,202608,8070,22194,5341694,671.91,661.92,22493,55082,7262,6113,9118
3522406,SP,202608,6664,18152,4437781,673.72,665.93,14966,37199,5928,3452,5586
3522505,SP,202608,14952,43209,9942173,680.36,664.94,41156,103405,15105,9561,16490
3522604,SP,202608,2036,5214,1339708,663.55,658.01,6378,15041,1838,1512,3028
3522653,SP,202608,644,1876,432736,675.1,671.95,1104,2977,553,287,264
3522703,SP,202608,1198,3304,793437,662.85,662.3,3377,8404,1068,920,1389
3522802,SP,202608,1390,3430,908443,655.92,653.56,3058,6727,1257,654,1147
3522901,SP,202608,672,1721,458683,690.79,682.56,2059,4842,670,425,964
3523008,SP,202608,395,974,263963,668.26,668.26,1275,2863,375,190,710
3523107,SP,202608,37566,99723,25768781,692.69,685.96,84532,190146,38512,15162,30858
3523206,SP,202608,4411,10431,2894969,660.35,656.31,9440,21543,4059,1947,3434
3523305,SP,202608,1762,4348,1193140,681.79,677.15,3661,7960,1780,606,1275
3523404,SP,202608,4011,10418,2605210,653.92,649.52,12020,28769,3508,2813,5699
3523503,SP,202608,1153,3154,778294,679.73,675.02,3023,7890,1051,671,1301
3523602,SP,202608,769,2060,517681,679.37,673.19,2144,4838,775,418,951
3523701,SP,202608,593,1670,406813,693.04,686.03,1270,3105,620,251,399
3523800,SP,202608,350,926,237917,683.67,679.76,1540,3142,635,328,577
3523909,SP,202608,7890,21053,5336530,685.49,676.37,22475,50739,7632,4174,10669
3524006,SP,202608,2240,6179,1516339,681.5,676.94,6704,17136,1969,1513,3222
3524105,SP,202608,1675,4305,1095391,656.71,653.96,4792,10898,1526,1181,2085
3524204,SP,202608,510,1207,338735,665.49,664.19,1412,3035,548,209,655
3524303,SP,202608,3778,9414,2513284,674.35,665.24,10878,23716,4192,2150,4536
3524402,SP,202608,7800,21523,5145572,663.43,659.69,26321,62620,7419,7334,11568
3524501,SP,202608,277,748,183865,663.77,663.77,1026,2407,252,211,563
3524600,SP,202608,1250,3563,843560,676.47,674.85,3174,8091,1086,879,1209
3524709,SP,202608,1417,3797,916442,649.04,646.75,4027,9711,1256,1061,1710
3524808,SP,202608,1584,3964,1025342,650.6,647.31,6069,13105,1487,1261,3321
3524907,SP,202608,343,1006,235402,698.52,686.3,1119,2811,350,294,475
3525003,SP,202608,3591,9901,2509036,699.87,698.7,16418,37780,5648,3286,7484
3525102,SP,202608,2355,6499,1656684,707.98,703.48,6513,15435,2668,1268,2577
3525201,SP,202608,1346,3774,907229,675.52,674.02,3499,8674,1205,917,1377
3525300,SP,202608,4451,11897,2985127,677.51,670.66,14062,33948,4129,3300,6633
3525409,SP,202608,260,739,186302,716.55,716.55,874,2096,315,175,384
3525508,SP,202608,497,1419,345527,695.23,695.23,1945,4608,581,520,844
3525607,SP,202608,318,827,214323,676.1,673.97,832,1950,325,165,342
3525706,SP,202608,699,2011,452782,648.68,647.76,3410,8238,548,1235,1627
3525805,SP,202608,470,1180,325186,696.33,691.89,1036,2347,465,150,421
3525854,SP,202608,89,294,55228,627.59,620.54,457,1238,70,107,280
3525904,SP,202608,8128,21989,5539598,689.61,681.55,19159,45530,8305,4170,6684
3526001,SP,202608,956,2570,628023,659.0,656.93,2525,6238,846,584,1095
3526100,SP,202608,1717,4365,1173261,685.32,683.32,3962,8823,1658,914,1390
3526209,SP,202608,2695,7190,1805545,671.21,669.96,7653,16971,2934,1713,3006
3526308,SP,202608,337,875,224535,670.25,666.28,1048,2228,404,229,415
3526407,SP,202608,1676,4298,1138240,681.58,679.14,4424,10330,1733,827,1864
3526506,SP,202608,231,603,150266,650.5,650.5,709,1738,210,170,329
3526605,SP,202608,581,1615,403907,695.19,695.19,1360,3539,621,300,439
3526704,SP,202608,4653,12383,3168359,686.09,680.93,14383,33628,5212,2861,6310
3526803,SP,202608,1636,4365,1059118,649.37,647.38,4405,11325,1365,1100,1940
3526902,SP,202608,13327,34988,8872314,671.94,665.74,34815,80493,13932,6846,14037
3527009,SP,202608,333,887,220054,677.09,660.82,1138,2687,315,237,586
3527108,SP,202608,3080,7784,2042382,671.84,663.11,7873,17876,2822,1730,3321
3527207,SP,202608,5129,13209,3402049,666.55,663.3,14346,31047,6437,2879,5030
3527256,SP,202608,145,388,91934,638.43,634.03,541,1197,133,99,309
3527306,SP,202608,1665,4455,1117724,672.11,671.31,3431,9188,1477,873,1081
3527405,SP,202608,873,2293,555756,642.49,636.6,2954,6638,799,732,1423
3527504,SP,202608,170,413,113242,670.07,666.13,556,1216,170,81,305
3527603,SP,202608,710,1984,478986,679.41,674.63,1798,4534,629,449,720
3527702,SP,202608,545,1396,377828,694.54,693.26,1312,2952,532,226,554
3527801,SP,202608,210,581,133986,650.42,638.03,876,2323,183,181,512
3527900,SP,202608,190,483,129093,679.44,679.44,613,1493,184,104,325
3528007,SP,202608,417,1189,277819,669.44,666.23,1966,5267,402,484,1080
3528106,SP,202608,473,1213,313156,662.06,662.06,1474,3254,467,280,727
3528205,SP,202608,138,425,94195,682.57,682.57,524,1368,123,149,252
3528304,SP,202608,100,265,60631,618.68,606.31,559,1335,95,138,326
3528403,SP,202608,2606,7045,1765929,682.62,677.64,5871,14214,2478,1317,2076
3528502,SP,202608,7861,19558,5274928,676.36,671.03,18677,40129,7697,2938,8042
3528601,SP,202608,497,1341,331761,691.17,667.53,1545,3759,471,342,732
3528700,SP,202608,277,707,180614,652.04,652.04,948,2245,256,197,495
3528809,SP,202608,725,1766,486610,673.04,671.19,2318,4978,837,375,1106
3528858,SP,202608,168,464,111986,674.61,666.58,462,1118,160,100,202
3528908,SP,202608,329,699,212527,655.95,645.98,831,1656,345,100,386
3529005,SP,202608,7923,21204,5275500,675.05,665.85,24419,57824,7105,6039,11275
3529104,SP,202608,84,231,53157,640.45,632.82,421,1032,68,117,236
3529203,SP,202608,1574,4105,1071665,684.33,680.85,4041,8972,1644,648,1749
3529302,SP,202608,3076,7893,2013691,662.18,654.65,7736,18250,3019,2013,2704
3529401,SP,202608,19794,51920,13259064,675.97,669.85,42592,101340,18454,10149,13989
3529500,SP,202608,196,577,137584,705.56,701.96,816,2085,218,181,417
3529609,SP,202608,176,530,120882,686.83,686.83,858,2101,179,198,481
3529658,SP,202608,90,283,58408,656.27,648.98,344,893,71,94,179
3529708,SP,202608,1943,4382,1317989,678.33,678.33,4852,9153,2662,562,1628
3529807,SP,202608,665,1805,405659,618.38,610.01,2030,4819,528,509,993
3529906,SP,202608,2397,6370,1641791,687.52,684.94,5199,12156,2315,1006,1878
3530003,SP,202608,112,332,73386,655.23,655.23,672,1547,130,141,401
3530102,SP,202608,1097,2854,731121,669.52,666.47,3648,8250,1065,735,1848
3530201,SP,202608,995,2790,662210,672.29,665.54,4140,9544,993,777,2370
3530300,SP,202608,1739,4773,1179779,681.95,678.42,6377,14960,1554,1762,3061
3530409,SP,202608,318,832,218503,687.12,687.12,917,2027,381,168,368
3530508,SP,202608,2513,6849,1738891,692.79,691.96,7345,17607,2665,1608,3072
3530607,SP,202608,31979,83696,21821744,686.18,682.38,68485,154673,33343,11737,23405
3530706,SP,202608,5146,13715,3424615,668.87,665.49,15584,38337,4892,3696,6996
3530805,SP,202608,2450,6480,1591716,662.94,649.68,7888,18605,2355,1885,3648
3530904,SP,202608,266,762,183933,691.48,691.48,746,1932,236,176,334
3531001,SP,202608,71,201,47643,671.03,671.03,434,979,76,68,290
3531100,SP,202608,4878,13169,3373378,693.11,691.55,12608,27881,5965,2545,4098
3531209,SP,202608,228,637,155639,682.63,682.63,708,1623,259,156,293
3531308,SP,202608,1176,3098,790349,676.67,672.07,4606,10290,1352,838,2416
3531407,SP,202608,1185,2859,766917,647.19,647.19,3928,8708,1080,922,1926
3531506,SP,202608,701,1876,491143,702.64,700.63,2464,5394,934,403,1127
3531605,SP,202608,232,660,156352,676.85,673.93,817,1951,226,151,440
3531704,SP,202608,376,1028,264320,706.74,702.98,1061,2375,500,159,402
3531803,SP,202608,4736,12478,3185716,675.51,672.66,13392,31167,4625,2905,5862
3531902,SP,202608,1638,4123,1113859,682.09,680.01,4728,10663,1947,868,1913
3532009,SP,202608,661,1879,446417,684.69,675.37,1881,4795,688,438,755
3532058,SP,202608,203,539,132691,653.65,653.65,589,1473,203,116,270
3532108,SP,202608,297,761,199916,675.39,673.12,925,1946,308,138,479
3532157,SP,202608,152,383,96311,633.63,633.62,483,1112,148,101,234
3532207,SP,202608,339,941,241272,713.82,711.72,997,2458,364,200,433
3532306,SP,202608,367,1150,259948,712.19,708.31,1167,2917,420,345,402
3532405,SP,202608,1342,3745,875493,655.8,652.38,3174,7763,1223,841,1110
3532504,SP,202608,464,1208,316730,684.08,682.61,1530,3210,559,242,729
3532603,SP,202608,388,1095,270864,699.91,698.1,1787,3705,417,290,1080
3532702,SP,202608,376,987,256188,688.68,681.35,1082,2515,406,194,482
3532801,SP,202608,299,844,197946,673.29,662.03,1027,2449,314,274,439
3532827,SP,202608,1005,2733,664387,665.05,661.08,2271,5893,879,588,804
3532843,SP,202608,80,210,48979,612.24,612.24,434,1022,71,80,283
3532868,SP,202608,41,129,26775,653.05,653.05,182,475,31,54,97
3532900,SP,202608,310,806,201682,650.59,650.59,1527,3791,270,328,929
3533007,SP,202608,792,2188,498572,638.38,629.51,2816,6999,665,749,1402
3533106,SP,202608,185,456,123156,669.33,665.71,493,1084,185,69,239
3533205,SP,202608,299,820,200029,682.69,668.99,929,2258,266,188,475
3533254,SP,202608,291,828,201265,694.02,691.63,894,2304,273,178,443
3533304,SP,202608,181,447,119392,666.99,659.62,880,1822,230,145,505
3533403,SP,202608,1902,5145,1282077,677.99,674.07,5185,12523,1853,1047,2285
3533502,SP,202608,1207,3293,711531,597.42,589.5,5868,13170,866,1971,3031
3533601,SP,202608,333,934,233706,710.35,701.82,834,2095,373,161,300
3533700,SP,202608,379,1062,254291,683.58,670.95,831,2112,337,200,294
3533809,SP,202608,186,513,130954,704.05,704.05,520,1212,183,87,250
3533908,SP,202608,2600,6856,1774472,683.8,682.49,9836,21249,3028,1659,5149
3534005,SP,202608,212,587,145087,687.62,684.37,732,1865,231,168,333
3534104,SP,202608,296,729,199984,682.54,675.62,736,1640,318,110,308
3534203,SP,202608,170,454,117674,692.2,692.2,722,1758,251,160,311
3534302,SP,202608,1149,3123,777100,680.47,676.33,3012,7397,1057,731,1224
3534401,SP,202608,35955,100592,24509772,684.67,681.68,109934,260565,41262,22021,46651
3534500,SP,202608,97,258,62024,639.42,639.42,484,1172,93,127,264
3534609,SP,202608,751,2092,468252,625.17,623.5,3785,9536,591,1098,2096
3534708,SP,202608,4963,12786,3373138,684.35,679.66,13351,30573,4855,2645,5851
3534757,SP,202608,416,1033,266311,643.26,640.17,1393,3297,402,350,641
3534807,SP,202608,974,2325,657043,678.76,674.58,1963,4245,959,311,693
3534906,SP,202608,590,1446,389970,668.9,660.97,1411,3016,601,224,586
3535002,SP,202608,551,1507,366467,665.09,665.09,1686,3952,577,392,717
3535101,SP,202608,382,1007,256104,670.43,670.43,1356,3383,373,290,693
3535200,SP,202608,260,750,160680,618.0,618.0,1212,2915,171,354,687
3535309,SP,202608,1540,3667,1027942,670.11,667.49,3206,7079,1519,509,1178
3535408,SP,202608,1432,3722,981707,690.37,685.55,3111,7187,1407,542,1162
3535507,SP,202608,3382,8003,2250113,669.88,665.32,7708,17370,3224,1319,3165
3535606,SP,202608,1009,2883,667173,663.85,661.22,2891,7120,949,848,1094
3535705,SP,202608,147,443,94760,662.66,644.63,830,2047,129,178,523
3535804,SP,202608,1023,2921,620544,611.37,606.59,2606,6873,676,911,1019
3535903,SP,202608,308,884,213792,705.58,694.13,866,2050,376,174,316
3536000,SP,202608,566,1561,366592,656.97,647.69,2009,4820,489,530,990
3536109,SP,202608,356,979,234941,659.95,659.95,1289,3158,324,323,642
3536208,SP,202608,1212,3285,816261,682.49,673.48,3797,8943,1163,982,1652
3536257,SP,202608,186,495,120527,647.99,647.99,803,1822,167,140,496
3536307,SP,202608,933,2615,662190,709.74,709.74,2381,5958,986,469,926
3536406,SP,202608,796,2074,547935,691.84,688.36,1906,4455,770,304,832
3536505,SP,202608,3826,10261,2573934,677.71,672.75,9387,22966,3911,2041,3435
3536570,SP,202608,138,398,98605,719.74,714.53,395,1005,136,94,165
3536604,SP,202608,552,1364,360458,661.39,653.0,1608,3252,621,291,696
3536703,SP,202608,1995,5272,1333386,671.05,668.36,6265,15044,1805,1508,2952
3536802,SP,202608,309,850,207493,682.54,671.5,1013,2432,423,215,375
3536901,SP,202608,77,243,52472,681.45,681.45,586,1465,76,116,394
3537008,SP,202608,1039,2704,684191,664.91,658.51,2920,6634,975,695,1250
3537107,SP,202608,1673,3991,1106414,662.92,661.34,4654,10172,1685,986,1983
3537156,SP,202608,118,329,79058,669.98,669.98,526,1264,107,92,327
3537206,SP,202608,1049,2843,709321,680.08,676.19,2338,5472,994,457,887
3537305,SP,202608,3486,9071,2383104,685.79,683.62,7890,18491,3338,1555,2997
3537404,SP,202608,1324,3302,901504,681.41,680.89,3459,7907,1320,683,1456
3537503,SP,202608,269,810,167017,627.88,620.88,1314,3501,192,425,697
3537602,SP,202608,6838,17739,4601003,678.01,672.86,19855,39961,8681,4023,7151
3537701,SP,202608,117,394,85764,733.03,733.03,850,2246,102,279,469
3537800,SP,202608,4874,12352,3275645,676.37,672.07,9256,22184,4607,1848,2801
3537909,SP,202608,844,2445,558617,663.44,661.87,3497,9426,780,1206,1511
3538006,SP,202608,9906,27395,6791743,688.82,685.62,24285,58352,10262,5203,8820
3538105,SP,202608,465,1260,312585,672.23,672.23,1709,4080,439,389,881
3538204,SP,202608,635,1773,433354,682.45,682.45,2538,5779,671,567,1300
3538303,SP,202608,274,746,187611,684.71,684.71,700,1641,273,134,293
3538501,SP,202608,689,1820,467383,682.31,678.35,2023,4691,823,445,755
3538600,SP,202608,1223,3428,783073,640.29,640.29,3686,9023,1013,1094,1579
3538709,SP,202608,12980,34890,8735626,679.66,673.01,36580,89410,12359,8959,15262
3538808,SP,202608,1674,4460,1119200,679.95,668.58,3650,9018,1583,880,1187
3538907,SP,202608,1639,3594,1079195,660.87,658.45,4315,8298,1689,597,2029
3539004,SP,202608,259,725,175517,682.95,677.67,939,2247,319,234,386
3539103,SP,202608,1581,4330,1099525,696.34,695.46,4089,9502,1875,733,1481
3539202,SP,202608,674,1866,442112,661.84,655.95,2340,5749,577,697,1066
3539301,SP,202608,2465,6611,1674281,686.46,679.22,7394,17842,2390,1849,3155
3539400,SP,202608,504,1399,322316,639.52,639.52,1915,4860,435,492,988
3539509,SP,202608,1518,4197,989713,651.98,651.98,4475,11244,1264,1300,1911
3539608,SP,202608,183,521,117957,648.12,644.57,927,2255,150,286,491
3539707,SP,202608,307,771,202441,661.57,659.42,789,1720,299,155,335
3539806,SP,202608,10274,25729,6910902,676.48,672.66,23776,52091,10769,3631,9376
3539905,SP,202608,366,970,244802,668.86,668.86,1146,2530,355,228,563
3540002,SP,202608,598,1616,389918,653.13,652.04,3097,7083,614,650,1833
3540101,SP,202608,236,621,157088,665.63,665.63,610,1407,217,100,293
3540200,SP,202608,1720,4262,1112055,656.08,646.54,5528,12656,1908,1411,2209
3540259,SP,202608,246,723,164170,672.83,667.36,918,2377,216,228,474
3540309,SP,202608,127,345,85519,673.38,673.38,755,1521,153,104,498
3540408,SP,202608,248,659,160149,645.76,645.76,853,1853,262,155,436
3540507,SP,202608,479,1415,331160,692.8,691.36,1609,3999,452,454,703
3540606,SP,202608,2710,6945,1834499,681.21,676.94,6741,15972,2622,1253,2866
3540705,SP,202608,1537,3872,1029348,670.59,669.71,4790,11232,1484,1303,2003
3540754,SP,202608,1606,4431,1108988,698.8,690.53,3724,8991,1575,826,1323
3540804,SP,202608,648,1835,407226,641.3,628.44,2527,6106,567,654,1306
3540853,SP,202608,201,426,130194,650.97,647.73,501,933,212,74,215
3540903,SP,202608,989,2604,658931,668.97,666.26,2286,5408,1000,451,835
3541000,SP,202608,15226,41895,10431402,690.78,685.1,41801,99387,17445,9243,15113
3541059,SP,202608,543,1476,381599,702.76,702.76,1280,3260,483,255,542
3541109,SP,202608,258,685,173019,670.62,670.62,733,1704,239,143,351
3541208,SP,202608,594,1552,388726,654.42,654.42,2049,4752,525,389,1135
3541307,SP,202608,2390,6395,1606185,674.87,672.04,8253,18999,2459,1650,4144
3541406,SP,202608,9307,24255,6253617,675.05,671.93,26550,60903,9329,5607,11614
3541505,SP,202608,1101,2866,690861,627.49,627.49,3584,8065,905,1032,1647
3541604,SP,202608,1837,4783,1231599,672.27,670.44,3879,9629,1632,894,1353
3541653,SP,202608,384,1090,263054,686.83,685.04,851,2189,353,173,325
3541703,SP,202608,918,2395,613301,668.08,668.08,2560,6159,840,529,1191
3541802,SP,202608,129,353,80463,628.62,623.74,782,1836,99,181,502
3541901,SP,202608,655,1727,456796,700.61,697.4,1939,4584,772,393,774
3542008,SP,202608,444,1157,296995,673.46,668.91,1213,2801,423,258,532
3542107,SP,202608,475,1271,317191,679.21,667.77,1282,2996,455,250,577
3542206,SP,202608,1345,3588,891251,662.64,662.64,4194,9992,1180,1062,1952
3542305,SP,202608,394,1069,257070,659.15,652.46,1023,2339,411,247,365
3542404,SP,202608,802,2118,530390,661.33,661.33,2371,5983,695,552,1124
3542503,SP,202608,285,758,191368,685.91,671.47,918,2064,258,208,452
3542602,SP,202608,4937,12751,3325792,678.18,673.65,12677,27629,5285,2608,4784
3542701,SP,202608,490,1429,345980,716.31,706.08,1432,3622,534,284,614
3542800,SP,202608,465,1141,306703,661.0,659.58,886,2024,451,137,298
3542909,SP,202608,560,1659,374883,681.61,669.43,1435,3870,504,376,555
3543006,SP,202608,2647,7014,1781066,674.14,672.86,4847,12171,2415,1229,1203
3543105,SP,202608,428,1218,303265,711.89,708.56,1098,2648,546,210,342
3543204,SP,202608,359,895,233927,653.43,651.61,1051,2319,338,208,505
3543238,SP,202608,181,412,119113,658.08,658.08,544,1150,172,90,282
3543253,SP,202608,322,988,205677,646.78,638.75,1606,4534,242,486,878
3543303,SP,202608,4668,11637,3079611,661.85,659.73,12316,27702,4486,2416,5414
3543402,SP,202608,22087,58663,15090118,691.7,683.21,66661,149489,24493,13392,28776
3543501,SP,202608,704,1826,465542,665.06,661.28,1577,3696,655,360,562
3543600,SP,202608,234,633,155485,667.32,664.47,830,1830,268,179,383
3543709,SP,202608,465,1326,313422,688.84,674.03,1162,2905,451,252,459
3543808,SP,202608,129,359,71484,567.33,554.14,534,1373,72,218,244
3543907,SP,202608,6561,16377,4334414,667.55,660.63,21223,45059,6993,4165,10065
3544004,SP,202608,498,1568,329606,669.93,661.86,2006,5732,384,677,945
3544103,SP,202608,3597,9071,2404176,670.06,668.38,9072,19851,3695,1701,3676
3544202,SP,202608,557,1475,345019,623.9,619.42,1643,3965,431,494,718
3544251,SP,202608,1597,3794,1059512,663.85,663.44,4031,8679,1558,635,1838
3544301,SP,202608,791,2146,547377,698.18,692.01,2348,5369,901,444,1003
3544400,SP,202608,215,565,144822,676.74,673.59,700,1717,201,121,378
3544509,SP,202608,159,472,111133,698.95,698.95,860,1991,201,173,486
3544608,SP,202608,273,753,180365,673.0,660.68,888,2206,253,218,417
3544707,SP,202608,136,362,88467,650.49,650.49,495,1234,127,87,281
3544806,SP,202608,501,1251,325375,654.68,649.45,1749,3650,532,329,888
3544905,SP,202608,364,1036,247252,683.02,679.26,1006,2705,331,253,422
3545001,SP,202608,1229,3380,835115,682.28,679.51,3318,7791,1181,782,1355
3545100,SP,202608,275,750,180792,667.13,657.43,879,2223,240,189,450
3545159,SP,202608,106,309,68056,654.38,642.04,591,1594,91,175,325
3545209,SP,202608,4388,11600,2921318,677.96,665.75,11799,28307,3958,2533,5308
3545308,SP,202608,3145,8076,2065079,667.66,656.62,7963,18452,3059,1533,3371
3545407,SP,202608,405,1119,249432,623.58,615.88,1523,3615,345,445,733
3545506,SP,202608,364,968,242493,666.19,666.19,1278,2764,414,238,626
3545605,SP,202608,670,1808,465436,698.85,694.68,2947,6609,776,415,1756
3545704,SP,202608,80,226,50390,629.88,629.88,711,1585,63,192,456
3545803,SP,202608,4024,11027,2743441,687.23,681.77,11259,27736,3550,2583,5126
3546009,SP,202608,901,2557,598186,666.87,663.91,2704,6652,811,655,1238
3546108,SP,202608,128,382,92912,731.59,725.88,636,1524,153,108,375
3546207,SP,202608,187,573,128117,688.8,685.12,627,1636,193,122,312
3546256,SP,202608,79,212,50396,637.92,637.92,386,997,70,79,237
3546306,SP,202608,1338,3506,900913,680.96,673.33,3918,9563,1548,937,1433
3546405,SP,202608,1844,4976,1214149,668.95,658.43,4737,11505,1580,1287,1870
3546504,SP,202608,341,887,237305,697.96,695.91,987,2205,430,140,417
3546603,SP,202608,813,2287,519082,644.82,638.48,3107,7404,680,955,1472
3546702,SP,202608,391,1051,253506,651.69,648.35,1534,3936,354,447,733
3546801,SP,202608,3814,9903,2558349,678.79,670.78,8361,19042,3707,1561,3093
3546900,SP,202608,224,654,160876,721.42,718.2,667,1870,255,150,262
3547007,SP,202608,368,1027,253316,688.36,688.36,1132,2613,386,242,504
3547106,SP,202608,202,518,136614,676.31,676.31,683,1636,195,132,356
3547205,SP,202608,68,193,46485,693.81,683.6,393,869,70,70,253
3547304,SP,202608,5495,15942,3703115,675.87,673.91,17410,43803,5982,4057,7371
3547403,SP,202608,45,139,29185,648.56,648.56,310,730,43,61,206
3547502,SP,202608,888,2280,593817,674.79,668.71,2928,6998,901,640,1387
3547601,SP,202608,904,2382,589091,664.14,651.65,3142,7239,889,740,1513
3547650,SP,202608,52,152,37882,728.5,728.5,342,846,62,48,232
3547700,SP,202608,1192,2988,777744,654.67,652.47,3031,6786,1092,651,1288
3547809,SP,202608,35555,87783,23601237,669.18,663.8,88637,192201,39080,13549,36008
3547908,SP,202608,481,1428,329082,684.16,684.16,1244,3138,524,261,459
3548005,SP,202608,1227,3277,824166,677.21,671.69,3466,8259,1094,838,1534
3548054,SP,202608,594,1521,390204,658.02,656.91,1787,4113,573,324,890
3548104,SP,202608,217,695,162409,748.43,748.43,582,1607,214,155,213
3548203,SP,202608,312,902,201488,645.79,645.79,1236,3208,284,436,516
3548302,SP,202608,186,463,121950,655.65,655.65,681,1473,176,120,385
3548401,SP,202608,283,730,184880,653.29,653.29,794,1911,253,181,360
3548500,SP,202608,13386,31961,8955604,670.28,669.03,35229,74948,15538,6118,13573
3548609,SP,202608,554,1511,370209,668.25,668.25,2161,4984,579,533,1049
3548708,SP,202608,35537,89316,23177838,657.92,652.22,95614,210840,34935,18094,42585
3548807,SP,202608,2252,5745,1403825,626.15,623.37,9074,21406,2006,1982,5086
3548906,SP,202608,9577,25172,6547336,690.5,683.65,29346,64631,11374,5722,12250
3549003,SP,202608,107,310,63744,595.74,595.74,464,1133,66,150,248
3549102,SP,202608,2168,5850,1445645,670.52,666.81,7873,18780,2001,1885,3987
3549201,SP,202608,76,227,54393,715.7,715.7,557,1404,71,99,387
3549250,SP,202608,51,155,30735,602.65,602.65,278,735,33,81,164
3549300,SP,202608,120,292,76103,634.19,634.19,474,1050,107,67,300
3549409,SP,202608,1564,4393,1086186,698.51,694.49,4596,11762,1739,1067,1790
3549508,SP,202608,727,1842,493744,686.71,679.15,1814,3925,830,325,659
3549607,SP,202608,340,938,230981,679.36,679.36,985,2346,290,267,428
3549706,SP,202608,2454,6686,1684981,692.55,686.63,6001,14040,2485,1194,2322
3549805,SP,202608,16654,42559,11331114,682.6,680.38,52165,112937,18928,9272,23965
3549904,SP,202608,35627,89601,23745572,670.48,666.5,105155,235208,38238,19560,47357
3549953,SP,202608,1438,3387,953445,670.5,663.04,4070,7836,1864,541,1665
3550001,SP,202608,632,1760,418477,663.2,662.15,1879,4383,639,486,754
3550100,SP,202608,1869,4748,1272544,680.87,680.87,6132,14044,1743,1132,3257
3550209,SP,202608,1384,4116,894187,650.32,646.09,3986,10687,1123,1413,1450
3550308,SP,202608,663234,1650898,436134969,664.48,657.59,1808629,3926231,684926,385990,737713
3550407,SP,202608,1843,4966,1255004,687.3,680.96,5009,10735,1975,917,2117
3550506,SP,202608,338,958,200482,598.45,593.14,1314,3198,226,515,573
3550605,SP,202608,3250,8843,2151237,666.02,661.92,9399,23027,2813,2317,4269
3550704,SP,202608,5573,14191,3734614,674.61,670.13,16132,35532,7181,3277,5674
3550803,SP,202608,226,730,142573,642.22,630.85,1243,3167,152,438,653
3550902,SP,202608,668,1796,450645,682.8,674.62,1881,4455,725,370,786
3551009,SP,202608,21332,57312,14886143,704.0,697.83,52311,117100,26340,8698,17273
3551108,SP,202608,290,908,188305,665.39,649.33,1663,4141,232,526,905
3551207,SP,202608,286,755,183447,650.52,641.42,942,2197,272,211,459
3551306,SP,202608,248,637,167206,676.95,674.22,987,2170,262,123,602
3551405,SP,202608,1060,2500,702332,664.46,662.58,2359,4816,1135,374,850
3551504,SP,202608,2595,6816,1782670,690.42,686.96,7051,16051,2957,1395,2699
3551603,SP,202608,845,2353,567499,679.64,671.6,3685,8469,902,976,1807
3551702,SP,202608,5833,15319,3993709,690.71,684.67,17034,37847,6870,3241,6923
3551801,SP,202608,1650,4429,1127156,683.12,683.12,3626,8380,1519,773,1334
3551900,SP,202608,866,2510,616844,713.11,712.29,2715,6474,1001,500,1214
3552007,SP,202608,514,1493,361841,713.69,703.97,1451,3550,664,307,480
3552106,SP,202608,1368,3797,921548,683.64,673.65,4307,9936,1682,818,1807
3552205,SP,202608,32075,83790,21763087,684.01,678.51,84403,192646,33722,16279,34402
3552304,SP,202608,360,959,241581,671.06,671.06,1635,3783,349,238,1048
3552403,SP,202608,13463,35159,8983517,670.11,667.27,32666,76421,12763,6258,13645
3552502,SP,202608,25701,66110,17356989,678.62,675.34,57733,135122,24480,11374,21879
3552551,SP,202608,215,544,142031,660.61,660.61,1018,2216,229,141,648
3552601,SP,202608,596,1580,397924,673.31,667.66,1769,4104,600,305,864
3552700,SP,202608,581,1666,402604,707.56,692.95,1821,4629,578,430,813
3552809,SP,202608,12961,33297,8525879,663.54,657.81,44713,99274,15861,8745,20107
3552908,SP,202608,458,1209,300967,658.57,657.13,1517,3564,415,290,812
3553005,SP,202608,704,1960,440305,633.53,625.43,1743,4490,501,708,534
3553104,SP,202608,370,1023,261613,712.84,707.06,933,2317,400,169,364
3553203,SP,202608,192,534,119762,637.03,623.76,691,1661,182,186,323
3553302,SP,202608,1456,3778,1020859,705.01,701.14,3780,8582,1649,675,1456
3553401,SP,202608,1376,3766,927524,674.56,674.07,4603,10628,1274,1220,2109
3553500,SP,202608,746,2107,499719,673.48,669.86,1780,4463,657,451,672
3553609,SP,202608,574,1555,395989,689.88,689.88,1680,4070,605,335,740
3553658,SP,202608,78,202,47752,612.21,612.21,462,983,76,78,308
3553708,SP,202608,2893,7754,1959773,679.3,677.42,7686,17529,2827,1696,3163
3553807,SP,202608,1160,2977,746091,643.74,643.18,3539,8874,973,1059,1507
3553856,SP,202608,773,2039,521492,675.51,674.63,1696,4212,716,424,556
3553906,SP,202608,366,922,239739,655.02,655.02,862,2047,328,214,320
3553955,SP,202608,657,1912,435103,662.26,662.26,1995,5316,562,458,975
3554003,SP,202608,6141,16121,4076195,670.87,663.77,14964,37100,5521,3564,5879
3554102,SP,202608,10981,30683,7541729,691.97,686.8,31804,77796,11566,7440,12798
3554201,SP,202608,280,915,186046,683.99,664.45,720,2037,226,241,253
3554300,SP,202608,1807,4741,1236832,687.13,684.47,4682,10672,1791,889,2002
3554409,SP,202608,224,614,149537,679.71,667.58,875,2053,228,183,464
3554508,SP,202608,1288,3333,851141,661.85,660.82,4833,11483,1199,1042,2592
3554607,SP,202608,243,645,158871,667.53,653.79,676,1487,223,126,327
3554656,SP,202608,214,595,141975,669.69,663.43,552,1359,195,142,215
3554706,SP,202608,346,971,225245,658.61,651.0,1529,3473,293,335,901
3554755,SP,202608,149,393,98350,678.28,660.07,412,987,155,70,187
3554805,SP,202608,2269,6366,1548048,690.17,682.26,5540,13757,2237,1239,2064
3554904,SP,202608,255,803,184779,727.48,724.62,1091,2730,271,232,588
3554953,SP,202608,359,1019,246115,687.47,685.56,1269,2995,391,270,608
3555000,SP,202608,2834,7297,1871253,667.59,660.29,9982,22628,2732,1903,5347
3555109,SP,202608,570,1518,378186,663.48,663.48,2085,4584,587,379,1119
3555208,SP,202608,93,266,64878,697.61,697.61,464,1004,81,103,280
3555307,SP,202608,74,213,50546,692.41,683.05,409,862,107,51,251
3555356,SP,202608,243,668,153818,640.91,633.0,800,1968,212,237,351
3555406,SP,202608,7706,19876,5196666,676.83,674.37,19178,42194,9249,3420,6509
3555505,SP,202608,458,1320,312462,694.36,682.23,988,2681,430,203,355
3555604,SP,202608,206,604,119365,579.44,579.44,1518,3626,125,529,864
3555703,SP,202608,103,313,71378,692.99,692.99,412,997,112,87,213
3555802,SP,202608,173,524,108263,625.8,625.8,1449,3288,120,369,960
3555901,SP,202608,55,158,38060,692.0,692.0,184,443,63,43,78
3556008,SP,202608,377,1049,249625,676.49,662.14,1486,3442,415,470,601
3556107,SP,202608,601,1627,370224,635.03,616.01,2378,5661,522,543,1313
3556206,SP,202608,2935,7371,1944816,663.08,662.63,7534,16966,2858,1483,3193
3556305,SP,202608,1574,3992,1093048,695.77,694.44,3454,8243,1498,608,1348
3556354,SP,202608,415,1216,281366,682.93,677.99,1432,3644,383,353,696
3556404,SP,202608,1397,4295,1009616,724.78,722.7,5043,12779,1576,1252,2215
3556453,SP,202608,1293,3760,874333,680.94,676.2,5024,12034,1457,1244,2323
3556503,SP,202608,4982,12858,3346477,674.97,671.71,11991,28425,4547,2482,4962
3556602,SP,202608,384,1046,265778,693.94,692.13,1578,3888,383,336,859
3556701,SP,202608,2101,5233,1349262,643.12,642.2,6786,15987,1876,1501,3409
3556800,SP,202608,419,1312,293269,701.6,699.93,2464,6060,367,611,1486
3556909,SP,202608,248,757,184069,745.22,742.21,1003,2638,333,242,428
3556958,SP,202608,50,142,32161,643.22,643.22,349,848,48,98,203
3557006,SP,202608,5813,15520,3852710,673.08,662.77,13489,33451,5287,3238,4964
3557105,SP,202608,3704,9458,2484958,678.58,670.88,12715,28933,4030,2400,6285
3557154,SP,202608,131,386,93640,714.81,714.81,611,1561,146,122,343
3557204,SP,202608,706,1930,472950,688.43,669.9,1820,4512,636,423,761
3557303,SP,202608,501,1397,344579,703.22,687.78,1441,3487,565,293,583
4100103,PR,202608,420,1163,273746,651.78,651.78,1463,3699,353,432,678
4100202,PR,202608,496,1368,330272,665.87,665.87,1582,3876,449,398,735
4100301,PR,202608,983,2790,674395,689.57,686.06,2333,5702,887,605,841
4100400,PR,202608,6760,19103,4657715,695.8,689.01,21571,53629,6306,5679,9586
4100459,PR,202608,261,695,169471,649.31,649.31,931,2267,232,233,466
4100509,PR,202608,627,1762,421620,672.44,672.44,2671,6426,540,710,1421
4100608,PR,202608,976,2737,664021,683.85,680.35,2631,6536,855,650,1126
4100707,PR,202608,669,1814,463235,693.47,692.43,2333,5475,649,490,1194
4100806,PR,202608,724,1922,492840,682.6,680.72,2069,4644,770,394,905
4100905,PR,202608,442,1240,306370,694.72,693.14,1349,3019,407,361,581
4101002,PR,202608,188,559,116918,628.59,621.9,2724,6535,128,1033,1563
4101051,PR,202608,185,475,125112,676.28,676.28,789,1786,197,137,455
4101101,PR,202608,1628,4108,1097636,674.22,674.22,4091,9030,1594,754,1743
4101150,PR,202608,155,424,104160,672.0,672.0,605,1435,164,174,267
4101200,PR,202608,2214,5564,1476686,667.88,666.98,4859,10620,2267,878,1714
4101309,PR,202608,930,2309,615023,661.32,661.32,1822,4032,909,360,553
4101408,PR,202608,6001,15818,4009607,671.63,668.16,22064,49718,5453,5112,11499
4101507,PR,202608,4385,11469,2888779,664.09,658.79,17814,39886,3722,4098,9994
4101606,PR,202608,1170,3374,804879,687.93,687.93,3625,9562,994,1093,1538
4101655,PR,202608,263,714,169077,642.88,642.88,759,1852,220,199,340
4101705,PR,202608,692,1895,487195,707.1,704.04,3729,8788,841,865,2023
4101804,PR,202608,7732,20759,5070507,661.34,655.78,23822,60016,6866,5856,11100
4101853,PR,202608,141,406,91169,646.59,646.59,547,1387,124,149,274
4101903,PR,202608,661,1713,441303,670.67,667.63,2763,6434,625,818,1320
4102000,PR,202608,1441,3965,961894,668.91,667.52,7316,15917,1379,1638,4299
4102109,PR,202608,896,2452,580440,651.45,647.81,3741,8840,778,1036,1927
4102208,PR,202608,195,535,136034,697.61,697.61,1025,2373,211,166,648
4102307,PR,202608,835,2221,572773,690.09,685.96,2786,6611,856,543,1387
4102406,PR,202608,1286,3887,867983,686.15,674.95,5645,14240,1107,1639,2899
4102505,PR,202608,768,2035,513158,670.79,668.17,2631,5973,797,627,1207
4102604,PR,202608,642,1813,434037,677.12,676.07,2194,5310,623,468,1103
4102703,PR,202608,209,561,136162,654.63,651.49,659,1554,181,125,353
4102752,PR,202608,215,635,144904,673.97,673.97,747,1855,201,168,378
4102802,PR,202608,832,2299,544039,656.26,653.89,2781,6850,716,679,1386
4102901,PR,202608,1428,4056,956784,674.27,670.02,4185,10335,1241,1049,1895
4103008,PR,202608,301,779,197510,656.18,656.18,888,2004,281,202,405
4103024,PR,202608,68,221,45264,675.58,665.65,391,1061,75,91,225
4103040,PR,202608,720,1911,483343,673.18,671.31,1814,4209,723,423,668
4103057,PR,202608,890,2463,611906,687.53,687.53,2215,5247,817,399,999
4103107,PR,202608,1579,4324,1102732,698.37,698.37,3752,8901,1553,789,1410
4103156,PR,202608,211,616,138748,660.7,657.57,912,2190,203,206,503
4103206,PR,202608,197,577,131767,672.28,668.87,1104,2924,167,346,591
4103222,PR,202608,108,294,73283,678.55,678.55,640,1583,96,123,421
4103305,PR,202608,440,1104,285413,651.63,648.67,1626,3694,412,364,850
4103354,PR,202608,244,703,159304,652.89,652.89,1041,2619,206,323,512
4103370,PR,202608,214,557,134248,630.27,627.33,925,2219,193,249,483
4103404,PR,202608,112,298,67429,602.04,602.04,484,1278,99,139,246
4103453,PR,202608,947,2733,609448,649.04,643.56,3880,9564,770,904,2206
4103479,PR,202608,182,548,115656,635.47,635.47,974,2348,139,304,531
4103503,PR,202608,637,1632,412347,660.81,647.33,1871,4265,579,403,889
4103602,PR,202608,1415,3889,940837,670.59,664.9,4774,11258,1370,1175,2229
4103701,PR,202608,5173,13213,3470119,672.37,670.81,18093,43298,4885,3509,9699
4103800,PR,202608,425,1141,273485,643.49,643.49,2069,4862,379,591,1099
4103909,PR,202608,1061,2972,740061,700.82,697.51,3652,8307,1115,765,1772
4103958,PR,202608,373,1163,255871,693.42,685.98,1097,2948,315,328,454
4104006,PR,202608,3507,9389,2400009,686.89,684.35,9385,22275,3497,1892,3996
4104055,PR,202608,250,690,177587,713.2,710.35,952,2136,272,197,483
4104105,PR,202608,1066,2894,749805,707.36,703.38,2216,5250,1099,400,717
4104204,PR,202608,6046,16282,4078170,676.09,674.52,18527,43908,5929,4289,8309
4104253,PR,202608,1610,4580,1127924,708.49,700.57,5598,13472,1900,1226,2472
4104303,PR,202608,5027,13359,3390257,675.75,674.41,17964,39667,5056,3895,9013
4104402,PR,202608,1679,4370,1136704,677.82,677.01,3342,7965,1658,617,1067
4104428,PR,202608,850,2503,557529,655.92,655.92,3442,8858,690,1236,1516
4104451,PR,202608,428,1485,277687,659.59,648.8,2792,7294,286,981,1525
4104501,PR,202608,615,1809,442691,723.35,719.82,2882,6129,780,548,1554
4104600,PR,202608,1241,3134,858199,694.34,691.54,3837,8204,1287,610,1940
4104659,PR,202608,1135,3243,795139,711.22,700.56,3829,9936,1023,955,1851
4104709,PR,202608,944,3184,683221,723.75,723.75,3348,8479,770,1123,1455
4104808,PR,202608,11531,32160,7699031,671.58,667.68,53031,120189,10025,12520,30486
4104907,PR,202608,5456,14422,3675815,675.58,673.72,14105,34738,4806,2987,6312
4105003,PR,202608,342,1054,230953,675.3,675.3,2091,5331,302,547,1242
4105102,PR,202608,646,1702,426913,662.91,660.86,2293,5150,606,552,1135
4105201,PR,202608,2174,6220,1459371,679.41,671.28,4048,10575,2051,971,1026
4105300,PR,202608,155,457,103710,669.1,669.1,1777,4184,138,321,1318
4105409,PR,202608,1208,3262,826616,685.42,684.28,3292,7807,1115,654,1523
4105508,PR,202608,2282,6364,1462473,644.83,640.87,9968,24579,1884,2574,5510
4105607,PR,202608,347,975,227842,660.41,656.61,1519,3801,278,487,754
4105706,PR,202608,685,2201,455058,666.26,664.32,3487,8258,497,1126,1864
4105805,PR,202608,12937,34365,8744605,679.61,675.94,37567,89788,12091,9328,16148
4105904,PR,202608,390,1096,243878,631.81,625.33,2198,5492,311,680,1207
4106001,PR,202608,927,2409,624920,674.13,674.13,2515,5477,950,523,1042
4106100,PR,202608,224,619,149990,675.63,669.6,796,1926,219,204,373
4106209,PR,202608,1314,3669,899440,685.55,684.51,3737,9233,1247,937,1553
4106308,PR,202608,353,1028,212825,602.9,602.9,3018,7285,239,909,1870
4106407,PR,202608,1478,3998,998915,678.61,675.86,6231,13787,1541,1578,3112
4106456,PR,202608,694,2024,479529,690.96,690.96,1754,4099,611,409,734
4106506,PR,202608,903,2549,602285,670.7,666.98,3534,8478,848,787,1899
4106555,PR,202608,235,613,149557,636.41,636.41,1023,2310,212,233,578
4106571,PR,202608,220,597,145195,659.98,659.98,764,1891,208,162,394
4106605,PR,202608,799,2165,520935,655.26,651.98,4324,10061,754,951,2619
4106704,PR,202608,223,664,148159,664.39,664.39,1048,2668,192,205,651
4106803,PR,202608,1187,3339,795794,670.99,670.42,3230,8404,1080,825,1325
4106852,PR,202608,212,590,139090,656.08,656.08,665,1622,186,161,318
4106902,PR,202608,57981,147681,37261619,647.27,642.65,197451,446132,53620,46014,97817
4107009,PR,202608,1314,3334,894553,684.43,680.79,3242,7261,1357,618,1267
4107108,PR,202608,302,826,198603,662.01,657.63,1050,2512,278,193,579
4107124,PR,202608,389,1091,262086,677.22,673.74,1176,2893,374,191,611
4107157,PR,202608,347,1031,231663,669.55,667.62,1132,2864,308,249,575
4107207,PR,202608,902,2666,547831,612.79,607.35,5033,11959,615,1671,2747
4107256,PR,202608,313,895,206472,659.65,659.65,1368,3215,258,329,781
4107306,PR,202608,233,610,161559,693.39,693.39,1270,2891,233,283,754
4107405,PR,202608,365,1032,249275,682.95,682.95,981,2423,354,212,415
4107504,PR,202608,690,1791,455218,661.65,659.74,2438,5328,673,633,1132
4107520,PR,202608,89,237,61065,686.12,686.12,485,1134,91,68,326
4107538,PR,202608,85,277,58548,688.8,688.8,490,1257,81,136,273
4107546,PR,202608,682,1695,472033,694.17,692.13,1614,3340,717,247,650
4107553,PR,202608,202,544,138324,684.77,684.77,611,1477,202,119,290
4107603,PR,202608,1465,4278,1030517,703.91,703.42,4158,10224,1327,1047,1784
4107652,PR,202608,8859,24647,6135471,696.66,692.57,29793,71395,10551,6862,12380
4107702,PR,202608,359,931,239142,677.46,666.13,1234,2777,383,232,619
4107736,PR,202608,729,1936,492927,680.84,676.17,1576,3787,708,273,595
4107751,PR,202608,1013,2219,678670,671.29,669.96,2207,4137,1220,295,692
4107801,PR,202608,160,439,110501,703.83,690.63,619,1439,179,147,293
4107850,PR,202608,252,726,170198,678.08,675.39,1099,2559,247,231,621
4107900,PR,202608,489,1548,347609,712.31,710.86,2167,5830,707,674,786
4108007,PR,202608,1582,3359,1050516,666.15,664.04,3794,7371,1641,479,1674
4108106,PR,202608,149,412,95580,641.48,641.48,537,1323,134,124,279
4108205,PR,202608,210,580,135837,646.84,646.84,1380,3538,182,292,906
4108304,PR,202608,19903,52266,13432352,677.72,674.89,58711,131140,20047,11934,26730
4108320,PR,202608,491,1371,338045,688.48,688.48,1442,3530,439,306,697
4108403,PR,202608,1864,5333,1227795,662.6,658.69,11682,28011,1622,2772,7288
4108452,PR,202608,577,1458,395825,690.79,686.01,1486,3139,602,305,579
4108502,PR,202608,1100,3127,735807,672.58,668.92,2679,6712,888,765,1026
4108551,PR,202608,245,608,155123,633.16,633.16,896,2093,221,196,479
4108601,PR,202608,2255,5521,1505281,672.0,667.53,6150,13197,2370,1053,2727
4108650,PR,202608,710,2161,477777,672.93,672.93,1695,4448,594,521,580
4108700,PR,202608,524,1510,353898,676.67,675.38,1368,3504,465,319,584
4108809,PR,202608,1024,3121,695904,681.59,679.59,6691,16001,895,2124,3672
4108908,PR,202608,489,1372,344078,705.08,703.64,1394,3543,453,360,581
4108957,PR,202608,465,1524,328518,706.49,706.49,1270,3654,421,398,451
4109005,PR,202608,261,754,174829,669.84,669.84,1234,3070,226,312,696
4109104,PR,202608,108,301,71165,658.94,658.94,465,1044,119,91,255
4109203,PR,202608,368,945,256695,699.44,697.54,1154,2566,395,182,577
4109302,PR,202608,326,1053,211406,654.51,648.48,2254,5591,246,786,1222
4109401,PR,202608,12206,33940,8434823,696.11,691.04,34303,82756,11448,7644,15211
4109500,PR,202608,1327,3656,890066,671.24,670.74,2493,6145,1295,514,684
4109609,PR,202608,4409,11397,2924220,668.85,663.24,12440,27706,4124,3004,5312
4109658,PR,202608,342,986,226023,666.73,660.89,1336,3269,313,303,720
4109708,PR,202608,1207,3568,825371,688.38,683.82,5930,14357,1080,1585,3265
4109757,PR,202608,408,1136,245916,605.7,602.74,1850,4385,268,561,1021
4109807,PR,202608,3266,8171,2163612,664.91,662.47,10357,23203,3051,2056,5250
4109906,PR,202608,674,1935,481123,724.58,713.83,2138,4701,746,341,1051
4110003,PR,202608,226,637,152394,677.31,674.31,844,2078,207,217,420
4110052,PR,202608,139,372,93256,670.91,670.91,723,1555,166,131,426
4110078,PR,202608,926,2469,610323,666.29,659.1,2799,6872,821,780,1198
4110102,PR,202608,1828,5208,1249755,689.33,683.67,6570,16874,1515,1696,3359
4110201,PR,202608,1215,3431,876260,721.8,721.2,2900,7023,1355,584,961
4110300,PR,202608,207,572,140103,676.83,676.83,891,2079,231,187,473
4110409,PR,202608,204,544,135183,672.55,662.66,1059,2545,191,226,642
4110508,PR,202608,658,1933,434790,660.78,660.78,2605,7168,557,938,1110
4110607,PR,202608,607,1625,396728,653.59,653.59,3133,7268,568,793,1772
4110656,PR,202608,115,275,70937,616.84,616.84,556,1256,99,125,332
4110706,PR,202608,3860,9915,2634050,687.02,682.4,10382,23136,3933,2034,4415
4110805,PR,202608,745,2027,489566,659.79,657.14,2718,6570,683,620,1415
4110904,PR,202608,179,544,131445,734.33,734.33,942,2444,192,241,509
4110953,PR,202608,372,1188,255234,689.82,686.11,3013,7401,321,741,1951
4111001,PR,202608,412,1125,270426,667.72,656.37,1453,3422,369,359,725
4111100,PR,202608,64,201,44796,699.94,699.94,988,2301,113,207,668
4111209,PR,202608,371,1181,233896,637.32,630.45,2148,5648,296,533,1319
4111258,PR,202608,3126,8699,2221696,713.23,710.72,7254,18092,3386,1512,2356
4111308,PR,202608,242,659,162403,671.09,671.09,926,2206,212,192,522
4111407,PR,202608,987,2937,684619,695.04,693.64,2732,7472,897,841,994
4111506,PR,202608,843,2182,536802,639.81,636.78,5887,13199,713,1759,3415
4111555,PR,202608,419,1096,285491,681.36,681.36,1375,3191,395,233,747
4111605,PR,202608,66,206,39193,593.83,593.83,624,1223,50,156,418
4111704,PR,202608,460,1318,316609,689.78,688.28,1176,2933,440,249,487
4111803,PR,202608,2772,7414,1888893,686.62,681.42,6783,15767,2737,1383,2663
4111902,PR,202608,811,2261,548765,683.39,676.65,2798,6743,764,663,1371
4112009,PR,202608,2125,5776,1431753,678.23,673.77,6370,15341,1945,1682,2743
4112108,PR,202608,1128,2824,752781,673.33,667.36,4050,9093,1092,768,2190
4112207,PR,202608,322,901,205765,641.01,639.02,1270,2853,304,278,688
4112306,PR,202608,223,623,148359,665.29,665.29,1022,2514,206,336,480
4112405,PR,202608,444,1197,295652,667.39,665.88,1617,3837,420,386,811
4112504,PR,202608,737,2087,482175,655.13,654.24,2717,6629,626,739,1352
4112603,PR,202608,93,266,58815,632.42,632.42,411,1026,70,105,236
4112702,PR,202608,1082,2785,724825,676.14,669.89,2804,6521,994,587,1223
4112751,PR,202608,586,1480,383429,654.32,654.32,2126,4530,608,381,1137
4112801,PR,202608,569,1575,391823,688.62,688.62,1985,4921,550,445,990
4112900,PR,202608,282,810,187370,666.8,664.43,1009,2438,272,202,535
4112959,PR,202608,450,1227,299127,664.73,664.73,1608,3844,435,395,778
4113007,PR,202608,256,665,173656,678.34,678.34,1220,2845,333,267,620
4113106,PR,202608,409,1041,271149,667.85,662.96,1245,2713,398,222,625
4113205,PR,202608,2476,6338,1627214,662.28,657.19,7618,17289,2436,1651,3531
4113254,PR,202608,923,2569,641248,694.74,694.74,2026,4748,909,417,700
4113304,PR,202608,1256,3604,850227,681.27,676.93,4123,9943,1084,1334,1705
4113403,PR,202608,256,696,173430,677.46,677.46,973,2366,234,206,533
4113429,PR,202608,295,831,195788,663.69,663.69,1335,3059,259,240,836
4113452,PR,202608,589,1656,404609,691.64,686.94,1662,3848,634,261,767
4113502,PR,202608,631,1953,414270,660.72,656.53,3707,9460,476,1068,2163
4113601,PR,202608,239,635,160454,677.02,671.36,771,1863,220,181,370
4113700,PR,202608,27345,70177,18318196,671.37,669.89,76293,172152,26180,15209,34904
4113734,PR,202608,795,1951,544987,685.52,685.52,1848,4000,881,432,535
4113759,PR,202608,275,731,175773,639.17,639.17,1225,2920,245,287,693
4113809,PR,202608,380,969,257029,689.09,676.39,1425,3118,451,211,763
4113908,PR,202608,706,1741,474564,672.19,672.19,1756,4163,682,338,736
4114005,PR,202608,911,2337,608407,669.31,667.85,2896,6470,881,642,1373
4114104,PR,202608,1082,3286,756298,706.16,698.98,4390,11228,1024,1172,2194
4114203,PR,202608,602,1571,390607,648.85,648.85,5035,11837,502,1171,3362
4114302,PR,202608,1908,5064,1313184,689.34,688.25,5664,12849,2023,1206,2435
4114351,PR,202608,88,245,56290,639.66,639.66,549,1381,72,139,338
4114401,PR,202608,1055,2856,675901,641.88,640.66,3921,9057,888,1114,1919
4114500,PR,202608,1217,3322,824371,679.61,677.38,3066,7498,1155,672,1239
4114609,PR,202608,1038,3114,693653,672.14,668.26,5905,14374,872,1485,3548
4114708,PR,202608,496,1283,329992,670.72,665.31,1381,2869,543,229,609
4114807,PR,202608,1631,4624,1088110,667.14,667.14,7401,17926,1401,1870,4130
4114906,PR,202608,755,1972,496446,661.93,657.54,2051,4825,705,497,849
4115002,PR,202608,415,1101,280773,683.15,676.56,1633,3964,427,405,801
4115101,PR,202608,776,2205,555901,718.22,716.37,2820,6450,807,744,1269
4115200,PR,202608,12308,32179,8327052,677.88,676.56,51449,117256,12637,8323,30489
4115309,PR,202608,225,650,160836,714.83,714.83,1134,2702,212,299,623
4115358,PR,202608,65,218,34114,524.83,524.83,676,1902,31,218,427
4115408,PR,202608,1048,2803,718576,690.27,685.66,3266,7409,1066,593,1607
4115457,PR,202608,533,1505,360482,676.33,676.33,1113,2806,509,244,360
4115507,PR,202608,321,803,224842,700.44,700.44,975,2164,356,194,425
4115606,PR,202608,216,773,152992,721.66,708.3,2043,5485,161,609,1273
4115705,PR,202608,2980,7943,1955749,665.67,656.29,10449,22457,2864,2695,4890
4115739,PR,202608,390,1075,255340,654.72,654.72,979,2358,366,206,407
4115754,PR,202608,923,2459,623037,680.17,675.01,2677,6256,875,664,1138
4115804,PR,202608,1157,3329,800836,693.97,692.17,5892,14229,1037,1516,3339
4115853,PR,202608,70,239,47158,673.69,673.69,725,1971,57,159,509
4115903,PR,202608,174,461,117445,674.97,674.97,572,1415,158,115,299
4116000,PR,202608,83,236,54587,657.67,657.67,385,935,72,74,239
4116059,PR,202608,597,1637,403837,682.16,676.44,2025,4490,554,404,1067
4116109,PR,202608,1149,2664,769149,677.66,669.41,3561,7154,1445,422,1694
4116208,PR,202608,1511,4048,1025697,684.25,678.82,3743,8477,1440,914,1389
4116307,PR,202608,277,749,188508,683.0,680.53,1101,2535,330,197,574
4116406,PR,202608,74,208,41446,560.08,560.08,553,1431,45,149,359
4116505,PR,202608,45,136,31133,691.84,691.84,210,577,37,49,124
4116604,PR,202608,327,850,212468,649.75,649.75,981,2316,332,199,450
4116703,PR,202608,529,1437,354497,675.23,670.13,1915,4389,479,362,1074
4116802,PR,202608,575,1561,384637,671.27,668.93,1781,4158,561,361,859
4116901,PR,202608,1503,3897,1003401,668.93,667.6,4964,11301,1471,1201,2292
4116950,PR,202608,211,645,143883,685.16,681.91,864,2224,181,200,483
4117008,PR,202608,465,1252,297163,646.01,639.06,1984,4670,414,495,1075
4117057,PR,202608,1901,4666,1279276,674.37,672.95,3703,8181,1835,703,1165
4117107,PR,202608,774,2077,526615,683.03,680.38,2738,6228,814,591,1333
4117206,PR,202608,245,651,156744,639.77,639.77,1041,2561,210,273,558
4117214,PR,202608,340,880,226327,665.67,665.67,1170,2799,299,341,530
4117222,PR,202608,280,823,187341,676.32,669.08,1557,3944,236,296,1025
4117255,PR,202608,440,1355,296861,674.68,674.68,1875,4737,351,449,1075
4117271,PR,202608,363,1052,243323,670.31,670.31,1873,4682,317,640,916
4117297,PR,202608,198,557,126916,640.99,640.99,814,2016,176,173,465
4117305,PR,202608,2355,6604,1566305,667.08,665.1,7101,17522,2061,1951,3089
4117404,PR,202608,86,240,58071,675.24,675.24,502,1212,67,135,300
4117453,PR,202608,288,799,192168,667.25,667.25,1137,2882,245,318,574
4117503,PR,202608,2251,6388,1470315,656.1,653.18,8771,21379,1811,2281,4679
4117602,PR,202608,3228,8842,2142157,669.42,663.62,10439,23971,2671,2837,4931
4117701,PR,202608,1272,3580,862944,680.02,678.42,3974,10370,1157,1230,1587
4117800,PR,202608,1273,3783,877244,689.66,689.12,3565,9093,1134,983,1448
4117909,PR,202608,984,2700,658715,671.47,669.43,4329,9759,975,976,2378
4118006,PR,202608,402,1195,270760,676.9,673.53,1676,4281,370,463,843
4118105,PR,202608,550,1474,374614,684.85,681.12,1845,4437,531,371,943
4118204,PR,202608,11830,30529,7998981,685.72,676.16,25154,58738,11634,4904,8616
4118303,PR,202608,138,363,96769,701.22,701.22,537,1351,132,141,264
4118402,PR,202608,4353,11615,2931488,674.68,673.44,16126,37636,4286,3486,8354
4118451,PR,202608,174,539,116576,673.85,669.98,993,2404,147,233,613
4118501,PR,202608,2267,6398,1474612,658.6,650.47,11017,26602,1735,3118,6164
4118600,PR,202608,332,904,226145,681.16,681.16,977,2450,330,208,439
4118709,PR,202608,292,837,200804,687.68,687.68,906,2193,343,211,352
4118808,PR,202608,900,2274,609492,677.21,677.21,2956,6617,934,574,1448
4118857,PR,202608,230,708,163477,713.87,710.77,1478,3657,277,350,851
4118907,PR,202608,446,1357,303404,687.99,680.28,2405,5472,412,719,1274
4119004,PR,202608,169,518,100326,593.64,593.64,1216,2871,106,322,788
4119103,PR,202608,509,1500,362906,714.38,712.98,1606,4267,489,399,718
4119152,PR,202608,6487,16733,4321781,668.9,666.22,22992,51100,7077,5035,10880
4119202,PR,202608,718,1964,491624,684.71,684.71,1756,4292,697,343,716
4119251,PR,202608,181,485,120553,666.04,666.04,721,1661,189,174,358
4119301,PR,202608,3027,9239,2163226,717.25,714.64,7291,18621,2755,2146,2390
4119400,PR,202608,1538,4334,1013310,663.6,658.85,4401,11298,1367,1238,1796
4119509,PR,202608,9300,25146,6347140,686.25,682.49,23384,55702,9477,5169,8738
4119608,PR,202608,2586,6712,1691095,655.46,653.94,7282,17309,2312,1856,3114
4119657,PR,202608,221,609,154074,710.02,697.17,692,1741,207,137,348
4119707,PR,202608,313,868,216255,693.13,690.91,1264,2798,344,325,595
4119806,PR,202608,583,1560,384966,660.32,660.32,2329,5157,506,599,1224
4119905,PR,202608,17878,48627,12115740,681.69,677.69,54898,130157,16165,13121,25612
4119954,PR,202608,2406,6497,1628259,682.99,676.75,8305,17798,2547,2080,3678
4120002,PR,202608,807,1985,546956,678.61,677.76,2475,5352,875,363,1237
4120101,PR,202608,194,554,122995,647.34,633.99,912,2465,161,207,544
4120150,PR,202608,242,699,155161,643.82,641.16,601,1506,194,169,238
4120200,PR,202608,156,516,108977,698.57,698.57,659,1782,135,182,342
4120309,PR,202608,335,961,231234,690.25,690.25,878,2151,322,174,382
4120333,PR,202608,281,765,185991,661.89,661.89,992,2373,247,231,514
4120358,PR,202608,236,749,161858,688.76,685.84,946,2399,214,228,504
4120408,PR,202608,208,616,147323,708.28,708.28,881,2120,218,178,485
4120507,PR,202608,432,1257,293279,683.63,678.89,1964,4634,375,515,1074
4120606,PR,202608,2645,7740,1702122,650.91,643.52,8723,22131,2234,2846,3643
4120655,PR,202608,196,571,131612,671.49,671.49,825,1899,189,193,443
4120705,PR,202608,569,1414,379702,679.25,667.31,1737,3876,553,347,837
4120804,PR,202608,1288,3450,892968,693.3,693.3,3843,9028,1388,776,1679
4120853,PR,202608,36,100,20850,579.17,579.17,410,978,26,87,297
4120903,PR,202608,2764,7663,1841149,667.57,666.12,8373,18947,2477,1948,3948
4121000,PR,202608,595,1851,393612,661.53,661.53,2758,6616,453,847,1458
4121109,PR,202608,283,753,189920,683.17,671.1,1195,2780,295,243,657
4121208,PR,202608,1015,2863,684034,674.59,673.93,3278,7959,946,949,1383
4121257,PR,202608,196,611,132079,677.33,673.87,1085,2783,170,259,656
4121307,PR,202608,264,693,174614,661.42,661.42,1016,2329,240,219,557
4121356,PR,202608,148,391,93923,634.61,634.61,580,1420,129,118,333
4121406,PR,202608,549,1500,369201,672.5,672.5,3093,6728,516,863,1714
4121505,PR,202608,1603,4074,1058040,667.11,660.04,3895,8602,1597,803,1495
4121604,PR,202608,90,319,65274,725.27,725.27,1310,3719,67,283,960
4121703,PR,202608,2636,7039,1724905,658.61,654.36,6262,14982,2337,1685,2240
4121752,PR,202608,464,1397,315173,682.19,679.25,1778,4716,404,567,807
4121802,PR,202608,532,1517,349976,662.83,657.85,2083,5192,426,599,1058
4121901,PR,202608,1013,2796,660107,655.52,651.64,3423,8566,885,859,1679
4122008,PR,202608,431,1301,265090,625.21,615.06,2199,5765,310,736,1153
4122107,PR,202608,216,577,144187,667.53,667.53,794,1880,203,158,433
4122156,PR,202608,1363,4039,882602,651.37,647.54,4868,11366,1142,1172,2554
4122172,PR,202608,639,1599,426277,667.1,667.1,1433,3091,709,213,511
4122206,PR,202608,2529,7205,1752347,695.93,692.9,7803,20671,2264,2115,3424
4122305,PR,202608,1044,2947,701929,674.93,672.35,3485,8853,868,969,1648
4122404,PR,202608,2860,7718,1902490,668.24,665.21,10635,25722,2492,2473,5670
4122503,PR,202608,469,1312,293003,626.07,624.74,2033,5018,353,703,977
4122602,PR,202608,420,1098,280471,669.38,667.79,1726,4046,433,372,921
4122651,PR,202608,560,1511,366333,654.17,654.17,1457,3493,495,308,654
4122701,PR,202608,437,1251,304080,700.65,695.84,1460,3703,412,299,749
4122800,PR,202608,121,337,75080,620.5,620.5,557,1437,99,154,304
4122909,PR,202608,450,1232,311400,693.54,692.0,1162,2773,436,296,430
4123006,PR,202608,710,2008,492488,698.56,693.65,2371,5711,743,568,1060
4123105,PR,202608,159,503,105584,664.05,664.05,673,1910,121,203,349
4123204,PR,202608,206,569,140527,685.5,682.17,882,2084,193,223,466
4123303,PR,202608,598,1642,397423,666.82,664.59,2111,4956,545,486,1080
4123402,PR,202608,232,664,149957,646.37,646.37,1876,4452,196,537,1143
4123501,PR,202608,796,2349,513506,647.55,645.11,3941,9889,622,981,2338
4123600,PR,202608,122,339,78892,646.66,646.66,376,894,110,77,189
4123709,PR,202608,292,837,185029,640.24,633.66,1954,4599,237,464,1253
4123808,PR,202608,321,988,216364,674.03,674.03,1823,4557,257,638,928
4123824,PR,202608,198,539,137243,696.66,693.15,709,1550,190,133,386
4123857,PR,202608,1130,3110,758078,674.45,670.87,2903,6808,1050,773,1080
4123907,PR,202608,789,2218,512599,652.16,649.68,3000,7143,683,726,1591
4123956,PR,202608,273,758,182719,674.24,669.3,923,2191,272,193,458
4124004,PR,202608,417,1079,281011,673.89,673.89,1279,2937,411,293,575
4124020,PR,202608,674,1975,451183,677.45,669.41,3072,7436,587,798,1687
4124053,PR,202608,1277,3590,858566,673.39,672.33,4748,11827,1115,1073,2560
4124103,PR,202608,3017,8083,2026980,674.31,671.85,8847,20949,2583,2228,4036
4124202,PR,202608,111,315,73948,666.2,666.2,637,1493,102,155,380
4124301,PR,202608,139,409,96623,700.17,695.13,503,1262,129,97,277
4124400,PR,202608,997,2804,659451,662.76,661.44,3617,8876,837,1058,1722
4124509,PR,202608,81,247,54154,668.57,668.57,584,1490,74,162,348
4124608,PR,202608,443,1147,292430,666.13,660.11,1436,3183,437,290,709
4124707,PR,202608,1047,3008,729525,700.12,696.78,2543,6443,1017,631,895
4124806,PR,202608,285,792,180328,639.46,632.73,2060,4744,282,554,1224
4124905,PR,202608,465,1277,310491,670.61,667.72,1490,3545,431,362,697
4125001,PR,202608,722,1917,493241,685.06,683.16,2813,6210,782,587,1444
4125100,PR,202608,537,1669,362112,675.58,674.32,2321,6239,475,826,1020
4125209,PR,202608,237,728,164524,694.19,694.19,1717,4193,205,414,1098
4125308,PR,202608,151,482,93219,621.46,617.34,917,2355,114,267,536
4125357,PR,202608,176,521,121288,689.14,689.14,1220,2969,163,293,764
4125407,PR,202608,313,983,223159,715.25,712.97,1236,3028,271,357,608
4125456,PR,202608,243,681,164987,678.96,678.96,980,2305,217,218,545
4125506,PR,202608,16049,42525,10745145,672.12,669.52,51293,122154,15409,11534,24350
4125555,PR,202608,66,202,43006,651.61,651.61,475,1133,63,82,330
4125605,PR,202608,1241,3734,758156,614.89,610.92,7269,18476,838,2630,3801
4125704,PR,202608,1567,4151,1058071,679.12,675.22,6295,13896,1407,1451,3437
4125753,PR,202608,521,1380,346342,675.13,664.76,1371,3147,501,300,570
4125803,PR,202608,638,1653,429920,675.97,673.86,2033,4563,600,355,1078
4125902,PR,202608,85,232,56272,662.02,662.02,523,1302,89,103,331
4126009,PR,202608,789,1970,512486,652.02,649.54,2117,5002,744,496,877
4126108,PR,202608,230,627,160015,695.72,695.72,988,2343,242,206,540
4126207,PR,202608,641,1687,429495,675.31,670.04,1762,4037,647,354,761
4126256,PR,202608,3415,10008,2326902,687.82,681.38,16646,39710,2930,4220,9496
4126272,PR,202608,356,997,241543,682.32,678.49,1376,3412,341,301,734
4126306,PR,202608,848,2561,607957,716.93,716.93,3140,8495,757,913,1470
4126355,PR,202608,145,447,98375,678.45,678.45,780,1941,123,198,459
4126405,PR,202608,236,603,150302,636.87,636.87,1206,2963,200,294,712
4126504,PR,202608,761,1962,490650,646.44,644.74,2380,5594,649,650,1081
4126603,PR,202608,1012,2679,687135,682.36,678.99,3917,9223,942,961,2014
4126652,PR,202608,131,339,83635,638.44,638.44,542,1271,121,159,262
4126678,PR,202608,776,2092,526487,679.34,678.46,2184,5136,731,475,978
4126702,PR,202608,195,593,120774,619.35,619.35,1033,2531,141,283,609
4126801,PR,202608,677,1945,473205,703.13,698.97,2904,7051,725,632,1547
4126900,PR,202608,310,871,197358,638.7,636.64,1291,3101,259,337,695
4127007,PR,202608,861,2323,596508,696.86,692.81,2013,4972,848,423,742
4127106,PR,202608,1816,5062,1237677,688.75,681.54,6474,16574,1713,1964,2797
4127205,PR,202608,461,1255,306290,665.85,664.4,1815,4751,395,651,769
4127304,PR,202608,1047,2797,711883,681.88,679.93,3294,7902,1054,720,1520
4127403,PR,202608,658,1954,455194,697.08,691.78,3069,7373,590,804,1675
4127502,PR,202608,1950,5320,1322145,680.82,678.02,4834,11931,1723,1051,2060
4127601,PR,202608,1697,4623,1156706,686.07,681.62,4186,9775,1737,893,1556
4127700,PR,202608,3515,9470,2323021,662.02,660.89,18424,42925,3047,4329,11048
4127809,PR,202608,496,1382,331851,669.05,669.05,1664,4019,471,320,873
4127858,PR,202608,764,2003,484044,638.58,633.57,2660,5770,665,721,1274
4127882,PR,202608,735,2085,513297,700.27,698.36,1675,4276,674,419,582
4127908,PR,202608,400,1104,269473,677.07,673.68,1672,3994,377,416,879
4127957,PR,202608,276,789,183191,671.03,663.74,1374,3231,267,318,789
4127965,PR,202608,1016,2777,652184,642.55,641.91,2961,7616,872,862,1227
4128005,PR,202608,1595,3963,1034423,648.54,648.54,5523,11996,1567,1163,2793
4128104,PR,202608,4637,12530,3101470,671.6,668.85,19469,44704,4494,4284,10691
4128203,PR,202608,2338,6674,1586527,683.55,678.58,7553,18750,1998,2052,3503
4128302,PR,202608,133,359,89880,675.79,675.79,504,1197,134,115,255
4128401,PR,202608,712,1828,451582,637.83,634.24,2067,4653,655,415,997
4128500,PR,202608,1655,4237,1137639,688.23,687.4,4022,9292,1595,751,1676
4128534,PR,202608,794,1887,514945,655.98,648.55,1935,4322,768,438,729
4128559,PR,202608,257,719,166761,648.88,648.88,1794,4326,221,457,1116
4128609,PR,202608,178,476,110255,622.91,619.41,989,2288,149,262,578
4128625,PR,202608,292,861,196635,673.41,673.41,803,1985,243,180,380
4128633,PR,202608,792,2258,517290,653.14,653.14,1588,4220,680,421,487
4128658,PR,202608,174,527,114562,658.4,658.4,867,2228,142,263,462
4128708,PR,202608,477,1427,336664,716.31,705.79,1489,3672,448,332,709
4128807,PR,202608,439,1255,306132,698.93,697.34,1601,3855,436,286,879
4200051,SC,202608,173,550,123974,716.61,716.61,582,1605,185,100,297
4200101,SC,202608,1528,4164,1060645,694.59,694.14,4320,10044,1481,697,2142
4200200,SC,202608,179,568,130575,729.47,729.47,640,1803,184,191,265
4200309,SC,202608,81,284,59950,740.12,740.12,252,770,66,64,122
4200408,SC,202608,69,243,42355,613.84,613.84,806,2246,44,227,535
4200507,SC,202608,232,692,159825,691.88,688.9,1026,2755,237,199,590
4200556,SC,202608,42,155,28459,677.6,677.6,332,986,30,62,240
4200606,SC,202608,176,524,123968,704.36,704.36,517,1346,165,147,205
4200705,SC,202608,446,1295,303613,680.75,680.75,1127,3087,392,319,416
4200754,SC,202608,24,51,15220,634.17,634.17,128,314,22,26,80
4200804,SC,202608,94,283,63092,671.19,671.19,496,1393,78,146,272
4200903,SC,202608,153,492,99819,652.41,652.41,504,1412,121,150,233
4201000,SC,202608,707,1885,471326,666.66,666.66,1682,3994,677,308,697
4201109,SC,202608,105,338,72062,692.9,686.3,396,1131,112,121,163
4201208,SC,202608,160,524,108508,682.44,678.18,665,1915,158,192,315
4201257,SC,202608,103,322,70487,684.34,684.34,481,1422,88,135,258
4201273,SC,202608,68,206,45931,675.46,675.46,333,906,40,72,221
4201307,SC,202608,2062,6307,1455676,708.01,705.95,7788,21366,1870,2303,3615
4201406,SC,202608,2193,6360,1473311,675.52,671.82,8227,19817,2045,2547,3635
4201505,SC,202608,340,1004,247710,730.71,728.56,854,2186,392,159,303
4201604,SC,202608,28,92,17167,613.11,613.11,277,668,16,50,211
4201653,SC,202608,43,128,29526,686.65,686.65,240,656,37,60,143
4201703,SC,202608,168,499,121388,726.87,722.55,569,1519,181,120,268
4201802,SC,202608,42,143,29373,699.36,699.36,211,565,37,60,114
4201901,SC,202608,78,245,56773,727.86,727.86,328,844,75,75,178
4201950,SC,202608,1196,3437,848731,713.22,709.64,3603,8575,1433,676,1494
4202008,SC,202608,2977,7528,1937938,654.93,650.97,13200,29949,2903,2777,7520
4202057,SC,202608,864,2522,598352,694.14,692.54,2815,6699,876,564,1375
4202073,SC,202608,887,2598,619064,699.51,697.93,3438,8171,971,784,1683
4202081,SC,202608,103,334,67075,651.21,651.21,439,1255,78,119,242
4202099,SC,202608,67,216,47447,708.16,708.16,254,685,63,50,141
4202107,SC,202608,1986,5754,1342091,678.17,675.78,6761,16853,1792,1820,3149
4202131,SC,202608,344,998,235302,684.02,684.02,899,2421,317,274,308
4202156,SC,202608,77,248,54498,707.77,707.77,333,902,66,80,187
4202206,SC,202608,140,457,95898,689.91,684.99,475,1437,108,154,213
4202305,SC,202608,3374,8972,2220219,662.16,658.04,9450,23162,2918,2374,4158
4202404,SC,202608,6698,18171,4443414,664.88,663.39,21804,55740,5711,5163,10930
4202438,SC,202608,250,700,159701,643.96,638.8,694,1725,209,176,309
4202453,SC,202608,1156,3070,761758,672.93,658.96,3106,7771,1135,687,1284
4202503,SC,202608,514,1357,360983,703.67,702.3,1009,2275,556,153,300
4202537,SC,202608,242,628,162218,670.32,670.32,579,1367,217,109,253
4202578,SC,202608,75,200,52912,705.49,705.49,216,504,73,32,111
4202602,SC,202608,484,1516,333896,691.3,689.87,1335,3626,417,312,606
4202701,SC,202608,91,290,58658,644.59,644.59,907,2337,106,183,618
4202800,SC,202608,904,2607,627934,698.48,694.62,2259,5845,996,723,540
4202859,SC,202608,4,11,1755,438.75,438.75,56,160,1,20,35
4202875,SC,202608,160,415,104136,650.85,650.85,526,1203,155,117,254
4202909,SC,202608,2435,6804,1604574,660.59,658.96,7285,19225,2075,1899,3311
4203006,SC,202608,2719,7643,1856003,683.61,682.61,11880,30458,2393,2580,6907
4203105,SC,202608,69,233,37369,541.58,541.58,500,1423,51,208,241
4203154,SC,202608,294,964,199604,695.48,678.93,1139,3074,260,233,646
4203204,SC,202608,3078,8931,2023845,669.04,657.52,11024,27582,2692,3638,4694
4203253,SC,202608,119,341,82470,693.03,693.03,448,1217,112,111,225
4203303,SC,202608,344,1048,241253,703.36,701.32,1625,4460,314,377,934
4203402,SC,202608,589,1524,373633,635.43,634.35,1800,4121,516,429,855
4203501,SC,202608,644,1831,422555,656.14,656.14,1705,4064,555,400,750
4203600,SC,202608,368,1247,242543,660.88,659.08,3507,9258,254,1013,2240
4203709,SC,202608,1251,3222,884380,708.64,706.94,2424,5447,1400,338,686
4203808,SC,202608,1958,5469,1348297,690.37,688.61,6141,14973,1915,1385,2841
4203907,SC,202608,288,935,193680,674.84,672.5,1338,3822,212,434,692
4203956,SC,202608,336,959,225256,670.4,670.4,2083,5235,336,624,1123
4204004,SC,202608,394,1173,267276,680.09,678.37,1489,3828,345,354,790
4204103,SC,202608,205,596,134202,654.64,654.64,637,1645,171,142,324
4204152,SC,202608,179,511,126867,708.75,708.75,498,1272,186,83,229
4204178,SC,202608,261,798,164600,630.65,630.65,800,2165,204,227,369
4204194,SC,202608,32,105,23239,726.22,726.22,130,413,27,43,60
4204202,SC,202608,3845,12432,2506123,656.4,651.79,20143,53467,2878,5645,11620
4204251,SC,202608,202,629,135595,674.6,671.26,801,2271,170,195,436
4204301,SC,202608,1097,3230,736254,678.58,671.15,4320,11333,890,1199,2231
4204350,SC,202608,200,566,137674,691.83,688.37,531,1346,184,91,256
4204400,SC,202608,361,1065,241353,668.57,668.57,1101,2900,295,260,546
4204459,SC,202608,57,128,36560,641.4,641.4,309,667,66,66,177
4204509,SC,202608,358,1046,249038,697.59,695.64,1124,3056,343,267,514
4204558,SC,202608,918,2555,637154,697.87,694.07,2736,6300,939,595,1202
4204608,SC,202608,5174,14280,3490423,677.75,674.61,13851,35684,4717,3711,5423
4204707,SC,202608,166,454,105198,633.72,633.72,988,2577,145,177,666
4204756,SC,202608,10,37,8339,833.9,833.9,77,194,11,15,51
4204806,SC,202608,2216,6106,1510284,683.7,681.54,7430,17228,2150,1682,3598
4204905,SC,202608,146,435,103344,707.84,707.84,596,1605,131,128,337
4205001,SC,202608,539,1653,374913,698.16,695.57,1717,4485,490,380,847
4205100,SC,202608,55,166,38599,701.8,701.8,181,516,56,52,73
4205159,SC,202608,55,174,37840,688.0,688.0,242,661,50,68,124
4205175,SC,202608,440,1058,289041,656.91,656.91,964,2094,417,202,345
4205191,SC,202608,114,343,76759,673.32,673.32,348,882,107,81,160
4205209,SC,202608,30,105,18389,634.1,612.97,389,1039,18,135,236
4205308,SC,202608,218,715,143178,659.81,656.78,947,2782,160,268,519
4205357,SC,202608,41,123,26556,647.71,647.71,331,899,32,54,245
4205407,SC,202608,14063,34695,9146789,653.53,650.42,56778,123967,15881,14306,26591
4205431,SC,202608,80,237,51877,648.46,648.46,326,869,70,76,180
4205456,SC,202608,898,2708,641053,713.87,713.87,2930,7861,975,651,1304
4205506,SC,202608,1060,3271,649799,613.02,613.02,5020,13570,686,1434,2900
4205555,SC,202608,143,399,93506,653.89,653.89,457,1182,135,100,222
4205605,SC,202608,209,559,141299,676.07,676.07,557,1279,203,119,235
4205704,SC,202608,1817,4678,1213512,668.97,667.87,4831,11316,1784,1075,1972
4205803,SC,202608,499,1502,343537,696.83,688.45,2204,6284,440,626,1138
4205902,SC,202608,1368,3913,916866,671.7,670.22,5922,15029,1258,1558,3106
4206009,SC,202608,927,2612,641355,699.41,691.86,2506,6107,990,489,1027
4206108,SC,202608,265,786,183898,696.58,693.95,916,2418,245,213,458
4206207,SC,202608,297,891,206491,695.26,695.26,1079,2727,313,251,515
4206306,SC,202608,612,1841,422731,693.0,690.74,1672,4701,553,432,687
4206405,SC,202608,66,203,45257,685.71,685.71,761,2032,63,173,525
4206504,SC,202608,1235,3526,809382,655.9,655.37,4474,11722,1042,1206,2226
4206603,SC,202608,96,269,65870,693.37,686.15,603,1461,91,104,408
4206652,SC,202608,263,781,171085,655.5,650.51,1030,2700,222,279,529
4206702,SC,202608,314,988,218472,700.23,695.77,1612,4381,280,416,916
4206751,SC,202608,125,379,89569,716.55,716.55,363,878,118,63,182
4206801,SC,202608,95,305,74359,782.73,782.73,462,1086,113,80,269
4206900,SC,202608,211,582,134174,638.92,635.9,1169,3195,174,325,670
4207007,SC,202608,1827,5213,1234446,679.01,675.67,5190,12828,1782,1273,2135
4207106,SC,202608,723,2145,495635,688.38,685.53,1852,5158,637,574,641
4207205,SC,202608,744,2055,511673,688.66,687.73,2058,5035,729,397,932
4207304,SC,202608,1995,5563,1358618,683.41,681.01,5930,14513,2156,1457,2317
4207403,SC,202608,134,420,94680,706.57,706.57,478,1281,131,113,234
4207502,SC,202608,893,2585,599279,674.86,671.09,3363,9104,731,963,1669
4207577,SC,202608,29,91,18225,628.45,628.45,236,615,18,52,166
4207601,SC,202608,59,196,39314,666.34,666.34,430,1235,48,84,298
4207650,SC,202608,92,272,55317,601.27,601.27,913,2377,81,169,663
4207684,SC,202608,941,2524,645437,686.64,685.91,1874,4562,825,425,624
4207700,SC,202608,54,185,37361,691.87,691.87,350,1004,42,88,220
4207759,SC,202608,132,397,87774,664.95,664.95,556,1396,102,99,355
4207809,SC,202608,265,764,184801,697.36,697.36,1420,3582,237,385,798
4207858,SC,202608,75,222,50488,673.17,673.17,290,769,57,74,159
4207908,SC,202608,482,1412,338987,706.22,703.29,1388,3695,535,386,467
4208005,SC,202608,295,852,202578,686.71,686.71,947,2268,257,185,505
4208104,SC,202608,530,1580,318786,602.62,601.48,1661,4691,352,671,638
4208203,SC,202608,7731,21773,5345761,692.73,691.47,25391,60927,8313,5913,11165
4208302,SC,202608,2430,6893,1661143,689.27,683.6,8727,21082,2309,2072,4346
4208401,SC,202608,188,625,129048,686.43,686.43,1240,3460,144,297,799
4208450,SC,202608,1391,4129,970140,701.98,697.44,5386,12712,1647,1286,2453
4208500,SC,202608,528,1637,361112,685.22,683.92,1702,4693,461,507,734
4208609,SC,202608,144,443,105555,738.15,733.02,469,1217,125,108,236
4208708,SC,202608,344,1129,254865,740.89,740.89,1034,2779,390,205,439
4208807,SC,202608,613,1917,420613,689.53,686.15,2085,5706,538,549,998
4208906,SC,202608,2827,8078,1890460,669.19,668.72,11285,29222,2364,2830,6091
4208955,SC,202608,93,266,62276,676.91,669.63,254,678,84,41,129
4209003,SC,202608,477,1403,326217,683.89,683.89,2256,5497,426,472,1358
4209102,SC,202608,14884,41746,9995298,673.31,671.55,45867,115658,12977,12120,20770
4209151,SC,202608,388,1222,294677,761.44,759.48,737,2208,364,172,201
4209177,SC,202608,84,236,55698,663.07,663.07,528,1407,72,97,359
4209201,SC,202608,10,42,6914,691.4,691.4,120,336,8,28,84
4209300,SC,202608,8515,22234,5715520,671.78,671.23,25397,57906,7940,5351,12106
4209409,SC,202608,1446,3798,946342,655.36,654.46,5944,13821,1303,1412,3229
4209458,SC,202608,51,155,35071,687.67,687.67,278,808,40,58,180
4209508,SC,202608,137,425,97794,713.82,713.82,604,1554,124,136,344
4209607,SC,202608,386,1049,258043,668.51,668.51,1515,3627,387,357,771
4209706,SC,202608,843,2530,588649,699.11,698.28,2923,7520,690,790,1443
4209805,SC,202608,91,319,66614,732.02,732.02,329,994,79,114,136
4209854,SC,202608,91,269,61046,670.84,670.84,488,1279,80,116,292
4209904,SC,202608,93,322,61223,658.31,658.31,534,1573,52,238,244
4210001,SC,202608,204,658,134331,661.73,658.49,797,2403,139,297,361
4210035,SC,202608,28,101,20322,752.67,725.79,457,1206,32,74,351
4210050,SC,202608,41,136,24928,608.0,608.0,156,468,26,59,71
4210100,SC,202608,1643,4646,1138930,693.2,693.2,5611,13555,1682,1348,2581
4210209,SC,202608,197,594,134580,683.15,683.15,512,1432,170,121,221
4210308,SC,202608,475,1357,322299,678.52,678.52,1568,3979,446,428,694
4210407,SC,202608,271,775,188421,697.86,695.28,1043,2430,253,179,611
4210506,SC,202608,354,982,229929,649.52,649.52,1884,4815,297,439,1148
4210555,SC,202608,36,117,24501,680.58,680.58,206,539,30,50,126
4210605,SC,202608,355,1021,240926,678.66,678.66,1132,3016,313,287,532
4210704,SC,202608,259,768,183088,720.82,706.9,898,2384,300,143,455
4210803,SC,202608,198,540,132716,670.28,670.28,569,1479,186,153,230
4210852,SC,202608,16,45,8551,534.44,534.44,228,679,11,52,165
4210902,SC,202608,100,303,69866,698.66,698.66,339,890,77,79,183
4211009,SC,202608,45,127,30128,669.51,669.51,927,2164,60,201,666
4211058,SC,202608,535,1477,363373,679.2,679.2,1894,4634,469,514,911
4211108,SC,202608,682,1876,500258,733.52,733.52,1743,4162,766,355,622
4211207,SC,202608,411,1227,273921,666.47,666.47,1677,4599,369,481,827
4211256,SC,202608,130,351,87841,675.7,675.7,501,1325,125,109,267
4211306,SC,202608,4563,12887,3180876,701.1,697.1,11973,30377,4401,3017,4555
4211405,SC,202608,196,540,134466,686.05,686.05,646,1655,174,108,364
4211454,SC,202608,124,369,78419,632.41,632.41,433,1182,93,124,216
4211504,SC,202608,338,990,227005,671.61,671.61,1176,3142,270,261,645
4211603,SC,202608,224,660,141654,632.38,632.38,871,2364,174,227,470
4211652,SC,202608,53,153,34425,649.53,649.53,327,888,46,75,206
4211702,SC,202608,586,1632,392716,672.46,670.16,1536,3914,545,358,633
4211751,SC,202608,434,1317,295244,680.29,680.29,1521,3996,341,341,839
4211801,SC,202608,60,185,41111,685.18,685.18,455,1174,71,95,289
4211850,SC,202608,162,435,108231,668.09,668.09,428,1043,140,93,195
4211876,SC,202608,44,140,31806,722.86,722.86,267,741,46,56,165
4211892,SC,202608,109,339,71445,655.46,655.46,545,1426,97,157,291
4211900,SC,202608,8547,23454,5783164,681.82,676.63,26882,65481,8715,6532,11635
4212007,SC,202608,416,1151,281191,677.57,675.94,1109,2699,373,254,482
4212056,SC,202608,121,344,83421,689.43,689.43,373,922,116,73,184
4212106,SC,202608,390,1111,255279,661.34,654.56,1350,3305,324,312,714
4212205,SC,202608,459,1364,274597,599.56,598.25,1745,4732,290,702,753
4212239,SC,202608,151,425,97019,642.51,642.51,576,1412,115,142,319
4212254,SC,202608,742,2297,511296,691.88,689.08,1930,5016,763,482,685
4212270,SC,202608,327,968,230667,709.74,705.4,1075,2716,300,181,594
4212304,SC,202608,418,1171,282210,675.14,675.14,1144,2793,394,284,466
4212403,SC,202608,74,223,50785,686.28,686.28,370,1017,66,96,208
4212502,SC,202608,1393,3995,969914,704.37,696.28,4176,10154,1417,884,1875
4212601,SC,202608,14,41,8449,603.5,603.5,296,837,13,26,257
4212650,SC,202608,616,1582,408190,662.65,662.65,1550,3645,574,331,645
4212700,SC,202608,154,497,107153,695.8,695.8,538,1397,131,120,287
4212809,SC,202608,1138,3498,760228,668.63,668.04,3966,10212,935,1243,1788
4212908,SC,202608,150,478,96675,644.5,644.5,1226,3521,99,367,760
4213005,SC,202608,21,75,13331,634.81,634.81,542,1521,22,93,427
4213104,SC,202608,111,290,69701,627.94,627.94,353,911,92,94,167
4213153,SC,202608,53,169,36522,689.09,689.09,519,1450,46,121,352
4213203,SC,202608,67,222,39679,592.22,592.22,685,2079,44,172,469
4213302,SC,202608,199,548,140144,704.24,704.24,840,2130,195,178,467
4213351,SC,202608,217,672,149070,686.96,686.96,589,1625,181,160,248
4213401,SC,202608,538,1689,381046,714.91,708.26,2192,5487,497,457,1238
4213500,SC,202608,651,1880,440459,687.14,676.59,3032,7285,736,708,1588
4213609,SC,202608,657,1972,435711,668.27,663.18,2806,7147,571,853,1382
4213708,SC,202608,197,685,124831,633.66,633.66,1009,3179,122,362,525
4213807,SC,202608,426,1163,283275,664.96,664.96,1197,2795,460,281,456
4213906,SC,202608,46,161,34998,760.83,760.83,152,428,44,32,76
4214003,SC,202608,256,788,174226,680.57,680.57,926,2542,212,244,470
4214102,SC,202608,39,127,27903,715.46,715.46,257,683,38,58,161
4214151,SC,202608,72,193,48047,667.32,667.32,279,730,68,68,143
4214201,SC,202608,244,712,158923,651.32,651.32,846,2213,201,191,454
4214300,SC,202608,25,70,16802,672.08,672.08,267,613,28,71,168
4214409,SC,202608,291,884,206134,710.81,708.36,1012,2516,270,197,545
4214508,SC,202608,53,219,38084,718.57,718.57,390,1214,33,167,190
4214607,SC,202608,21,74,14624,696.38,696.38,334,1083,22,125,187
4214706,SC,202608,106,356,63214,625.88,596.36,572,1532,70,185,317
4214805,SC,202608,1573,4552,1082606,692.65,688.24,5381,13507,1419,1330,2632
4214904,SC,202608,20,63,11993,599.65,599.65,129,402,11,44,74
4215000,SC,202608,1148,3373,822889,720.57,716.8,4139,10312,1299,934,1906
4215059,SC,202608,167,486,113238,678.07,678.07,441,1084,180,87,174
4215075,SC,202608,85,273,55439,659.99,652.22,527,1392,73,130,324
4215109,SC,202608,240,738,164746,686.44,686.44,841,2267,210,212,419
4215208,SC,202608,143,397,93331,652.66,652.66,621,1576,119,126,376
4215307,SC,202608,81,280,59777,737.99,737.99,502,1352,73,133,296
4215356,SC,202608,177,527,115445,652.23,652.23,607,1575,150,118,339
4215406,SC,202608,102,309,68663,679.83,673.17,538,1284,86,95,357
4215455,SC,202608,399,1246,283455,713.99,710.41,1170,3204,378,325,467
4215505,SC,202608,1020,3013,725869,711.64,711.64,3106,7669,1025,644,1437
4215554,SC,202608,15,53,11753,783.53,783.53,225,627,17,34,174
4215604,SC,202608,38,114,25482,670.58,670.58,209,604,37,52,120
4215653,SC,202608,554,1640,395342,717.5,713.61,1425,3597,607,291,527
4215679,SC,202608,136,419,93605,688.27,688.27,569,1694,118,170,281
4215687,SC,202608,106,325,72737,686.2,686.2,474,1255,87,82,305
4215695,SC,202608,26,82,16602,638.54,638.54,161,439,21,27,113
4215703,SC,202608,826,2259,563628,684.85,682.36,2524,6247,829,658,1037
4215752,SC,202608,58,187,44593,768.84,768.84,451,1264,69,122,260
4215802,SC,202608,1682,4605,1124020,672.66,668.26,7954,20050,1542,1627,4785
4215901,SC,202608,129,346,83796,654.66,649.58,320,818,120,77,123
4216008,SC,202608,245,673,167700,687.3,684.49,915,2380,226,207,482
4216057,SC,202608,304,852,211584,696.0,696.0,845,2149,281,202,362
4216107,SC,202608,320,945,203641,636.38,636.38,1141,2865,234,338,569
4216206,SC,202608,1766,5002,1208886,686.48,684.53,5958,14629,1774,1524,2660
4216255,SC,202608,40,109,25280,632.0,632.0,208,526,37,49,122
4216305,SC,202608,864,2448,585018,677.1,677.1,3852,9784,740,1097,2015
4216354,SC,202608,205,618,144431,704.54,704.54,741,1969,193,165,383
4216404,SC,202608,499,1490,364841,731.14,731.14,1260,3084,544,250,466
4216503,SC,202608,1125,3214,744494,663.54,661.77,3845,9602,894,1129,1822
4216602,SC,202608,7507,20563,5067082,678.69,674.98,20936,51498,7216,5142,8578
4216701,SC,202608,320,912,215573,673.67,673.67,1198,3241,308,242,648
4216800,SC,202608,819,2229,533256,651.11,651.11,2125,5014,750,521,854
4216909,SC,202608,411,1350,282915,691.72,688.36,1845,5414,335,541,969
4217006,SC,202608,115,367,71844,630.21,624.73,721,2142,75,210,436
4217105,SC,202608,65,197,44193,679.89,679.89,203,597,57,50,96
4217154,SC,202608,52,147,33772,649.46,649.46,353,883,47,54,252
4217204,SC,202608,801,2340,517133,648.04,645.61,3193,8156,613,742,1838
4217253,SC,202608,98,292,67460,688.37,688.37,482,1183,127,81,274
4217303,SC,202608,168,503,109884,654.07,654.07,737,2057,143,159,435
4217402,SC,202608,272,796,195353,718.21,718.21,1188,3198,277,273,638
4217501,SC,202608,239,760,141834,595.94,593.45,1239,3257,152,356,731
4217550,SC,202608,46,136,34327,746.24,746.24,215,565,47,36,132
4217600,SC,202608,359,1019,243039,676.99,676.99,1499,3612,373,311,815
4217709,SC,202608,1075,3055,713121,665.85,663.37,3665,9080,931,1073,1661
4217758,SC,202608,71,192,48303,680.32,680.32,290,746,75,51,164
4217808,SC,202608,448,1288,313737,703.45,700.31,1468,3687,437,315,716
4217907,SC,202608,205,625,141070,688.15,688.15,1199,3098,181,221,797
4217956,SC,202608,75,219,49890,665.2,665.2,359,1006,70,63,226
4218004,SC,202608,1766,5083,1232514,704.7,697.91,5856,14888,1749,1333,2774
4218103,SC,202608,177,575,125662,709.95,709.95,677,1879,166,152,359
4218202,SC,202608,390,1132,249593,644.94,639.98,1841,5085,289,496,1056
4218251,SC,202608,865,2263,599457,693.01,693.01,1881,4418,848,397,636
4218301,SC,202608,662,2073,448292,692.88,677.18,2931,8036,560,937,1434
4218350,SC,202608,122,348,86033,705.19,705.19,283,744,106,83,94
4218400,SC,202608,140,448,93743,674.41,669.59,609,1826,110,208,291
4218509,SC,202608,94,311,63996,680.81,680.81,600,1581,80,160,360
4218608,SC,202608,46,158,33019,717.8,717.8,241,658,34,66,141
4218707,SC,202608,2821,7517,1903050,675.56,674.6,9067,21545,2680,2087,4300
4218756,SC,202608,38,126,21411,563.45,563.45,493,1379,17,84,392
4218806,SC,202608,169,478,99065,586.18,586.18,991,2626,119,344,528
4218855,SC,202608,44,140,27986,636.05,636.05,287,848,33,75,179
4218905,SC,202608,671,1974,474284,707.89,706.83,1741,4259,675,349,717
4218954,SC,202608,237,635,159929,674.81,674.81,596,1418,243,123,230
4219002,SC,202608,322,901,203599,634.26,632.3,1327,3396,263,328,736
4219101,SC,202608,72,246,43869,609.29,609.29,510,1436,45,141,324
4219150,SC,202608,90,252,59686,663.18,663.18,447,1160,84,99,264
4219176,SC,202608,132,375,94315,725.5,714.51,785,1781,151,148,486
4219200,SC,202608,114,336,75978,666.47,666.47,464,1330,102,121,241
4219309,SC,202608,982,2803,639890,664.48,651.62,5088,12161,845,1206,3037
4219358,SC,202608,137,458,100359,737.93,732.55,448,1340,118,150,180
4219408,SC,202608,54,156,35628,659.78,659.78,435,1228,47,82,306
4219507,SC,202608,781,2214,507102,650.13,649.3,3640,9614,646,1036,1958
4219606,SC,202608,43,149,29496,685.95,685.95,182,450,37,44,101
4219705,SC,202608,725,2216,519921,718.12,717.13,3968,10003,747,706,2515
4219853,SC,202608,126,374,90219,716.02,716.02,405,1114,121,89,195
4220000,SC,202608,1003,2958,708715,707.3,706.6,3191,7577,994,697,1500
4300034,RS,202608,271,784,183743,678.02,678.02,942,2199,289,197,456
4300059,RS,202608,242,582,161836,668.74,668.74,607,1322,251,94,262
4300109,RS,202608,799,2097,512331,642.82,641.22,1996,4659,721,504,771
4300208,RS,202608,263,633,168607,641.09,641.09,681,1460,242,135,304
4300307,RS,202608,422,1045,280785,666.95,665.37,1731,3650,453,211,1067
4300406,RS,202608,2980,7980,1969343,661.3,660.85,11414,25324,3127,2921,5366
4300455,RS,202608,237,654,147908,624.08,624.08,738,1646,199,146,393
4300471,RS,202608,40,112,26480,662.0,662.0,337,776,46,40,251
4300505,RS,202608,200,567,128434,642.17,642.17,840,2131,174,227,439
4300554,RS,202608,60,156,39410,656.83,656.83,299,634,63,47,189
4300570,RS,202608,14,41,8207,586.21,586.21,128,304,11,30,87
4300604,RS,202608,13231,35689,8880302,679.86,671.17,32697,76571,12800,7432,12465
4300638,RS,202608,425,1187,291692,686.33,686.33,872,2167,509,160,203
4300646,RS,202608,508,1491,340058,670.73,669.41,1489,3554,480,364,645
4300661,RS,202608,30,80,19801,660.03,660.03,175,434,23,33,119
4300703,RS,202608,28,96,20320,725.71,725.71,502,1313,52,87,363
4300802,RS,202608,181,520,112050,622.5,619.06,912,2359,143,235,534
4300851,RS,202608,286,740,165850,579.9,579.9,1258,2588,222,316,720
4300877,RS,202608,406,1210,269419,666.88,663.59,1298,3164,350,338,610
4300901,RS,202608,78,253,54077,693.29,693.29,490,1226,92,101,297
4301008,RS,202608,202,537,140426,695.18,695.18,3024,6565,355,450,2219
4301057,RS,202608,705,1989,490493,699.7,695.73,2598,5743,1015,455,1128
4301073,RS,202608,33,94,21716,658.06,658.06,194,499,33,48,113
4301107,RS,202608,1475,3524,988688,672.12,670.3,3168,6653,1563,431,1174
4301206,RS,202608,495,1353,321434,652.0,649.36,1580,4004,439,358,783
4301305,RS,202608,1413,3614,959541,681.01,679.08,4593,9130,1814,968,1811
4301404,RS,202608,377,1073,251931,671.82,668.25,1170,3008,358,362,450
4301503,RS,202608,180,562,119625,668.3,664.58,744,1883,135,161,448
4301552,RS,202608,63,158,42675,677.38,677.38,391,938,98,68,225
4301602,RS,202608,9877,25073,6616120,671.21,669.85,27795,55996,12347,4712,10736
4301636,RS,202608,1575,3949,1034857,668.08,657.05,5079,9782,2163,705,2211
4301651,RS,202608,22,61,12596,572.55,572.55,421,1061,14,56,351
4301701,RS,202608,116,383,61994,543.81,534.43,1095,2697,48,244,803
4301750,RS,202608,383,1054,255368,666.76,666.76,953,2257,472,200,281
4301800,RS,202608,246,662,161825,657.83,657.83,736,1766,229,165,342
4301859,RS,202608,143,395,96122,672.18,672.18,686,1604,129,138,419
4301875,RS,202608,414,1122,289457,699.17,699.17,1194,2380,538,175,481
4301909,RS,202608,629,1605,433674,691.67,689.47,2009,4448,841,448,720
4301925,RS,202608,7,18,4450,635.71,635.71,192,456,8,27,157
4301958,RS,202608,18,54,10915,606.39,606.39,567,1523,19,42,506
4302006,RS,202608,290,936,197494,683.37,681.01,1267,3344,264,452,551
4302055,RS,202608,570,1055,377325,664.3,661.97,910,1530,567,96,247
4302105,RS,202608,1144,3220,708985,627.98,619.74,9244,22838,1066,2252,5926
4302154,RS,202608,94,268,65878,700.83,700.83,502,1153,108,101,293
4302204,RS,202608,136,395,86320,634.71,634.71,830,2022,106,138,586
4302220,RS,202608,87,247,55389,636.66,636.66,380,924,81,67,232
4302238,RS,202608,161,434,113989,708.01,708.01,458,996,179,84,195
4302253,RS,202608,21,55,14210,676.67,676.67,59,140,18,12,29
4302303,RS,202608,1197,3236,822370,692.23,687.03,2843,6350,1215,586,1042
4302352,RS,202608,120,343,76335,636.13,636.12,680,1654,105,191,384
4302378,RS,202608,232,580,147613,636.26,636.26,731,1567,235,127,369
4302402,RS,202608,432,1153,296664,686.72,686.72,1881,4069,425,296,1160
4302451,RS,202608,491,1278,338830,691.49,690.08,956,2294,468,161,327
4302501,RS,202608,390,1126,250224,641.6,641.6,1216,2951,322,280,614
4302584,RS,202608,54,165,38217,707.72,707.72,190,426,59,36,95
4302600,RS,202608,282,795,189392,673.99,671.6,897,1965,272,152,473
4302659,RS,202608,108,336,73092,676.78,676.78,312,882,89,106,117
4302709,RS,202608,1735,4268,1168782,677.55,673.65,3952,8220,1821,633,1498
4302808,RS,202608,2008,4773,1326059,660.72,660.39,6042,12267,2385,1191,2466
4302907,RS,202608,1409,3269,957507,680.05,679.56,2653,5343,1461,359,833
4303004,RS,202608,5837,14285,3943288,676.38,675.57,13479,29125,5759,2615,5105
4303103,RS,202608,6565,17310,4275995,657.95,651.33,21939,49300,6550,4659,10730
4303202,RS,202608,310,857,200228,647.99,645.9,851,2121,246,211,394
4303301,RS,202608,178,491,113771,642.77,639.16,783,1795,160,155,468
4303400,RS,202608,308,821,218388,709.05,709.05,918,1906,410,100,408
4303509,RS,202608,3732,10205,2497583,671.03,669.23,11230,25942,3874,2386,4970
4303558,RS,202608,37,112,24751,668.95,668.95,547,1418,69,71,407
4303608,RS,202608,256,710,174489,684.27,681.6,983,2309,253,235,495
4303673,RS,202608,135,342,89165,670.41,660.48,366,748,161,54,151
4303707,RS,202608,72,216,47620,661.39,661.39,519,1319,65,90,364
4303806,RS,202608,141,421,96302,682.99,682.99,957,2202,155,153,649
4303905,RS,202608,791,2241,531152,674.91,671.49,5926,13588,779,1692,3455
4304002,RS,202608,382,1005,251070,664.21,657.25,1095,2436,355,197,543
4304101,RS,202608,308,739,203203,659.75,659.75,812,1592,367,108,337
4304200,RS,202608,1750,4460,1174625,672.75,671.21,4415,9930,1840,765,1810
4304309,RS,202608,55,156,30801,560.02,560.02,503,1239,34,105,364
4304358,RS,202608,737,1978,481772,653.69,653.69,2698,5946,802,557,1339
4304408,RS,202608,2213,5905,1496115,679.74,676.06,6776,15701,2668,1391,2717
4304507,RS,202608,3426,8590,2172262,634.79,634.05,9750,21087,3720,2279,3751
4304606,RS,202608,19227,51225,13124630,684.68,682.61,80690,160092,23374,12563,44753
4304614,RS,202608,51,156,34282,672.2,672.2,260,624,51,36,173
4304622,RS,202608,90,268,57664,647.91,640.71,466,1102,76,96,294
4304630,RS,202608,3457,9576,2392861,692.78,692.18,11211,26146,4193,2356,4662
4304655,RS,202608,257,670,171717,668.16,668.16,634,1454,250,96,288
4304663,RS,202608,2493,6353,1685368,682.06,676.04,7109,15058,3248,1217,2644
4304671,RS,202608,192,514,125555,653.93,653.93,632,1478,193,141,298
4304689,RS,202608,811,2156,559100,693.67,689.4,2160,4609,944,327,889
4304697,RS,202608,28,87,16526,590.21,590.21,636,1652,27,65,544
4304705,RS,202608,1794,5164,1247913,703.45,695.6,7487,17547,1982,1894,3611
4304713,RS,202608,444,1171,299989,675.65,675.65,1093,2476,456,223,414
4304804,RS,202608,189,535,119746,636.95,633.58,957,2436,157,246,554
4304853,RS,202608,20,55,12027,601.35,601.35,205,478,25,38,142
4304903,RS,202608,114,332,70106,614.96,614.96,825,1823,97,157,571
4304952,RS,202608,173,503,119139,688.66,688.66,516,1244,195,101,220
4305009,RS,202608,459,1246,305015,670.36,664.52,1744,3877,458,305,981
4305108,RS,202608,10832,28810,7013596,656.34,647.49,30637,75763,9244,8968,12425
4305116,RS,202608,35,107,22850,652.86,652.86,399,992,29,73,297
4305124,RS,202608,360,926,234498,655.02,651.38,1169,2485,446,313,410
4305132,RS,202608,278,667,180238,648.34,648.34,996,2089,278,121,597
4305157,RS,202608,144,403,95476,663.03,663.03,550,1306,142,86,322
4305173,RS,202608,662,1875,449062,682.47,678.34,1790,4383,734,399,657
4305207,RS,202608,344,918,223401,649.42,649.42,1114,2666,283,330,501
4305306,RS,202608,175,498,115108,657.76,657.76,1503,3127,159,234,1110
4305355,RS,202608,1511,3937,1011819,674.55,669.64,4974,10836,1572,1003,2399
4305371,RS,202608,424,930,272102,655.67,641.75,760,1552,375,115,270
4305405,RS,202608,195,526,132032,677.09,677.09,798,1731,174,148,476
4305439,RS,202608,246,678,169612,692.29,689.48,1421,2720,403,333,685
4305447,RS,202608,221,612,139789,632.53,632.53,731,1836,179,180,372
4305454,RS,202608,1220,3417,839103,692.9,687.79,3762,8416,1496,732,1534
4305504,RS,202608,106,287,71307,672.71,672.71,599,1442,108,140,351
4305587,RS,202608,37,118,26546,717.46,717.46,265,659,39,35,191
4305603,RS,202608,75,186,48140,641.87,641.87,378,812,68,55,255
4305702,RS,202608,333,823,214282,645.43,643.49,935,2083,307,165,463
4305801,RS,202608,354,971,246900,697.46,697.46,1239,2756,430,264,545
4305835,RS,202608,16,43,10028,626.75,626.75,258,616,15,18,225
4305850,RS,202608,43,113,27821,647.0,647.0,257,599,45,59,153
4305871,RS,202608,81,241,54880,677.53,677.53,386,957,73,63,250
4305900,RS,202608,499,1402,328293,661.88,657.9,1507,3502,445,336,726
4305934,RS,202608,9,32,5472,608.0,608.0,61,158,9,16,36
4305959,RS,202608,22,61,14592,663.27,663.27,496,1250,17,47,432
4305975,RS,202608,71,184,46690,657.61,657.61,585,1404,91,99,395
4306007,RS,202608,275,793,173762,631.86,631.86,2224,5443,230,474,1520
4306056,RS,202608,568,1496,387131,681.57,681.57,1743,3953,648,367,728
4306072,RS,202608,245,599,161745,660.18,660.18,1018,2100,284,125,609
4306106,RS,202608,3014,7958,2051353,682.42,680.61,8865,19524,2778,2081,4006
4306130,RS,202608,22,69,14522,660.09,660.09,199,501,17,39,143
4306205,RS,202608,315,811,196725,624.52,624.52,2211,4588,320,314,1577
4306304,RS,202608,63,176,37800,600.0,600.0,463,1201,50,80,333
4306320,RS,202608,75,221,50874,678.32,678.32,376,955,69,53,254
4306353,RS,202608,269,673,179818,668.47,668.47,678,1472,273,85,320
4306379,RS,202608,245,631,166475,679.49,679.49,662,1444,252,132,278
4306403,RS,202608,246,762,156842,648.11,637.57,1206,3280,185,351,670
4306429,RS,202608,111,313,78348,705.84,705.84,673,1610,134,110,429
4306452,RS,202608,31,84,19989,644.81,644.81,168,413,30,44,94
4306502,RS,202608,867,2685,596801,689.94,688.35,2064,5200,865,514,685
4306551,RS,202608,92,246,60569,658.36,658.36,490,1161,135,74,281
4306601,RS,202608,2183,5750,1469438,678.41,673.13,6587,14586,2745,1272,2570
4306700,RS,202608,228,550,148679,652.1,652.1,651,1393,231,111,309
4306734,RS,202608,127,327,86287,679.43,679.43,532,1128,151,88,293
4306759,RS,202608,24,82,17205,716.88,716.88,369,984,28,29,312
4306767,RS,202608,3543,8993,2341861,666.82,660.98,13030,25478,4727,1890,6413
4306809,RS,202608,630,1715,417317,668.78,662.41,2449,5558,570,367,1512
4306908,RS,202608,1752,4467,1167998,668.19,666.67,4965,10805,1956,986,2023
4306924,RS,202608,151,411,109427,724.68,724.68,289,674,160,33,96
4306932,RS,202608,266,813,174756,661.95,656.98,1226,3056,211,299,716
4306957,RS,202608,144,376,93716,650.81,650.81,658,1441,172,100,386
4306973,RS,202608,306,783,208248,680.55,680.55,720,1556,311,105,304
4307005,RS,202608,2322,6641,1511667,656.68,651.02,10886,26512,1892,2789,6205
4307054,RS,202608,75,207,49779,663.72,663.72,408,916,90,77,241
4307104,RS,202608,913,1975,602005,660.09,659.37,2473,4395,1114,268,1091
4307203,RS,202608,266,722,180461,680.98,678.42,989,2226,325,181,483
4307302,RS,202608,321,931,209428,652.42,652.42,1248,3127,291,274,683
4307401,RS,202608,162,501,106916,664.07,659.98,714,1822,144,178,392
4307450,RS,202608,252,653,169189,671.38,671.38,737,1660,319,122,296
4307500,RS,202608,815,2140,536197,664.43,657.91,2303,5134,864,431,1008
4307559,RS,202608,163,439,109293,670.51,670.51,576,1344,175,118,283
4307609,RS,202608,1248,3423,815058,661.04,653.09,3676,8542,1129,955,1592
4307708,RS,202608,4212,10975,2805264,668.4,666.02,13609,29804,4278,2400,6931
4307807,RS,202608,1173,3036,787248,679.25,671.14,4327,9195,1158,672,2497
4307815,RS,202608,295,750,198214,671.91,671.91,727,1700,309,89,329
4307831,RS,202608,148,404,97431,658.32,658.32,526,1122,143,98,285
4307864,RS,202608,9,28,5190,576.67,576.67,45,134,8,12,25
4307906,RS,202608,2049,5553,1364760,671.3,666.06,6139,14252,2042,1330,2767
4308003,RS,202608,475,1108,310612,658.08,653.92,992,2103,465,164,363
4308052,RS,202608,162,402,106797,659.24,659.24,429,964,188,73,168
4308078,RS,202608,204,550,134540,662.76,659.51,799,1860,195,163,441
4308102,RS,202608,103,304,62591,607.68,607.68,883,2162,90,196,597
4308201,RS,202608,355,1067,223499,631.35,629.57,1812,4883,252,417,1143
4308250,RS,202608,40,99,22594,564.85,564.85,291,647,31,58,202
4308300,RS,202608,993,2599,670054,674.78,674.78,3014,6415,1254,445,1315
4308409,RS,202608,548,1377,351888,642.13,642.13,1455,3129,499,287,669
4308433,RS,202608,21,53,11866,565.05,565.05,356,858,14,43,299
4308458,RS,202608,151,405,98555,665.91,652.68,651,1487,135,150,366
4308508,RS,202608,818,2384,560366,689.26,685.04,3160,7617,852,795,1513
4308607,RS,202608,292,787,192644,664.29,659.74,1580,3810,271,300,1009
4308656,RS,202608,210,564,139768,668.75,665.56,988,2139,239,112,637
4308706,RS,202608,89,297,62248,707.36,699.42,733,1820,97,112,524
4308805,RS,202608,659,1618,425760,647.05,646.07,1913,3949,612,327,974
4308854,RS,202608,55,167,34123,620.42,620.42,263,705,37,56,170
4308904,RS,202608,303,834,206433,690.41,681.3,1642,3714,329,428,885
4309001,RS,202608,1334,3184,861828,646.05,646.05,3929,7775,1296,651,1982
4309050,RS,202608,328,889,213562,663.24,651.1,1178,2775,299,258,621
4309100,RS,202608,860,2425,570174,665.31,662.99,2931,7468,961,756,1214
4309126,RS,202608,248,707,174620,704.11,704.11,710,1755,215,127,368
4309159,RS,202608,156,459,104194,667.91,667.91,698,1777,134,185,379
4309209,RS,202608,15610,41967,10495552,675.82,672.36,40124,91114,15849,8093,16182
4309258,RS,202608,23,62,15910,691.74,691.74,105,232,33,19,53
4309308,RS,202608,5981,15668,4047418,680.92,676.71,19476,41603,7511,3141,8824
4309407,RS,202608,527,1452,377753,722.28,716.8,1947,4460,677,458,812
4309506,RS,202608,283,740,172090,608.09,608.09,893,2021,233,204,456
4309555,RS,202608,45,133,25510,579.77,566.89,459,1198,37,64,358
4309571,RS,202608,166,472,110458,665.41,665.41,307,812,142,80,85
4309605,RS,202608,442,1170,300238,683.91,679.27,1800,3956,505,326,969
4309654,RS,202608,759,2032,510070,672.03,672.03,2085,4339,729,380,976
4309704,RS,202608,120,329,79893,665.78,665.78,681,1539,118,111,452
4309753,RS,202608,144,416,93818,656.07,651.51,577,1506,132,204,241
4309803,RS,202608,134,384,86209,643.35,643.35,488,1221,110,143,235
4309902,RS,202608,267,749,175383,656.87,656.87,765,1874,224,209,332
4309951,RS,202608,178,451,120464,676.76,676.76,835,1828,236,132,467
4310009,RS,202608,222,629,139203,638.55,627.04,2183,4980,222,477,1484
4310108,RS,202608,1166,3148,756106,654.07,648.46,5796,12938,1165,1158,3473
4310207,RS,202608,3087,8030,2070527,676.86,670.72,11613,24326,3111,2254,6248
4310306,RS,202608,52,189,31782,648.61,611.19,401,1044,33,126,242
4310330,RS,202608,1608,4455,1045509,661.3,650.19,5874,13171,1784,1444,2646
4310363,RS,202608,24,70,14925,621.88,621.88,267,648,17,36,214
4310405,RS,202608,371,994,256365,691.01,691.01,1217,2717,397,184,636
4310413,RS,202608,137,364,93738,684.22,684.22,490,1089,153,106,231
4310439,RS,202608,143,385,95925,670.8,670.8,468,1139,170,109,189
4310462,RS,202608,13,36,8060,620.0,620.0,92,246,13,16,63
4310504,RS,202608,597,1606,415899,696.65,696.65,1734,3699,600,336,798
4310538,RS,202608,237,657,152452,651.5,643.26,962,2115,237,194,531
4310553,RS,202608,325,856,218840,675.43,673.35,891,1852,373,136,382
4310579,RS,202608,47,147,27521,598.28,585.55,277,745,32,82,163
4310603,RS,202608,2174,5788,1464125,676.27,673.47,7246,15381,2647,1453,3146
4310652,RS,202608,170,484,117126,688.98,688.98,680,1553,214,111,355
4310702,RS,202608,105,310,68788,667.84,655.12,519,1271,92,123,304
4310751,RS,202608,66,191,42185,639.17,639.17,308,747,63,58,187
4310801,RS,202608,171,481,104082,615.87,608.67,1043,2659,166,315,562
4310850,RS,202608,184,503,120029,652.33,652.33,1062,2424,168,198,696
4310876,RS,202608,225,629,155990,693.29,693.29,561,1394,224,99,238
4310900,RS,202608,60,169,39876,664.6,664.6,446,1004,53,80,313
4311007,RS,202608,1792,4420,1190748,665.97,664.48,5900,11759,2311,1110,2479
4311106,RS,202608,735,1855,494304,672.52,672.52,1853,4077,805,287,761
4311122,RS,202608,346,912,233959,678.14,676.18,803,1881,399,154,250
4311130,RS,202608,272,797,163467,600.98,600.98,811,1899,249,188,374
4311155,RS,202608,638,1649,437993,686.51,686.51,1549,3486,634,257,658
4311205,RS,202608,1271,3298,867351,687.28,682.42,3538,7660,1316,697,1525
4311239,RS,202608,142,369,90648,638.37,638.37,501,1200,131,90,280
4311254,RS,202608,607,1680,395985,654.52,652.36,1531,3544,673,237,621
4311270,RS,202608,24,73,16557,689.88,689.88,258,624,27,25,206
4311304,RS,202608,1519,3893,1031535,681.78,679.09,4163,9306,1815,820,1528
4311403,RS,202608,1822,4975,1172966,651.65,643.78,10920,24729,1542,2117,7261
4311429,RS,202608,284,765,192666,678.4,678.4,877,1908,329,166,382
4311502,RS,202608,538,1445,367696,683.45,683.45,1437,3213,642,279,516
4311601,RS,202608,238,668,168571,708.28,708.28,1006,2370,237,173,596
4311627,RS,202608,243,724,175655,728.86,722.86,842,2073,265,143,434
4311643,RS,202608,12,34,7845,653.75,653.75,145,361,14,24,107
4311700,RS,202608,145,406,95215,656.66,656.66,661,1525,142,188,331
4311718,RS,202608,498,1266,339928,682.59,682.59,1271,2651,596,185,490
4311734,RS,202608,199,609,139559,701.3,701.3,554,1340,213,118,223
4311759,RS,202608,392,1079,257396,663.39,656.62,1617,3601,427,321,869
4311775,RS,202608,490,1368,336187,688.91,686.1,1405,3247,598,222,585
4311791,RS,202608,40,129,24467,611.68,611.67,288,637,28,41,219
4311809,RS,202608,865,2434,563254,656.47,651.16,4084,9752,874,1024,2186
4311908,RS,202608,79,243,56107,710.22,710.22,783,1799,93,123,567
4311981,RS,202608,248,721,172366,700.67,695.02,519,1340,273,113,133
4312005,RS,202608,39,103,22655,580.9,580.9,409,952,47,52,310
4312054,RS,202608,44,130,27510,625.23,625.23,742,1710,42,96,604
4312104,RS,202608,299,746,198823,664.96,664.96,846,1841,322,202,322
4312138,RS,202608,143,378,100028,699.5,699.5,559,1308,152,86,321
4312153,RS,202608,141,394,92218,658.7,654.03,709,1641,120,149,440
4312179,RS,202608,72,190,49553,688.24,688.24,240,541,95,44,101
4312203,RS,202608,206,595,141126,685.08,685.08,871,1936,227,153,491
4312252,RS,202608,929,2232,630734,680.4,678.94,2085,4121,982,290,813
4312302,RS,202608,380,1032,264194,695.25,695.25,1195,2758,403,186,606
4312351,RS,202608,3,4,1950,650.0,650.0,195,534,3,15,177
4312377,RS,202608,185,590,130231,703.95,703.95,522,1447,166,120,236
4312385,RS,202608,14,50,10473,748.07,748.07,24,77,12,8,4
4312401,RS,202608,2659,6891,1752555,665.86,659.1,7286,16372,2503,1710,3073
4312427,RS,202608,120,301,79502,662.52,662.52,503,1093,164,93,246
4312443,RS,202608,77,224,48377,628.27,628.27,498,1246,62,84,352
4312450,RS,202608,430,1089,287119,667.72,667.72,1607,3370,542,272,793
4312476,RS,202608,40,111,25417,635.43,635.42,306,697,43,60,203
4312500,RS,202608,990,2688,685897,700.61,692.83,2943,6121,1230,487,1226
4312609,RS,202608,85,227,53872,633.79,633.79,758,1805,79,102,577
4312617,RS,202608,150,443,106354,718.61,709.03,416,1057,183,81,152
4312625,RS,202608,75,237,51997,693.29,693.29,320,749,63,54,203
4312658,RS,202608,249,665,160259,656.8,643.61,2058,4607,294,304,1460
4312674,RS,202608,59,169,41059,695.92,695.92,225,548,58,59,108
4312708,RS,202608,945,2332,628632,669.47,665.22,3914,7853,1139,616,2159
4312757,RS,202608,57,156,35550,623.68,623.68,177,434,55,31,91
4312807,RS,202608,55,173,38274,695.89,695.89,304,809,41,75,188
4312906,RS,202608,68,249,43638,641.74,641.74,481,1474,41,121,319
4312955,RS,202608,17,53,12521,736.53,736.53,154,350,22,17,115
4313003,RS,202608,47,140,30967,658.87,658.87,494,1229,41,50,403
4313011,RS,202608,14,39,8825,630.36,630.36,323,857,12,39,272
4313037,RS,202608,229,533,147533,644.25,644.25,996,2143,228,192,576
4313060,RS,202608,715,1923,484803,679.0,678.05,1994,4700,669,484,841
4313086,RS,202608,11,38,7640,694.55,694.55,49,164,4,24,21
4313102,RS,202608,206,526,133211,646.66,646.66,712,1621,189,136,387
4313201,RS,202608,185,555,123730,668.81,668.81,918,2359,181,245,492
4313300,RS,202608,499,1451,299632,605.32,600.46,2544,5999,370,615,1559
4313334,RS,202608,34,101,23194,682.18,682.18,187,475,34,44,109
4313359,RS,202608,25,70,20412,816.48,816.48,81,206,31,15,35
4313375,RS,202608,2361,5846,1558374,663.99,660.05,7144,14987,2727,1133,3284
4313391,RS,202608,233,603,148351,636.7,636.7,683,1560,224,140,319
4313409,RS,202608,8888,23308,5873128,664.38,660.79,25576,58557,8473,5586,11517
4313425,RS,202608,162,461,108041,671.06,666.92,412,968,158,73,181
4313441,RS,202608,98,290,63146,644.35,644.35,498,1175,86,92,320
4313466,RS,202608,32,99,20582,643.19,643.19,294,714,22,46,226
4313490,RS,202608,321,868,206190,644.34,642.34,1129,2456,335,198,596
4313508,RS,202608,2516,6852,1720715,691.61,683.91,6982,15648,3049,1306,2627
4313607,RS,202608,116,346,73045,640.75,629.7,701,1649,93,121,487
4313656,RS,202608,1224,3093,837444,688.69,684.19,3782,7435,1624,542,1616
4313706,RS,202608,2120,5490,1413350,670.15,666.67,6992,14756,2554,1250,3188
4313805,RS,202608,450,1270,305973,681.45,679.94,1412,3335,565,255,592
4313904,RS,202608,997,2606,663488,670.19,665.48,2958,6761,910,556,1492
4313953,RS,202608,1007,2474,682804,679.41,678.06,2441,5002,1000,352,1089
4314001,RS,202608,45,138,26971,599.36,599.36,393,1030,30,108,255
4314027,RS,202608,411,1085,278021,676.45,676.45,988,2242,395,164,429
4314035,RS,202608,89,244,57192,657.38,642.61,342,860,93,85,164
4314050,RS,202608,2972,8393,2071433,700.52,696.98,9266,21457,3167,1933,4166
4314068,RS,202608,182,548,110806,608.82,608.82,673,1687,123,179,371
4314076,RS,202608,240,646,157181,654.92,654.92,749,1770,200,193,356
4314100,RS,202608,8135,22620,5585181,692.61,686.56,26224,60383,9536,5274,11414
4314134,RS,202608,15,41,10032,668.8,668.8,328,890,14,34,280
4314159,RS,202608,284,791,192200,686.43,676.76,936,2298,246,218,472
4314175,RS,202608,172,430,110787,644.11,644.11,655,1325,234,92,329
4314209,RS,202608,733,1721,491329,676.76,670.3,2049,3968,943,311,795
4314308,RS,202608,164,456,111034,685.4,677.04,769,1717,152,113,504
4314407,RS,202608,18825,45550,12415755,664.8,659.54,59237,120514,24548,11712,22977
4314423,RS,202608,14,48,10780,770.0,770.0,197,528,24,39,134
4314456,RS,202608,37,119,25066,677.46,677.46,550,1487,61,91,398
4314464,RS,202608,139,415,95144,684.49,684.49,371,944,160,71,140
4314472,RS,202608,208,590,141893,682.18,682.18,818,1933,212,153,453
4314498,RS,202608,283,766,192200,681.56,679.15,1064,2525,370,192,502
4314506,RS,202608,964,2189,620095,645.26,643.25,2788,5332,1136,482,1170
4314548,RS,202608,29,86,17632,608.0,608.0,111,309,32,41,38
4314555,RS,202608,140,353,91042,650.3,650.3,671,1463,129,116,426
4314605,RS,202608,1334,3193,881888,663.57,661.09,4699,9055,1812,815,2072
4314704,RS,202608,529,1479,355786,673.84,672.56,1685,4169,464,394,827
4314753,RS,202608,14,53,8946,688.15,639.0,291,762,11,26,254
4314779,RS,202608,170,461,115480,679.29,679.29,778,1781,226,107,445
4314787,RS,202608,17,65,10383,610.76,610.76,306,844,11,36,259
4314803,RS,202608,1251,3334,807839,648.35,645.75,4123,10028,1077,1205,1841
4314902,RS,202608,80568,194390,53435856,665.64,663.24,234810,460682,92352,36555,105903
4315008,RS,202608,175,488,116957,676.05,668.33,731,1714,175,128,428
4315057,RS,202608,116,309,75420,650.17,650.17,372,878,105,79,188
4315073,RS,202608,49,148,31232,637.39,637.39,329,771,38,58,233
4315107,RS,202608,674,1881,461235,686.36,684.32,2431,5639,703,457,1271
4315131,RS,202608,39,110,23227,595.56,595.56,317,683,38,52,227
4315149,RS,202608,45,122,29885,664.11,664.11,164,413,46,33,85
4315156,RS,202608,219,559,138733,633.48,633.48,849,1925,193,174,482
4315172,RS,202608,33,104,22324,676.48,676.48,112,321,30,35,47
4315206,RS,202608,62,174,39197,632.21,632.21,449,1071,66,67,316
4315305,RS,202608,1695,4710,1121723,662.96,661.78,6710,14621,1853,1370,3487
4315313,RS,202608,56,176,41116,734.21,734.21,299,688,74,46,179
4315321,RS,202608,224,562,143527,643.62,640.75,704,1492,220,134,350
4315354,RS,202608,61,162,36006,590.26,590.26,334,813,60,76,198
4315404,RS,202608,1488,3904,1004968,679.03,675.38,2991,6763,1387,541,1063
4315453,RS,202608,33,85,20979,635.73,635.73,414,999,37,47,330
4315503,RS,202608,984,2547,652428,665.74,663.04,2979,6718,954,581,1444
4315552,RS,202608,240,602,162175,675.73,675.73,810,1718,262,103,445
4315602,RS,202608,9480,25993,6347659,673.99,669.58,43663,91146,11280,9661,22722
4315701,RS,202608,3160,7680,2117026,672.29,669.94,7038,14519,3267,1070,2701
4315750,RS,202608,160,415,108145,675.91,675.91,554,1291,200,132,222
4315800,RS,202608,360,978,242771,680.03,674.36,1629,3716,354,230,1045
4315909,RS,202608,265,768,161101,610.23,607.93,1257,3115,209,313,735
4315958,RS,202608,127,341,83394,656.65,656.65,504,1132,132,83,289
4316006,RS,202608,654,1751,415816,638.73,635.8,2554,6068,535,648,1371
4316105,RS,202608,492,1321,341006,694.51,693.1,2205,4708,506,436,1263
4316204,RS,202608,169,450,111559,660.11,660.11,574,1335,175,80,319
4316303,RS,202608,223,652,135985,615.32,609.8,1452,3448,164,308,980
4316402,RS,202608,4852,10779,3261593,673.19,672.22,9632,18531,5718,928,2986
4316428,RS,202608,165,438,111044,672.99,672.99,772,1723,202,141,429
4316436,RS,202608,61,165,37140,608.85,608.85,357,851,48,60,249
4316451,RS,202608,1199,2429,776446,649.75,647.58,2933,5222,1468,359,1106
4316477,RS,202608,19,73,11511,605.84,605.84,350,870,9,55,286
4316501,RS,202608,46,148,29635,644.24,644.24,218,528,39,56,123
4316600,RS,202608,139,412,83233,598.8,598.8,871,2312,87,254,530
4316709,RS,202608,480,1193,317364,662.56,661.18,1723,3535,534,278,911
4316733,RS,202608,41,140,30992,755.9,755.9,283,734,54,37,192
4316758,RS,202608,28,88,15951,569.68,569.68,574,1497,18,93,463
4316808,RS,202608,5152,13034,3314088,651.1,643.26,14996,33214,4574,3239,7183
4316907,RS,202608,13959,35541,9268108,669.76,663.95,39161,85213,14051,8547,16563
4316956,RS,202608,63,154,38544,611.81,611.81,320,742,55,72,193
4316972,RS,202608,175,443,115166,658.09,658.09,555,1204,203,113,239
4317004,RS,202608,661,1638,431934,653.46,653.46,1870,4000,685,384,801
4317103,RS,202608,6688,17878,4564071,683.14,682.43,19439,40271,8092,3354,7993
4317202,RS,202608,1793,5016,1162016,656.51,648.08,10041,22392,1434,2530,6077
4317251,RS,202608,9,21,5205,578.33,578.33,69,151,7,12,50
4317301,RS,202608,1817,4613,1204548,665.5,662.93,6492,13124,2256,1146,3090
4317400,RS,202608,1756,4615,1123977,641.17,640.08,6057,13891,1463,1630,2964
4317509,RS,202608,3086,8305,2101321,686.26,680.92,11885,26447,2819,2955,6111
4317558,RS,202608,12,36,6327,527.25,527.25,398,1015,8,48,342
4317608,RS,202608,2165,5470,1416456,657.29,654.25,6317,13534,2279,1201,2837
4317707,RS,202608,1020,2537,677213,667.2,663.93,2921,5793,1080,536,1305
4317756,RS,202608,57,156,39326,689.93,689.93,360,813,66,45,249
4317806,RS,202608,712,1918,472398,664.41,663.48,2724,5903,754,551,1419
4317905,RS,202608,241,723,142750,592.32,592.32,982,2449,154,272,556
4317954,RS,202608,56,164,38618,689.61,689.61,310,765,67,65,178
4318002,RS,202608,2240,6172,1542863,691.56,688.78,10406,22502,2975,2494,4937
4318051,RS,202608,6,28,2891,481.83,481.83,224,604,2,29,193
4318101,RS,202608,1286,3197,860064,670.35,668.79,3787,7971,1413,680,1694
4318200,RS,202608,1019,2873,696469,697.17,683.48,3054,7146,1195,614,1245
4318309,RS,202608,2789,7563,1860143,667.91,666.96,10349,22839,3100,2534,4715
4318408,RS,202608,1523,3928,1019484,673.37,669.39,4325,9092,1780,683,1862
4318424,RS,202608,49,135,28770,587.14,587.14,633,1511,38,111,484
4318432,RS,202608,121,388,78204,646.31,646.31,360,983,90,82,188
4318440,RS,202608,28,85,19293,689.04,689.04,217,548,24,31,162
4318457,RS,202608,153,433,99621,651.12,651.12,653,1547,147,111,395
4318465,RS,202608,136,363,89299,656.61,656.61,390,848,167,77,146
4318481,RS,202608,24,71,14864,619.33,619.33,161,436,23,47,91
4318499,RS,202608,18,50,11125,618.06,618.06,473,1101,18,39,416
4318507,RS,202608,1199,3558,737868,617.98,615.4,6417,15319,919,2174,3324
4318606,RS,202608,179,456,119821,669.39,669.39,849,1988,187,146,516
4318614,RS,202608,26,76,18921,727.73,727.73,139,352,30,36,73
4318622,RS,202608,318,1006,220823,698.81,694.41,746,1947,346,157,243
4318705,RS,202608,13290,35256,9096119,690.46,684.43,40088,83919,14556,7684,17848
4318804,RS,202608,1702,4486,1109642,655.43,651.96,5179,11924,1741,1217,2221
4318903,RS,202608,1789,4872,1185019,667.62,662.39,6038,14384,1508,1379,3151
4319000,RS,202608,386,1008,260461,676.52,674.77,1399,3211,440,251,708
4319109,RS,202608,132,360,88358,669.38,669.38,968,2144,147,137,684
4319125,RS,202608,308,824,204473,663.87,663.87,774,1796,305,166,303
4319158,RS,202608,647,1552,447433,691.55,691.55,1384,2909,714,209,461
4319208,RS,202608,707,1658,474737,674.34,671.48,1643,3116,886,184,573
4319307,RS,202608,156,465,89231,575.68,571.99,835,2151,113,194,528
4319356,RS,202608,15,50,13911,927.4,927.4,120,286,21,16,83
4319364,RS,202608,128,342,86985,679.57,679.57,457,1067,146,63,248
4319372,RS,202608,48,136,30841,656.19,642.52,276,645,51,60,165
4319406,RS,202608,1083,2767,735321,678.97,678.97,3161,6969,1006,603,1552
4319505,RS,202608,710,1968,457980,660.87,645.04,3556,7682,649,856,2051
4319604,RS,202608,1094,2907,711387,655.66,650.26,3388,7974,917,1031,1440
4319703,RS,202608,68,199,45406,667.74,667.74,513,1244,56,91,366
4319711,RS,202608,32,100,21663,676.97,676.97,146,353,37,23,86
4319737,RS,202608,524,1192,352809,673.3,673.3,901,1999,530,89,282
4319752,RS,202608,15,48,7932,528.8,528.8,191,471,7,24,160
4319802,RS,202608,755,1804,506796,671.25,671.25,1668,3476,780,263,625
4319901,RS,202608,3677,9875,2540255,695.96,690.85,11002,23744,4242,2045,4715
4320008,RS,202608,8188,20710,5401572,666.86,659.69,21931,46309,8261,4181,9489
4320107,RS,202608,911,2531,595037,656.77,653.17,3603,8264,919,755,1929
4320206,RS,202608,460,1276,306852,671.45,667.07,1989,4572,469,456,1064
4320230,RS,202608,108,282,71350,660.65,660.65,750,1606,105,112,533
4320263,RS,202608,594,1550,389540,655.79,655.79,1306,3081,604,291,411
4320305,RS,202608,96,271,55384,582.99,576.92,532,1307,71,133,328
4320321,RS,202608,108,278,71571,662.69,662.69,401,892,116,71,214
4320354,RS,202608,360,984,247899,688.61,688.61,1152,2554,488,209,455
4320404,RS,202608,234,676,161561,693.39,690.43,1150,2836,238,228,684
4320453,RS,202608,39,119,27169,696.64,696.64,205,502,36,57,112
4320503,RS,202608,188,494,118659,631.16,631.16,660,1557,170,169,321
4320552,RS,202608,313,822,212217,682.37,678.01,907,2032,390,138,379
4320578,RS,202608,83,192,52470,639.88,632.17,312,705,81,45,186
4320602,RS,202608,52,168,33383,641.98,641.98,559,1255,42,79,438
4320651,RS,202608,93,256,56200,604.3,604.3,299,736,85,82,132
4320677,RS,202608,440,1195,252281,573.37,573.37,1146,2844,302,352,492
4320701,RS,202608,761,2025,525851,691.91,691.0,1962,4462,845,416,701
4320800,RS,202608,1644,4341,1116655,683.39,679.23,6630,14242,1931,1416,3283
4320859,RS,202608,239,699,164072,692.29,686.49,507,1344,225,125,157
4320909,RS,202608,700,1962,450920,653.51,644.17,3142,7655,611,658,1873
4321006,RS,202608,123,358,77028,626.24,626.24,1031,2448,80,311,640
4321105,RS,202608,822,2083,541536,662.02,658.8,2931,6479,1023,728,1180
4321204,RS,202608,1963,5286,1273934,652.63,648.97,5428,13057,1624,1455,2349
4321303,RS,202608,1615,4148,1115511,691.58,690.72,3748,8126,1509,693,1546
4321329,RS,202608,76,220,48727,641.14,641.14,386,913,81,78,227
4321352,RS,202608,349,948,241283,701.4,691.36,1228,2673,400,245,583
4321402,RS,202608,1478,3534,1006278,681.76,680.84,2696,5940,1464,438,794
4321436,RS,202608,765,2035,512875,676.62,670.42,2333,5221,826,512,995
4321451,RS,202608,520,1455,327220,632.92,629.27,2637,6205,398,629,1610
4321469,RS,202608,47,128,29185,620.96,620.96,180,439,37,55,88
4321477,RS,202608,158,468,107304,679.14,679.14,737,1856,140,175,422
4321493,RS,202608,135,357,89497,662.94,662.94,662,1427,161,74,427
4321501,RS,202608,2209,5748,1496878,679.47,677.63,7011,14960,2793,1366,2852
4321600,RS,202608,3615,9838,2503923,697.47,692.65,11629,25150,4645,2290,4694
4321626,RS,202608,7,23,4102,586.0,586.0,309,651,5,17,287
4321634,RS,202608,10,34,8025,802.5,802.5,294,657,12,11,271
4321667,RS,202608,247,727,162152,661.84,656.49,901,2346,228,288,385
4321709,RS,202608,535,1584,361290,685.56,675.31,2161,5243,497,591,1073
4321808,RS,202608,883,2358,562299,638.25,636.81,3521,7962,748,651,2122
4321832,RS,202608,251,673,169857,679.43,676.72,652,1524,291,110,251
4321857,RS,202608,332,917,239064,720.07,720.07,1160,2596,323,196,641
4321907,RS,202608,1125,2974,757426,673.87,673.27,3620,7713,1106,592,1922
4321956,RS,202608,241,721,156886,650.98,650.98,1329,3302,215,307,807
4322004,RS,202608,1877,4948,1276862,683.18,680.27,5512,12386,1905,901,2706
4322103,RS,202608,167,448,105998,650.29,634.72,583,1347,169,112,302
4322152,RS,202608,300,898,204058,680.19,680.19,920,2264,303,232,385
4322186,RS,202608,44,95,27120,616.36,616.36,355,734,63,44,248
4322202,RS,202608,2022,4810,1373712,680.39,679.38,5159,10360,2266,719,2174
4322251,RS,202608,49,139,31401,640.84,640.84,207,536,42,69,96
4322301,RS,202608,172,466,115484,671.42,671.42,828,1981,144,190,494
4322327,RS,202608,147,400,97395,662.55,662.55,573,1339,148,122,303
4322343,RS,202608,56,160,38024,679.0,679.0,270,640,61,44,165
4322350,RS,202608,18,53,12937,718.72,718.72,60,139,22,10,28
4322376,RS,202608,205,518,134710,657.12,657.12,337,803,184,70,83
4322400,RS,202608,7886,21520,5372582,687.03,681.28,21168,46276,8297,4112,8759
4322509,RS,202608,3678,9882,2544942,695.91,691.94,11337,26367,4366,2099,4872
4322525,RS,202608,172,455,112223,660.14,652.46,645,1543,165,142,338
4322533,RS,202608,525,1420,345029,657.2,657.2,1374,3389,463,332,579
4322541,RS,202608,34,98,22546,663.12,663.12,604,1451,40,73,491
4322558,RS,202608,27,80,16921,626.7,626.7,205,485,21,28,156
4322608,RS,202608,2847,7527,1871460,661.76,657.34,8619,19466,2496,1756,4367
4322707,RS,202608,1355,3616,880767,651.94,650.01,3590,8314,1142,886,1562
4322806,RS,202608,176,490,102230,590.92,580.85,1041,2673,120,289,632
4322855,RS,202608,9,18,6200,688.89,688.89,190,519,15,13,162
4322905,RS,202608,111,349,77948,702.23,702.23,415,1066,138,70,207
4323002,RS,202608,17371,46014,11738723,677.99,675.77,44382,100074,17768,8871,17743
4323101,RS,202608,542,1473,365659,674.65,674.65,1284,2937,581,213,490
4323200,RS,202608,39,128,26747,685.82,685.82,303,737,40,54,209
4323309,RS,202608,22,62,15252,693.27,693.27,282,686,26,43,213
4323358,RS,202608,16,46,11914,744.63,744.62,206,548,17,38,151
4323408,RS,202608,74,216,52136,704.54,704.54,456,1120,96,82,278
4323457,RS,202608,700,1358,463802,662.57,662.57,1152,2042,712,138,302
4323507,RS,202608,80,243,55584,694.8,694.8,421,952,82,66,273
4323606,RS,202608,16,52,12983,811.44,811.44,280,841,19,19,242
4323705,RS,202608,82,235,54082,659.54,659.54,532,1255,70,109,353
4323754,RS,202608,178,463,117287,658.92,658.92,614,1394,170,135,309
4323770,RS,202608,11,34,7217,656.09,656.09,225,618,9,27,189
4323804,RS,202608,717,2115,487426,683.63,679.81,2535,6553,656,650,1229
5000203,MS,202608,1507,4189,1025859,684.36,680.73,5103,10877,1526,920,2657
5000252,MS,202608,439,1208,306479,698.13,698.13,1516,3286,531,219,766
5000609,MS,202608,5565,12743,3783602,680.14,679.89,12701,27340,6271,2105,4325
5000708,MS,202608,2154,5879,1477453,686.87,685.91,7091,15509,2056,1716,3319
5000807,MS,202608,562,1522,390353,695.82,694.58,2121,4701,608,404,1109
5000856,MS,202608,822,2292,584817,711.46,711.46,2796,6296,856,511,1429
5000906,MS,202608,797,2279,560986,703.87,703.87,2780,6220,754,838,1188
5001003,MS,202608,1872,5186,1280598,685.18,684.08,5926,13420,1804,1462,2660
5001102,MS,202608,5296,14710,3747700,708.05,707.65,15826,34438,5502,3179,7145
5001243,MS,202608,1471,3827,1043556,709.42,709.42,3394,7410,1657,591,1146
5001508,MS,202608,761,2036,540161,710.74,709.8,2166,4451,924,328,914
5001904,MS,202608,1634,4328,1083667,663.2,663.2,6160,14540,1433,1529,3198
5002001,MS,202608,979,2562,673981,689.85,688.44,3111,6828,974,484,1653
5002100,MS,202608,2472,6631,1722273,696.71,696.71,6773,14391,2986,1108,2679
5002159,MS,202608,700,2060,493233,704.62,704.62,2118,5057,668,402,1048
5002209,MS,202608,1748,5160,1229052,704.33,703.12,5264,12820,1878,1156,2230
5002308,MS,202608,1029,2784,692008,674.47,672.51,3264,7318,1016,652,1596
5002407,MS,202608,1629,4924,1086711,672.05,667.1,5069,13582,1334,1641,2094
5002605,MS,202608,1220,3195,851850,698.81,698.24,4088,8246,1390,648,2050
5002704,MS,202608,50326,138629,34997461,695.73,695.42,180386,399700,52849,40505,87032
5002803,MS,202608,550,1682,338829,616.05,616.05,1655,4154,384,478,793
5002902,MS,202608,1063,3043,713266,670.99,670.99,4475,10178,919,1070,2486
5002951,MS,202608,1533,4017,979072,640.33,638.66,5725,12972,1282,1544,2899
5003108,MS,202608,310,853,203955,660.05,657.92,1452,2751,303,344,805
5003157,MS,202608,3467,8446,2445970,707.13,705.5,7170,14342,4500,782,1888
5003207,MS,202608,9548,29519,7055668,743.17,738.97,27373,66454,10460,5287,11626
5003256,MS,202608,2628,6995,1835487,698.97,698.43,8501,17644,3239,1351,3911
5003306,MS,202608,2714,7181,1858093,685.14,684.63,8643,18006,2737,1782,4124
5003454,MS,202608,758,2076,532572,704.46,702.6,2937,6840,798,570,1569
5003488,MS,202608,1427,3820,988445,693.16,692.67,3508,7718,1349,669,1490
5003504,MS,202608,427,1208,296820,695.13,695.13,1614,3890,412,319,883
5003702,MS,202608,13311,37829,9245926,695.55,694.61,36140,91145,11792,9807,14541
5003751,MS,202608,763,2085,509406,672.93,667.64,3210,7543,779,757,1674
5003801,MS,202608,968,2722,643326,665.97,664.59,4881,11314,820,1283,2778
5003900,MS,202608,270,716,176748,654.62,654.62,943,1833,259,172,512
5004007,MS,202608,591,1575,392949,664.89,664.89,2288,5242,551,529,1208
5004106,MS,202608,884,2513,602965,682.86,682.09,2920,6462,792,704,1424
5004304,MS,202608,755,2398,485736,645.07,643.36,3423,8579,522,992,1909
5004403,MS,202608,369,1084,260678,706.44,706.44,1606,3899,326,296,984
5004502,MS,202608,666,1970,482904,725.08,725.08,2969,6955,755,735,1479
5004601,MS,202608,733,2250,440016,600.29,600.29,5044,12087,458,1587,2999
5004700,MS,202608,1028,2857,649405,632.95,631.72,4519,10827,782,1241,2496
5004809,MS,202608,1570,4564,1123770,715.78,715.78,2904,7309,1609,501,794
5004908,MS,202608,350,1081,252335,720.96,720.96,1611,3680,423,324,864
5005004,MS,202608,1328,4353,977432,736.57,736.02,5393,12822,1228,1644,2521
5005103,MS,202608,305,867,209696,687.53,687.53,886,2155,306,160,420
5005152,MS,202608,753,2169,527309,709.7,700.28,2049,4863,741,401,907
5005202,MS,202608,1925,6002,1444442,751.14,750.36,4584,11642,2241,765,1578
5005251,MS,202608,621,1782,441634,711.17,711.17,1590,3963,622,325,643
5005400,MS,202608,1821,5638,1311483,720.2,720.2,7744,19002,1677,1994,4073
5005608,MS,202608,4040,11158,2932366,726.01,725.83,7806,18428,3893,1135,2778
5005681,MS,202608,1798,5115,1276583,710.0,710.0,7763,15442,2756,1459,3548
5005707,MS,202608,3706,9473,2430628,658.17,655.86,12303,26905,3322,2827,6154
5005806,MS,202608,1404,4038,969224,690.33,690.33,4503,10250,1528,942,2033
5006002,MS,202608,1420,4038,955574,673.41,672.94,5209,11938,1276,1255,2678
5006200,MS,202608,3528,9401,2417007,687.04,685.09,12787,28136,3686,2318,6783
5006259,MS,202608,240,661,165589,695.75,689.95,808,1945,224,179,405
5006275,MS,202608,178,547,107819,605.72,605.72,963,2438,115,309,539
5006309,MS,202608,2137,5900,1437125,672.5,672.5,9938,21575,1964,2210,5764
5006358,MS,202608,1948,6820,1530318,799.96,785.58,4100,11265,2112,782,1206
5006408,MS,202608,796,2036,558893,702.13,702.13,2201,4461,981,278,942
5006606,MS,202608,9149,27363,6488753,710.32,709.23,29168,68308,8557,7621,12990
5006903,MS,202608,1377,3979,950511,690.28,690.28,3953,9034,1150,918,1885
5007109,MS,202608,1128,3302,758624,674.93,672.54,4964,12281,898,1414,2652
5007208,MS,202608,1713,5105,1181376,691.27,689.65,6962,16498,1475,1747,3740
5007307,MS,202608,314,891,213418,679.68,679.68,1348,3085,258,353,737
5007406,MS,202608,1773,5109,1253788,708.35,707.16,5315,12108,1671,1172,2472
5007505,MS,202608,466,1266,329954,708.06,708.06,1633,3518,457,340,836
5007554,MS,202608,346,1013,234679,678.26,678.26,1733,4224,309,373,1051
5007695,MS,202608,1174,3365,749690,639.12,638.58,6374,14996,857,1558,3959
5007703,MS,202608,583,1826,425058,729.09,729.09,1968,4780,639,539,790
5007802,MS,202608,367,1011,241817,658.9,658.9,1878,4357,319,450,1109
5007901,MS,202608,3560,10049,2434985,686.1,683.98,12486,29809,3372,2670,6444
5007935,MS,202608,918,2488,645266,702.9,702.9,3043,7179,1061,695,1287
5007950,MS,202608,1495,4135,1006713,683.44,673.39,3270,7759,1308,731,1231
5007976,MS,202608,315,875,220610,700.35,700.35,1227,2624,316,204,707
5008008,MS,202608,1206,3411,823332,682.7,682.7,4866,10502,1098,1102,2666
5008305,MS,202608,7323,19825,4935050,676.59,673.91,26273,62461,6501,6576,13196
5008404,MS,202608,454,1198,304033,669.68,669.68,1626,3698,466,378,782
5100102,MT,202608,675,1831,459718,681.06,681.06,1943,4222,777,327,839
5100201,MT,202608,713,2122,472033,662.04,662.04,4865,12698,560,1154,3151
5100250,MT,202608,3621,10068,2467371,682.73,681.41,11359,25982,3236,2307,5816
5100300,MT,202608,865,2312,574989,667.82,664.73,3557,7418,800,775,1982
5100359,MT,202608,472,1747,371077,787.85,786.18,1294,3517,430,323,541
5100409,MT,202608,995,2648,690497,693.97,693.97,2940,6197,1047,571,1322
5100508,MT,202608,891,2353,615274,690.54,690.54,2667,5453,1137,399,1131
5100607,MT,202608,506,1439,351539,694.74,694.74,1828,4506,462,449,917
5100805,MT,202608,547,1778,373069,682.03,682.03,1901,4964,397,675,829
5101001,MT,202608,253,685,179203,708.31,708.31,881,2001,296,169,416
5101209,MT,202608,96,233,65359,680.82,680.82,359,621,122,46,191
5101258,MT,202608,661,1881,426844,646.73,645.75,2524,6647,516,767,1241
5101308,MT,202608,598,1649,413310,693.47,691.15,2317,5096,789,432,1096
5101407,MT,202608,1492,5249,1043895,704.86,699.66,3766,10422,1188,1123,1455
5101605,MT,202608,1292,3404,884655,684.72,684.72,2847,6035,1606,272,969
5101704,MT,202608,2123,5769,1463007,700.0,689.12,6646,15154,2616,1202,2828
5101803,MT,202608,5737,15904,4107472,716.59,715.96,17885,37733,6404,3299,8182
5101837,MT,202608,120,400,81936,682.8,682.8,484,1377,143,154,187
5101852,MT,202608,703,2257,513218,730.04,730.04,1834,4837,657,450,727
5101902,MT,202608,779,2718,564244,728.06,724.32,3037,8106,605,847,1585
5102504,MT,202608,6767,21103,4739163,702.2,700.33,20338,52555,7037,4871,8430
5102603,MT,202608,1755,7814,1609168,917.43,916.9,3000,10948,1701,637,662
5102637,MT,202608,995,3041,645238,650.44,648.48,5618,14674,771,1690,3157
5102678,MT,202608,1540,4514,1010948,657.74,656.46,7435,19173,1199,2024,4212
5102686,MT,202608,256,878,168938,659.91,659.91,1686,4542,159,564,963
5102694,MT,202608,390,1214,277026,712.15,710.32,1181,2980,382,251,548
5102702,MT,202608,973,3306,691280,714.87,710.46,3676,10037,730,1092,1854
5102793,MT,202608,370,1105,239002,645.95,645.95,2214,5501,266,593,1355
5102850,MT,202608,487,1370,337355,694.15,692.72,1546,3623,427,382,737
5103007,MT,202608,1991,5569,1382777,694.86,694.51,5254,11642,2327,913,2014
5103056,MT,202608,804,2271,567643,706.9,706.02,2317,5552,784,526,1007
5103106,MT,202608,532,1454,362339,687.55,681.09,1526,3474,566,335,625
5103205,MT,202608,1192,3457,774854,651.14,650.05,5423,13013,914,1320,3189
5103254,MT,202608,1403,4645,926781,665.79,660.57,6020,15635,1064,2344,2612
5103304,MT,202608,1714,4862,1237725,726.36,722.13,4521,10656,2116,729,1676
5103353,MT,202608,2708,8527,1927893,712.71,711.93,6918,18297,2603,1671,2644
5103361,MT,202608,239,852,177519,745.88,742.76,877,2374,300,170,407
5103379,MT,202608,662,2085,456013,690.93,688.84,1971,5136,571,534,866
5103403,MT,202608,38303,106499,26474352,692.81,691.18,120653,276905,36479,27841,56333
5103437,MT,202608,420,1206,287360,685.82,684.19,1412,3246,503,256,653
5103452,MT,202608,544,1487,381818,701.87,701.87,1732,4142,631,304,797
5103502,MT,202608,911,2944,665866,731.72,730.92,4391,10815,980,1084,2327
5103601,MT,202608,661,1866,460399,699.69,696.52,1852,4198,665,388,799
5103700,MT,202608,1192,3662,873874,733.12,733.12,2357,6125,1071,477,809
5103809,MT,202608,206,568,144647,702.17,702.17,831,1768,338,100,393
5103858,MT,202608,1121,3286,850802,761.0,758.97,2166,5490,1237,283,646
5103908,MT,202608,816,2582,619341,759.0,759.0,2034,4749,896,322,816
5103957,MT,202608,284,772,195756,689.28,689.28,838,1781,354,109,375
5104104,MT,202608,3149,8812,2199266,701.3,698.4,7110,16731,2902,1303,2905
5104203,MT,202608,1050,2512,709305,675.53,675.53,3140,5899,1232,430,1478
5104500,MT,202608,138,409,93011,673.99,673.99,563,1346,144,99,320
5104526,MT,202608,691,1960,488740,708.32,707.29,1668,4176,670,329,669
5104542,MT,202608,507,1557,362991,717.37,715.96,1577,3720,475,348,754
5104559,MT,202608,370,1090,246706,668.58,666.77,1171,3001,293,295,583
5104609,MT,202608,776,2111,525914,680.35,677.72,2277,5432,717,507,1053
5104807,MT,202608,1771,4824,1217433,687.43,687.43,5990,13752,1859,1119,3012
5104906,MT,202608,863,2492,590596,685.94,684.35,2093,4894,889,378,826
5105002,MT,202608,342,1085,242559,717.63,709.24,1724,4025,417,414,893
5105101,MT,202608,1709,5575,1238696,726.51,724.81,5430,14031,1472,1345,2613
5105150,MT,202608,2135,6410,1435948,675.42,672.58,6432,16527,1716,1924,2792
5105176,MT,202608,854,2513,610744,715.16,715.16,2358,5607,739,572,1047
5105200,MT,202608,585,1696,412013,707.93,704.3,2970,6132,588,507,1875
5105234,MT,202608,387,1091,263364,680.53,680.53,1204,2763,406,232,566
5105259,MT,202608,3474,10117,2334530,674.52,672.0,12694,33347,2785,3065,6844
5105309,MT,202608,367,1019,260629,710.16,710.16,873,1975,414,138,321
5105507,MT,202608,1407,4130,1001245,716.71,711.62,3675,9248,1443,715,1517
5105580,MT,202608,970,3146,695648,717.16,717.16,2502,6447,807,641,1054
5105606,MT,202608,560,1936,377718,675.7,674.5,2992,8031,389,1007,1596
5105622,MT,202608,2005,5455,1362734,680.35,679.67,7508,16858,2592,1363,3553
5105903,MT,202608,1586,4612,1137318,721.19,717.1,4480,10311,1744,778,1958
5106000,MT,202608,368,958,254025,690.29,690.29,1442,3083,474,267,701
5106109,MT,202608,1116,3232,771254,693.57,691.09,3735,8571,1241,691,1803
5106158,MT,202608,956,3001,605970,635.19,633.86,3072,8163,666,1009,1397
5106174,MT,202608,764,2580,616871,807.42,807.42,1414,3989,762,222,430
5106182,MT,202608,580,1709,411359,710.46,709.24,1824,4399,680,337,807
5106190,MT,202608,143,448,102330,715.59,715.59,715,1787,132,185,398
5106208,MT,202608,275,843,205588,747.59,747.59,1680,3545,362,326,992
5106216,MT,202608,367,1137,226566,617.35,617.35,1909,4932,233,605,1071
5106224,MT,202608,1316,4229,864635,661.04,657.02,7165,19646,906,2167,4092
5106232,MT,202608,923,2495,654537,710.68,709.14,3928,8323,1401,674,1853
5106240,MT,202608,249,839,162038,656.02,650.76,1506,4106,175,502,829
5106257,MT,202608,1264,3544,853642,676.96,675.35,5265,11896,1338,1188,2739
5106265,MT,202608,494,1589,320379,651.18,648.54,1749,4399,370,520,859
5106273,MT,202608,215,681,159103,743.47,740.01,859,2102,192,186,481
5106281,MT,202608,521,1519,369897,711.34,709.98,1528,3466,484,373,671
5106299,MT,202608,492,1566,326391,663.4,663.4,2274,5725,352,623,1299
5106307,MT,202608,1354,4401,1004697,744.22,742.02,4651,11151,1380,1092,2179
5106315,MT,202608,271,717,183227,678.62,676.11,713,1622,312,118,283
5106372,MT,202608,1335,3824,874758,663.2,655.25,4603,10679,1136,1225,2242
5106422,MT,202608,3491,10253,2529339,725.57,724.53,8114,19800,3197,1714,3203
5106455,MT,202608,294,914,197686,674.7,672.4,1102,2572,260,285,557
5106505,MT,202608,3751,11136,2648270,707.9,706.02,9694,21533,3868,1701,4125
5106653,MT,202608,468,1220,320301,687.34,684.4,1805,3904,484,391,930
5106703,MT,202608,176,458,122320,695.0,695.0,627,1175,256,90,281
5106752,MT,202608,1951,6053,1383523,711.32,709.14,8630,21573,2393,2176,4061
5106778,MT,202608,1159,3337,794845,691.17,685.8,2855,6893,1037,645,1173
5106802,MT,202608,182,531,121770,672.76,669.07,933,2213,157,215,561
5106828,MT,202608,858,2664,597859,698.43,696.81,2579,6373,902,657,1020
5106851,MT,202608,263,770,191751,729.09,729.09,804,1905,323,127,354
5107008,MT,202608,1617,4984,1143917,709.19,707.43,4785,11732,1552,983,2250
5107040,MT,202608,3530,9879,2350494,669.08,665.86,14089,32697,3049,3682,7358
5107065,MT,202608,1919,5634,1413307,739.18,736.48,4910,12252,2218,933,1759
5107107,MT,202608,796,2212,536423,673.9,673.9,3632,8248,859,845,1928
5107156,MT,202608,174,521,116007,666.71,666.71,712,1695,186,164,362
5107180,MT,202608,929,2967,708669,767.79,762.83,2755,6308,998,487,1270
5107198,MT,202608,151,424,108430,718.08,718.08,671,1433,211,134,326
5107206,MT,202608,275,787,182474,663.54,663.54,1081,2465,347,221,513
5107248,MT,202608,374,1203,263235,703.84,703.84,1186,3194,323,302,561
5107263,MT,202608,259,682,180031,695.1,695.1,800,1652,328,118,354
5107297,MT,202608,102,293,67363,660.42,660.42,846,1806,95,184,567
5107305,MT,202608,1065,2930,667302,633.11,626.57,3108,7714,826,846,1436
5107354,MT,202608,780,2536,584565,749.44,749.44,1631,4484,725,310,596
5107404,MT,202608,359,920,252268,702.7,702.7,1190,2695,433,167,590
5107578,MT,202608,219,794,172597,788.11,788.11,684,2045,201,211,272
5107602,MT,202608,11240,31856,7592123,676.6,675.46,50849,114232,9435,12971,28443
5107701,MT,202608,1922,4973,1331875,693.32,692.96,5250,10605,2460,658,2132
5107743,MT,202608,258,748,176528,686.88,684.22,671,1640,245,133,293
5107750,MT,202608,153,480,105097,686.91,686.91,1056,2343,146,277,633
5107768,MT,202608,207,644,128295,622.79,619.78,833,2233,131,208,494
5107776,MT,202608,715,2317,507489,710.77,709.77,1728,4488,629,392,707
5107792,MT,202608,403,1362,331001,821.34,821.34,997,2775,387,166,444
5107800,MT,202608,1592,4951,1136096,714.53,713.63,5079,12222,1752,1011,2316
5107859,MT,202608,741,2311,545441,736.09,736.09,2809,6613,885,560,1364
5107875,MT,202608,1186,3783,801795,677.76,676.05,4676,12558,929,1481,2266
5107883,MT,202608,168,530,116924,695.98,695.98,644,1432,206,125,313
5107909,MT,202608,4347,14007,2799035,647.48,643.9,29114,71594,2625,11059,15430
5107925,MT,202608,4331,13527,2838104,655.91,655.3,17024,43984,3024,5368,8632
5107941,MT,202608,478,1445,344661,721.05,721.05,1541,4009,434,420,687
5107958,MT,202608,3991,11522,2763155,693.22,692.35,17299,40870,4937,4185,8177
5108006,MT,202608,583,1785,402380,690.19,690.19,1935,5142,484,562,889
5108055,MT,202608,547,1673,370156,680.43,676.7,2035,5179,453,504,1078
5108105,MT,202608,280,782,196292,719.02,701.04,930,1832,402,115,413
5108204,MT,202608,288,712,190094,660.05,660.05,968,1830,329,162,477
5108303,MT,202608,501,1445,354181,706.95,706.95,1253,2878,473,286,494
5108352,MT,202608,184,546,125481,681.96,681.96,845,1964,212,198,435
5108402,MT,202608,21745,63135,15352976,707.71,706.05,78959,167714,29008,14552,35399
5108501,MT,202608,587,1963,435107,742.5,741.24,2639,6770,597,648,1394
5108600,MT,202608,1189,3729,797981,675.68,671.14,3572,8827,923,1032,1617
5108808,MT,202608,275,863,182048,666.84,661.99,913,2362,196,287,430
5108857,MT,202608,162,518,115523,713.1,713.1,773,1864,203,189,381
5108907,MT,202608,367,1192,256225,709.76,698.16,1109,2985,337,291,481
5108956,MT,202608,696,1967,487268,700.1,700.1,1918,4696,615,353,950
5200050,GO,202608,2669,8222,1901856,715.79,712.57,6024,15552,2447,1597,1980
5200100,GO,202608,1267,3705,872934,688.98,688.98,3884,9967,1143,975,1766
5200134,GO,202608,1084,3246,720749,665.51,664.9,5102,11813,823,1521,2758
5200159,GO,202608,169,481,108210,644.11,640.3,648,1470,143,192,313
5200175,GO,202608,453,1267,309666,683.59,683.59,1690,3854,549,340,801
5200209,GO,202608,225,534,148585,660.38,660.38,712,1340,308,121,283
5200258,GO,202608,23575,68576,16700824,708.44,708.41,54939,136503,24095,13046,17798
5200308,GO,202608,3610,9539,2536745,703.28,702.7,8419,18644,4212,1223,2984
5200506,GO,202608,123,363,83084,675.48,675.48,545,1285,118,124,303
5200555,GO,202608,542,1478,377130,695.81,695.81,2129,4938,629,381,1119
5200605,GO,202608,951,2394,662031,696.14,696.14,2820,6047,1249,527,1044
5200803,GO,202608,852,2433,570626,669.75,669.75,2533,5756,740,729,1064
5200829,GO,202608,344,960,235995,686.03,686.03,1128,2570,317,239,572
5200852,GO,202608,450,1211,308779,686.18,686.18,1357,3142,469,311,577
5200902,GO,202608,308,776,208778,677.85,677.85,1029,2060,380,140,509
5201108,GO,202608,9750,30626,6376319,655.46,653.98,65229,155993,6902,20838,37489
5201207,GO,202608,63,163,43051,683.35,683.35,286,634,70,59,157
5201306,GO,202608,1523,3880,1002069,657.96,657.96,5307,11292,1458,1210,2639
5201405,GO,202608,22288,64754,15263605,684.87,684.84,85002,197107,18842,26926,39234
5201454,GO,202608,167,481,101000,604.79,604.79,770,1788,116,266,388
5201504,GO,202608,304,882,220174,724.26,724.26,1167,2588,389,182,596
5201603,GO,202608,331,877,220976,667.6,667.6,1189,2666,359,263,567
5201702,GO,202608,1767,4875,1198779,679.58,678.43,5152,11439,1661,1049,2442
5201801,GO,202608,1836,4893,1262876,689.72,687.84,4051,8878,1927,717,1407
5202155,GO,202608,827,2200,552341,667.89,667.89,2160,4785,842,379,939
5202353,GO,202608,308,793,201602,656.68,654.55,1033,2165,325,204,504
5202502,GO,202608,577,1798,360793,625.29,625.29,2526,5742,376,995,1155
5202601,GO,202608,200,529,138456,692.28,692.28,881,1941,197,196,488
5202809,GO,202608,331,845,216090,652.84,652.84,1055,2176,356,223,476
5203104,GO,202608,375,989,252982,674.62,674.62,1411,2840,576,227,608
5203203,GO,202608,885,2416,620644,701.29,701.29,3045,6958,884,555,1606
5203302,GO,202608,3116,8104,2158679,693.89,692.77,6765,15641,3003,1253,2509
5203401,GO,202608,807,2117,546378,678.73,677.05,2730,5585,894,512,1324
5203500,GO,202608,1309,3706,941657,720.47,719.37,4374,10549,1424,952,1998
5203559,GO,202608,809,2287,559294,691.34,691.34,2555,6278,714,717,1124
5203575,GO,202608,486,1265,333279,685.76,685.76,1286,2666,482,250,554
5203609,GO,202608,336,869,220303,655.66,655.66,1007,2272,324,218,465
5203807,GO,202608,389,1090,252589,649.33,649.33,1787,4325,318,427,1042
5203906,GO,202608,388,1150,250799,656.54,646.39,1830,4080,360,485,985
5203939,GO,202608,259,682,171852,666.09,663.52,989,2004,323,206,460
5203962,GO,202608,469,1250,328891,701.26,701.26,1124,2532,547,195,382
5204003,GO,202608,893,2382,619159,693.35,693.35,2146,4698,1024,381,741
5204102,GO,202608,761,2076,525720,690.83,690.83,2464,5695,783,477,1204
5204201,GO,202608,162,409,113171,698.59,698.59,492,1017,211,76,205
5204250,GO,202608,406,1051,274559,676.25,676.25,1961,4370,487,397,1077
5204300,GO,202608,599,1631,409452,689.31,683.56,3609,7274,956,663,1990
5204409,GO,202608,680,1995,463342,681.39,681.39,4170,9396,568,1104,2498
5204508,GO,202608,5050,14590,3489112,691.19,690.91,20610,47789,4909,5311,10390
5204557,GO,202608,329,974,224285,683.8,681.72,1169,2731,301,317,551
5204607,GO,202608,439,1246,304564,693.77,693.77,1121,2701,510,232,379
5204656,GO,202608,502,1315,339654,676.6,676.6,1185,2464,533,179,473
5204706,GO,202608,1339,3681,908155,680.78,678.23,3469,7580,1281,743,1445
5204805,GO,202608,480,1432,340954,714.79,710.32,1627,3813,552,338,737
5204854,GO,202608,1207,3631,850335,705.09,704.5,2318,5959,1207,402,709
5204904,GO,202608,2531,6868,1764354,697.1,697.1,5473,13133,2429,960,2084
5204953,GO,202608,762,1849,510524,670.86,669.98,1928,3768,884,281,763
5205000,GO,202608,857,2244,574923,670.86,670.86,2508,5732,844,424,1240
5205059,GO,202608,414,960,265390,641.04,641.04,1141,2204,498,197,446
5205109,GO,202608,4735,13326,3353401,708.81,708.22,16487,36971,5917,3543,7027
5205208,GO,202608,704,1859,476873,677.38,677.38,1654,3784,675,328,651
5205307,GO,202608,1341,3918,961359,716.9,716.9,3704,8388,1209,956,1539
5205406,GO,202608,906,2472,585429,646.17,646.17,4091,9687,836,973,2282
5205455,GO,202608,593,1735,394050,667.88,664.5,1926,4536,534,522,870
5205471,GO,202608,696,1965,487865,700.96,700.96,2298,5294,914,461,923
5205497,GO,202608,10244,28067,7111635,695.31,694.22,23613,54792,10452,4908,8253
5205513,GO,202608,3006,8074,2097869,697.89,697.89,6802,15188,3335,1108,2359
5205521,GO,202608,538,1593,384625,714.92,714.92,1542,3376,574,293,675
5205703,GO,202608,189,504,131552,696.04,696.04,767,1658,234,135,398
5205802,GO,202608,1051,2776,711672,677.78,677.14,3123,6180,1193,520,1410
5205901,GO,202608,555,1586,393576,709.15,709.15,1789,4035,636,373,780
5206206,GO,202608,5673,16453,4040983,717.25,712.32,14689,34646,6343,2872,5474
5206305,GO,202608,361,988,251915,697.83,697.83,1196,2605,409,284,503
5206404,GO,202608,943,2518,634748,673.12,673.12,3098,7169,830,802,1466
5206503,GO,202608,438,1139,290261,662.7,662.7,1230,2648,500,207,523
5206602,GO,202608,144,425,101840,707.22,707.22,792,1691,252,118,422
5206701,GO,202608,568,1546,392858,691.65,691.65,1435,3213,639,267,529
5206800,GO,202608,374,1028,256447,685.69,685.69,1131,2435,513,189,429
5206909,GO,202608,190,534,131517,695.86,692.19,720,1505,227,121,372
5207105,GO,202608,134,368,86352,649.26,644.42,555,1289,122,111,322
5207253,GO,202608,493,1324,338486,687.98,686.58,1924,4089,620,383,921
5207352,GO,202608,323,870,223842,693.01,693.01,1260,2697,413,277,570
5207402,GO,202608,877,2355,601684,686.07,686.07,3229,6927,919,762,1548
5207501,GO,202608,340,893,237914,699.75,699.75,1079,2160,366,223,490
5207535,GO,202608,644,1718,435114,675.64,675.64,1973,4217,697,454,822
5207600,GO,202608,752,1879,498115,662.39,662.39,1695,3633,801,295,599
5207808,GO,202608,696,1936,467096,671.11,671.11,2259,5060,688,491,1080
5207907,GO,202608,1411,3744,963983,683.19,683.19,4292,9020,1536,824,1932
5208004,GO,202608,9968,26785,6886678,691.5,690.88,27194,59607,9934,5999,11261
5208103,GO,202608,455,1284,304471,669.17,669.17,1326,2875,402,320,604
5208152,GO,202608,224,730,151020,677.22,674.2,880,2379,192,246,442
5208301,GO,202608,885,2269,600989,679.08,679.08,1983,4249,940,324,719
5208400,GO,202608,1519,4450,1061037,699.89,698.51,4062,10039,1371,1123,1568
5208509,GO,202608,308,868,217574,706.41,706.41,1274,2766,329,238,707
5208608,GO,202608,4014,11407,2563682,641.56,638.69,15505,36896,3121,4290,8094
5208707,GO,202608,69247,182135,46420142,671.25,670.36,220389,484288,65096,50270,105023
5208806,GO,202608,5582,16236,3898246,698.49,698.36,14788,38149,5087,3864,5837
5208905,GO,202608,2002,4863,1324028,661.35,661.35,5858,12071,2035,1119,2704
5209101,GO,202608,1448,4013,965088,675.36,666.5,6993,15358,1416,2087,3490
5209150,GO,202608,353,929,245551,695.61,695.61,1218,2662,462,205,551
5209200,GO,202608,2538,6744,1789157,704.95,704.95,5841,12662,2510,1059,2272
5209291,GO,202608,250,673,170193,680.77,680.77,868,1858,241,246,381
5209408,GO,202608,536,1466,366268,683.34,683.34,1309,3168,489,263,557
5209457,GO,202608,173,430,111752,645.97,645.97,671,1321,177,130,364
5209606,GO,202608,631,1518,418056,662.53,662.53,1487,3070,634,281,572
5209705,GO,202608,2283,6432,1591429,697.08,697.08,7088,16191,2145,1782,3161
5209804,GO,202608,293,772,196513,670.69,670.69,895,1953,300,204,391
5209903,GO,202608,1884,5008,1353947,719.04,718.66,4170,8704,2107,586,1477
5209937,GO,202608,383,1060,257596,679.67,672.57,1594,3855,349,328,917
5209952,GO,202608,863,2562,595108,689.58,689.58,3320,8008,860,908,1552
5210000,GO,202608,3218,8583,2134794,664.01,663.39,11746,27562,2779,2942,6025
5210109,GO,202608,1829,4812,1208092,660.52,660.52,6117,13821,1927,1351,2839
5210158,GO,202608,303,830,197366,655.7,651.37,880,2054,282,174,424
5210208,GO,202608,1572,4296,1082992,688.93,688.93,7758,17135,1761,1691,4306
5210307,GO,202608,280,644,176851,631.61,631.61,856,1672,281,147,428
5210406,GO,202608,3554,9558,2388838,672.72,672.15,11401,26725,3132,3131,5138
5210562,GO,202608,380,1136,257748,678.28,678.28,1405,3531,350,437,618
5210604,GO,202608,374,1057,252631,675.48,675.48,1300,3008,434,312,554
5210802,GO,202608,253,705,165345,653.54,653.54,1317,2894,230,287,800
5210901,GO,202608,891,2630,629390,706.39,706.39,4257,10073,948,1107,2202
5211008,GO,202608,846,2208,573751,678.19,678.19,2365,4986,948,451,966
5211206,GO,202608,1835,5338,1171987,639.38,638.69,6582,15604,1498,1998,3086
5211305,GO,202608,332,940,225071,677.92,677.92,1606,3505,367,332,907
5211404,GO,202608,557,1448,391873,703.54,703.54,2361,5129,779,441,1141
5211503,GO,202608,5318,14661,3729478,701.43,701.29,20113,43210,6533,3683,9897
5211602,GO,202608,292,706,198603,680.15,680.15,933,1828,412,123,398
5211701,GO,202608,335,923,214001,642.65,638.81,1511,3244,337,448,726
5211800,GO,202608,4223,11673,2880819,682.17,682.17,11627,27266,4019,3084,4524
5211909,GO,202608,4631,12929,3157809,681.88,681.88,17020,38700,4515,4100,8405
5212006,GO,202608,277,735,183880,663.83,663.83,926,2100,271,220,435
5212055,GO,202608,315,824,209862,666.23,666.23,781,1735,348,160,273
5212105,GO,202608,226,643,148530,657.21,657.21,1200,2886,197,337,666
5212204,GO,202608,1655,4376,1126556,680.7,680.7,5271,11772,1641,1170,2460
5212253,GO,202608,227,577,153687,677.04,677.04,639,1265,296,100,243
5212303,GO,202608,921,2484,637044,691.69,691.69,2281,5034,1006,429,846
5212501,GO,202608,21068,59505,14824439,704.58,703.65,55761,126657,20671,13496,21594
5212600,GO,202608,271,678,178742,659.56,659.56,830,1675,308,165,357
5212709,GO,202608,1330,3563,930160,700.42,699.37,2697,5993,1457,372,868
5212808,GO,202608,965,2766,645804,671.31,669.23,2643,6488,833,691,1119
5212907,GO,202608,198,541,137301,693.44,693.44,737,1669,207,160,370
5212956,GO,202608,577,1448,393973,683.98,682.8,1730,3532,748,299,683
5213004,GO,202608,803,2151,546583,681.52,680.68,2349,5455,855,475,1019
5213053,GO,202608,291,752,197534,678.81,678.81,865,1883,314,161,390
5213087,GO,202608,1759,4985,1165547,662.62,662.62,5756,14013,1452,1334,2970
5213103,GO,202608,3764,10422,2495332,663.12,662.95,16134,38307,3128,4169,8837
5213400,GO,202608,132,342,88652,671.61,671.61,465,1055,138,79,248
5213509,GO,202608,1459,3507,1024205,701.99,701.99,2814,5979,1689,276,849
5213707,GO,202608,448,1372,304703,680.14,680.14,1756,4230,382,507,867
5213756,GO,202608,665,1802,443695,668.22,667.21,2600,6173,605,633,1362
5213772,GO,202608,627,1710,439263,700.58,700.58,1319,3110,632,186,501
5213806,GO,202608,1262,3879,820595,652.3,650.23,10162,24785,997,3056,6109
5213855,GO,202608,303,870,203445,671.44,671.44,910,2091,264,225,421
5213905,GO,202608,273,809,181375,664.38,664.38,1173,2718,246,346,581
5214002,GO,202608,1596,4280,1077629,675.21,675.21,4215,9480,1537,838,1840
5214051,GO,202608,462,1364,304980,660.13,660.13,1666,4182,384,384,898
5214101,GO,202608,442,1257,303027,685.58,685.58,1084,2546,414,251,419
5214408,GO,202608,602,1716,409497,680.23,680.23,1881,4470,573,453,855
5214507,GO,202608,2389,6775,1666898,697.74,697.74,7178,17724,2163,2035,2980
5214606,GO,202608,1942,5324,1234867,640.82,635.87,9573,21690,1523,2605,5445
5214705,GO,202608,332,851,222236,669.39,669.39,1208,2533,386,246,576
5214804,GO,202608,140,355,91464,658.01,653.31,683,1347,160,131,392
5214838,GO,202608,1061,2999,728662,686.77,686.77,3115,7197,1008,780,1327
5214861,GO,202608,752,2041,515676,685.74,685.74,2095,4746,776,441,878
5214879,GO,202608,247,667,169634,686.78,686.78,635,1394,258,105,272
5214903,GO,202608,437,1115,295578,676.38,676.38,1009,2345,427,188,394
5215009,GO,202608,1003,2748,673998,671.98,671.98,2605,6547,931,633,1041
5215207,GO,202608,376,931,252603,671.82,671.82,1052,2216,413,193,446
5215231,GO,202608,8916,25390,6195741,695.37,694.9,20799,52549,8156,4900,7743
5215256,GO,202608,495,1275,333486,673.71,673.71,1277,2889,469,260,548
5215306,GO,202608,686,1943,475528,693.19,693.19,2954,6959,681,777,1496
5215405,GO,202608,323,973,220205,681.75,681.75,863,2243,301,226,336
5215504,GO,202608,358,1074,248503,694.14,694.14,2332,5630,309,508,1515
5215603,GO,202608,2729,8032,1929027,708.68,706.86,7741,18173,2511,1998,3232
5215652,GO,202608,231,649,154208,667.57,667.57,802,1895,203,175,424
5215702,GO,202608,1535,4810,1095626,714.69,713.76,7193,16859,1955,1814,3424
5215801,GO,202608,172,448,112710,659.12,655.29,674,1394,190,124,360
5215900,GO,202608,342,949,230229,673.18,673.18,1125,2508,338,243,544
5216007,GO,202608,171,443,113385,663.07,663.07,749,1636,214,143,392
5216304,GO,202608,471,1199,317367,679.59,673.82,2186,4517,586,520,1080
5216403,GO,202608,605,1739,370966,613.17,613.17,2355,5543,460,764,1131
5216452,GO,202608,150,426,95073,633.82,633.82,769,1812,114,208,447
5216809,GO,202608,737,1939,485207,660.15,658.35,1948,4365,719,436,793
5216908,GO,202608,218,595,148355,680.53,680.53,618,1395,223,144,251
5217104,GO,202608,1364,3711,925251,678.34,678.34,4733,10525,1532,1074,2127
5217203,GO,202608,817,2206,542611,664.96,664.15,3072,6657,787,568,1717
5217302,GO,202608,1452,4118,946442,652.27,651.82,6196,14666,1187,1903,3106
5217401,GO,202608,2021,5326,1391760,689.33,688.65,6942,15278,2204,1516,3222
5217609,GO,202608,11152,31241,7915399,710.09,709.77,25808,59990,11517,5517,8774
5217708,GO,202608,747,2098,477231,640.58,638.86,4053,9047,587,1414,2052
5218003,GO,202608,2830,8072,1879620,664.41,664.18,10369,23421,2336,2970,5063
5218052,GO,202608,275,815,174301,633.82,633.82,1183,2875,190,281,712
5218102,GO,202608,364,1033,250849,689.15,689.15,975,2284,364,145,466
5218300,GO,202608,3798,10290,2619475,689.88,689.7,8098,19687,3619,1653,2826
5218391,GO,202608,355,874,233080,658.42,656.56,1167,2388,462,204,501
5218508,GO,202608,1788,5167,1186554,664.36,663.62,9598,21208,1532,2816,5250
5218607,GO,202608,653,1842,453550,696.7,694.56,2646,6377,650,598,1398
5218706,GO,202608,279,785,196944,705.89,705.89,1214,2770,288,296,630
5218789,GO,202608,290,812,190935,658.4,658.4,1081,2728,248,269,564
5218805,GO,202608,11609,31665,7667190,661.48,660.45,38222,89201,10283,9645,18294
5218904,GO,202608,925,2610,604503,656.36,653.52,4109,9759,772,1030,2307
5219001,GO,202608,419,1238,281315,671.4,671.4,2018,4582,478,498,1042
5219100,GO,202608,527,1456,363222,689.23,689.23,1811,4072,637,376,798
5219209,GO,202608,245,689,158543,647.11,647.11,722,1685,219,165,338
5219258,GO,202608,333,942,220796,667.06,663.05,1163,2638,325,245,593
5219308,GO,202608,2219,6580,1580114,712.4,712.08,7262,16599,2276,1568,3418
5219357,GO,202608,402,1099,272536,677.95,677.95,1294,2812,448,244,602
5219407,GO,202608,524,1466,354762,679.62,677.03,1582,3530,554,327,701
5219456,GO,202608,282,746,190819,676.66,676.66,979,2111,290,168,521
5219506,GO,202608,264,726,168052,636.56,636.56,872,2036,243,202,427
5219605,GO,202608,290,792,193419,671.59,666.96,863,2002,277,181,405
5219704,GO,202608,1126,2971,739136,656.43,656.43,2746,6418,1058,659,1029
5219712,GO,202608,200,558,134923,674.62,674.62,1121,2502,199,263,659
5219738,GO,202608,724,1940,481656,665.27,665.27,2164,5090,665,508,991
5219753,GO,202608,7917,21652,5400039,684.24,682.08,19878,44522,8224,3776,7878
5219803,GO,202608,1244,3307,863911,694.46,694.46,2876,6295,1292,432,1152
5219902,GO,202608,775,2149,535261,691.55,690.66,1867,4260,809,335,723
5220009,GO,202608,1188,3582,828081,698.21,697.04,3251,7789,992,994,1265
5220058,GO,202608,129,375,90141,698.77,698.77,516,1126,156,106,254
5220108,GO,202608,1846,5145,1216991,659.62,659.26,7023,16219,1619,1894,3510
5220157,GO,202608,547,1445,384412,702.76,702.76,1669,3555,662,294,713
5220207,GO,202608,2237,5964,1468379,657.58,656.41,7061,15214,2038,1510,3513
5220264,GO,202608,277,739,172289,628.79,621.98,996,2362,244,264,488
5220280,GO,202608,216,590,156457,724.34,724.34,649,1505,273,105,271
5220405,GO,202608,1231,3152,819032,665.88,665.34,4421,9615,1194,859,2368
5220454,GO,202608,9204,26610,6379585,694.04,693.13,30515,77849,7771,9558,13186
5220504,GO,202608,495,1373,346490,701.4,699.98,1546,3615,555,326,665
5220603,GO,202608,1454,4243,1018858,700.73,700.73,4789,11352,1550,1099,2140
5220686,GO,202608,908,2335,595150,655.45,655.45,1882,4246,837,391,654
5220702,GO,202608,578,1396,396298,685.64,685.64,1307,2591,721,147,439
5221007,GO,202608,323,900,208301,646.9,644.89,1115,2637,296,309,510
5221080,GO,202608,907,1966,616171,679.35,679.35,1719,3271,961,165,593
5221197,GO,202608,1287,3275,897476,697.88,697.34,2620,5514,1405,341,874
5221304,GO,202608,254,691,168363,662.85,662.85,808,1736,287,156,365
5221403,GO,202608,10521,28905,7061360,671.3,671.17,36204,85584,9019,9948,17237
5221452,GO,202608,337,941,221828,658.24,658.24,849,1995,295,186,368
5221502,GO,202608,309,829,204912,663.15,663.15,1182,2653,276,294,612
5221551,GO,202608,439,1195,306455,699.67,698.08,1118,2610,433,232,453
5221577,GO,202608,378,977,249375,659.72,659.72,922,2044,357,210,355
5221601,GO,202608,1760,5004,1171790,666.17,665.79,9472,21063,1476,2727,5269
5221700,GO,202608,1500,4288,1017436,678.29,678.29,3890,9192,1707,744,1439
5221809,GO,202608,200,546,135019,675.1,675.1,1012,2179,254,293,465
5221858,GO,202608,10184,30730,6808250,672.62,668.52,35645,84385,7818,12156,15671
5221908,GO,202608,287,789,199482,695.06,695.06,1080,2335,324,243,513
5222005,GO,202608,889,2614,616903,694.71,693.93,3085,7563,859,769,1457
5222054,GO,202608,629,1717,407509,652.01,647.87,2077,4946,534,582,961
5222203,GO,202608,554,1564,391687,707.02,707.02,1439,3282,551,280,608
5222302,GO,202608,640,1778,437026,682.85,682.85,1810,4084,605,359,846
5300108,DF,202608,166058,441146,114805104,691.9,691.36,438094,970445,189459,91228,157407
1100015,RO,202609,1467,4434,1002465,684.74,683.34,5081,12760,1224,1288,2569
1100023,RO,202609,7593,20219,5122430,681.08,674.63,22562,50588,7469,5190,9903
1100031,RO,202609,338,1008,235545,696.88,696.88,1296,3229,287,328,681
1100049,RO,202609,5429,14958,3620043,667.66,666.8,18540,43730,4561,4752,9227
1100056,RO,202609,1035,2942,705759,683.88,681.89,3471,8266,856,916,1699
1100064,RO,202609,382,1158,244022,643.86,638.8,2360,5911,294,652,1414
1100072,RO,202609,249,790,169840,682.09,682.09,1453,3723,196,443,814
1100080,RO,202609,1786,5431,1240387,698.02,694.51,3705,9297,1554,874,1277
1100098,RO,202609,1003,3354,648477,648.48,646.54,5030,13103,669,1767,2594
1100106,RO,202609,5204,16803,3907975,752.4,750.96,10762,28581,4912,2439,3411
1100114,RO,202609,2868,7895,1773740,619.76,618.46,11187,26311,2154,3387,5646
1100122,RO,202609,7673,20715,5200556,681.24,677.77,25551,58237,7148,6012,12391
1100130,RO,202609,2154,6780,1434077,667.01,665.77,8410,21456,1657,2465,4288
1100148,RO,202609,1304,3754,851252,653.3,652.8,3591,8981,1045,1037,1509
1100155,RO,202609,2267,5973,1489062,659.75,656.84,7444,17513,1958,2041,3445
1100189,RO,202609,1140,3248,754284,662.82,661.65,6150,14550,1011,1611,3528
1100205,RO,202609,50354,132723,33924175,675.48,673.71,122739,271228,49233,26066,47440
1100254,RO,202609,1356,3775,841367,621.39,620.48,4524,11234,1031,1216,2277
1100262,RO,202609,173,587,115406,667.09,667.09,817,2162,140,238,439
1100288,RO,202609,1936,5609,1260009,652.85,650.83,10100,23650,1514,3125,5461
1100296,RO,202609,455,1376,282420,622.07,620.7,1863,4526,333,469,1061
1100304,RO,202609,4586,13142,3022675,662.0,659.11,19520,44385,3705,5432,10383
1100320,RO,202609,1017,3191,693870,682.94,682.27,4354,11249,832,1185,2337
1100338,RO,202609,2442,7811,1758964,724.45,720.3,5930,16102,2189,1704,2037
1100346,RO,202609,1199,3532,783549,656.79,653.5,3508,8529,966,972,1570
1100379,RO,202609,347,1149,231492,670.99,667.12,2028,5552,277,643,1108
1100403,RO,202609,1295,3592,883156,682.5,681.97,3861,9358,1185,951,1725
1100452,RO,202609,1719,5371,1158730,675.25,674.07,5764,14457,1403,1639,2722
1100502,RO,202609,416,1310,276980,665.82,665.82,1897,4864,332,606,959
1100601,RO,202609,243,777,165116,679.49,679.49,1184,3168,181,322,681
1100700,RO,202609,459,1453,305307,665.16,665.16,1881,4940,386,586,909
1100809,RO,202609,3735,9982,2521009,683.39,674.97,8167,18353,3501,1709,2957
1100908,RO,202609,210,590,145433,692.54,692.54,858,2021,207,225,426
1100924,RO,202609,878,2594,612764,701.1,697.91,2146,5457,785,474,887
1100940,RO,202609,1292,3917,913630,711.0,707.14,3914,10048,1215,1101,1598
1101005,RO,202609,745,2274,481109,646.65,645.78,2353,5943,593,748,1012
1101104,RO,202609,794,2433,546414,691.66,688.18,2375,6140,652,654,1069
1101203,RO,202609,652,1848,445870,683.85,683.85,1741,4332,613,367,761
1101302,RO,202609,649,1917,406209,629.78,625.9,2677,6602,489,835,1353
1101401,RO,202609,1236,3528,831514,673.84,672.75,3279,8116,1081,793,1405
1101435,RO,202609,698,2006,458982,676.96,657.57,1949,4832,678,413,858
1101450,RO,202609,305,934,197402,647.22,647.22,1105,2743,228,304,573
1101468,RO,202609,247,806,180352,730.17,730.17,819,2013,237,169,413
1101476,RO,202609,258,713,166799,646.51,646.51,1056,2587,212,201,643
1101484,RO,202609,189,534,119630,632.96,632.96,1306,3207,147,276,883
1101492,RO,202609,1172,3743,746874,637.81,637.26,3795,9972,799,1339,1657
1101500,RO,202609,763,2505,532390,698.67,697.76,2993,7894,659,936,1398
1101559,RO,202609,346,976,226289,655.91,654.01,1172,3019,312,292,568
1101609,RO,202609,409,1372,275584,673.8,673.8,1816,4774,297,556,963
1101708,RO,202609,902,2528,608780,679.44,674.92,2392,5718,794,502,1096
1101757,RO,202609,943,2675,641000,681.19,679.75,2739,6636,873,595,1271
1101807,RO,202609,459,1296,306313,671.74,667.35,1607,3951,438,407,762
1200013,AC,202609,2108,6012,1467467,696.8,696.14,4320,10623,1897,962,1461
1200054,AC,202609,1709,6525,1408614,824.72,824.23,2955,9489,1840,548,567
1200104,AC,202609,4456,12565,3142424,709.67,705.21,8363,19976,5136,1193,2034
1200138,AC,202609,1945,5789,1381445,710.62,710.25,3859,9815,1768,935,1156
1200179,AC,202609,1835,5361,1310607,715.01,714.23,3740,9062,1773,686,1281
1200203,AC,202609,14549,44858,10481637,720.78,720.44,21906,62305,13292,4340,4274
1200252,AC,202609,2464,7120,1707283,693.17,692.89,4815,11457,2417,1061,1337
1200302,AC,202609,5957,21434,4637176,778.96,778.44,8801,28893,5434,2032,1335
1200328,AC,202609,1746,6991,1507908,867.61,863.64,2358,8776,1648,365,345
1200336,AC,202609,4416,12913,3212020,727.69,727.36,6295,16803,4577,813,905
1200344,AC,202609,2567,8281,1939323,755.78,755.48,4123,11658,2454,677,992
1200351,AC,202609,3625,12663,2807191,774.4,774.4,4946,16115,3375,756,815
1200385,AC,202609,2124,6259,1452430,686.08,683.82,4101,10674,1870,933,1298
1200393,AC,202609,2167,7823,1760512,813.92,812.42,3039,9957,2216,383,440
1200401,AC,202609,43048,112758,29295477,682.96,680.53,84905,199241,40318,17530,27057
1200427,AC,202609,3046,9679,2237954,734.72,734.72,4354,12906,2848,716,790
1200435,AC,202609,1129,4732,993048,879.58,879.58,1735,6298,1013,317,405
1200450,AC,202609,3216,8807,2246877,699.31,698.66,6126,14761,3032,1148,1946
1200500,AC,202609,8980,27252,6387882,711.35,711.35,13666,36813,8487,2471,2708
1200609,AC,202609,9019,31451,7031032,781.14,779.58,12977,40870,8435,2184,2358
1200708,AC,202609,2797,8267,1980172,707.96,707.96,5035,12948,2562,1106,1367
1200807,AC,202609,4015,10662,2824093,705.14,703.39,7228,15972,4343,958,1927
1300029,AM,202609,3227,11055,2441191,758.61,756.49,4904,14302,3121,843,940
1300060,AM,202609,2666,8258,1993789,747.86,747.86,4437,11151,2397,840,1200
1300086,AM,202609,2263,7552,1731503,766.15,765.14,3921,10556,2600,537,784
1300102,AM,202609,4038,10275,2830358,703.02,700.93,5890,12979,4181,474,1235
1300144,AM,202609,2125,6757,1474497,698.81,693.88,4800,12686,1903,1095,1802
1300201,AM,202609,2022,8246,1672765,828.92,827.28,3468,12297,1729,907,832
1300300,AM,202609,15876,36997,11032688,695.37,694.93,21668,45195,15723,1846,4099
1300409,AM,202609,3407,11128,2541619,746.0,746.0,5361,14889,2976,1058,1327
1300508,AM,202609,5749,21540,4580757,797.49,796.79,8883,28640,5497,1685,1701
1300607,AM,202609,7714,26831,6161838,798.89,798.79,11050,34426,7321,1740,1989
1300631,AM,202609,5079,17172,4025576,793.53,792.59,7713,21725,5497,747,1469
1300680,AM,202609,3876,11476,2818231,729.17,727.1,5250,13911,3605,735,910
1300706,AM,202609,6220,18063,4422342,711.22,710.99,9948,24878,5809,1692,2447
1300805,AM,202609,6796,22203,5104255,751.18,751.07,9681,28104,6299,1510,1872
1300839,AM,202609,2563,7945,1838800,717.72,717.44,3690,9996,2350,558,782
1300904,AM,202609,3293,9342,2250375,684.21,683.38,5105,12407,2968,889,1248
1301001,AM,202609,5872,19062,4416970,752.47,752.21,9047,24924,5953,1359,1735
1301100,AM,202609,5659,16787,4076811,721.3,720.41,10259,25339,5408,1795,3056
1301159,AM,202609,4240,12712,3020309,713.35,712.34,6745,17298,4081,1090,1574
1301209,AM,202609,15073,44914,11019377,731.75,731.07,22327,58224,13974,3598,4755
1301308,AM,202609,3925,13209,2971698,757.31,757.12,6698,18889,3742,1305,1651
1301407,AM,202609,6413,21468,4843212,755.34,755.22,9224,27186,5880,1620,1724
1301506,AM,202609,3994,11431,2859972,718.04,716.07,5747,14397,3998,784,965
1301605,AM,202609,7046,19362,5198050,737.84,737.73,9084,23200,7115,845,1124
1301654,AM,202609,2876,9915,2175036,756.27,756.27,4373,13334,3110,702,561
1301704,AM,202609,11936,30691,8320941,698.07,697.13,19840,42556,12046,2230,5564
1301803,AM,202609,4852,14033,3598689,741.69,741.69,5751,15615,4735,490,526
1301852,AM,202609,13821,37097,9622563,698.96,696.23,22971,52874,13547,3286,6138
1301902,AM,202609,15127,49586,10933892,723.57,722.81,26580,75071,13470,5765,7345
1301951,AM,202609,2013,7914,1667479,828.36,828.36,3164,10329,1921,721,522
1302009,AM,202609,2007,6088,1446852,721.98,720.9,3724,9585,1799,755,1170
1302108,AM,202609,1494,5502,1182943,792.33,791.8,2316,7444,1334,504,478
1302207,AM,202609,2512,7299,1830072,731.44,728.53,4195,9844,2939,310,946
1302306,AM,202609,4540,17988,3697732,820.44,814.48,6743,23113,4541,1268,934
1302405,AM,202609,12574,31717,8815172,701.84,701.06,18285,41306,12222,1899,4164
1302504,AM,202609,20360,62410,14729529,724.2,723.45,31821,86007,19438,5805,6578
1302553,AM,202609,3821,11034,2742567,719.08,717.76,6577,16074,3926,798,1853
1302603,AM,202609,248080,675990,171834244,694.85,692.66,520975,1182981,263674,99979,157322
1302702,AM,202609,8050,26964,5948260,741.4,738.91,13626,39124,7125,3080,3421
1302801,AM,202609,2870,11529,2341783,817.95,815.95,4355,14949,2658,999,698
1302900,AM,202609,13874,41206,10502928,757.4,757.02,21102,52249,13957,2138,5007
1303007,AM,202609,4270,12937,3135672,734.35,734.35,6579,17256,4146,820,1613
1303106,AM,202609,5893,17702,4321128,735.39,733.26,9252,23853,5518,1443,2291
1303205,AM,202609,2304,8015,1703930,740.52,739.55,4450,13008,1998,1181,1271
1303304,AM,202609,3948,11932,2951771,747.85,747.66,6237,15726,3918,832,1487
1303403,AM,202609,20906,61442,15274464,731.36,730.63,31735,80060,20424,4332,6979
1303502,AM,202609,3260,11619,2508988,769.86,769.63,4478,14760,2906,932,640
1303536,AM,202609,5331,15375,3854454,724.11,723.03,10001,24572,5103,1730,3168
1303569,AM,202609,3250,10084,2338666,719.81,719.59,5939,16124,3061,1368,1510
1303601,AM,202609,2508,8579,1957325,780.43,780.43,3595,11058,2249,640,706
1303700,AM,202609,4086,18154,3583426,879.37,877.0,6942,27414,3551,2054,1337
1303809,AM,202609,8507,34771,7172338,844.5,843.11,11842,44767,7423,2758,1661
1303908,AM,202609,7384,27706,6171938,837.78,835.85,10339,34375,6940,1490,1909
1303957,AM,202609,2429,6711,1749941,720.73,720.44,3687,8907,2383,429,875
1304005,AM,202609,2211,7074,1648142,746.1,745.43,3481,9653,1997,574,910
1304062,AM,202609,10929,38427,8571273,786.72,784.27,17092,52839,9751,3768,3573
1304104,AM,202609,4202,13563,3013969,717.44,717.27,7000,19360,4102,1415,1483
1304203,AM,202609,13149,42987,9726689,740.52,739.73,21351,59492,11407,4599,5345
1304237,AM,202609,3820,13162,2947003,771.47,771.47,5304,16241,3278,1073,953
1304260,AM,202609,3705,10765,2806485,759.54,757.49,5291,12922,3898,412,981
1304302,AM,202609,3634,9756,2593383,713.64,713.64,5628,13109,3475,797,1356
1304401,AM,202609,4715,13220,3404333,723.1,722.02,6862,16610,4755,685,1422
1400027,RR,202609,1957,6420,1475989,754.6,754.21,3184,8734,1783,614,787
1400050,RR,202609,2680,8491,2013024,753.66,751.13,4956,12523,2564,875,1517
1400100,RR,202609,36086,112175,25445270,707.3,705.13,89072,231139,31112,28487,29473
1400159,RR,202609,3904,10836,2993664,767.41,766.82,6639,14847,4310,537,1792
1400175,RR,202609,4229,11858,3158381,748.43,746.84,8190,18055,4699,1052,2439
1400209,RR,202609,3825,11294,2785309,729.14,728.19,6933,16845,3832,1176,1925
1400233,RR,202609,2139,6422,1551037,726.48,725.12,3650,9474,2162,546,942
1400282,RR,202609,1340,3748,939573,701.17,701.17,2388,5743,1267,383,738
1400308,RR,202609,4185,10556,2979831,712.2,712.03,8036,16274,5243,713,2080
1400407,RR,202609,2780,11462,2457605,885.62,884.03,3832,14149,2424,761,647
1400456,RR,202609,4745,13650,3580012,756.07,754.48,8496,22823,5385,1449,1662
1400472,RR,202609,4284,12782,3040003,711.44,709.62,7895,20599,3984,1661,2250
1400506,RR,202609,1397,3986,1005154,720.02,719.51,2471,6008,1327,416,728
1400605,RR,202609,1494,4088,1031385,692.67,690.35,3051,6557,1610,442,999
1400704,RR,202609,2269,11411,2285644,1010.9,1007.34,3038,14281,2090,651,297
1500107,PA,202609,38530,94976,26096762,677.66,677.31,59899,132380,38558,6772,14569
1500131,PA,202609,1387,3544,970402,699.64,699.64,2369,5054,1420,267,682
1500206,PA,202609,13593,38283,9583596,705.82,705.04,19824,50636,13020,2840,3964
1500305,PA,202609,8441,31477,6823736,810.04,808.4,12816,40209,8815,1711,2290
1500347,PA,202609,2332,6273,1594790,684.17,683.87,4307,10254,2118,661,1528
1500404,PA,202609,12251,36631,9042111,738.43,738.07,19642,49172,13524,2456,3662
1500503,PA,202609,6274,19372,4576095,729.49,729.37,9378,25400,5836,1498,2044
1500602,PA,202609,13885,41746,9908552,713.98,713.62,32951,79149,14449,6842,11660
1500701,PA,202609,6311,24006,5165579,819.02,818.5,10285,31427,6624,1415,2246
1500800,PA,202609,49716,125879,32545252,655.2,654.62,110869,244251,46430,27141,37298
1500859,PA,202609,6226,18785,4411778,708.61,708.61,10823,27189,6467,1719,2637
1500909,PA,202609,10767,29234,7504596,697.13,697.0,15271,38159,10241,2276,2754
1500958,PA,202609,5816,14567,4068963,699.86,699.62,8895,19560,5790,1039,2066
1501006,PA,202609,2781,9049,2095687,754.93,753.57,4588,12762,2798,688,1102
1501105,PA,202609,6557,20730,5107135,778.88,778.88,8086,23626,6605,723,758
1501204,PA,202609,8563,24328,6010354,702.55,701.9,11767,30506,8267,1414,2086
1501253,PA,202609,622,1717,422659,679.52,679.52,1287,2876,616,232,439
1501303,PA,202609,18255,52438,12594483,691.24,689.92,33104,85726,16543,6747,9814
1501402,PA,202609,147006,338556,96134231,655.09,653.95,345927,688726,185939,57343,102645
1501451,PA,202609,2713,8923,1973135,729.71,727.29,6022,15875,2513,1472,2037
1501501,PA,202609,11387,28781,7616958,669.21,668.92,22107,49061,10940,4311,6856
1501576,PA,202609,2296,6701,1632603,711.68,711.06,4678,11611,2182,1037,1459
1501600,PA,202609,3019,7213,1996944,661.68,661.46,4727,10165,2910,719,1098
1501709,PA,202609,24263,64885,16724445,689.64,689.3,38698,92918,23596,6925,8177
1501725,PA,202609,2886,8545,1956954,678.09,678.09,6344,15240,2699,1230,2415
1501758,PA,202609,1498,4059,1048628,700.02,700.02,2752,6257,1488,412,852
1501782,PA,202609,8902,23417,6249971,702.48,702.09,17318,35367,8747,3132,5439
1501808,PA,202609,24367,76270,18630124,765.57,764.56,35682,95239,23474,5336,6872
1501907,PA,202609,6103,16635,4304003,705.23,705.23,9776,23388,6055,1406,2315
1501956,PA,202609,4277,12267,2993570,701.89,699.92,6496,16377,4083,923,1490
1502004,PA,202609,5438,15381,3797577,698.47,698.34,7865,19865,5330,1008,1527
1502103,PA,202609,34986,93120,24419661,698.5,697.98,48815,116895,36148,5266,7401
1502152,PA,202609,9899,28703,6917018,699.4,698.76,24143,58812,10301,5103,8739
1502202,PA,202609,11734,28617,7841036,669.72,668.23,19642,43644,11326,3172,5144
1502301,PA,202609,13139,32274,8831224,672.14,672.14,20318,44435,12984,2819,4515
1502400,PA,202609,22136,58137,14621074,660.81,660.51,45706,111524,19973,12196,13537
1502509,PA,202609,4521,15994,3487188,773.04,771.33,6504,19481,4533,841,1130
1502608,PA,202609,2762,7300,1870359,677.42,677.18,4802,10880,2679,757,1366
1502707,PA,202609,3746,11427,2642661,706.78,705.46,12317,29638,3383,3411,5523
1502756,PA,202609,7166,18708,4957814,692.05,691.85,10289,24483,6763,1444,2082
1502764,PA,202609,1745,5339,1248259,716.98,715.33,3223,8263,1604,670,949
1502772,PA,202609,3246,8764,2278562,701.96,701.96,6810,15555,2963,1161,2686
1502806,PA,202609,7519,26215,5862164,780.48,779.65,11079,34048,8300,1369,1410
1502855,PA,202609,2849,9253,2096963,736.29,736.03,4976,13951,2901,911,1164
1502905,PA,202609,10294,26073,6967404,677.37,676.84,14664,33232,9912,1663,3089
1502939,PA,202609,5931,15674,4060010,684.54,684.54,11603,26614,5525,2003,4075
1502954,PA,202609,4432,12857,3154242,714.11,711.7,10408,23220,4172,1807,4429
1503002,PA,202609,2197,5788,1563597,714.3,711.7,3727,7998,2475,300,952
1503044,PA,202609,3254,9517,2288088,703.59,703.16,5644,14245,3050,1129,1465
1503077,PA,202609,5406,14580,3775068,698.44,698.31,7963,19970,5217,1226,1520
1503093,PA,202609,3611,10813,2433328,674.99,673.87,8178,20187,3037,2382,2759
1503101,PA,202609,6887,24772,5404383,784.72,784.72,10292,32440,7366,1546,1380
1503200,PA,202609,7192,18189,4824807,670.86,670.86,11739,27179,7024,2003,2712
1503309,PA,202609,15282,44045,10813333,707.82,707.59,22463,57268,15288,3355,3820
1503408,PA,202609,1861,5198,1259367,676.72,676.72,3243,8202,1647,671,925
1503457,PA,202609,7369,19561,5107530,693.96,693.11,11892,27494,7019,1779,3094
1503507,PA,202609,7434,18370,5016089,674.75,674.75,11531,25263,7270,1444,2817
1503606,PA,202609,16025,48444,11319455,712.63,706.36,33455,81347,16081,6008,11366
1503705,PA,202609,9078,25782,6429272,708.3,708.23,15473,37644,8549,2461,4463
1503754,PA,202609,3976,15985,3498013,882.67,879.78,5574,19676,3932,698,944
1503804,PA,202609,6635,17230,4540407,684.31,684.31,11918,27156,6336,1770,3812
1503903,PA,202609,7209,27806,5811095,806.09,806.09,11568,38887,6683,2411,2474
1504000,PA,202609,6618,21119,4675359,707.0,706.46,9186,27149,6190,1235,1761
1504059,PA,202609,7102,17698,4878746,687.15,686.95,11307,24701,6904,1645,2758
1504109,PA,202609,1482,4123,984794,664.5,664.5,2567,6450,1191,564,812
1504208,PA,202609,28109,80233,19389592,690.71,689.8,63084,152237,24768,15319,22997
1504307,PA,202609,7146,18746,4941934,691.76,691.57,11864,26388,7691,1518,2655
1504406,PA,202609,6310,15161,4272844,677.48,677.15,10079,20949,6612,1207,2260
1504422,PA,202609,19293,46931,12852227,666.61,666.16,36939,77904,19548,6313,11078
1504455,PA,202609,5890,16530,4146894,704.42,704.06,9468,23178,6440,1014,2014
1504505,PA,202609,6231,21301,5081662,815.55,815.55,7479,24255,5931,832,716
1504604,PA,202609,9104,25340,6475172,711.87,711.24,12575,32436,9741,1433,1401
1504703,PA,202609,16259,45460,11320091,696.79,696.24,24306,61641,15297,3699,5310
1504752,PA,202609,3817,11878,2714688,711.58,711.21,7457,19632,3920,1420,2117
1504802,PA,202609,11178,33962,7877590,705.56,704.74,19638,51176,11851,3724,4063
1504901,PA,202609,7542,25336,5516767,731.96,731.47,10919,33778,7129,1950,1840
1504950,PA,202609,5301,13865,3697460,697.63,697.5,7720,17943,5428,793,1499
1504976,PA,202609,2139,5934,1529433,715.02,715.02,3904,9394,2241,507,1156
1505007,PA,202609,2506,6144,1641177,655.42,654.9,4160,9355,2390,634,1136
1505031,PA,202609,3073,9825,2149389,703.56,699.44,8717,20936,2868,2333,3516
1505064,PA,202609,12168,34683,8605589,707.64,707.23,20505,48754,12193,3151,5161
1505106,PA,202609,9308,28667,6880633,739.53,739.22,16730,44406,10240,2349,4141
1505205,PA,202609,9347,27650,6892383,739.05,737.39,12074,32426,10187,749,1138
1505304,PA,202609,10982,36209,8217778,748.57,748.3,19453,53776,10715,3575,5163
1505403,PA,202609,3956,9724,2675053,676.2,676.2,6491,14580,3921,962,1608
1505437,PA,202609,4434,13701,3110365,703.7,701.48,8865,23889,4086,1826,2953
1505486,PA,202609,8255,24755,5973696,724.26,723.65,14069,35578,8652,1939,3478
1505494,PA,202609,1298,3617,915161,705.05,705.05,2290,5596,1236,410,644
1505502,PA,202609,11231,32422,7705239,686.13,686.07,24922,64368,9611,6597,8714
1505536,PA,202609,22393,64488,15260459,682.4,681.48,55328,135849,19541,14626,21161
1505551,PA,202609,1452,3974,983619,678.36,677.42,3155,7035,1325,669,1161
1505601,PA,202609,1674,3989,1105086,660.15,660.15,2930,6396,1619,506,805
1505635,PA,202609,1799,5094,1245377,693.03,692.26,3915,9510,1592,838,1485
1505650,PA,202609,3566,10863,2495601,700.03,699.83,6398,16829,3384,1097,1917
1505700,PA,202609,7216,19409,5030446,697.51,697.12,10669,25966,7628,1078,1963
1505809,PA,202609,11472,43899,9455989,827.37,824.27,17072,56592,10256,3811,3005
1505908,PA,202609,7278,23491,5456870,749.88,749.78,11468,31044,7034,1645,2789
1506005,PA,202609,9184,27775,6807017,741.59,741.18,14370,36852,10455,1262,2653
1506104,PA,202609,2456,6076,1660520,676.11,676.11,4085,9041,2434,589,1062
1506112,PA,202609,2548,6298,1720001,675.57,675.04,4110,9196,2517,538,1055
1506138,PA,202609,8133,23115,5521571,681.0,678.91,19545,48426,6853,5209,7483
1506161,PA,202609,2383,6552,1611590,677.42,676.29,5088,12197,2196,1074,1818
1506187,PA,202609,4890,12908,3382515,692.29,691.72,9569,22195,4679,1842,3048
1506195,PA,202609,3948,12651,2801445,710.13,709.59,7831,20640,3595,1629,2607
1506203,PA,202609,6718,20044,4691941,699.87,698.41,11686,31952,6260,2574,2852
1506302,PA,202609,6409,14692,4343657,677.95,677.74,9732,20348,7154,1001,1577
1506351,PA,202609,3338,8686,2262930,678.13,677.93,6528,15379,3185,1332,2011
1506401,PA,202609,1660,5135,1200409,725.32,723.14,2558,7184,1639,441,478
1506500,PA,202609,8787,23152,5900090,671.46,671.46,16338,38938,7846,3933,4559
1506559,PA,202609,4874,12457,3331919,683.75,683.61,7274,17077,4783,969,1522
1506583,PA,202609,2143,6545,1451136,677.47,677.15,5832,14544,1791,1389,2652
1506609,PA,202609,4501,12081,3029726,673.42,673.12,7922,19217,4272,1562,2088
1506708,PA,202609,5673,15075,4017109,708.73,708.11,11353,24699,5437,1786,4130
1506807,PA,202609,47201,144933,34163543,724.22,723.79,106475,264919,49105,23502,33868
1506906,PA,202609,1787,4257,1210065,677.91,677.15,2964,6119,1829,377,758
1507003,PA,202609,6158,16240,4177421,678.59,678.37,10937,24517,5828,1775,3334
1507102,PA,202609,2737,8370,1886697,689.58,689.33,4951,13183,2493,1164,1294
1507151,PA,202609,3874,10240,2717736,702.44,701.53,6605,15168,3750,911,1944
1507201,PA,202609,7849,20522,5497814,700.54,700.45,10858,25829,7797,1046,2015
1507300,PA,202609,10352,30873,7257755,706.56,701.1,17347,45732,9632,3299,4416
1507409,PA,202609,3330,8729,2186208,657.11,656.52,5608,13243,2981,1024,1603
1507458,PA,202609,4183,11455,2949285,705.4,705.06,7490,17759,3966,1118,2406
1507466,PA,202609,1191,3388,842167,707.11,707.11,2243,5309,1283,352,608
1507474,PA,202609,4911,12053,3350136,682.31,682.17,7951,17316,4820,1097,2034
1507508,PA,202609,2832,8063,2015423,712.42,711.66,5226,12425,2791,755,1680
1507607,PA,202609,8595,25162,5864927,682.52,682.36,14754,38332,7756,3349,3649
1507706,PA,202609,5798,20695,4350742,750.65,750.39,8768,27792,6020,1285,1463
1507755,PA,202609,866,2406,619180,714.99,714.99,1665,3882,818,309,538
1507805,PA,202609,4188,13014,3091355,738.68,738.15,7657,19133,5269,834,1554
1507904,PA,202609,5487,16110,3881424,712.45,707.39,8728,22301,5463,1629,1636
1507953,PA,202609,12473,36876,8779234,703.97,703.86,21458,56487,11258,4704,5496
1507961,PA,202609,2744,6858,1848078,674.23,673.5,4495,9571,2681,560,1254
1507979,PA,202609,3288,9864,2367846,720.37,720.15,6225,15356,3758,785,1682
1508001,PA,202609,11873,36278,8669248,731.03,730.16,19608,53371,11079,3601,4928
1508035,PA,202609,8349,19176,5627374,674.1,674.02,11967,24904,8275,1142,2550
1508050,PA,202609,2575,8126,1844531,716.32,716.32,5108,13244,2537,965,1606
1508084,PA,202609,2531,8351,1698887,674.16,671.23,9462,24683,1888,3365,4209
1508100,PA,202609,10162,30409,7001862,689.16,689.02,24185,58432,8768,5925,9492
1508126,PA,202609,4792,11978,3294248,687.45,687.45,8198,18532,4634,1360,2204
1508159,PA,202609,7056,23050,5068530,718.43,718.33,11873,32994,6465,2448,2960
1508209,PA,202609,10933,27431,7442020,681.38,680.69,18168,38466,11818,1922,4428
1508308,PA,202609,12446,35739,8739574,704.97,702.2,18972,46776,11587,3626,3759
1508357,PA,202609,2728,8169,1925542,705.84,705.84,5314,13465,2733,1060,1521
1508407,PA,202609,5624,15657,3805904,676.97,676.73,11440,28839,4945,2558,3937
1600055,AP,202609,786,2171,548155,697.4,697.4,1525,3428,736,232,557
1600105,AP,202609,1911,5368,1385931,725.24,725.24,2874,6973,1959,340,575
1600154,AP,202609,2459,7138,1813053,737.31,737.31,4106,9770,2410,594,1102
1600204,AP,202609,1956,6010,1452172,742.42,742.42,3313,8501,1879,575,859
1600212,AP,202609,850,3408,694189,816.69,816.69,1753,5214,948,315,490
1600238,AP,202609,990,3283,734745,742.92,742.17,1853,5192,875,416,562
1600253,AP,202609,2042,5633,1561380,765.76,764.63,3265,7424,2358,222,685
1600279,AP,202609,6859,18040,4780883,697.23,697.02,12526,27279,7071,1781,3674
1600303,AP,202609,63100,174063,44992397,714.1,713.03,129315,291063,72626,20877,35812
1600402,AP,202609,4333,15534,3410045,788.09,786.99,8245,23388,5071,1278,1896
1600501,AP,202609,6153,16202,4303066,699.34,699.34,12015,25088,6392,2424,3199
1600535,AP,202609,3516,10457,2601442,740.52,739.89,6309,15517,3709,843,1757
1600550,AP,202609,1131,3241,849822,751.39,751.39,1582,4003,1168,145,269
1600600,AP,202609,14614,42661,10313999,706.87,705.76,33885,78478,17274,6532,10079
1600709,AP,202609,2566,9013,2020487,788.33,787.41,4904,13411,2782,736,1386
1600808,AP,202609,2410,7492,1755688,728.5,728.5,3736,9764,2220,667,849
1700251,TO,202609,207,645,138820,673.88,670.63,857,2042,156,221,480
1700301,TO,202609,434,1397,293233,675.65,675.65,1176,3292,359,351,466
1700350,TO,202609,556,1542,378922,682.74,681.51,1534,3613,520,319,695
1700400,TO,202609,1047,3039,718774,686.51,686.51,2315,5699,889,464,962
1700707,TO,202609,923,2508,633630,687.23,686.49,2692,5674,854,506,1332
1701002,TO,202609,1665,4490,1180953,709.28,709.28,3292,7645,1617,550,1125
1701051,TO,202609,208,640,143489,689.85,689.85,753,2015,173,215,365
1701101,TO,202609,607,1728,443778,733.52,731.1,1522,3683,631,277,614
1701309,TO,202609,757,2149,519981,686.9,686.9,1885,4408,702,333,850
1701903,TO,202609,760,2208,538573,708.65,708.65,1821,4479,683,433,705
1702000,TO,202609,557,1510,375830,674.74,674.74,1961,4352,505,465,991
1702109,TO,202609,11244,32947,7742753,689.53,688.61,36972,88613,9698,11011,16263
1702158,TO,202609,672,1836,481463,716.46,716.46,1481,3355,664,223,594
1702208,TO,202609,3231,10434,2271994,703.19,703.19,7496,20325,2824,2278,2394
1702307,TO,202609,676,1852,476128,706.42,704.33,1691,3876,703,291,697
1702406,TO,202609,1803,4714,1237326,688.55,686.26,3842,8516,1748,510,1584
1702554,TO,202609,2055,6143,1424721,693.29,693.29,4269,11156,1802,956,1511
1702703,TO,202609,376,1034,244132,649.29,649.29,1020,2316,355,199,466
1702901,TO,202609,2062,5988,1457055,706.62,706.62,3617,9127,1999,634,984
1703008,TO,202609,1142,3068,772231,676.21,676.21,2328,5418,1044,428,856
1703057,TO,202609,384,1060,268398,698.95,698.95,958,2261,349,193,416
1703073,TO,202609,707,2088,499142,706.0,706.0,1546,3957,627,348,571
1703107,TO,202609,677,1781,462380,683.99,682.98,1893,4149,697,348,848
1703206,TO,202609,487,1373,328854,676.65,675.26,1234,2982,422,300,512
1703305,TO,202609,834,2354,587207,704.93,704.09,1471,3658,790,267,414
1703602,TO,202609,305,814,209872,688.1,688.1,741,1731,283,134,324
1703701,TO,202609,619,1540,433031,699.57,699.57,1461,3250,639,269,553
1703800,TO,202609,953,2855,690293,724.34,724.34,2207,5605,868,540,799
1703826,TO,202609,310,996,223087,719.64,719.64,703,1912,269,165,269
1703842,TO,202609,928,3076,686239,739.48,739.48,2094,5983,802,526,766
1703867,TO,202609,255,750,185498,727.44,727.44,1069,2669,216,268,585
1703883,TO,202609,381,1088,260652,684.13,684.13,931,2167,350,168,413
1703891,TO,202609,442,1536,328502,743.22,743.22,955,2835,406,227,322
1703909,TO,202609,704,2067,497494,706.67,706.67,1552,3852,642,275,635
1704105,TO,202609,316,808,216162,684.06,684.06,717,1629,302,115,300
1704600,TO,202609,230,643,167963,730.27,730.27,613,1404,250,93,270
1705102,TO,202609,444,1224,321642,724.42,724.42,1065,2516,448,187,430
1705508,TO,202609,3848,10276,2651867,690.23,689.15,8907,20596,3474,1967,3466
1705557,TO,202609,636,1754,434139,682.61,682.61,1580,3721,625,317,638
1705607,TO,202609,516,1400,349735,679.1,677.78,1087,2534,452,236,399
1706001,TO,202609,819,2202,551371,673.22,673.22,2065,4579,743,365,957
1706100,TO,202609,762,2060,520200,682.68,682.68,1925,4373,740,339,846
1706258,TO,202609,164,445,110790,675.55,675.55,570,1407,150,152,268
1706506,TO,202609,943,2675,660464,704.87,700.39,1991,4729,940,380,671
1707009,TO,202609,1559,4471,1057119,678.95,678.08,4033,10547,1314,1045,1674
1707108,TO,202609,879,2347,603571,686.66,686.66,2032,4572,839,368,825
1707207,TO,202609,917,2470,631768,689.7,688.95,2096,4888,869,360,867
1707306,TO,202609,593,1669,414064,699.43,698.25,1354,3150,566,241,547
1707405,TO,202609,1549,4498,1113970,719.62,719.15,2758,7237,1490,411,857
1707553,TO,202609,363,1044,252896,696.68,696.68,917,2264,333,205,379
1707652,TO,202609,538,1445,369104,688.63,686.07,1357,3112,523,249,585
1707702,TO,202609,1134,3269,794926,703.47,700.99,2114,5266,1050,380,684
1708205,TO,202609,2182,6164,1511996,692.94,692.94,4987,12287,1899,1102,1986
1708254,TO,202609,607,1657,421115,693.76,693.76,1387,3061,601,218,568
1708304,TO,202609,538,1442,355356,660.51,660.51,1434,3435,484,354,596
1709005,TO,202609,2190,6676,1615328,737.59,737.59,3846,10094,2086,716,1044
1709302,TO,202609,2158,5671,1425168,663.18,660.41,5496,13040,1863,1336,2297
1709500,TO,202609,3649,11586,2476086,680.06,678.57,14519,37682,2806,4638,7075
1709807,TO,202609,179,495,120995,675.95,675.95,565,1387,160,126,279
1710508,TO,202609,1164,3644,842665,723.94,723.94,2024,5495,1048,349,627
1710706,TO,202609,925,2532,648698,701.3,701.3,1851,4203,891,350,610
1710904,TO,202609,441,1272,293602,665.76,665.76,1011,2622,389,254,368
1711100,TO,202609,287,836,198261,690.8,690.8,694,1754,296,113,285
1711506,TO,202609,271,804,186520,688.27,688.27,903,2163,240,181,482
1711803,TO,202609,258,825,182215,706.26,706.26,834,2206,237,207,390
1711902,TO,202609,1719,5075,1285771,748.41,747.98,3173,8270,1855,545,773
1711951,TO,202609,422,1328,323334,766.19,766.19,1000,2671,414,205,381
1712009,TO,202609,215,666,144259,670.97,670.97,774,1961,175,236,363
1712157,TO,202609,227,618,156274,688.43,688.43,527,1256,223,121,183
1712405,TO,202609,410,1317,294990,719.49,719.49,933,2528,356,184,393
1712454,TO,202609,267,811,181768,680.78,680.78,786,2117,230,217,339
1712504,TO,202609,431,1314,308931,716.78,716.78,1349,3236,439,279,631
1712702,TO,202609,337,1049,237220,703.92,703.92,725,2005,284,169,272
1712801,TO,202609,515,1502,375213,728.57,728.57,1056,2707,508,193,355
1713205,TO,202609,1491,4262,1011135,678.16,678.16,4369,10941,1291,1135,1943
1713304,TO,202609,1297,3772,861894,667.1,664.53,3437,8460,1093,801,1543
1713601,TO,202609,744,2270,528037,709.73,709.73,1944,4559,706,362,876
1713700,TO,202609,281,861,198765,707.35,707.35,773,1885,249,162,362
1713809,TO,202609,707,2015,488913,691.53,691.53,1562,3851,643,327,592
1713957,TO,202609,579,1527,410359,708.74,708.74,1320,2900,566,185,569
1714203,TO,202609,1103,2912,753908,683.51,683.51,2490,5738,996,535,959
1714302,TO,202609,506,1483,342364,676.61,676.61,1322,3416,467,301,554
1714880,TO,202609,1310,3730,910440,695.52,694.99,3018,7442,1167,718,1133
1715002,TO,202609,274,786,180569,659.01,659.01,947,2266,222,237,488
1715101,TO,202609,595,1774,420400,706.55,706.55,1167,3031,519,236,412
1715150,TO,202609,230,568,156272,679.44,679.44,612,1324,225,107,280
1715259,TO,202609,291,889,197343,678.15,678.15,736,1902,233,173,330
1715507,TO,202609,123,372,86375,702.24,702.24,375,980,112,90,173
1715705,TO,202609,609,1796,405373,665.64,665.64,1653,4027,496,457,700
1715754,TO,202609,490,1446,290616,594.31,593.09,1665,4236,326,593,746
1716109,TO,202609,1454,4878,942890,650.72,648.48,7055,18407,934,2883,3238
1716208,TO,202609,1841,4939,1278558,694.49,694.49,3797,8436,1824,599,1374
1716307,TO,202609,524,1538,372091,710.1,710.1,1371,3282,513,251,607
1716505,TO,202609,1034,3083,721148,700.14,697.44,3122,7884,940,842,1340
1716604,TO,202609,1113,2957,780183,701.6,700.97,2693,6043,1155,420,1118
1716653,TO,202609,493,1445,314876,639.99,638.69,1458,3532,393,422,643
1716703,TO,202609,914,2468,603185,661.39,659.94,2394,5472,829,517,1048
1717008,TO,202609,578,1672,406495,703.28,703.28,1364,3306,539,262,563
1717206,TO,202609,355,963,246039,693.07,693.07,813,1906,306,156,351
1717503,TO,202609,497,1702,368931,742.32,742.32,1605,4312,426,474,705
1717800,TO,202609,571,1543,380385,666.17,666.17,1393,3240,515,260,618
1717909,TO,202609,681,2213,488176,716.85,716.85,1557,4496,584,398,575
1718006,TO,202609,343,951,235444,688.43,686.43,813,2047,307,155,351
1718204,TO,202609,5065,15154,3531010,697.55,697.14,14087,36095,4460,3994,5633
1718303,TO,202609,912,2850,660650,724.4,724.4,1847,5072,856,412,579
1718402,TO,202609,300,838,196172,653.91,653.91,848,2105,258,183,407
1718451,TO,202609,357,957,245276,687.05,687.05,808,1817,325,136,347
1718501,TO,202609,814,2292,587747,722.05,722.05,1202,3141,804,142,256
1718550,TO,202609,450,1442,312469,694.38,694.38,1178,3223,401,274,503
1718659,TO,202609,264,758,181291,689.32,686.71,583,1518,229,132,222
1718709,TO,202609,342,1021,236293,690.92,690.92,955,2311,313,203,439
1718758,TO,202609,913,2497,628539,688.43,688.43,1861,4300,865,343,653
1718808,TO,202609,951,2715,683531,719.51,718.75,1843,4371,919,315,609
1718840,TO,202609,606,1636,406124,672.39,670.17,1405,3234,550,276,579
1718865,TO,202609,606,1901,430446,711.48,710.31,1832,4489,511,528,793
1718881,TO,202609,242,700,163339,674.95,674.95,623,1610,216,134,273
1718899,TO,202609,181,572,127303,703.33,703.33,566,1543,152,133,281
1718907,TO,202609,587,1764,430998,734.24,734.24,1507,3839,552,265,690
1719004,TO,202609,271,914,202161,745.98,745.98,788,2195,247,206,335
1720002,TO,202609,196,606,127351,649.75,649.75,633,1753,149,216,268
1720101,TO,202609,994,2826,702653,706.89,706.89,2029,4963,920,385,724
1720150,TO,202609,158,539,105493,667.68,667.68,458,1413,110,136,212
1720200,TO,202609,1979,5905,1409631,712.65,712.29,3751,9633,1757,899,1095
1720259,TO,202609,361,991,247841,686.54,686.54,886,2092,347,167,372
1720309,TO,202609,699,2084,475458,681.17,680.2,1439,3794,615,299,525
1720499,TO,202609,596,1658,410787,689.24,689.24,1509,3412,614,266,629
1720655,TO,202609,774,2214,555711,717.97,717.97,1684,4088,742,279,663
1720804,TO,202609,1432,3985,1003015,700.92,700.43,2931,7201,1328,574,1029
1720853,TO,202609,117,341,78816,673.64,673.64,460,1173,98,103,259
1720903,TO,202609,2511,6352,1693293,674.35,674.35,4951,10688,2465,738,1748
1720937,TO,202609,180,570,124925,694.03,694.03,495,1357,157,132,206
1720978,TO,202609,166,498,116058,699.14,699.14,650,1567,136,163,351
1721000,TO,202609,15530,46391,10715768,691.65,690.0,64104,148667,19410,15240,29454
1721109,TO,202609,1360,4562,1043036,768.07,766.94,2286,6598,1232,430,624
1721208,TO,202609,2961,8676,2091663,707.6,706.4,6321,16029,2621,1420,2280
1721257,TO,202609,220,590,154013,700.06,700.06,582,1371,227,103,252
1721307,TO,202609,145,403,93459,644.54,644.54,548,1348,126,134,288
1722081,TO,202609,1351,3543,936565,693.24,693.24,2978,6731,1303,531,1144
1722107,TO,202609,1613,4308,1113176,690.13,690.13,3480,7237,1573,517,1390
2100055,MA,202609,11496,32274,7920386,689.27,688.97,26439,64031,10210,5920,10309
2100105,MA,202609,1801,5140,1326833,736.72,736.72,2567,6518,1954,245,368
2100154,MA,202609,2651,7252,1865334,704.96,703.63,3955,9833,2586,542,827
2100204,MA,202609,5861,12933,3926486,669.93,669.93,8577,17075,5795,702,2080
2100303,MA,202609,4090,12292,2972024,726.83,726.66,5904,16624,3765,1041,1098
2100402,MA,202609,1715,4013,1167993,681.05,681.05,2359,5048,1780,166,413
2100436,MA,202609,4304,12106,3041292,707.61,706.62,6881,17633,4124,1265,1492
2100477,MA,202609,5056,14749,3655088,722.92,722.92,8312,21357,4838,1251,2223
2100501,MA,202609,1778,5168,1257971,707.52,707.52,3081,7966,1596,549,936
2100550,MA,202609,1596,4497,1143088,716.67,716.22,2611,6373,1584,413,614
2100600,MA,202609,6080,21164,4710038,775.06,774.68,9059,28955,5796,1672,1591
2100709,MA,202609,6344,15147,4284660,675.39,675.39,8529,18902,6344,776,1409
2100808,MA,202609,3674,10560,2619443,713.36,712.97,5047,13150,3839,478,730
2100832,MA,202609,5090,12922,3534153,694.33,694.33,6847,15625,5106,459,1282
2100873,MA,202609,2196,6183,1541509,701.96,701.96,3089,7924,2112,426,551
2100907,MA,202609,7776,22442,5361161,689.63,689.45,10848,29571,7302,1700,1846
2100956,MA,202609,4616,16288,3522396,763.58,763.08,7141,22572,4250,1483,1408
2101004,MA,202609,4933,13696,3404796,690.35,690.21,7796,20246,4629,1355,1812
2101103,MA,202609,3244,7802,2195771,676.87,676.87,4289,9550,3311,366,612
2101202,MA,202609,17012,43237,11320341,665.82,665.43,31305,69098,16283,5956,9066
2101251,MA,202609,3598,9610,2484885,691.01,690.63,5577,13335,3384,946,1247
2101301,MA,202609,3324,8466,2313698,696.06,696.06,5135,11546,3282,470,1383
2101350,MA,202609,1302,3200,887052,681.82,681.3,1988,4438,1292,153,543
2101400,MA,202609,12276,35008,8534030,696.6,695.18,27128,66168,10997,5916,10215
2101509,MA,202609,3799,9103,2593843,682.95,682.77,5747,12575,3771,680,1296
2101608,MA,202609,14674,40317,10199054,695.09,695.04,25690,61360,13730,4619,7341
2101707,MA,202609,13480,41534,9639450,715.2,715.09,19966,56046,12647,3454,3865
2101731,MA,202609,2026,7266,1624981,802.86,802.06,2714,8847,2111,261,342
2101772,MA,202609,2595,7421,1845011,710.99,710.99,3752,9726,2479,553,720
2101806,MA,202609,1097,2986,762265,694.86,694.86,1793,4217,1129,202,462
2101905,MA,202609,4355,10400,2929772,672.74,672.74,7221,15199,4440,873,1908
2101939,MA,202609,942,2585,637851,677.12,677.12,1544,3893,877,315,352
2101970,MA,202609,1797,5306,1305600,727.35,726.54,2663,6929,1786,323,554
2102002,MA,202609,6562,19004,4671443,712.76,711.89,10056,26041,6427,1578,2051
2102036,MA,202609,4830,15040,3535702,732.33,732.03,7760,21075,4422,1374,1964
2102077,MA,202609,2577,6655,1767897,686.3,686.03,4041,9276,2506,549,986
2102101,MA,202609,6768,19065,4757650,703.07,702.96,9294,24524,6483,1380,1431
2102150,MA,202609,2226,6421,1583452,711.34,711.34,2985,7833,2276,262,447
2102200,MA,202609,7384,20449,5381946,729.16,728.87,9456,24283,7274,841,1341
2102309,MA,202609,5493,14033,3828639,698.53,697.0,7646,17776,5454,615,1577
2102325,MA,202609,8876,25992,6333691,715.19,713.57,14567,38437,8125,2683,3759
2102358,MA,202609,2248,6693,1567412,697.25,697.25,3595,9620,2038,667,890
2102374,MA,202609,3655,8469,2534995,693.57,693.57,5186,10717,3874,287,1025
2102408,MA,202609,2176,6037,1477467,679.3,678.98,3189,8194,2050,485,654
2102507,MA,202609,5574,14161,3849900,690.69,690.69,7428,17324,5333,839,1256
2102556,MA,202609,1746,5065,1264492,724.22,724.22,3294,8461,1688,609,997
2102606,MA,202609,4300,12324,3001528,698.03,698.03,6486,16748,3992,1049,1445
2102705,MA,202609,3310,9340,2294592,695.12,693.23,5082,12946,3086,864,1132
2102754,MA,202609,2287,6117,1583118,692.83,692.22,3328,8003,2207,424,697
2102804,MA,202609,3924,10463,2749483,700.68,700.68,6927,16071,3901,1036,1990
2102903,MA,202609,6132,15408,4108675,670.8,670.04,8769,19868,5816,1145,1808
2103000,MA,202609,14306,46906,9627608,673.31,672.98,32659,88996,10916,12711,9032
2103109,MA,202609,2608,6233,1721369,660.29,660.03,3798,8292,2532,423,843
2103125,MA,202609,2523,5556,1675544,664.11,664.11,3473,7073,2397,362,714
2103158,MA,202609,3099,8391,2208179,713.01,712.55,3980,9874,3017,363,600
2103174,MA,202609,3792,11411,2753911,726.63,726.24,5022,13823,3625,624,773
2103208,MA,202609,22747,51656,15515862,682.2,682.11,31114,64253,23051,2561,5502
2103257,MA,202609,2570,7565,1845470,718.64,718.08,3974,10200,2500,472,1002
2103307,MA,202609,18324,50183,12674648,691.92,691.7,33157,75170,16519,6321,10317
2103406,MA,202609,8814,23265,6023548,683.48,683.41,13178,31240,8209,1948,3021
2103505,MA,202609,8375,21219,5800724,692.87,692.62,11748,27335,8212,1292,2244
2103554,MA,202609,3117,9613,2260952,725.83,725.36,4405,12575,3036,635,734
2103604,MA,202609,10274,29476,7120079,694.17,693.02,16138,42675,9377,2994,3767
2103703,MA,202609,8351,19355,5703773,683.33,683.0,13358,26063,8392,963,4003
2103752,MA,202609,1655,4866,1123234,678.69,678.69,3846,9656,1367,1004,1475
2103802,MA,202609,4414,11040,3033586,688.36,687.26,6684,15049,4286,837,1561
2103901,MA,202609,2978,7978,2115479,710.37,710.37,4188,10211,3256,359,573
2104008,MA,202609,3351,10071,2314671,690.95,690.74,5217,13597,2791,1044,1382
2104057,MA,202609,4132,11725,2813502,681.07,680.91,8661,21039,3659,2283,2719
2104073,MA,202609,1379,4267,980828,712.29,711.26,2362,6616,1285,392,685
2104081,MA,202609,2405,8468,1871671,778.24,778.24,3388,10598,2348,487,553
2104099,MA,202609,3215,10239,2346461,729.85,729.85,4767,13887,3065,768,934
2104107,MA,202609,2529,7010,1761808,697.47,696.64,4524,11154,2444,672,1408
2104206,MA,202609,3344,9863,2397545,717.18,716.97,5007,13442,3194,674,1139
2104305,MA,202609,2064,5696,1451610,703.3,703.3,2957,7313,1971,378,608
2104404,MA,202609,3581,9322,2502395,698.8,698.8,5035,11870,3503,479,1053
2104503,MA,202609,1767,4943,1237648,700.42,700.42,2643,6717,1719,363,561
2104552,MA,202609,2735,7511,1883755,692.3,688.76,5673,13369,2387,1382,1904
2104602,MA,202609,2313,6774,1626841,703.35,703.35,3769,9668,2154,605,1010
2104628,MA,202609,1259,3688,893074,709.92,709.35,2101,5430,1200,351,550
2104651,MA,202609,2147,5842,1463525,685.49,681.66,3113,7705,2021,433,659
2104677,MA,202609,4883,13653,3478084,712.28,712.28,7384,18139,4820,1022,1542
2104701,MA,202609,1123,3421,794964,708.52,707.89,2060,5205,1053,304,703
2104800,MA,202609,13877,41590,10154654,732.03,731.76,21530,57647,13474,3603,4453
2104909,MA,202609,2134,5628,1433693,671.83,671.83,3497,8156,2041,487,969
2105005,MA,202609,5666,19054,4236513,748.37,747.71,8101,24734,5567,1218,1316
2105104,MA,202609,6768,17406,4706952,695.88,695.47,8874,20763,6561,746,1567
2105153,MA,202609,2768,8514,2000289,722.65,722.65,4255,11470,2532,782,941
2105203,MA,202609,1992,5523,1357085,681.27,681.27,3273,8268,1914,552,807
2105302,MA,202609,29510,77685,20119358,681.92,681.78,69283,151505,28379,14609,26295
2105351,MA,202609,3467,9955,2564064,739.78,739.56,4847,12393,3506,421,920
2105401,MA,202609,9520,28297,6699837,703.84,703.76,17036,45029,8519,3844,4673
2105427,MA,202609,4057,10596,2848431,702.62,702.1,8080,16879,4389,932,2759
2105450,MA,202609,1808,5178,1278107,707.31,706.92,2641,6890,1789,283,569
2105476,MA,202609,3062,10821,2473657,807.86,807.86,4397,14067,2915,747,735
2105500,MA,202609,3712,11339,2616417,704.85,704.85,7245,18848,3505,1516,2224
2105609,MA,202609,2949,9137,2126796,721.44,721.19,4433,12640,2858,619,956
2105658,MA,202609,1146,3302,830498,725.96,724.69,1902,4627,1153,258,491
2105708,MA,202609,8837,24657,6180322,699.37,699.37,12416,31595,8469,1589,2358
2105807,MA,202609,2112,5613,1484849,703.39,703.05,3287,7701,2166,374,747
2105906,MA,202609,3012,8714,2137719,709.73,709.73,4607,12095,2895,746,966
2105922,MA,202609,2530,6413,1750442,692.15,691.87,3317,7958,2472,324,521
2105948,MA,202609,1773,4977,1240326,699.96,699.56,2840,7242,1715,436,689
2105963,MA,202609,2452,7919,1737400,708.56,708.56,3796,11000,2157,788,851
2105989,MA,202609,1592,4324,1121467,704.44,704.44,2261,5579,1616,227,418
2106003,MA,202609,2108,5731,1442909,684.49,684.49,3778,9099,1970,683,1125
2106102,MA,202609,2192,5823,1529347,698.01,697.69,3638,8662,2107,492,1039
2106201,MA,202609,2104,5608,1459768,694.14,693.81,3308,7606,2156,294,858
2106300,MA,202609,2595,7441,1822837,702.71,702.44,4005,10728,2503,678,824
2106326,MA,202609,4655,12677,3346963,719.0,719.0,6801,16270,4650,846,1305
2106359,MA,202609,1529,4904,1120325,732.72,732.72,2092,6131,1500,291,301
2106375,MA,202609,2464,7236,1765196,716.39,716.39,3817,9767,2314,546,957
2106409,MA,202609,4187,11967,2985049,713.1,712.93,5414,14440,4007,599,808
2106508,MA,202609,5699,15910,3990726,700.37,700.25,7882,20113,5586,756,1540
2106607,MA,202609,6155,17491,4369831,710.08,709.96,9284,23985,5854,1269,2161
2106631,MA,202609,1868,5041,1241255,666.98,664.48,3091,7120,1656,650,785
2106672,MA,202609,1707,5084,1224884,717.99,717.57,2323,6408,1634,287,402
2106706,MA,202609,5296,13703,3698014,698.27,698.27,7432,17566,5267,756,1409
2106755,MA,202609,4751,11361,3193462,673.58,672.17,6883,15033,4683,806,1394
2106805,MA,202609,4743,9926,3170833,668.53,668.53,6503,12400,4896,349,1258
2106904,MA,202609,6533,17500,4614128,713.38,706.28,9808,22937,6428,1075,2305
2107001,MA,202609,1864,5021,1307356,701.75,701.37,3114,7441,1775,489,850
2107100,MA,202609,4468,12864,3191920,714.4,714.4,6125,16200,4368,685,1072
2107209,MA,202609,2587,7655,1903995,735.99,735.99,3876,9938,2627,421,828
2107258,MA,202609,899,2683,642131,715.87,714.27,1660,4258,868,269,523
2107308,MA,202609,1115,2617,762948,684.87,684.26,1758,3642,1135,139,484
2107357,MA,202609,3451,10263,2466962,715.27,714.85,5004,13326,3320,712,972
2107407,MA,202609,4018,9831,2723579,677.84,677.84,6072,13385,3992,766,1314
2107456,MA,202609,3406,8922,2349313,689.76,689.76,4598,11297,3298,559,741
2107506,MA,202609,17748,50479,12159006,685.32,685.09,33288,84482,16166,7644,9478
2107605,MA,202609,5989,12101,3971482,663.35,663.13,8321,15457,6456,463,1402
2107704,MA,202609,4344,10857,2977714,685.64,685.48,6414,14470,4258,646,1510
2107803,MA,202609,5512,15682,3901231,707.77,707.77,9171,23796,5130,1484,2557
2107902,MA,202609,3672,10810,2597829,707.47,707.47,5434,14183,3475,753,1206
2108009,MA,202609,3795,9940,2630510,694.62,693.15,5547,13258,3710,620,1217
2108058,MA,202609,3747,12064,2745549,732.73,732.73,5431,16054,3435,973,1023
2108108,MA,202609,4451,12194,3137966,705.0,705.0,6257,15488,4293,867,1097
2108207,MA,202609,4157,11963,2763894,665.68,664.88,8210,21568,3602,2199,2409
2108256,MA,202609,7544,18011,5244557,695.29,695.2,10086,22132,7649,781,1656
2108306,MA,202609,7712,20307,5511474,715.03,714.66,10564,25150,7576,1131,1857
2108405,MA,202609,3920,7600,2567191,654.9,654.9,5923,10343,4166,385,1372
2108454,MA,202609,4467,12020,3117785,699.84,697.96,6480,15874,4291,746,1443
2108504,MA,202609,5567,15373,3918486,704.76,703.88,9141,22154,5351,1526,2264
2108603,MA,202609,18497,42237,12481072,674.94,674.76,28748,59492,18391,3693,6664
2108702,MA,202609,4910,13192,3431041,698.93,698.79,7384,17740,4858,947,1579
2108801,MA,202609,3311,8939,2320210,700.76,700.76,4822,11954,3160,608,1054
2108900,MA,202609,3828,9609,2582821,674.89,674.72,5603,12507,3851,543,1209
2109007,MA,202609,2377,7008,1614757,679.33,679.33,6463,15906,1908,1913,2642
2109056,MA,202609,2082,4516,1384879,665.17,665.17,2821,5558,2141,185,495
2109106,MA,202609,5039,15200,3384259,672.55,671.61,9414,25622,4317,2436,2661
2109205,MA,202609,2760,7908,1997150,723.61,723.61,3689,9656,2659,383,647
2109239,MA,202609,1342,3521,928426,692.34,691.82,2085,5004,1289,324,472
2109270,MA,202609,4285,12894,3139346,733.66,732.64,6412,16913,4452,886,1074
2109304,MA,202609,2408,6778,1748064,725.94,725.94,3669,9248,2353,478,838
2109403,MA,202609,2537,7572,1721103,678.4,678.4,3628,10028,2173,751,704
2109452,MA,202609,6361,17259,4533337,713.57,712.68,11289,25603,7407,1406,2476
2109502,MA,202609,3702,10681,2661138,718.84,718.84,6596,16403,3602,1022,1972
2109551,MA,202609,1026,2951,707020,689.78,689.1,1916,4812,928,380,608
2109601,MA,202609,6408,17954,4463935,697.38,696.62,11547,29115,6069,2359,3119
2109700,MA,202609,1121,3043,788305,703.22,703.22,1995,4684,1096,253,646
2109759,MA,202609,1135,3480,791750,697.58,697.58,1663,4849,1040,350,273
2109809,MA,202609,7626,17238,5015170,657.99,657.64,11370,23076,7416,1428,2526
2109908,MA,202609,11793,33714,8108571,688.04,687.57,23424,56562,10551,5427,7446
2110005,MA,202609,10566,31106,7621675,721.75,721.34,16419,42971,9943,2662,3814
2110039,MA,202609,5257,13415,3675230,699.51,699.11,8108,17736,5607,839,1662
2110104,MA,202609,5833,17903,4167052,714.88,714.39,8046,22268,5559,1017,1470
2110203,MA,202609,8887,21514,6156960,692.81,692.81,13006,27255,9300,1273,2433
2110237,MA,202609,1809,5420,1274826,705.88,704.71,2587,7280,1691,417,479
2110278,MA,202609,3407,9822,2431071,713.55,713.55,4562,12228,3326,544,692
2110302,MA,202609,3245,8713,2244573,691.92,691.7,4459,10958,3119,590,750
2110401,MA,202609,4196,13301,3134115,746.93,746.93,5653,16595,4130,636,887
2110500,MA,202609,7055,18235,4736481,673.94,671.37,10598,24566,6875,1342,2381
2110609,MA,202609,6674,17004,4596883,688.88,688.77,9239,21632,6685,958,1596
2110658,MA,202609,1674,4785,1207036,721.48,721.05,2720,6623,1599,307,814
2110708,MA,202609,7229,20161,5044486,698.1,697.81,11274,27873,6823,1642,2809
2110807,MA,202609,830,2157,561235,677.0,676.19,1515,3460,822,219,474
2110856,MA,202609,1684,4568,1202293,713.95,713.95,2944,6741,1646,358,940
2110906,MA,202609,2556,6782,1790904,700.67,700.67,3607,8693,2525,380,702
2111003,MA,202609,6219,14067,4134096,664.75,664.75,8046,17077,6329,633,1084
2111029,MA,202609,2694,8307,1957863,727.02,726.75,3735,10453,2554,582,599
2111052,MA,202609,1832,5342,1291029,704.71,704.71,2887,7564,1790,451,646
2111078,MA,202609,3579,10853,2603057,727.72,727.31,5375,14752,3432,692,1251
2111102,MA,202609,4673,11983,3211559,687.41,687.26,7689,17492,4542,992,2155
2111201,MA,202609,26006,68824,17444604,671.31,670.79,49463,117831,25212,10889,13362
2111250,MA,202609,1244,3810,875894,706.37,704.09,1977,5490,1167,334,476
2111300,MA,202609,121248,301387,80777575,666.55,666.22,240051,525847,118000,48049,74002
2111409,MA,202609,3731,10431,2592520,694.86,694.86,5905,14669,3585,814,1506
2111508,MA,202609,6719,18943,4669969,696.91,695.04,11267,27746,6193,2124,2950
2111532,MA,202609,1731,5387,1263085,729.69,729.69,3777,8950,1603,655,1519
2111573,MA,202609,1004,2969,707157,704.34,704.34,1628,4419,954,325,349
2111607,MA,202609,3254,8564,2219996,682.24,682.24,6561,14217,3299,1217,2045
2111631,MA,202609,1176,3573,833430,709.3,708.7,1740,4673,1110,271,359
2111672,MA,202609,1126,3339,773175,686.66,686.66,1602,4352,1040,286,276
2111706,MA,202609,5235,12082,3462641,661.44,661.44,7348,15643,5267,745,1336
2111722,MA,202609,1847,5126,1275405,692.03,690.53,2808,7246,1773,412,623
2111748,MA,202609,2798,7146,2031864,726.18,726.18,4004,9101,3044,301,659
2111763,MA,202609,3074,8309,2167007,705.18,704.95,5079,12004,3010,629,1440
2111789,MA,202609,4003,8626,2746950,686.22,686.22,5355,10649,4113,291,951
2111805,MA,202609,3086,9761,2192124,710.34,710.34,4675,13406,2887,938,850
2111904,MA,202609,2583,6793,1801870,697.86,697.59,3852,9157,2542,389,921
2111953,MA,202609,1030,2859,713932,693.14,693.14,1641,4145,1008,236,397
2112001,MA,202609,1186,3646,847093,714.85,714.24,2446,6612,1060,492,894
2112100,MA,202609,4803,14218,3466665,721.77,721.77,6991,19211,4569,1040,1382
2112209,MA,202609,26261,69763,18194005,693.29,692.81,50357,115358,25985,9225,15147
2112233,MA,202609,3016,8453,2031556,674.49,673.59,5716,14779,2664,1491,1561
2112274,MA,202609,1344,4286,998327,742.8,742.8,2033,5648,1350,280,403
2112308,MA,202609,6716,17735,4703348,700.42,700.32,11002,24684,7012,1481,2509
2112407,MA,202609,9410,23784,6618662,703.74,703.36,12806,28831,9989,998,1819
2112456,MA,202609,5815,14272,4098930,705.13,704.89,7551,16938,5822,612,1117
2112506,MA,202609,12403,35531,8871518,715.56,715.27,18051,47329,12047,2645,3359
2112605,MA,202609,7136,21550,5282471,740.26,740.26,9882,26860,6996,1138,1748
2112704,MA,202609,7271,22540,5230378,719.45,719.35,11213,31202,6497,2401,2315
2112803,MA,202609,10034,27365,6904528,688.25,688.11,15211,38370,9603,2449,3159
2112852,MA,202609,1608,4925,1172710,729.3,729.3,2638,7097,1496,507,635
2112902,MA,202609,5954,16592,4176714,701.5,701.5,9032,23222,5647,1371,2014
2113009,MA,202609,5083,14185,3465685,682.36,681.82,8200,21237,4828,1394,1978
2114007,MA,202609,7502,21490,5233505,697.99,697.61,13305,32815,7014,2550,3741
2200053,PI,202609,1396,3514,934236,669.22,669.22,2255,5317,1356,346,553
2200103,PI,202609,974,2576,665327,685.9,683.09,1866,4354,971,235,660
2200202,PI,202609,3576,8776,2389526,668.4,668.21,6270,13076,3639,750,1881
2200251,PI,202609,1419,3162,924573,651.57,651.57,2587,5173,1577,282,728
2200277,PI,202609,951,2186,630200,664.77,662.67,1662,3451,923,212,527
2200301,PI,202609,3028,6574,1988241,656.62,656.62,4876,9700,3020,464,1392
2200400,PI,202609,5903,16610,4052971,688.7,686.6,11981,30099,5844,2769,3368
2200459,PI,202609,1154,3070,796397,691.32,690.12,2045,4896,1119,260,666
2200509,PI,202609,3251,8814,2242388,691.88,689.75,5631,13176,3162,783,1686
2200608,PI,202609,1592,3672,1067946,672.09,670.82,2716,5400,1658,257,801
2200707,PI,202609,1910,4640,1287784,674.23,674.23,3031,6650,1873,325,833
2200806,PI,202609,507,1415,349617,692.31,689.58,947,2396,464,170,313
2200905,PI,202609,1132,2605,746526,659.48,659.48,2032,4122,1171,190,671
2200954,PI,202609,697,1415,448166,642.99,642.99,1209,2275,764,130,315
2201002,PI,202609,938,2435,644605,687.21,687.21,1730,4033,886,221,623
2201051,PI,202609,1523,4242,1065039,700.22,699.3,2695,6699,1476,436,783
2201101,PI,202609,2248,6042,1534765,682.72,682.72,3920,9155,2183,564,1173
2201150,PI,202609,2558,6800,1797650,702.76,702.76,3883,9545,2366,556,961
2201176,PI,202609,764,1927,504144,659.87,659.87,1450,3227,734,203,513
2201200,PI,202609,13007,29479,8721110,670.6,670.49,17984,37634,12886,1531,3567
2201309,PI,202609,705,1902,486270,692.69,689.74,1142,2807,674,173,295
2201408,PI,202609,1196,2960,812301,679.18,679.18,1889,4272,1133,261,495
2201507,PI,202609,5169,13269,3494507,676.31,676.05,8161,19626,4939,1240,1982
2201556,PI,202609,737,2027,496010,673.93,673.01,1515,3771,686,343,486
2201572,PI,202609,641,1509,418759,653.29,653.29,1169,2611,619,208,342
2201606,PI,202609,1886,4686,1282867,680.21,680.21,3589,7856,2177,431,981
2201705,PI,202609,967,2509,650599,672.8,672.8,1728,3958,912,264,552
2201739,PI,202609,1499,4011,1030634,688.47,687.55,2680,6510,1420,363,897
2201770,PI,202609,1982,5041,1350554,682.1,681.41,2726,6170,1990,190,546
2201804,PI,202609,715,1583,462527,646.89,646.89,1451,2953,785,195,471
2201903,PI,202609,4683,12185,3234060,690.74,690.6,8724,18868,4694,1455,2575
2201919,PI,202609,1414,3685,946323,669.25,669.25,2311,5424,1338,424,549
2201929,PI,202609,1329,3377,898544,677.12,676.11,2290,5220,1298,248,744
2201945,PI,202609,1506,3779,1027537,682.75,682.3,2351,5413,1493,253,605
2201960,PI,202609,1670,4035,1121751,672.51,671.71,2680,5893,1645,370,665
2201988,PI,202609,1011,2469,679860,672.46,672.46,1495,3311,996,160,339
2202000,PI,202609,4007,11038,2729771,681.59,681.25,6372,16227,3751,1082,1539
2202026,PI,202609,1555,3920,1059596,681.85,681.41,2737,6277,1553,332,852
2202059,PI,202609,1942,4802,1287944,663.2,663.2,3290,7486,1846,538,906
2202075,PI,202609,478,1313,327393,684.92,684.92,929,2369,434,209,286
2202083,PI,202609,991,3155,704063,712.61,710.46,2685,7154,903,921,861
2202091,PI,202609,1084,3086,729892,675.2,673.33,1988,5041,1023,317,648
2202109,PI,202609,1083,2439,698879,645.32,645.32,1940,4123,1081,255,604
2202117,PI,202609,1245,2888,840239,674.89,674.89,1961,4049,1310,188,463
2202133,PI,202609,1184,2807,782709,661.07,661.07,2338,5019,1197,332,809
2202174,PI,202609,1995,5315,1402307,703.26,702.91,2836,6547,1995,285,556
2202208,PI,202609,9709,20949,6351518,654.26,654.19,16272,32499,9591,2124,4557
2202251,PI,202609,750,1835,509278,679.04,679.04,1212,2518,752,105,355
2202307,PI,202609,4184,10208,2815726,673.14,672.97,6440,14186,4040,753,1647
2202406,PI,202609,2820,6849,1904725,675.43,675.43,4591,10128,2817,488,1286
2202455,PI,202609,1155,2442,762615,660.27,660.27,1955,3648,1211,155,589
2202505,PI,202609,2497,6624,1727385,691.78,691.78,3692,8669,2427,368,897
2202539,PI,202609,1185,3141,802592,679.59,677.29,2123,4907,1136,348,639
2202554,PI,202609,1233,2925,812834,659.23,659.23,2148,4674,1173,361,614
2202604,PI,202609,3728,9539,2576159,691.22,691.03,6666,14994,3737,832,2097
2202653,PI,202609,1312,3439,900859,686.63,686.63,2049,4969,1275,323,451
2202703,PI,202609,5923,15945,4029684,680.35,680.35,8580,22239,5492,1514,1574
2202711,PI,202609,1145,2630,765776,669.97,668.8,1834,3775,1184,182,468
2202729,PI,202609,1198,3355,799549,667.96,667.4,2026,5311,1102,440,484
2202737,PI,202609,827,2393,571175,692.33,690.66,1562,3984,780,239,543
2202752,PI,202609,1778,3918,1194726,673.46,671.95,2994,5709,1800,201,993
2202778,PI,202609,1528,3660,1021938,669.25,668.81,2706,5670,1555,278,873
2202802,PI,202609,1270,2780,825814,650.76,650.25,2351,4427,1324,281,746
2202851,PI,202609,1263,2944,838827,664.15,664.15,2018,4149,1306,202,510
2202901,PI,202609,4154,12207,2885388,694.77,694.6,7933,20266,3722,1531,2680
2203008,PI,202609,1201,3524,829769,690.9,690.9,2165,5645,1078,406,681
2203107,PI,202609,1882,5279,1267472,673.47,673.47,3507,8407,1647,721,1139
2203206,PI,202609,2151,5907,1469017,682.95,682.95,3956,9538,2022,648,1286
2203230,PI,202609,1063,3039,734498,691.62,690.97,2011,5054,927,375,709
2203255,PI,202609,861,2507,602915,701.06,700.25,1548,4006,798,251,499
2203271,PI,202609,1374,3591,945159,687.89,687.89,2178,5097,1362,288,528
2203305,PI,202609,3656,8833,2580737,706.28,705.89,6099,13143,3980,696,1423
2203354,PI,202609,1680,4245,1157764,690.79,689.15,2432,5542,1741,174,517
2203404,PI,202609,1007,2694,665693,662.38,661.07,2192,5246,938,396,858
2203420,PI,202609,902,2419,613994,680.7,680.7,1561,3662,849,246,466
2203453,PI,202609,1990,4593,1303185,655.2,654.87,3587,7228,1903,428,1256
2203503,PI,202609,1838,4850,1230050,669.6,669.23,3931,9212,1722,801,1408
2203602,PI,202609,832,2090,563378,677.14,677.14,1574,3451,813,212,549
2203701,PI,202609,7306,19720,5045368,690.58,690.58,11310,27947,6950,1847,2513
2203750,PI,202609,1573,3750,1049521,683.73,667.21,2156,4679,1617,140,399
2203800,PI,202609,1084,2382,718398,663.34,662.73,1969,3781,1145,156,668
2203859,PI,202609,530,1219,346647,654.05,654.05,1159,2266,562,107,490
2203909,PI,202609,7646,18130,5086364,665.41,665.23,16679,34526,7327,3325,6027
2204006,PI,202609,884,2115,589073,666.37,666.37,1825,3955,852,299,674
2204105,PI,202609,834,2199,575444,690.81,689.98,1487,3496,836,173,478
2204154,PI,202609,499,1324,324751,653.42,650.8,1058,2538,466,196,396
2204204,PI,202609,1071,2933,706994,660.13,660.13,2292,5740,1003,438,851
2204303,PI,202609,1973,4685,1260196,639.37,638.72,3373,7307,1805,581,987
2204352,PI,202609,1500,3500,1008895,672.6,672.6,2636,5592,1491,346,799
2204402,PI,202609,2384,6286,1662909,700.17,697.53,3701,8828,2287,491,923
2204501,PI,202609,2023,5173,1398051,691.08,691.08,3216,7307,1961,356,899
2204550,PI,202609,1302,3283,910402,699.77,699.23,1834,4101,1370,150,314
2204600,PI,202609,773,1824,524208,679.03,678.15,1265,2686,813,116,336
2204659,PI,202609,1946,5409,1322823,680.46,679.77,3219,8354,1802,632,785
2204709,PI,202609,2512,6597,1666757,663.78,663.52,4413,10798,2330,842,1241
2204808,PI,202609,1419,3956,951564,671.06,670.59,2969,7350,1349,617,1003
2204907,PI,202609,1724,4481,1165102,676.99,675.81,2853,6474,1657,327,869
2205003,PI,202609,2128,4898,1385488,651.08,651.08,4129,8718,2059,650,1420
2205102,PI,202609,1872,4776,1257621,671.81,671.81,3190,7203,1869,367,954
2205151,PI,202609,1456,3218,967794,664.69,664.69,2545,4896,1583,257,705
2205201,PI,202609,4036,9604,2720056,674.45,673.95,6418,13808,4276,738,1404
2205250,PI,202609,974,2440,659571,677.87,677.18,1570,3447,931,194,445
2205276,PI,202609,1231,2929,817175,663.83,663.83,2124,4439,1264,193,667
2205300,PI,202609,925,2240,615246,665.13,665.13,1676,3523,872,258,546
2205359,PI,202609,630,1601,414577,658.06,658.06,1062,2483,597,161,304
2205409,PI,202609,2405,7108,1655157,689.07,688.21,3792,10501,2210,688,894
2205458,PI,202609,1378,3814,952237,691.53,691.03,1984,5036,1327,242,415
2205508,PI,202609,6670,19090,4550971,682.41,682.3,11537,31251,6121,2388,3028
2205516,PI,202609,1168,2786,776112,665.05,664.48,1910,4199,1145,186,579
2205524,PI,202609,974,2829,687981,706.35,706.35,1806,4681,937,275,594
2205532,PI,202609,1361,3034,918785,675.08,675.08,2391,4664,1560,212,619
2205540,PI,202609,582,1418,399335,686.14,686.14,1134,2415,596,162,376
2205557,PI,202609,2411,5564,1640387,680.38,680.38,4089,8275,2681,296,1112
2205565,PI,202609,860,2267,571537,664.58,664.58,1796,4233,852,320,624
2205573,PI,202609,1259,3350,859946,683.04,683.04,2427,5938,1217,345,865
2205581,PI,202609,925,2430,635720,687.26,687.26,1566,3619,894,210,462
2205599,PI,202609,1235,3001,825127,668.66,668.12,2168,4762,1233,296,639
2205607,PI,202609,1250,2989,829919,664.47,663.94,2194,4459,1202,232,760
2205706,PI,202609,5631,16544,3790550,673.52,673.16,9871,26582,5192,2273,2406
2205805,PI,202609,5524,14440,3758760,680.44,680.44,8178,19554,5377,1068,1733
2205854,PI,202609,1686,4907,1186298,703.62,703.62,2649,7087,1614,344,691
2205904,PI,202609,1071,2645,716725,669.84,669.21,1937,4277,1020,318,599
2205953,PI,202609,2064,5627,1438285,697.18,696.84,3231,8203,1955,586,690
2206001,PI,202609,1067,2365,709057,665.78,664.53,1844,3499,1122,162,560
2206050,PI,202609,1023,2758,671764,661.84,656.66,1858,4670,979,335,544
2206100,PI,202609,2836,7034,1946910,686.5,686.5,3956,8861,2833,355,768
2206209,PI,202609,7783,19945,5483115,704.59,704.5,11269,26181,7598,1188,2483
2206308,PI,202609,193,554,128036,663.4,663.4,397,1048,174,89,134
2206357,PI,202609,1518,3867,1020533,672.29,672.29,2377,5609,1461,291,625
2206407,PI,202609,1555,4368,1045476,673.2,672.33,2794,7205,1430,486,878
2206506,PI,202609,1821,4473,1182185,649.55,649.2,3068,6654,1723,477,868
2206605,PI,202609,1879,5395,1325754,709.72,705.56,3155,8082,1784,440,931
2206654,PI,202609,1112,2990,784006,705.04,705.04,1835,4367,1147,203,485
2206670,PI,202609,1350,3537,929569,689.08,688.57,2008,4915,1296,281,431
2206696,PI,202609,1554,4104,1081202,695.75,695.75,2227,5508,1510,300,417
2206704,PI,202609,1721,3961,1167523,679.19,678.4,2902,5864,1721,273,908
2206720,PI,202609,2043,5583,1414762,692.49,692.49,3638,8668,1925,571,1142
2206753,PI,202609,942,2465,629625,668.39,668.39,1653,3966,854,291,508
2206803,PI,202609,2783,6460,1914063,688.26,687.77,3829,8043,3103,201,525
2206902,PI,202609,1052,2675,693736,660.07,659.44,1892,4354,1034,269,589
2206951,PI,202609,720,1870,482876,670.66,670.66,1167,2822,697,160,310
2207009,PI,202609,7842,17208,5132987,654.63,654.55,15247,29794,8269,2114,4864
2207108,PI,202609,510,1320,350424,687.11,687.11,1003,2363,480,138,385
2207207,PI,202609,1585,3441,1055464,665.91,665.91,2502,5026,1611,282,609
2207306,PI,202609,992,2505,663482,668.83,668.83,1737,3933,982,275,480
2207355,PI,202609,578,1301,370449,640.92,640.92,1215,2543,542,184,489
2207405,PI,202609,887,2311,583845,658.22,658.22,1612,3674,772,300,540
2207504,PI,202609,3572,8008,2434188,681.85,681.46,5355,10613,3581,342,1432
2207553,PI,202609,929,2059,607170,654.28,653.57,1695,3318,953,183,559
2207603,PI,202609,2661,6926,1887808,709.44,709.44,3915,8923,2760,322,833
2207702,PI,202609,18992,52357,12846753,676.43,676.43,39461,97759,17142,10703,11616
2207751,PI,202609,1188,2782,812434,685.02,683.87,1674,3540,1175,108,391
2207777,PI,202609,918,2273,597141,651.19,650.48,1840,4042,863,336,641
2207793,PI,202609,946,2329,632957,669.09,669.09,1462,3345,897,178,387
2207801,PI,202609,4570,11242,3109959,680.52,680.52,7661,16548,4634,1129,1898
2207850,PI,202609,1207,2639,808581,669.91,669.91,1754,3452,1285,102,367
2207900,PI,202609,8576,21279,5747588,670.43,670.19,13486,30535,8303,2052,3131
2207934,PI,202609,695,1772,475762,684.55,684.55,1287,2755,737,122,428
2207959,PI,202609,1031,2524,670597,650.43,650.43,1627,3643,937,259,431
2208007,PI,202609,11204,26022,7206665,643.28,643.22,22277,47213,10556,4205,7516
2208106,PI,202609,2253,5781,1498726,665.51,665.21,3969,9082,2154,536,1279
2208205,PI,202609,4452,10646,2995164,673.52,672.77,7185,15162,4597,972,1616
2208304,PI,202609,5269,12752,3448567,654.5,654.5,9233,20552,4958,1781,2494
2208403,PI,202609,10163,24942,6685089,658.18,657.79,18683,42240,9459,3703,5521
2208502,PI,202609,2949,8011,2127673,721.49,721.49,4258,10056,3048,382,828
2208551,PI,202609,759,1579,510603,673.62,672.73,1219,2164,826,82,311
2208601,PI,202609,882,1878,586691,665.94,665.18,1467,2720,965,128,374
2208650,PI,202609,1477,3863,968732,655.88,655.88,2915,6936,1343,520,1052
2208700,PI,202609,2188,5611,1516773,693.86,693.22,3718,8376,2291,408,1019
2208809,PI,202609,4562,9855,3070347,673.47,673.03,7398,14296,4678,760,1960
2208858,PI,202609,987,2714,677848,686.78,686.78,1739,4199,943,261,535
2208874,PI,202609,1229,2544,799531,651.61,650.55,2109,3808,1298,153,658
2208908,PI,202609,1128,2977,779691,692.44,691.22,2036,4740,1087,247,702
2209005,PI,202609,1660,3526,1101133,663.33,663.33,2645,5137,1668,231,746
2209104,PI,202609,1324,3422,891316,673.2,673.2,2453,5424,1292,377,784
2209153,PI,202609,540,1488,357987,662.94,662.94,1081,2707,502,189,390
2209203,PI,202609,1319,3479,908932,691.2,689.11,2243,5193,1256,321,666
2209302,PI,202609,1499,3474,1011506,674.79,674.79,2373,4810,1560,218,595
2209351,PI,202609,632,1669,424895,672.3,672.3,1406,3472,612,233,561
2209377,PI,202609,1035,2500,697458,673.87,673.87,1856,3935,1129,187,540
2209401,PI,202609,1252,2884,822790,658.76,657.18,2265,4719,1217,325,723
2209450,PI,202609,279,966,201077,720.71,720.71,612,1847,238,158,216
2209500,PI,202609,737,1684,488106,662.29,662.29,1708,3362,786,178,744
2209559,PI,202609,1143,2712,750696,656.78,656.78,2019,4239,1114,252,653
2209609,PI,202609,371,955,242138,652.66,652.66,903,2051,352,180,371
2209658,PI,202609,1406,3408,938308,670.22,667.36,2343,5119,1416,266,661
2209708,PI,202609,1388,2890,905631,652.47,652.47,2537,4717,1421,247,869
2209757,PI,202609,588,1629,411319,699.52,699.52,950,2336,559,148,243
2209807,PI,202609,1081,2687,723218,669.03,669.03,1660,3711,1022,234,404
2209856,PI,202609,955,2262,636930,666.94,666.94,1759,3702,976,226,557
2209872,PI,202609,1384,3458,939807,679.05,679.05,2047,4679,1335,245,467
2209906,PI,202609,1193,3085,808650,678.4,677.83,2020,4743,1168,250,602
2209955,PI,202609,1054,2506,701853,665.89,665.89,1874,3947,1000,255,619
2209971,PI,202609,2075,5397,1435896,692.0,692.0,3094,7346,2132,309,653
2210003,PI,202609,3526,8737,2377511,674.28,674.28,6197,14023,3356,1032,1809
2210052,PI,202609,1223,2938,814771,666.75,666.21,1971,4470,1229,281,461
2210102,PI,202609,657,1620,437056,666.24,665.23,1215,2626,640,166,409
2210201,PI,202609,1193,3254,810054,679.01,679.01,2045,5186,1130,360,555
2210300,PI,202609,1499,3104,981953,655.07,655.07,2341,4357,1531,176,634
2210359,PI,202609,1262,2775,813993,645.0,645.0,2032,4193,1202,257,573
2210375,PI,202609,403,998,267853,664.65,664.65,835,1913,399,176,260
2210383,PI,202609,327,845,218322,667.65,667.65,701,1599,318,131,252
2210391,PI,202609,533,1386,357112,671.26,670.0,1003,2344,512,157,334
2210409,PI,202609,3242,8244,2162767,667.93,667.11,6219,13899,3111,860,2248
2210508,PI,202609,3396,7910,2310039,681.03,680.22,5058,10537,3546,427,1085
2210607,PI,202609,7193,17958,4755331,661.2,661.11,13207,29603,6811,2033,4363
2210623,PI,202609,821,2401,576455,703.85,702.14,1613,3960,883,258,472
2210631,PI,202609,848,2227,584013,689.51,688.69,1493,3621,798,219,476
2210656,PI,202609,2050,4851,1376968,671.69,671.69,3516,7545,2078,394,1044
2210706,PI,202609,2221,6677,1533957,690.97,690.66,4329,11430,2032,965,1332
2210805,PI,202609,2251,5467,1486602,660.71,660.42,4393,9456,2182,681,1530
2210904,PI,202609,995,2232,658032,662.0,661.34,1862,3587,1063,211,588
2210938,PI,202609,1274,3052,847785,666.5,665.45,2171,4804,1285,328,558
2210953,PI,202609,696,1709,460449,661.56,661.56,1141,2511,658,162,321
2210979,PI,202609,432,1121,288025,666.72,666.72,1016,2326,429,190,397
2211001,PI,202609,77350,198829,51652375,668.1,667.77,174292,401507,87215,38676,48401
2211100,PI,202609,8914,23877,6244252,700.5,700.5,14436,33921,9040,2051,3345
2211209,PI,202609,4174,11421,2902203,697.48,695.3,6829,16979,3827,1095,1907
2211308,PI,202609,2980,7480,1943276,652.54,652.11,6711,15411,2775,1520,2416
2211357,PI,202609,1362,3406,924342,679.16,678.67,2099,4711,1339,223,537
2211407,PI,202609,997,2137,649147,651.75,651.1,1788,3474,988,217,583
2211506,PI,202609,639,1556,427662,669.27,669.27,1352,2990,643,197,512
2211605,PI,202609,548,1243,349795,638.31,638.31,1029,2106,535,129,365
2211704,PI,202609,1000,2327,651861,651.86,651.86,1515,3247,1005,156,354
2300101,CE,202609,1925,4983,1288670,669.44,669.44,3666,8477,1942,604,1120
2300150,CE,202609,2775,7368,1881663,678.81,678.08,4733,11724,2593,1024,1116
2300200,CE,202609,13756,35608,9353379,680.0,679.95,19706,48041,13243,2809,3654
2300309,CE,202609,9115,21941,6027289,661.32,661.25,15552,33810,8834,2064,4654
2300408,CE,202609,3111,7520,2049431,658.98,658.77,5286,11250,3000,734,1552
2300507,CE,202609,1329,3835,900042,677.74,677.23,2910,8183,1216,741,953
2300606,CE,202609,1596,3931,1062455,665.7,665.7,3131,6893,1545,465,1121
2300705,CE,202609,2579,6283,1696803,658.19,657.93,5439,11824,2510,888,2041
2300754,CE,202609,8646,23268,5958592,690.13,689.17,13174,33164,8038,2337,2799
2300804,CE,202609,1898,4204,1255129,661.99,661.29,3186,6234,1927,357,902
2300903,CE,202609,2822,6959,1892446,670.84,670.6,4207,9962,2742,573,892
2301000,CE,202609,14680,36022,9721854,662.75,662.25,25880,57757,13891,5531,6458
2301109,CE,202609,9514,24645,6170473,649.66,648.57,19056,47092,8314,5441,5301
2301208,CE,202609,4758,12299,3141576,660.41,660.27,9148,21749,4340,1837,2971
2301257,CE,202609,2102,5221,1383785,658.63,658.32,3686,8536,1897,735,1054
2301307,CE,202609,4288,11329,2915366,680.84,679.89,7654,18791,4046,1223,2385
2301406,CE,202609,2185,6237,1466666,671.55,671.24,4047,11019,2007,771,1269
2301505,CE,202609,928,2530,633873,683.05,683.05,1842,4627,913,431,498
2301604,CE,202609,4362,10572,2884381,661.4,661.25,7886,17243,4220,1292,2374
2301703,CE,202609,4020,10581,2650742,659.55,659.39,7982,19095,3779,1390,2813
2301802,CE,202609,1041,2622,690948,664.37,663.73,2040,4662,1036,305,699
2301851,CE,202609,3153,7871,2155447,684.05,683.62,5822,12986,3086,1070,1666
2301901,CE,202609,9004,25624,6061090,674.65,673.16,20164,52718,7991,4735,7438
2301950,CE,202609,4352,11817,2928569,673.54,672.92,6903,17616,4021,1379,1503
2302008,CE,202609,3696,8829,2422768,655.87,655.51,7006,15656,3480,1052,2474
2302057,CE,202609,3615,9087,2421535,670.23,669.86,5787,13162,3544,898,1345
2302107,CE,202609,6662,15548,4399081,660.32,660.32,10976,23822,6533,2051,2392
2302206,CE,202609,10545,26259,6991503,663.2,663.02,17180,39577,10326,2922,3932
2302305,CE,202609,5265,13943,3585645,681.29,681.03,8263,20817,5137,1496,1630
2302404,CE,202609,8727,21019,5760870,661.11,660.12,16193,36333,8446,2730,5017
2302503,CE,202609,7243,18658,4889022,675.09,675.0,12396,29786,6682,2930,2784
2302602,CE,202609,11084,28141,7435266,671.3,670.81,18891,45332,10431,4055,4405
2302701,CE,202609,4104,10848,2776401,677.01,676.51,8912,20392,3844,1839,3229
2302800,CE,202609,15804,35833,10519002,666.35,665.59,25462,55172,15309,3739,6414
2302909,CE,202609,3416,8400,2279337,667.25,667.25,5725,13092,3329,950,1446
2303006,CE,202609,4027,9584,2705881,672.6,671.93,6189,13544,3911,790,1488
2303105,CE,202609,2818,7450,1887079,669.65,669.65,5806,14207,2678,1111,2017
2303204,CE,202609,5383,14047,3665524,681.2,680.94,9783,23460,5225,1777,2781
2303303,CE,202609,3158,7610,2115208,670.01,669.79,5838,13010,3103,810,1925
2303402,CE,202609,2705,7529,1839192,680.17,679.92,4979,13118,2484,1117,1378
2303501,CE,202609,12824,31496,8476204,661.38,660.96,21894,50718,11886,4544,5464
2303600,CE,202609,1934,4981,1317363,681.16,681.16,3726,8370,1874,572,1280
2303659,CE,202609,2583,5728,1716125,664.39,664.39,3853,7746,2626,368,859
2303709,CE,202609,58833,138077,39002867,663.58,662.94,104759,221125,58654,19301,26804
2303808,CE,202609,4036,9745,2647307,656.57,655.92,7491,17294,3838,1260,2393
2303907,CE,202609,2365,6313,1598127,676.03,675.74,3959,9920,2189,848,922
2303931,CE,202609,2374,5851,1585650,668.77,667.92,4414,10011,2229,707,1478
2303956,CE,202609,3862,9466,2543127,658.5,658.5,6678,15725,3536,1341,1801
2304004,CE,202609,4342,10456,2859066,658.47,658.47,7354,16682,4052,1325,1977
2304103,CE,202609,10153,26170,6762757,666.22,666.08,19113,45067,9268,3831,6014
2304202,CE,202609,19546,47893,12881972,659.33,659.06,41902,94761,18390,8795,14717
2304236,CE,202609,3274,8622,2216458,677.61,676.99,5799,14276,3100,1094,1605
2304251,CE,202609,5529,14465,3784712,685.02,684.52,8436,21051,5378,1599,1459
2304269,CE,202609,1546,3711,1026179,664.19,663.76,3456,7542,1506,497,1453
2304277,CE,202609,1017,2615,662930,651.85,651.85,2359,5440,1009,360,990
2304285,CE,202609,6942,17330,4578814,659.96,659.58,12590,29488,6345,3142,3103
2304301,CE,202609,3102,8476,2081922,671.15,671.15,6043,15019,2906,1047,2090
2304350,CE,202609,3185,7987,2071242,650.31,650.31,7366,16534,2889,1649,2828
2304400,CE,202609,303317,698169,199536104,658.57,657.85,592656,1240152,307163,116524,168969
2304459,CE,202609,2718,6995,1800129,662.54,662.3,4804,11505,2721,924,1159
2304509,CE,202609,2700,6907,1801071,667.06,667.06,4953,11727,2420,1042,1491
2304608,CE,202609,1618,4024,1100636,680.24,680.24,2602,5816,1622,362,618
2304657,CE,202609,2858,7306,1939458,678.61,678.61,5293,12215,2813,784,1696
2304707,CE,202609,9367,26194,6312314,674.46,673.89,14666,39423,8454,3341,2871
2304806,CE,202609,1003,2547,678967,677.61,676.94,2070,4643,1016,349,705
2304905,CE,202609,1553,3835,1000783,644.83,644.42,3437,7990,1451,753,1233
2304954,CE,202609,3934,9922,2627549,668.08,667.91,7385,17446,3691,1420,2274
2305001,CE,202609,8088,22899,5615755,694.93,694.33,13060,33878,7663,2122,3275
2305100,CE,202609,1084,2801,730264,674.3,673.68,2134,5156,1062,367,705
2305209,CE,202609,3650,8896,2461401,674.36,674.36,6143,13884,3688,964,1491
2305233,CE,202609,7652,21518,5045903,660.03,659.42,24749,61228,6419,7924,10406
2305266,CE,202609,2807,7179,1935137,689.4,689.4,4997,11242,2774,679,1544
2305308,CE,202609,3930,11787,2769053,704.95,704.59,6737,18429,3660,1304,1773
2305332,CE,202609,2773,5915,1815434,654.68,654.68,5758,10675,3154,604,2000
2305357,CE,202609,3088,8311,2006515,650.2,649.78,5517,14015,2805,1429,1283
2305407,CE,202609,11915,29228,7966581,668.84,668.62,18715,42938,11289,2830,4596
2305506,CE,202609,15146,35454,9976033,659.18,658.66,29431,63876,14334,5516,9581
2305605,CE,202609,5318,12300,3557120,669.01,668.88,9252,18639,5432,855,2965
2305654,CE,202609,2034,5213,1361476,669.36,669.36,3499,8478,1864,729,906
2305704,CE,202609,2377,5771,1592697,671.46,670.05,4113,9131,2326,538,1249
2305803,CE,202609,10211,23356,6840305,670.03,669.9,15787,32708,10287,1645,3855
2305902,CE,202609,7139,17586,4793762,671.58,671.49,12636,28634,6864,2005,3767
2306009,CE,202609,2138,5298,1427405,667.64,667.64,4335,9916,2053,888,1394
2306108,CE,202609,5316,13922,3623862,681.82,681.69,8253,20095,4970,1368,1915
2306207,CE,202609,1209,2914,776856,643.09,642.56,2601,5745,1153,503,945
2306256,CE,202609,7947,20112,5279769,666.05,664.37,15734,37162,7574,4236,3924
2306306,CE,202609,8557,21993,5682483,664.7,664.07,14445,34555,8065,3014,3366
2306405,CE,202609,20706,57598,14165645,688.59,684.13,33170,86203,18858,6916,7396
2306504,CE,202609,3857,9342,2572846,667.06,667.06,6431,14453,3677,980,1774
2306553,CE,202609,9383,26131,6509539,693.83,693.76,13011,34096,8999,1945,2067
2306603,CE,202609,4571,11532,3104334,680.03,679.14,7557,17737,4318,1279,1960
2306702,CE,202609,3403,8248,2277692,669.32,669.32,6705,14475,3375,840,2490
2306801,CE,202609,1760,4505,1188024,675.01,675.01,3699,8331,1727,649,1323
2306900,CE,202609,4150,11223,2777313,670.52,669.23,8330,21039,3855,1838,2637
2307007,CE,202609,6621,15012,4267622,645.34,644.56,12534,27308,6435,1999,4100
2307106,CE,202609,5268,14120,3593367,682.11,682.11,8704,22000,5009,1507,2188
2307205,CE,202609,1143,3224,784282,686.76,686.16,2273,5886,1078,509,686
2307254,CE,202609,4271,10986,2857529,669.37,669.05,7331,17363,3862,1797,1672
2307304,CE,202609,34778,90474,23283464,669.51,669.49,78231,180656,31532,20128,26571
2307403,CE,202609,4167,10669,2794048,670.52,670.52,7888,18250,3950,1435,2503
2307502,CE,202609,5437,13673,3624367,666.86,666.61,9980,23467,5263,1334,3383
2307601,CE,202609,8261,19769,5446331,660.4,659.28,16204,35488,8154,3079,4971
2307635,CE,202609,3184,8201,2121313,666.45,666.24,5477,13364,2924,1030,1523
2307650,CE,202609,31517,79522,21005283,668.04,666.47,61352,142526,29925,14294,17133
2307700,CE,202609,17910,41667,11724469,655.55,654.63,33805,68325,17930,5842,10033
2307809,CE,202609,5353,15824,3790849,708.57,708.17,8719,24407,4917,2039,1763
2307908,CE,202609,2691,6402,1803867,671.58,670.33,4056,9191,2649,666,741
2308005,CE,202609,6805,17429,4511027,663.19,662.9,11468,28520,6268,2489,2711
2308104,CE,202609,8103,22179,5502403,679.23,679.06,13804,35420,7592,2373,3839
2308203,CE,202609,2246,6408,1529212,680.86,680.86,4570,12142,2106,1055,1409
2308302,CE,202609,4893,12561,3261923,666.92,666.65,8566,20458,4623,1439,2504
2308351,CE,202609,2587,6226,1715173,663.0,663.0,4595,10088,2494,548,1553
2308377,CE,202609,3454,7954,2324741,673.45,673.06,5241,11161,3321,590,1330
2308401,CE,202609,7516,20351,5144918,684.53,684.53,12112,30257,7113,1956,3043
2308500,CE,202609,7402,18653,4977197,672.59,672.41,12512,28797,7306,2149,3057
2308609,CE,202609,4142,9755,2741170,662.12,661.8,7721,15165,4310,685,2726
2308708,CE,202609,10771,23898,7068671,657.31,656.27,20520,41605,11431,2949,6140
2308807,CE,202609,1496,4022,1005627,672.21,672.21,2557,6444,1409,539,609
2308906,CE,202609,3581,10637,2531911,707.04,707.04,5771,16050,3377,1372,1022
2309003,CE,202609,2185,5699,1478945,676.86,676.86,4478,10830,2105,900,1473
2309102,CE,202609,2386,6040,1614516,676.95,676.66,3611,8403,2300,460,851
2309201,CE,202609,2797,7814,1927567,689.4,689.16,5802,14160,2621,1057,2124
2309300,CE,202609,4527,12045,3106984,686.32,686.32,9019,21888,4324,1749,2946
2309409,CE,202609,6916,15469,4602171,665.53,665.44,10138,21232,6668,1152,2318
2309458,CE,202609,4784,12082,3159910,660.65,660.52,8187,19514,4523,1592,2072
2309508,CE,202609,4739,10726,3062837,646.44,646.3,7662,15968,4435,1065,2162
2309607,CE,202609,8114,20802,5329489,656.91,656.83,16588,40553,7245,4483,4860
2309706,CE,202609,10844,27671,7220214,668.29,665.83,20543,48662,9957,4856,5730
2309805,CE,202609,2248,5445,1518317,675.41,675.41,4148,9106,2276,598,1274
2309904,CE,202609,1194,3085,808408,677.06,677.06,2153,5158,1116,417,620
2310001,CE,202609,1853,4292,1210035,653.37,653.01,3916,8179,1885,586,1445
2310100,CE,202609,2068,4725,1376757,665.74,665.74,4150,8447,2143,474,1533
2310209,CE,202609,7302,18528,4941428,677.0,676.72,12027,28684,7072,2130,2825
2310258,CE,202609,7041,17311,4726629,672.83,671.3,10820,24722,6875,1701,2244
2310308,CE,202609,4374,12503,2979472,681.8,681.18,9249,23839,4063,1934,3252
2310407,CE,202609,2615,5870,1736023,663.87,663.87,4253,8817,2625,515,1113
2310506,CE,202609,8201,19180,5427584,662.06,661.82,14772,32120,8001,1878,4893
2310605,CE,202609,2075,5816,1425420,687.28,686.95,3308,8402,1975,498,835
2310704,CE,202609,6128,16138,4121524,672.79,672.57,9424,23952,5736,1869,1819
2310803,CE,202609,2218,5928,1514720,682.92,682.92,4658,11160,2165,956,1537
2310852,CE,202609,4447,10800,2989153,672.17,672.17,7664,17046,4305,1514,1845
2310902,CE,202609,2465,6063,1619700,657.88,657.08,5016,11589,2345,889,1782
2310951,CE,202609,1473,4160,1007808,684.19,684.19,2887,7352,1390,485,1012
2311009,CE,202609,2120,5518,1401596,661.44,661.13,3748,9237,1886,742,1120
2311108,CE,202609,3002,7875,2035711,678.12,678.12,4965,12386,2770,1084,1111
2311207,CE,202609,1943,4788,1302418,670.66,670.31,3646,8041,1923,593,1130
2311231,CE,202609,1180,2902,790022,669.51,669.51,2428,5399,1199,466,763
2311264,CE,202609,3854,9409,2586095,671.02,671.02,7109,15854,3808,937,2364
2311306,CE,202609,18104,38376,11914655,658.3,658.12,32859,64919,18073,4862,9924
2311355,CE,202609,2921,7353,1954550,669.37,669.14,5203,12261,2880,876,1447
2311405,CE,202609,12931,31311,8645748,669.23,668.61,22813,51945,12125,4280,6408
2311504,CE,202609,2555,6552,1669982,654.13,653.61,6121,14744,2263,1815,2043
2311603,CE,202609,4877,12869,3270680,670.77,670.63,8678,21596,4478,1914,2286
2311702,CE,202609,3155,8416,2140451,678.86,678.43,5939,14817,2974,1076,1889
2311801,CE,202609,9627,23055,6329865,657.92,657.51,20617,46722,9116,4693,6808
2311900,CE,202609,2758,6897,1824218,661.43,661.43,5414,12047,2664,803,1947
2311959,CE,202609,3464,10126,2381665,687.55,687.55,6240,16464,3114,1270,1856
2312007,CE,202609,6103,15599,4111459,673.68,673.68,9811,23606,5982,1305,2524
2312106,CE,202609,3621,9679,2501940,690.95,690.95,6387,14966,3576,888,1923
2312205,CE,202609,8662,19527,5695000,658.08,657.47,16035,33677,8618,2261,5156
2312304,CE,202609,7155,21561,4956717,692.86,692.76,12385,34690,6639,2820,2926
2312403,CE,202609,8942,23336,5998244,671.32,670.79,15922,39888,8205,3429,4288
2312502,CE,202609,881,1924,575691,653.45,653.45,2363,4810,1020,287,1056
2312601,CE,202609,2500,6074,1644858,658.21,657.94,4347,9637,2420,708,1219
2312700,CE,202609,3746,9139,2494997,666.04,666.04,6505,15030,3565,1192,1748
2312809,CE,202609,1379,3798,944562,685.46,684.96,2470,6185,1311,521,638
2312908,CE,202609,23801,60179,15710204,660.15,660.06,46895,114039,21708,12123,13064
2313005,CE,202609,2394,5989,1604920,671.23,670.39,4601,10904,2396,864,1341
2313104,CE,202609,4911,11152,3246126,661.13,660.99,11023,22625,5021,1736,4266
2313203,CE,202609,4185,11448,2853406,681.82,681.82,7656,19316,3927,1464,2265
2313252,CE,202609,1325,3330,880951,664.87,664.87,2863,6459,1282,429,1152
2313302,CE,202609,7692,19753,5144238,670.08,668.78,15760,36435,7334,2831,5595
2313351,CE,202609,4164,10521,2836674,681.24,681.24,6245,14463,4006,901,1338
2313401,CE,202609,12221,37692,8358348,684.44,683.93,22040,61621,10848,5645,5547
2313500,CE,202609,13367,34287,9150442,684.81,684.55,19818,47070,12975,2746,4097
2313559,CE,202609,3668,9384,2478145,675.61,675.61,6239,14371,3505,945,1789
2313609,CE,202609,6286,17415,4277914,680.55,680.55,10661,27177,5800,1933,2928
2313708,CE,202609,1291,3222,846457,655.66,655.66,2268,5324,1202,390,676
2313757,CE,202609,3235,9056,2219583,687.82,686.12,5241,13425,2959,1028,1254
2313807,CE,202609,4705,11749,3199027,680.35,679.92,6748,15774,4409,1147,1192
2313906,CE,202609,2527,6711,1690701,670.12,669.05,4191,10572,2384,850,957
2313955,CE,202609,3160,8304,2162577,685.01,684.36,5654,13571,3126,1028,1500
2314003,CE,202609,7475,17868,4892409,654.68,654.5,13238,30038,7024,2283,3931
2314102,CE,202609,13205,35729,9019028,683.31,683.0,21183,51993,12698,3058,5427
2400109,RN,202609,1210,3031,791894,654.46,654.46,2686,6255,1139,671,876
2400208,RN,202609,8983,21798,5839738,651.32,650.09,18258,40921,8626,3596,6036
2400307,RN,202609,2844,5796,1862689,655.88,654.95,4812,8805,3171,403,1238
2400406,RN,202609,491,1300,329393,670.86,670.86,1026,2471,475,197,354
2400505,RN,202609,2211,5485,1466671,663.35,663.35,4277,9767,2156,699,1422
2400604,RN,202609,943,2293,625614,663.43,663.43,1709,3870,944,253,512
2400703,RN,202609,2207,5152,1450267,658.31,657.12,3987,9125,2095,637,1255
2400802,RN,202609,1720,4362,1137680,662.98,661.44,3558,8321,1647,602,1309
2400901,RN,202609,1784,3733,1155077,648.19,647.46,2868,5445,1746,298,824
2401008,RN,202609,6958,14988,4455613,640.54,640.36,13192,27099,6741,1904,4547
2401107,RN,202609,3094,8120,1994830,644.95,644.74,6781,16424,2670,1521,2590
2401206,RN,202609,2150,5851,1482317,690.09,689.45,3943,10149,2018,813,1112
2401305,RN,202609,2899,5350,1882947,650.86,649.52,4709,7954,3086,315,1308
2401404,RN,202609,1189,3296,805529,679.77,677.48,2337,6148,1110,462,765
2401453,RN,202609,5060,12689,3322798,657.98,656.68,9831,22713,4654,1951,3226
2401503,RN,202609,666,1544,437556,656.99,656.99,1292,2814,638,243,411
2401602,RN,202609,997,2589,670750,672.77,672.77,1812,4273,942,279,591
2401651,RN,202609,590,1563,406752,689.41,689.41,1095,2679,586,136,373
2401701,RN,202609,1715,4399,1159397,676.03,676.03,3230,7529,1764,580,886
2401800,RN,202609,1747,4782,1176005,673.54,673.16,3295,8471,1594,853,848
2401859,RN,202609,1216,3270,814669,670.51,669.96,2000,5054,1093,355,552
2401909,RN,202609,849,2041,572577,674.41,674.41,1347,3045,826,180,341
2402006,RN,202609,7113,16590,4637702,653.2,652.0,16697,35691,7065,3206,6426
2402105,RN,202609,2093,4837,1389517,664.21,663.89,3721,7788,2169,504,1048
2402204,RN,202609,5924,16058,4151580,704.02,700.81,9444,22805,6103,1221,2120
2402303,RN,202609,3597,8501,2330356,648.4,647.86,7153,15350,3438,1331,2384
2402402,RN,202609,728,1966,478981,657.94,657.94,2130,5415,635,628,867
2402501,RN,202609,1923,4608,1276331,665.1,663.72,3385,7474,1914,501,970
2402600,RN,202609,10074,29388,6857045,681.82,680.67,19213,50606,8879,5206,5128
2402709,RN,202609,1690,4567,1169770,692.58,692.17,2747,7079,1644,497,606
2402808,RN,202609,989,2536,663407,672.83,670.79,1838,4245,1007,288,543
2402907,RN,202609,711,1766,468871,659.45,659.45,1390,3310,668,269,453
2403004,RN,202609,1163,2908,769523,662.24,661.67,2505,5612,1152,496,857
2403103,RN,202609,4724,11805,3123684,661.52,661.24,10742,25038,4479,2477,3786
2403202,RN,202609,998,2695,669524,672.89,670.87,2128,5348,952,366,810
2403251,RN,202609,22145,56506,14713739,667.47,664.43,47978,108817,22092,10311,15575
2403301,RN,202609,970,2606,644457,664.39,664.39,2196,5291,922,451,823
2403400,RN,202609,1201,2602,782490,651.53,651.53,2312,4573,1281,305,726
2403509,RN,202609,1840,4245,1241051,677.8,674.48,3101,6349,2016,326,759
2403608,RN,202609,10621,27986,7244035,683.46,682.05,18618,45750,10123,3979,4516
2403707,RN,202609,1202,2745,770551,641.06,641.06,2638,5705,1163,457,1018
2403756,RN,202609,584,1367,375273,647.02,642.59,1137,2408,569,197,371
2403806,RN,202609,1411,3547,938888,665.41,665.41,2984,7074,1407,523,1054
2403905,RN,202609,401,970,256541,639.75,639.75,1130,2487,382,229,519
2404002,RN,202609,751,1803,496616,661.27,661.27,1499,3442,716,309,474
2404101,RN,202609,247,673,168251,681.18,681.18,686,1809,248,199,239
2404200,RN,202609,4262,12047,2991726,705.1,701.95,7317,19194,4119,1465,1733
2404309,RN,202609,2149,5055,1424214,663.35,662.73,4214,9105,2214,640,1360
2404408,RN,202609,2132,4626,1394497,654.08,654.08,3637,7202,2095,432,1110
2404507,RN,202609,2735,6699,1838955,672.38,672.38,5128,11814,2680,844,1604
2404606,RN,202609,2420,6233,1641197,678.46,678.18,3963,9316,2489,606,868
2404705,RN,202609,2114,5749,1406662,665.4,665.4,4411,11186,1910,888,1613
2404804,RN,202609,195,559,130794,670.74,670.74,612,1531,167,165,280
2404853,RN,202609,1168,3186,781428,669.03,669.03,2543,6256,1060,550,933
2404903,RN,202609,1305,2693,857489,657.08,657.08,2344,4524,1290,244,810
2405009,RN,202609,1590,4082,1063026,670.68,668.57,2727,6409,1571,391,765
2405108,RN,202609,1157,3024,799041,691.81,690.61,2236,5247,1284,319,633
2405207,RN,202609,1134,2495,740825,655.02,653.28,2205,4103,1106,218,881
2405306,RN,202609,1676,4452,1153589,688.71,688.3,2718,6562,1758,385,575
2405405,RN,202609,1568,3788,1069844,682.73,682.3,2711,5795,1694,251,766
2405504,RN,202609,638,1643,438296,686.98,686.98,971,2291,624,149,198
2405603,RN,202609,3021,7156,2015281,667.31,667.09,4838,10359,3111,632,1095
2405702,RN,202609,1062,2507,672952,634.86,633.66,3162,7303,1005,727,1430
2405801,RN,202609,6490,17157,4475327,690.0,689.57,10891,26173,6848,1523,2520
2405900,RN,202609,546,1131,350507,641.95,641.95,1088,2036,563,124,401
2406007,RN,202609,1012,2445,659377,652.85,651.56,2237,5007,960,380,897
2406106,RN,202609,2871,6950,1849830,648.38,644.32,5355,12346,2677,1060,1618
2406155,RN,202609,761,1882,514700,676.35,676.35,1492,3399,812,239,441
2406205,RN,202609,1408,3682,956533,679.36,679.36,2328,5674,1359,372,597
2406304,RN,202609,1670,4109,1118319,670.46,669.65,3009,6393,1917,397,695
2406403,RN,202609,481,1228,327392,680.65,680.65,954,2245,472,167,315
2406502,RN,202609,2490,7262,1693632,681.27,680.17,4721,12738,2304,1000,1417
2406601,RN,202609,2728,6058,1825861,669.55,669.3,4542,8930,2992,418,1132
2406700,RN,202609,1419,3751,941097,663.21,663.21,3079,7562,1338,610,1131
2406809,RN,202609,899,2366,596971,664.04,664.04,1681,4095,845,315,521
2406908,RN,202609,861,1864,557615,647.64,647.64,1586,3239,851,180,555
2407005,RN,202609,1435,3853,968847,675.15,675.15,2673,6676,1368,501,804
2407104,RN,202609,13596,31837,9024817,665.01,663.78,24894,53316,13337,4445,7112
2407203,RN,202609,3622,8605,2398054,665.02,662.08,6719,14763,3422,1048,2249
2407252,RN,202609,713,1811,482313,676.46,676.46,1410,3346,697,252,461
2407302,RN,202609,1435,3771,942836,657.03,657.03,2640,6368,1368,485,787
2407401,RN,202609,1416,3435,926357,654.67,654.21,2697,6132,1390,413,894
2407500,RN,202609,1693,4792,1136077,671.44,671.04,3058,7984,1551,671,836
2407609,RN,202609,996,2395,659907,662.56,662.56,2023,4041,994,223,806
2407708,RN,202609,2340,5982,1597073,682.8,682.51,3981,9151,2313,537,1131
2407807,RN,202609,3765,9488,2539428,675.92,674.48,6537,15322,3595,1123,1819
2407906,RN,202609,549,1433,371291,677.54,676.3,1014,2504,537,170,307
2408003,RN,202609,28140,65805,18142336,645.31,644.72,71299,146883,29221,15452,26626
2408102,RN,202609,75089,174980,50003110,666.36,665.92,145403,300223,79622,27623,38158
2408201,RN,202609,5144,13815,3450111,672.8,670.71,8965,22378,4678,1942,2345
2408300,RN,202609,6109,15804,4119446,674.43,674.32,10273,24427,5933,1646,2694
2408409,RN,202609,701,1587,448112,639.25,639.25,1520,3054,669,245,606
2408508,RN,202609,685,1725,459740,671.15,671.15,1696,3982,702,277,717
2408607,RN,202609,1205,2464,783951,650.58,650.58,2014,3911,1232,185,597
2408706,RN,202609,603,1473,394738,655.71,654.62,1322,2899,583,270,469
2408805,RN,202609,1045,2878,727018,695.71,695.71,1739,4520,1012,295,432
2408904,RN,202609,3281,7533,2172415,662.73,662.12,7428,15606,3513,1332,2583
2408953,RN,202609,2365,6652,1614563,683.27,682.69,3719,9582,2222,664,833
2409100,RN,202609,2191,5898,1449014,661.35,661.35,3832,9495,2023,736,1073
2409209,RN,202609,572,1464,383103,669.76,669.76,1242,2782,649,206,387
2409308,RN,202609,2051,4814,1342833,656.0,654.72,4326,8562,2172,659,1495
2409332,RN,202609,1094,2728,744062,680.75,680.13,1719,3929,1118,235,366
2409407,RN,202609,4263,9796,2806036,658.38,658.23,9270,19221,4420,1570,3280
2409506,RN,202609,748,2028,497872,665.6,665.6,1364,3526,681,270,413
2409605,RN,202609,536,1330,361603,674.63,674.63,914,2125,538,110,266
2409704,RN,202609,1141,2741,756874,663.34,663.34,1946,4327,1066,330,550
2409803,RN,202609,2935,7087,2004812,683.3,683.07,4838,10554,3189,559,1090
2409902,RN,202609,1974,4700,1291659,657.0,654.34,3730,8241,2003,673,1054
2410009,RN,202609,831,1813,540692,650.65,650.65,1410,2805,818,133,459
2410108,RN,202609,2328,5949,1573386,675.85,675.85,3762,9130,2237,630,895
2410207,RN,202609,1240,3080,819495,660.88,660.88,2487,5877,1191,450,846
2410256,RN,202609,1020,2724,684107,670.69,670.69,1733,4363,942,337,454
2410306,RN,202609,1883,5056,1292339,686.68,686.32,3489,8610,1890,513,1086
2410405,RN,202609,1715,5047,1194242,696.35,696.35,2922,7643,1618,524,780
2410504,RN,202609,927,2373,610897,659.0,659.0,1682,4015,877,304,501
2410603,RN,202609,537,1245,346495,646.45,645.24,1086,2414,520,200,366
2410702,RN,202609,563,1292,363542,645.72,645.72,1064,2238,543,161,360
2410801,RN,202609,628,1650,413527,658.48,658.48,1297,3175,598,272,427
2410900,RN,202609,1390,3570,929140,669.89,668.45,2670,6187,1361,446,863
2411007,RN,202609,746,1836,490834,658.84,657.95,1612,3599,729,296,587
2411056,RN,202609,856,2244,556623,653.31,650.26,1867,4451,835,438,594
2411106,RN,202609,507,1324,340323,671.25,671.25,974,2409,482,175,317
2411205,RN,202609,5774,14799,3897768,675.06,675.06,9978,23848,5457,1834,2687
2411403,RN,202609,1979,4969,1306422,660.81,660.14,3845,9107,1912,622,1311
2411429,RN,202609,329,871,220483,670.16,670.16,839,2081,303,172,364
2411502,RN,202609,3954,9995,2661029,673.34,673.0,7233,16355,4352,1078,1803
2411601,RN,202609,460,1251,312841,680.09,680.09,1300,3287,441,260,599
2411700,RN,202609,878,2099,588428,670.19,670.19,1569,3437,911,201,457
2411809,RN,202609,514,1270,338291,658.15,658.15,1149,2602,507,240,402
2411908,RN,202609,667,1597,429563,644.02,644.02,1437,3175,629,288,520
2412005,RN,202609,17109,41428,11331190,663.5,662.29,33318,72325,17198,6637,9483
2412104,RN,202609,881,2099,578149,656.24,656.24,2067,4433,875,366,826
2412203,RN,202609,7379,19240,5002835,679.46,677.98,12722,31115,6834,2770,3118
2412302,RN,202609,2288,5460,1543060,675.0,674.41,3682,8073,2356,381,945
2412401,RN,202609,454,1257,301528,664.16,664.16,1620,3935,406,415,799
2412500,RN,202609,4694,11274,3155321,672.63,672.2,8534,18623,4740,1211,2583
2412559,RN,202609,1876,5159,1266318,676.09,675.01,3588,9316,1756,773,1059
2412609,RN,202609,2902,7114,1932384,666.57,665.88,5201,12161,2923,955,1323
2412708,RN,202609,1020,2709,690108,676.58,676.58,1957,4712,1036,342,579
2412807,RN,202609,2156,4270,1377571,638.95,638.95,3490,6398,2200,344,946
2412906,RN,202609,1869,4442,1231302,658.8,658.8,3593,7759,1813,546,1234
2413003,RN,202609,968,2331,644081,666.06,665.37,1777,4130,947,371,459
2413102,RN,202609,1689,3879,1145656,678.3,678.3,2304,4834,1789,160,355
2413201,RN,202609,565,1613,379019,672.02,670.83,1108,2960,508,261,339
2413300,RN,202609,1294,3218,868523,671.71,671.19,1933,4355,1264,225,444
2413359,RN,202609,2829,7432,1893530,670.28,669.33,4883,11920,2658,890,1335
2413409,RN,202609,970,2334,630583,654.13,650.09,2132,4606,970,389,773
2413508,RN,202609,1432,3588,960319,671.08,670.61,2416,5609,1432,383,601
2413557,RN,202609,1015,2334,666525,657.32,656.67,1893,4036,1017,244,632
2413607,RN,202609,1230,2904,801164,651.88,651.35,2485,5543,1203,373,909
2413706,RN,202609,918,2230,616402,671.46,671.46,1763,3946,971,241,551
2413805,RN,202609,551,1225,358749,651.09,651.09,1040,2102,545,127,368
2413904,RN,202609,2063,5393,1405073,681.08,681.08,3189,7829,1985,504,700
2414001,RN,202609,2731,6765,1841544,674.31,674.31,4346,10120,2669,683,994
2414100,RN,202609,1775,4813,1185170,668.08,667.7,3229,8159,1713,534,982
2414159,RN,202609,1137,3133,762278,670.43,670.43,2166,5473,1079,424,663
2414209,RN,202609,2369,6600,1636708,695.29,690.89,4250,10657,2349,943,958
2414308,RN,202609,335,782,215122,644.08,642.16,685,1580,312,131,242
2414407,RN,202609,6657,18438,4520209,679.73,679.02,9924,26185,6310,1822,1792
2414456,RN,202609,1026,2291,681628,665.65,664.35,1543,3205,1019,174,350
2414506,RN,202609,2152,4607,1393216,647.71,647.41,3936,7729,2165,505,1266
2414605,RN,202609,2284,5580,1500171,657.39,656.82,4719,11121,2191,799,1729
2414704,RN,202609,993,2580,677683,682.46,682.46,1752,3865,1033,214,505
2414753,RN,202609,680,1716,455337,673.58,669.61,1349,3187,664,220,465
2414803,RN,202609,2235,6312,1533862,686.6,686.29,4113,10691,2133,829,1151
2414902,RN,202609,447,961,289290,647.18,647.18,930,1829,428,126,376
2415008,RN,202609,584,1601,404300,693.48,692.29,943,2348,555,192,196
2500106,PB,202609,1860,4727,1267504,681.45,681.45,3401,8074,1850,472,1079
2500205,PB,202609,886,2226,587655,664.02,663.27,1912,4425,859,276,777
2500304,PB,202609,5151,13414,3497545,679.13,679.0,8770,20823,4969,1458,2343
2500403,PB,202609,3158,8524,2214947,701.38,701.38,6235,15391,3167,1370,1698
2500502,PB,202609,3279,7963,2265863,691.44,691.02,4857,10681,3280,490,1087
2500536,PB,202609,981,2605,671023,688.94,684.02,1644,4095,970,280,394
2500577,PB,202609,698,1907,481872,690.36,690.36,1048,2578,681,141,226
2500601,PB,202609,3742,9724,2581527,690.62,689.88,7439,17253,3889,1355,2195
2500700,PB,202609,2888,7177,1896526,656.69,656.69,5241,12155,2787,915,1539
2500734,PB,202609,531,1325,353604,665.92,665.92,998,2239,522,113,363
2500775,PB,202609,1925,4345,1288111,669.15,669.15,3576,7039,1997,332,1247
2500809,PB,202609,4319,9912,2887740,668.92,668.61,6550,13506,4318,655,1577
2500908,PB,202609,2658,5649,1765844,665.1,664.35,3930,7811,2697,377,856
2501005,PB,202609,2976,7976,2046382,687.63,687.63,4789,12098,2901,794,1094
2501104,PB,202609,3806,9895,2597307,682.6,682.42,6135,14949,3683,1088,1364
2501153,PB,202609,467,1113,312295,668.73,668.73,850,1771,460,100,290
2501203,PB,202609,1579,4165,1068629,677.63,676.78,2473,6136,1480,413,580
2501302,PB,202609,4240,10320,2868703,677.22,676.58,6973,15127,4335,892,1746
2501351,PB,202609,1082,2714,734569,680.16,678.9,1620,3837,1049,225,346
2501401,PB,202609,2004,5713,1422562,711.64,709.86,3256,8223,1853,553,850
2501500,PB,202609,3591,10015,2459197,684.82,684.82,5933,15556,3402,1100,1431
2501534,PB,202609,922,2443,616409,669.28,668.56,1706,4128,872,300,534
2501575,PB,202609,1691,4138,1140204,674.28,674.28,2666,6115,1675,349,642
2501609,PB,202609,2665,6354,1776515,666.61,666.61,4362,9705,2641,519,1202
2501708,PB,202609,1264,3347,851219,678.26,673.43,2052,5055,1252,304,496
2501807,PB,202609,13415,29367,8743276,651.9,651.75,28194,56208,14638,5240,8316
2501906,PB,202609,2983,7162,2000755,670.94,670.72,5130,11593,2925,892,1313
2502003,PB,202609,1717,3892,1132930,660.6,659.83,2723,5477,1732,235,756
2502052,PB,202609,625,1813,432293,691.67,691.67,1086,2909,590,167,329
2502102,PB,202609,1071,2891,739280,690.27,690.27,1713,4224,1030,256,427
2502151,PB,202609,792,2157,531933,671.63,671.63,1909,4639,743,461,705
2502201,PB,202609,505,1258,346123,685.39,685.39,982,2184,508,132,342
2502300,PB,202609,913,2073,599618,656.76,656.76,1830,3669,905,218,707
2502409,PB,202609,2316,5666,1550227,669.36,669.36,3744,8189,2246,517,981
2502508,PB,202609,3853,9876,2619622,680.07,679.89,6166,13896,3798,912,1456
2502607,PB,202609,1009,2816,692518,686.34,686.34,1965,4916,982,393,590
2502706,PB,202609,805,2395,569322,707.23,707.23,1409,3795,760,334,315
2502805,PB,202609,2741,6975,1834884,669.42,669.42,4642,10512,2746,818,1078
2502904,PB,202609,1594,3254,1053123,664.43,660.68,2691,5048,1721,269,701
2503001,PB,202609,3702,9526,2568437,697.38,693.8,6831,15332,3901,1039,1891
2503100,PB,202609,881,2389,600393,682.26,681.49,1897,4587,859,308,730
2503209,PB,202609,8371,18516,5621120,671.58,671.5,17217,32919,10406,2247,4564
2503308,PB,202609,1886,4580,1278193,677.73,677.73,3364,7256,1911,367,1086
2503407,PB,202609,1007,2262,666922,662.94,662.29,1567,3202,1007,146,414
2503506,PB,202609,2766,7983,1917740,694.58,693.33,4751,12508,2656,754,1341
2503555,PB,202609,2030,5023,1436602,707.69,707.69,2968,6568,2139,225,604
2503605,PB,202609,1337,3293,908058,679.18,679.18,2090,4813,1305,311,474
2503704,PB,202609,13016,27579,8556061,658.06,657.35,21951,42015,13986,2470,5495
2503753,PB,202609,781,2013,525186,672.45,672.45,1399,2969,806,163,430
2503803,PB,202609,1404,3258,947646,675.44,674.96,2283,4700,1404,271,608
2503902,PB,202609,1511,3453,1007764,666.95,666.95,2679,5555,1625,294,760
2504009,PB,202609,35653,92386,23735780,665.91,665.74,98800,215853,34686,25283,38831
2504033,PB,202609,1850,4442,1271576,687.34,687.34,2968,6283,1821,432,715
2504074,PB,202609,916,2232,616217,674.2,672.73,1991,3919,1089,279,623
2504108,PB,202609,460,1161,300091,652.37,652.37,802,1968,426,133,243
2504157,PB,202609,1562,3910,1050256,673.67,672.38,2337,5434,1547,306,484
2504207,PB,202609,1118,2443,739555,663.87,661.5,1702,3394,1122,167,413
2504306,PB,202609,5146,11252,3340350,649.12,649.12,9755,19327,5112,1474,3169
2504355,PB,202609,1102,2955,735248,667.8,667.19,2156,5225,1004,405,747
2504405,PB,202609,3703,9401,2492572,673.3,673.12,5738,13262,3601,718,1419
2504504,PB,202609,1211,3160,815122,674.21,673.1,2114,4873,1197,314,603
2504603,PB,202609,5305,14147,3640544,687.15,686.25,10147,24414,5026,2122,2999
2504702,PB,202609,1257,2891,835812,665.46,664.93,2469,4853,1465,261,743
2504801,PB,202609,3310,8158,2216131,669.53,669.53,5495,11887,3295,748,1452
2504850,PB,202609,367,878,239510,652.62,652.62,803,1668,400,108,295
2504900,PB,202609,3684,8539,2510751,681.71,681.53,6171,12810,3798,771,1602
2505006,PB,202609,1609,4083,1088056,676.65,676.23,2755,6329,1574,435,746
2505105,PB,202609,3784,9336,2508436,663.08,662.91,6426,14267,3799,942,1685
2505204,PB,202609,1319,3464,906879,689.64,687.55,2232,5377,1232,389,611
2505238,PB,202609,1443,3526,985811,683.17,683.17,2235,5092,1414,291,530
2505279,PB,202609,1586,3809,1082016,682.23,682.23,2217,4797,1584,205,428
2505303,PB,202609,486,1126,324039,666.75,666.75,780,1756,473,99,208
2505352,PB,202609,1229,3041,828270,674.49,673.94,1905,4381,1192,230,483
2505402,PB,202609,2240,4975,1520238,678.68,678.68,3362,6623,2341,298,723
2505501,PB,202609,575,1661,387288,673.54,673.54,1117,3027,546,233,338
2505600,PB,202609,1315,3159,875463,666.26,665.75,2280,5026,1263,352,665
2505709,PB,202609,2139,5804,1475093,689.62,689.62,3452,8742,2075,566,811
2505808,PB,202609,652,1707,437230,671.63,670.6,1013,2533,626,196,191
2505907,PB,202609,785,1852,521541,664.38,664.38,1178,2655,765,153,260
2506004,PB,202609,5054,13318,3405755,674.01,673.87,9092,22125,4715,1751,2626
2506103,PB,202609,1977,5640,1353849,684.8,684.8,3257,8620,1791,661,805
2506202,PB,202609,643,1424,422349,656.84,656.84,1114,2312,664,124,326
2506251,PB,202609,1956,5270,1355604,693.4,693.05,2904,7282,1853,396,655
2506301,PB,202609,8894,21033,5936471,671.32,667.47,15951,34497,8760,2564,4627
2506400,PB,202609,2654,6684,1789679,674.33,674.33,4460,10443,2543,794,1123
2506509,PB,202609,668,1664,446146,667.88,667.88,1268,2722,664,182,422
2506608,PB,202609,1068,2472,701122,658.95,656.48,1939,4199,1035,257,647
2506707,PB,202609,2276,5282,1528322,671.49,671.49,3418,7691,2223,409,786
2506806,PB,202609,4749,10039,3130656,659.64,659.22,7380,14024,4891,805,1684
2506905,PB,202609,4848,10604,3186620,657.44,657.31,8075,16138,4734,1010,2331
2507002,PB,202609,3612,9057,2406552,667.0,666.27,6263,14880,3408,1145,1710
2507101,PB,202609,3280,9159,2262368,689.75,689.75,5472,13870,3035,1101,1336
2507200,PB,202609,2147,5483,1472448,685.82,685.82,3549,8373,2059,518,972
2507309,PB,202609,3525,8624,2408971,683.78,683.4,5493,12012,3597,540,1356
2507408,PB,202609,1426,3348,951212,667.05,667.05,2625,5485,1405,388,832
2507507,PB,202609,82707,207309,55507748,672.03,671.14,166971,371871,85999,32336,48636
2507606,PB,202609,2616,4933,1777731,679.82,679.56,3899,6865,2880,251,768
2507705,PB,202609,3105,8604,2184907,704.35,703.67,4970,12917,2961,921,1088
2507804,PB,202609,1296,3367,875424,675.48,675.48,2221,5299,1290,334,597
2507903,PB,202609,2014,4963,1334150,662.77,662.44,3324,7644,1928,597,799
2508000,PB,202609,1724,4412,1157531,671.42,671.42,2814,6746,1679,371,764
2508109,PB,202609,1031,2276,682124,661.61,661.61,1852,3715,1021,193,638
2508208,PB,202609,1748,4517,1200975,687.45,687.06,2558,5965,1705,316,537
2508307,PB,202609,4500,11655,3029874,673.45,673.31,8109,20092,4219,1579,2311
2508406,PB,202609,585,1654,396151,677.18,677.18,994,2690,548,201,245
2508505,PB,202609,1364,3530,936413,686.52,686.52,2235,5461,1369,303,563
2508554,PB,202609,1044,2644,712023,682.67,682.01,1616,3731,1070,202,344
2508604,PB,202609,2205,6077,1506795,686.78,683.35,4478,11472,2046,998,1434
2508703,PB,202609,684,1557,455022,665.24,665.24,1349,2843,680,159,510
2508802,PB,202609,1010,2664,681337,677.27,674.59,1748,4216,986,297,465
2508901,PB,202609,7202,17916,4864287,676.63,675.41,13687,30288,7497,2380,3810
2509008,PB,202609,2391,5758,1603875,670.8,670.8,4000,8965,2326,520,1154
2509057,PB,202609,2183,5914,1538109,704.91,704.58,3233,7870,2087,480,666
2509107,PB,202609,6345,13207,4221886,665.39,665.39,8784,16873,6275,695,1814
2509156,PB,202609,1579,3688,1043859,661.51,661.09,4822,7759,1611,394,2817
2509206,PB,202609,2672,6583,1800045,673.92,673.67,4734,10388,2772,810,1152
2509305,PB,202609,1793,4870,1254816,704.16,699.84,2920,7060,1698,474,748
2509339,PB,202609,819,2287,559262,682.86,682.86,1465,3867,773,295,397
2509370,PB,202609,503,1303,331285,662.57,658.62,946,2252,472,195,279
2509396,PB,202609,1634,3852,1115725,682.82,682.82,2572,5600,1653,271,648
2509404,PB,202609,3095,7725,2095503,677.5,677.06,4961,11241,2940,686,1335
2509503,PB,202609,1171,3039,785531,670.82,670.82,2124,4909,1119,392,613
2509602,PB,202609,955,2444,643730,674.06,674.06,1548,3695,931,234,383
2509701,PB,202609,6613,15618,4414022,667.68,667.48,12636,26925,6606,1829,4201
2509800,PB,202609,1873,4787,1301516,695.25,694.88,2712,6589,1796,347,569
2509909,PB,202609,1397,3957,960368,687.45,687.45,2535,6619,1325,509,701
2510006,PB,202609,1459,3844,975366,668.98,668.52,2442,5955,1375,373,694
2510105,PB,202609,1894,4906,1277755,674.63,674.63,3028,7301,1777,493,758
2510204,PB,202609,1297,3123,881873,680.46,679.93,2058,4601,1309,233,516
2510303,PB,202609,699,1726,464956,666.13,665.17,1405,3162,727,227,451
2510402,PB,202609,1291,3355,893026,692.27,691.73,1996,4830,1287,239,470
2510501,PB,202609,597,1590,396395,663.98,663.98,1229,3100,566,238,425
2510600,PB,202609,526,1322,349360,664.18,664.18,1317,2797,526,252,539
2510659,PB,202609,248,682,168317,678.7,678.7,637,1517,253,94,290
2510709,PB,202609,555,1305,374115,674.08,674.08,1034,2152,591,122,321
2510808,PB,202609,13919,33561,9255522,668.41,664.96,26685,58863,13322,5224,8139
2510907,PB,202609,2343,5968,1528353,652.86,652.31,3726,8832,2172,591,963
2511004,PB,202609,553,1591,371351,671.52,671.52,1080,2979,509,227,344
2511103,PB,202609,1313,3100,872003,664.64,664.13,2396,5300,1294,293,809
2511202,PB,202609,5183,13675,3469684,669.56,669.44,9716,22973,5035,1905,2776
2511301,PB,202609,3821,7201,2465098,646.16,645.14,5819,10224,4068,503,1248
2511400,PB,202609,3067,8018,2053903,670.55,669.68,5310,12823,2973,973,1364
2511509,PB,202609,2355,5894,1608729,683.98,683.11,3689,8751,2220,639,830
2511608,PB,202609,1728,4786,1226793,709.95,709.95,2637,6605,1686,405,546
2511707,PB,202609,1509,3611,1042930,692.06,691.14,2266,4704,1557,188,521
2511806,PB,202609,1800,4640,1231507,684.93,684.17,3418,7749,1741,647,1030
2511905,PB,202609,3491,8327,2334237,669.8,668.64,6285,13351,3774,964,1547
2512002,PB,202609,3916,9916,2722038,695.11,695.11,6306,13974,3954,802,1550
2512036,PB,202609,725,1964,488365,673.61,673.61,1426,3680,701,254,471
2512077,PB,202609,717,1779,477784,666.37,666.37,1477,3345,698,190,589
2512101,PB,202609,4936,12525,3273972,663.55,663.28,10054,22484,4804,1689,3561
2512200,PB,202609,772,1970,516187,668.64,668.64,1611,3504,772,242,597
2512309,PB,202609,3696,9334,2461841,670.8,666.08,6404,15162,3550,1032,1822
2512408,PB,202609,2240,6349,1539453,687.87,687.26,4161,11137,2032,839,1290
2512507,PB,202609,7736,19947,5200107,672.54,672.2,14358,34665,7017,3086,4255
2512606,PB,202609,396,918,262672,664.99,663.31,671,1486,395,99,177
2512705,PB,202609,4078,10219,2787895,684.82,683.64,6196,14228,4176,661,1359
2512721,PB,202609,1296,3130,888330,686.5,685.44,1790,4016,1285,197,308
2512747,PB,202609,548,1460,367710,671.0,671.0,1035,2552,525,179,331
2512754,PB,202609,1106,2726,744890,673.5,673.5,1869,4155,1052,253,564
2512762,PB,202609,1007,2624,671882,667.87,667.21,1715,4136,944,305,466
2512788,PB,202609,461,1188,311926,676.63,676.63,890,2055,473,131,286
2512804,PB,202609,1982,4601,1284752,648.86,648.21,3284,6936,2032,482,770
2512903,PB,202609,4143,10178,2811599,678.64,678.64,7334,16399,3963,1233,2138
2513000,PB,202609,596,1602,404961,680.61,679.46,811,2108,575,121,115
2513109,PB,202609,2000,5260,1365929,682.96,682.96,3370,8350,1916,598,856
2513158,PB,202609,1633,4363,1124950,689.31,688.89,2546,6384,1624,373,549
2513208,PB,202609,938,2397,617721,660.66,658.55,1906,4490,922,305,679
2513307,PB,202609,1342,3222,884113,658.8,658.8,2468,5202,1378,278,812
2513356,PB,202609,904,2220,610928,675.81,675.81,1266,2879,897,115,254
2513406,PB,202609,2439,5881,1629631,668.16,668.16,4492,9984,2329,722,1441
2513505,PB,202609,951,2392,653652,687.33,687.33,1491,3516,936,215,340
2513604,PB,202609,1138,2949,759655,667.54,667.54,2224,5148,1094,331,799
2513653,PB,202609,476,1180,316228,664.34,664.34,1014,2324,470,122,422
2513703,PB,202609,16947,44527,11542256,681.12,681.08,38599,86227,18733,8054,11812
2513802,PB,202609,1007,2308,676974,672.27,672.27,1699,3597,1009,198,492
2513851,PB,202609,472,1142,312537,662.15,662.15,1025,2261,494,174,357
2513901,PB,202609,5821,14429,3893573,669.23,668.88,9640,22011,5686,1714,2240
2513927,PB,202609,789,2027,536707,680.24,680.24,1452,3305,768,233,451
2513943,PB,202609,452,1220,303644,671.78,671.78,931,2283,452,185,294
2513968,PB,202609,486,1204,313348,644.75,644.75,888,2099,444,160,284
2513984,PB,202609,525,1429,343910,656.32,655.07,1237,3046,491,176,570
2514008,PB,202609,811,1860,537697,663.0,663.0,1810,3519,904,211,695
2514107,PB,202609,885,2124,599684,677.61,677.61,1788,3733,987,217,584
2514206,PB,202609,1637,4001,1085573,664.37,663.15,2814,5955,1651,322,841
2514305,PB,202609,1263,3394,864002,684.09,684.09,1941,4772,1228,236,477
2514404,PB,202609,733,1875,493458,673.2,673.2,1346,3130,711,217,418
2514453,PB,202609,1126,2983,761658,676.43,676.43,1821,4523,1037,330,454
2514503,PB,202609,3693,9333,2447695,663.33,662.79,5903,13864,3481,810,1612
2514552,PB,202609,677,1867,464098,685.52,685.52,1050,2685,653,138,259
2514602,PB,202609,677,1776,449306,664.65,663.67,1347,3181,623,220,504
2514651,PB,202609,276,711,183667,665.46,665.46,573,1398,263,120,190
2514701,PB,202609,635,1714,420111,661.59,661.59,1456,3636,616,285,555
2514800,PB,202609,686,1658,459186,669.37,669.37,1439,3182,691,201,547
2514909,PB,202609,1269,3175,862577,679.73,679.73,2297,5152,1314,325,658
2515005,PB,202609,1615,3913,1084906,672.18,671.77,2516,5684,1569,337,610
2515104,PB,202609,1594,4500,1070350,673.18,671.49,3192,8584,1446,737,1009
2515203,PB,202609,562,1492,376777,670.42,670.42,1265,2992,557,217,491
2515302,PB,202609,11047,25678,7376979,668.81,667.78,18089,37874,10717,2617,4755
2515401,PB,202609,2271,6156,1558568,686.29,686.29,3871,9509,2250,559,1062
2515500,PB,202609,2846,6111,1864919,656.2,655.28,5354,10098,3055,550,1749
2515609,PB,202609,433,1209,307224,709.52,709.52,725,1933,414,147,164
2515708,PB,202609,609,1579,400151,657.06,657.06,1098,2699,574,194,330
2515807,PB,202609,1599,3406,1073853,671.58,671.58,2911,5615,1780,306,825
2515906,PB,202609,1043,2462,706236,680.38,677.12,1772,3783,1047,210,515
2515930,PB,202609,777,2115,537202,691.38,691.38,1289,3336,759,265,265
2515971,PB,202609,2083,4933,1387080,667.19,665.9,3019,6556,1993,392,634
2516003,PB,202609,5024,12936,3398274,676.41,676.41,7949,18927,4778,1301,1870
2516102,PB,202609,2445,6263,1663352,681.42,680.31,4650,10914,2348,825,1477
2516151,PB,202609,891,2192,612202,687.1,687.1,1524,3409,886,203,435
2516201,PB,202609,12762,29916,8468817,664.12,663.6,21977,45866,12387,3151,6439
2516300,PB,202609,3415,7371,2237138,655.28,655.09,6298,12585,3567,877,1854
2516409,PB,202609,1767,4194,1198849,678.47,678.47,2695,5960,1802,318,575
2516508,PB,202609,3058,7532,2076717,679.55,679.11,5223,11690,3038,637,1548
2516607,PB,202609,2885,7455,1960944,679.94,679.7,4934,11611,2892,637,1405
2516706,PB,202609,3786,8943,2583008,682.61,682.25,5434,11872,3734,517,1183
2516755,PB,202609,734,1726,495199,674.66,674.66,1231,2537,792,111,328
2516805,PB,202609,1756,4428,1169752,666.15,666.15,2843,6615,1664,392,787
2516904,PB,202609,2350,6054,1577882,671.44,671.44,4518,10340,2269,667,1582
2517001,PB,202609,1812,4583,1235358,681.76,681.76,3124,7123,1745,464,915
2517100,PB,202609,383,943,255974,668.34,668.34,899,2019,402,145,352
2517209,PB,202609,808,2178,538563,666.54,666.54,1569,3861,771,260,538
2517407,PB,202609,466,1194,311782,669.06,669.06,1013,2237,472,163,378
2600054,PE,202609,17029,39207,11306594,664.51,663.96,31909,66010,17061,4934,9914
2600104,PE,202609,6200,15697,4180317,674.79,674.24,13060,29576,6036,2969,4055
2600203,PE,202609,3913,9054,2588603,661.88,661.54,7201,14946,3766,1055,2380
2600302,PE,202609,6072,12820,4079182,671.91,671.8,10487,19644,6515,1075,2897
2600401,PE,202609,5604,12760,3781742,674.83,674.83,9276,18852,5539,1171,2566
2600500,PE,202609,11569,28047,8039029,695.54,694.88,15846,35028,11698,1571,2577
2600609,PE,202609,2942,7054,2003447,682.84,680.98,4909,10661,2987,594,1328
2600708,PE,202609,7493,17140,5036844,673.28,672.21,12445,26473,7540,1974,2931
2600807,PE,202609,4816,10080,3186367,661.76,661.62,7856,15044,5080,939,1837
2600906,PE,202609,4390,10166,2953450,673.07,672.77,6994,14526,4350,905,1739
2601003,PE,202609,2604,5982,1764484,677.61,677.61,3748,8073,2616,406,726
2601052,PE,202609,4020,9741,2769340,689.23,688.89,6299,14011,3962,939,1398
2601102,PE,202609,16379,45076,11289027,690.29,689.24,26604,67108,15353,4638,6613
2601201,PE,202609,11692,28523,7892286,677.33,675.02,20752,44750,11954,3409,5389
2601300,PE,202609,2074,5290,1387130,668.82,668.82,3493,8297,2006,642,845
2601409,PE,202609,8158,18855,5431462,666.11,665.78,13449,28765,7632,2204,3613
2601508,PE,202609,2528,5544,1662042,659.02,657.45,3932,7858,2429,534,969
2601607,PE,202609,5409,11653,3617825,673.33,668.85,8747,16354,6030,637,2080
2601706,PE,202609,13649,32426,9166452,671.83,671.58,23210,50961,13285,4043,5882
2601805,PE,202609,2701,6338,1782610,661.21,659.98,4480,9603,2602,650,1228
2601904,PE,202609,13187,25160,8620810,654.38,653.74,23696,41265,15019,2435,6242
2602001,PE,202609,7558,19696,5127467,678.95,678.42,11588,27486,7363,1539,2686
2602100,PE,202609,8781,22900,6025348,686.26,686.18,13843,33206,8496,2075,3272
2602209,PE,202609,8936,18660,5935027,664.17,664.17,13687,26002,9139,1378,3170
2602308,PE,202609,9219,19718,6175013,670.25,669.81,15788,29661,9712,1960,4116
2602407,PE,202609,2301,5775,1584745,689.32,688.72,3620,8485,2307,487,826
2602506,PE,202609,1684,3975,1130380,671.25,671.25,3047,6499,1787,399,861
2602605,PE,202609,10694,27572,7341910,687.44,686.54,17674,40412,10537,2991,4146
2602704,PE,202609,3441,7505,2304377,669.88,669.68,5365,10584,3425,601,1339
2602803,PE,202609,11204,28218,7751381,693.64,691.84,17268,38991,11382,2041,3845
2602902,PE,202609,30756,74268,20428869,664.55,664.22,58909,127630,30661,10484,17764
2603009,PE,202609,8510,18353,5680095,667.7,667.46,14404,28338,9145,1666,3593
2603108,PE,202609,4855,10950,3251112,669.78,669.64,7815,15856,5052,923,1840
2603207,PE,202609,5545,15507,3914312,706.43,705.92,8834,22676,5402,1232,2200
2603306,PE,202609,1899,5145,1311258,690.86,690.5,2897,7436,1872,365,660
2603405,PE,202609,1517,3661,1031478,680.84,679.95,2492,5619,1540,347,605
2603454,PE,202609,20967,49223,13846215,661.07,660.38,39969,85631,20934,7281,11754
2603504,PE,202609,4569,9125,3021765,661.36,661.36,7999,13845,5287,676,2036
2603603,PE,202609,1506,3819,1008291,669.52,669.52,2657,6097,1345,545,767
2603702,PE,202609,4645,11070,3188673,686.92,686.47,7489,16633,4591,870,2028
2603801,PE,202609,3939,10474,2741861,696.26,696.08,6489,15781,3850,880,1759
2603900,PE,202609,2959,7975,1968710,666.46,665.33,6181,15167,2756,1126,2299
2603926,PE,202609,3639,9541,2549686,700.66,700.66,5313,12680,3476,741,1096
2604007,PE,202609,15231,31682,9990377,656.01,655.92,26497,50415,15715,3523,7259
2604106,PE,202609,50195,125938,33920345,677.28,675.77,111327,233336,51932,23933,35462
2604155,PE,202609,3504,8167,2346016,669.53,669.53,5948,12164,3473,715,1760
2604205,PE,202609,8493,17256,5634757,664.24,663.46,12258,23295,8453,1309,2496
2604304,PE,202609,1933,5542,1319013,682.37,682.37,3495,9172,1823,699,973
2604403,PE,202609,3130,7102,2108714,673.71,673.71,4998,10023,3184,550,1264
2604502,PE,202609,4685,11291,3164152,675.81,675.38,7129,15745,4633,925,1571
2604601,PE,202609,4050,10093,2754729,680.85,680.18,7648,17671,3864,1452,2332
2604700,PE,202609,3542,8650,2409540,681.05,680.28,5064,11168,3527,483,1054
2604809,PE,202609,2306,5780,1559810,676.41,676.41,3872,8961,2218,656,998
2604908,PE,202609,4069,8308,2647976,651.25,650.77,6775,12681,4095,731,1949
2605004,PE,202609,4422,10376,2972629,672.39,672.24,7743,17038,4304,1408,2031
2605103,PE,202609,8665,18236,5692507,657.18,656.95,14235,27185,8731,1595,3909
2605152,PE,202609,2667,6633,1779973,667.66,667.41,5561,12860,2557,1054,1950
2605202,PE,202609,10592,24356,7004754,661.95,661.32,18092,37847,10384,2744,4964
2605301,PE,202609,7939,19558,5384253,678.29,678.2,12450,27828,7832,1522,3096
2605400,PE,202609,6093,12118,4031701,661.8,661.69,9159,16549,6538,746,1875
2605459,PE,202609,70,192,48057,686.53,686.53,228,554,74,60,94
2605509,PE,202609,2095,5370,1420359,678.3,677.98,3847,9089,2002,672,1173
2605608,PE,202609,3840,9412,2572971,670.92,670.04,6614,15033,3724,1039,1851
2605707,PE,202609,6883,15509,4616335,671.17,670.69,10788,22169,6876,1456,2456
2605806,PE,202609,4021,8400,2638121,656.09,656.09,6042,11560,4313,584,1145
2605905,PE,202609,4672,10518,3131649,670.59,670.3,7141,14307,4552,838,1751
2606002,PE,202609,23334,56436,15622599,671.33,669.52,43732,94849,23417,6972,13343
2606101,PE,202609,6397,15400,4233592,661.91,661.81,10438,22516,5928,1603,2907
2606200,PE,202609,15092,34120,9953205,660.16,659.5,27758,56231,15463,4332,7963
2606309,PE,202609,1766,4396,1192763,675.4,675.4,2913,6597,1734,400,779
2606408,PE,202609,17744,37828,11712468,660.56,660.08,29571,57374,18299,3969,7303
2606507,PE,202609,4236,10966,2954917,698.07,697.57,6258,15066,4160,777,1321
2606606,PE,202609,5866,13322,3963044,678.02,675.6,9546,19404,5946,1026,2574
2606705,PE,202609,1462,3436,986814,675.44,674.98,2720,5872,1462,385,873
2606804,PE,202609,19915,47279,13293447,668.11,667.51,37593,81174,19402,6715,11476
2606903,PE,202609,2331,5471,1552029,668.11,665.82,4136,8877,2315,522,1299
2607000,PE,202609,7846,15520,5284815,673.57,673.57,9802,18376,7918,565,1319
2607109,PE,202609,907,2245,620012,683.59,683.59,1694,3845,884,196,614
2607208,PE,202609,20820,49642,13917359,670.94,668.46,39050,79273,20977,5950,12123
2607307,PE,202609,7031,18596,4941551,704.02,702.82,10184,25124,6857,1271,2056
2607406,PE,202609,1009,2434,665405,661.44,659.47,1861,4031,931,306,624
2607505,PE,202609,6251,15374,4270328,683.47,683.14,9228,20437,6131,972,2125
2607604,PE,202609,5126,10752,3368676,657.56,657.17,8051,15508,5107,1004,1940
2607653,PE,202609,6461,16270,4393621,681.5,680.02,11151,25533,6239,1985,2927
2607703,PE,202609,2815,6650,1896155,673.59,673.59,5107,10707,3010,589,1508
2607752,PE,202609,5075,11397,3428443,675.69,675.56,8784,18262,5308,1274,2202
2607802,PE,202609,2421,6135,1638740,679.69,676.89,4524,10983,2278,867,1379
2607901,PE,202609,84265,200931,55998157,665.64,664.55,180022,359024,91022,31854,57146
2607950,PE,202609,2616,5761,1752644,669.97,669.97,3988,7944,2557,495,936
2608008,PE,202609,4461,9002,2940052,659.2,659.06,7971,14349,5202,815,1954
2608057,PE,202609,2962,6603,1996894,675.08,674.17,4691,10092,2860,591,1240
2608107,PE,202609,4925,11487,3273010,665.11,664.57,8147,17953,4931,1373,1843
2608206,PE,202609,3920,8163,2636076,672.47,672.47,5982,11096,4055,504,1423
2608255,PE,202609,2257,6078,1549558,687.78,686.56,3612,9189,2160,653,799
2608305,PE,202609,3175,8736,2201555,694.06,693.4,5228,13342,3063,851,1314
2608404,PE,202609,3729,8416,2533190,679.69,679.32,5422,11416,3793,465,1164
2608453,PE,202609,3555,8289,2343769,660.4,659.29,6087,13162,3441,1002,1644
2608503,PE,202609,3637,8667,2456079,675.3,675.3,6563,14220,3653,985,1925
2608602,PE,202609,2586,6701,1751082,677.93,677.14,4306,10590,2510,660,1136
2608701,PE,202609,3460,7401,2292106,662.84,662.46,5433,10279,3640,566,1227
2608750,PE,202609,5246,12336,3556203,680.74,677.89,9971,20565,5380,1589,3002
2608800,PE,202609,8431,21048,5750248,683.66,682.04,13752,31473,8547,2082,3123
2608909,PE,202609,8318,19677,5470171,658.66,657.63,16055,35540,8069,3256,4730
2609006,PE,202609,3470,9340,2321992,669.16,669.16,6726,16561,3167,1932,1627
2609105,PE,202609,2636,6342,1807948,687.17,685.87,4071,9010,2616,608,847
2609154,PE,202609,5870,11994,3964502,675.5,675.38,7995,14969,6280,438,1277
2609204,PE,202609,2412,5319,1622591,673.83,672.72,3859,7515,2343,443,1073
2609303,PE,202609,2985,7832,2042638,685.22,684.3,5178,12424,2807,911,1460
2609402,PE,202609,10921,23776,7236465,663.23,662.62,18631,37615,10923,2781,4927
2609501,PE,202609,4309,10334,2843925,660.46,660.0,9168,20290,4141,1796,3231
2609600,PE,202609,50004,113919,32966681,660.21,659.28,105153,206817,55246,17951,31956
2609709,PE,202609,3762,9618,2556879,679.84,679.66,6690,15128,3761,1064,1865
2609808,PE,202609,4081,10022,2839218,695.89,695.72,6393,13643,4411,459,1523
2609907,PE,202609,11673,31284,7951363,683.52,681.18,20305,49543,10980,3478,5847
2610004,PE,202609,10973,24402,7284857,666.38,663.89,19003,38193,10854,2788,5361
2610103,PE,202609,1736,4036,1173545,676.78,676.01,2630,5596,1726,261,643
2610202,PE,202609,5377,12398,3636181,676.62,676.25,8725,18416,5527,1084,2114
2610301,PE,202609,3108,8066,2128118,685.16,684.72,5347,12694,3133,796,1418
2610400,PE,202609,4134,10308,2783744,673.7,673.38,7483,16614,4259,1101,2123
2610509,PE,202609,5937,14088,3955402,666.23,666.23,9821,21366,5883,1353,2585
2610608,PE,202609,12278,28299,8245539,672.17,671.57,20166,41499,12465,2574,5127
2610707,PE,202609,48219,108010,31863961,661.38,660.82,94764,187026,50812,13987,29965
2610806,PE,202609,5899,13041,4001497,679.14,678.33,8516,16893,6358,539,1619
2610905,PE,202609,14957,31337,9917210,663.98,663.05,22900,45375,14827,2792,5281
2611002,PE,202609,6345,16278,4353590,686.47,686.14,10522,25185,6124,1887,2511
2611101,PE,202609,50277,132157,34333138,684.25,682.88,106793,245854,49424,22274,35095
2611200,PE,202609,3057,6684,2024497,666.39,662.25,5202,10105,3231,505,1466
2611309,PE,202609,5671,12594,3785805,667.57,667.57,9101,18445,5756,1094,2251
2611408,PE,202609,2347,5173,1579231,673.16,672.87,4036,8315,2256,598,1182
2611507,PE,202609,3922,9140,2648523,675.64,675.3,6140,13158,3874,785,1481
2611533,PE,202609,1289,3489,871207,676.4,675.88,2504,6183,1193,463,848
2611606,PE,202609,139327,333672,92474892,665.2,663.73,308216,634385,143988,74061,90167
2611705,PE,202609,5695,12402,3755631,660.27,659.46,9390,18557,6010,1053,2327
2611804,PE,202609,5903,14447,3953721,669.9,669.78,10248,23095,5612,1678,2958
2611903,PE,202609,3690,9079,2549812,691.38,691.01,6313,14207,3664,999,1650
2612000,PE,202609,2441,5315,1605570,657.75,657.75,4067,8049,2498,483,1086
2612109,PE,202609,1325,3068,880173,664.28,664.28,2187,4572,1339,260,588
2612208,PE,202609,10410,25525,6988350,672.67,671.31,19564,43535,10254,3608,5702
2612307,PE,202609,2870,7664,1985505,691.81,691.81,4696,11253,2778,717,1201
2612406,PE,202609,4841,10279,3259463,674.42,673.3,7732,14800,5205,768,1759
2612455,PE,202609,2443,6297,1659242,679.74,679.18,4816,11091,2422,790,1604
2612471,PE,202609,2244,6163,1533435,684.26,683.35,4114,10267,2116,697,1301
2612505,PE,202609,16383,41134,10570598,645.53,645.22,34461,74256,15046,9287,10128
2612554,PE,202609,2380,6295,1592684,669.76,669.19,4661,11439,2247,863,1551
2612604,PE,202609,11959,26658,8160080,682.51,682.34,17940,37232,12431,1766,3743
2612703,PE,202609,3843,8080,2564968,667.61,667.44,6461,11996,4189,513,1759
2612802,PE,202609,2034,4918,1381601,680.26,679.25,3293,7430,2057,450,786
2612901,PE,202609,2361,5492,1602768,678.85,678.85,3774,7616,2325,446,1003
2613008,PE,202609,9220,23136,6331129,688.02,686.67,17159,38214,9449,2706,5004
2613107,PE,202609,7327,16639,4945498,675.61,674.97,12342,25776,7398,1834,3110
2613206,PE,202609,4792,11920,3260516,680.83,680.41,7595,17666,4677,1094,1824
2613305,PE,202609,5099,10816,3389393,664.85,664.72,7906,15517,5143,863,1900
2613404,PE,202609,4636,11002,3169297,685.55,683.63,7496,15584,4728,906,1862
2613503,PE,202609,6399,17270,4380203,684.51,684.51,10459,25981,5941,1850,2668
2613602,PE,202609,5720,12560,3795407,664.23,663.53,10932,21430,6697,1336,2899
2613701,PE,202609,17584,41734,11729999,667.5,667.08,32110,70101,16955,5855,9300
2613800,PE,202609,3402,8428,2302949,677.14,676.94,5592,12907,3302,955,1335
2613909,PE,202609,13232,33127,8867833,670.69,670.18,25319,58539,12515,4721,8083
2614006,PE,202609,3670,9556,2534473,690.59,690.59,6302,15183,3615,969,1718
2614105,PE,202609,6621,15004,4427365,668.89,668.69,12395,24802,7014,1471,3910
2614204,PE,202609,6873,17476,4708585,685.08,685.08,11197,25499,6601,1662,2934
2614303,PE,202609,3245,7241,2190604,675.7,675.07,5372,10759,3291,556,1525
2614402,PE,202609,1081,2852,743999,688.89,688.25,1830,4416,1045,304,481
2614501,PE,202609,10996,27434,7332758,667.34,666.86,18721,41527,10800,3091,4830
2614600,PE,202609,5776,14548,3904935,676.41,676.06,9677,22426,5616,1440,2621
2614709,PE,202609,2900,6660,1925652,665.16,664.02,4922,10223,2873,678,1371
2614808,PE,202609,4062,10894,2816270,693.83,693.32,6874,17366,3886,1241,1747
2614857,PE,202609,4729,12174,3280371,693.67,693.67,8279,19020,4665,1336,2278
2615003,PE,202609,5017,12826,3375940,673.84,672.9,8939,20232,4935,1678,2326
2615102,PE,202609,1485,3975,1045739,704.2,704.2,2250,5582,1443,296,511
2615201,PE,202609,1731,4440,1155379,667.85,667.46,3103,7335,1649,544,910
2615300,PE,202609,7469,19019,4947090,662.35,662.35,15496,36162,7117,3453,4926
2615409,PE,202609,7274,20355,4959070,682.79,681.75,11901,30746,6947,2647,2307
2615508,PE,202609,2469,6009,1648907,668.11,667.84,4138,9618,2343,767,1028
2615607,PE,202609,7551,19104,5239435,694.42,693.87,11669,26756,7366,1577,2726
2615706,PE,202609,2232,5813,1497902,671.1,671.1,5125,11715,2149,954,2022
2615805,PE,202609,5823,14508,3999355,688.83,686.82,8406,18948,5825,825,1756
2615904,PE,202609,1711,4145,1153260,675.21,674.03,3038,6647,1754,432,852
2616001,PE,202609,4117,9182,2765752,672.11,671.79,6848,13933,4402,906,1540
2616100,PE,202609,1458,3988,988540,678.01,678.01,2799,6895,1351,592,856
2616183,PE,202609,2060,4362,1375209,667.9,667.58,3436,6395,2269,304,863
2616209,PE,202609,4135,10416,2790600,677.33,674.87,6465,14701,4091,1030,1344
2616308,PE,202609,3905,10170,2660866,681.57,681.4,7235,18133,3687,1597,1951
2616407,PE,202609,20915,50732,13686260,655.13,654.38,41422,90618,20540,8078,12804
2616506,PE,202609,3534,7977,2416767,684.06,683.86,5552,10848,3706,503,1343
2700102,AL,202609,3071,9217,2184287,711.26,711.26,5434,15114,2850,1047,1537
2700201,AL,202609,3691,7997,2495677,676.34,676.15,5505,10785,3640,594,1271
2700300,AL,202609,28162,71516,19081841,678.27,677.57,49118,116402,26083,9519,13516
2700409,AL,202609,6292,16885,4386645,699.85,697.18,11136,26500,5884,1949,3303
2700508,AL,202609,3340,8663,2360300,708.16,706.68,6273,13062,4060,628,1585
2700607,AL,202609,1211,3407,828589,687.06,684.22,2584,6435,1196,562,826
2700706,AL,202609,4599,11019,3180529,691.57,691.57,6658,14473,4630,642,1386
2700805,AL,202609,760,1995,513446,675.59,675.59,1563,3630,711,272,580
2700904,AL,202609,1643,4578,1170681,712.96,712.53,2390,5985,1704,224,462
2701001,AL,202609,4542,10781,3127113,688.49,688.49,7769,15701,4661,994,2114
2701100,AL,202609,1894,4896,1322742,699.12,698.39,3578,7944,1764,622,1192
2701209,AL,202609,1708,4781,1193273,698.64,698.64,2900,7387,1564,629,707
2701308,AL,202609,3806,9742,2652695,696.98,696.98,6140,13554,3522,882,1736
2701357,AL,202609,1437,3504,988669,688.49,688.01,2302,4909,1364,298,640
2701407,AL,202609,5546,13677,3843330,693.24,692.99,9764,21772,5283,1398,3083
2701506,AL,202609,2676,6518,1851937,692.57,692.05,3745,8184,2865,248,632
2701605,AL,202609,3687,9840,2561643,695.15,694.78,5245,13366,3538,780,927
2701704,AL,202609,1912,5547,1348138,706.2,705.09,3621,9613,1760,788,1073
2701803,AL,202609,2204,5878,1563431,709.36,709.36,3268,8007,2141,403,724
2701902,AL,202609,1927,4271,1338404,694.91,694.55,3016,5808,2183,205,628
2702009,AL,202609,2124,5835,1485813,700.19,699.54,3468,8870,2040,520,908
2702108,AL,202609,4498,10412,3116774,693.08,692.92,6595,13480,4630,570,1395
2702207,AL,202609,819,2110,562539,686.86,686.86,1793,4028,934,325,534
2702306,AL,202609,9171,22160,6399581,697.96,697.81,15761,34488,8867,2265,4629
2702355,AL,202609,5676,15132,3958925,698.47,697.49,8878,21781,5541,1211,2126
2702405,AL,202609,8440,21658,5775729,684.81,684.33,15642,36324,8035,2800,4807
2702504,AL,202609,2714,6041,1794070,662.26,661.04,4283,8677,2606,533,1144
2702553,AL,202609,3626,9233,2462891,679.23,679.23,6004,13849,3514,720,1770
2702603,AL,202609,4857,13367,3365757,693.26,692.97,7007,18226,4626,996,1385
2702702,AL,202609,717,1856,497569,693.96,693.96,1275,2901,671,227,377
2702801,AL,202609,2202,5833,1546161,702.16,702.16,4288,9377,2088,700,1500
2702900,AL,202609,7872,21855,5552314,705.86,705.32,10738,27885,7671,1193,1874
2703007,AL,202609,2526,6763,1792615,709.67,709.67,4533,10580,2457,678,1398
2703106,AL,202609,4448,12582,3065475,689.34,689.18,7656,19757,4166,1380,2110
2703205,AL,202609,3853,10167,2616438,679.42,679.07,7078,17778,3650,1237,2191
2703304,AL,202609,3904,10779,2791754,716.75,715.1,6103,14830,4050,708,1345
2703403,AL,202609,1339,3511,928875,694.75,693.71,2098,4860,1310,203,585
2703502,AL,202609,1159,2766,791924,683.28,683.28,2211,4525,1116,329,766
2703601,AL,202609,2695,6310,1897761,705.23,704.18,4277,8518,2889,406,982
2703700,AL,202609,1064,3086,745124,700.3,700.3,1662,4504,986,289,387
2703759,AL,202609,2804,6231,1881180,671.13,670.89,4203,8243,2714,473,1016
2703809,AL,202609,4507,10929,3135002,696.05,695.59,7225,15230,4389,862,1974
2703908,AL,202609,981,2458,691717,705.83,705.11,1590,3404,949,185,456
2704005,AL,202609,3891,10471,2619015,673.27,673.1,6948,17446,3482,1529,1937
2704104,AL,202609,3997,10604,2718774,680.2,680.2,6484,15527,3778,993,1713
2704203,AL,202609,6366,15395,4365786,686.23,685.8,8982,20257,6278,1018,1686
2704302,AL,202609,106664,255150,72226868,678.21,677.14,233006,477363,108327,43226,81453
2704401,AL,202609,2986,8236,2103965,704.85,704.61,5299,12818,2807,978,1514
2704500,AL,202609,6830,17937,4775240,699.57,699.16,9905,23802,6268,1452,2185
2704609,AL,202609,2610,6144,1776901,682.11,680.8,4443,9194,2552,485,1406
2704708,AL,202609,7936,21429,5545404,699.21,698.77,16336,38390,8891,2777,4668
2704807,AL,202609,2076,5315,1400776,675.4,674.75,3750,8391,1980,628,1142
2704906,AL,202609,589,1594,391893,665.35,665.35,1004,2552,527,201,276
2705002,AL,202609,4246,11463,2985381,703.1,703.1,5812,14893,4101,706,1005
2705101,AL,202609,4392,11145,3050068,697.64,694.46,7162,16291,4225,1048,1889
2705200,AL,202609,1879,5403,1321468,703.28,703.28,4603,11409,1997,1072,1534
2705309,AL,202609,1101,2745,757240,689.03,687.77,1853,4281,1076,230,547
2705408,AL,202609,1727,4631,1199800,695.54,694.73,2696,6399,1636,361,699
2705507,AL,202609,4076,11474,2901383,711.82,711.82,7915,18643,3644,1610,2661
2705606,AL,202609,2337,5499,1596559,683.17,683.17,3798,7905,2262,454,1082
2705705,AL,202609,3834,9802,2669517,697.37,696.27,6337,14846,3664,871,1802
2705804,AL,202609,2194,5496,1507711,690.03,687.2,3470,7629,2153,409,908
2705903,AL,202609,1126,3130,805114,715.02,715.02,1577,4015,1138,182,257
2706000,AL,202609,2494,6857,1766692,710.66,708.38,3532,8966,2468,418,646
2706109,AL,202609,2759,7238,1928008,698.81,698.81,4064,9921,2704,525,835
2706208,AL,202609,1049,2875,734954,701.29,700.62,1655,4170,1001,210,444
2706307,AL,202609,14450,31904,9468161,655.92,655.24,22764,46556,14056,3084,5624
2706406,AL,202609,4085,11077,2857536,699.52,699.52,7020,17376,3861,1183,1976
2706422,AL,202609,2236,5976,1540165,688.8,688.8,3851,9439,2040,764,1047
2706448,AL,202609,2150,5899,1479466,691.02,688.12,4380,10451,2353,943,1084
2706505,AL,202609,2686,6889,1831462,682.11,681.85,4490,10364,2492,744,1254
2706604,AL,202609,1404,3435,951141,677.45,677.45,2252,4997,1378,364,510
2706703,AL,202609,12491,28779,8373151,670.76,670.33,23330,47464,12670,3297,7363
2706802,AL,202609,5282,11295,3567210,675.35,675.35,7621,14435,5605,497,1519
2706901,AL,202609,6010,14959,4067050,679.2,676.71,12498,27070,6571,1975,3952
2707008,AL,202609,418,1121,287808,688.54,688.54,716,1766,378,125,213
2707107,AL,202609,4723,13529,3348525,709.43,708.98,7535,19644,4353,1321,1861
2707206,AL,202609,3110,7885,2144082,690.97,689.42,4561,10886,2984,574,1003
2707305,AL,202609,4559,11485,3119740,684.75,684.3,7666,16883,4171,1224,2271
2707404,AL,202609,1844,4716,1277551,692.82,692.82,2985,6719,1799,469,717
2707503,AL,202609,5176,11812,3495940,675.41,675.41,7217,15616,5026,777,1414
2707602,AL,202609,2183,5991,1485504,680.49,680.49,3675,9165,1987,628,1060
2707701,AL,202609,11409,30886,7934543,695.83,695.46,28963,65294,13134,5385,10444
2707800,AL,202609,1712,4101,1158231,677.33,676.54,2434,5255,1573,332,529
2707909,AL,202609,1267,3189,900340,710.61,710.61,2344,5116,1446,268,630
2708006,AL,202609,8168,20707,5612126,691.83,687.09,13793,32176,7850,2192,3751
2708105,AL,202609,2145,5726,1473759,687.39,687.07,4097,9632,2090,641,1366
2708204,AL,202609,1382,3713,959170,694.04,694.04,2352,5754,1428,341,583
2708303,AL,202609,3110,8343,2247379,722.63,722.63,5743,12896,2999,907,1837
2708402,AL,202609,5888,18064,4253135,722.71,722.34,9695,27316,5561,1622,2512
2708501,AL,202609,6068,14780,4251754,701.03,700.68,9321,19935,6055,1104,2162
2708600,AL,202609,9187,21345,6185373,673.42,673.27,16612,34017,8669,2443,5500
2708709,AL,202609,1613,4455,1116263,692.04,692.04,3119,7661,1503,565,1051
2708808,AL,202609,6660,18397,4562345,686.38,685.04,10482,26697,6347,1515,2620
2708907,AL,202609,1974,5434,1363016,690.48,690.48,4644,11472,2156,1053,1435
2708956,AL,202609,2885,7757,2033522,704.86,704.86,4391,10873,2832,594,965
2709004,AL,202609,1063,2741,711741,671.45,669.56,1835,4306,1010,278,547
2709103,AL,202609,3773,9953,2581763,685.18,684.27,6104,14867,3600,885,1619
2709152,AL,202609,6269,16061,4266142,680.95,680.51,11839,28378,5853,2155,3831
2709202,AL,202609,4264,12495,3019579,708.66,708.16,7407,18619,4119,1294,1994
2709301,AL,202609,9856,24853,6726609,682.63,682.49,20533,43250,9672,3759,7102
2709400,AL,202609,4788,11565,3328973,695.42,695.27,7860,17022,4722,1095,2043
2800100,SE,202609,347,913,232259,671.27,669.33,775,1934,295,148,332
2800209,SE,202609,3718,8611,2467056,663.72,663.54,6370,13647,3603,940,1827
2800308,SE,202609,57659,133421,38160188,662.42,661.83,124714,256244,56853,26447,41414
2800407,SE,202609,2254,5350,1518686,673.77,673.77,4080,8661,2251,639,1190
2800506,SE,202609,2793,7328,1885647,675.38,675.13,5518,13376,2520,1174,1824
2800605,SE,202609,5183,12542,3481217,671.92,671.66,10960,23468,4901,2210,3849
2800670,SE,202609,4988,11237,3295264,661.17,660.64,8907,18362,4900,1363,2644
2800704,SE,202609,1475,4174,1046771,709.68,709.68,2447,6497,1456,462,529
2801009,SE,202609,3035,7331,2024668,667.77,667.11,5708,12490,2940,1057,1711
2801108,SE,202609,1161,2645,780447,672.22,672.22,1981,4065,1182,212,587
2801207,SE,202609,6275,16570,4393539,700.17,700.17,10295,24679,6116,1603,2576
2801306,SE,202609,5716,13841,3910393,684.47,684.11,9708,21229,5475,1711,2522
2801405,SE,202609,4367,9716,2914648,667.73,667.43,7261,14580,4568,1018,1675
2801504,SE,202609,2429,5976,1641569,676.1,675.82,4350,10141,2293,673,1384
2801603,SE,202609,937,2349,618703,661.71,660.3,1716,4089,902,258,556
2801702,SE,202609,3775,9460,2579862,684.13,683.41,6523,14326,3709,1077,1737
2801900,SE,202609,842,1900,539155,640.33,640.33,1425,2993,782,207,436
2802007,SE,202609,818,2212,553786,677.83,677.0,1454,3479,743,260,451
2802106,SE,202609,11012,26555,7473585,678.92,678.68,22063,47122,11026,3931,7106
2802205,SE,202609,1223,3003,840796,687.49,687.49,2184,4602,1234,302,648
2802304,SE,202609,2615,6525,1771105,677.29,677.29,5073,11531,2547,942,1584
2802403,SE,202609,2663,6567,1785373,670.44,670.44,4226,9526,2608,596,1022
2802502,SE,202609,710,1495,472210,666.02,665.08,1508,2691,775,140,593
2802601,SE,202609,1875,3996,1237985,660.61,660.26,2759,5400,1947,224,588
2802700,SE,202609,2132,5488,1473478,691.45,691.12,3163,7512,2042,363,758
2802809,SE,202609,3096,8360,2147125,693.96,693.52,4980,12430,2896,848,1236
2802908,SE,202609,12482,31454,8166757,654.7,654.28,27155,60740,11161,6935,9059
2803005,SE,202609,10246,23854,6927219,676.42,676.09,15928,32767,10322,2038,3568
2803104,SE,202609,929,2225,625102,672.88,672.88,1708,3772,926,222,560
2803203,SE,202609,5870,14986,3945791,672.54,672.2,10949,25563,5496,2148,3305
2803302,SE,202609,2898,6841,1938773,669.23,669.0,5673,11967,2819,940,1914
2803401,SE,202609,3158,7135,2127651,673.95,673.73,5333,10724,3117,679,1537
2803500,SE,202609,19721,44121,13016435,661.67,660.03,36095,73586,19776,5585,10734
2803609,SE,202609,3970,9894,2715291,684.47,683.95,7639,17926,3719,1298,2622
2803708,SE,202609,1426,3514,946974,664.08,664.08,2636,5775,1338,484,814
2803807,SE,202609,688,1723,465156,676.1,676.1,1317,2980,672,228,417
2803906,SE,202609,2496,6019,1670218,669.96,669.16,4513,9870,2455,634,1424
2804003,SE,202609,2752,6503,1879277,683.87,682.88,4859,10173,2786,645,1428
2804102,SE,202609,1784,4575,1161404,651.01,651.01,3556,8528,1643,749,1164
2804201,SE,202609,3756,9080,2573898,685.64,685.28,5901,12626,3746,623,1532
2804300,SE,202609,1765,3928,1180900,669.44,669.07,2770,5657,1750,350,670
2804409,SE,202609,3258,7876,2216152,680.22,680.22,5786,12535,3239,764,1783
2804458,SE,202609,1725,4314,1129661,654.88,654.88,2634,6346,1584,522,528
2804508,SE,202609,7749,19202,5250211,677.88,677.53,12526,28844,7477,2017,3032
2804607,SE,202609,5801,12356,3825479,659.45,659.45,8952,17667,5897,1037,2018
2804706,SE,202609,1178,3041,784378,666.42,665.86,2345,5471,1148,399,798
2804805,SE,202609,32613,77166,21700524,666.19,665.39,62148,133153,31642,11917,18589
2804904,SE,202609,2536,6640,1747209,688.96,688.96,4498,11098,2412,891,1195
2805000,SE,202609,711,1632,474641,667.57,667.57,1223,2400,722,153,348
2805109,SE,202609,2637,5308,1724159,653.83,653.83,3924,7247,2674,317,933
2805208,SE,202609,1308,3040,872366,667.46,666.95,2372,4779,1406,338,628
2805307,SE,202609,1690,4121,1125776,667.32,666.14,2985,6562,1577,555,853
2805406,SE,202609,7430,19012,5141030,691.93,691.93,11072,25840,7293,1293,2486
2805505,SE,202609,5330,10932,3500618,656.9,656.78,9124,17260,5634,1040,2450
2805604,SE,202609,7550,17769,5102652,675.94,675.85,10805,23402,7647,1065,2093
2805703,SE,202609,4730,10922,3176944,671.8,671.66,8491,17677,4560,1378,2553
2805802,SE,202609,4697,10653,3103721,661.49,660.79,7290,15379,4688,869,1733
2805901,SE,202609,1572,3765,1077992,685.75,685.75,2996,6395,1546,492,958
2806008,SE,202609,3005,6913,1975206,657.31,657.31,5022,11080,2888,892,1242
2806107,SE,202609,2129,4561,1430092,672.35,671.72,3596,7062,2107,466,1023
2806206,SE,202609,4188,9872,2779284,663.79,663.63,7672,16043,4104,1145,2423
2806305,SE,202609,2828,7044,1933187,683.59,683.59,4991,11121,2738,856,1397
2806404,SE,202609,1950,4811,1341481,688.29,687.94,2885,6236,1900,266,719
2806503,SE,202609,629,1630,422695,672.01,672.01,1276,3073,564,251,461
2806602,SE,202609,2154,5008,1423345,661.1,660.79,3724,7871,2093,587,1044
2806701,SE,202609,11330,27476,7544655,667.02,665.9,25075,53842,11171,5774,8130
2806800,SE,202609,2015,4754,1344104,667.05,667.05,3744,7828,1922,677,1145
2806909,SE,202609,757,1643,496541,655.93,655.93,1281,2632,715,159,407
2807006,SE,202609,890,1973,590296,663.25,663.25,1532,3019,902,186,444
2807105,SE,202609,9304,21057,6096427,655.32,655.25,16514,33066,8984,2435,5095
2807204,SE,202609,1474,3700,1012139,688.06,686.66,2690,5796,1445,392,853
2807303,SE,202609,768,1899,525365,684.07,684.07,1315,2938,750,227,338
2807402,SE,202609,11976,24877,7867082,656.9,656.9,20581,39348,12193,2755,5633
2807501,SE,202609,2684,6833,1803957,673.12,672.12,4348,10322,2618,697,1033
2807600,SE,202609,5545,13198,3749342,676.17,676.17,9787,20091,5501,1368,2918
2900108,BA,202609,1656,3375,1064806,643.0,643.0,3357,6204,1667,371,1319
2900207,BA,202609,4273,10473,2864942,671.26,670.48,6222,14023,4026,895,1301
2900306,BA,202609,3090,7427,2087124,675.66,675.44,5089,10950,3008,690,1391
2900355,BA,202609,3166,7203,2075045,656.04,655.42,5269,10949,3176,715,1378
2900405,BA,202609,4435,8601,2906603,655.38,655.38,7216,12430,4844,535,1837
2900504,BA,202609,1419,3924,942394,665.53,664.13,2589,6762,1301,449,839
2900603,BA,202609,890,2014,585421,658.52,657.78,1799,3499,852,258,689
2900702,BA,202609,23823,53447,15591128,654.73,654.46,45302,92471,23756,7328,14218
2900801,BA,202609,4461,12101,3063807,688.34,686.8,8687,20321,4365,1604,2718
2900900,BA,202609,1311,2689,862279,657.73,657.73,2542,4194,1298,219,1025
2901007,BA,202609,5030,13039,3315982,660.16,659.24,11421,26070,4920,2672,3829
2901106,BA,202609,3192,7581,2056330,644.82,644.21,6737,15080,2901,1438,2398
2901155,BA,202609,3123,8795,2063890,666.42,660.87,5185,13267,2801,938,1446
2901205,BA,202609,5478,11608,3567476,651.24,651.24,8978,17581,5545,892,2541
2901304,BA,202609,2530,6246,1702038,672.74,672.74,4619,10050,2418,743,1458
2901353,BA,202609,2884,6348,1913318,664.12,663.43,6214,12037,3321,673,2220
2901403,BA,202609,2627,7123,1822031,694.37,693.58,4802,11187,2777,519,1506
2901502,BA,202609,2190,4824,1447216,660.83,660.83,3709,7226,2200,394,1115
2901601,BA,202609,2722,5613,1771578,650.84,650.84,3970,7777,2710,410,850
2901700,BA,202609,2546,6177,1704802,670.65,669.6,4087,8810,2448,491,1148
2901809,BA,202609,2187,5523,1483373,678.58,678.27,3543,8141,2100,416,1027
2901908,BA,202609,3982,8849,2646321,664.74,664.57,5848,11890,3967,674,1207
2901957,BA,202609,1593,3761,1061437,666.73,666.31,2820,5822,1548,375,897
2902005,BA,202609,2460,6552,1614173,656.17,656.17,5125,12335,2203,939,1983
2902054,BA,202609,3191,6349,2066606,648.86,647.64,5122,9638,3072,667,1383
2902104,BA,202609,12044,27700,8015303,667.0,665.5,18696,39824,12047,2299,4350
2902203,BA,202609,2562,4996,1655244,646.07,646.07,4289,7580,2458,575,1256
2902252,BA,202609,1875,4002,1262887,673.54,673.54,3441,6115,1895,342,1204
2902302,BA,202609,2618,5614,1727958,660.03,660.03,3813,7384,2757,432,624
2902401,BA,202609,2754,6449,1825594,663.37,662.89,4563,9398,2642,630,1291
2902500,BA,202609,2584,7352,1805653,698.78,698.78,4505,11368,2538,626,1341
2902609,BA,202609,4118,9135,2727701,662.38,662.38,6552,13642,4097,719,1736
2902658,BA,202609,1964,5573,1326431,675.72,675.37,3875,10252,1758,839,1278
2902708,BA,202609,9206,28161,6614438,719.04,718.49,13809,39494,8661,2181,2967
2902807,BA,202609,4353,12265,2941562,677.78,675.76,7411,19888,4083,1363,1965
2902906,BA,202609,4978,14603,3293867,662.35,661.68,11706,30552,4262,3088,4356
2903003,BA,202609,2744,6834,1838649,670.06,670.06,5078,11614,2636,669,1773
2903102,BA,202609,1806,3551,1192442,660.63,660.27,3058,5171,1959,164,935
2903201,BA,202609,15938,43097,10860904,682.65,681.45,38060,87218,17104,8050,12906
2903235,BA,202609,2902,7338,1952381,672.77,672.77,5090,11603,2906,643,1541
2903276,BA,202609,3405,8252,2269937,666.65,666.65,5940,13444,3287,846,1807
2903300,BA,202609,1708,3524,1141729,668.85,668.46,3024,5031,1966,192,866
2903409,BA,202609,4074,9810,2756140,676.52,676.52,7487,15215,4083,989,2415
2903508,BA,202609,3346,8886,2264859,676.89,676.89,6433,15124,3315,1054,2064
2903607,BA,202609,4147,9505,2817306,679.69,679.36,6617,13826,4235,626,1756
2903706,BA,202609,3116,7703,2107923,677.35,676.48,5765,11923,3209,557,1999
2903805,BA,202609,3978,9352,2680982,673.95,673.95,6748,14070,4062,711,1975
2903904,BA,202609,10096,29112,7042353,699.06,697.54,18376,47737,9302,3771,5303
2903953,BA,202609,2102,5379,1420367,675.72,675.72,4075,9014,2062,659,1354
2904001,BA,202609,2335,6273,1584218,678.47,678.47,4165,10350,2188,643,1334
2904050,BA,202609,3078,8457,2075704,676.57,674.37,5454,13568,2841,1136,1477
2904100,BA,202609,3721,9290,2510397,674.84,674.66,7091,15344,3566,1014,2511
2904209,BA,202609,1881,5208,1267722,674.32,673.96,3581,8716,1777,620,1184
2904308,BA,202609,2848,6359,1890211,663.7,663.7,4781,9606,2813,554,1414
2904407,BA,202609,1329,3791,892630,671.66,671.66,2987,7255,1391,509,1087
2904506,BA,202609,2380,5718,1615726,678.88,678.88,4254,9101,2489,426,1339
2904605,BA,202609,6220,16489,4012185,645.77,645.05,16879,40846,5337,4541,7001
2904704,BA,202609,2776,6615,1883922,678.65,678.65,5617,11418,2793,855,1969
2904753,BA,202609,5093,13442,3502469,687.84,687.7,8157,19351,4968,1005,2184
2904803,BA,202609,1289,2931,844447,655.12,655.12,2543,5186,1226,372,945
2904852,BA,202609,3727,9997,2566055,688.5,688.5,5516,13722,3548,847,1121
2904902,BA,202609,6957,14925,4533742,651.68,651.68,11164,22055,7038,1555,2571
2905008,BA,202609,2109,5850,1401089,665.6,664.34,5279,13369,1892,1369,2018
2905107,BA,202609,2826,6273,1895437,671.9,670.71,4346,8519,2958,342,1046
2905156,BA,202609,2547,6657,1727393,679.01,678.21,4060,9807,2444,560,1056
2905206,BA,202609,8032,20595,5345951,666.08,665.58,15360,36645,7635,2800,4925
2905305,BA,202609,3848,10443,2633356,684.7,684.34,5968,14890,3688,784,1496
2905404,BA,202609,4175,10038,2796485,669.98,669.82,6105,13474,4065,885,1155
2905503,BA,202609,3876,8718,2731475,705.44,704.71,5522,10961,4120,303,1099
2905602,BA,202609,3336,8506,2251981,675.05,675.05,7661,16798,3156,1458,3047
2905701,BA,202609,44033,105390,29094331,662.32,660.74,84481,175541,45865,12915,25701
2905800,BA,202609,6468,16625,4435186,686.03,685.71,10500,24001,6133,1832,2535
2905909,BA,202609,5396,16050,3831664,710.09,710.09,8590,22857,5174,1298,2118
2906006,BA,202609,14582,38232,9840675,675.27,674.85,25040,58875,13816,3707,7517
2906105,BA,202609,1514,4550,1071475,708.18,707.71,2942,7812,1585,483,874
2906204,BA,202609,5062,13429,3415856,675.2,674.8,8081,19567,4825,1098,2158
2906303,BA,202609,6661,15549,4460177,671.01,669.6,12115,24237,7000,1783,3332
2906402,BA,202609,1700,3956,1126991,663.33,662.94,3019,6350,1673,323,1023
2906501,BA,202609,13603,30603,8991818,661.11,661.02,21961,44664,13637,2758,5566
2906600,BA,202609,2153,5829,1408694,655.51,654.29,4288,10449,1991,764,1533
2906709,BA,202609,6155,13662,4076170,663.12,662.25,11078,21164,6293,1138,3647
2906808,BA,202609,8515,21633,5711929,671.36,670.81,13772,32350,8144,1883,3745
2906824,BA,202609,3901,9194,2659350,681.71,681.71,6145,12754,3844,841,1460
2906857,BA,202609,2063,4877,1369155,663.67,663.67,4260,8831,2059,592,1609
2906873,BA,202609,5131,12770,3369561,660.18,656.71,9694,21729,4826,2087,2781
2906899,BA,202609,1662,4342,1089853,656.54,655.75,3572,8230,1542,619,1411
2906907,BA,202609,3705,9067,2472450,667.87,667.33,7410,15736,3629,1234,2547
2907004,BA,202609,2472,5388,1666146,674.01,674.01,3913,7444,2538,346,1029
2907103,BA,202609,7203,17835,4925112,684.33,683.76,11704,25287,7259,1395,3050
2907202,BA,202609,15818,40532,10726773,680.46,678.14,25519,58093,15733,3860,5926
2907301,BA,202609,4777,11298,3140715,657.47,657.47,8448,17995,4643,1447,2358
2907400,BA,202609,663,1818,464640,700.81,700.81,1182,2764,691,139,352
2907509,BA,202609,9748,19360,6225849,639.53,638.68,17894,33774,9946,2179,5769
2907558,BA,202609,1222,3456,813223,665.49,665.49,2370,5913,1127,446,797
2907608,BA,202609,3089,7714,2085549,675.81,675.15,5916,12861,2978,975,1963
2907707,BA,202609,2693,6639,1861457,691.48,691.22,3952,8584,2695,375,882
2907806,BA,202609,5132,12206,3398972,662.31,662.31,9165,20290,4933,1455,2777
2907905,BA,202609,3708,9703,2550453,687.82,687.82,6104,14384,3572,799,1733
2908002,BA,202609,3725,7858,2435262,653.94,653.76,7421,13443,3677,913,2831
2908101,BA,202609,3135,8092,2134809,680.96,680.96,6228,14061,3406,853,1969
2908200,BA,202609,3633,8508,2412467,664.04,664.04,6661,14516,3555,1096,2010
2908309,BA,202609,2725,6206,1757516,644.96,644.96,5045,11123,2624,894,1527
2908408,BA,202609,11297,29581,7536266,668.94,667.1,22439,52104,10578,4988,6873
2908507,BA,202609,6227,13123,4035823,648.32,648.12,11426,21755,6290,1686,3450
2908606,BA,202609,5804,14065,3945079,680.3,679.72,8918,19126,5684,1097,2137
2908705,BA,202609,2956,7451,1951082,660.04,660.04,6151,14201,2801,1040,2310
2908804,BA,202609,802,2129,548162,684.35,683.49,1731,3713,786,373,572
2908903,BA,202609,6304,13555,4155867,660.61,659.24,10152,19702,6449,1164,2539
2909000,BA,202609,1201,3092,795757,662.58,662.58,2746,6493,1129,544,1073
2909109,BA,202609,3203,7586,2151417,672.74,671.69,5873,12246,3461,587,1825
2909208,BA,202609,3662,9151,2365576,646.33,645.98,5354,12279,3237,967,1150
2909307,BA,202609,4275,12386,2963953,694.3,693.32,8806,22231,4594,1451,2761
2909406,BA,202609,2341,6277,1641207,701.07,701.07,4480,10362,2695,474,1311
2909505,BA,202609,931,2217,634661,682.43,681.7,1840,3846,952,283,605
2909604,BA,202609,4514,10931,3031614,671.6,671.6,7058,15468,4485,993,1580
2909703,BA,202609,1971,5815,1353127,686.52,686.52,3804,10102,2060,644,1100
2909802,BA,202609,10468,23023,6790931,649.23,648.73,18959,38271,10504,2989,5466
2909901,BA,202609,7842,19555,5349531,682.86,682.16,12362,28337,7779,1678,2905
2910008,BA,202609,2031,5321,1382788,681.18,680.84,3700,8066,1968,557,1175
2910057,BA,202609,12549,28271,8202784,654.55,653.66,21040,43951,11815,3217,6008
2910107,BA,202609,1809,5106,1209946,668.85,668.85,3854,10233,1733,753,1368
2910206,BA,202609,838,1879,540583,645.09,645.09,1595,3432,784,305,506
2910305,BA,202609,1267,2961,831548,656.31,656.31,2390,5266,1223,484,683
2910404,BA,202609,3944,10127,2678155,679.05,679.05,7119,16079,3648,1061,2410
2910503,BA,202609,8410,18380,5567605,663.05,662.02,14101,27894,8501,1756,3844
2910602,BA,202609,6398,15777,4352342,681.44,680.27,10818,23491,6374,1591,2853
2910701,BA,202609,13204,31124,8812777,667.48,667.43,22017,47303,13348,2633,6036
2910727,BA,202609,14031,34814,9365756,667.93,667.5,34415,73409,13155,6913,14347
2910750,BA,202609,3854,9297,2527052,656.38,655.7,6228,14378,3682,1093,1453
2910776,BA,202609,892,2398,606076,680.22,679.46,2132,4818,854,470,808
2910800,BA,202609,82869,194757,54751272,660.86,660.7,177661,368004,83822,33481,60358
2910859,BA,202609,4480,10340,2983699,666.15,666.0,7289,15472,4387,777,2125
2910909,BA,202609,1147,2566,755462,658.64,658.64,2143,4024,1115,281,747
2911006,BA,202609,1912,4004,1253967,656.53,655.84,3756,6851,1896,417,1443
2911105,BA,202609,3873,11433,2770238,715.45,715.27,7198,19041,3872,1278,2048
2911204,BA,202609,5228,12230,3440271,660.57,658.05,9077,19133,5098,1454,2525
2911253,BA,202609,1309,2456,843240,644.19,644.19,2276,3870,1410,230,636
2911303,BA,202609,1949,5401,1328672,681.72,681.72,3635,9308,1905,538,1192
2911402,BA,202609,2481,6826,1671254,673.89,673.62,5776,14043,2217,1048,2511
2911501,BA,202609,1851,3685,1211566,658.1,654.55,3294,5463,1968,202,1124
2911600,BA,202609,3108,8114,2067366,665.18,665.18,6285,15055,2920,1286,2079
2911659,BA,202609,1099,2916,724304,659.06,659.06,2496,5995,1024,411,1061
2911709,BA,202609,12379,30702,8016270,648.25,647.57,28772,64589,11908,6012,10852
2911808,BA,202609,4990,10496,3321721,666.08,665.68,8918,15815,5371,655,2892
2911857,BA,202609,2793,6510,1854849,664.11,664.11,4303,9369,2743,514,1046
2911907,BA,202609,4708,11755,3090040,658.02,656.34,8272,18142,4326,1562,2384
2912004,BA,202609,1295,3513,821549,634.89,634.4,3118,7889,1109,666,1343
2912103,BA,202609,4896,10114,3213632,656.38,656.38,9483,16609,5014,989,3480
2912202,BA,202609,3552,9013,2365367,666.68,665.93,6290,15009,3228,1236,1826
2912301,BA,202609,2967,6551,1917553,646.51,646.29,5146,9591,2898,568,1680
2912400,BA,202609,3124,7704,2080623,666.65,666.01,5213,11801,3014,642,1557
2912509,BA,202609,1785,5222,1198487,671.8,671.42,3964,10352,1646,920,1398
2912608,BA,202609,1195,2562,805058,673.69,673.69,1904,3705,1267,146,491
2912707,BA,202609,3698,9359,2495861,675.29,674.92,6628,14376,3424,1113,2091
2912806,BA,202609,1556,3769,1040543,668.73,668.73,3336,7309,1442,575,1319
2912905,BA,202609,3197,8250,2134600,668.11,667.69,6479,14600,2991,1109,2379
2913002,BA,202609,2460,6504,1651594,671.38,671.38,4586,10960,2398,722,1466
2913101,BA,202609,4456,10074,2899339,651.39,650.66,6903,14474,4197,899,1807
2913200,BA,202609,4626,11931,3198818,693.29,691.49,8782,19624,4845,1344,2593
2913309,BA,202609,1308,3119,874193,669.37,668.34,2343,5168,1262,368,713
2913408,BA,202609,2497,6221,1668356,668.41,668.14,5054,11288,2424,920,1710
2913457,BA,202609,2466,6181,1655118,671.99,671.18,3807,8796,2342,586,879
2913507,BA,202609,4088,9903,2726785,667.02,667.02,7782,16000,4139,1043,2600
2913606,BA,202609,21379,53766,14051433,659.23,657.25,47896,100996,19881,10504,17511
2913705,BA,202609,6713,15799,4505011,671.19,671.09,10776,23857,6475,1584,2717
2913804,BA,202609,3493,7998,2355706,674.6,674.41,5852,11922,3580,696,1576
2913903,BA,202609,8275,17426,5439564,658.7,657.35,15936,28100,8492,1746,5698
2914000,BA,202609,10687,23971,7095778,664.46,663.96,21185,40766,11335,3103,6747
2914109,BA,202609,2019,5000,1338720,663.06,663.06,3965,8428,2123,457,1385
2914208,BA,202609,1252,3110,844509,676.69,674.53,2360,4850,1310,221,829
2914307,BA,202609,1897,4680,1270091,669.53,669.53,3208,7282,1840,476,892
2914406,BA,202609,4803,12684,3270119,682.7,680.85,8625,20435,4682,1522,2421
2914505,BA,202609,8374,16950,5452162,651.08,651.08,12380,22892,8593,1134,2653
2914604,BA,202609,12828,30892,8547287,667.91,666.3,23438,51119,12988,3733,6717
2914653,BA,202609,5715,14076,3944395,690.79,690.18,9774,20716,5617,1334,2823
2914703,BA,202609,13420,27765,8778717,655.08,654.15,24279,45417,13709,3371,7199
2914802,BA,202609,22171,50980,14506287,654.76,654.29,51095,105767,21426,10332,19337
2914901,BA,202609,5548,13713,3790425,683.33,683.21,8838,18894,5412,1241,2185
2915007,BA,202609,4019,8627,2694713,671.16,670.49,6160,11748,4077,500,1583
2915106,BA,202609,3383,7213,2248143,664.54,664.54,5960,10973,3539,541,1880
2915205,BA,202609,2862,6834,1921505,673.5,671.39,5711,11349,2818,818,2075
2915304,BA,202609,1128,2866,764624,677.86,677.86,2511,5138,1123,397,991
2915353,BA,202609,2915,7434,1925566,660.57,660.57,5332,11697,2600,1005,1727
2915403,BA,202609,1441,3251,965775,670.21,670.21,2497,4954,1389,263,845
2915502,BA,202609,4053,8895,2695296,665.18,665.01,7648,14544,3939,942,2767
2915601,BA,202609,8077,21928,5535077,687.84,685.29,20762,45615,7648,4594,8520
2915700,BA,202609,1530,3712,1030847,675.52,673.76,2558,5317,1475,315,768
2915809,BA,202609,3384,8372,2254975,666.56,666.36,7609,16056,3077,1455,3077
2915908,BA,202609,1883,4243,1275112,677.17,677.17,3143,6071,1961,313,869
2916005,BA,202609,2902,6718,1901457,655.9,655.22,6047,12154,2891,946,2210
2916104,BA,202609,4858,10605,3198657,658.97,658.43,8565,16048,5243,973,2349
2916203,BA,202609,1608,3860,1073965,667.89,667.89,2867,6000,1536,447,884
2916302,BA,202609,2028,4486,1369817,677.12,675.45,3722,6836,2001,346,1375
2916401,BA,202609,10451,23978,6931374,664.62,663.23,23381,45355,10249,3924,9208
2916500,BA,202609,7453,17254,4966417,666.99,666.36,11563,24084,7308,1510,2745
2916609,BA,202609,1150,2566,745209,649.14,648.01,2344,4738,1077,374,893
2916708,BA,202609,1272,3336,861273,677.63,677.1,2394,5460,1221,432,741
2916807,BA,202609,2612,6541,1767662,677.01,676.75,4994,10862,2470,925,1599
2916856,BA,202609,3322,8159,2224373,673.64,669.59,5721,12927,3135,927,1659
2916906,BA,202609,2493,5329,1631002,655.02,654.23,4540,8487,2524,522,1494
2917003,BA,202609,8508,20157,5731019,673.6,673.6,12822,27652,8598,1234,2990
2917102,BA,202609,3295,7409,2174934,660.87,660.07,6649,12721,3329,954,2366
2917201,BA,202609,3180,8840,2142779,674.68,673.83,5536,14459,3018,1051,1467
2917300,BA,202609,5821,12514,3850693,662.31,661.52,8593,17046,5816,878,1899
2917334,BA,202609,1935,4981,1326242,686.46,685.4,3771,8140,1936,604,1231
2917359,BA,202609,1416,4124,964897,682.39,681.42,2971,7673,1386,532,1053
2917409,BA,202609,2241,5817,1504901,671.53,671.53,5185,11644,2226,702,2257
2917508,BA,202609,15224,33992,10117116,666.83,664.55,27924,55418,16176,3453,8295
2917607,BA,202609,5180,15290,3597124,694.83,694.43,13979,33942,4842,3904,5233
2917706,BA,202609,5613,13115,3710378,663.28,661.03,10350,23009,5369,1491,3490
2917805,BA,202609,4611,10704,3035103,658.23,658.23,6620,14252,4573,807,1240
2917904,BA,202609,2211,5457,1512452,684.37,684.06,3463,7572,2193,511,759
2918001,BA,202609,20276,48035,13339027,660.15,657.87,46558,96478,19461,9846,17251
2918100,BA,202609,8471,19136,5640604,666.27,665.87,13359,27316,8430,1608,3321
2918209,BA,202609,2834,7117,1858148,656.36,655.66,4615,10728,2677,812,1126
2918308,BA,202609,3255,6996,2214272,680.48,680.27,5774,10855,3378,583,1813
2918357,BA,202609,4228,12199,2865184,677.67,677.67,7997,20747,3811,1839,2347
2918407,BA,202609,39583,103867,27295818,691.17,689.58,68231,158226,38694,11925,17612
2918456,BA,202609,2029,5027,1374611,677.82,677.48,3718,7749,2143,460,1115
2918506,BA,202609,4146,9791,2792189,674.12,673.47,6358,13420,4118,562,1678
2918555,BA,202609,1516,2977,986944,651.02,651.02,2565,4364,1471,236,858
2918605,BA,202609,1226,3059,798474,651.28,651.28,2656,6082,1194,387,1075
2918704,BA,202609,585,1533,370586,633.48,633.48,1623,3554,524,329,770
2918753,BA,202609,2181,5957,1426696,654.75,654.15,3796,9746,1956,727,1113
2918803,BA,202609,4517,11318,3046228,674.69,674.39,6908,15950,4451,902,1555
2918902,BA,202609,687,1646,466094,678.45,678.45,1941,3580,723,276,942
2919009,BA,202609,796,1815,525327,659.96,659.96,1393,2976,765,212,416
2919058,BA,202609,1248,3491,847154,679.35,678.81,2189,5739,1191,395,603
2919108,BA,202609,2670,5599,1752373,656.81,656.32,4197,7962,2664,412,1121
2919157,BA,202609,5327,14109,3584913,673.22,672.97,9086,21827,4986,1590,2510
2919207,BA,202609,26794,62512,17632962,658.19,658.09,48906,103868,26941,8191,13774
2919306,BA,202609,1818,4466,1195479,657.58,657.58,3221,7024,1683,569,969
2919405,BA,202609,1774,4746,1155479,651.34,651.34,4141,9745,1563,810,1768
2919504,BA,202609,6031,17510,4049968,671.64,671.53,11373,30504,5547,2470,3356
2919553,BA,202609,12964,34311,9019538,698.0,695.74,26733,61166,14852,4566,7315
2919603,BA,202609,2668,6191,1793259,673.4,672.14,4482,9144,2709,494,1279
2919702,BA,202609,3193,7117,2110374,660.94,660.94,6144,11750,3120,858,2166
2919801,BA,202609,6744,18097,4604384,683.14,682.74,12434,30074,6505,2080,3849
2919900,BA,202609,1780,4434,1223092,688.29,687.13,2621,5830,1756,291,574
2919926,BA,202609,3033,6832,1991279,656.75,656.54,5240,11008,2993,677,1570
2919959,BA,202609,1711,3950,1113513,651.18,650.8,3161,6388,1759,357,1045
2920007,BA,202609,1797,4046,1217457,680.14,677.49,3316,6260,1825,329,1162
2920106,BA,202609,4159,9003,2734840,658.2,657.57,6673,13295,4282,670,1721
2920205,BA,202609,3705,9121,2511042,678.48,677.74,6120,13453,3735,796,1589
2920304,BA,202609,1506,3802,988267,656.22,656.22,2861,6811,1416,544,901
2920403,BA,202609,3131,7494,2056841,657.14,656.93,5648,11529,2963,831,1854
2920452,BA,202609,2731,6858,1890697,692.31,692.31,4599,10063,3073,399,1127
2920502,BA,202609,4099,10401,2727295,666.33,665.36,8428,19428,3886,1641,2901
2920601,BA,202609,10918,22151,7075691,648.37,648.08,15428,29653,11156,1600,2672
2920700,BA,202609,5949,13446,3992655,671.37,671.15,8854,18139,5811,1105,1938
2920809,BA,202609,2869,6173,1910611,666.18,665.95,4373,8560,2898,389,1086
2920908,BA,202609,2688,5799,1916407,712.95,712.95,5264,9555,2684,613,1967
2921005,BA,202609,7441,17944,4880515,658.64,655.9,15149,32695,7130,2702,5317
2921054,BA,202609,1975,5022,1324697,671.07,670.73,3543,8452,1916,609,1018
2921104,BA,202609,3535,8400,2358822,667.84,667.28,7592,15421,3336,1348,2908
2921203,BA,202609,4033,10300,2709813,671.91,671.91,7597,17807,3938,1242,2417
2921302,BA,202609,2162,5173,1439990,666.97,666.05,3876,8179,2124,592,1160
2921401,BA,202609,4625,9523,3036207,657.05,656.48,7399,13857,4726,577,2096
2921450,BA,202609,2014,5069,1337308,665.0,664.01,3555,8025,1940,532,1083
2921500,BA,202609,12626,28406,8328906,660.08,659.66,21250,43609,13108,2524,5618
2921609,BA,202609,1652,4380,1126047,681.63,681.63,2953,6650,1563,450,940
2921708,BA,202609,4585,13084,3077122,672.45,671.13,9074,23275,4123,2047,2904
2921807,BA,202609,1516,4145,992038,654.38,654.38,3477,8702,1369,735,1373
2921906,BA,202609,2119,5383,1457279,687.72,687.72,3668,8610,2082,530,1056
2922003,BA,202609,3443,9852,2259190,659.04,656.17,9973,23506,2781,2794,4398
2922052,BA,202609,3205,8169,2174630,678.72,678.51,4672,10937,3162,438,1072
2922102,BA,202609,5303,10690,3454520,651.67,651.43,7646,14198,5217,631,1798
2922201,BA,202609,1627,3414,1052914,647.15,647.15,2689,5394,1611,362,716
2922250,BA,202609,2695,7103,1890158,702.14,701.36,4400,10323,2838,500,1062
2922300,BA,202609,5837,13465,3839153,657.73,657.73,9855,20813,5783,1382,2690
2922409,BA,202609,3829,9812,2529201,660.88,660.54,6644,15686,3628,1233,1783
2922508,BA,202609,4876,11109,3175277,651.21,651.21,8259,17086,4613,1471,2175
2922607,BA,202609,2774,7144,1900853,685.49,685.24,4209,9833,2707,587,915
2922656,BA,202609,2955,6997,1957441,663.09,662.42,4657,10345,2875,680,1102
2922706,BA,202609,3134,6757,2044573,652.38,652.38,5430,10326,2996,721,1713
2922730,BA,202609,1862,4287,1239658,666.12,665.77,3309,6635,1841,465,1003
2922755,BA,202609,1163,2918,763129,657.3,656.17,2120,4756,1109,381,630
2922805,BA,202609,2161,4990,1466343,678.55,678.55,3216,6594,2105,318,793
2922854,BA,202609,1814,4166,1218771,671.87,671.87,3108,6207,1846,330,932
2922904,BA,202609,5420,12482,3637454,671.49,671.12,8794,18691,5326,1131,2337
2923001,BA,202609,5679,15189,3850109,679.15,677.96,12215,28320,5277,2450,4488
2923035,BA,202609,2478,6142,1619205,653.7,653.43,4174,9244,2406,537,1231
2923050,BA,202609,1963,4571,1311041,667.88,667.88,2953,6352,1930,368,655
2923100,BA,202609,5308,12048,3541770,667.63,667.25,8279,17359,5196,1036,2047
2923209,BA,202609,3998,10252,2745360,687.2,686.68,7672,16785,4054,1138,2480
2923308,BA,202609,1715,3785,1138349,663.76,663.76,2788,5469,1703,333,752
2923357,BA,202609,4089,10215,2781117,682.99,680.15,6355,14435,4030,716,1609
2923407,BA,202609,3501,9363,2353970,673.33,672.37,7617,17677,3415,1306,2896
2923506,BA,202609,2220,5589,1511096,681.29,680.67,3586,7832,2326,418,842
2923605,BA,202609,3485,8608,2307695,662.37,662.18,6188,14091,3385,1053,1750
2923704,BA,202609,8396,19648,5752494,685.15,685.15,11721,25751,8409,1016,2296
2923803,BA,202609,5004,12882,3340474,667.96,667.56,8340,20070,5021,1314,2005
2923902,BA,202609,3697,6211,2393230,647.34,647.34,5563,8761,3746,335,1482
2924009,BA,202609,16917,41979,11409079,674.53,674.42,31220,70629,16157,5458,9605
2924058,BA,202609,3530,7967,2351686,666.39,666.2,5806,11906,3585,595,1626
2924108,BA,202609,1580,3505,1048836,663.82,663.82,2495,4942,1577,263,655
2924207,BA,202609,3965,8548,2683640,677.17,676.83,6443,12228,4428,502,1513
2924306,BA,202609,2747,7848,1897662,692.58,690.81,6096,15548,2663,1118,2315
2924405,BA,202609,8336,22598,5892509,706.87,706.87,11914,29173,8526,1258,2130
2924504,BA,202609,2500,6865,1641690,657.46,656.68,5104,12594,2290,809,2005
2924603,BA,202609,5030,11208,3318907,660.08,659.82,8169,16241,5218,840,2111
2924652,BA,202609,1753,4166,1167965,666.27,666.27,3199,6737,1682,595,922
2924678,BA,202609,1734,4391,1183628,683.78,682.6,2571,5981,1672,370,529
2924702,BA,202609,1520,4231,1013544,666.81,666.81,3152,7798,1433,562,1157
2924801,BA,202609,4776,9890,3128541,655.47,655.05,6925,13297,4746,640,1539
2924900,BA,202609,1301,3361,861720,662.35,662.35,2921,6226,1287,452,1182
2925006,BA,202609,4447,11018,2996396,674.1,673.8,9122,19437,4452,1391,3279
2925105,BA,202609,9159,22444,6111716,667.36,667.29,17569,38286,8763,2783,6023
2925204,BA,202609,5298,12107,3445426,651.31,650.33,9444,19906,5237,1402,2805
2925253,BA,202609,5137,12242,3481421,677.71,677.71,7763,16511,5228,663,1872
2925303,BA,202609,22193,58043,14848743,670.4,669.07,47853,108580,20680,10987,16186
2925402,BA,202609,2343,5332,1569290,670.06,669.78,3296,6811,2238,328,730
2925501,BA,202609,4467,14226,3205227,719.79,717.53,10671,26132,4226,2524,3921
2925600,BA,202609,3407,7824,2240260,657.55,657.55,5760,11966,3424,705,1631
2925709,BA,202609,2361,6047,1566636,663.83,663.55,4230,9847,2254,671,1305
2925758,BA,202609,6229,16396,4253045,683.66,682.78,8648,21467,6099,1159,1390
2925808,BA,202609,5876,13205,3890207,662.28,662.05,9331,18785,6032,1089,2210
2925907,BA,202609,5652,13761,3729004,660.47,659.77,9041,20377,5302,1222,2517
2925931,BA,202609,1749,3969,1122789,643.06,641.96,3769,7780,1749,525,1495
2925956,BA,202609,4642,10677,3093397,668.12,666.39,7378,15175,4519,838,2021
2926004,BA,202609,8071,21182,5511470,683.97,682.87,14007,32570,7946,2032,4029
2926103,BA,202609,3501,8031,2312198,660.63,660.44,5513,11784,3404,664,1445
2926202,BA,202609,4282,11519,2950365,690.47,689.02,7772,17416,4534,1015,2223
2926301,BA,202609,6289,14121,4100668,652.97,652.04,11571,23600,6031,1812,3728
2926400,BA,202609,5059,13696,3416777,675.52,675.39,10007,24039,4763,2015,3229
2926509,BA,202609,3038,7761,2075196,683.53,683.08,4835,10740,3168,538,1129
2926608,BA,202609,8551,21761,5725963,669.78,669.62,13633,32133,7935,2579,3119
2926657,BA,202609,1847,4571,1259966,682.54,682.17,3158,6727,1829,383,946
2926707,BA,202609,2045,5606,1340300,655.72,655.4,3878,9806,1897,725,1256
2926806,BA,202609,2559,6341,1688850,660.48,659.96,4832,10856,2613,662,1557
2926905,BA,202609,1226,3442,781510,637.97,637.45,2708,6480,1068,545,1095
2927002,BA,202609,6634,17166,4471875,674.19,674.08,12903,29110,6430,2132,4341
2927101,BA,202609,3932,8207,2665008,677.77,677.77,4801,9485,4079,186,536
2927200,BA,202609,5931,13648,3898811,657.69,657.36,10297,20824,5566,1577,3154
2927309,BA,202609,4830,9898,3176300,657.89,657.62,7605,13880,5357,699,1549
2927408,BA,202609,294742,643334,190400530,646.93,645.99,605858,1165617,306319,106516,193023
2927507,BA,202609,5523,12498,3660624,663.52,662.8,9033,18593,5477,1073,2483
2927606,BA,202609,2867,7492,1973067,688.92,688.2,4917,11692,2765,800,1352
2927705,BA,202609,5376,13381,3664405,682.26,681.62,10294,21837,5278,1747,3269
2927804,BA,202609,1136,2374,752592,662.49,662.49,2282,4005,1179,284,819
2927903,BA,202609,2155,4992,1429705,663.74,663.44,3973,8097,2139,527,1307
2928000,BA,202609,8536,20065,5651720,662.26,662.1,14430,30940,8347,2131,3952
2928059,BA,202609,2204,5469,1513276,687.54,686.6,3962,8476,2231,602,1129
2928109,BA,202609,7124,16903,4734863,665.1,664.64,14561,30525,7766,2121,4674
2928208,BA,202609,3725,10955,2589937,696.22,695.29,7723,19795,3680,1382,2661
2928307,BA,202609,2192,5178,1453050,666.54,662.89,3548,7378,2243,469,836
2928406,BA,202609,6822,16107,4654739,682.31,682.31,11813,24245,7809,1070,2934
2928505,BA,202609,1836,4542,1230703,671.05,670.32,3360,7465,1771,616,973
2928604,BA,202609,13835,27432,9013696,651.75,651.51,22237,40490,14196,2187,5854
2928703,BA,202609,13191,30863,8453568,640.86,640.86,27840,59359,12762,5899,9179
2928802,BA,202609,8330,21489,5616250,674.95,674.22,15414,36984,7894,2906,4614
2928901,BA,202609,5141,13784,3607001,702.3,701.61,9464,22622,5497,1456,2511
2928950,BA,202609,2049,4287,1338028,653.02,653.02,3566,6767,2101,419,1046
2929008,BA,202609,2012,4589,1292614,642.45,642.45,3501,7489,1941,650,910
2929057,BA,202609,2540,6495,1719065,677.33,676.8,5590,12027,2905,766,1919
2929107,BA,202609,4697,10926,3069853,653.72,653.58,7592,16080,4710,930,1952
2929206,BA,202609,8049,18429,5367433,666.84,666.84,13118,27367,8307,1478,3333
2929255,BA,202609,3684,9920,2444515,663.55,663.55,6480,16039,3448,1070,1962
2929305,BA,202609,4646,12151,3075664,662.86,662.0,9583,23834,4211,2259,3113
2929354,BA,202609,1612,3700,1067540,662.66,662.25,2810,5596,1566,372,872
2929370,BA,202609,1919,4986,1292351,674.15,673.45,3392,7544,1894,573,925
2929404,BA,202609,1935,4851,1300569,672.13,672.13,3474,7820,1958,499,1017
2929503,BA,202609,5540,13689,3600674,651.47,649.94,10654,24381,5199,1812,3643
2929602,BA,202609,3892,8692,2551674,655.62,655.62,6873,14020,3857,915,2101
2929701,BA,202609,3274,8605,2236839,684.05,683.21,5158,12392,3157,795,1206
2929750,BA,202609,3260,7173,2144089,657.9,657.7,5161,10462,3260,645,1256
2929800,BA,202609,2985,6051,1965309,658.39,658.39,4563,8361,3105,346,1112
2929909,BA,202609,8156,21316,5410454,663.45,663.37,14330,35022,7529,2669,4132
2930006,BA,202609,1507,3964,1012470,672.74,671.84,2688,6391,1445,438,805
2930105,BA,202609,13766,30423,9128192,663.43,663.1,25813,52194,14017,3529,8267
2930154,BA,202609,5870,17165,4148552,706.74,706.74,10765,28033,5441,1964,3360
2930204,BA,202609,9013,22950,6208569,690.22,688.85,12737,29682,8695,1508,2534
2930303,BA,202609,2609,7493,1805574,692.32,692.06,5718,13965,2734,1072,1912
2930402,BA,202609,2929,7238,1975412,674.66,674.43,5644,11863,2945,712,1987
2930501,BA,202609,17374,38055,11476386,660.63,660.55,30342,59623,18111,3985,8246
2930600,BA,202609,2561,6398,1721628,672.51,672.25,4782,10983,2531,688,1563
2930709,BA,202609,20547,46042,13546117,661.04,659.27,38380,76614,21077,5886,11417
2930758,BA,202609,3077,9039,2235191,726.42,726.42,4406,11822,2995,502,909
2930766,BA,202609,2880,6616,1887817,656.18,655.49,4213,8835,2812,552,849
2930774,BA,202609,4107,10678,2782379,679.46,677.47,7859,18156,3787,1502,2570
2930808,BA,202609,3312,9029,2239511,676.18,676.18,5279,13653,3180,762,1337
2930907,BA,202609,1784,5357,1234350,691.9,691.9,3747,9998,1749,668,1330
2931004,BA,202609,3957,10179,2580075,652.36,652.03,7139,16683,3637,1195,2307
2931053,BA,202609,3109,8677,2119278,682.54,681.66,5352,13792,2955,1004,1393
2931103,BA,202609,1659,3730,1077786,650.44,649.66,2708,5745,1593,387,728
2931202,BA,202609,4054,9641,2724672,672.43,672.09,5926,13053,3982,746,1198
2931301,BA,202609,3220,7575,2187650,679.61,679.39,4766,10045,3219,460,1087
2931350,BA,202609,13289,35193,8849569,669.97,665.93,39886,86042,12701,9806,17379
2931400,BA,202609,1908,3504,1219205,639.0,639.0,3162,5261,1937,324,901
2931509,BA,202609,3626,9167,2465343,680.09,679.91,6842,16180,3505,1041,2296
2931608,BA,202609,2822,6960,1925376,682.52,682.27,4028,9126,2760,461,807
2931707,BA,202609,3586,6516,2320445,647.81,647.08,6151,9875,3839,524,1788
2931806,BA,202609,3325,8257,2206049,664.07,663.47,5821,13125,3302,772,1747
2931905,BA,202609,14132,29621,9324639,660.1,659.82,21699,41625,15228,1931,4540
2932002,BA,202609,6481,14223,4295886,662.84,662.84,11163,21895,6525,1202,3436
2932101,BA,202609,3936,9493,2613063,664.23,663.89,6738,14572,3896,939,1903
2932200,BA,202609,3615,8245,2410096,666.88,666.69,7169,14350,3597,1068,2504
2932309,BA,202609,2772,6611,1887235,681.07,680.82,5778,11122,2905,713,2160
2932408,BA,202609,2966,7039,1969012,663.86,663.86,5452,11336,3108,789,1555
2932457,BA,202609,3266,7981,2218176,680.21,679.17,5046,11304,3235,562,1249
2932507,BA,202609,3135,7834,2100212,670.57,669.92,6621,14397,3079,1119,2423
2932606,BA,202609,3126,7868,2054454,657.85,657.21,5582,12493,2957,955,1670
2932705,BA,202609,5085,12152,3467258,681.86,681.86,8216,16706,4964,878,2374
2932804,BA,202609,3985,8828,2698496,677.84,677.16,6350,12522,4289,540,1521
2932903,BA,202609,14366,34956,9473871,660.29,659.46,24091,54545,13317,4482,6292
2933000,BA,202609,4936,10832,3222722,652.9,652.9,8689,17709,4852,1287,2550
2933059,BA,202609,3145,7037,2018766,642.51,641.9,5568,10995,2904,668,1996
2933109,BA,202609,1810,4141,1191399,658.6,658.23,3015,6374,1819,376,820
2933158,BA,202609,3412,7579,2285696,670.88,669.9,5509,10891,3457,546,1506
2933174,BA,202609,1970,4644,1307934,664.26,663.93,3131,6993,1910,470,751
2933208,BA,202609,11634,24368,7646611,657.38,657.26,19379,35074,12811,1736,4832
2933257,BA,202609,1052,2595,711965,676.77,676.77,2240,4647,1054,403,783
2933307,BA,202609,46119,118261,30641893,665.48,664.41,106215,243683,45274,22602,38339
2933406,BA,202609,1514,3980,1025139,677.55,677.11,2826,6550,1463,451,912
2933455,BA,202609,1985,5704,1404661,707.64,707.64,4337,9980,1978,998,1361
2933505,BA,202609,4835,12827,3337718,690.61,690.32,7254,17301,4698,924,1632
2933604,BA,202609,11885,28907,8232467,692.74,692.68,17697,38368,11849,1605,4243
3100104,MG,202609,397,998,271179,683.07,683.07,1237,2697,444,239,554
3100203,MG,202609,1656,4026,1105982,669.89,667.86,4777,10409,1684,994,2099
3100302,MG,202609,1247,3439,860841,690.33,690.33,2674,6434,1409,467,798
3100401,MG,202609,401,1043,268037,670.09,668.42,1045,2332,429,200,416
3100500,MG,202609,990,2509,650600,659.17,657.17,2097,4942,940,419,738
3100609,MG,202609,1751,4859,1188360,679.45,678.68,3515,8654,1647,747,1121
3100708,MG,202609,190,493,130238,696.46,685.46,448,1018,184,71,193
3100807,MG,202609,368,1107,251184,684.43,682.57,920,2422,317,212,391
3100906,MG,202609,3330,7974,2265752,681.43,680.41,6389,13306,3515,846,2028
3101003,MG,202609,2893,7008,1953660,678.83,675.31,4838,10241,2877,550,1411
3101102,MG,202609,2454,6454,1648962,672.5,671.95,5971,13746,2357,1247,2367
3101201,MG,202609,172,491,103844,603.74,603.74,817,1815,143,264,410
3101300,MG,202609,324,817,218034,672.94,672.94,579,1351,324,86,169
3101409,MG,202609,251,725,171036,686.89,681.42,495,1262,225,111,159
3101508,MG,202609,2749,6990,1873973,682.44,681.69,7636,16633,2826,1539,3271
3101607,MG,202609,5707,13892,3805383,672.69,666.79,15197,31712,5736,2948,6513
3101631,MG,202609,408,1170,233980,576.31,573.48,1371,3721,261,501,609
3101706,MG,202609,5491,13902,3671189,668.95,668.58,12126,26024,5532,2128,4466
3101805,MG,202609,931,2373,616643,664.49,662.34,2325,4957,917,423,985
3101904,MG,202609,786,2410,532681,678.57,677.71,2294,6395,665,796,833
3102001,MG,202609,1163,3195,778519,669.98,669.41,2559,6191,1028,578,953
3102050,MG,202609,703,1979,469412,672.51,667.73,1647,4068,654,362,631
3102100,MG,202609,1233,3310,801904,656.76,650.37,2692,6582,1180,528,984
3102209,MG,202609,616,1702,410698,666.72,666.72,1384,3416,571,254,559
3102308,MG,202609,1383,3370,917123,665.06,663.14,3150,7111,1311,564,1275
3102407,MG,202609,734,1927,506476,690.96,690.02,1410,3289,746,213,451
3102506,MG,202609,644,1505,424460,661.15,659.1,1345,2832,707,198,440
3102605,MG,202609,1281,3388,811099,639.16,633.18,5028,12098,1091,1333,2604
3102704,MG,202609,1655,3576,1091945,660.58,659.79,3300,6066,1819,393,1088
3102803,MG,202609,1145,2769,744051,649.83,649.83,3046,6690,1100,667,1279
3102852,MG,202609,1007,3048,687984,685.24,683.2,2332,6230,824,617,891
3102902,MG,202609,954,2502,633717,664.27,664.27,2158,5239,862,467,829
3103009,MG,202609,665,1761,429638,649.0,646.07,2158,5265,579,510,1069
3103108,MG,202609,126,303,82952,658.35,658.35,378,761,132,64,182
3103207,MG,202609,157,423,96507,618.63,614.69,525,1251,133,102,290
3103306,MG,202609,161,417,108512,673.99,673.99,674,1455,197,124,353
3103405,MG,202609,3359,8676,2168317,646.68,645.52,10109,22674,2855,2653,4601
3103504,MG,202609,6535,16766,4379406,674.79,670.15,19309,42600,6219,4056,9034
3103603,MG,202609,406,949,269152,662.94,662.94,852,1669,493,123,236
3103702,MG,202609,685,2173,484458,710.35,707.24,1739,4838,693,591,455
3103751,MG,202609,489,1338,330184,678.0,675.22,1275,2987,445,285,545
3103801,MG,202609,120,310,79112,659.27,659.27,406,965,127,77,202
3103900,MG,202609,463,1248,316426,687.88,683.43,1125,2715,444,273,408
3104007,MG,202609,5336,14115,3523710,676.21,660.37,16573,37998,4897,3484,8192
3104106,MG,202609,325,839,210611,654.07,648.03,1121,2782,280,319,522
3104205,MG,202609,2390,6378,1615960,678.4,676.13,7159,17116,2348,1425,3386
3104304,MG,202609,909,2424,600020,663.01,660.09,2433,5916,816,539,1078
3104403,MG,202609,230,622,155166,674.63,674.63,892,1953,238,168,486
3104452,MG,202609,776,2097,524935,682.62,676.46,1639,3969,786,264,589
3104502,MG,202609,2186,5713,1484133,679.24,678.93,5372,11870,2082,1004,2286
3104601,MG,202609,665,1830,452705,680.76,680.76,2505,5872,725,693,1087
3104700,MG,202609,1636,4253,1083725,663.64,662.42,3358,7726,1538,651,1169
3104809,MG,202609,497,1247,332544,673.17,669.1,1220,2749,492,211,517
3104908,MG,202609,1277,3230,816366,639.79,639.28,3539,8327,1140,883,1516
3105004,MG,202609,864,2225,533904,618.66,617.94,1999,4480,715,594,690
3105103,MG,202609,1146,2774,770613,673.02,672.44,3440,7709,1125,743,1572
3105202,MG,202609,346,947,218053,630.21,630.21,1472,3413,298,328,846
3105301,MG,202609,177,430,104436,590.03,590.03,988,2386,149,317,522
3105400,MG,202609,1456,4002,994649,690.73,683.14,3691,9491,1328,982,1381
3105509,MG,202609,543,1342,356332,656.23,656.23,1592,3406,566,291,735
3105608,MG,202609,7513,19360,4903082,655.58,652.61,23269,53876,7616,4845,10808
3105707,MG,202609,585,1684,390457,668.59,667.45,1555,3805,526,284,745
3105905,MG,202609,2129,5067,1385141,656.15,650.61,5499,12229,2092,1087,2320
3106002,MG,202609,745,1907,492928,662.54,661.65,1991,4841,686,434,871
3106101,MG,202609,121,365,76692,633.82,633.82,636,1631,88,196,352
3106200,MG,202609,126645,295891,82736476,655.7,653.29,323212,710177,122220,62748,138244
3106309,MG,202609,2164,5639,1434046,664.83,662.68,6195,14728,1985,1213,2997
3106408,MG,202609,684,1849,459378,672.59,671.61,1914,4623,673,425,816
3106507,MG,202609,1247,3094,822559,659.63,659.63,2956,6739,1195,518,1243
3106606,MG,202609,936,2505,644173,691.17,688.22,1709,3995,927,279,503
3106655,MG,202609,957,2303,644348,673.3,673.3,1800,3713,1047,212,541
3106705,MG,202609,27922,74873,17984543,645.95,644.1,84228,198070,24762,20934,38532
3106804,MG,202609,391,919,250421,648.76,640.46,873,1850,394,152,327
3106903,MG,202609,1259,3180,868985,690.22,690.22,3647,7326,1388,623,1636
3107000,MG,202609,221,567,152154,688.48,688.48,575,1211,246,100,229
3107109,MG,202609,2375,6861,1681239,709.98,707.89,8229,20693,2171,2284,3774
3107208,MG,202609,692,1683,449467,650.46,649.52,1387,2984,692,224,471
3107307,MG,202609,5938,15580,3975364,670.27,669.48,12571,29745,5415,2495,4661
3107406,MG,202609,3438,8781,2330974,682.77,678.0,8660,20303,3409,1998,3253
3107505,MG,202609,595,1443,391891,659.75,658.64,1706,3672,602,369,735
3107604,MG,202609,347,948,238629,687.69,687.69,873,2044,333,164,376
3107703,MG,202609,507,1328,338250,668.48,667.16,1354,3299,476,322,556
3107802,MG,202609,2153,5124,1426368,662.5,662.5,4284,9389,2083,701,1500
3107901,MG,202609,1108,3376,796527,719.54,718.89,2440,6820,1017,730,693
3108008,MG,202609,429,1358,303256,713.54,706.89,2864,7580,377,1104,1383
3108107,MG,202609,724,1746,461528,638.35,637.47,1644,3610,709,309,626
3108206,MG,202609,451,1202,308038,683.01,683.01,1698,3530,479,318,901
3108255,MG,202609,1771,4844,1249032,706.87,705.27,3290,7886,1758,458,1074
3108305,MG,202609,1227,3197,824946,673.43,672.33,3335,7647,1218,669,1448
3108404,MG,202609,978,2596,643910,659.74,658.39,2560,6200,850,672,1038
3108503,MG,202609,736,2024,508306,690.63,690.63,1610,3814,772,256,582
3108552,MG,202609,1995,5100,1368939,686.53,686.18,4476,9964,1936,777,1763
3108602,MG,202609,4138,11654,2839912,686.3,686.3,8620,22125,3856,1918,2846
3108701,MG,202609,530,1312,349037,658.56,658.56,1073,2367,532,177,364
3108800,MG,202609,466,1292,314627,675.17,675.17,951,2517,428,181,342
3108909,MG,202609,516,1476,345701,669.96,669.96,2459,6244,476,823,1160
3109006,MG,202609,1846,4985,1200444,650.29,650.29,6207,15958,1613,1575,3019
3109105,MG,202609,479,1267,322237,672.73,672.73,2616,6004,450,970,1196
3109204,MG,202609,979,2545,658733,674.93,672.86,2297,5214,943,499,855
3109253,MG,202609,535,1431,360531,675.15,673.89,1309,2986,529,197,583
3109303,MG,202609,2336,6607,1612091,690.11,690.11,7111,16313,2068,1756,3287
3109402,MG,202609,4313,10547,2978009,690.47,690.47,8761,17864,4599,1057,3105
3109451,MG,202609,717,1868,495089,698.29,690.5,1892,3916,764,304,824
3109501,MG,202609,507,1495,328991,650.18,648.9,2124,5806,403,671,1050
3109600,MG,202609,209,558,133621,639.33,639.33,846,2048,181,195,470
3109709,MG,202609,365,1113,232688,644.57,637.5,1315,3606,270,471,574
3109808,MG,202609,118,316,78485,665.13,665.13,564,1184,126,97,341
3109907,MG,202609,715,1906,487654,684.91,682.03,1946,4423,712,454,780
3110004,MG,202609,2310,6301,1574765,684.68,681.72,5553,13476,2183,1228,2142
3110103,MG,202609,583,1666,394199,677.32,676.16,1370,3408,556,292,522
3110202,MG,202609,464,1261,313068,676.17,674.72,1405,3237,487,280,638
3110301,MG,202609,884,2324,584137,665.3,660.79,2406,5410,783,528,1095
3110400,MG,202609,162,480,113242,699.02,699.02,401,1100,158,93,150
3110509,MG,202609,1534,3945,1005685,656.02,655.6,4222,9418,1416,862,1944
3110608,MG,202609,1426,3555,940970,661.26,659.87,4411,10161,1278,1011,2122
3110707,MG,202609,927,2464,614902,672.02,663.32,2987,6667,873,725,1389
3110806,MG,202609,416,1009,280225,676.87,673.62,1095,2209,496,160,439
3110905,MG,202609,1083,3141,743436,702.02,686.46,2955,7834,963,847,1145
3111002,MG,202609,1166,3277,760856,656.48,652.54,3359,8241,976,926,1457
3111101,MG,202609,663,1782,428758,656.6,646.69,4684,9754,564,998,3122
3111150,MG,202609,722,1712,481323,666.65,666.65,1247,2711,746,214,287
3111200,MG,202609,3484,8497,2316347,665.04,664.85,9634,21780,3352,2000,4282
3111309,MG,202609,932,2531,622147,669.7,667.54,2587,6089,835,574,1178
3111408,MG,202609,791,2163,537487,685.57,679.5,2445,5401,728,461,1256
3111507,MG,202609,763,2304,533780,701.42,699.58,1720,4750,666,445,609
3111606,MG,202609,1609,4649,1073842,670.73,667.4,5204,13129,1325,1412,2467
3111705,MG,202609,588,1626,389233,663.09,661.96,1290,2986,598,264,428
3111804,MG,202609,487,1247,298935,628.01,613.83,1986,4166,401,462,1123
3111903,MG,202609,374,963,241099,648.12,644.65,1121,2790,350,302,469
3112000,MG,202609,904,2195,552975,611.7,611.7,2794,6577,716,822,1256
3112059,MG,202609,472,1331,324337,687.15,687.15,1137,2976,440,250,447
3112109,MG,202609,699,2173,476679,684.88,681.94,1191,3344,627,258,306
3112208,MG,202609,532,1277,345210,648.89,648.89,980,2258,532,191,257
3112307,MG,202609,2776,8667,1743107,631.1,627.92,9712,26543,1993,3532,4187
3112406,MG,202609,650,1644,440148,677.15,677.15,1469,3246,619,292,558
3112505,MG,202609,762,2051,515967,680.7,677.12,2048,4986,742,387,919
3112604,MG,202609,924,2155,609861,660.74,660.02,3114,6719,892,584,1638
3112653,MG,202609,617,1602,409217,663.24,663.24,1438,3162,604,260,574
3112703,MG,202609,1968,5364,1363451,693.87,692.81,3967,9977,1842,861,1264
3112802,MG,202609,418,1181,272263,652.91,651.35,1908,4375,345,465,1098
3112901,MG,202609,1163,3457,801796,693.0,689.42,2292,6334,1107,587,598
3113008,MG,202609,2656,7143,1793596,676.57,675.3,5003,12346,2470,968,1565
3113107,MG,202609,283,733,188920,667.56,667.56,574,1376,280,91,203
3113206,MG,202609,1602,4273,1056962,661.43,659.78,3342,9088,1409,990,943
3113305,MG,202609,2723,7098,1840687,678.97,675.98,7714,16475,2983,1526,3205
3113404,MG,202609,4183,11885,2701349,649.21,645.79,12759,32384,3344,4385,5030
3113503,MG,202609,833,2017,535536,643.67,642.9,2430,5572,745,536,1149
3113602,MG,202609,484,1355,324572,687.65,670.6,1349,3300,441,310,598
3113701,MG,202609,2016,5118,1350419,672.85,669.85,5208,11554,1885,974,2349
3113800,MG,202609,264,783,179772,680.95,680.95,604,1590,224,124,256
3113909,MG,202609,810,2531,561032,692.63,692.63,2063,5810,648,716,699
3114006,MG,202609,669,1681,462152,691.84,690.81,2092,4810,720,414,958
3114105,MG,202609,832,2516,526723,643.92,633.08,2335,6555,606,770,959
3114204,MG,202609,633,1778,410572,657.97,648.61,2114,5332,554,664,896
3114303,MG,202609,1456,3927,951746,654.12,653.67,4962,11834,1218,1274,2470
3114402,MG,202609,718,2082,359677,500.94,500.94,3794,9673,297,1896,1601
3114501,MG,202609,1143,3191,801686,703.85,701.39,3570,9140,1281,705,1584
3114550,MG,202609,433,1154,287807,664.68,664.68,1417,3077,449,234,734
3114600,MG,202609,141,427,96184,682.16,682.16,672,1836,127,186,359
3114709,MG,202609,167,518,117552,703.9,703.9,598,1581,166,160,272
3114808,MG,202609,597,1370,395037,662.81,661.7,1202,2380,632,167,403
3114907,MG,202609,154,409,101303,657.81,657.81,406,1073,136,101,169
3115003,MG,202609,256,697,170869,667.46,667.46,640,1467,240,134,266
3115102,MG,202609,1459,3739,987145,679.85,676.59,4286,9092,1426,927,1933
3115201,MG,202609,399,1042,262157,658.69,657.04,792,1866,377,157,258
3115300,MG,202609,3304,8407,2217676,671.41,671.21,12773,25897,3612,2680,6481
3115359,MG,202609,516,1372,355984,693.93,689.89,1435,3266,527,219,689
3115409,MG,202609,351,971,233256,670.28,664.55,626,1591,322,122,182
3115458,MG,202609,1411,3873,978270,693.81,693.32,2836,6761,1344,456,1036
3115474,MG,202609,981,2338,641974,654.41,654.41,1902,4154,956,297,649
3115508,MG,202609,1359,3490,893300,664.16,657.32,3549,8432,1236,941,1372
3115607,MG,202609,86,210,55803,648.87,648.87,335,682,91,57,187
3115706,MG,202609,596,1660,404317,678.38,678.38,1461,3367,573,291,597
3115805,MG,202609,870,2145,578728,666.74,665.2,2223,4651,809,414,1000
3115904,MG,202609,349,921,232882,667.28,667.28,795,1936,311,195,289
3116001,MG,202609,883,2603,601727,685.34,681.46,1565,4033,868,271,426
3116100,MG,202609,1351,3619,902614,668.11,668.11,3012,7348,1266,535,1211
3116159,MG,202609,2434,6312,1705685,703.09,700.77,4666,10446,2551,624,1491
3116209,MG,202609,235,688,150492,640.39,640.39,714,1745,190,187,337
3116308,MG,202609,633,1667,415822,657.95,656.91,1436,3693,612,315,509
3116407,MG,202609,420,1100,288041,687.45,685.81,1012,2394,387,215,410
3116506,MG,202609,917,2297,590573,644.03,644.03,2099,4837,840,466,793
3116605,MG,202609,1177,3233,806986,686.21,685.63,3960,10244,1079,1069,1812
3116704,MG,202609,579,1486,380311,659.12,656.84,1863,4184,578,456,829
3116803,MG,202609,1367,3568,916307,670.31,670.31,2794,6503,1324,481,989
3116902,MG,202609,250,672,171126,690.02,684.5,647,1454,257,116,274
3117009,MG,202609,1185,2977,784830,662.86,662.3,2263,5125,1153,330,780
3117108,MG,202609,469,1486,277948,604.23,592.64,1701,4748,316,682,703
3117207,MG,202609,305,883,199112,652.83,652.83,492,1320,258,122,112
3117306,MG,202609,2313,5809,1522459,665.12,658.22,6517,13934,2055,1386,3076
3117405,MG,202609,740,2041,501927,678.28,678.28,1261,3149,696,202,363
3117504,MG,202609,1905,5283,1238485,664.42,650.12,4555,11930,1678,982,1895
3117603,MG,202609,370,989,248110,670.57,670.57,1113,2791,353,239,521
3117702,MG,202609,933,2580,625721,674.27,670.65,2774,6944,793,708,1273
3117801,MG,202609,627,1702,411651,657.59,656.54,2207,5329,577,571,1059
3117836,MG,202609,1377,3458,931292,676.81,676.32,2669,6059,1370,347,952
3117876,MG,202609,250,681,157239,636.6,628.96,831,2103,215,235,381
3117900,MG,202609,582,1656,374657,647.08,643.74,2027,5075,490,593,944
3118007,MG,202609,2308,5983,1546687,673.64,670.14,7782,19799,2139,1863,3780
3118106,MG,202609,596,1607,402470,676.42,675.29,1197,2915,558,188,451
3118205,MG,202609,514,1321,350571,686.05,682.04,1617,3420,529,246,842
3118304,MG,202609,3967,10797,2638478,673.6,665.11,13522,32893,3537,3919,6066
3118403,MG,202609,1887,5232,1269364,674.12,672.69,4817,10956,1661,1105,2051
3118502,MG,202609,225,520,144737,646.15,643.28,472,1018,232,85,155
3118601,MG,202609,41516,101954,27484852,664.98,662.03,107044,228890,43004,20193,43847
3118700,MG,202609,787,2144,542077,694.08,688.79,1874,4822,724,439,711
3118809,MG,202609,3696,9767,2486518,675.32,672.76,7234,17088,3529,1370,2335
3118908,MG,202609,1007,2472,661827,657.23,657.23,2266,4837,1001,406,859
3119005,MG,202609,384,1086,257958,695.3,671.77,820,1959,386,164,270
3119104,MG,202609,2677,6708,1830505,684.56,683.79,5742,12527,2590,1214,1938
3119203,MG,202609,1201,2885,786992,656.37,655.28,2438,5370,1169,461,808
3119302,MG,202609,2227,5669,1490764,670.61,669.4,5590,12145,2100,1087,2403
3119401,MG,202609,5697,14187,3728065,657.74,654.39,17184,38961,5012,4104,8068
3119500,MG,202609,1281,3277,851183,664.47,664.47,2895,6627,1227,527,1141
3119609,MG,202609,164,431,111036,681.2,677.05,597,1407,172,132,293
3119708,MG,202609,114,366,74683,655.11,655.11,468,1456,93,176,199
3119807,MG,202609,135,386,89008,664.24,659.32,562,1383,116,103,343
3119906,MG,202609,164,457,112433,685.57,685.57,614,1466,161,148,305
3119955,MG,202609,129,334,88606,686.87,686.87,1181,3231,126,213,842
3120003,MG,202609,473,1068,317252,672.14,670.72,913,1962,467,131,315
3120102,MG,202609,649,1548,438833,677.21,676.17,1914,3790,753,259,902
3120151,MG,202609,783,2101,540635,694.01,690.47,1468,3557,776,258,434
3120201,MG,202609,764,2088,520398,685.64,681.15,2543,6615,668,667,1208
3120300,MG,202609,1460,3358,978913,670.49,670.49,2439,5069,1475,253,711
3120409,MG,202609,341,916,233250,686.03,684.02,859,2202,332,199,328
3120508,MG,202609,650,1892,428519,674.83,659.26,1451,4010,561,508,382
3120607,MG,202609,400,1099,272901,682.25,682.25,1235,2785,374,263,598
3120706,MG,202609,326,910,219373,672.92,672.92,932,2424,291,235,406
3120805,MG,202609,1727,3914,1143738,663.81,662.27,3706,7963,1732,660,1314
3120839,MG,202609,518,1447,353627,682.68,682.68,1086,2534,517,213,356
3120870,MG,202609,1668,4120,1133203,681.01,679.38,2923,6389,1728,348,847
3120904,MG,202609,6202,15598,4115603,666.39,663.59,15490,35428,5684,3433,6373
3121001,MG,202609,899,2463,623952,694.82,694.05,2010,4826,897,386,727
3121100,MG,202609,670,1838,459520,687.9,685.85,1341,3439,636,299,406
3121209,MG,202609,432,1235,282350,664.35,653.59,1393,3532,354,391,648
3121258,MG,202609,1282,3297,896966,700.75,699.66,2611,5710,1334,404,873
3121308,MG,202609,459,1100,304369,668.94,663.11,1537,3189,568,299,670
3121407,MG,202609,332,872,208974,629.44,629.44,1007,2657,288,323,396
3121506,MG,202609,349,849,227201,652.88,651.01,821,1877,346,151,324
3121605,MG,202609,4368,11175,2870694,657.96,657.21,12577,29122,4151,2745,5681
3121704,MG,202609,424,1113,276590,652.33,652.33,942,2234,386,168,388
3121803,MG,202609,734,1881,486810,664.13,663.23,1737,3899,757,353,627
3121902,MG,202609,377,1015,250921,676.34,665.57,1046,2515,374,255,417
3122009,MG,202609,2236,6381,1463215,656.74,654.39,5213,13392,1948,1294,1971
3122108,MG,202609,595,1477,391918,662.02,658.69,1439,2968,635,220,584
3122207,MG,202609,1181,3259,793716,672.07,672.07,2122,5290,1077,396,649
3122306,MG,202609,9094,23023,6001317,661.45,659.92,32818,73292,8716,7709,16393
3122355,MG,202609,1236,2948,805442,652.18,651.65,2493,5353,1167,452,874
3122405,MG,202609,332,984,224693,685.04,676.79,964,2706,272,327,365
3122454,MG,202609,2154,4841,1496047,696.16,694.54,3809,7245,2405,370,1034
3122470,MG,202609,329,871,226323,687.91,687.91,1018,2292,325,203,490
3122504,MG,202609,285,813,197132,691.69,691.69,1115,2655,261,332,522
3122603,MG,202609,603,1518,400414,666.25,664.04,1191,2831,574,201,416
3122702,MG,202609,362,920,245072,682.65,676.99,1109,2547,423,183,503
3122801,MG,202609,272,797,181919,668.82,668.82,601,1588,231,165,205
3122900,MG,202609,466,1337,313390,672.51,672.51,1393,3477,448,395,550
3123007,MG,202609,514,1380,348363,677.75,677.75,1626,4139,457,486,683
3123106,MG,202609,720,1915,491692,682.91,682.91,1406,3499,708,235,463
3123205,MG,202609,589,1469,370760,631.62,629.47,2508,5569,532,622,1354
3123304,MG,202609,500,1404,333224,666.45,666.45,1171,2905,458,287,426
3123403,MG,202609,121,325,82628,688.57,682.88,308,701,121,60,127
3123502,MG,202609,103,226,66240,655.84,643.11,349,700,139,65,145
3123528,MG,202609,975,3174,708251,727.16,726.41,1883,5369,996,417,470
3123601,MG,202609,1668,4526,1112232,668.81,666.81,4560,11011,1534,1086,1940
3123700,MG,202609,990,2561,672240,683.17,679.03,2797,5908,1013,519,1265
3123809,MG,202609,1122,2704,744832,664.44,663.84,2323,4961,1103,389,831
3123858,MG,202609,806,2095,553601,686.85,686.85,1740,4064,800,307,633
3123908,MG,202609,795,2077,541720,681.41,681.41,2568,6246,839,633,1096
3124005,MG,202609,1466,4537,1016470,693.84,693.36,4254,10942,1304,1526,1424
3124104,MG,202609,9806,24902,6545022,675.23,667.45,22328,50010,9548,4420,8360
3124203,MG,202609,2040,5638,1318576,655.36,646.36,5318,12612,1892,1446,1980
3124302,MG,202609,4880,12563,3289157,674.7,674.01,9738,22382,4751,1641,3346
3124401,MG,202609,873,2700,643539,737.16,737.16,1499,4173,817,328,354
3124500,MG,202609,661,1995,451204,686.76,682.61,1898,4940,586,473,839
3124609,MG,202609,230,587,157355,693.19,684.15,592,1225,229,121,242
3124708,MG,202609,112,305,70036,625.32,625.32,518,1165,104,133,281
3124807,MG,202609,510,1310,345098,676.66,676.66,1491,3223,534,268,689
3124906,MG,202609,1103,2750,736538,668.97,667.76,3005,6372,1215,640,1150
3125002,MG,202609,489,1210,335073,688.03,685.22,1239,2706,521,213,505
3125101,MG,202609,1917,5121,1267434,661.5,661.15,7686,18815,1732,1826,4128
3125200,MG,202609,171,470,114319,676.44,668.53,461,1083,159,100,202
3125309,MG,202609,412,1062,283021,686.94,686.94,992,2066,506,135,351
3125408,MG,202609,792,2025,524153,661.81,661.81,1843,4451,723,347,773
3125507,MG,202609,383,835,248387,648.53,648.53,1034,2244,383,151,500
3125606,MG,202609,1051,2861,705543,671.31,671.31,2088,5139,971,396,721
3125705,MG,202609,1267,3254,842869,669.47,665.25,3653,7872,1115,844,1694
3125804,MG,202609,218,578,145373,669.92,666.85,809,1975,215,172,422
3125903,MG,202609,794,2052,507851,640.42,639.61,1833,4570,705,487,641
3125952,MG,202609,1159,3465,736397,636.47,635.37,2681,7033,941,855,885
3126000,MG,202609,464,1171,306758,665.42,661.12,1608,3843,445,317,846
3126109,MG,202609,1809,4745,1197501,667.5,661.97,7964,19301,1700,2171,4093
3126208,MG,202609,1481,3675,1024569,691.81,691.81,2965,6318,1436,395,1134
3126307,MG,202609,145,421,99500,686.21,686.21,446,1095,138,114,194
3126406,MG,202609,298,807,200978,674.42,674.42,795,1889,295,159,341
3126505,MG,202609,1026,2407,670425,653.44,653.44,2480,5349,1036,305,1139
3126604,MG,202609,749,1851,501134,669.97,669.07,1546,3351,746,257,543
3126703,MG,202609,3704,9032,2444156,660.4,659.87,7498,15961,3741,1084,2673
3126752,MG,202609,585,1565,383099,654.87,654.87,1233,3071,536,280,417
3126802,MG,202609,913,2488,619437,678.46,678.46,1786,4096,906,328,552
3126901,MG,202609,1311,3104,865175,660.94,659.94,3133,6226,1285,487,1361
3126950,MG,202609,698,1745,464726,665.8,665.8,1234,2831,687,153,394
3127008,MG,202609,1022,2769,684353,672.91,669.62,2757,6823,886,568,1303
3127057,MG,202609,1505,2840,990313,658.45,658.02,2419,4040,1733,119,567
3127073,MG,202609,615,1726,423764,689.05,689.05,1549,3806,601,264,684
3127107,MG,202609,3048,8039,2022447,674.6,663.53,10464,22516,2696,2552,5216
3127206,MG,202609,480,1271,311231,656.61,648.4,1261,2921,469,289,503
3127305,MG,202609,636,1729,420692,676.35,661.47,1717,3825,642,332,743
3127339,MG,202609,866,2143,584197,674.59,674.59,1929,4341,874,293,762
3127354,MG,202609,373,912,233958,630.61,627.23,1014,2290,340,210,464
3127370,MG,202609,439,1049,294485,670.81,670.81,1039,2140,502,124,413
3127388,MG,202609,347,885,221952,643.34,639.63,1207,2627,329,276,602
3127404,MG,202609,153,406,97082,634.52,634.52,568,1378,136,148,284
3127503,MG,202609,608,1719,403469,663.6,663.6,1591,4006,583,378,630
3127602,MG,202609,731,2065,480610,659.27,657.47,2123,5551,617,643,863
3127701,MG,202609,13664,36853,8986235,666.34,657.66,49615,113570,13031,11320,25264
3127800,MG,202609,1540,4074,1052043,684.03,683.14,3509,8268,1541,700,1268
3127909,MG,202609,30,83,17600,586.67,586.67,243,547,32,56,155
3128006,MG,202609,3886,9279,2612239,672.39,672.22,8230,18117,3856,1367,3007
3128105,MG,202609,726,2079,482010,664.84,663.93,2030,5192,586,532,912
3128204,MG,202609,850,2282,594447,699.35,699.35,2121,4968,931,340,850
3128253,MG,202609,895,2054,608251,679.61,679.61,1985,3898,983,242,760
3128303,MG,202609,846,2548,564623,672.17,667.4,2530,6528,695,655,1180
3128402,MG,202609,611,1593,402089,662.42,658.08,1680,3955,574,440,666
3128501,MG,202609,450,1045,296433,658.74,658.74,1207,2472,484,225,498
3128600,MG,202609,500,1340,346887,693.77,693.77,1519,3425,472,334,713
3128709,MG,202609,2338,5848,1557556,667.05,666.19,7903,17854,2139,1788,3976
3128808,MG,202609,748,1962,524315,700.96,700.96,2056,4517,874,396,786
3128907,MG,202609,962,2525,667955,695.79,694.34,2541,5839,969,468,1104
3129004,MG,202609,650,1744,431648,665.1,664.07,1674,3909,632,341,701
3129103,MG,202609,467,1177,316517,677.77,677.77,1409,2722,536,202,671
3129202,MG,202609,290,805,196219,678.96,676.62,1112,2752,274,345,493
3129301,MG,202609,1066,2821,705636,666.95,661.95,2925,6494,1035,567,1323
3129400,MG,202609,526,1336,345599,658.28,657.03,1226,2880,483,273,470
3129509,MG,202609,1730,4371,1186272,686.9,685.71,4365,9233,1695,796,1874
3129608,MG,202609,1219,3149,845383,695.79,693.51,2393,5411,1224,374,795
3129657,MG,202609,836,2388,574528,687.23,687.23,1948,4793,784,355,809
3129707,MG,202609,1053,2870,725029,697.14,688.54,2284,5495,1008,480,796
3129806,MG,202609,12252,32668,8219924,673.32,670.9,32519,79924,10750,8083,13686
3129905,MG,202609,209,577,131441,641.18,628.9,606,1414,178,139,289
3130002,MG,202609,223,609,144293,649.97,647.05,605,1471,201,135,269
3130051,MG,202609,1451,4195,986570,679.92,679.92,2696,7246,1335,565,796
3130101,MG,202609,3145,8641,2080799,667.14,661.62,7719,19324,2733,1943,3043
3130200,MG,202609,306,903,201038,659.14,656.99,1459,3949,236,626,597
3130309,MG,202609,393,1037,266062,677.0,677.0,1173,2709,353,234,586
3130408,MG,202609,588,1587,395607,673.95,672.8,1300,3466,519,321,460
3130507,MG,202609,781,2198,546703,703.61,700.0,2271,5821,770,632,869
3130556,MG,202609,1203,3227,807047,670.86,670.86,2075,5120,1129,357,589
3130606,MG,202609,426,1124,288402,677.0,677.0,1544,3423,464,414,666
3130655,MG,202609,1179,3130,785128,665.93,665.93,2110,5225,1113,381,616
3130705,MG,202609,376,1038,245504,656.43,652.94,994,2450,312,299,383
3130804,MG,202609,181,480,123903,684.55,684.55,498,1164,174,104,220
3130903,MG,202609,3215,8278,2141003,666.36,665.94,6851,15424,3316,1034,2501
3131000,MG,202609,736,1816,489126,670.95,664.57,1664,3718,718,319,627
3131109,MG,202609,695,1849,463010,668.12,666.2,2092,4905,673,449,970
3131158,MG,202609,1022,2896,673959,666.63,659.45,3067,7795,935,863,1269
3131208,MG,202609,1987,5230,1325761,668.23,667.22,4578,10274,1843,848,1887
3131307,MG,202609,13360,33731,8766111,662.34,656.15,35510,81862,12635,7431,15444
3131406,MG,202609,432,1028,287626,667.35,665.8,1050,2022,440,135,475
3131505,MG,202609,289,900,182795,639.14,632.51,1660,4377,212,508,940
3131604,MG,202609,599,1650,377336,632.05,629.94,1778,4077,443,506,829
3131703,MG,202609,4330,11550,2889553,669.65,667.33,13573,35172,3919,3391,6263
3131802,MG,202609,1500,3703,1017921,679.07,678.61,3318,7358,1554,487,1277
3131901,MG,202609,2276,5858,1527438,673.18,671.11,5923,14346,2068,1266,2589
3132008,MG,202609,657,1607,430875,655.82,655.82,1328,2975,644,201,483
3132107,MG,202609,2648,6808,1818214,688.46,686.64,5318,12106,2629,894,1795
3132206,MG,202609,658,1743,422787,643.51,642.53,2328,5817,544,560,1224
3132305,MG,202609,2075,5658,1458086,703.03,702.69,3384,8215,2035,510,839
3132404,MG,202609,4134,11050,2754054,666.2,666.2,13277,30736,4038,3236,6003
3132503,MG,202609,3384,9058,2278090,674.19,673.19,7955,19883,3135,1832,2988
3132602,MG,202609,293,795,198316,676.85,676.85,1036,2309,307,242,487
3132701,MG,202609,2747,7294,1857187,676.82,676.08,5853,13670,2627,1054,2172
3132800,MG,202609,251,642,164177,654.09,654.09,681,1533,250,118,313
3132909,MG,202609,539,1750,369235,688.87,685.04,1488,4200,454,465,569
3133006,MG,202609,1017,2704,682089,671.35,670.69,2678,6530,935,614,1129
3133105,MG,202609,607,1573,395310,653.4,651.25,2058,5186,544,572,942
3133204,MG,202609,582,1604,399589,688.95,686.58,2283,5336,553,747,983
3133303,MG,202609,2162,5484,1465699,677.94,677.94,5812,12660,2199,1092,2521
3133402,MG,202609,932,2132,601515,652.4,645.4,2337,4779,902,392,1043
3133501,MG,202609,959,2362,622808,650.79,649.43,3170,7703,900,704,1566
3133600,MG,202609,734,1995,482820,661.4,657.79,2086,4842,656,488,942
3133709,MG,202609,712,1924,480552,674.93,674.93,2722,6383,683,590,1449
3133758,MG,202609,473,1260,304870,658.47,644.55,2170,5219,405,525,1240
3133808,MG,202609,2832,7159,1886170,667.91,666.02,7790,17833,2656,1801,3333
3133907,MG,202609,542,1487,366901,678.19,676.94,1104,2804,525,214,365
3134004,MG,202609,2118,5184,1438961,679.4,679.4,4506,9871,2086,701,1719
3134103,MG,202609,936,2299,630145,674.67,673.23,1921,4216,932,290,699
3134202,MG,202609,4774,12432,3051644,646.4,639.22,21033,43388,4044,4942,12047
3134301,MG,202609,633,1637,426797,675.31,674.24,1386,3234,643,247,496
3134400,MG,202609,3644,8435,2505105,688.78,687.46,9407,17311,4528,1242,3637
3134509,MG,202609,269,665,174012,659.14,646.88,912,2120,260,209,443
3134608,MG,202609,1379,3820,925659,677.64,671.25,3280,8021,1234,919,1127
3134707,MG,202609,1833,4383,1211893,661.15,661.15,3551,7458,1776,561,1214
3134806,MG,202609,548,1582,388264,708.51,708.51,1660,4232,538,345,777
3134905,MG,202609,824,2254,538326,662.15,653.31,3632,8823,739,818,2075
3135001,MG,202609,202,487,132010,653.51,653.51,710,1639,183,157,370
3135050,MG,202609,6718,17793,4731340,705.22,704.28,12259,29055,6550,1889,3820
3135076,MG,202609,595,1576,403475,678.11,678.11,1433,3232,607,274,552
3135100,MG,202609,7423,19199,4999112,674.92,673.46,19929,47720,7035,4400,8494
3135209,MG,202609,9858,25497,6746444,686.03,684.36,19523,45125,9517,3389,6617
3135308,MG,202609,190,546,124682,656.22,656.22,814,1945,155,201,458
3135357,MG,202609,1381,3775,934191,676.46,676.46,2991,7391,1315,584,1092
3135407,MG,202609,426,1094,268883,634.16,631.18,1083,2684,367,249,467
3135456,MG,202609,681,1983,464537,684.15,682.14,1606,4274,644,368,594
3135506,MG,202609,1354,3625,905507,669.75,668.76,2828,6974,1397,539,892
3135605,MG,202609,1454,3099,958721,659.37,659.37,3079,5450,1729,364,986
3135704,MG,202609,573,1508,388227,678.72,677.53,1200,2962,536,292,372
3135803,MG,202609,3152,7515,2123915,674.26,673.83,7109,14698,3373,1175,2561
3135902,MG,202609,612,1684,412281,680.33,673.66,1468,3475,586,298,584
3136009,MG,202609,2802,6557,1874595,669.02,669.02,4990,10426,2769,706,1515
3136108,MG,202609,536,1266,347500,648.32,648.32,1108,2436,556,200,352
3136207,MG,202609,3293,8238,2157527,658.79,655.19,7663,17760,2998,1769,2896
3136306,MG,202609,4579,11453,3080029,677.38,672.64,10973,24189,4358,2097,4518
3136405,MG,202609,638,1503,422022,665.65,661.48,1536,3003,662,226,648
3136504,MG,202609,913,2663,621439,680.66,680.66,2022,5300,802,520,700
3136520,MG,202609,525,1438,343872,654.99,654.99,1096,2753,477,236,383
3136553,MG,202609,556,1478,370439,666.26,666.26,1216,2792,551,239,426
3136579,MG,202609,591,1517,396212,672.69,670.41,1246,2852,598,184,464
3136603,MG,202609,690,1794,462225,671.84,669.89,1492,3454,662,300,530
3136652,MG,202609,2938,7295,1955951,668.93,665.74,7341,16501,2889,1411,3041
3136702,MG,202609,25329,66081,17118335,675.84,675.84,75473,165790,25748,17451,32274
3136801,MG,202609,557,1380,367395,661.97,659.6,1337,2968,554,279,504
3136900,MG,202609,483,1503,336739,701.54,697.18,1425,3930,442,441,542
3136959,MG,202609,1029,2730,701575,682.47,681.8,2165,5053,1015,335,815
3137007,MG,202609,2216,6194,1545261,697.32,697.32,3910,9698,2135,588,1187
3137106,MG,202609,630,1515,412660,655.02,655.02,1581,3396,601,225,755
3137205,MG,202609,2687,7063,1712634,639.76,637.38,8772,21464,2297,2204,4271
3137304,MG,202609,608,1494,403810,667.45,664.16,1337,2870,623,243,471
3137403,MG,202609,885,2881,602249,686.71,680.51,2293,7000,735,843,715
3137502,MG,202609,1424,3661,960275,675.77,674.35,3284,7593,1371,628,1285
3137536,MG,202609,628,1653,404415,647.06,643.97,2399,5316,520,658,1221
3137601,MG,202609,3807,9804,2513328,661.4,660.19,9860,23425,3414,2426,4020
3137700,MG,202609,2500,7721,1667438,672.08,666.98,5034,13528,2140,1246,1648
3137809,MG,202609,1724,4644,1148527,666.97,666.2,4978,11408,1610,1082,2286
3137908,MG,202609,343,942,221087,644.57,644.57,772,1914,296,189,287
3138005,MG,202609,445,1116,286224,643.2,643.2,1410,3072,405,358,647
3138104,MG,202609,1137,2700,766452,674.1,674.1,2528,5181,1162,403,963
3138203,MG,202609,4944,12521,3222249,657.87,651.75,18749,44175,4586,4423,9740
3138302,MG,202609,222,590,151345,681.73,681.73,548,1295,233,124,191
3138351,MG,202609,404,1077,274244,678.82,678.82,1150,2759,401,252,497
3138401,MG,202609,3053,8306,2033127,672.55,665.94,11573,25886,2946,3188,5439
3138500,MG,202609,490,1152,315945,646.1,644.79,1169,2441,500,231,438
3138609,MG,202609,1341,3400,884402,661.48,659.51,3767,8348,1352,906,1509
3138625,MG,202609,285,762,185061,649.34,649.34,1478,3148,242,245,991
3138658,MG,202609,1431,3785,963971,673.63,673.63,2959,7086,1393,597,969
3138674,MG,202609,771,2446,517520,682.74,671.23,1760,4979,700,494,566
3138682,MG,202609,1122,3299,780038,695.22,695.22,2057,5387,1060,324,673
3138708,MG,202609,463,1201,305628,660.1,660.1,1269,2967,424,281,564
3138807,MG,202609,1147,2849,739651,652.83,644.86,3134,7183,1016,636,1482
3138906,MG,202609,1149,2572,757974,659.68,659.68,2465,4728,1228,358,879
3139003,MG,202609,2257,6283,1482795,667.62,656.98,7890,19014,2031,1790,4069
3139102,MG,202609,315,850,206668,656.09,656.09,994,2493,279,272,443
3139201,MG,202609,1647,4469,1103523,670.43,670.02,3599,8983,1458,1008,1133
3139250,MG,202609,746,1938,459988,616.61,616.61,1795,4230,648,459,688
3139300,MG,202609,3044,7955,2083965,684.61,684.61,6512,15235,2808,1279,2425
3139409,MG,202609,3979,12703,2731868,687.26,686.57,13516,36091,3337,4587,5592
3139508,MG,202609,2502,6178,1674635,671.47,669.32,5901,12599,2690,1060,2151
3139607,MG,202609,2437,6055,1646049,675.44,675.44,6920,14726,2528,1216,3176
3139706,MG,202609,928,2260,613027,669.97,660.59,2092,4775,915,352,825
3139805,MG,202609,648,1856,426945,672.35,658.87,2055,5063,547,627,881
3139904,MG,202609,1292,3637,872977,681.48,675.68,3089,7515,1230,651,1208
3140001,MG,202609,5773,14391,3938272,682.54,682.19,14114,30795,5913,2433,5768
3140100,MG,202609,668,1684,452629,680.65,677.59,1469,3203,701,261,507
3140159,MG,202609,1023,2767,663448,651.72,648.53,2935,7346,945,779,1211
3140209,MG,202609,167,568,117970,706.41,706.41,766,1858,128,232,406
3140308,MG,202609,342,946,226858,675.17,663.33,1092,2647,327,221,544
3140407,MG,202609,393,1117,268749,683.84,683.84,700,1817,390,117,193
3140506,MG,202609,1182,3045,830411,703.14,702.55,2913,6625,1258,488,1167
3140530,MG,202609,1249,3583,864309,692.56,692.0,2463,6244,1244,435,784
3140555,MG,202609,1669,3939,1110623,665.44,665.44,2813,5941,1665,345,803
3140605,MG,202609,665,1697,443688,667.2,667.2,1635,3552,721,240,674
3140704,MG,202609,2178,5782,1442890,669.87,662.48,5619,13171,2129,1345,2145
3140803,MG,202609,929,2476,633016,682.87,681.4,2978,6767,1034,636,1308
3140852,MG,202609,1493,3995,1004853,676.67,673.04,3108,7270,1436,604,1068
3140902,MG,202609,2688,7769,1822112,680.15,677.87,5346,13642,2421,1371,1554
3141009,MG,202609,1798,4660,1203676,669.45,669.45,3839,8400,1713,672,1454
3141108,MG,202609,2392,6211,1588846,668.14,664.23,5976,14870,2140,1437,2399
3141207,MG,202609,193,552,137579,724.1,712.84,810,1813,211,113,486
3141306,MG,202609,317,861,215810,685.11,680.79,863,2102,324,139,400
3141405,MG,202609,2347,6133,1575380,672.95,671.23,5800,13450,2236,1163,2401
3141504,MG,202609,614,1617,405980,661.21,661.21,1587,3596,588,305,694
3141603,MG,202609,828,2140,552255,667.78,666.97,2734,6113,944,642,1148
3141702,MG,202609,413,1109,279131,675.86,675.86,1236,2969,424,227,585
3141801,MG,202609,2771,7433,1851689,671.63,668.24,6638,16275,2551,1381,2706
3141900,MG,202609,292,742,182859,630.55,626.23,770,1813,254,188,328
3142007,MG,202609,1935,4895,1283572,663.34,663.34,4112,9634,1823,773,1516
3142106,MG,202609,593,1586,387310,653.14,653.14,2131,4964,624,548,959
3142205,MG,202609,859,2294,585565,681.68,681.68,2636,6113,851,621,1164
3142254,MG,202609,596,1642,413756,694.22,694.22,1459,3432,623,243,593
3142304,MG,202609,360,976,236072,659.42,655.76,1139,2756,332,270,537
3142403,MG,202609,568,1627,393434,692.67,692.67,1511,3694,562,340,609
3142502,MG,202609,184,496,121506,660.36,660.36,676,1477,226,119,331
3142601,MG,202609,415,1217,250806,607.28,604.35,1312,3231,286,515,511
3142700,MG,202609,1990,5367,1336557,672.31,671.64,3938,9707,1796,863,1279
3142809,MG,202609,1679,4202,1128307,672.01,672.01,4381,9442,1566,798,2017
3142908,MG,202609,2854,7101,1914120,670.91,670.68,5896,13064,3044,948,1904
3143005,MG,202609,789,2199,520955,668.75,660.27,2184,5459,705,577,902
3143104,MG,202609,1293,3649,888926,687.49,687.49,5146,11769,1228,1447,2471
3143153,MG,202609,607,1763,419862,692.84,691.7,1277,3358,565,255,457
3143203,MG,202609,1225,3348,804698,659.05,656.9,3853,9216,1062,1005,1786
3143302,MG,202609,26925,75347,18167997,675.34,674.76,82311,208229,24027,23224,35060
3143401,MG,202609,1363,3434,938847,688.81,688.81,3549,7829,1343,722,1484
3143450,MG,202609,1075,2764,723882,674.63,673.38,2178,5076,1075,344,759
3143500,MG,202609,304,894,214426,710.02,705.35,1694,4223,292,408,994
3143609,MG,202609,228,615,150877,661.74,661.74,809,1958,204,203,402
3143708,MG,202609,416,1059,275847,663.09,663.09,924,1966,423,143,358
3143807,MG,202609,678,1908,469954,705.64,693.15,1622,3993,694,308,620
3143906,MG,202609,6263,15868,4162671,666.03,664.64,19854,43721,6192,4528,9134
3144003,MG,202609,1853,6012,1224852,662.08,661.01,5270,14152,1415,1699,2156
3144102,MG,202609,916,2819,645750,708.84,704.97,3796,9670,852,1114,1830
3144201,MG,202609,257,709,172154,669.86,669.86,848,1924,266,177,405
3144300,MG,202609,2879,7020,1892411,658.46,657.32,8793,18457,2661,2006,4126
3144359,MG,202609,1038,2559,710490,689.8,684.48,2571,5750,1007,417,1147
3144375,MG,202609,517,1357,352027,680.9,680.9,1169,2615,495,210,464
3144409,MG,202609,241,645,157552,653.74,653.74,748,1874,239,194,315
3144508,MG,202609,686,1780,461667,672.98,672.98,1784,4409,632,378,774
3144607,MG,202609,1980,5392,1323880,672.7,668.63,4939,12423,1805,1187,1947
3144656,MG,202609,1624,3994,1068663,658.04,658.04,3383,7585,1634,513,1236
3144672,MG,202609,515,1498,340891,663.21,661.92,1222,3109,450,289,483
3144706,MG,202609,1023,2721,673890,661.32,658.74,3178,7601,1006,626,1546
3144805,MG,202609,4096,10642,2700948,662.81,659.41,12244,29864,3646,2950,5648
3144904,MG,202609,496,1294,334536,674.47,674.47,1151,2737,471,212,468
3145000,MG,202609,867,2301,614757,709.06,709.06,3072,6404,1000,580,1492
3145059,MG,202609,1237,3110,835133,675.13,675.13,2611,5646,1194,486,931
3145109,MG,202609,1074,3343,751402,702.24,699.63,2826,7250,908,955,963
3145208,MG,202609,3933,11325,2618306,669.81,665.73,13800,36083,3127,5331,5342
3145307,MG,202609,3347,9728,2295696,686.31,685.9,6618,17758,3117,1457,2044
3145356,MG,202609,1707,4194,1149040,674.32,673.13,3274,7086,1723,485,1066
3145372,MG,202609,660,1781,447614,679.23,678.2,1571,3834,643,323,605
3145406,MG,202609,177,439,116034,659.28,655.56,553,1181,192,116,245
3145455,MG,202609,966,2569,663876,687.24,687.24,1983,4476,1034,296,653
3145505,MG,202609,252,667,167568,667.6,664.95,835,1918,248,188,399
3145604,MG,202609,2559,6213,1654487,652.4,646.54,6766,15914,2294,1481,2991
3145703,MG,202609,177,509,122671,693.06,693.06,412,1055,167,101,144
3145802,MG,202609,228,596,148299,650.43,650.43,657,1528,189,169,299
3145851,MG,202609,324,845,215495,667.17,665.11,1001,2426,308,209,484
3145877,MG,202609,1304,3807,916979,703.2,703.2,2853,7070,1331,544,978
3145901,MG,202609,1868,4761,1223724,656.15,655.1,5241,12524,1679,1298,2264
3146008,MG,202609,743,2238,535994,724.32,721.39,3755,8655,859,911,1985
3146107,MG,202609,4192,11085,2798962,667.85,667.69,12386,29305,3910,3184,5292
3146206,MG,202609,1516,3626,1035178,683.29,682.84,2674,5572,1571,326,777
3146255,MG,202609,990,2425,671890,678.68,678.68,1924,4098,952,269,703
3146305,MG,202609,2333,6304,1584485,680.62,679.16,5010,12020,2208,928,1874
3146404,MG,202609,435,995,293053,673.69,673.69,1074,2069,505,150,419
3146503,MG,202609,303,767,202334,676.7,667.77,990,2301,293,180,517
3146552,MG,202609,689,1939,461869,670.35,670.35,1716,4181,610,377,729
3146602,MG,202609,147,333,96040,653.33,653.33,404,817,165,66,173
3146701,MG,202609,657,1615,435368,662.66,662.66,1722,3577,733,293,696
3146750,MG,202609,1065,2684,705105,662.07,662.07,1949,4525,1022,346,581
3146909,MG,202609,1199,3307,842031,702.28,702.28,3136,7491,1116,796,1224
3147006,MG,202609,5838,15399,3949925,677.75,676.59,15998,38286,5154,3607,7237
3147105,MG,202609,3826,9866,2598029,680.29,679.05,11421,27916,3458,2555,5408
3147204,MG,202609,624,1891,408578,666.52,654.77,2877,7745,517,904,1456
3147303,MG,202609,911,2456,616122,679.3,676.31,3920,8967,923,718,2279
3147402,MG,202609,1816,4799,1196283,663.5,658.75,4377,10512,1590,1153,1634
3147501,MG,202609,164,371,107435,655.09,655.09,411,898,184,81,146
3147600,MG,202609,568,1470,378917,670.65,667.11,2562,6812,539,674,1349
3147709,MG,202609,277,720,185360,674.04,669.17,1276,3301,252,328,696
3147808,MG,202609,211,553,143584,683.73,680.49,495,1071,242,71,182
3147907,MG,202609,5586,15204,3850498,691.79,689.31,13018,32811,4915,3589,4514
3147956,MG,202609,844,2161,569027,674.2,674.2,1718,3966,831,303,584
3148004,MG,202609,5591,14510,3720220,666.47,665.39,16513,38569,5012,3906,7595
3148103,MG,202609,5190,14070,3463083,668.68,667.26,15859,37671,4338,3754,7767
3148202,MG,202609,470,1269,309835,667.75,659.22,1298,3005,457,301,540
3148301,MG,202609,992,2601,644015,649.86,649.21,2364,5458,989,508,867
3148400,MG,202609,485,1413,330448,682.74,681.34,1054,2800,444,235,375
3148509,MG,202609,1438,3115,953430,663.03,663.03,2801,5095,1537,310,954
3148608,MG,202609,2000,5212,1357074,680.24,678.54,4015,9472,2003,678,1334
3148707,MG,202609,3661,8558,2472883,676.39,675.47,8034,15144,3936,1054,3044
3148756,MG,202609,1343,4224,939641,699.66,699.66,2074,6006,1265,362,447
3148806,MG,202609,311,806,197644,637.56,635.51,859,1983,296,203,360
3148905,MG,202609,185,546,127498,689.18,689.18,620,1761,178,150,292
3149002,MG,202609,404,1040,275708,682.45,682.45,1086,2364,422,181,483
3149101,MG,202609,650,2029,428751,661.65,659.62,2143,5685,528,621,994
3149150,MG,202609,1284,3651,888915,695.55,692.3,2659,6807,1204,548,907
3149200,MG,202609,310,819,211935,683.66,683.66,914,1760,366,128,420
3149309,MG,202609,2794,7284,1755877,630.02,628.45,8662,20975,2198,2289,4175
3149408,MG,202609,184,433,117088,639.83,636.35,514,1127,172,116,226
3149507,MG,202609,206,583,139563,684.13,677.49,730,1649,218,192,320
3149606,MG,202609,448,1138,306767,684.75,684.75,1178,2611,442,191,545
3149705,MG,202609,758,2193,541320,716.03,714.14,2137,5339,848,462,827
3149804,MG,202609,1345,3672,948660,710.07,705.32,2811,6838,1257,541,1013
3149903,MG,202609,898,2424,608281,681.17,677.37,3465,8934,821,869,1775
3149952,MG,202609,736,1945,483230,665.61,656.56,2214,5410,683,567,964
3150000,MG,202609,444,1174,303651,683.9,683.9,1107,2586,425,235,447
3150109,MG,202609,235,618,158294,673.59,673.59,600,1352,259,133,208
3150158,MG,202609,1539,4152,1059401,689.71,688.37,2865,6957,1568,564,733
3150208,MG,202609,299,833,209863,704.24,701.88,990,2578,287,196,507
3150307,MG,202609,294,765,202132,687.52,687.52,935,2141,312,198,425
3150406,MG,202609,669,1641,446576,668.53,667.53,1285,2851,692,197,396
3150505,MG,202609,414,1114,263381,637.73,636.19,1353,3285,336,377,640
3150539,MG,202609,659,1561,441029,670.26,669.24,1530,3313,645,265,620
3150570,MG,202609,1137,3180,798986,702.71,702.71,2456,5875,1128,439,889
3150604,MG,202609,323,875,212140,658.82,656.78,1008,2536,282,286,440
3150703,MG,202609,501,1259,332620,669.26,663.91,1228,2617,480,254,494
3150802,MG,202609,1719,4533,1143048,664.95,664.95,4282,10296,1578,768,1936
3150901,MG,202609,392,1101,258525,661.19,659.5,1023,2642,343,284,396
3151008,MG,202609,584,1586,388112,669.16,664.58,1758,4487,537,378,843
3151107,MG,202609,934,2296,642411,689.28,687.81,3046,6254,1047,582,1417
3151206,MG,202609,5885,15379,3966577,677.01,674.01,14631,33033,5503,3007,6121
3151305,MG,202609,839,2305,571267,682.52,680.89,2437,5896,902,567,968
3151404,MG,202609,2105,5467,1428016,681.63,678.39,4359,10461,2043,830,1486
3151503,MG,202609,1912,5299,1303563,686.81,681.78,6230,15650,1671,1366,3193
3151602,MG,202609,959,2546,639830,693.96,667.18,2427,5385,1034,373,1020
3151701,MG,202609,541,1674,339405,637.98,627.37,2117,5753,413,670,1034
3151800,MG,202609,4608,12045,3030743,661.3,657.71,20041,45264,4310,4547,11184
3151909,MG,202609,1149,2962,766643,667.23,667.23,2282,4962,1187,355,740
3152006,MG,202609,2297,6266,1496725,651.88,651.6,6649,15767,1795,2002,2852
3152105,MG,202609,2609,6858,1745426,671.32,669.0,8945,22046,2422,2211,4312
3152131,MG,202609,676,1810,455967,684.64,674.51,1221,2926,652,193,376
3152170,MG,202609,1338,3850,923115,690.44,689.92,3173,7910,1225,675,1273
3152204,MG,202609,4633,12755,3068749,663.08,662.37,12279,29537,4363,2755,5161
3152303,MG,202609,1401,3285,931257,664.71,664.71,3209,6452,1734,467,1008
3152402,MG,202609,1329,3659,905323,681.72,681.21,3338,7964,1235,784,1319
3152501,MG,202609,6638,17771,4430101,672.96,667.38,20437,48527,6076,4687,9674
3152600,MG,202609,347,951,233890,677.94,674.03,929,2192,313,214,402
3152709,MG,202609,370,1027,221790,609.31,599.43,1287,3414,271,468,548
3152808,MG,202609,1498,3990,1019631,682.94,680.66,5099,11428,1401,1078,2620
3152907,MG,202609,475,1307,328338,694.16,691.24,1410,3198,473,266,671
3153004,MG,202609,346,898,231915,680.1,670.27,731,1612,342,124,265
3153103,MG,202609,545,1472,345968,637.14,634.8,1286,3187,473,303,510
3153202,MG,202609,207,536,135524,654.71,654.71,759,1871,202,214,343
3153301,MG,202609,312,878,215107,689.45,689.45,853,2284,302,173,378
3153400,MG,202609,1142,3033,790954,692.6,692.6,3321,7670,1143,688,1490
3153509,MG,202609,707,2070,398803,569.72,564.08,2106,5152,494,826,786
3153608,MG,202609,745,2041,507098,681.58,680.67,2212,5530,693,548,971
3153707,MG,202609,181,485,105603,589.96,583.44,761,1775,135,236,390
3153806,MG,202609,72,187,44079,612.21,612.21,255,652,57,95,103
3153905,MG,202609,659,1699,439751,669.33,667.3,1711,4124,611,367,733
3154002,MG,202609,1996,5305,1333246,668.96,667.96,4734,11441,1915,1012,1807
3154101,MG,202609,650,1632,415000,645.41,638.46,2164,4810,624,552,988
3154150,MG,202609,616,1888,424732,697.43,689.5,2000,5101,657,590,753
3154200,MG,202609,518,1449,322007,627.69,621.64,1783,4706,412,553,818
3154309,MG,202609,1194,3428,809702,679.85,678.14,3690,8855,1084,967,1639
3154408,MG,202609,485,1278,315857,651.25,651.25,1130,2742,427,239,464
3154457,MG,202609,1062,2644,722184,680.02,680.02,2602,5257,1133,380,1089
3154507,MG,202609,1168,3339,797246,683.74,682.57,2646,7013,1048,476,1122
3154606,MG,202609,29106,75841,19607031,678.14,673.64,63648,149982,27840,13732,22076
3154705,MG,202609,207,591,137594,664.71,664.71,810,2108,179,160,471
3154804,MG,202609,742,1870,494680,669.39,666.68,2060,4958,696,387,977
3154903,MG,202609,931,2393,611475,656.79,656.79,3255,7405,847,825,1583
3155009,MG,202609,205,541,132062,647.36,644.2,767,1883,185,147,435
3155108,MG,202609,837,2017,547572,654.21,654.21,1595,3507,831,247,517
3155207,MG,202609,636,1653,427797,674.76,672.64,1371,2955,777,165,429
3155306,MG,202609,528,1337,355880,675.29,674.02,1186,2552,586,149,451
3155405,MG,202609,562,1506,378534,677.16,673.55,1916,4578,528,503,885
3155504,MG,202609,737,2077,505544,685.95,685.95,2161,5243,717,537,907
3155603,MG,202609,4841,13396,3319303,686.23,685.66,8405,21185,4800,1378,2227
3155702,MG,202609,1132,2777,743218,657.13,656.55,3197,7281,1032,599,1566
3155801,MG,202609,1245,3065,829642,666.38,666.38,3927,8273,1385,978,1564
3155900,MG,202609,652,1382,423022,649.8,648.81,1513,2877,772,240,501
3156007,MG,202609,1123,3448,772733,691.79,688.1,2980,7750,1028,672,1280
3156106,MG,202609,420,1098,283000,673.81,673.81,1346,3052,423,279,644
3156205,MG,202609,237,668,157583,664.91,664.91,628,1515,221,167,240
3156304,MG,202609,528,1426,353118,679.07,668.78,1684,3962,585,407,692
3156403,MG,202609,223,557,151877,684.13,681.06,490,1090,226,103,161
3156452,MG,202609,462,1280,327652,709.2,709.2,1320,3037,575,237,508
3156502,MG,202609,1031,2355,693157,672.97,672.32,2347,4574,1219,296,832
3156601,MG,202609,934,2419,600416,642.84,642.84,2331,5411,839,569,923
3156700,MG,202609,8288,21350,5461530,663.13,658.97,21941,51506,7509,4939,9493
3156809,MG,202609,1596,4204,1090687,683.82,683.39,3619,8684,1522,749,1348
3156908,MG,202609,1346,3607,907250,677.56,674.03,5163,11717,1321,974,2868
3157005,MG,202609,4389,11156,2908761,663.8,662.74,11229,25852,4337,2391,4501
3157104,MG,202609,746,1921,476266,649.75,638.43,1994,4410,684,435,875
3157203,MG,202609,2439,6247,1641262,678.77,672.92,5672,13428,2398,1067,2207
3157252,MG,202609,1332,3641,886776,670.28,665.75,2524,6145,1254,421,849
3157278,MG,202609,299,777,198785,671.57,664.83,787,1775,300,154,333
3157302,MG,202609,290,768,177164,613.02,610.91,765,2043,228,217,320
3157336,MG,202609,681,1809,462618,684.35,679.32,1765,4046,717,415,633
3157377,MG,202609,589,1584,408567,693.66,693.66,1414,3334,601,187,626
3157401,MG,202609,505,1357,339252,671.79,671.79,1520,3879,512,257,751
3157500,MG,202609,616,1640,417861,680.56,678.35,1344,3204,601,294,449
3157609,MG,202609,543,1379,359480,662.03,662.03,1241,2743,530,193,518
3157658,MG,202609,1426,3535,982358,689.86,688.89,2155,4797,1382,279,494
3157708,MG,202609,824,2342,582522,706.94,706.94,2059,4955,882,451,726
3157807,MG,202609,16848,44090,11260091,672.28,668.33,40042,96936,15758,9039,15245
3157906,MG,202609,2129,6877,1453281,686.48,682.61,4426,12679,1875,1271,1280
3158003,MG,202609,721,1969,488610,677.68,677.68,1886,4895,641,479,766
3158102,MG,202609,827,1905,521288,633.4,630.34,1950,3869,786,301,863
3158201,MG,202609,1488,3857,989653,665.98,665.09,3340,7501,1484,650,1206
3158300,MG,202609,388,1005,262786,677.28,677.28,1541,3893,336,394,811
3158409,MG,202609,318,755,207803,653.47,653.47,1097,2360,353,241,503
3158508,MG,202609,680,1850,445557,656.2,655.23,1417,3505,615,295,507
3158607,MG,202609,208,609,136758,660.67,657.49,665,1830,180,222,263
3158706,MG,202609,316,812,209976,666.59,664.48,608,1445,307,92,209
3158805,MG,202609,319,841,197066,617.76,617.76,1218,2943,285,365,568
3158904,MG,202609,977,3028,686624,704.95,702.79,2163,5582,890,616,657
3158953,MG,202609,2556,6898,1701036,667.86,665.51,7763,19072,2338,1879,3546
3159001,MG,202609,591,1565,398555,676.66,674.37,1234,2848,627,239,368
3159100,MG,202609,475,1162,320987,675.76,675.76,820,1797,487,100,233
3159209,MG,202609,373,1021,239183,646.44,641.24,1538,3675,319,350,869
3159308,MG,202609,438,1092,296820,677.67,677.67,1229,2511,546,196,487
3159357,MG,202609,747,2087,505276,680.05,676.41,1720,4302,685,395,640
3159407,MG,202609,248,711,171436,691.27,691.27,722,1721,246,186,290
3159506,MG,202609,897,2429,614337,686.41,684.88,1594,3848,890,259,445
3159605,MG,202609,1425,4105,953844,669.36,669.36,5940,15593,1254,1587,3099
3159704,MG,202609,293,837,199347,682.7,680.37,650,1685,257,162,231
3159803,MG,202609,1364,3288,895855,661.64,656.79,4810,9928,1371,823,2616
3159902,MG,202609,1376,3532,820536,596.32,596.32,3790,9312,1004,1167,1619
3160009,MG,202609,305,796,202278,665.39,663.21,879,1998,299,219,361
3160108,MG,202609,275,754,187555,687.01,682.02,755,1949,262,198,295
3160207,MG,202609,591,1414,388568,659.71,657.48,1060,2434,576,182,302
3160306,MG,202609,1507,4207,1006821,668.98,668.1,3158,7716,1406,620,1132
3160405,MG,202609,814,2285,511485,630.68,628.36,3603,9095,674,1201,1728
3160454,MG,202609,1656,4057,1126421,680.62,680.21,2557,5558,1647,233,677
3160504,MG,202609,247,604,163039,660.08,660.08,630,1368,242,109,279
3160603,MG,202609,374,888,250306,669.27,669.27,930,1910,396,149,385
3160702,MG,202609,2908,7393,1917286,663.19,659.31,8075,18382,2960,1913,3202
3160801,MG,202609,545,1451,365702,683.56,671.01,1159,2838,500,268,391
3160900,MG,202609,212,526,141486,667.39,667.39,855,2008,216,151,488
3160959,MG,202609,696,2008,483729,696.01,695.01,1708,4515,670,404,634
3161007,MG,202609,1001,2695,661088,660.43,660.43,2940,7370,861,781,1298
3161056,MG,202609,399,1047,265145,664.52,664.52,1048,2413,390,229,429
3161106,MG,202609,8484,23311,5870003,692.46,691.89,16511,41077,8050,3043,5418
3161205,MG,202609,371,986,245381,674.12,661.4,1490,3643,366,305,819
3161304,MG,202609,464,1121,304951,660.07,657.22,1399,3012,450,262,687
3161403,MG,202609,311,893,218259,701.8,701.8,1276,3086,348,320,608
3161502,MG,202609,811,1973,532808,659.42,656.98,2432,5484,801,468,1163
3161601,MG,202609,536,1327,348461,651.33,650.11,1104,2517,520,218,366
3161650,MG,202609,449,1135,302854,676.01,674.51,997,2205,428,172,397
3161700,MG,202609,731,1829,503987,690.39,689.45,1755,3733,750,323,682
3161809,MG,202609,483,1363,306995,642.25,635.6,2007,5156,400,575,1032
3161908,MG,202609,789,2128,523442,664.27,663.42,3199,8218,694,603,1902
3162005,MG,202609,2264,6174,1544275,692.5,682.1,5220,12260,2210,1019,1991
3162104,MG,202609,2341,6642,1617663,696.97,691.01,6932,17625,2093,1614,3225
3162203,MG,202609,237,788,169589,724.74,715.57,1162,3121,202,275,685
3162252,MG,202609,872,2035,590085,677.48,676.7,1984,4060,1029,262,693
3162302,MG,202609,350,907,239569,686.44,684.48,688,1615,358,105,225
3162401,MG,202609,3537,9891,2381571,673.52,673.33,7173,17806,3489,1336,2348
3162450,MG,202609,2286,6591,1571329,689.48,687.37,4000,10983,1994,924,1082
3162500,MG,202609,4578,11397,2931720,645.9,640.39,14034,31285,4190,3625,6219
3162559,MG,202609,1799,5414,1248120,694.17,693.79,3249,8876,1709,592,948
3162575,MG,202609,861,1966,572432,667.95,664.85,2022,4020,908,298,816
3162609,MG,202609,1015,2575,664428,659.81,654.61,2654,5814,1098,484,1072
3162658,MG,202609,605,1546,404273,668.22,668.22,1304,3107,588,210,506
3162708,MG,202609,2491,6584,1637157,658.55,657.23,5329,13396,2249,1281,1799
3162807,MG,202609,1617,4172,1088433,673.12,673.12,3693,8743,1486,825,1382
3162906,MG,202609,1705,4301,1122619,658.43,658.43,5768,13022,1615,1442,2711
3162922,MG,202609,3981,10592,2709562,685.79,680.62,8286,19945,3838,1541,2907
3162948,MG,202609,485,1476,330442,686.99,681.32,1374,3659,423,339,612
3162955,MG,202609,2030,5254,1374763,677.22,677.22,4994,11805,1941,953,2100
3163003,MG,202609,634,1716,443482,699.5,699.5,1457,3113,669,222,566
3163102,MG,202609,341,933,244415,718.87,716.76,1047,2575,370,220,457
3163201,MG,202609,251,749,174501,703.63,695.22,987,2424,254,238,495
3163300,MG,202609,526,1385,344889,655.68,655.68,1132,2646,498,182,452
3163409,MG,202609,623,1556,419484,677.68,673.33,1804,4314,617,311,876
3163508,MG,202609,912,2275,613830,675.28,673.06,1667,3920,907,257,503
3163607,MG,202609,380,1049,247911,655.85,652.4,719,1768,350,145,224
3163706,MG,202609,2665,6659,1686731,633.63,632.92,7849,18412,2287,2032,3530
3163805,MG,202609,849,2150,567428,668.35,668.35,1997,4239,1034,247,716
3163904,MG,202609,349,998,234340,681.22,671.46,842,2054,314,227,301
3164001,MG,202609,386,1060,263963,683.84,683.84,1686,4069,422,354,910
3164100,MG,202609,767,1963,511344,666.68,666.68,1541,3441,777,246,518
3164209,MG,202609,1343,3409,910476,681.49,677.94,2570,5653,1415,357,798
3164308,MG,202609,457,1255,307504,675.83,672.88,1222,2875,462,247,513
3164407,MG,202609,256,831,177667,694.01,694.01,961,2773,211,301,449
3164431,MG,202609,225,620,148522,660.1,660.1,746,1825,214,182,350
3164472,MG,202609,1419,3520,955277,673.68,673.2,2434,5447,1487,311,636
3164506,MG,202609,1144,3124,779233,681.74,681.15,2603,6495,1090,519,994
3164605,MG,202609,651,1858,442565,681.92,679.82,1452,3769,591,367,494
3164704,MG,202609,3139,8437,2120470,676.17,675.52,8764,21946,2703,2373,3688
3164803,MG,202609,133,313,85865,645.6,645.6,305,696,120,64,121
3164902,MG,202609,131,379,92341,704.89,704.89,465,1164,132,92,241
3165008,MG,202609,616,1704,389455,635.33,632.23,1973,5135,487,548,938
3165107,MG,202609,431,1292,293333,688.58,680.59,962,2647,365,252,345
3165206,MG,202609,340,870,220396,655.94,648.22,1260,2853,333,362,565
3165305,MG,202609,689,1631,455535,661.15,661.15,1631,3525,653,315,663
3165404,MG,202609,525,1372,351479,673.33,669.48,1522,3465,496,358,668
3165503,MG,202609,1116,2770,742150,666.8,665.01,1895,4290,1072,289,534
3165537,MG,202609,2181,5800,1454993,667.12,667.12,6231,15639,1939,1431,2861
3165552,MG,202609,1764,5147,1268576,719.15,719.15,3020,7946,1659,507,854
3165560,MG,202609,282,605,185707,658.54,658.54,754,1584,327,110,317
3165578,MG,202609,1038,3068,723753,699.28,697.26,1875,4933,935,498,442
3165602,MG,202609,130,395,89631,689.47,689.47,561,1550,107,165,289
3165701,MG,202609,702,1793,466217,665.07,664.13,2010,4619,715,424,871
3165800,MG,202609,67,186,41673,621.99,621.99,315,738,57,89,169
3165909,MG,202609,584,1376,385447,661.14,660.01,1438,3097,643,228,567
3166006,MG,202609,686,1778,458996,669.09,669.09,1289,3124,737,213,339
3166105,MG,202609,365,993,253927,697.6,695.69,845,1956,390,120,335
3166204,MG,202609,1353,3415,887145,655.69,655.69,2628,6044,1301,451,876
3166303,MG,202609,1019,3094,706136,692.97,692.97,2009,5301,1037,479,493
3166402,MG,202609,96,260,64000,666.67,666.67,266,665,89,68,109
3166501,MG,202609,586,1672,407054,701.82,694.63,1252,3104,595,244,413
3166600,MG,202609,36,87,23105,641.81,641.81,140,312,37,34,69
3166709,MG,202609,805,1989,535869,665.68,665.68,2159,4600,733,473,953
3166808,MG,202609,1234,3338,873758,710.37,708.07,2911,7152,1224,463,1224
3166907,MG,202609,383,1099,250941,663.87,655.2,1532,4035,307,441,784
3166956,MG,202609,592,1616,398681,673.45,673.45,1398,3398,565,270,563
3167004,MG,202609,309,650,202565,659.82,655.55,673,1191,339,91,243
3167103,MG,202609,1940,5469,1319440,682.94,680.12,4538,11937,1798,1048,1692
3167202,MG,202609,13036,33575,8757423,678.19,671.79,32974,75262,13039,7042,12893
3167301,MG,202609,221,555,145094,656.53,656.53,676,1567,215,153,308
3167400,MG,202609,565,1486,371854,662.84,658.15,1204,2753,524,209,471
3167509,MG,202609,208,565,136811,667.37,657.75,550,1298,192,112,246
3167608,MG,202609,2677,8226,1870980,701.0,698.91,5190,13931,2586,1182,1422
3167707,MG,202609,776,1912,520865,673.82,671.22,1592,3345,805,215,572
3167806,MG,202609,230,656,140017,608.77,608.77,795,2078,169,308,318
3167905,MG,202609,272,736,183258,673.74,673.74,875,2187,258,262,355
3168002,MG,202609,3363,9139,2152536,640.64,640.06,8707,21334,2808,2729,3170
3168051,MG,202609,719,1593,468327,658.69,651.36,1382,2633,733,173,476
3168101,MG,202609,446,1252,309898,694.84,694.84,999,2411,432,143,424
3168200,MG,202609,142,364,93719,664.67,659.99,474,980,140,73,261
3168309,MG,202609,498,1316,335263,677.3,673.22,1158,2595,505,177,476
3168408,MG,202609,1770,4471,1188389,673.31,671.41,3768,7888,1831,522,1415
3168507,MG,202609,1098,2723,735380,670.36,669.74,3136,6764,1203,548,1385
3168606,MG,202609,10992,28528,7285238,665.87,662.78,29394,65871,10104,6672,12618
3168705,MG,202609,3609,9263,2373609,660.25,657.69,10703,25190,3303,2481,4919
3168804,MG,202609,649,1696,428340,673.49,660.0,1511,3570,585,366,560
3168903,MG,202609,575,1529,388579,676.97,675.79,1440,3150,545,290,605
3169000,MG,202609,1314,3357,871984,665.13,663.61,4332,9425,1389,987,1956
3169059,MG,202609,307,935,203506,662.89,662.89,645,1699,280,120,245
3169109,MG,202609,495,1414,334257,683.55,675.27,1517,3676,471,398,648
3169208,MG,202609,934,2272,620304,665.56,664.14,2286,4832,1069,362,855
3169307,MG,202609,3296,9346,2057382,641.93,624.21,11517,28988,2641,3724,5152
3169356,MG,202609,2366,6153,1606771,679.11,679.11,6786,15266,2204,1495,3087
3169406,MG,202609,3244,8872,2178525,678.88,671.56,7564,19561,2788,2019,2757
3169505,MG,202609,995,2526,667828,671.86,671.18,2165,4523,1034,360,771
3169604,MG,202609,2769,7029,1879857,678.89,678.89,6623,13625,2741,945,2937
3169703,MG,202609,2249,5540,1485473,660.8,660.5,5732,13267,2036,1412,2284
3169802,MG,202609,556,1534,378458,680.68,680.68,1269,3132,520,292,457
3169901,MG,202609,5296,13564,3583735,676.69,676.69,18154,41652,5122,4765,8267
3170008,MG,202609,2239,5779,1526555,682.72,681.8,3739,8428,2216,503,1020
3170057,MG,202609,1341,3823,920307,686.8,686.28,3012,7817,1258,653,1101
3170107,MG,202609,16339,42706,11138540,686.34,681.71,44140,97743,16292,8573,19275
3170206,MG,202609,31939,80717,21211642,670.49,664.13,104152,230828,29316,22993,51843
3170305,MG,202609,343,949,230230,673.19,671.22,757,1807,320,156,281
3170404,MG,202609,3767,10764,2517574,671.0,668.32,15173,35424,3100,3909,8164
3170438,MG,202609,340,916,228398,673.74,671.76,945,2026,324,156,465
3170479,MG,202609,411,1003,264508,643.57,643.57,1289,2691,410,230,649
3170503,MG,202609,427,1201,278496,666.26,652.22,1745,4789,370,444,931
3170529,MG,202609,1346,3590,924170,687.63,686.6,3147,7384,1300,487,1360
3170578,MG,202609,1131,2539,759029,671.71,671.11,2469,4530,1283,262,924
3170602,MG,202609,160,451,105337,658.36,658.36,583,1414,131,103,349
3170651,MG,202609,689,1878,470860,683.4,683.4,1566,3851,690,305,571
3170701,MG,202609,3845,10634,2575528,677.24,669.84,10593,26193,3405,3219,3969
3170750,MG,202609,665,1619,456813,696.36,686.94,1602,3585,746,299,557
3170800,MG,202609,3412,8582,2312562,678.77,677.77,8405,18495,3508,1569,3328
3170909,MG,202609,3477,9556,2395322,688.9,688.9,6174,15192,3361,1032,1781
3171006,MG,202609,1020,2491,670453,659.25,657.31,3283,6975,1007,680,1596
3171030,MG,202609,1547,3829,1060426,685.92,685.47,3111,6492,1550,440,1121
3171071,MG,202609,706,1743,463207,656.1,656.1,1754,4099,664,342,748
3171105,MG,202609,287,696,193908,682.77,675.64,807,1677,293,118,396
3171154,MG,202609,668,1877,447223,669.5,669.5,1459,3640,641,329,489
3171204,MG,202609,10753,28240,7270408,676.38,676.13,27169,61826,11040,5333,10796
3171303,MG,202609,3978,10117,2606394,656.03,655.2,13281,29292,4192,3458,5631
3171402,MG,202609,451,1263,299738,664.61,664.61,1215,2724,452,242,521
3171501,MG,202609,560,1351,388898,694.46,694.46,1146,2370,569,133,444
3171600,MG,202609,1342,3663,890263,664.87,663.39,3850,8852,1229,853,1768
3171709,MG,202609,1022,2602,669922,655.5,655.5,2505,5996,986,518,1001
3171808,MG,202609,416,1232,284112,689.59,682.96,2034,5397,372,606,1056
3171907,MG,202609,535,1438,360481,675.06,673.8,1245,3029,525,243,477
3172004,MG,202609,2262,5899,1528329,677.45,675.65,7956,18801,2119,2147,3690
3172103,MG,202609,559,1388,370111,662.09,662.09,1391,2939,629,224,538
3172202,MG,202609,233,591,153556,659.04,659.04,517,1149,219,102,196
3200102,ES,202609,1990,5891,1270668,640.46,638.53,6125,16290,1509,1990,2626
3200136,ES,202609,881,2731,595663,676.12,676.12,2349,6184,751,565,1033
3200169,ES,202609,1616,4487,1111575,687.86,687.86,3671,8810,1542,598,1531
3200201,ES,202609,2743,7210,1849724,676.32,674.34,6930,15585,2751,1265,2914
3200300,ES,202609,682,1859,456875,669.9,669.9,2407,5924,614,553,1240
3200359,ES,202609,1129,3098,760803,673.87,673.87,2378,5655,1157,423,798
3200409,ES,202609,2635,6952,1754259,666.77,665.75,6065,14819,2410,1414,2241
3200508,ES,202609,905,2324,589949,654.05,651.88,2518,5540,845,464,1209
3200607,ES,202609,7075,19340,4749389,675.59,671.29,20882,51105,6106,4813,9963
3200706,ES,202609,803,2242,528866,658.61,658.61,2649,6506,666,634,1349
3200805,ES,202609,2421,6524,1633070,676.22,674.54,6627,15460,2289,1458,2880
3200904,ES,202609,3274,8819,2206580,675.0,673.97,9718,23382,3000,2137,4581
3201001,ES,202609,1844,4999,1245083,676.31,675.21,4303,10258,1670,916,1717
3201100,ES,202609,1117,2774,734147,657.84,657.25,3557,7281,1063,746,1748
3201159,ES,202609,924,3340,582051,636.12,629.93,2648,8127,589,1176,883
3201209,ES,202609,11091,29094,7474066,678.29,673.89,32059,74443,10438,6849,14772
3201308,ES,202609,34316,90415,23099812,681.11,673.15,83743,192492,32773,17837,33133
3201407,ES,202609,1648,4467,1049488,638.76,636.83,4941,12138,1301,1438,2202
3201506,ES,202609,4740,12958,3233777,686.43,682.23,21019,48048,4365,5616,11038
3201605,ES,202609,4564,11076,3089282,679.56,676.88,10300,23267,4610,1946,3744
3201704,ES,202609,868,2747,616864,715.62,710.67,2414,6224,773,600,1041
3201803,ES,202609,380,1273,263480,695.2,693.37,1098,3100,351,337,410
3201902,ES,202609,1123,3347,739913,660.64,658.87,4582,12388,811,1676,2095
3202009,ES,202609,590,1713,395005,669.5,669.5,1733,4379,493,533,707
3202108,ES,202609,2017,5408,1334764,661.76,661.76,5594,13122,1842,1407,2345
3202207,ES,202609,1697,4585,1164805,689.64,686.39,5149,11547,1674,1059,2416
3202256,ES,202609,835,2609,590629,711.6,707.34,2204,5894,766,531,907
3202306,ES,202609,2883,7819,2005633,696.16,695.68,7958,18036,2923,1643,3392
3202405,ES,202609,6410,18300,4274748,670.86,666.89,23244,54206,5344,7667,10233
3202454,ES,202609,1031,3219,684451,672.35,663.87,4802,12773,813,1845,2144
3202504,ES,202609,1073,2865,738654,690.33,688.4,4055,9377,1151,634,2270
3202553,ES,202609,1627,4961,1133450,697.94,696.65,2774,7712,1479,585,710
3202603,ES,202609,630,1702,414140,657.37,657.37,1935,4705,535,466,934
3202652,ES,202609,915,2982,632243,692.49,690.98,3097,8478,755,1054,1288
3202702,ES,202609,1112,3228,764794,689.0,687.76,2699,6829,1038,527,1134
3202801,ES,202609,6108,15412,4085980,674.48,668.96,12972,28643,6050,2221,4701
3202900,ES,202609,496,1519,308888,627.82,622.76,1571,4147,358,459,754
3203007,ES,202609,1974,6145,1308133,666.39,662.68,5962,15320,1545,2173,2244
3203056,ES,202609,3213,8859,2162613,675.61,673.08,7672,18645,2816,1892,2964
3203106,ES,202609,1009,2734,693707,690.26,687.52,2974,7004,1000,589,1385
3203130,ES,202609,739,1872,485002,657.18,656.29,3205,7127,691,758,1756
3203163,ES,202609,740,2288,464194,628.99,627.29,2070,5458,526,652,892
3203205,ES,202609,5433,17002,3183069,589.35,585.88,24087,62233,3123,9831,11133
3203304,ES,202609,1558,4237,1036699,667.55,665.4,3713,8718,1503,802,1408
3203320,ES,202609,5467,14806,3697566,682.08,676.34,12136,27968,5453,2305,4378
3203346,ES,202609,489,1415,318730,658.53,651.8,2708,6628,391,745,1572
3203353,ES,202609,663,1976,447591,682.3,675.1,2691,6936,592,721,1378
3203403,ES,202609,2965,7643,1949962,658.33,657.66,7711,16434,2922,1352,3437
3203502,ES,202609,2220,5825,1509374,682.05,679.9,6391,13661,2346,1239,2806
3203601,ES,202609,619,1519,420896,679.96,679.96,1945,4313,638,377,930
3203700,ES,202609,1740,5073,1179003,677.98,677.59,4018,10414,1520,1008,1490
3203809,ES,202609,1591,4154,1073481,676.0,674.72,3528,8081,1597,653,1278
3203908,ES,202609,4124,10879,2808793,683.9,681.08,11341,26638,4033,2417,4891
3204005,ES,202609,1687,4966,1143039,678.76,677.56,4094,10401,1514,900,1680
3204054,ES,202609,2682,7007,1804996,680.36,673.0,6720,15128,2518,1373,2829
3204104,ES,202609,2374,6819,1629328,688.93,686.32,6119,15004,2085,1521,2513
3204203,ES,202609,2437,6495,1645289,678.75,675.13,6619,14745,2409,1457,2753
3204252,ES,202609,1083,2722,754773,698.22,696.93,2684,5503,1237,376,1071
3204302,ES,202609,1665,4271,1116372,673.32,670.49,4163,9484,1517,835,1811
3204351,ES,202609,1032,3385,637902,621.74,618.12,3031,8509,667,1371,993
3204401,ES,202609,655,1847,447754,683.59,683.59,1815,4617,607,427,781
3204500,ES,202609,1181,3216,783431,665.05,663.36,2668,6474,1088,585,995
3204559,ES,202609,1841,5768,1170739,651.86,635.93,5670,15703,1420,1879,2371
3204609,ES,202609,899,2755,599539,669.88,666.9,2763,7289,742,774,1247
3204658,ES,202609,874,2522,581144,665.69,664.92,2340,5874,739,571,1030
3204708,ES,202609,1849,5143,1215278,660.84,657.26,6305,14866,1546,1763,2996
3204807,ES,202609,1572,3776,1037106,660.16,659.74,3896,8058,1667,525,1704
3204906,ES,202609,11137,29904,7192738,652.58,645.84,32949,77567,9601,7984,15364
3204955,ES,202609,336,1031,216159,643.33,643.33,1950,5001,247,764,939
3205002,ES,202609,40678,107072,27478277,676.62,675.51,105587,246448,38009,23781,43797
3205010,ES,202609,1691,5322,1156939,689.06,684.17,6179,16315,1358,1746,3075
3205036,ES,202609,911,2781,589227,652.52,646.79,3407,8664,662,1037,1708
3205069,ES,202609,1060,3086,648536,615.89,611.83,3674,9639,713,1091,1870
3205101,ES,202609,6717,18015,4530239,677.06,674.44,17040,40171,6168,3588,7284
3205150,ES,202609,823,2411,559891,681.13,680.3,2155,5602,783,518,854
3205176,ES,202609,1515,4419,1066756,704.59,704.13,3160,8110,1328,803,1029
3205200,ES,202609,25470,66673,17253938,679.85,677.42,71706,160028,25120,15728,30858
3205309,ES,202609,19085,47460,12829147,674.3,672.21,48132,105742,18758,9102,20272
3300100,RJ,202609,17370,44434,11801431,683.11,679.41,38420,84918,18453,6546,13421
3300159,RJ,202609,1070,2530,707856,661.55,661.55,2734,5773,1087,474,1173
3300209,RJ,202609,13590,34333,9097823,670.24,669.45,35910,76357,17345,5883,12682
3300225,RJ,202609,719,2164,486653,680.63,676.85,2589,6485,732,634,1223
3300233,RJ,202609,2947,7554,1953925,665.28,663.02,9939,21730,4025,2089,3825
3300258,RJ,202609,2615,6636,1763003,675.74,674.19,9872,20325,4062,1740,4070
3300308,RJ,202609,6710,17226,4526963,676.37,674.66,15868,35432,6561,3054,6253
3300407,RJ,202609,12822,31285,8483495,665.11,661.64,28034,62163,12165,4895,10974
3300456,RJ,202609,73513,164728,48720383,665.01,662.75,136231,264577,76620,19100,40511
3300506,RJ,202609,1854,4820,1260646,680.33,679.96,5367,11708,2406,997,1964
3300605,RJ,202609,2490,6521,1676407,673.8,673.26,8918,19168,2378,2044,4496
3300704,RJ,202609,16614,42984,11124440,674.86,669.58,53456,114124,23434,10541,19481
3300803,RJ,202609,5647,14262,3718486,660.13,658.49,14660,30848,6998,2680,4982
3300902,RJ,202609,1743,3911,1138859,653.77,653.39,3944,7777,1817,603,1524
3300936,RJ,202609,1668,3976,1105717,663.7,662.9,3996,8032,1793,539,1664
3300951,RJ,202609,623,1755,426490,685.68,684.57,1926,4638,673,416,837
3301009,RJ,202609,51402,131101,34919613,681.8,679.34,93843,213947,52522,16827,24494
3301108,RJ,202609,1322,3568,916405,694.77,693.2,3718,8343,1780,643,1295
3301157,RJ,202609,1335,3367,887168,664.55,664.55,3569,7743,1364,644,1561
3301207,RJ,202609,1531,3711,1009079,664.74,659.1,4377,8675,2014,646,1717
3301306,RJ,202609,2940,7978,1990409,679.55,677.01,9872,22382,4142,2041,3689
3301405,RJ,202609,2637,6340,1777114,674.94,673.92,5707,11289,2922,812,1973
3301504,RJ,202609,1212,3312,826441,683.57,681.88,4065,8981,1497,870,1698
3301603,RJ,202609,817,2182,549990,674.83,673.18,2466,5417,1139,486,841
3301702,RJ,202609,92960,227959,62886745,680.59,676.49,216747,444365,114868,33039,68840
3301801,RJ,202609,1404,3309,948411,675.99,675.51,3004,6069,1477,457,1070
3301850,RJ,202609,7243,16979,4888600,676.15,674.94,16651,32556,8772,2226,5653
3301876,RJ,202609,2650,6695,1762152,666.22,664.96,9267,19277,3586,1671,4010
3301900,RJ,202609,29386,68697,19652412,670.3,668.77,65840,133596,34020,9983,21837
3302007,RJ,202609,16125,40020,11108938,691.46,688.93,31089,65281,17062,4162,9865
3302056,RJ,202609,1224,2963,796940,657.54,651.09,2786,6181,1154,509,1123
3302106,RJ,202609,1957,4711,1285962,657.44,657.11,4950,10743,1951,957,2042
3302205,RJ,202609,7127,17724,4703433,660.13,659.95,20447,44159,7044,4090,9313
3302254,RJ,202609,2803,6927,1864469,668.51,665.17,6877,15047,2710,1317,2850
3302270,RJ,202609,16020,37865,10800121,676.19,674.16,28765,59137,17043,3619,8103
3302304,RJ,202609,864,2105,590921,684.73,683.94,2475,4901,971,333,1171
3302403,RJ,202609,21847,54455,14779613,678.24,676.51,47104,101274,23345,8627,15132
3302452,RJ,202609,514,1425,343303,667.9,667.9,2305,5424,602,507,1196
3302502,RJ,202609,29100,71008,19845691,683.3,681.98,69261,141758,35894,11415,21952
3302601,RJ,202609,5460,12711,3636199,666.46,665.97,11207,22064,5790,1628,3789
3302700,RJ,202609,16001,43572,10887904,681.86,680.45,63247,136991,18536,12915,31796
3302809,RJ,202609,1853,4353,1219032,659.65,657.87,4420,9021,1814,703,1903
3302858,RJ,202609,22728,49616,15010335,663.29,660.43,43530,85787,23957,6011,13562
3302908,RJ,202609,2838,6651,1861902,658.15,656.06,5957,12250,2894,946,2117
3303005,RJ,202609,3428,8484,2319327,679.16,676.58,7420,15269,3593,987,2840
3303104,RJ,202609,1529,3779,1031424,675.46,674.57,3665,7736,1534,572,1559
3303203,RJ,202609,12423,29518,8296285,668.62,667.82,25678,52253,12741,3712,9225
3303302,RJ,202609,32588,76676,21947342,675.78,673.48,86939,167799,46795,11800,28344
3303401,RJ,202609,8005,20735,5247508,662.56,655.53,25712,55706,10234,5539,9939
3303500,RJ,202609,119390,280859,80753640,677.42,676.39,238630,462128,142208,27537,68885
3303609,RJ,202609,5899,12842,3724004,640.96,631.29,11578,22857,5804,1559,4215
3303708,RJ,202609,2813,7773,1913274,681.12,680.15,8804,20199,3382,1956,3466
3303807,RJ,202609,5222,12872,3541733,678.88,678.23,11932,24691,6280,1738,3914
3303856,RJ,202609,3126,8331,2161012,691.97,691.3,6990,16016,3096,1520,2374
3303906,RJ,202609,16732,42995,11171768,673.77,667.69,54389,118009,22887,9784,21718
3303955,RJ,202609,2519,5951,1669898,665.3,662.92,5659,11430,2532,903,2224
3304003,RJ,202609,2572,6092,1687784,658.01,656.21,5414,11567,2521,1010,1883
3304102,RJ,202609,2305,5503,1552178,673.4,673.4,4989,10318,2443,661,1885
3304110,RJ,202609,1752,4487,1186543,677.64,677.25,4013,9256,1690,739,1584
3304128,RJ,202609,1296,3208,871861,674.82,672.73,2592,5846,1233,448,911
3304144,RJ,202609,18669,46341,12668328,679.63,678.58,37846,79760,20617,5736,11493
3304151,RJ,202609,2421,6230,1631871,675.44,674.05,5704,13239,2305,1068,2331
3304201,RJ,202609,7018,18155,4615809,662.62,657.71,19339,43449,6521,4304,8514
3304300,RJ,202609,6395,14310,4221352,661.65,660.1,16411,31461,8721,2147,5543
3304409,RJ,202609,1878,4713,1263682,674.68,672.89,4519,9766,1996,624,1899
3304508,RJ,202609,1008,2506,669661,665.01,664.35,2237,5014,974,436,827
3304524,RJ,202609,10207,26701,6850773,671.32,671.18,30938,68375,14378,5808,10752
3304557,RJ,202609,416531,964869,275772559,663.38,662.07,1132368,2209399,596344,183539,352485
3304607,RJ,202609,605,1691,404485,677.53,668.57,1718,3960,721,398,599
3304706,RJ,202609,3323,8472,2244567,680.17,675.46,10059,20530,3535,1810,4714
3304755,RJ,202609,7214,17788,4880002,677.97,676.46,15150,31034,8055,2355,4740
3304805,RJ,202609,3869,9555,2572383,664.87,664.87,7617,17244,3827,1550,2240
3304904,RJ,202609,71185,176414,47802622,673.72,671.53,176445,350823,86990,26073,63382
3305000,RJ,202609,5925,14261,3962690,671.76,668.81,13535,28295,6566,2066,4903
3305109,RJ,202609,42155,103922,28601497,680.02,678.48,88339,179151,47745,13136,27458
3305133,RJ,202609,791,2056,523012,661.2,661.2,1957,4298,771,403,783
3305158,RJ,202609,1226,3481,825255,678.11,673.13,3761,9235,1250,1106,1405
3305208,RJ,202609,7814,20085,5263606,675.08,673.61,23224,50050,10860,4336,8028
3305307,RJ,202609,669,1779,457024,684.17,683.14,2189,4670,839,361,989
3305406,RJ,202609,1515,4078,1025843,678.92,677.12,4576,10413,1792,888,1896
3305505,RJ,202609,8269,21781,5619390,680.31,679.57,32841,67779,12238,6351,14252
3305554,RJ,202609,15980,33833,10498696,657.94,656.99,29776,53835,18021,3335,8420
3305604,RJ,202609,2043,5417,1372183,673.3,671.65,5875,12857,2615,1131,2129
3305703,RJ,202609,1854,5120,1245675,671.89,671.89,4163,9629,2184,772,1207
3305752,RJ,202609,4276,9994,2827995,662.29,661.36,8886,19007,4677,1336,2873
3305802,RJ,202609,11874,31063,7951786,672.4,669.68,37376,80718,15993,7947,13436
3305901,RJ,202609,762,2210,508605,668.34,667.46,1878,4504,767,473,638
3306008,RJ,202609,6706,16978,4558586,682.83,679.78,18445,40628,8608,3369,6468
3306107,RJ,202609,6762,16514,4541434,672.21,671.61,13963,30539,6593,2641,4729
3306156,RJ,202609,1647,4530,1149638,698.02,698.02,3023,7147,1589,512,922
3306206,RJ,202609,3263,8405,2223728,682.13,681.5,7350,16473,3174,1471,2705
3306305,RJ,202609,19000,45046,12517643,660.63,658.82,49022,103278,18759,7822,22441
3500105,SP,202609,789,1984,519828,666.45,658.84,3632,8206,796,821,2015
3500204,SP,202609,177,506,117174,673.41,662.0,655,1676,145,164,346
3500303,SP,202609,2137,5863,1432372,677.24,670.27,5672,13028,2138,1368,2166
3500402,SP,202609,231,633,156717,678.43,678.43,979,2432,251,228,500
3500501,SP,202609,461,1226,299265,650.58,649.16,2209,4819,502,516,1191
3500550,SP,202609,373,996,260422,709.6,698.18,1272,2832,474,219,579
3500600,SP,202609,69,176,43999,637.67,637.67,397,883,78,64,255
3500709,SP,202609,1482,4019,997058,687.15,672.78,4327,10139,1338,1114,1875
3500758,SP,202609,248,699,165796,673.97,668.53,1138,2747,220,300,618
3500808,SP,202609,249,654,163499,656.62,656.62,881,2184,229,157,495
3500907,SP,202609,201,511,134772,670.51,670.51,730,1583,216,114,400
3501004,SP,202609,1137,2992,777543,684.46,683.85,3412,7806,1297,581,1534
3501103,SP,202609,297,736,201480,680.68,678.38,759,1686,314,102,343
3501152,SP,202609,544,1489,366373,678.47,673.48,1534,3900,514,339,681
3501202,SP,202609,174,477,115992,666.62,666.62,923,1948,204,166,553
3501301,SP,202609,2046,5137,1381869,676.39,675.4,4354,10277,1916,866,1572
3501400,SP,202609,317,823,213829,685.35,674.54,798,1887,289,138,371
3501509,SP,202609,207,588,140349,678.01,678.01,585,1494,188,103,294
3501608,SP,202609,6236,16572,4161784,673.86,667.38,17233,40610,5719,3642,7872
3501707,SP,202609,1622,4107,1105527,685.81,681.58,4472,10140,1839,920,1713
3501806,SP,202609,290,761,196206,678.91,676.57,1107,2343,370,175,562
3501905,SP,202609,1726,4540,1086134,639.28,629.28,6040,15323,1575,1512,2953
3502002,SP,202609,251,735,177319,712.12,706.45,762,1865,286,159,317
3502101,SP,202609,3825,8835,2572731,672.79,672.61,10159,20631,3893,1387,4879
3502200,SP,202609,1530,4166,1033888,677.96,675.74,4102,10309,1320,1019,1763
3502309,SP,202609,747,1851,511034,685.95,684.12,1677,3522,752,251,674
3502408,SP,202609,139,411,87306,646.71,628.1,809,2068,102,218,489
3502507,SP,202609,1531,4153,1006898,666.38,657.67,5171,11889,1426,1393,2352
3502606,SP,202609,212,537,134004,632.09,632.09,1018,2318,184,200,634
3502705,SP,202609,2405,6232,1578131,660.58,656.19,5419,12877,2220,1151,2048
3502754,SP,202609,2085,5452,1389245,675.37,666.3,4595,10798,1949,883,1763
3502804,SP,202609,8790,21971,5874822,675.11,668.35,25870,54754,8771,4849,12250
3502903,SP,202609,1326,3785,870968,659.82,656.84,3751,9428,1076,1076,1599
3503000,SP,202609,338,851,229232,688.38,678.2,1104,2329,395,163,546
3503109,SP,202609,395,1192,273900,693.42,693.42,1298,3384,343,312,643
3503158,SP,202609,238,627,164660,694.77,691.85,907,1916,299,138,470
3503208,SP,202609,8372,21932,5548315,674.16,662.72,25090,57588,8977,5215,10898
3503307,SP,202609,5940,14969,4058976,685.99,683.33,16046,35571,7021,2626,6399
3503356,SP,202609,142,419,97694,692.87,687.99,419,1052,116,96,207
3503406,SP,202609,626,1618,421169,682.61,672.79,1701,3976,634,287,780
3503505,SP,202609,394,1071,279503,709.4,709.4,937,2082,478,149,310
3503604,SP,202609,668,1735,448408,677.35,671.27,1809,4117,727,451,631
3503703,SP,202609,251,616,168601,685.37,671.72,957,2213,297,185,475
3503802,SP,202609,2266,6058,1505395,665.22,664.34,6529,16014,2022,1480,3027
3503901,SP,202609,6605,17347,4448222,676.84,673.46,16624,37409,6709,3020,6895
3503950,SP,202609,86,255,57016,662.98,662.98,461,1086,94,95,272
3504008,SP,202609,4537,11229,2970606,665.31,654.75,13097,29840,4242,2775,6080
3504107,SP,202609,4207,12259,2769982,674.62,658.42,14232,35951,3751,4154,6327
3504206,SP,202609,412,1143,260496,636.91,632.27,1898,4301,373,533,992
3504305,SP,202609,454,1175,314772,694.86,693.33,1071,2447,447,218,406
3504404,SP,202609,1127,2873,750849,672.8,666.24,2644,6138,1092,481,1071
3504503,SP,202609,4248,12031,2938063,697.88,691.63,10840,27315,3835,2597,4408
3504602,SP,202609,1016,2917,693898,691.13,682.97,3956,9375,1143,853,1960
3504701,SP,202609,150,377,97862,652.41,652.41,351,732,147,54,150
3504800,SP,202609,263,764,151649,576.61,576.61,1065,2530,162,447,456
3504909,SP,202609,803,2056,547691,682.06,682.06,2788,5986,1074,511,1203
3505005,SP,202609,271,759,182078,684.5,671.87,806,1927,239,211,356
3505104,SP,202609,623,1613,417860,671.8,670.72,1520,3410,589,283,648
3505203,SP,202609,1716,4474,1196783,701.1,697.43,4069,9839,1641,793,1635
3505302,SP,202609,1585,3973,1072272,677.8,676.51,4143,9385,1665,723,1755
3505351,SP,202609,905,2453,575388,640.74,635.79,1775,4287,764,449,562
3505401,SP,202609,1070,2608,744189,696.81,695.5,2343,4923,1165,373,805
3505500,SP,202609,4408,11237,2872367,663.52,651.63,14461,32358,4537,3036,6888
3505609,SP,202609,2543,6706,1771340,701.24,696.56,6714,14853,3120,1085,2509
3505708,SP,202609,14971,42079,10150630,678.16,678.02,48259,116197,16681,12043,19535
3505807,SP,202609,678,1737,437499,655.92,645.28,3302,7798,588,620,2094
3505906,SP,202609,2737,7282,1877628,693.11,686.02,7713,17783,3155,1333,3225
3506003,SP,202609,14980,40330,10035869,684.15,669.95,46473,108327,14006,9745,22722
3506102,SP,202609,3293,8882,2249133,693.75,683.0,9477,22957,3431,1779,4267
3506201,SP,202609,170,447,114765,679.08,675.09,527,1231,170,72,285
3506300,SP,202609,786,2017,523130,673.27,665.56,2220,4891,826,385,1009
3506359,SP,202609,5952,15616,4094377,695.26,687.9,15971,34421,7556,2604,5811
3506409,SP,202609,217,609,139765,647.06,644.08,1144,2790,181,266,697
3506508,SP,202609,3901,10312,2578940,667.08,661.1,11351,27162,3447,2731,5173
3506607,SP,202609,3027,7734,1995652,667.0,659.28,6626,15104,2731,1331,2564
3506706,SP,202609,801,2169,521551,671.24,651.12,2336,5682,697,558,1081
3506805,SP,202609,719,1927,502983,704.46,699.56,1806,4154,830,288,688
3506904,SP,202609,677,1848,443838,656.57,655.6,2180,5062,639,483,1058
3507001,SP,202609,3441,8953,2385173,694.17,693.16,8115,18392,3515,1551,3049
3507100,SP,202609,1609,4258,1084110,677.99,673.78,4354,10121,1720,932,1702
3507159,SP,202609,527,1415,353642,677.48,671.05,1097,2673,490,217,390
3507209,SP,202609,56,125,38472,687.0,687.0,218,476,62,23,133
3507308,SP,202609,254,687,164138,686.77,646.21,815,2122,236,180,399
3507407,SP,202609,559,1531,349144,630.22,624.59,2044,5008,467,551,1026
3507456,SP,202609,233,661,153949,675.21,660.73,789,1939,203,150,436
3507506,SP,202609,6662,17427,4378538,667.66,657.24,17211,41366,6093,4180,6938
3507605,SP,202609,7080,18955,4547929,664.8,642.36,23132,53653,6862,5405,10865
3507704,SP,202609,471,1311,308363,674.75,654.7,1071,2661,417,215,439
3507753,SP,202609,239,608,151150,632.43,632.43,906,1971,206,184,516
3507803,SP,202609,1101,3225,753612,695.21,684.48,3413,7916,1114,891,1408
3507902,SP,202609,523,1536,366557,710.38,700.87,2104,5112,475,606,1023
3508009,SP,202609,3246,8462,2228863,702.23,686.65,5480,13083,3229,862,1389
3508108,SP,202609,1378,3452,912948,666.87,662.52,3633,7925,1311,749,1573
3508207,SP,202609,306,763,205946,673.03,673.03,1164,2525,390,169,605
3508306,SP,202609,326,888,208338,649.03,639.07,1139,2784,287,239,613
3508405,SP,202609,1984,5450,1358803,696.11,684.88,4941,12647,1753,1129,2059
3508504,SP,202609,4129,11316,2763876,669.38,669.38,11086,27395,3774,2979,4333
3508603,SP,202609,2252,6003,1541614,687.91,684.55,5163,11961,2454,973,1736
3508702,SP,202609,908,2792,610192,674.25,672.02,3089,8019,822,866,1401
3508801,SP,202609,1179,2928,796107,681.6,675.24,2796,6273,1128,537,1131
3508900,SP,202609,177,442,114396,649.98,646.31,615,1433,168,107,340
3509007,SP,202609,3957,10535,2661817,678.52,672.69,12821,29291,4606,2371,5844
3509106,SP,202609,440,1096,284909,653.46,647.52,1132,2446,455,177,500
3509205,SP,202609,5842,16226,4024743,694.64,688.93,15818,38611,6368,3140,6310
3509254,SP,202609,2671,6781,1804462,678.11,675.58,6168,14243,2533,1241,2394
3509304,SP,202609,480,1349,332363,692.42,692.42,1914,4460,504,328,1082
3509403,SP,202609,1384,3566,916781,667.72,662.41,3728,8052,1491,771,1466
3509452,SP,202609,481,1249,298606,644.94,620.8,1399,3395,429,336,634
3509502,SP,202609,55252,143096,36997521,676.12,669.61,147083,332178,55569,28313,63201
3509601,SP,202609,4348,11609,2958764,686.49,680.49,11553,26681,4478,2188,4887
3509700,SP,202609,1356,3833,884534,670.1,652.31,5146,12969,1243,1390,2513
3509809,SP,202609,534,1392,364683,690.69,682.93,981,2276,497,174,310
3509908,SP,202609,1498,4083,1034908,694.57,690.86,3188,7254,1540,548,1100
3509957,SP,202609,530,1576,380458,717.85,717.85,1206,3130,560,242,404
3510005,SP,202609,912,2526,594933,661.77,652.34,4143,10759,791,1128,2224
3510104,SP,202609,139,403,90867,678.11,653.72,721,1699,124,104,493
3510153,SP,202609,483,1408,327585,698.48,678.23,1329,3636,427,321,581
3510203,SP,202609,3703,9849,2411860,657.9,651.33,9651,23401,3271,2283,4097
3510302,SP,202609,1656,4700,1136446,695.5,686.26,4117,10601,1523,1017,1577
3510401,SP,202609,2723,6613,1842576,683.96,676.67,7670,16116,3476,1167,3027
3510500,SP,202609,8502,23302,5762501,684.46,677.78,27259,61164,10486,5926,10847
3510609,SP,202609,21354,56789,14289504,677.58,669.17,63761,142625,26049,12214,25498
3510708,SP,202609,328,947,202520,617.44,617.44,2160,4878,247,564,1349
3510807,SP,202609,1306,3517,881539,681.78,674.99,3785,8296,1354,874,1557
3510906,SP,202609,141,377,92976,659.4,659.4,505,1198,154,110,241
3511003,SP,202609,1390,3570,926408,669.37,666.48,4495,10515,1328,867,2300
3511102,SP,202609,2676,7310,1785054,673.61,667.06,8861,21125,2703,2087,4071
3511201,SP,202609,229,587,149095,651.07,651.07,990,2382,202,209,579
3511300,SP,202609,219,700,148798,698.58,679.44,1830,4803,197,425,1208
3511409,SP,202609,689,2067,431519,639.29,626.3,2731,6906,485,1014,1232
3511508,SP,202609,335,1066,201472,608.68,601.41,2619,7176,211,1050,1358
3511607,SP,202609,492,1403,299845,613.18,609.44,2335,6071,369,870,1096
3511706,SP,202609,867,2295,607489,708.86,700.68,2372,5342,1064,425,883
3511904,SP,202609,360,990,243093,675.26,675.26,1235,3076,307,341,587
3512001,SP,202609,551,1450,384312,697.48,697.48,1837,4558,521,409,907
3512100,SP,202609,562,1510,381123,681.79,678.15,1734,3926,600,295,839
3512209,SP,202609,1942,5399,1338242,698.09,689.11,5067,11947,2089,998,1980
3512308,SP,202609,1038,2616,695983,674.4,670.5,3037,6661,1105,517,1415
3512407,SP,202609,448,1149,291362,662.19,650.36,2945,7202,440,723,1782
3512506,SP,202609,309,859,203959,664.36,660.06,1213,3047,279,261,673
3512605,SP,202609,352,883,227419,653.5,646.08,952,2173,341,227,384
3512704,SP,202609,186,478,123557,667.88,664.28,591,1385,211,117,263
3512803,SP,202609,1643,4492,1091351,669.95,664.24,5469,13274,1500,1408,2561
3512902,SP,202609,597,1562,410031,686.82,686.82,1887,3993,785,257,845
3513009,SP,202609,10446,29662,7126590,691.9,682.23,36518,85875,12225,8470,15823
3513108,SP,202609,1779,4456,1183155,669.96,665.07,5345,11707,1973,927,2445
3513207,SP,202609,265,785,177223,668.77,668.77,1167,3011,244,360,563
3513306,SP,202609,114,315,71637,639.62,628.39,450,1051,117,79,254
3513405,SP,202609,4515,11435,3007289,673.98,666.07,10711,24516,4880,2210,3621
3513504,SP,202609,7565,18800,5082324,678.28,671.82,20349,44711,8751,3247,8351
3513603,SP,202609,1891,5102,1182369,633.3,625.26,4736,11170,1743,1489,1504
3513702,SP,202609,646,1735,411887,655.87,637.6,2917,7296,571,740,1606
3513801,SP,202609,24351,60749,15939404,661.41,654.57,61045,132705,23514,10955,26576
3513850,SP,202609,72,185,43757,616.3,607.74,477,1124,69,63,345
3513900,SP,202609,766,2197,531901,694.39,694.39,1832,4306,783,353,696
3514007,SP,202609,550,1531,375379,685.0,682.51,1756,4290,636,335,785
3514106,SP,202609,1420,3757,967176,682.55,681.11,3811,9262,1266,897,1648
3514205,SP,202609,196,572,139589,712.19,712.19,729,1574,212,111,406
3514304,SP,202609,454,1179,293802,657.28,647.14,1205,2866,422,279,504
3514403,SP,202609,1464,3854,984224,679.24,672.28,5235,11832,1560,1099,2576
3514502,SP,202609,643,1685,432471,679.99,672.58,2221,5205,616,479,1126
3514601,SP,202609,521,1460,369374,710.33,708.97,1384,3286,596,229,559
3514700,SP,202609,643,1619,430257,670.18,669.14,1533,3513,617,296,620
3514809,SP,202609,1420,3810,952176,670.55,670.55,3130,7767,1260,748,1122
3514908,SP,202609,1256,3559,869243,694.28,692.07,3046,7545,1415,546,1085
3514924,SP,202609,174,446,115935,670.14,666.29,394,927,203,66,125
3514957,SP,202609,98,268,66709,694.89,680.7,357,868,108,53,196
3515004,SP,202609,19347,49973,13058229,681.0,674.95,61446,131175,26192,10573,24681
3515103,SP,202609,5466,14391,3752678,694.3,686.55,17638,38253,7268,2879,7491
3515129,SP,202609,156,439,102513,657.13,657.13,571,1388,139,128,304
3515152,SP,202609,964,2671,634793,666.8,658.5,3726,8814,1141,911,1674
3515186,SP,202609,707,1957,458037,652.47,647.86,2267,5789,589,662,1016
3515194,SP,202609,191,521,121664,654.11,636.98,917,2318,145,197,575
3515202,SP,202609,278,777,183516,660.13,660.13,1249,2866,246,251,752
3515301,SP,202609,110,274,70869,656.19,644.26,411,922,110,59,242
3515350,SP,202609,785,1957,530488,676.64,675.78,2129,4789,781,374,974
3515400,SP,202609,1250,3239,843699,677.13,674.96,3902,8315,1384,729,1789
3515509,SP,202609,2670,7158,1784111,674.52,668.21,9492,21278,3040,2019,4433
3515608,SP,202609,237,689,162391,688.1,685.19,892,2149,235,218,439
3515657,SP,202609,131,362,90259,694.3,689.0,347,863,133,61,153
3515707,SP,202609,15052,37874,10149648,679.82,674.31,33306,75133,14891,5969,12446
3515806,SP,202609,57,147,36198,635.05,635.05,307,695,50,63,194
3515905,SP,202609,101,276,71061,703.57,703.57,350,779,96,64,190
3516002,SP,202609,672,1680,439975,660.62,654.72,1717,3910,639,305,773
3516101,SP,202609,280,710,192004,693.16,685.73,735,1632,309,115,311
3516200,SP,202609,11739,32693,8146955,694.6,694.01,36629,86623,12496,9313,14820
3516309,SP,202609,13449,36367,9249693,695.57,687.76,39145,87647,17463,6667,15015
3516408,SP,202609,9606,25034,6483580,678.7,674.95,27904,62865,11675,4956,11273
3516507,SP,202609,91,278,59762,656.73,656.73,498,1242,72,95,331
3516606,SP,202609,224,597,144967,661.95,647.17,785,1982,189,259,337
3516705,SP,202609,2423,6565,1636074,682.55,675.23,7615,19301,2362,1349,3904
3516804,SP,202609,136,385,94148,692.26,692.26,595,1509,132,141,322
3516853,SP,202609,164,449,104601,641.72,637.81,763,1850,136,167,460
3516903,SP,202609,339,968,225097,665.97,664.0,1379,3221,298,362,719
3517000,SP,202609,664,1666,438746,665.78,660.76,1633,3588,698,290,645
3517109,SP,202609,393,990,261671,670.95,665.83,1020,2317,396,183,441
3517208,SP,202609,655,1809,439740,690.33,671.36,1939,4691,620,400,919
3517307,SP,202609,517,1343,351790,681.76,680.44,1298,2876,563,207,528
3517406,SP,202609,1560,3850,1023440,661.56,656.05,4256,9503,1806,898,1552
3517505,SP,202609,744,2094,499829,673.62,671.81,2813,6735,755,555,1503
3517604,SP,202609,1415,3906,915949,649.15,647.31,3972,9831,1264,1149,1559
3517703,SP,202609,1162,2977,777424,671.93,669.04,2896,6758,1300,583,1013
3517802,SP,202609,446,1093,305255,685.97,684.43,1624,3519,487,249,888
3517901,SP,202609,613,1663,394779,659.06,644.01,2296,5091,592,494,1210
3518008,SP,202609,83,215,52003,626.54,626.54,453,1017,80,92,281
3518107,SP,202609,652,1701,457469,705.97,701.64,1510,3491,667,233,610
3518206,SP,202609,1538,3930,1035380,676.28,673.2,4566,10531,1453,896,2217
3518305,SP,202609,2899,7213,1957970,679.61,675.39,7261,15399,3207,1089,2965
3518404,SP,202609,5313,15202,3695120,700.1,695.49,13393,33254,5745,2805,4843
3518503,SP,202609,593,1662,401709,677.42,677.42,1921,4923,523,492,906
3518602,SP,202609,1539,4386,1049314,688.98,681.82,3891,9957,1424,996,1471
3518701,SP,202609,16493,43060,11043387,680.3,669.58,46684,104931,21290,9174,16220
3518800,SP,202609,108766,274420,72843694,678.75,669.73,247574,542128,109590,40098,97886
3518859,SP,202609,516,1417,356339,694.62,690.58,1302,2901,564,212,526
3518909,SP,202609,223,641,164731,742.03,738.7,1119,2472,272,220,627
3519006,SP,202609,692,1855,464986,674.87,671.95,1695,3977,654,348,693
3519055,SP,202609,263,719,172111,664.52,654.41,887,2245,273,209,405
3519071,SP,202609,12002,31728,7892310,662.5,657.58,31248,74448,11336,6734,13178
3519105,SP,202609,863,2114,562048,657.37,651.27,2475,5403,918,420,1137
3519204,SP,202609,445,1136,286943,656.62,644.82,1277,2974,382,306,589
3519253,SP,202609,544,1465,374470,688.36,688.36,1455,3486,544,241,670
3519303,SP,202609,2577,6626,1741462,677.88,675.77,6267,14295,2872,1136,2259
3519402,SP,202609,463,1263,313898,683.87,677.97,1419,3390,398,350,671
3519501,SP,202609,753,1801,496919,659.92,659.92,1775,3767,727,342,706
3519600,SP,202609,2434,6240,1589119,658.84,652.88,7246,16469,2233,1979,3034
3519709,SP,202609,6813,18551,4491518,671.68,659.26,15546,36489,6615,3365,5566
3519808,SP,202609,354,967,234207,661.6,661.6,1485,3255,415,285,785
3519907,SP,202609,633,1504,415284,665.52,656.06,1716,3780,617,302,797
3520004,SP,202609,1885,4503,1263488,673.86,670.29,3757,8529,1768,639,1350
3520103,SP,202609,983,2631,636711,663.93,647.72,3422,7736,953,901,1568
3520202,SP,202609,791,2170,534288,678.03,675.46,2143,5029,788,490,865
3520301,SP,202609,4112,9801,2727551,667.86,663.31,8198,17742,4091,1347,2760
3520400,SP,202609,1832,4968,1211584,673.48,661.34,6308,14313,2182,1430,2696
3520426,SP,202609,2083,5076,1379210,662.76,662.13,5808,11843,2265,869,2674
3520442,SP,202609,550,1503,365037,663.7,663.7,2942,7287,520,662,1760
3520509,SP,202609,4580,12490,2983303,662.66,651.38,19160,46250,3872,5355,9933
3520608,SP,202609,458,1131,308573,675.21,673.74,1065,2430,442,191,432
3520707,SP,202609,255,616,171007,670.62,670.62,975,1996,266,138,571
3520806,SP,202609,120,338,76352,641.61,636.27,525,1239,105,94,326
3520905,SP,202609,869,2356,585692,682.62,673.98,1983,5053,820,476,687
3521002,SP,202609,2583,7003,1772097,690.34,686.06,6028,14713,2411,1210,2407
3521101,SP,202609,311,839,197029,654.58,633.53,996,2522,283,218,495
3521150,SP,202609,227,635,149625,665.0,659.14,563,1372,202,151,210
3521200,SP,202609,501,1293,334140,668.28,666.95,1183,2828,520,215,448
3521309,SP,202609,704,1885,482215,689.86,684.96,2577,6425,825,510,1242
3521408,SP,202609,526,1407,351955,670.39,669.12,2018,4923,517,468,1033
3521507,SP,202609,431,1229,297120,695.83,689.37,1230,2921,493,282,455
3521606,SP,202609,325,837,217074,672.06,667.92,1178,2765,311,222,645
3521705,SP,202609,1345,3585,860947,643.46,640.11,3847,9518,1214,1018,1615
3521804,SP,202609,1755,4663,1213629,698.29,691.53,4088,9916,1679,819,1590
3521903,SP,202609,739,2091,528080,715.56,714.59,2054,5103,749,480,825
3522000,SP,202609,154,464,106527,691.73,691.73,482,1334,131,120,231
3522109,SP,202609,11066,27983,7280790,662.01,657.94,27018,58264,11618,5547,9853
3522158,SP,202609,427,1089,272752,638.76,638.76,928,2182,377,181,370
3522208,SP,202609,13338,34870,8927817,678.46,669.35,39734,86241,15809,7533,16392
3522307,SP,202609,8061,22168,5291433,671.08,656.42,22604,55292,7242,6151,9211
3522406,SP,202609,6649,18133,4388057,669.93,659.96,15003,37318,5924,3480,5599
3522505,SP,202609,14813,42917,9728275,679.87,656.74,41373,103855,15054,9591,16728
3522604,SP,202609,2033,5218,1324600,659.33,651.55,6381,15083,1837,1518,3026
3522653,SP,202609,636,1857,425968,674.0,669.76,1101,2978,546,286,269
3522703,SP,202609,1192,3288,791476,663.99,663.99,3390,8432,1068,905,1417
3522802,SP,202609,1376,3405,895154,654.83,650.55,3071,6765,1251,656,1164
3522901,SP,202609,682,1734,457535,685.96,670.87,2085,4893,687,425,973
3523008,SP,202609,405,994,269173,664.62,664.62,1271,2865,375,192,704
3523107,SP,202609,38043,101045,26083656,693.57,685.64,85141,191293,38619,15217,31305
3523206,SP,202609,4388,10396,2884392,662.62,657.34,9435,21557,4057,1930,3448
3523305,SP,202609,1769,4350,1202061,684.54,679.51,3676,7986,1779,610,1287
3523404,SP,202609,3971,10331,2567103,653.71,646.46,12003,28782,3489,2799,5715
3523503,SP,202609,1150,3154,775388,682.56,674.25,3035,7902,1073,655,1307
3523602,SP,202609,780,2090,545414,703.76,699.25,2164,4870,789,412,963
3523701,SP,202609,593,1671,403383,690.72,680.24,1269,3111,617,250,402
3523800,SP,202609,353,931,242316,688.4,686.45,1594,3193,620,327,647
3523909,SP,202609,7904,21037,5303184,684.28,670.95,22645,51127,7729,4136,10780
3524006,SP,202609,2234,6176,1512017,682.93,676.82,6853,17562,2004,1521,3328
3524105,SP,202609,1696,4359,1112177,661.62,655.76,4818,10973,1520,1187,2111
3524204,SP,202609,516,1226,343405,666.81,665.51,1418,3030,553,212,653
3524303,SP,202609,3744,9358,2483010,673.45,663.2,10906,23764,4216,2136,4554
3524402,SP,202609,7785,21491,5133729,666.46,659.44,26540,63061,7499,7310,11731
3524501,SP,202609,272,734,181527,667.38,667.38,1026,2403,255,208,563
3524600,SP,202609,1240,3545,834786,675.94,673.21,3175,8103,1079,875,1221
3524709,SP,202609,1413,3791,911831,648.53,645.32,4023,9729,1245,1050,1728
3524808,SP,202609,1593,3982,1035042,653.44,649.74,6178,13334,1475,1277,3426
3524907,SP,202609,345,1004,234422,693.56,679.48,1779,3476,996,288,495
3525003,SP,202609,3558,9820,2475757,698.58,695.83,16517,37912,5644,3289,7584
3525102,SP,202609,2338,6458,1630996,705.45,697.6,6575,15559,2699,1273,2603
3525201,SP,202609,1360,3818,913321,673.54,671.56,3531,8759,1220,923,1388
3525300,SP,202609,4477,11947,3007071,679.72,671.67,14044,33841,4149,3252,6643
3525409,SP,202609,259,735,185500,718.99,716.22,876,2097,317,171,388
3525508,SP,202609,484,1390,331108,689.81,684.11,1938,4622,573,523,842
3525607,SP,202609,315,821,206407,676.74,655.26,838,1958,332,162,344
3525706,SP,202609,693,1996,448154,648.56,646.69,3432,8263,554,1221,1657
3525805,SP,202609,476,1194,331672,696.79,696.79,1028,2348,466,146,416
3525854,SP,202609,88,287,52149,613.52,592.6,458,1245,68,108,282
3525904,SP,202609,8201,22229,5574108,692.18,679.69,19441,46075,8411,4175,6855
3526001,SP,202609,954,2552,616220,655.55,645.93,2558,6288,819,616,1123
3526100,SP,202609,1712,4356,1168981,684.42,682.82,3957,8815,1677,886,1394
3526209,SP,202609,2664,7122,1778785,669.98,667.71,7660,16975,2950,1709,3001
3526308,SP,202609,337,876,228079,678.81,676.79,1052,2245,403,227,422
3526407,SP,202609,1691,4336,1150051,684.96,680.1,4414,10315,1741,810,1863
3526506,SP,202609,231,602,150031,649.48,649.48,717,1764,219,171,327
3526605,SP,202609,572,1598,397464,694.87,694.87,1372,3573,623,306,443
3526704,SP,202609,4699,12525,3202201,689.09,681.46,14451,33733,5259,2821,6371
3526803,SP,202609,1640,4373,1064686,651.58,649.2,4437,11416,1387,1082,1968
3526902,SP,202609,13188,34655,8752480,671.82,663.67,34664,80491,13796,6765,14103
3527009,SP,202609,334,875,216563,668.4,648.39,1142,2709,318,238,586
3527108,SP,202609,3103,7836,2049253,673.43,660.41,7913,17930,2859,1707,3347
3527207,SP,202609,5076,13094,3365347,666.41,662.99,14415,31158,6349,2892,5174
3527256,SP,202609,143,390,91228,642.45,637.96,534,1182,129,97,308
3527306,SP,202609,1659,4430,1105681,669.3,666.47,3475,9302,1486,883,1106
3527405,SP,202609,874,2298,551686,638.53,631.22,2963,6665,806,730,1427
3527504,SP,202609,172,412,117942,693.78,685.71,558,1238,170,89,299
3527603,SP,202609,711,1992,475368,678.13,668.59,1807,4551,618,449,740
3527702,SP,202609,556,1414,383823,691.57,690.33,1313,2951,526,226,561
3527801,SP,202609,212,587,134061,647.64,632.36,871,2316,180,183,508
3527900,SP,202609,189,479,125624,668.21,664.68,611,1495,189,101,321
3528007,SP,202609,418,1202,281024,673.92,672.31,1982,5309,415,480,1087
3528106,SP,202609,475,1202,314796,662.73,662.73,1479,3240,469,273,737
3528205,SP,202609,140,432,92880,663.43,663.43,526,1373,121,151,254
3528304,SP,202609,104,265,64516,626.37,620.35,559,1341,89,137,333
3528403,SP,202609,2631,7096,1778825,681.28,676.1,5931,14282,2518,1310,2103
3528502,SP,202609,7886,19648,5261242,674.6,667.16,18720,40222,7738,2892,8090
3528601,SP,202609,500,1351,337586,698.94,675.17,1557,3783,474,339,744
3528700,SP,202609,278,715,181634,653.36,653.36,947,2244,252,194,501
3528809,SP,202609,727,1805,490217,679.91,674.3,2340,5009,846,373,1121
3528858,SP,202609,170,472,106886,663.89,628.74,471,1139,171,98,202
3528908,SP,202609,325,687,212567,660.15,654.05,838,1678,346,102,390
3529005,SP,202609,7947,21243,5262477,676.24,662.2,24462,57976,7191,5976,11295
3529104,SP,202609,85,231,53682,631.55,631.55,420,1027,69,115,236
3529203,SP,202609,1564,4088,1058192,682.26,676.59,4061,9029,1623,645,1793
3529302,SP,202609,3034,7815,1938487,661.37,638.92,7382,17692,2924,1932,2526
3529401,SP,202609,19816,52014,13219187,674.52,667.1,42999,101999,18673,10101,14225
3529500,SP,202609,198,579,138889,705.02,701.46,799,2067,219,176,404
3529609,SP,202609,179,540,120786,682.41,674.78,867,2125,184,204,479
3529658,SP,202609,88,280,55748,640.78,633.5,349,906,69,97,183
3529708,SP,202609,1932,4359,1305362,675.65,675.65,4866,9180,2665,570,1631
3529807,SP,202609,670,1819,417201,629.26,622.69,2045,4875,550,491,1004
3529906,SP,202609,2384,6342,1638651,689.96,687.35,5212,12168,2335,991,1886
3530003,SP,202609,112,329,75031,669.92,669.92,679,1562,129,148,402
3530102,SP,202609,1090,2848,727894,670.87,667.79,3682,8304,1099,714,1869
3530201,SP,202609,989,2772,660652,676.2,668.0,4155,9596,982,790,2383
3530300,SP,202609,1704,4697,1152416,683.12,676.3,6392,14992,1531,1754,3107
3530409,SP,202609,315,836,217210,689.56,689.56,943,2088,373,184,386
3530508,SP,202609,2487,6778,1719711,693.71,691.48,7387,17699,2705,1590,3092
3530607,SP,202609,31964,83774,21816586,688.83,682.54,68726,155152,33374,11739,23613
3530706,SP,202609,5251,13961,3486572,670.49,663.98,15640,38442,4899,3679,7062
3530805,SP,202609,2412,6391,1557642,662.83,645.79,7963,18745,2389,1862,3712
3530904,SP,202609,266,760,184108,692.14,692.14,741,1923,239,169,333
3531001,SP,202609,71,205,48018,676.31,676.31,443,996,79,65,299
3531100,SP,202609,4854,13120,3351889,692.68,690.54,12662,27995,5981,2553,4128
3531209,SP,202609,227,640,156514,689.49,689.49,714,1648,260,156,298
3531308,SP,202609,1195,3156,805045,679.94,673.68,4650,10372,1383,829,2438
3531407,SP,202609,1179,2859,765994,650.25,649.7,4082,8956,1075,921,2086
3531506,SP,202609,712,1908,494613,702.58,694.68,2475,5421,939,393,1143
3531605,SP,202609,233,652,158004,681.05,678.13,819,1968,229,145,445
3531704,SP,202609,370,1006,255249,699.31,689.86,1068,2385,494,162,412
3531803,SP,202609,4800,12674,3229307,677.15,672.77,13437,31277,4653,2895,5889
3531902,SP,202609,1625,4079,1098229,679.18,675.83,4747,10693,1947,878,1922
3532009,SP,202609,659,1855,451073,688.66,684.48,1886,4801,689,437,760
3532058,SP,202609,201,531,131351,656.76,653.49,588,1469,196,116,276
3532108,SP,202609,298,763,199334,668.91,668.91,927,1959,315,133,479
3532157,SP,202609,151,385,97066,642.82,642.82,488,1122,152,96,240
3532207,SP,202609,338,938,239497,710.67,708.57,1005,2485,370,199,436
3532306,SP,202609,370,1162,264317,716.31,714.37,1173,2936,421,348,404
3532405,SP,202609,1344,3744,873920,653.64,650.24,3185,7803,1220,849,1116
3532504,SP,202609,459,1214,317900,692.59,692.59,1609,3286,641,239,729
3532603,SP,202609,386,1092,262960,681.24,681.24,1798,3731,422,291,1085
3532702,SP,202609,368,970,252111,690.72,685.08,1084,2522,406,196,482
3532801,SP,202609,295,838,192936,660.74,654.02,1037,2475,317,275,445
3532827,SP,202609,991,2705,661379,668.74,667.39,2273,5901,874,596,803
3532843,SP,202609,80,210,47729,604.16,596.61,434,1019,68,82,284
3532868,SP,202609,40,126,26329,658.23,658.22,186,483,32,51,103
3532900,SP,202609,308,808,194927,645.45,632.88,1511,3766,272,318,921
3533007,SP,202609,787,2179,497626,640.45,632.31,2836,7028,657,757,1422
3533106,SP,202609,186,458,121879,662.39,655.26,491,1085,180,69,242
3533205,SP,202609,291,803,203234,705.67,698.4,924,2246,267,179,478
3533254,SP,202609,294,838,201690,693.09,686.02,889,2292,276,174,439
3533304,SP,202609,177,434,115062,668.97,650.07,873,1824,234,137,502
3533403,SP,202609,1916,5193,1306773,685.61,682.03,5249,12658,1878,1049,2322
3533502,SP,202609,1167,3193,669643,589.47,573.82,5897,13248,836,1985,3076
3533601,SP,202609,330,931,229112,709.33,694.28,844,2121,376,167,301
3533700,SP,202609,379,1062,250586,679.09,661.18,827,2118,339,200,288
3533809,SP,202609,185,508,127444,696.42,688.89,527,1223,188,86,253
3533908,SP,202609,2610,6880,1778377,683.99,681.37,9879,21326,3100,1623,5156
3534005,SP,202609,211,588,145137,687.85,687.85,732,1868,234,169,329
3534104,SP,202609,298,730,204027,689.28,684.65,741,1661,318,111,312
3534203,SP,202609,172,459,118374,688.22,688.22,718,1753,248,160,310
3534302,SP,202609,1136,3085,759764,676.55,668.81,3017,7418,1080,719,1218
3534401,SP,202609,35612,99805,24240037,684.88,680.67,110474,261735,41395,21964,47115
3534500,SP,202609,96,258,59794,629.41,622.85,489,1179,91,125,273
3534609,SP,202609,740,2058,459621,629.62,621.11,3791,9537,582,1093,2116
3534708,SP,202609,5115,12986,3452141,683.59,674.91,13349,30628,4862,2611,5876
3534757,SP,202609,424,1064,274611,650.74,647.67,1400,3290,404,350,646
3534807,SP,202609,982,2337,664450,682.19,676.63,1976,4261,956,319,701
3534906,SP,202609,600,1457,393065,667.34,655.11,1420,3033,610,221,589
3535002,SP,202609,548,1509,363837,663.94,663.94,1691,3961,570,391,730
3535101,SP,202609,376,988,248734,665.06,661.53,1368,3432,381,285,702
3535200,SP,202609,256,741,157295,614.43,614.43,1210,2927,172,346,692
3535309,SP,202609,1542,3676,1023462,667.62,663.72,3231,7128,1525,515,1191
3535408,SP,202609,1443,3777,978141,687.38,677.85,3095,7174,1392,540,1163
3535507,SP,202609,3370,7955,2241777,672.2,665.22,7723,17395,3217,1311,3195
3535606,SP,202609,1031,2930,681396,664.13,660.91,2899,7133,953,847,1099
3535705,SP,202609,149,449,95730,664.79,642.48,831,2057,127,178,526
3535804,SP,202609,987,2828,597015,608.58,604.88,2614,6912,628,937,1049
3535903,SP,202609,306,881,214756,701.82,701.82,879,2065,383,174,322
3536000,SP,202609,566,1576,372662,664.28,658.41,2021,4845,488,527,1006
3536109,SP,202609,357,973,237849,666.24,666.24,1309,3197,329,328,652
3536208,SP,202609,1212,3287,821410,687.95,677.73,3791,8936,1161,969,1661
3536257,SP,202609,184,488,123252,669.85,669.85,810,1844,171,136,503
3536307,SP,202609,925,2586,649575,703.76,702.24,2387,5989,988,465,934
3536406,SP,202609,811,2099,554145,691.82,683.29,1897,4455,778,309,810
3536505,SP,202609,3807,10200,2553743,675.95,670.8,9482,23163,3938,2048,3496
3536570,SP,202609,136,393,97130,719.48,714.19,395,1007,137,96,162
3536604,SP,202609,545,1347,351363,656.75,644.7,1606,3251,627,285,694
3536703,SP,202609,2009,5312,1356354,678.52,675.14,6311,15140,1820,1494,2997
3536802,SP,202609,303,843,199620,678.98,658.81,1014,2440,427,208,379
3536901,SP,202609,76,232,49802,664.03,655.29,592,1489,77,111,404
3537008,SP,202609,1034,2692,693449,677.2,670.65,2953,6701,974,708,1271
3537107,SP,202609,1669,3988,1097899,662.58,657.82,4658,10202,1682,987,1989
3537156,SP,202609,116,324,77308,666.45,666.45,524,1264,106,88,330
3537206,SP,202609,1045,2813,706810,682.91,676.37,2338,5479,998,453,887
3537305,SP,202609,3509,9122,2392384,684.91,681.79,7979,18675,3365,1560,3054
3537404,SP,202609,1344,3360,910513,678.98,677.47,3501,7980,1346,693,1462
3537503,SP,202609,265,794,167923,638.49,633.67,1319,3522,187,417,715
3537602,SP,202609,6775,17583,4534433,679.11,669.29,19883,39964,8699,3994,7190
3537701,SP,202609,120,411,87790,737.73,731.58,857,2272,100,283,474
3537800,SP,202609,4869,12316,3256802,674.01,668.89,9281,22253,4596,1850,2835
3537909,SP,202609,836,2421,556408,668.76,665.56,3345,9013,777,1210,1358
3538006,SP,202609,9849,27259,6743532,690.23,684.69,24515,58716,10337,5190,8988
3538105,SP,202609,466,1251,310607,666.54,666.54,1708,4091,444,383,881
3538204,SP,202609,633,1759,429849,681.22,679.07,2539,5794,676,556,1307
3538303,SP,202609,277,752,191451,691.16,691.16,694,1627,263,137,294
3538501,SP,202609,685,1814,462448,678.08,675.11,2028,4707,832,439,757
3538600,SP,202609,1228,3427,786020,640.08,640.08,3694,9037,1003,1100,1591
3538709,SP,202609,12761,34426,8617210,682.71,675.28,36765,89677,12407,8909,15449
3538808,SP,202609,1664,4437,1115082,679.93,670.12,3656,9012,1594,865,1197
3538907,SP,202609,1649,3613,1075322,658.9,652.11,4312,8270,1727,569,2016
3539004,SP,202609,254,711,171967,682.41,677.04,939,2241,322,226,391
3539103,SP,202609,1572,4307,1091785,695.85,694.52,4094,9529,1874,720,1500
3539202,SP,202609,662,1831,433785,660.25,655.26,2381,5830,569,728,1084
3539301,SP,202609,2485,6651,1685451,687.1,678.25,7406,17888,2409,1817,3180
3539400,SP,202609,508,1403,324909,640.85,639.58,1931,4870,458,479,994
3539509,SP,202609,1510,4173,982291,651.39,650.52,4467,11244,1264,1286,1917
3539608,SP,202609,187,536,117752,646.99,629.69,926,2255,146,284,496
3539707,SP,202609,299,744,194969,654.26,652.07,779,1708,289,153,337
3539806,SP,202609,10310,25849,6953554,678.59,674.45,23959,52446,10955,3620,9384
3539905,SP,202609,369,965,241889,655.53,655.53,1157,2553,359,225,573
3540002,SP,202609,599,1613,391773,655.14,654.05,3093,7094,611,641,1841
3540101,SP,202609,240,625,159655,665.23,665.23,615,1413,219,104,292
3540200,SP,202609,1712,4231,1103434,658.77,644.53,5561,12709,1924,1399,2238
3540259,SP,202609,247,727,166593,679.97,674.47,925,2400,222,218,485
3540309,SP,202609,127,342,86137,678.24,678.24,755,1521,159,102,494
3540408,SP,202609,252,664,160974,638.79,638.79,852,1851,258,156,438
3540507,SP,202609,475,1401,329280,694.68,693.22,1611,4022,457,448,706
3540606,SP,202609,2739,6990,1860690,684.33,679.33,6866,16213,2658,1261,2947
3540705,SP,202609,1519,3810,1011587,668.16,665.96,4836,11340,1502,1285,2049
3540754,SP,202609,1610,4436,1101136,699.58,683.94,3761,9101,1587,843,1331
3540804,SP,202609,638,1799,397372,635.8,622.84,2537,6119,563,643,1331
3540853,SP,202609,199,420,128544,649.21,645.95,502,927,215,72,215
3540903,SP,202609,981,2588,653310,668.69,665.96,2283,5409,1004,438,841
3541000,SP,202609,15076,41575,10283707,690.65,682.12,42059,99922,17453,9272,15334
3541059,SP,202609,540,1482,378254,700.47,700.47,1281,3267,484,257,540
3541109,SP,202609,255,678,171521,672.63,672.63,743,1717,247,136,360
3541208,SP,202609,595,1557,388700,657.7,653.28,2072,4803,527,390,1155
3541307,SP,202609,2401,6439,1601629,672.95,667.07,8449,19329,2453,1686,4310
3541406,SP,202609,9345,24342,6256710,674.8,669.52,26714,61275,9397,5593,11724
3541505,SP,202609,1101,2878,690486,628.29,627.14,3594,8102,904,1018,1672
3541604,SP,202609,1854,4820,1246200,673.99,672.17,3908,9695,1646,888,1374
3541653,SP,202609,387,1092,265761,688.5,686.72,854,2188,350,177,327
3541703,SP,202609,926,2413,623157,673.68,672.96,2579,6199,858,522,1199
3541802,SP,202609,126,344,75631,609.93,600.25,781,1833,96,182,503
3541901,SP,202609,666,1753,456815,689.01,685.91,1957,4617,775,394,788
3542008,SP,202609,456,1174,302990,670.33,664.45,1219,2811,432,254,533
3542107,SP,202609,473,1252,314196,674.24,664.26,1270,2985,457,247,566
3542206,SP,202609,1346,3605,898679,667.67,667.67,4201,10022,1190,1056,1955
3542305,SP,202609,393,1062,257013,664.12,653.98,1024,2348,406,251,367
3542404,SP,202609,789,2080,520970,660.29,660.29,2387,6010,706,555,1126
3542503,SP,202609,289,767,193913,680.4,670.98,927,2084,277,195,455
3542602,SP,202609,4919,12757,3302951,678.64,671.47,12732,27720,5311,2587,4834
3542701,SP,202609,485,1407,345181,714.66,711.71,1438,3626,531,287,620
3542800,SP,202609,473,1157,312223,661.49,660.09,892,2046,453,136,303
3542909,SP,202609,562,1669,371555,674.33,661.13,1450,3886,501,385,564
3543006,SP,202609,2640,6992,1783377,675.78,675.52,4845,12183,2423,1211,1211
3543105,SP,202609,426,1218,293290,696.65,688.47,1098,2648,537,217,344
3543204,SP,202609,356,885,229622,650.49,645.01,1048,2320,342,198,508
3543238,SP,202609,180,409,117533,652.96,652.96,548,1157,168,91,289
3543253,SP,202609,319,973,196255,635.13,615.22,1608,4549,241,473,894
3543303,SP,202609,4726,11735,3076153,653.94,650.9,12421,27871,4545,2380,5496
3543402,SP,202609,21959,58382,14775092,690.23,672.85,67100,150236,24634,13342,29124
3543501,SP,202609,690,1801,448281,662.16,649.68,1593,3724,666,361,566
3543600,SP,202609,233,629,153655,668.07,659.46,834,1847,266,182,386
3543709,SP,202609,464,1323,320268,693.22,690.23,1168,2921,445,259,464
3543808,SP,202609,117,329,62909,551.83,537.68,521,1336,70,218,233
3543907,SP,202609,6621,16532,4330063,667.09,653.99,21407,45482,7022,4160,10225
3544004,SP,202609,487,1541,319508,669.83,656.07,2010,5725,388,682,940
3544103,SP,202609,3569,9011,2385706,670.14,668.45,9110,19930,3707,1711,3692
3544202,SP,202609,549,1452,343406,630.1,625.51,1657,4005,423,500,734
3544251,SP,202609,1603,3794,1060375,662.73,661.49,4117,8810,1584,646,1887
3544301,SP,202609,784,2125,538580,696.74,686.96,2343,5367,900,444,999
3544400,SP,202609,215,565,145404,679.46,676.3,696,1711,203,121,372
3544509,SP,202609,161,481,113073,702.32,702.32,871,2007,196,175,500
3544608,SP,202609,271,745,180563,676.27,666.28,888,2202,247,222,419
3544707,SP,202609,137,365,89827,655.67,655.67,505,1249,132,92,281
3544806,SP,202609,500,1247,323751,655.37,647.5,1730,3625,530,322,878
3544905,SP,202609,367,1049,246838,679.99,672.58,1001,2692,327,252,422
3545001,SP,202609,1223,3377,830929,683.33,679.42,3330,7813,1186,785,1359
3545100,SP,202609,272,749,179704,673.05,660.68,881,2226,247,189,445
3545159,SP,202609,106,310,68466,658.33,645.91,587,1579,89,174,324
3545209,SP,202609,4399,11644,2892240,675.91,657.48,11868,28489,3972,2533,5363
3545308,SP,202609,3120,8033,2047121,667.47,656.13,8011,18604,3076,1517,3418
3545407,SP,202609,413,1142,256767,630.88,621.71,1527,3610,339,454,734
3545506,SP,202609,363,969,240962,663.81,663.81,1278,2767,413,242,623
3545605,SP,202609,659,1770,455672,699.96,691.46,2939,6585,778,410,1751
3545704,SP,202609,82,231,51060,630.37,622.68,712,1578,65,186,461
3545803,SP,202609,3998,10975,2701037,684.5,675.6,11167,27714,3548,2566,5053
3546009,SP,202609,893,2526,591150,665.71,661.98,2721,6685,820,659,1242
3546108,SP,202609,127,379,90812,726.5,715.06,638,1535,150,110,378
3546207,SP,202609,195,585,133492,688.1,684.57,629,1636,195,118,316
3546256,SP,202609,79,210,48640,623.59,615.7,398,1007,76,82,240
3546306,SP,202609,1337,3497,904508,684.71,676.52,3932,9594,1561,915,1456
3546405,SP,202609,1844,4956,1202500,669.54,652.11,4793,11638,1625,1278,1890
3546504,SP,202609,340,885,234545,698.05,689.84,991,2230,428,142,421
3546603,SP,202609,810,2264,522506,653.95,645.07,3111,7393,687,943,1481
3546702,SP,202609,382,1021,247795,653.81,648.68,1528,3929,357,444,727
3546801,SP,202609,3817,9902,2541394,675.36,665.81,8375,19078,3670,1572,3133
3546900,SP,202609,228,653,164564,724.95,721.77,676,1865,257,155,264
3547007,SP,202609,369,1014,256483,695.08,695.08,1139,2634,391,237,511
3547106,SP,202609,202,516,136538,675.93,675.93,694,1652,196,136,362
3547205,SP,202609,70,197,47675,690.94,681.07,390,862,65,67,258
3547304,SP,202609,5443,15846,3656542,675.26,671.79,17508,44080,5918,4053,7537
3547403,SP,202609,43,134,28560,664.19,664.19,311,729,43,56,212
3547502,SP,202609,900,2326,602978,679.03,669.98,2927,6989,893,644,1390
3547601,SP,202609,892,2350,576386,657.22,646.17,3171,7317,890,745,1536
3547650,SP,202609,53,160,39352,742.49,742.49,344,859,59,48,237
3547700,SP,202609,1183,2972,774373,655.69,654.58,3042,6825,1089,655,1298
3547809,SP,202609,35666,87985,23668721,671.02,663.62,88858,192532,39166,13445,36247
3547908,SP,202609,478,1407,325095,681.54,680.12,1246,3131,523,257,466
3548005,SP,202609,1216,3253,818879,677.88,673.42,3474,8272,1102,834,1538
3548054,SP,202609,578,1484,383479,663.46,663.46,1781,4120,564,325,892
3548104,SP,202609,214,687,159134,747.11,743.62,587,1616,218,151,218
3548203,SP,202609,313,902,202127,645.77,645.77,1233,3202,287,430,516
3548302,SP,202609,190,468,125585,660.97,660.97,679,1465,176,116,387
3548401,SP,202609,283,729,184280,655.8,651.17,785,1905,248,174,363
3548500,SP,202609,13301,31762,8864708,670.05,666.47,35363,75182,15480,6135,13748
3548609,SP,202609,545,1493,361024,663.65,662.43,2159,4987,575,534,1050
3548708,SP,202609,35570,89419,23036955,659.05,647.65,95817,211276,35048,18026,42743
3548807,SP,202609,2247,5752,1391461,623.69,619.25,9115,21513,2037,1961,5117
3548906,SP,202609,9512,24986,6413658,686.47,674.27,29668,65213,11468,5730,12470
3549003,SP,202609,107,311,62894,587.79,587.79,467,1146,66,151,250
3549102,SP,202609,2185,5917,1457157,675.55,666.89,7891,18822,2028,1866,3997
3549201,SP,202609,75,223,51108,681.44,681.44,564,1422,71,101,392
3549250,SP,202609,50,151,29960,599.2,599.2,288,762,40,80,168
3549300,SP,202609,121,290,76820,634.88,634.88,480,1063,107,70,303
3549409,SP,202609,1569,4397,1090947,697.54,695.31,4622,11814,1747,1064,1811
3549508,SP,202609,717,1823,484275,691.82,675.42,1820,3940,837,317,666
3549607,SP,202609,336,926,227128,675.98,675.98,979,2331,291,261,427
3549706,SP,202609,2442,6657,1679621,691.77,687.81,6044,14101,2509,1196,2339
3549805,SP,202609,16798,43106,11431189,685.94,680.51,52437,113533,19080,9234,24123
3549904,SP,202609,35234,88704,23427415,670.66,664.91,105345,235616,38319,19479,47547
3549953,SP,202609,1421,3360,949635,672.55,668.29,4086,7859,1882,539,1665
3550001,SP,202609,622,1736,411623,663.91,661.77,1891,4390,646,479,766
3550100,SP,202609,1881,4755,1267991,677.71,674.1,6151,14103,1756,1128,3267
3550209,SP,202609,1381,4068,913820,666.54,661.71,4031,10770,1155,1401,1475
3550308,SP,202609,664474,1652769,434317761,664.09,653.63,1819188,3947623,688045,386670,744473
3550407,SP,202609,1816,4917,1221154,683.35,672.44,5061,10831,1985,915,2161
3550506,SP,202609,331,946,196226,607.51,592.83,1308,3195,231,504,573
3550605,SP,202609,3232,8839,2139471,667.96,661.97,9444,23107,2820,2318,4306
3550704,SP,202609,5529,14089,3717186,677.08,672.31,16201,35655,7222,3258,5721
3550803,SP,202609,219,706,138641,641.86,633.06,1233,3158,158,427,648
3550902,SP,202609,650,1759,433767,676.7,667.33,1899,4496,733,366,800
3551009,SP,202609,21213,57050,14697889,702.54,692.87,52706,117895,26473,8704,17529
3551108,SP,202609,285,890,185979,671.4,652.56,1672,4166,232,529,911
3551207,SP,202609,282,743,181506,662.43,643.64,947,2203,276,206,465
3551306,SP,202609,246,639,168971,686.87,686.87,994,2180,257,123,614
3551405,SP,202609,1050,2489,697463,664.88,664.25,2362,4841,1136,380,846
3551504,SP,202609,2568,6761,1756514,691.0,684.0,7109,16170,3028,1355,2726
3551603,SP,202609,833,2337,548381,678.69,658.32,3705,8501,918,948,1839
3551702,SP,202609,5798,15242,3930176,689.38,677.85,17204,38180,6998,3222,6984
3551801,SP,202609,1657,4436,1129386,681.58,681.58,3613,8362,1505,782,1326
3551900,SP,202609,863,2510,616827,718.08,714.75,2740,6523,1010,505,1225
3552007,SP,202609,510,1487,353776,708.97,693.68,1458,3567,668,300,490
3552106,SP,202609,1353,3759,917943,689.66,678.45,4348,10008,1686,813,1849
3552205,SP,202609,32231,84154,21751467,683.51,674.86,85139,194323,33919,16263,34957
3552304,SP,202609,351,941,235871,673.92,672.0,1647,3814,349,240,1058
3552403,SP,202609,13590,35496,9105149,674.16,669.99,32725,76593,12769,6225,13731
3552502,SP,202609,25817,66381,17421372,679.17,674.8,57974,135634,24618,11344,22012
3552551,SP,202609,218,548,144966,664.98,664.98,1026,2219,229,137,660
3552601,SP,202609,591,1577,395676,671.78,669.5,1768,4120,594,310,864
3552700,SP,202609,571,1639,386785,705.81,677.38,1852,4714,573,437,842
3552809,SP,202609,12878,33132,8482066,666.04,658.65,44886,99624,15906,8706,20274
3552908,SP,202609,461,1219,303103,658.92,657.49,1540,3617,424,282,834
3553005,SP,202609,678,1916,408534,619.93,602.56,1749,4521,489,713,547
3553104,SP,202609,375,1028,262249,714.57,699.33,933,2310,403,161,369
3553203,SP,202609,197,542,125285,642.49,635.96,699,1679,187,190,322
3553302,SP,202609,1446,3761,1002287,697.97,693.14,3788,8596,1652,678,1458
3553401,SP,202609,1371,3752,922245,674.65,672.68,4594,10607,1265,1199,2130
3553500,SP,202609,735,2090,497097,680.02,676.32,1785,4476,656,458,671
3553609,SP,202609,573,1553,393964,687.55,687.55,1678,4075,586,339,753
3553658,SP,202609,77,198,48202,626.0,626.0,454,969,82,69,303
3553708,SP,202609,2880,7728,1955136,680.28,678.87,7677,17549,2827,1686,3164
3553807,SP,202609,1156,2964,745974,647.55,645.31,3542,8898,974,1056,1512
3553856,SP,202609,782,2059,522744,672.77,668.47,1700,4214,717,426,557
3553906,SP,202609,361,912,241122,671.65,667.93,870,2052,331,215,324
3553955,SP,202609,656,1920,436503,666.42,665.4,2002,5342,559,465,978
3554003,SP,202609,6157,16148,4082378,673.22,663.05,15078,37370,5596,3537,5945
3554102,SP,202609,10879,30451,7463888,692.32,686.08,31942,78164,11681,7438,12823
3554201,SP,202609,280,918,184226,682.32,657.95,715,2024,221,241,253
3554300,SP,202609,1805,4757,1224474,685.6,678.38,4766,10845,1805,911,2050
3554409,SP,202609,219,608,144132,670.38,658.14,872,2048,223,186,463
3554508,SP,202609,1292,3363,854662,663.56,661.5,4859,11559,1210,1039,2610
3554607,SP,202609,245,649,158036,669.64,645.04,682,1501,233,126,323
3554656,SP,202609,213,592,139780,665.62,656.24,554,1364,193,144,217
3554706,SP,202609,345,969,223771,656.22,648.61,1530,3473,294,329,907
3554755,SP,202609,150,393,101305,684.49,675.37,412,991,164,64,184
3554805,SP,202609,2245,6295,1530200,690.52,681.6,5566,13790,2236,1222,2108
3554904,SP,202609,256,807,182343,723.58,712.28,1094,2740,278,228,588
3554953,SP,202609,355,1010,244065,687.51,687.51,1272,3010,399,268,605
3555000,SP,202609,2835,7295,1860746,669.09,656.35,10026,22711,2779,1886,5361
3555109,SP,202609,566,1514,379003,669.62,669.62,2082,4592,590,373,1119
3555208,SP,202609,92,264,62978,684.54,684.54,461,994,79,101,281
3555307,SP,202609,73,206,49911,683.71,683.71,415,870,108,55,252
3555356,SP,202609,240,664,153047,645.77,637.7,802,1976,206,242,354
3555406,SP,202609,7669,19793,5157164,676.79,672.47,19247,42310,9254,3437,6556
3555505,SP,202609,459,1326,314597,699.1,685.4,991,2682,433,203,355
3555604,SP,202609,201,590,118515,589.63,589.63,1530,3642,123,530,877
3555703,SP,202609,104,318,78013,750.13,750.12,424,1017,118,90,216
3555802,SP,202609,171,522,105862,619.08,619.08,1455,3302,114,363,978
3555901,SP,202609,57,164,39085,685.7,685.7,192,464,66,40,86
3556008,SP,202609,375,1033,247491,679.92,659.98,1501,3485,414,474,613
3556107,SP,202609,590,1588,368974,636.16,625.38,2361,5630,510,544,1307
3556206,SP,202609,2918,7324,1925269,662.74,659.79,7575,17028,2828,1492,3255
3556305,SP,202609,1584,4018,1087025,692.37,686.25,3583,8307,1544,635,1404
3556354,SP,202609,410,1214,280418,685.62,683.95,1443,3689,383,361,699
3556404,SP,202609,1409,4340,1018809,727.72,723.07,5076,12828,1592,1251,2233
3556453,SP,202609,1321,3813,883252,676.82,668.62,5039,12070,1437,1242,2360
3556503,SP,202609,5016,12897,3359930,674.01,669.84,12059,28580,4616,2469,4974
3556602,SP,202609,394,1062,274132,701.1,695.77,1577,3892,383,324,870
3556701,SP,202609,2091,5208,1346025,644.03,643.72,6806,16010,1869,1508,3429
3556800,SP,202609,418,1311,293136,702.96,701.28,2462,6058,369,603,1490
3556909,SP,202609,247,754,181419,746.58,734.49,1006,2652,338,237,431
3556958,SP,202609,48,136,30231,629.81,629.81,355,865,50,94,211
3557006,SP,202609,5836,15579,3831177,673.32,656.47,13635,33752,5302,3252,5081
3557105,SP,202609,3669,9368,2465748,682.47,672.05,12785,29105,4069,2369,6347
3557154,SP,202609,133,389,95240,716.09,716.09,611,1560,143,121,347
3557204,SP,202609,690,1885,452718,680.78,656.11,1836,4550,641,423,772
3557303,SP,202609,498,1393,343158,706.09,689.07,1447,3504,564,296,587
4100103,PR,202609,420,1168,274459,655.03,653.47,1475,3736,360,422,693
4100202,PR,202609,500,1377,332428,666.19,664.86,1589,3886,448,403,738
4100301,PR,202609,976,2783,675485,694.94,692.1,2347,5737,883,614,850
4100400,PR,202609,6668,18921,4576728,695.66,686.37,21648,53821,6315,5662,9671
4100459,PR,202609,262,702,168606,643.53,643.53,933,2273,229,235,469
4100509,PR,202609,631,1783,421767,669.47,668.41,2699,6466,545,703,1451
4100608,PR,202609,971,2735,660997,684.97,680.74,2643,6581,849,644,1150
4100707,PR,202609,689,1853,477035,695.39,692.36,2345,5498,654,489,1202
4100806,PR,202609,720,1919,491251,683.24,682.29,2085,4675,783,384,918
4100905,PR,202609,444,1243,310090,698.4,698.4,1349,3015,408,358,583
4101002,PR,202609,184,552,111911,611.54,608.21,2688,6473,123,1006,1559
4101051,PR,202609,189,484,126867,671.25,671.25,792,1794,193,145,454
4101101,PR,202609,1632,4097,1100439,674.7,674.29,4123,9100,1594,756,1773
4101150,PR,202609,153,411,103142,674.13,674.13,603,1417,164,170,269
4101200,PR,202609,2193,5521,1465337,672.17,668.19,4889,10654,2301,854,1734
4101309,PR,202609,933,2309,615538,661.16,659.74,1829,4038,902,360,567
4101408,PR,202609,5972,15753,3976183,671.65,665.8,22143,49904,5437,5113,11593
4101507,PR,202609,4368,11413,2865676,663.81,656.06,17920,40136,3757,4064,10099
4101606,PR,202609,1175,3382,807232,687.01,687.01,3672,9638,996,1106,1570
4101655,PR,202609,267,722,170942,640.23,640.23,761,1861,223,198,340
4101705,PR,202609,692,1890,481629,704.14,696.0,3762,8857,851,861,2050
4101804,PR,202609,7745,20756,5068345,661.32,654.4,23934,60172,6913,5806,11215
4101853,PR,202609,137,395,89770,655.26,655.26,547,1380,126,148,273
4101903,PR,202609,652,1702,434623,671.75,666.6,2775,6461,631,815,1329
4102000,PR,202609,1447,3975,964859,670.04,666.8,7359,16076,1389,1653,4317
4102109,PR,202609,892,2428,579501,655.54,649.66,3751,8861,766,1048,1937
4102208,PR,202609,197,533,135183,689.71,686.21,1030,2379,212,165,653
4102307,PR,202609,823,2187,564011,689.5,685.31,2796,6624,863,546,1387
4102406,PR,202609,1280,3869,846606,679.46,661.41,5656,14270,1125,1600,2931
4102505,PR,202609,786,2065,518457,665.54,659.61,2648,5987,808,624,1216
4102604,PR,202609,636,1790,423407,672.07,665.73,2208,5325,630,466,1112
4102703,PR,202609,206,548,131258,643.42,637.17,659,1546,187,121,351
4102752,PR,202609,217,643,147564,680.02,680.02,748,1853,196,168,384
4102802,PR,202609,828,2283,536987,653.27,648.54,2803,6899,709,689,1405
4102901,PR,202609,1451,4095,973060,675.74,670.61,4207,10374,1285,1010,1912
4103008,PR,202609,296,767,193900,657.29,655.07,896,2030,273,207,416
4103024,PR,202609,66,218,44724,688.06,677.64,385,1043,74,89,222
4103040,PR,202609,712,1880,492985,694.35,692.39,1819,4233,722,421,676
4103057,PR,202609,896,2471,613426,686.16,684.63,2220,5256,812,403,1005
4103107,PR,202609,1570,4302,1097055,699.65,698.76,3760,8926,1532,805,1423
4103156,PR,202609,207,606,137383,663.69,663.69,918,2204,206,210,502
4103206,PR,202609,197,570,132141,670.77,670.77,1111,2940,167,341,603
4103222,PR,202609,110,304,74168,674.25,674.25,638,1581,97,122,419
4103305,PR,202609,436,1092,281985,651.24,646.75,1631,3708,415,358,858
4103354,PR,202609,244,706,159266,652.73,652.73,1040,2613,209,320,511
4103370,PR,202609,217,567,137655,637.29,634.35,931,2221,197,244,490
4103404,PR,202609,122,324,73533,607.71,602.73,487,1279,96,137,254
4103453,PR,202609,979,2777,629654,648.46,643.16,3893,9593,747,898,2248
4103479,PR,202609,180,539,110910,619.61,616.17,977,2354,140,297,540
4103503,PR,202609,640,1646,414089,660.43,647.01,1885,4284,589,405,891
4103602,PR,202609,1416,3891,941443,672.46,664.86,4773,11228,1371,1148,2254
4103701,PR,202609,5239,13316,3498564,670.87,667.79,18194,43437,4912,3519,9763
4103800,PR,202609,420,1127,268405,640.58,639.06,2072,4861,374,592,1106
4103909,PR,202609,1076,3023,742875,699.51,690.4,3665,8338,1126,766,1773
4103958,PR,202609,369,1158,254346,693.04,689.28,1096,2948,315,333,448
4104006,PR,202609,3531,9447,2387737,682.8,676.22,9411,22403,3505,1900,4006
4104055,PR,202609,252,691,178337,713.35,707.69,951,2134,273,198,480
4104105,PR,202609,1062,2895,732114,704.63,689.37,2223,5256,1111,403,709
4104204,PR,202609,5996,16181,4020181,674.19,670.48,18639,44244,5907,4261,8471
4104253,PR,202609,1603,4556,1121723,710.4,699.76,5625,13522,1920,1205,2500
4104303,PR,202609,5045,13402,3395846,676.19,673.11,18089,39923,5074,3889,9126
4104402,PR,202609,1685,4366,1146858,681.03,680.63,3351,7993,1658,618,1075
4104428,PR,202609,854,2518,557577,656.75,652.9,3448,8878,697,1216,1535
4104451,PR,202609,424,1484,273984,658.62,646.19,2808,7354,288,995,1525
4104501,PR,202609,609,1806,436128,722.07,716.14,2902,6185,770,572,1560
4104600,PR,202609,1262,3164,873538,696.05,692.19,3849,8232,1305,597,1947
4104659,PR,202609,1140,3257,790450,707.02,693.38,3846,9981,1017,947,1882
4104709,PR,202609,939,3166,676663,720.62,720.62,3356,8501,751,1146,1459
4104808,PR,202609,11460,31904,7633363,673.08,666.09,53304,120881,10110,12488,30706
4104907,PR,202609,5444,14410,3657179,674.63,671.78,14166,34869,4854,2967,6345
4105003,PR,202609,348,1085,233235,674.09,670.22,2110,5394,309,550,1251
4105102,PR,202609,650,1702,425878,659.25,655.2,2308,5202,607,550,1151
4105201,PR,202609,2211,6287,1489977,684.73,673.89,4077,10616,2071,952,1054
4105300,PR,202609,143,432,96506,679.62,674.87,1782,4190,139,316,1327
4105409,PR,202609,1227,3291,837594,686.55,682.64,3296,7821,1119,639,1538
4105508,PR,202609,2258,6278,1439144,643.62,637.35,10044,24760,1861,2589,5594
4105607,PR,202609,355,988,229631,656.09,646.85,1528,3814,278,489,761
4105706,PR,202609,667,2158,456417,686.34,684.28,3416,8197,502,1131,1783
4105805,PR,202609,12865,34207,8700501,680.84,676.29,37617,89693,12113,9277,16227
4105904,PR,202609,391,1093,243800,634.9,623.53,2213,5546,312,683,1218
4106001,PR,202609,940,2426,632683,673.07,673.07,2534,5510,951,529,1054
4106100,PR,202609,222,615,146845,664.46,661.46,799,1935,218,207,374
4106209,PR,202609,1301,3634,886563,684.08,681.45,3755,9274,1253,929,1573
4106308,PR,202609,344,1003,204294,599.1,593.88,3044,7330,233,908,1903
4106407,PR,202609,1457,3969,981722,678.92,673.8,5928,13447,1566,1483,2879
4106456,PR,202609,696,2038,482067,693.62,692.62,1756,4107,602,416,738
4106506,PR,202609,910,2553,605812,668.67,665.73,3574,8556,864,791,1919
4106555,PR,202609,234,613,149322,640.87,638.13,1029,2320,216,229,584
4106571,PR,202609,218,584,150246,689.2,689.2,772,1917,220,158,394
4106605,PR,202609,801,2166,519688,654.52,648.8,4328,10117,756,949,2623
4106704,PR,202609,214,633,150562,703.56,703.56,1043,2652,192,197,654
4106803,PR,202609,1181,3329,796354,674.3,674.3,3229,8399,1070,824,1335
4106852,PR,202609,211,587,138909,658.34,658.34,665,1629,185,158,322
4106902,PR,202609,58040,147565,37211649,647.79,641.14,198583,448368,53939,45838,98806
4107009,PR,202609,1291,3285,882944,688.19,683.92,3252,7283,1369,596,1287
4107108,PR,202609,305,829,197433,655.92,647.32,1052,2512,277,189,586
4107124,PR,202609,395,1096,263979,675.14,668.3,1174,2878,382,183,609
4107157,PR,202609,349,1035,233756,673.65,669.79,1138,2869,308,248,582
4107207,PR,202609,888,2626,540746,615.88,608.95,5066,12063,607,1676,2783
4107256,PR,202609,312,892,205372,660.36,658.24,1370,3229,252,333,785
4107306,PR,202609,237,620,159819,674.34,674.34,1275,2903,239,280,756
4107405,PR,202609,371,1044,251730,682.2,678.52,984,2420,357,211,416
4107504,PR,202609,695,1797,455828,658.71,655.87,2452,5340,673,635,1144
4107520,PR,202609,91,248,63515,697.97,697.97,486,1136,90,68,328
4107538,PR,202609,89,288,60603,688.67,680.93,491,1259,81,132,278
4107546,PR,202609,676,1691,467682,694.92,691.84,1613,3331,710,249,654
4107553,PR,202609,202,547,138204,687.58,684.18,611,1468,200,119,292
4107603,PR,202609,1455,4253,1018622,702.98,700.08,4176,10246,1335,1054,1787
4107652,PR,202609,8819,24562,6094854,697.75,691.1,30051,72020,10669,6833,12549
4107702,PR,202609,357,921,235473,670.86,659.59,1240,2783,386,227,627
4107736,PR,202609,732,1941,494902,682.62,676.1,1567,3767,714,265,588
4107751,PR,202609,1004,2212,668425,668.43,665.76,2228,4155,1232,287,709
4107801,PR,202609,158,430,109236,700.23,691.37,629,1468,179,150,300
4107850,PR,202609,240,698,164428,687.98,685.12,1100,2569,246,229,625
4107900,PR,202609,424,1309,313886,749.13,740.3,2200,5939,716,673,811
4108007,PR,202609,1574,3348,1037513,665.07,659.16,3812,7386,1653,472,1687
4108106,PR,202609,150,415,96370,642.47,642.47,533,1309,136,120,277
4108205,PR,202609,205,567,131982,650.16,643.81,1390,3546,181,289,920
4108304,PR,202609,19925,52281,13407305,677.41,672.89,59125,131856,20152,11921,27052
4108320,PR,202609,501,1392,346531,691.68,691.68,1467,3574,445,309,713
4108403,PR,202609,1863,5342,1226783,663.13,658.5,11763,28245,1625,2771,7367
4108452,PR,202609,569,1439,389240,688.92,684.08,1482,3140,593,305,584
4108502,PR,202609,1081,3068,724518,676.49,670.23,2673,6705,874,774,1025
4108551,PR,202609,241,601,152373,632.25,632.25,898,2094,220,191,487
4108601,PR,202609,2236,5496,1482820,670.96,663.16,6189,13264,2376,1048,2765
4108650,PR,202609,709,2147,473250,668.43,667.49,1702,4449,593,525,584
4108700,PR,202609,522,1509,351775,673.9,673.9,1378,3524,469,327,582
4108809,PR,202609,1039,3132,704597,682.09,678.15,6736,16034,908,2131,3697
4108908,PR,202609,489,1373,343968,704.85,703.41,1395,3557,448,364,583
4108957,PR,202609,465,1505,326371,703.39,701.87,1281,3691,413,411,457
4109005,PR,202609,247,729,165304,674.71,669.25,1243,3086,213,318,712
4109104,PR,202609,109,302,72710,667.06,667.06,468,1055,118,94,256
4109203,PR,202609,362,922,249308,692.52,688.7,1162,2582,400,182,580
4109302,PR,202609,323,1042,208984,655.12,647.01,2283,5639,255,788,1240
4109401,PR,202609,12401,34373,8521898,694.36,687.19,34521,83231,11520,7640,15361
4109500,PR,202609,1329,3675,887114,673.59,667.5,2493,6141,1293,507,693
4109609,PR,202609,4407,11384,2913166,668.92,661.03,12504,27849,4202,2962,5340
4109658,PR,202609,334,967,221913,668.41,664.41,1345,3278,309,292,744
4109708,PR,202609,1201,3557,827210,694.55,688.77,5976,14440,1088,1587,3301
4109757,PR,202609,401,1117,242020,609.62,603.54,1849,4379,267,564,1018
4109807,PR,202609,3300,8221,2188830,665.7,663.28,10375,23252,3057,2033,5285
4109906,PR,202609,681,1944,480625,720.58,705.76,2149,4724,757,327,1065
4110003,PR,202609,224,622,149232,672.22,666.21,859,2114,212,219,428
4110052,PR,202609,138,366,92931,673.41,673.41,725,1552,162,131,432
4110078,PR,202609,925,2478,606696,664.51,655.89,2804,6898,826,765,1213
4110102,PR,202609,1820,5201,1240938,686.36,681.83,6611,16952,1539,1684,3388
4110201,PR,202609,1212,3421,878548,726.67,724.87,2906,7022,1344,609,953
4110300,PR,202609,205,566,138819,677.17,677.17,894,2075,235,186,473
4110409,PR,202609,205,543,135738,671.97,662.14,1068,2573,192,227,649
4110508,PR,202609,654,1920,428030,655.48,654.48,2606,7204,554,947,1105
4110607,PR,202609,615,1658,397736,650.96,646.73,3151,7313,592,787,1772
4110656,PR,202609,119,282,72787,616.84,611.66,565,1290,96,128,341
4110706,PR,202609,3885,9981,2648231,686.43,681.66,10480,23330,3986,2020,4474
4110805,PR,202609,735,2006,476664,655.66,648.52,2727,6586,673,630,1424
4110904,PR,202609,183,552,133975,732.1,732.1,938,2435,202,233,503
4110953,PR,202609,375,1194,257804,691.16,687.48,3006,7401,321,724,1961
4111001,PR,202609,414,1128,271367,661.87,655.48,1455,3428,365,369,721
4111100,PR,202609,64,202,45536,711.5,711.5,994,2316,115,207,672
4111209,PR,202609,365,1171,231714,641.87,634.83,2162,5681,287,528,1347
4111258,PR,202609,3111,8656,2203307,713.74,708.23,7268,18117,3406,1485,2377
4111308,PR,202609,236,644,154103,652.98,652.98,919,2198,219,188,512
4111407,PR,202609,990,2948,679637,692.09,686.5,2743,7503,885,856,1002
4111506,PR,202609,848,2174,540110,639.18,636.92,6034,13455,717,1790,3527
4111555,PR,202609,414,1075,280689,679.63,677.99,1383,3212,399,233,751
4111605,PR,202609,66,205,38708,586.48,586.48,639,1249,51,158,430
4111704,PR,202609,464,1327,319589,691.75,688.77,1181,2942,439,251,491
4111803,PR,202609,2760,7388,1878039,686.92,680.45,6763,15765,2697,1384,2682
4111902,PR,202609,799,2246,541161,680.71,677.3,2815,6784,769,662,1384
4112009,PR,202609,2137,5792,1437176,679.19,672.52,6385,15368,1951,1667,2767
4112108,PR,202609,1124,2816,748963,671.11,666.34,4070,9118,1098,770,2202
4112207,PR,202609,325,897,204930,634.46,630.55,1269,2866,306,275,688
4112306,PR,202609,224,625,147959,660.53,660.53,1030,2527,202,342,486
4112405,PR,202609,440,1177,294543,674.01,669.42,1630,3878,428,379,823
4112504,PR,202609,731,2077,477534,655.05,653.26,2722,6651,627,727,1368
4112603,PR,202609,93,268,58225,632.88,626.08,419,1028,70,105,244
4112702,PR,202609,1074,2766,712986,670.1,663.86,2807,6533,978,587,1242
4112751,PR,202609,588,1477,384453,653.83,653.83,2130,4536,613,376,1141
4112801,PR,202609,564,1562,382204,680.08,677.67,2001,4948,540,461,1000
4112900,PR,202609,285,818,189335,666.67,664.33,1010,2461,273,201,536
4112959,PR,202609,457,1262,305522,668.54,668.54,1618,3870,435,393,790
4113007,PR,202609,256,667,173729,681.29,678.63,1231,2872,332,262,637
4113106,PR,202609,400,1021,266721,670.15,666.8,1241,2706,392,226,623
4113205,PR,202609,2482,6370,1636556,667.98,659.37,7644,17346,2437,1636,3571
4113254,PR,202609,916,2558,636160,696.02,694.5,2021,4754,901,418,702
4113304,PR,202609,1273,3632,858384,683.97,674.3,4193,10100,1130,1309,1754
4113403,PR,202609,250,674,167898,671.59,671.59,977,2367,235,205,537
4113429,PR,202609,291,827,192083,662.36,660.08,1337,3052,251,246,840
4113452,PR,202609,603,1678,414848,694.89,687.97,1680,3884,639,257,784
4113502,PR,202609,631,1959,416952,663.94,660.78,3704,9473,479,1051,2174
4113601,PR,202609,234,617,155659,673.85,665.21,777,1879,223,178,376
4113700,PR,202609,27327,70119,18266114,670.66,668.43,77143,173832,26587,15149,35407
4113734,PR,202609,810,1991,555659,691.12,686.0,1860,4022,892,432,536
4113759,PR,202609,269,711,172871,642.64,642.64,1224,2914,245,280,699
4113809,PR,202609,383,980,270015,716.22,705.0,1429,3125,451,212,766
4113908,PR,202609,709,1748,474184,669.75,668.81,1770,4202,699,332,739
4114005,PR,202609,922,2362,621256,675.28,673.81,2904,6514,873,644,1387
4114104,PR,202609,1097,3323,772196,711.05,703.92,4409,11259,1034,1157,2218
4114203,PR,202609,604,1575,391362,649.02,647.95,5077,11961,520,1168,3389
4114302,PR,202609,1882,5021,1296320,690.27,688.8,5673,12835,2027,1193,2453
4114351,PR,202609,87,241,53620,616.32,616.32,548,1390,73,137,338
4114401,PR,202609,1040,2810,661266,637.06,635.83,3938,9078,883,1123,1932
4114500,PR,202609,1234,3333,833562,677.69,675.5,3070,7499,1159,672,1239
4114609,PR,202609,1012,3049,667209,664.55,659.3,5915,14403,869,1474,3572
4114708,PR,202609,499,1287,331637,669.97,664.6,1385,2890,541,235,609
4114807,PR,202609,1638,4632,1097124,669.79,669.79,7464,18045,1415,1864,4185
4114906,PR,202609,760,1968,496410,658.37,653.17,2057,4840,705,501,851
4115002,PR,202609,414,1098,276329,680.61,667.46,1636,3971,418,409,809
4115101,PR,202609,785,2225,574606,732.92,731.98,2827,6453,803,749,1275
4115200,PR,202609,12153,31819,8197440,677.64,674.52,51778,117979,12751,8291,30736
4115309,PR,202609,223,648,158627,714.54,711.33,1119,2685,213,295,611
4115358,PR,202609,60,201,30518,535.4,508.63,657,1851,26,214,417
4115408,PR,202609,1052,2820,718986,690.01,683.45,3274,7425,1060,593,1621
4115457,PR,202609,529,1485,358136,679.57,677.01,1121,2814,517,234,370
4115507,PR,202609,321,800,224767,700.21,700.21,978,2171,352,197,429
4115606,PR,202609,219,787,151092,712.7,689.92,2051,5511,162,600,1289
4115705,PR,202609,3024,8007,1963266,664.16,649.23,10574,22672,2969,2652,4953
4115739,PR,202609,392,1075,257860,659.49,657.81,984,2373,368,204,412
4115754,PR,202609,925,2459,620160,679.26,670.44,2695,6302,879,660,1156
4115804,PR,202609,1186,3381,826954,699.03,697.26,5965,14353,1070,1516,3379
4115853,PR,202609,68,228,46893,689.6,689.6,737,1987,64,148,525
4115903,PR,202609,172,450,115715,672.76,672.76,569,1398,152,121,296
4116000,PR,202609,85,235,55711,655.42,655.42,388,943,72,72,244
4116059,PR,202609,590,1618,401519,685.19,680.54,2032,4504,557,399,1076
4116109,PR,202609,1138,2644,762044,677.98,669.63,3588,7213,1460,417,1711
4116208,PR,202609,1512,4038,1026007,685.38,678.58,3738,8453,1416,928,1394
4116307,PR,202609,277,755,189707,687.34,684.86,1101,2542,329,195,577
4116406,PR,202609,71,197,39479,556.04,556.04,553,1429,45,145,363
4116505,PR,202609,45,132,30849,685.53,685.53,214,594,39,51,124
4116604,PR,202609,332,863,217058,653.79,653.79,985,2319,332,206,447
4116703,PR,202609,525,1424,349515,672.14,665.74,1922,4429,478,363,1081
4116802,PR,202609,576,1558,386067,671.42,670.26,1795,4187,564,368,863
4116901,PR,202609,1484,3863,985527,669.52,664.1,5012,11387,1488,1189,2335
4116950,PR,202609,207,636,142298,687.43,687.43,864,2227,173,201,490
4117008,PR,202609,462,1246,295393,647.79,639.38,1988,4667,405,504,1079
4117057,PR,202609,1890,4641,1272814,674.87,673.45,3721,8203,1850,708,1163
4117107,PR,202609,769,2064,517742,676.79,673.27,2755,6256,815,598,1342
4117206,PR,202609,240,638,156096,650.4,650.4,1052,2595,218,271,563
4117214,PR,202609,339,872,222252,657.55,655.61,1172,2797,306,326,540
4117222,PR,202609,285,835,192186,679.1,674.34,1582,3995,243,294,1045
4117255,PR,202609,429,1325,292313,682.97,681.38,1887,4762,353,446,1088
4117271,PR,202609,360,1039,239838,666.22,666.22,1875,4710,314,640,921
4117297,PR,202609,194,538,127351,656.45,656.45,820,2028,180,166,474
4117305,PR,202609,2352,6608,1567804,669.43,666.58,7106,17528,2061,1938,3107
4117404,PR,202609,82,231,55421,675.87,675.87,503,1222,64,140,299
4117453,PR,202609,286,811,189604,665.28,662.95,1143,2894,247,313,583
4117503,PR,202609,2229,6367,1440291,652.6,646.16,8809,21514,1771,2307,4731
4117602,PR,202609,3202,8759,2122333,668.03,662.81,10441,24026,2676,2814,4951
4117701,PR,202609,1278,3587,866706,681.37,678.17,3984,10408,1171,1205,1608
4117800,PR,202609,1283,3812,883101,690.46,688.31,3579,9137,1149,965,1465
4117909,PR,202609,986,2718,656764,672.23,666.09,4374,9847,993,983,2398
4118006,PR,202609,396,1190,274010,695.46,691.94,1711,4365,396,462,853
4118105,PR,202609,548,1480,371741,685.87,678.36,1857,4481,541,363,953
4118204,PR,202609,11967,30805,8072487,685.62,674.56,25266,58953,11744,4835,8687
4118303,PR,202609,140,370,96198,687.13,687.13,544,1379,144,136,264
4118402,PR,202609,4358,11637,2935915,674.77,673.68,16207,37865,4302,3441,8464
4118451,PR,202609,176,539,116263,660.59,660.59,1014,2445,153,226,635
4118501,PR,202609,2242,6324,1440553,653.31,642.53,11070,26734,1720,3129,6221
4118600,PR,202609,332,903,225991,682.75,680.7,972,2436,328,209,435
4118709,PR,202609,295,847,206294,699.3,699.3,903,2216,342,211,350
4118808,PR,202609,894,2269,612705,685.35,685.35,2990,6700,949,578,1463
4118857,PR,202609,232,719,163845,715.48,706.23,1489,3669,280,353,856
4118907,PR,202609,434,1320,286109,676.38,659.24,2425,5531,402,726,1297
4119004,PR,202609,158,482,95468,604.23,604.23,1216,2864,103,318,795
4119103,PR,202609,515,1508,362866,717.13,704.59,1613,4278,490,400,723
4119152,PR,202609,6418,16566,4258944,667.02,663.59,23136,51416,7116,5045,10975
4119202,PR,202609,725,1978,499790,689.37,689.37,1760,4292,697,341,722
4119251,PR,202609,181,490,119953,666.41,662.72,722,1680,191,176,355
4119301,PR,202609,3016,9220,2155051,718.83,714.54,7369,18782,2757,2168,2444
4119400,PR,202609,1554,4363,1024568,665.3,659.31,4419,11339,1382,1218,1819
4119509,PR,202609,9229,24967,6284481,685.63,680.95,23483,55909,9520,5115,8848
4119608,PR,202609,2618,6771,1710577,655.9,653.39,7302,17351,2320,1835,3147
4119657,PR,202609,220,609,148541,684.52,675.19,690,1737,202,137,351
4119707,PR,202609,314,871,215650,693.41,686.78,1272,2811,345,325,602
4119806,PR,202609,551,1495,353447,643.8,641.46,2334,5161,478,618,1238
4119905,PR,202609,17941,48729,12140690,682.6,676.7,55268,130988,16340,13086,25842
4119954,PR,202609,2437,6621,1651023,686.5,677.48,8380,17920,2577,2092,3711
4120002,PR,202609,804,1978,541662,675.39,673.71,2482,5382,870,369,1243
4120101,PR,202609,191,548,119118,647.38,623.65,915,2469,162,210,543
4120150,PR,202609,236,674,150651,643.81,638.35,601,1502,196,166,239
4120200,PR,202609,153,513,105685,695.3,690.75,656,1795,134,181,341
4120309,PR,202609,342,975,235361,688.19,688.19,884,2166,328,175,381
4120333,PR,202609,282,774,186441,661.14,661.14,988,2372,254,226,508
4120358,PR,202609,234,748,161343,692.46,689.5,958,2415,211,226,521
4120408,PR,202609,206,610,145173,708.16,704.72,1149,2426,318,339,492
4120507,PR,202609,426,1237,287570,686.32,675.05,1960,4618,384,512,1064
4120606,PR,202609,2626,7695,1688122,652.79,642.85,8733,22132,2214,2837,3682
4120655,PR,202609,192,559,127857,665.92,665.92,829,1910,187,197,445
4120705,PR,202609,570,1415,376627,673.75,660.75,1752,3923,553,349,850
4120804,PR,202609,1276,3423,877170,687.98,687.44,3868,9100,1385,783,1700
4120853,PR,202609,35,95,20400,582.86,582.86,410,981,29,87,294
4120903,PR,202609,2743,7618,1822702,667.66,664.49,8390,19006,2470,1941,3979
4121000,PR,202609,584,1817,383528,657.85,656.73,2772,6651,449,837,1486
4121109,PR,202609,279,744,182785,682.03,655.14,1197,2786,297,241,659
4121208,PR,202609,1006,2838,680769,677.38,676.71,3297,8006,956,945,1396
4121257,PR,202609,201,633,134379,675.27,668.55,1094,2814,167,254,673
4121307,PR,202609,257,673,167914,658.49,653.36,1025,2346,241,213,571
4121356,PR,202609,147,389,93358,635.09,635.09,584,1429,124,118,342
4121406,PR,202609,549,1494,366597,667.75,667.75,3121,6803,534,849,1738
4121505,PR,202609,1597,4059,1053180,666.57,659.47,3920,8652,1593,826,1501
4121604,PR,202609,90,315,62543,702.73,694.92,1306,3694,62,285,959
4121703,PR,202609,2620,6996,1715480,658.53,654.76,6268,14991,2323,1685,2260
4121752,PR,202609,459,1383,309817,680.92,674.98,1776,4726,401,561,814
4121802,PR,202609,517,1480,334690,653.69,647.37,2087,5210,411,605,1071
4121901,PR,202609,1008,2768,653122,655.74,647.94,3421,8583,874,872,1675
4122008,PR,202609,421,1264,260243,625.58,618.15,2208,5782,296,745,1167
4122107,PR,202609,215,572,143922,669.4,669.4,799,1891,204,155,440
4122156,PR,202609,1352,3998,878927,654.94,650.09,4899,11442,1106,1195,2598
4122172,PR,202609,638,1590,427122,669.47,669.47,1441,3096,711,213,517
4122206,PR,202609,2488,7129,1727024,696.1,694.14,7838,20702,2305,2096,3437
4122305,PR,202609,1037,2935,700546,678.82,675.55,3494,8877,868,960,1666
4122404,PR,202609,2883,7739,1923140,671.25,667.06,10730,25919,2548,2482,5700
4122503,PR,202609,465,1304,291301,626.45,626.45,2033,5035,360,691,982
4122602,PR,202609,423,1113,282411,674.01,667.64,1737,4064,434,368,935
4122651,PR,202609,553,1500,359971,650.94,650.94,1463,3515,502,299,662
4122701,PR,202609,435,1248,298268,693.65,685.67,1482,3750,421,304,757
4122800,PR,202609,117,329,73330,626.75,626.75,567,1455,97,156,314
4122909,PR,202609,441,1215,305728,693.26,693.26,1163,2768,441,283,439
4123006,PR,202609,722,2039,499990,699.29,692.51,2397,5768,743,582,1072
4123105,PR,202609,154,491,102509,665.64,665.64,671,1894,125,195,351
4123204,PR,202609,204,566,143585,703.85,703.85,887,2082,191,230,466
4123303,PR,202609,582,1600,384643,668.94,660.9,2112,4956,561,477,1074
4123402,PR,202609,231,652,149123,645.55,645.55,1892,4470,197,538,1157
4123501,PR,202609,798,2359,507304,639.73,635.72,3961,9932,596,1003,2362
4123600,PR,202609,120,334,77636,646.97,646.97,380,897,111,79,190
4123709,PR,202609,292,819,184720,636.97,632.6,1952,4598,229,460,1263
4123808,PR,202609,323,998,222731,689.57,689.57,1839,4602,267,639,933
4123824,PR,202609,196,538,135922,697.04,693.48,727,1589,186,142,399
4123857,PR,202609,1149,3154,768407,674.63,668.76,2904,6822,1036,774,1094
4123907,PR,202609,788,2215,510491,653.64,647.83,3018,7175,693,729,1596
4123956,PR,202609,283,786,190851,684.05,674.39,918,2176,272,190,456
4124004,PR,202609,421,1091,285953,679.22,679.22,1283,2934,409,294,580
4124020,PR,202609,670,1963,445642,674.19,665.14,3084,7482,601,792,1691
4124053,PR,202609,1264,3534,845012,670.64,668.52,4774,11892,1125,1059,2590
4124103,PR,202609,3004,8039,2008892,673.67,668.74,8869,21010,2592,2225,4052
4124202,PR,202609,113,322,74786,661.82,661.82,639,1510,103,154,382
4124301,PR,202609,138,407,96123,701.63,696.54,498,1249,127,94,277
4124400,PR,202609,993,2795,657746,663.72,662.38,3642,8910,835,1060,1747
4124509,PR,202609,84,255,55937,673.94,665.92,578,1473,74,155,349
4124608,PR,202609,448,1159,302293,685.47,674.76,1440,3184,448,286,706
4124707,PR,202609,1051,3022,733177,701.6,697.6,2567,6477,1034,635,898
4124806,PR,202609,267,734,172625,648.97,646.54,2076,4776,282,546,1248
4124905,PR,202609,463,1261,308716,669.67,666.77,1491,3552,421,372,698
4125001,PR,202609,737,1944,504406,685.33,684.4,2839,6266,807,573,1459
4125100,PR,202609,531,1640,358582,676.57,675.3,2335,6251,475,820,1040
4125209,PR,202609,237,731,161820,685.68,682.78,1759,4269,232,413,1114
4125308,PR,202609,148,468,94204,636.51,636.51,929,2378,122,261,546
4125357,PR,202609,177,520,124202,705.69,701.71,1227,2985,166,290,771
4125407,PR,202609,311,965,219833,709.14,706.86,1240,3038,273,357,610
4125456,PR,202609,234,654,159666,685.26,682.33,988,2335,219,214,555
4125506,PR,202609,16128,42731,10791137,673.02,669.09,51681,123080,15508,11538,24635
4125555,PR,202609,64,197,42206,659.47,659.47,476,1137,60,87,329
4125605,PR,202609,1221,3676,749232,620.23,613.62,7275,18473,842,2618,3815
4125704,PR,202609,1549,4123,1043741,677.75,673.82,6359,14007,1417,1458,3484
4125753,PR,202609,529,1394,350633,676.9,662.82,1379,3149,508,290,581
4125803,PR,202609,642,1659,433650,676.52,675.47,2036,4568,597,363,1076
4125902,PR,202609,85,233,55577,661.63,653.85,538,1333,91,106,341
4126009,PR,202609,783,1964,507934,653.71,648.7,2121,5028,738,495,888
4126108,PR,202609,229,621,160310,700.04,700.04,992,2362,233,210,549
4126207,PR,202609,634,1681,426443,680.13,672.62,1797,4100,655,363,779
4126256,PR,202609,3476,10137,2347750,688.89,675.42,16734,39968,2950,4203,9581
4126272,PR,202609,361,1008,247777,690.19,686.36,1375,3425,339,305,731
4126306,PR,202609,849,2553,606021,713.81,713.81,3160,8550,754,914,1492
4126355,PR,202609,131,412,90661,697.39,692.07,788,1952,125,198,465
4126405,PR,202609,238,622,155984,655.39,655.39,1219,2982,210,288,721
4126504,PR,202609,750,1936,481222,645.94,641.63,2410,5653,659,654,1097
4126603,PR,202609,1011,2661,682138,680.78,674.72,3952,9314,959,972,2021
4126652,PR,202609,129,337,82782,641.72,641.72,544,1277,119,155,270
4126678,PR,202609,782,2099,532923,682.36,681.49,2182,5112,720,471,991
4126702,PR,202609,190,581,120843,649.69,636.02,1028,2520,147,279,602
4126801,PR,202609,666,1919,467143,703.53,701.42,2916,7078,740,624,1552
4126900,PR,202609,310,875,198380,642.01,639.94,1298,3118,265,342,691
4127007,PR,202609,862,2323,599008,696.52,694.9,2011,4960,850,423,738
4127106,PR,202609,1813,5054,1231403,691.02,679.21,6515,16678,1708,1973,2834
4127205,PR,202609,463,1266,308596,667.96,666.51,1860,4838,419,638,803
4127304,PR,202609,1045,2798,708059,678.87,677.57,3311,7935,1056,718,1537
4127403,PR,202609,669,1983,461025,698.52,689.13,3119,7460,631,799,1689
4127502,PR,202609,1949,5313,1313662,677.15,674.02,4862,11948,1742,1041,2079
4127601,PR,202609,1716,4691,1176671,692.16,685.71,4201,9827,1758,897,1546
4127700,PR,202609,3509,9417,2326255,664.64,662.94,18532,43194,3092,4311,11129
4127809,PR,202609,495,1377,329422,666.85,665.5,1663,4027,460,321,882
4127858,PR,202609,748,1964,473789,636.81,633.41,2677,5813,649,744,1284
4127882,PR,202609,726,2070,508106,701.8,699.87,1698,4324,693,418,587
4127908,PR,202609,401,1107,270532,678.03,674.64,1676,4011,372,412,892
4127957,PR,202609,276,783,182420,673.14,660.94,1387,3259,273,314,800
4127965,PR,202609,1030,2790,665693,649.46,646.3,2995,7696,889,853,1253
4128005,PR,202609,1579,3931,1018952,645.72,645.31,5547,12050,1551,1175,2821
4128104,PR,202609,4650,12534,3081452,670.17,662.68,19631,45041,4508,4313,10810
4128203,PR,202609,2351,6683,1593545,685.99,677.82,7590,18865,1989,2055,3546
4128302,PR,202609,131,358,87805,675.42,670.27,508,1197,132,117,259
4128401,PR,202609,708,1822,450248,639.56,635.94,2058,4636,646,413,999
4128500,PR,202609,1662,4246,1144587,689.51,688.68,4055,9358,1596,754,1705
4128534,PR,202609,797,1892,516474,660.45,648.02,1940,4331,768,449,723
4128559,PR,202609,254,712,163769,644.76,644.76,1800,4339,221,459,1120
4128609,PR,202609,171,469,106305,625.32,621.67,998,2317,144,272,582
4128625,PR,202609,289,854,189190,661.5,654.64,799,1972,243,175,381
4128633,PR,202609,791,2254,509439,644.86,644.04,1593,4231,679,425,489
4128658,PR,202609,165,502,110624,670.45,670.45,872,2246,143,265,464
4128708,PR,202609,474,1414,334959,717.26,706.66,1503,3720,468,326,709
4128807,PR,202609,452,1293,315582,699.74,698.19,1596,3843,431,281,884
4200051,SC,202609,171,544,121924,713.01,713.01,587,1613,186,102,299
4200101,SC,202609,1533,4181,1057049,690.88,689.53,4336,10094,1490,688,2158
4200200,SC,202609,176,557,128225,728.55,728.55,648,1822,187,186,275
4200309,SC,202609,81,277,58453,721.64,721.64,258,795,68,63,127
4200408,SC,202609,71,251,44686,629.38,629.38,813,2272,46,225,542
4200507,SC,202609,227,681,162124,723.77,714.2,1035,2784,238,198,599
4200556,SC,202609,43,160,28809,669.98,669.98,340,1006,33,60,247
4200606,SC,202609,177,528,122145,697.97,690.08,520,1351,168,141,211
4200705,SC,202609,444,1287,299725,678.11,675.06,1126,3099,390,320,416
4200754,SC,202609,23,50,13970,635.0,607.39,127,313,21,26,80
4200804,SC,202609,89,271,58927,662.1,662.1,502,1401,85,146,271
4200903,SC,202609,151,486,97989,648.93,648.93,499,1393,120,144,235
4201000,SC,202609,717,1908,475975,664.77,663.84,1688,4027,674,313,701
4201109,SC,202609,109,349,74050,692.06,679.36,397,1124,109,124,164
4201208,SC,202609,167,537,112668,678.72,674.66,672,1934,160,187,325
4201257,SC,202609,105,337,74633,710.79,710.79,482,1418,90,131,261
4201273,SC,202609,56,188,34372,613.79,613.79,335,930,35,72,228
4201307,SC,202609,2073,6340,1442620,701.32,695.91,7822,21500,1864,2325,3633
4201406,SC,202609,2197,6386,1469011,674.79,668.64,8320,20038,2046,2582,3692
4201505,SC,202609,331,978,238505,724.94,720.56,857,2193,389,161,307
4201604,SC,202609,27,87,16762,620.81,620.81,280,674,17,49,214
4201653,SC,202609,44,130,29376,667.64,667.64,242,656,42,56,144
4201703,SC,202609,170,499,122619,721.29,721.29,577,1543,193,115,269
4201802,SC,202609,44,148,32348,735.18,735.18,218,584,37,62,119
4201901,SC,202609,79,249,58419,739.48,739.48,333,846,81,75,177
4201950,SC,202609,1194,3441,840693,714.27,704.1,3639,8642,1451,685,1503
4202008,SC,202609,2966,7500,1927813,656.39,649.97,13229,30049,2925,2747,7557
4202057,SC,202609,869,2540,598372,693.36,688.58,2829,6724,881,572,1376
4202073,SC,202609,902,2646,628510,699.9,696.8,3488,8279,993,772,1723
4202081,SC,202609,104,338,67630,650.29,650.29,439,1251,77,113,249
4202099,SC,202609,67,214,46797,698.46,698.46,257,692,63,51,143
4202107,SC,202609,2013,5833,1354684,677.68,672.97,6545,16365,1801,1842,2902
4202131,SC,202609,346,1004,232929,675.16,673.21,896,2406,316,269,311
4202156,SC,202609,78,237,54011,692.45,692.45,337,917,66,82,189
4202206,SC,202609,140,465,96150,696.74,686.79,479,1455,107,160,212
4202305,SC,202609,3356,8907,2182873,660.08,650.44,9550,23358,2945,2393,4212
4202404,SC,202609,6713,18193,4436304,664.71,660.85,21888,55938,5695,5155,11038
4202438,SC,202609,251,706,156228,629.95,622.42,690,1725,206,175,309
4202453,SC,202609,1137,3029,742022,669.09,652.61,3240,7967,1184,754,1302
4202503,SC,202609,528,1399,372547,705.58,705.58,1008,2273,562,155,291
4202537,SC,202609,238,618,160070,672.56,672.56,579,1357,219,108,252
4202578,SC,202609,74,199,51912,711.12,701.51,215,502,73,32,110
4202602,SC,202609,490,1534,336316,692.01,686.36,1353,3670,430,308,615
4202701,SC,202609,111,302,68787,619.7,619.7,869,2338,84,156,629
4202800,SC,202609,904,2602,629449,700.17,696.29,2233,5766,1011,714,508
4202859,SC,202609,4,11,1755,438.75,438.75,59,171,2,22,35
4202875,SC,202609,153,399,97261,648.41,635.69,517,1192,162,113,242
4202909,SC,202609,2411,6744,1588470,661.59,658.84,7359,19400,2086,1895,3378
4203006,SC,202609,2746,7726,1869046,683.13,680.64,11962,30625,2393,2576,6993
4203105,SC,202609,62,207,32966,531.71,531.71,502,1433,53,207,242
4203154,SC,202609,295,935,199384,694.72,675.88,1149,3094,269,233,647
4203204,SC,202609,3104,9003,2030991,672.96,654.31,11075,27706,2762,3672,4641
4203253,SC,202609,119,337,82665,694.66,694.66,455,1239,115,113,227
4203303,SC,202609,346,1059,242380,702.55,700.52,1640,4500,324,371,945
4203402,SC,202609,581,1506,371165,641.04,638.84,1808,4145,525,425,858
4203501,SC,202609,634,1807,417959,659.24,659.24,1696,4057,549,391,756
4203600,SC,202609,373,1256,242956,654.87,651.36,3506,9256,262,999,2245
4203709,SC,202609,1250,3212,874911,703.87,699.93,2439,5475,1426,318,695
4203808,SC,202609,1932,5390,1327048,690.09,686.88,6173,15057,1920,1374,2879
4203907,SC,202609,280,909,189786,680.24,677.81,1338,3833,208,440,690
4203956,SC,202609,338,968,227710,673.7,673.7,2093,5258,333,621,1139
4204004,SC,202609,392,1148,261643,674.34,667.46,1488,3825,337,360,791
4204103,SC,202609,203,587,133354,656.92,656.92,635,1634,172,137,326
4204152,SC,202609,181,519,130017,718.33,718.33,501,1274,190,77,234
4204178,SC,202609,262,808,172885,659.87,659.87,801,2166,202,225,374
4204194,SC,202609,33,110,23499,712.09,712.09,132,414,29,41,62
4204202,SC,202609,3757,12113,2438011,659.64,648.92,19877,53260,2894,5575,11408
4204251,SC,202609,194,597,126231,660.9,650.68,794,2280,167,197,430
4204301,SC,202609,1102,3240,739271,681.98,670.84,4347,11399,900,1183,2264
4204350,SC,202609,202,576,141734,701.65,701.65,537,1365,188,86,263
4204400,SC,202609,366,1069,243495,667.11,665.29,1104,2900,298,264,542
4204459,SC,202609,55,123,35210,640.18,640.18,308,668,65,62,181
4204509,SC,202609,358,1051,250105,698.62,698.62,1136,3091,344,265,527
4204558,SC,202609,924,2585,645684,700.31,698.79,2751,6328,962,582,1207
4204608,SC,202609,5120,14145,3433293,676.38,670.57,13974,35987,4789,3709,5476
4204707,SC,202609,168,471,105838,633.76,629.99,994,2602,141,184,669
4204756,SC,202609,10,37,8314,831.4,831.4,77,191,10,15,52
4204806,SC,202609,2190,6028,1494511,683.99,682.43,7513,17355,2199,1679,3635
4204905,SC,202609,147,442,104599,716.43,711.56,599,1613,125,128,346
4205001,SC,202609,531,1629,368528,696.65,694.03,1726,4488,493,379,854
4205100,SC,202609,56,169,40399,721.41,721.41,183,521,58,50,75
4205159,SC,202609,56,178,35895,664.72,640.98,241,657,49,68,124
4205175,SC,202609,438,1056,289901,661.87,661.87,967,2096,414,205,348
4205191,SC,202609,114,342,76409,670.25,670.25,344,872,105,82,157
4205209,SC,202609,31,112,17239,615.68,556.1,389,1043,16,131,242
4205308,SC,202609,216,712,143024,668.34,662.15,952,2810,154,274,524
4205357,SC,202609,41,123,27181,662.95,662.95,331,902,33,51,247
4205407,SC,202609,14181,34961,9225606,655.09,650.56,57477,125200,16067,14331,27079
4205431,SC,202609,82,240,53401,651.23,651.23,327,869,70,76,181
4205456,SC,202609,909,2760,649084,718.01,714.06,3008,8077,991,655,1362
4205506,SC,202609,1006,3118,608132,604.5,604.5,5010,13556,650,1431,2929
4205555,SC,202609,142,399,92401,650.71,650.71,459,1180,139,98,222
4205605,SC,202609,207,557,139719,674.97,674.97,550,1268,192,124,234
4205704,SC,202609,1803,4638,1200445,666.54,665.8,4873,11375,1815,1060,1998
4205803,SC,202609,496,1497,336060,697.22,677.54,2226,6331,445,615,1166
4205902,SC,202609,1357,3887,909602,675.78,670.3,5975,15148,1260,1560,3155
4206009,SC,202609,920,2594,626646,695.5,681.14,2508,6132,999,486,1023
4206108,SC,202609,264,780,182171,695.31,690.04,919,2431,248,210,461
4206207,SC,202609,297,889,205903,693.28,693.28,1085,2753,317,254,514
4206306,SC,202609,609,1837,417149,689.5,684.97,1660,4702,553,429,678
4206405,SC,202609,67,208,45495,679.03,679.03,759,2023,63,169,527
4206504,SC,202609,1237,3525,817170,662.21,660.61,4499,11795,1052,1199,2248
4206603,SC,202609,99,277,66825,681.89,675.0,631,1517,93,112,426
4206652,SC,202609,268,782,175050,655.62,653.17,1042,2724,223,284,535
4206702,SC,202609,307,974,217604,713.46,708.81,1621,4411,283,408,930
4206751,SC,202609,125,378,87419,699.35,699.35,361,877,117,64,180
4206801,SC,202609,96,301,79826,831.52,831.52,491,1151,118,85,288
4206900,SC,202609,202,554,127599,634.82,631.68,1179,3209,170,329,680
4207007,SC,202609,1841,5253,1236839,677.35,671.83,5234,12932,1790,1278,2166
4207106,SC,202609,727,2161,498466,687.54,685.65,1853,5156,632,573,648
4207205,SC,202609,736,2032,503379,684.87,683.94,2108,5135,724,403,981
4207304,SC,202609,1997,5566,1368852,687.17,685.45,6015,14682,2207,1451,2357
4207403,SC,202609,136,425,96845,712.1,712.1,481,1286,127,117,237
4207502,SC,202609,896,2589,604522,681.54,674.69,3361,9088,728,950,1683
4207577,SC,202609,30,96,18426,614.2,614.2,238,618,18,51,169
4207601,SC,202609,57,194,37359,667.13,655.42,428,1234,49,79,300
4207650,SC,202609,91,271,53817,591.4,591.4,926,2409,86,169,671
4207684,SC,202609,937,2517,642377,686.3,685.57,1875,4585,832,426,617
4207700,SC,202609,56,187,38123,680.77,680.77,370,1046,54,87,229
4207759,SC,202609,130,389,85931,661.01,661.01,554,1382,105,93,356
4207809,SC,202609,264,760,183746,696.01,696.01,1431,3610,244,388,799
4207858,SC,202609,71,208,45471,640.44,640.44,294,775,56,78,160
4207908,SC,202609,489,1428,346336,709.7,708.25,1393,3685,546,376,471
4208005,SC,202609,291,833,195638,676.95,672.3,948,2272,257,189,502
4208104,SC,202609,512,1528,305536,600.27,596.75,1663,4706,342,676,645
4208203,SC,202609,7680,21590,5284456,690.78,688.08,25746,61625,8419,5956,11371
4208302,SC,202609,2422,6889,1633751,684.44,674.55,8940,21642,2288,2131,4521
4208401,SC,202609,187,617,129030,690.0,690.0,1246,3487,133,302,811
4208450,SC,202609,1385,4119,962978,701.88,695.29,5454,12839,1678,1284,2492
4208500,SC,202609,525,1626,359183,684.16,684.16,1717,4706,463,505,749
4208609,SC,202609,147,450,112203,768.51,763.29,466,1209,123,109,234
4208708,SC,202609,344,1128,258330,750.96,750.96,1024,2780,399,199,426
4208807,SC,202609,619,1931,423130,690.26,683.57,2122,5805,536,554,1032
4208906,SC,202609,2793,7996,1865180,669.72,667.81,11313,29330,2390,2798,6125
4208955,SC,202609,94,275,64353,691.97,684.61,258,684,87,40,131
4209003,SC,202609,473,1396,320486,679.0,677.56,2270,5538,423,477,1370
4209102,SC,202609,14961,41790,10010662,671.86,669.12,46034,116265,13065,12060,20909
4209151,SC,202609,385,1209,292746,764.35,760.38,755,2219,383,170,202
4209177,SC,202609,80,225,53623,678.77,670.29,528,1406,72,95,361
4209201,SC,202609,10,42,6814,681.4,681.4,119,335,9,26,84
4209300,SC,202609,8508,22213,5699599,670.94,669.91,25497,58053,7947,5312,12238
4209409,SC,202609,1474,3857,963553,655.48,653.7,6107,14227,1307,1425,3375
4209458,SC,202609,50,153,33321,666.42,666.42,281,817,42,56,183
4209508,SC,202609,135,425,96866,717.53,717.53,609,1573,129,136,344
4209607,SC,202609,391,1058,265843,679.91,679.91,1519,3633,383,357,779
4209706,SC,202609,841,2533,592875,704.96,704.96,2912,7515,674,801,1437
4209805,SC,202609,93,326,66264,712.52,712.52,330,999,81,112,137
4209854,SC,202609,89,263,57541,646.53,646.53,487,1287,81,114,292
4209904,SC,202609,91,320,59163,650.14,650.14,541,1588,46,245,250
4210001,SC,202609,205,670,135853,665.95,662.7,798,2416,144,289,365
4210035,SC,202609,28,101,19672,756.62,702.57,460,1202,32,73,355
4210050,SC,202609,38,129,23553,619.82,619.82,157,467,26,59,72
4210100,SC,202609,1623,4590,1118598,690.49,689.22,5617,13555,1698,1324,2595
4210209,SC,202609,187,579,129015,689.92,689.92,521,1447,183,117,221
4210308,SC,202609,470,1346,312294,664.46,664.46,1573,3988,454,417,702
4210407,SC,202609,273,780,189056,695.06,692.51,1049,2443,255,181,613
4210506,SC,202609,345,951,223624,650.07,648.19,1885,4815,296,432,1157
4210555,SC,202609,36,116,24751,687.53,687.53,208,541,30,51,127
4210605,SC,202609,353,1002,241218,683.34,683.34,1136,3037,315,283,538
4210704,SC,202609,261,779,187202,725.59,717.25,899,2389,298,149,452
4210803,SC,202609,193,529,131216,679.88,679.88,560,1472,189,145,226
4210852,SC,202609,16,45,8551,534.44,534.44,226,674,11,52,163
4210902,SC,202609,96,296,65985,687.34,687.34,360,933,81,77,202
4211009,SC,202609,49,139,33878,691.39,691.39,921,2161,60,199,662
4211058,SC,202609,540,1492,366658,680.26,679.0,1903,4633,495,491,917
4211108,SC,202609,693,1914,508057,733.13,733.13,1757,4194,766,354,637
4211207,SC,202609,407,1218,268578,659.9,659.9,1702,4664,371,487,844
4211256,SC,202609,130,349,87680,674.46,674.46,500,1323,126,105,269
4211306,SC,202609,4511,12760,3110651,698.87,689.57,12082,30595,4462,2991,4629
4211405,SC,202609,196,541,134578,686.62,686.62,657,1674,178,109,370
4211454,SC,202609,119,362,76207,640.39,640.39,434,1184,94,121,219
4211504,SC,202609,340,1002,222804,661.14,655.31,1160,3116,283,250,627
4211603,SC,202609,217,636,136391,631.44,628.53,871,2368,164,226,481
4211652,SC,202609,53,156,34330,647.74,647.74,326,889,45,75,206
4211702,SC,202609,595,1651,399003,671.72,670.59,1562,3967,553,363,646
4211751,SC,202609,429,1306,293332,683.76,683.76,1528,4022,335,347,846
4211801,SC,202609,60,186,38785,657.37,646.42,456,1185,67,99,290
4211850,SC,202609,161,434,107206,665.88,665.88,426,1048,134,97,195
4211876,SC,202609,47,149,34316,730.13,730.13,271,758,49,58,164
4211892,SC,202609,109,340,72095,661.42,661.42,546,1432,97,162,287
4211900,SC,202609,8493,23304,5713077,681.59,672.68,27195,66159,8847,6552,11796
4212007,SC,202609,416,1154,282281,681.84,678.56,1116,2703,373,256,487
4212056,SC,202609,123,349,86291,701.55,701.55,376,925,115,75,186
4212106,SC,202609,393,1108,256479,659.33,652.62,1352,3300,334,300,718
4212205,SC,202609,449,1334,275733,614.1,614.1,1746,4730,281,702,763
4212239,SC,202609,149,415,95769,642.74,642.74,582,1430,119,141,322
4212254,SC,202609,760,2348,526731,695.81,693.07,1958,5067,778,489,691
4212270,SC,202609,328,973,227505,706.54,693.61,1081,2726,294,181,606
4212304,SC,202609,420,1177,282632,674.54,672.93,1178,2857,421,277,480
4212403,SC,202609,78,237,54910,703.97,703.97,371,1019,63,95,213
4212502,SC,202609,1385,3978,947854,699.01,684.37,4188,10177,1417,883,1888
4212601,SC,202609,12,34,7027,585.58,585.58,310,873,14,25,271
4212650,SC,202609,622,1603,410130,659.37,659.37,1569,3680,580,328,661
4212700,SC,202609,151,485,101959,679.73,675.23,545,1413,132,124,289
4212809,SC,202609,1127,3481,743891,662.41,660.06,3958,10189,940,1222,1796
4212908,SC,202609,149,473,93728,637.61,629.05,1230,3522,99,371,760
4213005,SC,202609,22,75,14351,652.32,652.32,544,1529,22,95,427
4213104,SC,202609,111,291,69391,625.14,625.14,352,912,93,92,167
4213153,SC,202609,54,171,34621,653.23,641.13,525,1454,44,120,361
4213203,SC,202609,67,218,39973,596.61,596.61,687,2070,43,175,469
4213302,SC,202609,202,555,140589,695.99,695.99,834,2118,192,175,467
4213351,SC,202609,218,671,152455,699.33,699.33,591,1637,180,162,249
4213401,SC,202609,553,1715,390302,710.93,705.79,2207,5496,517,447,1243
4213500,SC,202609,653,1898,441437,691.91,676.01,3046,7335,742,709,1595
4213609,SC,202609,653,1940,430283,669.18,658.93,2833,7208,577,861,1395
4213708,SC,202609,191,684,121050,633.77,633.77,1021,3233,125,361,535
4213807,SC,202609,420,1142,284853,678.22,678.22,1200,2803,452,286,462
4213906,SC,202609,47,161,35138,747.62,747.62,153,427,42,36,75
4214003,SC,202609,254,771,170459,673.75,671.1,958,2623,226,251,481
4214102,SC,202609,39,126,27543,706.23,706.23,259,683,39,57,163
4214151,SC,202609,76,205,49646,653.24,653.24,286,738,72,67,147
4214201,SC,202609,241,711,156689,650.16,650.16,851,2228,199,195,457
4214300,SC,202609,25,73,17637,705.48,705.48,270,622,29,71,170
4214409,SC,202609,297,896,205681,694.87,692.53,1016,2522,269,201,546
4214508,SC,202609,54,225,39149,724.98,724.98,386,1196,32,168,186
4214607,SC,202609,22,81,16126,733.0,733.0,335,1088,23,125,187
4214706,SC,202609,104,348,63459,628.31,610.18,580,1562,71,186,323
4214805,SC,202609,1597,4600,1084999,685.84,679.4,5420,13574,1454,1303,2663
4214904,SC,202609,19,60,11083,583.32,583.32,128,402,10,45,73
4215000,SC,202609,1137,3346,809636,719.04,712.08,4162,10383,1316,941,1905
4215059,SC,202609,167,482,112863,675.83,675.83,447,1091,184,87,176
4215075,SC,202609,82,265,53164,672.96,648.34,534,1408,72,135,327
4215109,SC,202609,235,724,158796,681.53,675.73,849,2296,214,219,416
4215208,SC,202609,145,407,94421,655.7,651.18,633,1606,116,129,388
4215307,SC,202609,81,270,56972,703.36,703.36,515,1418,72,143,300
4215356,SC,202609,179,534,116859,652.84,652.84,604,1573,152,116,336
4215406,SC,202609,99,298,65501,668.38,661.63,518,1253,81,94,343
4215455,SC,202609,403,1251,279666,699.17,693.96,1175,3210,381,322,472
4215505,SC,202609,1013,2985,719564,710.33,710.33,3134,7718,1025,653,1456
4215554,SC,202609,15,53,12279,818.6,818.6,224,630,17,34,173
4215604,SC,202609,38,112,26057,685.71,685.71,213,606,38,51,124
4215653,SC,202609,549,1627,392312,717.21,714.59,1434,3626,606,296,532
4215679,SC,202609,133,406,89822,680.47,675.35,570,1692,117,173,280
4215687,SC,202609,107,326,72237,675.11,675.11,470,1251,83,80,307
4215695,SC,202609,25,77,15760,630.4,630.4,163,444,16,29,118
4215703,SC,202609,816,2230,557429,687.34,683.12,2553,6324,857,657,1039
4215752,SC,202609,59,193,46928,795.39,795.39,444,1249,73,117,254
4215802,SC,202609,1677,4576,1108855,668.39,661.21,8034,20230,1569,1623,4842
4215901,SC,202609,132,352,84295,648.42,638.6,327,833,126,78,123
4216008,SC,202609,241,663,163825,679.77,679.77,924,2399,230,205,489
4216057,SC,202609,305,857,212114,695.46,695.46,844,2150,286,199,359
4216107,SC,202609,316,930,200461,634.37,634.37,1139,2865,231,336,572
4216206,SC,202609,1795,5105,1230597,689.02,685.57,6022,14760,1802,1530,2690
4216255,SC,202609,41,111,25830,630.0,630.0,213,545,36,52,125
4216305,SC,202609,874,2489,590820,677.55,676.0,3870,9845,748,1080,2042
4216354,SC,202609,206,622,143856,698.33,698.33,742,1963,192,160,390
4216404,SC,202609,496,1484,358417,722.61,722.61,1259,3099,540,247,472
4216503,SC,202609,1110,3177,734240,663.87,661.48,3864,9663,906,1128,1830
4216602,SC,202609,7567,20702,5108230,680.1,675.07,21037,51712,7249,5137,8651
4216701,SC,202609,325,927,220393,678.13,678.13,1212,3273,302,246,664
4216800,SC,202609,816,2224,533149,653.37,653.37,2130,5003,754,514,862
4216909,SC,202609,417,1347,284070,687.82,681.22,1851,5442,342,533,976
4217006,SC,202609,111,359,67693,626.79,609.85,723,2148,77,210,436
4217105,SC,202609,66,199,44688,677.09,677.09,203,592,60,47,96
4217154,SC,202609,53,147,32722,617.4,617.4,351,878,48,52,251
4217204,SC,202609,799,2337,512606,648.05,641.56,3211,8209,613,758,1840
4217253,SC,202609,97,289,65935,679.74,679.74,489,1191,128,84,277
4217303,SC,202609,167,489,108416,649.2,649.2,753,2096,139,157,457
4217402,SC,202609,263,773,192972,733.73,733.73,1208,3244,290,277,641
4217501,SC,202609,240,767,145665,609.48,606.94,1250,3280,162,353,735
4217550,SC,202609,46,138,34427,748.41,748.41,220,576,45,36,139
4217600,SC,202609,357,1016,242014,677.91,677.91,1508,3628,378,308,822
4217709,SC,202609,1065,3029,705835,667.77,662.76,3703,9160,942,1072,1689
4217758,SC,202609,69,196,47805,692.83,692.83,285,733,74,52,159
4217808,SC,202609,447,1282,315797,706.48,706.48,1459,3655,432,309,718
4217907,SC,202609,204,624,137637,674.69,674.69,1203,3110,183,223,797
4217956,SC,202609,76,221,52140,686.05,686.05,356,1006,69,62,225
4218004,SC,202609,1783,5151,1236308,702.45,693.39,5963,15114,1769,1334,2860
4218103,SC,202609,176,572,123120,699.55,699.55,680,1877,166,152,362
4218202,SC,202609,379,1093,237652,635.43,627.05,1845,5095,284,488,1073
4218251,SC,202609,874,2289,606033,693.4,693.4,1875,4402,849,390,636
4218301,SC,202609,653,2056,421302,688.4,645.18,2934,8063,562,936,1436
4218350,SC,202609,125,356,84610,682.34,676.88,282,741,104,82,96
4218400,SC,202609,143,455,97220,679.86,679.86,611,1832,115,200,296
4218509,SC,202609,91,307,62735,689.4,689.4,605,1602,81,162,362
4218608,SC,202609,46,159,31438,683.43,683.43,245,670,38,65,142
4218707,SC,202609,2891,7679,1943114,673.52,672.13,9158,21782,2708,2088,4362
4218756,SC,202609,37,122,20781,561.65,561.65,511,1434,14,81,416
4218806,SC,202609,171,484,100106,585.42,585.42,999,2642,123,341,535
4218855,SC,202609,43,133,27781,646.07,646.07,294,869,33,76,185
4218905,SC,202609,670,1967,470090,704.78,701.63,1747,4270,671,346,730
4218954,SC,202609,245,645,164896,673.04,673.04,602,1432,247,127,228
4219002,SC,202609,311,875,197019,635.55,633.5,1326,3385,256,321,749
4219101,SC,202609,71,237,43064,606.54,606.54,521,1480,48,148,325
4219150,SC,202609,91,254,61516,676.0,676.0,446,1157,82,98,266
4219176,SC,202609,133,388,99077,750.58,744.94,789,1790,156,142,491
4219200,SC,202609,116,343,77453,667.7,667.7,461,1323,100,120,241
4219309,SC,202609,973,2777,626148,661.19,643.52,5150,12345,853,1239,3058
4219358,SC,202609,137,463,98173,727.21,716.59,451,1346,118,151,182
4219408,SC,202609,53,151,34298,647.13,647.13,444,1240,47,88,309
4219507,SC,202609,741,2133,484646,654.93,654.04,3634,9621,654,1016,1964
4219606,SC,202609,40,142,27521,688.03,688.02,181,449,38,41,102
4219705,SC,202609,683,2046,474215,695.33,694.31,4021,10135,736,721,2564
4219853,SC,202609,129,383,90269,705.23,699.76,406,1125,120,90,196
4220000,SC,202609,1012,2971,712737,706.38,704.29,3217,7637,995,704,1518
4300034,RS,202609,269,783,182053,676.78,676.78,947,2218,287,198,462
4300059,RS,202609,239,579,159960,669.29,669.29,613,1337,255,92,266
4300109,RS,202609,799,2093,511843,642.21,640.6,1974,4626,714,496,764
4300208,RS,202609,263,630,167187,635.69,635.69,681,1466,242,137,302
4300307,RS,202609,418,1035,282892,676.78,676.78,1745,3673,459,208,1078
4300406,RS,202609,2946,7900,1946558,661.42,660.75,11455,25429,3137,2949,5369
4300455,RS,202609,238,657,146507,618.17,615.58,740,1659,200,148,392
4300471,RS,202609,40,112,26560,664.0,664.0,338,781,44,41,253
4300505,RS,202609,194,545,123354,635.85,635.85,845,2137,171,229,445
4300554,RS,202609,61,157,39860,653.44,653.44,300,636,61,49,190
4300570,RS,202609,13,35,7055,542.69,542.69,119,291,11,26,82
4300604,RS,202609,13109,35392,8667593,677.31,661.19,32883,76832,12972,7408,12503
4300638,RS,202609,423,1185,289512,684.43,684.43,877,2174,506,158,213
4300646,RS,202609,501,1479,332548,665.1,663.77,1507,3593,484,373,650
4300661,RS,202609,28,74,19301,689.32,689.32,171,432,24,33,114
4300703,RS,202609,21,73,16029,763.29,763.29,504,1325,50,91,363
4300802,RS,202609,175,494,107060,615.29,611.77,906,2353,146,227,533
4300851,RS,202609,282,738,163141,578.51,578.51,1264,2610,219,320,725
4300877,RS,202609,413,1213,271792,664.53,658.09,1306,3185,350,338,618
4300901,RS,202609,78,249,53760,689.23,689.23,492,1232,90,104,298
4301008,RS,202609,196,519,137781,710.21,702.96,3036,6606,358,456,2222
4301057,RS,202609,699,1977,479280,692.6,685.67,2598,5743,1009,457,1132
4301073,RS,202609,32,90,21391,668.47,668.47,195,502,32,49,114
4301107,RS,202609,1470,3516,971538,665.89,660.91,3195,6684,1559,441,1195
4301206,RS,202609,494,1345,322021,655.85,651.86,1592,4014,426,372,794
4301305,RS,202609,1399,3578,958556,686.64,685.17,4609,9166,1810,988,1811
4301404,RS,202609,371,1057,244133,670.7,658.04,1166,2993,352,353,461
4301503,RS,202609,177,556,117347,666.74,662.98,747,1897,133,161,453
4301552,RS,202609,64,161,42575,665.23,665.23,392,941,97,67,228
4301602,RS,202609,9773,24848,6525111,670.48,667.67,27841,56145,12301,4751,10789
4301636,RS,202609,1562,3926,1017955,665.77,651.7,5097,9818,2170,704,2223
4301651,RS,202609,21,60,11651,582.55,554.81,427,1074,13,52,362
4301701,RS,202609,109,367,56637,534.31,519.61,1094,2711,45,243,806
4301750,RS,202609,383,1047,255187,668.03,666.28,948,2242,467,201,280
4301800,RS,202609,246,652,160823,656.42,653.75,738,1779,232,169,337
4301859,RS,202609,140,387,95627,692.95,683.05,687,1602,131,137,419
4301875,RS,202609,415,1122,286172,692.91,689.57,1202,2391,538,182,482
4301909,RS,202609,631,1608,435529,693.52,690.22,2022,4464,836,448,738
4301925,RS,202609,7,18,4450,635.71,635.71,194,459,8,27,159
4301958,RS,202609,16,52,9815,613.44,613.44,573,1538,20,39,514
4302006,RS,202609,296,945,210032,709.57,709.57,1266,3349,273,445,548
4302055,RS,202609,576,1059,370475,648.82,643.19,907,1532,583,83,241
4302105,RS,202609,1107,3124,678633,628.95,613.04,9209,22800,1069,2230,5910
4302154,RS,202609,93,268,64528,693.85,693.85,507,1159,107,105,295
4302204,RS,202609,132,376,84135,637.39,637.39,826,2025,108,132,586
4302220,RS,202609,86,243,55014,639.7,639.7,382,927,81,69,232
4302238,RS,202609,161,434,110189,684.4,684.4,457,1001,178,84,195
4302253,RS,202609,21,55,14185,675.48,675.48,62,146,19,13,30
4302303,RS,202609,1210,3270,827153,688.72,683.6,2837,6335,1212,585,1040
4302352,RS,202609,120,346,76793,639.94,639.94,680,1650,105,191,384
4302378,RS,202609,234,586,150215,641.94,641.94,744,1591,243,123,378
4302402,RS,202609,434,1165,302389,699.97,696.75,1894,4112,429,290,1175
4302451,RS,202609,495,1287,339985,686.84,686.84,963,2308,467,163,333
4302501,RS,202609,391,1120,252294,645.25,645.25,1221,2965,324,279,618
4302584,RS,202609,54,164,37842,700.78,700.78,190,427,59,37,94
4302600,RS,202609,280,786,187617,672.46,670.06,902,1968,272,154,476
4302659,RS,202609,109,339,74234,681.05,681.05,316,890,89,110,117
4302709,RS,202609,1720,4241,1152810,674.55,670.24,3952,8225,1802,642,1508
4302808,RS,202609,1971,4694,1300248,660.36,659.69,6057,12282,2394,1181,2482
4302907,RS,202609,1404,3262,949615,677.33,676.36,2674,5340,1479,368,827
4303004,RS,202609,5835,14266,3923111,674.77,672.34,13545,29215,5799,2598,5148
4303103,RS,202609,6655,17518,4325079,659.81,649.9,22026,49506,6541,4639,10846
4303202,RS,202609,307,855,199702,652.62,650.5,842,2113,244,207,391
4303301,RS,202609,175,480,111092,638.46,634.81,780,1784,163,152,465
4303400,RS,202609,306,825,213647,702.79,698.19,923,1917,413,96,414
4303509,RS,202609,3762,10270,2530033,675.76,672.52,11293,25993,3921,2378,4994
4303558,RS,202609,35,107,24651,704.31,704.31,551,1429,71,70,410
4303608,RS,202609,250,693,171766,692.6,687.06,986,2322,255,232,499
4303673,RS,202609,133,336,86166,673.17,647.86,367,750,164,51,152
4303707,RS,202609,75,218,49365,658.2,658.2,523,1325,67,89,367
4303806,RS,202609,142,427,96077,681.4,676.6,987,2272,153,156,678
4303905,RS,202609,790,2240,523724,669.72,662.94,5975,13700,781,1697,3497
4304002,RS,202609,378,997,248987,665.74,658.7,1094,2442,352,194,548
4304101,RS,202609,306,730,202485,661.72,661.72,818,1604,370,108,340
4304200,RS,202609,1768,4513,1179950,673.49,667.39,4404,9911,1829,763,1812
4304309,RS,202609,56,161,32476,579.93,579.93,502,1237,35,102,365
4304358,RS,202609,731,1970,472937,648.75,646.97,2707,5948,807,551,1349
4304408,RS,202609,2203,5884,1478826,678.67,671.28,6787,15726,2690,1378,2719
4304507,RS,202609,3381,8498,2137280,634.21,632.14,9759,21116,3684,2311,3764
4304606,RS,202609,19396,51685,13214939,684.64,681.32,80723,160244,23335,12494,44894
4304614,RS,202609,52,159,35332,679.46,679.46,260,622,51,33,176
4304622,RS,202609,88,263,58969,677.8,670.1,466,1104,76,96,294
4304630,RS,202609,3449,9537,2399573,695.93,695.73,11326,26364,4334,2339,4653
4304655,RS,202609,254,669,170800,672.44,672.44,634,1456,252,96,286
4304663,RS,202609,2479,6315,1668977,680.94,673.25,7131,15072,3264,1214,2653
4304671,RS,202609,195,522,127990,656.36,656.36,637,1487,201,138,298
4304689,RS,202609,811,2164,554810,692.65,684.11,2175,4648,950,327,898
4304697,RS,202609,31,97,18576,599.23,599.23,645,1683,26,64,555
4304705,RS,202609,1787,5117,1231319,698.82,689.04,7557,17692,2051,1869,3637
4304713,RS,202609,443,1162,297596,671.77,671.77,1092,2476,450,233,409
4304804,RS,202609,190,534,120736,635.45,635.45,965,2463,151,248,566
4304853,RS,202609,21,61,12687,604.14,604.14,204,480,26,37,141
4304903,RS,202609,108,313,66740,623.74,617.96,828,1824,95,161,572
4304952,RS,202609,174,509,116906,687.68,671.87,522,1262,197,105,220
4305009,RS,202609,453,1233,304516,678.21,672.22,1754,3903,464,302,988
4305108,RS,202609,10860,28867,6969052,655.23,641.72,30751,76028,9266,8976,12509
4305116,RS,202609,32,99,21225,663.28,663.28,404,1002,32,71,301
4305124,RS,202609,355,910,231113,660.32,651.02,1167,2480,447,304,416
4305132,RS,202609,277,664,179471,647.91,647.91,1001,2097,281,118,602
4305157,RS,202609,143,404,95061,664.76,664.76,551,1305,137,91,323
4305173,RS,202609,669,1900,447689,681.41,669.19,1792,4388,733,399,660
4305207,RS,202609,345,917,218472,642.56,633.25,1129,2676,294,332,503
4305306,RS,202609,174,498,115192,662.02,662.02,1497,3107,159,223,1115
4305355,RS,202609,1520,3955,1018257,677.48,669.91,4962,10828,1581,989,2392
4305371,RS,202609,421,921,269827,658.11,640.92,753,1545,373,108,272
4305405,RS,202609,195,525,132052,680.68,677.19,796,1733,174,146,476
4305439,RS,202609,244,673,167185,685.18,685.18,1426,2724,406,329,691
4305447,RS,202609,215,593,135938,632.27,632.27,728,1824,182,178,368
4305454,RS,202609,1211,3399,825847,692.82,681.95,3804,8495,1517,731,1556
4305504,RS,202609,103,283,69551,675.25,675.25,599,1459,104,144,351
4305587,RS,202609,38,121,27196,715.68,715.68,266,663,39,35,192
4305603,RS,202609,75,187,47630,635.07,635.07,378,815,68,55,255
4305702,RS,202609,331,821,212845,646.95,643.04,935,2085,302,166,467
4305801,RS,202609,350,963,243866,696.76,696.76,1243,2774,435,262,546
4305835,RS,202609,17,45,10703,629.59,629.59,259,617,15,17,227
4305850,RS,202609,41,106,26436,644.78,644.78,257,602,47,60,150
4305871,RS,202609,79,237,53880,682.03,682.03,383,951,71,61,251
4305900,RS,202609,495,1389,321327,655.77,649.15,1516,3517,440,341,735
4305934,RS,202609,9,32,5422,602.44,602.44,63,165,10,17,36
4305959,RS,202609,21,60,14234,677.81,677.81,498,1256,18,46,434
4305975,RS,202609,69,182,45140,654.2,654.2,596,1426,96,97,403
4306007,RS,202609,276,787,172743,630.45,625.88,2224,5434,216,469,1539
4306056,RS,202609,555,1461,375493,677.79,676.56,1736,3954,649,362,725
4306072,RS,202609,246,601,160060,650.65,650.65,1017,2104,286,126,605
4306106,RS,202609,3065,8032,2083068,682.53,679.63,8911,19617,2747,2094,4070
4306130,RS,202609,22,69,13797,627.14,627.14,198,501,18,37,143
4306205,RS,202609,289,752,181071,633.12,626.54,2197,4553,321,300,1576
4306304,RS,202609,66,181,39200,593.94,593.94,461,1203,51,77,333
4306320,RS,202609,77,232,50819,659.99,659.99,376,957,71,52,253
4306353,RS,202609,271,681,181478,669.66,669.66,677,1469,272,87,318
4306379,RS,202609,248,643,173760,700.65,700.65,666,1450,256,128,282
4306403,RS,202609,247,758,156094,642.36,631.96,1209,3288,190,339,680
4306429,RS,202609,109,309,75838,695.76,695.76,680,1620,131,112,437
4306452,RS,202609,31,80,20034,646.26,646.26,168,410,31,42,95
4306502,RS,202609,860,2664,589725,688.13,685.73,2072,5217,870,520,682
4306551,RS,202609,92,246,60469,657.27,657.27,493,1169,133,73,287
4306601,RS,202609,2164,5705,1455074,681.21,672.4,6601,14593,2740,1276,2585
4306700,RS,202609,230,561,151229,660.39,657.52,661,1411,235,106,320
4306734,RS,202609,127,329,85249,676.58,671.25,540,1142,153,88,299
4306759,RS,202609,25,85,18540,741.6,741.6,367,978,25,30,312
4306767,RS,202609,3554,9071,2342662,668.0,659.16,13028,25469,4704,1868,6456
4306809,RS,202609,639,1726,427100,670.49,668.39,2477,5594,594,360,1523
4306908,RS,202609,1723,4418,1157889,674.76,672.02,4982,10815,1954,975,2053
4306924,RS,202609,152,411,109552,720.74,720.74,290,682,161,30,99
4306932,RS,202609,268,818,172048,661.72,641.97,1226,3060,208,300,718
4306957,RS,202609,141,374,91850,651.42,651.42,661,1465,170,102,389
4306973,RS,202609,303,775,206967,683.06,683.06,722,1563,314,104,304
4307005,RS,202609,2325,6669,1506268,656.33,647.86,10864,26562,1866,2780,6218
4307054,RS,202609,73,200,48488,664.22,664.22,421,944,93,75,253
4307104,RS,202609,898,1952,592644,661.43,659.96,2461,4390,1098,278,1085
4307203,RS,202609,265,717,178286,677.89,672.78,990,2232,313,192,485
4307302,RS,202609,324,940,212871,659.04,657.01,1256,3143,287,278,691
4307401,RS,202609,161,499,105985,658.29,658.29,719,1829,144,179,396
4307450,RS,202609,258,670,173889,673.99,673.99,745,1669,318,123,304
4307500,RS,202609,804,2103,530597,664.08,659.95,2305,5141,867,427,1011
4307559,RS,202609,159,426,106233,668.13,668.13,573,1332,170,119,284
4307609,RS,202609,1245,3419,812716,661.82,652.78,3693,8590,1137,953,1603
4307708,RS,202609,4252,11082,2835488,670.8,666.86,13645,29868,4293,2402,6950
4307807,RS,202609,1182,3056,806393,689.81,682.23,4343,9242,1167,671,2505
4307815,RS,202609,294,748,197864,673.01,673.01,732,1713,309,91,332
4307831,RS,202609,148,402,97481,658.66,658.66,530,1128,145,95,290
4307864,RS,202609,9,28,5190,576.67,576.67,46,133,9,12,25
4307906,RS,202609,2018,5475,1337234,671.3,662.65,6166,14313,2059,1333,2774
4308003,RS,202609,477,1110,315742,663.32,661.93,973,2088,451,163,359
4308052,RS,202609,162,400,108287,672.59,668.44,434,979,195,73,166
4308078,RS,202609,206,558,136126,664.03,660.81,798,1872,186,164,448
4308102,RS,202609,105,315,64114,616.48,610.61,882,2157,92,195,595
4308201,RS,202609,349,1050,221011,635.09,633.27,1814,4884,245,425,1144
4308250,RS,202609,39,94,22094,566.51,566.51,289,648,33,56,200
4308300,RS,202609,983,2579,664539,676.03,676.03,3005,6404,1240,453,1312
4308409,RS,202609,547,1369,352458,644.35,644.35,1454,3129,503,280,671
4308433,RS,202609,21,53,11566,550.76,550.76,356,856,14,41,301
4308458,RS,202609,148,402,98605,666.25,666.25,651,1486,137,145,369
4308508,RS,202609,830,2417,567304,690.99,683.5,3176,7652,845,799,1532
4308607,RS,202609,306,819,201714,665.72,659.2,1625,3912,289,297,1039
4308656,RS,202609,209,565,139701,671.64,668.43,987,2141,235,111,641
4308706,RS,202609,88,293,60788,698.71,690.77,742,1836,107,110,525
4308805,RS,202609,659,1610,426375,649.96,647.0,1908,3937,614,320,974
4308854,RS,202609,54,161,33848,626.81,626.81,265,713,37,59,169
4308904,RS,202609,304,843,204315,690.25,672.09,1654,3731,335,428,891
4309001,RS,202609,1343,3218,868114,647.85,646.4,3941,7807,1275,662,2004
4309050,RS,202609,323,878,209233,662.13,647.78,1171,2766,296,255,620
4309100,RS,202609,846,2382,559603,665.4,661.47,2953,7503,949,756,1248
4309126,RS,202609,249,707,175035,702.95,702.95,713,1765,217,126,370
4309159,RS,202609,154,452,100699,653.89,653.89,702,1786,127,191,384
4309209,RS,202609,15673,42163,10475464,675.05,668.38,40292,91408,15903,8045,16344
4309258,RS,202609,23,62,15860,689.57,689.57,107,234,34,18,55
4309308,RS,202609,5923,15516,3981775,681.11,672.26,19635,41881,7602,3098,8935
4309407,RS,202609,526,1445,366888,702.85,697.51,1963,4502,683,461,819
4309506,RS,202609,284,741,171005,602.13,602.13,890,2019,230,201,459
4309555,RS,202609,47,141,27795,604.24,591.38,459,1207,39,64,356
4309571,RS,202609,165,468,108473,657.41,657.41,303,803,139,76,88
4309605,RS,202609,439,1162,298713,686.7,680.44,1823,4002,514,330,979
4309654,RS,202609,760,2032,511675,673.26,673.26,2093,4354,738,374,981
4309704,RS,202609,119,332,79593,668.85,668.85,688,1543,115,115,458
4309753,RS,202609,140,403,91319,656.97,652.28,577,1505,138,198,241
4309803,RS,202609,132,376,83954,636.02,636.02,490,1225,114,136,240
4309902,RS,202609,265,746,174108,657.01,657.01,774,1892,239,209,326
4309951,RS,202609,176,443,118695,674.4,674.4,835,1821,237,126,472
4310009,RS,202609,216,627,137294,644.57,635.62,2207,5040,224,474,1509
4310108,RS,202609,1186,3160,759593,652.57,640.47,5773,12902,1129,1152,3492
4310207,RS,202609,3125,8091,2092441,678.48,669.58,11474,24199,3132,2234,6108
4310306,RS,202609,52,190,32982,646.71,634.27,400,1050,33,126,241
4310330,RS,202609,1589,4411,1018575,659.27,641.02,5881,13195,1787,1436,2658
4310363,RS,202609,23,66,14057,611.17,611.17,272,654,20,34,218
4310405,RS,202609,377,1003,259876,689.33,689.33,1227,2733,398,187,642
4310413,RS,202609,133,351,88750,667.29,667.29,491,1087,153,102,236
4310439,RS,202609,142,389,92912,654.31,654.31,473,1141,171,110,192
4310462,RS,202609,13,38,8344,641.85,641.85,91,242,13,15,63
4310504,RS,202609,595,1593,411587,694.08,691.74,1731,3692,599,335,797
4310538,RS,202609,240,659,156810,656.11,653.38,983,2133,255,190,538
4310553,RS,202609,326,854,220850,677.45,677.45,889,1848,373,133,383
4310579,RS,202609,48,151,28071,597.26,584.81,279,755,34,81,164
4310603,RS,202609,2153,5741,1435671,672.13,666.82,7270,15431,2658,1455,3157
4310652,RS,202609,166,474,115061,693.14,693.14,686,1559,215,112,359
4310702,RS,202609,103,307,69562,675.36,675.36,523,1282,94,122,307
4310751,RS,202609,68,195,43535,640.22,640.22,309,752,64,57,188
4310801,RS,202609,177,495,107417,613.81,606.88,1062,2694,179,310,573
4310850,RS,202609,184,497,117333,641.16,637.68,1068,2444,169,196,703
4310876,RS,202609,226,636,152175,673.34,673.34,567,1404,226,100,241
4310900,RS,202609,59,167,39276,665.69,665.69,440,996,54,76,310
4311007,RS,202609,1769,4356,1174577,666.99,663.98,5895,11756,2315,1118,2462
4311106,RS,202609,729,1840,488519,670.12,670.12,1860,4092,811,287,762
4311122,RS,202609,339,902,229170,678.02,676.02,807,1890,400,158,249
4311130,RS,202609,268,783,166443,621.06,621.06,812,1899,254,182,376
4311155,RS,202609,643,1648,432743,673.01,673.01,1545,3468,638,247,660
4311205,RS,202609,1269,3294,864660,687.88,681.37,3557,7671,1317,702,1538
4311239,RS,202609,144,374,90323,627.24,627.24,503,1207,126,96,281
4311254,RS,202609,607,1683,395230,651.12,651.12,1529,3545,674,239,616
4311270,RS,202609,24,73,16207,675.29,675.29,258,626,28,25,205
4311304,RS,202609,1496,3835,1014139,682.0,677.9,4175,9300,1812,811,1552
4311403,RS,202609,1789,4891,1127665,648.08,630.33,10949,24900,1506,2106,7337
4311429,RS,202609,283,768,191425,676.41,676.41,878,1906,329,171,378
4311502,RS,202609,536,1438,360626,676.6,672.81,1446,3231,638,289,519
4311601,RS,202609,236,660,166371,704.96,704.96,1012,2383,238,177,597
4311627,RS,202609,242,727,175001,729.17,723.14,851,2096,267,143,441
4311643,RS,202609,12,34,7370,614.17,614.17,146,362,13,24,109
4311700,RS,202609,143,403,92045,643.67,643.67,667,1535,147,186,334
4311718,RS,202609,491,1251,330443,673.0,673.0,1276,2641,589,189,498
4311734,RS,202609,197,606,138284,701.95,701.95,553,1332,211,120,222
4311759,RS,202609,394,1087,261924,666.47,664.78,1622,3611,432,319,871
4311775,RS,202609,487,1354,333124,688.27,684.03,1403,3265,601,211,591
4311791,RS,202609,39,126,24142,619.03,619.03,277,621,30,41,206
4311809,RS,202609,860,2419,553568,649.73,643.68,4153,9898,876,1031,2246
4311908,RS,202609,77,237,53348,701.95,692.83,777,1776,92,119,566
4311981,RS,202609,246,718,170510,704.59,693.13,518,1332,274,110,134
4312005,RS,202609,37,97,21280,575.14,575.14,412,955,49,52,311
4312054,RS,202609,41,123,25530,622.68,622.68,747,1721,40,97,610
4312104,RS,202609,301,745,201613,669.81,669.81,849,1852,324,199,326
4312138,RS,202609,144,382,99703,697.22,692.38,557,1303,146,88,323
4312153,RS,202609,140,397,91978,656.99,656.99,718,1675,119,147,452
4312179,RS,202609,72,190,49553,688.24,688.24,238,535,93,46,99
4312203,RS,202609,208,590,141201,678.85,678.85,880,1950,231,150,499
4312252,RS,202609,927,2242,627639,680.74,677.06,2083,4127,978,289,816
4312302,RS,202609,377,1025,259844,689.24,689.24,1210,2783,411,186,613
4312351,RS,202609,3,4,1950,650.0,650.0,197,547,4,15,178
4312377,RS,202609,185,592,130851,707.3,707.3,521,1437,163,122,236
4312385,RS,202609,14,50,10473,748.07,748.07,26,81,12,9,5
4312401,RS,202609,2660,6870,1761653,670.34,662.28,7310,16468,2520,1701,3089
4312427,RS,202609,121,304,80202,662.83,662.83,500,1085,165,91,244
4312443,RS,202609,75,219,46092,622.86,614.56,500,1251,62,86,352
4312450,RS,202609,432,1089,294296,681.24,681.24,1609,3374,551,261,797
4312476,RS,202609,39,113,25242,647.23,647.23,311,707,41,62,208
4312500,RS,202609,975,2632,669051,694.76,686.21,3023,6212,1248,493,1282
4312609,RS,202609,85,227,52867,629.37,621.96,757,1799,81,104,572
4312617,RS,202609,149,438,105114,719.96,705.46,412,1048,183,76,153
4312625,RS,202609,72,230,49972,694.06,694.06,316,744,64,55,197
4312658,RS,202609,247,665,158599,658.09,642.1,2070,4633,298,300,1472
4312674,RS,202609,60,170,41809,696.82,696.82,228,551,60,54,114
4312708,RS,202609,938,2318,625317,670.94,666.65,3909,7851,1123,624,2162
4312757,RS,202609,58,156,36175,623.71,623.71,181,445,58,30,93
4312807,RS,202609,54,173,36094,668.41,668.41,304,808,41,74,189
4312906,RS,202609,60,222,37955,632.58,632.58,484,1485,41,124,319
4312955,RS,202609,16,50,11721,732.56,732.56,154,350,23,16,115
4313003,RS,202609,47,139,31267,665.26,665.26,497,1241,40,54,403
4313011,RS,202609,14,39,8875,633.93,633.93,324,858,12,41,271
4313037,RS,202609,232,543,150229,647.54,647.54,1009,2170,239,193,577
4313060,RS,202609,719,1921,487493,680.86,678.02,2022,4760,680,483,859
4313086,RS,202609,11,43,8102,736.55,736.55,47,152,6,23,18
4313102,RS,202609,209,532,135221,646.99,646.99,718,1636,191,138,389
4313201,RS,202609,188,564,126290,675.35,671.76,928,2393,185,243,500
4313300,RS,202609,491,1436,293949,606.08,598.67,2542,6002,378,593,1571
4313334,RS,202609,35,103,23644,675.54,675.54,186,472,35,42,109
4313359,RS,202609,26,72,19612,754.31,754.31,84,211,34,14,36
4313375,RS,202609,2385,5936,1564133,661.93,655.82,7144,14997,2716,1126,3302
4313391,RS,202609,234,607,149026,636.86,636.86,698,1588,232,139,327
4313409,RS,202609,9075,23773,5989533,665.43,660.0,25787,58951,8548,5597,11642
4313425,RS,202609,165,469,110141,671.59,667.52,417,976,156,76,185
4313441,RS,202609,95,272,60258,634.29,634.29,495,1168,81,96,318
4313466,RS,202609,30,93,19282,642.73,642.73,297,716,23,46,228
4313490,RS,202609,319,866,204285,640.39,640.39,1118,2436,330,191,597
4313508,RS,202609,2522,6863,1708659,690.93,677.5,6988,15652,3042,1304,2642
4313607,RS,202609,113,342,69748,628.36,617.24,698,1647,93,118,487
4313656,RS,202609,1205,3059,811865,687.44,673.75,3809,7473,1626,556,1627
4313706,RS,202609,2100,5446,1390811,666.42,662.29,6989,14739,2534,1242,3213
4313805,RS,202609,454,1278,309898,684.1,682.59,1421,3353,578,244,599
4313904,RS,202609,1018,2628,670066,666.73,658.22,2947,6731,898,551,1498
4313953,RS,202609,1016,2488,686922,677.44,676.1,2464,5058,1009,351,1104
4314001,RS,202609,46,143,27915,606.85,606.85,399,1038,28,110,261
4314027,RS,202609,407,1073,275126,675.99,675.99,989,2243,403,157,429
4314035,RS,202609,87,239,56437,663.96,648.7,340,857,93,85,162
4314050,RS,202609,2952,8331,2047517,700.48,693.6,9292,21546,3236,1882,4174
4314068,RS,202609,181,540,108187,601.04,597.72,671,1679,118,177,376
4314076,RS,202609,241,651,157631,654.07,654.07,756,1777,196,199,361
4314100,RS,202609,8184,22697,5596334,693.65,683.81,26341,60640,9601,5246,11494
4314134,RS,202609,14,39,9232,659.43,659.43,328,889,14,34,280
4314159,RS,202609,284,789,188445,675.43,663.54,951,2333,259,217,475
4314175,RS,202609,170,425,109637,644.92,644.92,678,1360,237,98,343
4314209,RS,202609,724,1700,484804,676.16,669.62,2043,3972,938,309,796
4314308,RS,202609,164,454,110864,680.15,676.0,784,1751,158,116,510
4314407,RS,202609,18669,45266,12282156,664.44,657.89,59579,121070,24571,11767,23241
4314423,RS,202609,16,54,12180,761.25,761.25,195,526,26,38,131
4314456,RS,202609,37,118,24456,660.97,660.97,539,1453,63,93,383
4314464,RS,202609,133,389,92210,693.31,693.31,372,946,158,75,139
4314472,RS,202609,207,589,140370,678.12,678.12,817,1937,218,147,452
4314498,RS,202609,278,749,188244,682.04,677.14,1083,2573,374,196,513
4314506,RS,202609,945,2158,607175,644.56,642.51,2793,5344,1130,485,1178
4314548,RS,202609,28,81,17957,641.32,641.32,112,310,32,41,39
4314555,RS,202609,140,354,89912,642.23,642.23,683,1497,129,113,441
4314605,RS,202609,1322,3171,878356,665.93,664.41,4744,9134,1805,838,2101
4314704,RS,202609,538,1504,362914,675.82,674.56,1686,4167,465,386,835
4314753,RS,202609,14,53,11676,834.0,834.0,291,761,10,24,257
4314779,RS,202609,170,461,115530,679.59,679.59,781,1789,227,105,449
4314787,RS,202609,17,65,10408,612.24,612.24,304,836,11,34,259
4314803,RS,202609,1254,3349,809630,650.83,645.64,4139,10023,1079,1208,1852
4314902,RS,202609,80592,194472,53255427,665.1,660.8,235963,462676,92949,36541,106473
4315008,RS,202609,177,493,118512,677.21,669.56,745,1751,176,133,436
4315057,RS,202609,115,306,74645,649.09,649.09,375,883,100,79,196
4315073,RS,202609,49,149,30707,626.67,626.67,327,762,35,56,236
4315107,RS,202609,668,1864,451067,678.3,675.25,2444,5674,720,450,1274
4315131,RS,202609,41,112,25232,615.41,615.41,315,680,39,50,226
4315149,RS,202609,43,117,29160,678.14,678.14,163,412,50,31,82
4315156,RS,202609,218,557,138308,637.36,634.44,850,1929,189,177,484
4315172,RS,202609,35,109,23699,677.11,677.11,113,324,32,33,48
4315206,RS,202609,66,190,43441,658.2,658.2,448,1071,62,71,315
4315305,RS,202609,1682,4679,1104327,659.3,656.56,6686,14629,1826,1364,3496
4315313,RS,202609,56,178,38509,700.16,687.66,302,694,76,44,182
4315321,RS,202609,229,573,148046,646.49,646.49,700,1492,219,131,350
4315354,RS,202609,66,178,39656,600.85,600.85,338,824,60,73,205
4315404,RS,202609,1496,3911,1010851,680.25,675.7,3008,6791,1436,509,1063
4315453,RS,202609,33,86,20959,635.12,635.12,412,996,33,49,330
4315503,RS,202609,984,2542,649504,667.53,660.07,2998,6732,968,571,1459
4315552,RS,202609,238,597,157475,661.66,661.66,806,1712,261,102,443
4315602,RS,202609,9409,25818,6255492,672.2,664.84,43826,91359,11323,9666,22837
4315701,RS,202609,3154,7685,2091482,668.42,663.12,7055,14560,3291,1073,2691
4315750,RS,202609,159,416,107895,678.58,678.58,556,1294,194,131,231
4315800,RS,202609,366,991,250196,687.35,683.6,1628,3714,356,227,1045
4315909,RS,202609,260,762,159321,612.77,612.77,1262,3138,216,309,737
4315958,RS,202609,126,338,83144,659.87,659.87,513,1167,130,88,295
4316006,RS,202609,651,1746,412046,640.82,632.94,2585,6132,552,652,1381
4316105,RS,202609,494,1331,347251,704.36,702.94,2206,4721,509,434,1263
4316204,RS,202609,163,440,108274,664.26,664.26,581,1346,177,80,324
4316303,RS,202609,220,643,134089,617.92,609.5,1455,3460,167,308,980
4316402,RS,202609,4862,10782,3267939,674.5,672.14,9726,18608,5803,926,2997
4316428,RS,202609,165,439,108842,659.65,659.65,771,1718,200,138,433
4316436,RS,202609,61,168,36560,599.34,599.34,359,847,51,58,250
4316451,RS,202609,1191,2416,769105,649.58,645.76,2951,5247,1470,362,1119
4316477,RS,202609,15,62,10012,667.47,667.47,347,863,8,53,286
4316501,RS,202609,45,144,28380,645.0,630.67,222,534,41,55,126
4316600,RS,202609,137,392,79583,580.9,580.9,875,2324,84,253,538
4316709,RS,202609,489,1210,323014,661.91,660.56,1730,3552,538,276,916
4316733,RS,202609,42,142,31642,753.38,753.38,283,739,51,43,189
4316758,RS,202609,29,93,17211,593.48,593.48,573,1508,18,95,460
4316808,RS,202609,5117,12949,3272515,649.18,639.54,15027,33292,4549,3234,7244
4316907,RS,202609,13992,35632,9231249,667.24,659.75,39487,85834,14156,8549,16782
4316956,RS,202609,62,154,36869,594.66,594.66,328,755,60,70,198
4316972,RS,202609,172,442,112891,656.34,656.34,551,1198,200,109,242
4317004,RS,202609,660,1633,429929,651.41,651.41,1862,3989,677,387,798
4317103,RS,202609,6612,17725,4512743,684.06,682.51,19475,40374,8067,3357,8051
4317202,RS,202609,1786,4997,1154483,654.84,646.41,10110,22587,1427,2539,6144
4317251,RS,202609,9,21,5155,572.78,572.78,68,151,7,12,49
4317301,RS,202609,1806,4588,1207228,668.82,668.45,6528,13188,2261,1152,3115
4317400,RS,202609,1755,4606,1114849,639.98,635.24,6090,13956,1472,1622,2996
4317509,RS,202609,3090,8274,2090769,684.6,676.62,11952,26519,2845,2944,6163
4317558,RS,202609,13,45,7574,582.62,582.62,400,1019,8,48,344
4317608,RS,202609,2174,5502,1417105,657.28,651.84,6390,13635,2351,1216,2823
4317707,RS,202609,1019,2530,673311,665.99,660.76,2933,5821,1079,541,1313
4317756,RS,202609,54,145,36576,677.33,677.33,364,824,63,45,256
4317806,RS,202609,706,1906,467368,662.93,661.99,2752,5941,778,545,1429
4317905,RS,202609,242,729,142145,589.81,587.38,979,2444,141,275,563
4317954,RS,202609,56,169,39620,707.5,707.5,308,756,65,67,176
4318002,RS,202609,2230,6144,1520772,686.89,681.96,10465,22581,3031,2479,4955
4318051,RS,202609,7,30,3541,505.86,505.86,224,601,4,29,191
4318101,RS,202609,1274,3175,851601,671.08,668.45,3789,7973,1398,681,1710
4318200,RS,202609,1014,2866,683668,694.78,674.23,3093,7236,1197,621,1275
4318309,RS,202609,2768,7505,1839925,666.64,664.71,10333,22822,3129,2525,4679
4318408,RS,202609,1531,3948,1030091,679.48,672.82,4336,9107,1788,682,1866
4318424,RS,202609,49,135,28720,586.12,586.12,635,1520,39,112,484
4318432,RS,202609,117,373,75803,647.89,647.89,367,1006,90,88,189
4318440,RS,202609,28,85,19293,689.04,689.04,219,543,25,32,162
4318457,RS,202609,156,434,104921,672.57,672.57,656,1561,146,114,396
4318465,RS,202609,139,371,90999,654.67,654.67,386,845,164,75,147
4318481,RS,202609,24,71,14864,619.33,619.33,160,428,23,46,91
4318499,RS,202609,18,53,11525,640.28,640.28,474,1104,18,40,416
4318507,RS,202609,1188,3543,727044,616.14,611.99,6447,15374,910,2184,3353
4318606,RS,202609,182,464,122096,670.86,670.86,857,2006,183,152,522
4318614,RS,202609,26,77,14200,645.45,546.15,139,354,29,38,72
4318622,RS,202609,317,1004,222165,707.53,700.84,748,1944,347,154,247
4318705,RS,202609,13135,34914,8862392,685.63,674.72,40211,84157,14553,7624,18034
4318804,RS,202609,1690,4448,1093548,652.47,647.07,5198,11936,1756,1202,2240
4318903,RS,202609,1767,4828,1160354,663.44,656.68,6042,14412,1497,1384,3161
4319000,RS,202609,383,998,258416,678.26,674.72,1410,3261,449,257,704
4319109,RS,202609,135,379,92328,683.91,683.91,970,2160,145,138,687
4319125,RS,202609,304,814,201323,662.25,662.25,769,1788,302,161,306
4319158,RS,202609,649,1568,443747,685.85,683.74,1415,2950,730,209,476
4319208,RS,202609,699,1641,469302,675.25,671.39,1652,3129,890,184,578
4319307,RS,202609,153,452,88826,588.25,580.56,830,2138,110,191,529
4319356,RS,202609,15,50,10811,772.21,720.73,119,279,20,16,83
4319364,RS,202609,127,339,85125,670.28,670.28,454,1066,145,62,247
4319372,RS,202609,48,136,31161,663.0,649.19,277,646,47,64,166
4319406,RS,202609,1072,2749,725366,677.28,676.65,3168,6973,1019,598,1551
4319505,RS,202609,713,1982,458479,662.54,643.03,3559,7685,640,857,2062
4319604,RS,202609,1098,2910,704872,648.46,641.96,3400,7997,926,1025,1449
4319703,RS,202609,61,186,41181,675.1,675.1,531,1281,52,91,388
4319711,RS,202609,29,87,19561,674.52,674.52,141,346,31,25,85
4319737,RS,202609,524,1191,349724,668.69,667.41,903,2001,492,127,284
4319752,RS,202609,15,48,7932,528.8,528.8,193,478,9,23,161
4319802,RS,202609,772,1827,517436,670.25,670.25,1669,3469,781,258,630
4319901,RS,202609,3718,10016,2567800,699.1,690.64,10894,23672,4232,2056,4606
4320008,RS,202609,8105,20519,5308050,664.84,654.91,21939,46351,8238,4166,9535
4320107,RS,202609,911,2538,596860,660.24,655.17,3612,8304,914,747,1951
4320206,RS,202609,468,1302,315062,676.1,673.21,2000,4569,480,442,1078
4320230,RS,202609,106,279,68825,655.48,649.29,755,1623,105,116,534
4320263,RS,202609,588,1541,386990,658.15,658.15,1317,3112,596,294,427
4320305,RS,202609,96,276,56194,597.81,585.35,536,1313,77,125,334
4320321,RS,202609,106,267,70856,668.45,668.45,403,895,117,70,216
4320354,RS,202609,357,976,242020,681.75,677.93,1156,2563,486,218,452
4320404,RS,202609,232,668,155511,679.09,670.31,1164,2853,239,232,693
4320453,RS,202609,41,124,27989,682.66,682.66,204,498,35,56,113
4320503,RS,202609,188,496,119305,634.6,634.6,660,1554,169,168,323
4320552,RS,202609,307,796,205148,677.06,668.23,907,2022,388,139,380
4320578,RS,202609,80,180,51370,642.13,642.12,316,716,84,41,191
4320602,RS,202609,52,166,33098,636.5,636.5,569,1265,40,77,452
4320651,RS,202609,92,260,56677,616.05,616.05,298,741,84,81,133
4320677,RS,202609,433,1178,248075,572.92,572.92,1148,2852,300,352,496
4320701,RS,202609,756,2002,513666,684.89,679.45,1979,4491,859,400,720
4320800,RS,202609,1620,4291,1096565,683.64,676.89,6639,14268,1927,1419,3293
4320859,RS,202609,246,712,172053,708.04,699.4,517,1362,232,129,156
4320909,RS,202609,689,1935,452517,664.49,656.77,3143,7675,624,647,1872
4321006,RS,202609,123,368,75771,616.02,616.02,1034,2451,78,309,647
4321105,RS,202609,815,2056,540422,668.84,663.09,2910,6458,1016,723,1171
4321204,RS,202609,1939,5212,1252743,654.17,646.08,5358,12978,1580,1461,2317
4321303,RS,202609,1614,4154,1104936,685.02,684.59,3758,8130,1513,686,1559
4321329,RS,202609,75,215,47467,632.89,632.89,386,914,75,79,232
4321352,RS,202609,344,933,237135,703.66,689.35,1238,2690,406,247,585
4321402,RS,202609,1469,3505,1006328,685.98,685.04,2708,5956,1489,435,784
4321436,RS,202609,750,2009,499278,673.79,665.7,2359,5269,831,513,1015
4321451,RS,202609,522,1459,328290,636.22,628.91,2641,6216,394,627,1620
4321469,RS,202609,46,127,28585,621.41,621.41,184,446,39,54,91
4321477,RS,202609,159,468,107550,676.42,676.42,747,1871,139,175,433
4321493,RS,202609,132,347,87822,665.32,665.32,666,1430,163,71,432
4321501,RS,202609,2183,5693,1471136,677.63,673.91,7079,15070,2810,1367,2902
4321600,RS,202609,3620,9820,2485639,696.65,686.64,11708,25267,4653,2312,4743
4321626,RS,202609,7,23,4077,582.43,582.43,310,657,5,17,288
4321634,RS,202609,10,34,8000,800.0,800.0,296,662,12,11,273
4321667,RS,202609,242,718,159102,662.93,657.45,899,2341,231,281,387
4321709,RS,202609,530,1562,362331,694.12,683.64,2168,5282,507,584,1077
4321808,RS,202609,868,2319,554207,639.96,638.49,3529,8004,742,657,2130
4321832,RS,202609,249,670,166952,673.19,670.49,652,1523,291,110,251
4321857,RS,202609,331,912,236049,715.3,713.14,1164,2612,330,194,640
4321907,RS,202609,1137,3026,764088,674.39,672.02,3665,7807,1127,586,1952
4321956,RS,202609,242,726,158694,655.76,655.76,1346,3340,221,303,822
4322004,RS,202609,1855,4908,1250440,682.55,674.09,5512,12372,1920,888,2704
4322103,RS,202609,171,454,109148,653.58,638.29,590,1350,174,114,302
4322152,RS,202609,296,888,200058,675.87,675.87,920,2263,301,234,385
4322186,RS,202609,43,92,26670,620.23,620.23,355,731,64,42,249
4322202,RS,202609,2015,4795,1355635,674.45,672.77,5186,10400,2278,706,2202
4322251,RS,202609,50,139,30321,606.42,606.42,208,536,42,67,99
4322301,RS,202609,167,465,112234,672.06,672.06,823,1971,145,178,500
4322327,RS,202609,148,404,98537,665.79,665.79,565,1325,145,118,302
4322343,RS,202609,55,164,37994,690.8,690.8,270,634,63,43,164
4322350,RS,202609,18,53,12937,718.72,718.72,60,139,23,10,27
4322376,RS,202609,206,525,136135,660.85,660.85,337,803,189,66,82
4322400,RS,202609,7832,21387,5284092,684.29,674.68,21193,46380,8254,4106,8833
4322509,RS,202609,3664,9835,2496256,690.72,681.29,11344,26366,4398,2074,4872
4322525,RS,202609,168,450,107783,653.23,641.57,648,1554,162,141,345
4322533,RS,202609,520,1408,338169,650.33,650.33,1377,3393,457,336,584
4322541,RS,202609,35,102,22286,675.33,636.74,603,1448,42,71,490
4322558,RS,202609,25,76,15316,612.64,612.64,208,492,21,29,158
4322608,RS,202609,2857,7515,1868918,659.46,654.15,8645,19501,2487,1769,4389
4322707,RS,202609,1355,3618,873628,648.57,644.74,3619,8367,1146,890,1583
4322806,RS,202609,175,488,100580,595.15,574.74,1045,2671,127,282,636
4322855,RS,202609,12,28,8000,666.67,666.67,190,523,15,11,164
4322905,RS,202609,109,351,77260,708.81,708.81,416,1063,141,65,210
4323002,RS,202609,17520,46378,11776096,676.44,672.15,44605,100346,17907,8803,17895
4323101,RS,202609,542,1474,366339,675.9,675.9,1277,2931,578,213,486
4323200,RS,202609,38,125,25937,682.55,682.55,307,749,39,55,213
4323309,RS,202609,22,60,15202,691.0,691.0,281,693,25,44,212
4323358,RS,202609,16,47,11914,744.63,744.62,207,553,17,37,153
4323408,RS,202609,73,211,49394,686.03,676.63,459,1129,98,82,279
4323457,RS,202609,682,1323,453297,665.63,664.66,1151,2042,700,137,314
4323507,RS,202609,78,239,53654,687.87,687.87,419,947,81,65,273
4323606,RS,202609,16,52,12983,811.44,811.44,281,844,18,19,244
4323705,RS,202609,81,236,53581,661.49,661.49,542,1275,68,110,364
4323754,RS,202609,174,453,113326,651.3,651.3,614,1396,172,134,308
4323770,RS,202609,9,29,6137,681.89,681.89,232,629,10,24,198
4323804,RS,202609,729,2151,496825,692.92,681.52,2533,6547,653,643,1237
5000203,MS,202609,1515,4224,1022380,681.59,674.84,5132,10946,1512,939,2681
5000252,MS,202609,440,1219,307285,698.38,698.38,1522,3294,531,218,773
5000609,MS,202609,5586,12736,3788290,679.88,678.18,12755,27386,6302,2109,4344
5000708,MS,202609,2129,5834,1449038,684.15,680.62,7119,15515,2057,1714,3348
5000807,MS,202609,554,1517,383933,694.27,693.02,2130,4698,612,395,1123
5000856,MS,202609,827,2302,586107,709.57,708.71,2814,6315,866,509,1439
5000906,MS,202609,803,2286,564624,703.14,703.14,2781,6215,762,821,1198
5001003,MS,202609,1862,5174,1269826,684.54,681.97,5960,13481,1818,1449,2693
5001102,MS,202609,5274,14661,3725737,706.7,706.43,15847,34493,5487,3174,7186
5001243,MS,202609,1466,3794,1041138,710.19,710.19,3425,7451,1684,582,1159
5001508,MS,202609,759,2034,537625,708.33,708.33,2168,4476,925,333,910
5001904,MS,202609,1645,4358,1094612,665.42,665.42,6185,14614,1450,1508,3227
5002001,MS,202609,969,2536,662911,686.24,684.12,3106,6825,983,480,1643
5002100,MS,202609,2458,6609,1713628,697.45,697.16,6779,14418,2994,1117,2668
5002159,MS,202609,692,2047,488803,709.44,706.36,2149,5104,657,415,1077
5002209,MS,202609,1735,5121,1217626,703.42,701.8,5297,12887,1872,1161,2264
5002308,MS,202609,1046,2817,698845,671.32,668.11,3274,7343,1021,648,1605
5002407,MS,202609,1627,4896,1101443,676.98,676.98,5101,13599,1365,1634,2102
5002605,MS,202609,1199,3155,835019,697.59,696.43,4082,8241,1386,645,2051
5002704,MS,202609,49908,137691,34689744,695.72,695.07,180517,400142,53125,40362,87030
5002803,MS,202609,549,1688,336429,612.8,612.8,1643,4122,365,484,794
5002902,MS,202609,1062,3047,710093,670.53,668.64,4486,10219,925,1068,2493
5002951,MS,202609,1550,4046,988184,639.19,637.54,5740,13049,1279,1530,2931
5003108,MS,202609,306,852,196091,655.82,640.82,1462,2762,312,335,815
5003157,MS,202609,3489,8465,2461211,707.85,705.42,7249,14428,4572,774,1903
5003207,MS,202609,9636,29824,7145032,746.14,741.49,27474,66603,10546,5240,11688
5003256,MS,202609,2650,7058,1857720,701.82,701.03,8542,17709,3273,1340,3929
5003306,MS,202609,2686,7118,1830527,683.29,681.51,8661,18043,2753,1782,4126
5003454,MS,202609,752,2066,519009,693.86,690.17,2945,6854,814,569,1562
5003488,MS,202609,1421,3819,978628,689.66,688.69,3517,7730,1344,664,1509
5003504,MS,202609,430,1211,299393,696.26,696.26,1621,3898,414,318,889
5003702,MS,202609,13380,37949,9279056,694.96,693.5,36312,91466,11900,9785,14627
5003751,MS,202609,762,2084,508968,671.46,667.94,3214,7540,796,750,1668
5003801,MS,202609,970,2724,641055,663.62,660.88,4875,11326,809,1280,2786
5003900,MS,202609,268,711,176395,658.19,658.19,949,1858,255,176,518
5004007,MS,202609,577,1530,379241,657.26,657.26,2291,5254,545,524,1222
5004106,MS,202609,883,2526,600255,680.56,679.79,2933,6499,787,713,1433
5004304,MS,202609,738,2332,466878,636.07,632.63,3435,8603,504,999,1932
5004403,MS,202609,361,1062,253703,702.78,702.78,1613,3913,326,288,999
5004502,MS,202609,658,1955,477547,725.76,725.76,2987,6997,760,746,1481
5004601,MS,202609,720,2200,430407,598.62,597.79,5067,12112,445,1567,3055
5004700,MS,202609,1020,2836,645392,633.36,632.74,4559,10906,791,1241,2527
5004809,MS,202609,1582,4586,1128471,713.77,713.32,2931,7336,1632,507,792
5004908,MS,202609,351,1087,252083,718.19,718.19,1631,3722,448,322,861
5005004,MS,202609,1304,4264,957103,733.97,733.97,5390,12802,1214,1650,2526
5005103,MS,202609,311,869,212288,684.8,682.6,891,2159,306,159,426
5005152,MS,202609,747,2156,522204,709.52,699.07,2059,4885,737,399,923
5005202,MS,202609,1912,5963,1435548,751.6,750.81,4601,11687,2244,769,1588
5005251,MS,202609,623,1779,441398,710.79,708.5,1613,3995,632,332,649
5005400,MS,202609,1838,5703,1332209,724.81,724.81,7805,19102,1699,1997,4109
5005608,MS,202609,4036,11153,2918317,724.69,723.07,7942,18666,3947,1152,2843
5005681,MS,202609,1775,5068,1260664,711.44,710.23,7858,15607,2812,1471,3575
5005707,MS,202609,3670,9365,2381505,658.24,648.91,12348,26999,3269,2851,6228
5005806,MS,202609,1415,4100,978979,692.35,691.86,4511,10260,1537,939,2035
5006002,MS,202609,1409,3995,946719,673.82,671.91,5218,11943,1273,1243,2702
5006200,MS,202609,3479,9316,2381723,687.37,684.6,12831,28203,3697,2307,6827
5006259,MS,202609,231,645,155233,680.85,672.0,809,1953,221,179,409
5006275,MS,202609,175,533,105464,602.65,602.65,966,2455,116,315,535
5006309,MS,202609,2124,5869,1427109,672.21,671.9,9986,21694,1954,2220,5812
5006358,MS,202609,1938,6766,1509673,794.98,778.99,4117,11266,2107,789,1221
5006408,MS,202609,792,2038,567591,716.66,716.66,2231,4491,1002,272,957
5006606,MS,202609,9212,27571,6517837,709.85,707.54,29235,68440,8584,7605,13046
5006903,MS,202609,1374,3952,947332,690.48,689.47,3953,9044,1155,918,1880
5007109,MS,202609,1122,3303,752905,675.25,671.04,4990,12349,910,1404,2676
5007208,MS,202609,1711,5084,1180328,691.87,689.85,6962,16513,1473,1758,3731
5007307,MS,202609,311,885,211753,680.88,680.88,1355,3097,260,359,736
5007406,MS,202609,1756,5058,1236939,708.04,704.41,5310,12106,1651,1177,2482
5007505,MS,202609,472,1284,332340,705.61,704.11,1636,3518,467,331,838
5007554,MS,202609,346,1004,232716,674.54,672.59,1749,4275,326,365,1058
5007695,MS,202609,1180,3373,748026,635.54,633.92,6382,15037,841,1546,3995
5007703,MS,202609,581,1817,423555,729.01,729.01,1968,4779,631,542,795
5007802,MS,202609,364,1003,236015,653.78,648.39,1891,4385,322,457,1112
5007901,MS,202609,3634,10197,2494513,688.33,686.44,12570,29952,3412,2655,6503
5007935,MS,202609,911,2465,632616,694.42,694.42,3079,7234,1062,686,1331
5007950,MS,202609,1479,4096,986646,684.7,667.1,3298,7786,1335,704,1259
5007976,MS,202609,315,876,218360,695.41,693.21,1230,2624,314,207,709
5008008,MS,202609,1219,3446,830191,681.04,681.04,4899,10596,1126,1086,2687
5008305,MS,202609,7411,20008,4974292,674.66,671.2,26363,62705,6530,6557,13276
5008404,MS,202609,466,1231,310858,668.51,667.08,1637,3730,468,374,795
5100102,MT,202609,669,1820,453783,678.3,678.3,1939,4218,760,334,845
5100201,MT,202609,700,2107,458996,656.65,655.71,4891,12772,549,1160,3182
5100250,MT,202609,3593,9979,2447856,682.42,681.28,11463,26186,3284,2270,5909
5100300,MT,202609,863,2316,571638,665.47,662.38,3556,7428,789,778,1989
5100359,MT,202609,469,1723,364739,786.08,777.7,1295,3527,433,321,541
5100409,MT,202609,983,2615,682467,694.27,694.27,2942,6208,1051,564,1327
5100508,MT,202609,882,2342,598229,681.35,678.26,2689,5506,1147,391,1151
5100607,MT,202609,498,1431,344537,691.84,691.84,1836,4511,467,441,928
5100805,MT,202609,540,1767,359958,667.83,666.59,1904,4958,397,676,831
5101001,MT,202609,247,672,174748,710.36,707.48,885,2008,294,172,419
5101209,MT,202609,94,231,64384,684.94,684.94,361,629,126,44,191
5101258,MT,202609,661,1874,428799,648.71,648.71,2550,6721,523,763,1264
5101308,MT,202609,590,1628,405740,691.21,687.69,2318,5086,785,426,1107
5101407,MT,202609,1487,5223,1035687,702.64,696.49,3785,10443,1173,1137,1475
5101605,MT,202609,1292,3406,881500,682.8,682.28,2877,6069,1631,272,974
5101704,MT,202609,2095,5701,1434645,699.14,684.79,6667,15211,2609,1207,2851
5101803,MT,202609,5697,15845,4087981,718.7,717.57,17882,37777,6392,3293,8197
5101837,MT,202609,123,412,84261,685.05,685.05,514,1452,144,161,209
5101852,MT,202609,704,2245,512732,728.31,728.31,1850,4863,669,442,739
5101902,MT,202609,768,2685,557186,726.45,725.5,3059,8191,611,856,1592
5102504,MT,202609,6686,20877,4692395,705.2,701.82,20351,52655,7023,4856,8472
5102603,MT,202609,1747,7796,1598842,918.35,915.19,3045,11035,1732,634,679
5102637,MT,202609,1002,3064,665552,666.22,664.22,5694,14833,781,1713,3200
5102678,MT,202609,1527,4473,999774,656.88,654.73,7458,19183,1198,2030,4230
5102686,MT,202609,255,877,167796,660.61,658.02,1707,4606,166,568,973
5102694,MT,202609,401,1230,281679,713.11,702.44,1188,2982,371,260,557
5102702,MT,202609,962,3283,688280,718.46,715.47,3680,10033,725,1086,1869
5102793,MT,202609,363,1087,229803,636.57,633.07,2210,5495,274,586,1350
5102850,MT,202609,490,1371,337273,689.72,688.31,1564,3682,438,375,751
5103007,MT,202609,1981,5557,1380045,697.34,696.64,5247,11639,2314,927,2006
5103056,MT,202609,795,2255,558203,703.91,702.14,2341,5587,781,528,1032
5103106,MT,202609,537,1464,361607,682.28,673.38,1543,3490,571,333,639
5103205,MT,202609,1183,3429,766472,652.32,647.91,5478,13128,917,1322,3239
5103254,MT,202609,1392,4608,919102,668.44,660.27,6044,15719,1037,2384,2623
5103304,MT,202609,1733,4882,1255291,725.6,724.35,4627,10859,2166,739,1722
5103353,MT,202609,2680,8438,1910688,713.21,712.94,7031,18503,2661,1678,2692
5103361,MT,202609,241,861,181296,755.4,752.27,883,2380,295,175,413
5103379,MT,202609,646,2036,446398,692.09,691.02,2028,5275,557,553,918
5103403,MT,202609,39052,108078,26923363,691.73,689.42,121195,277765,36844,27672,56679
5103437,MT,202609,414,1197,281334,684.51,679.55,1405,3237,493,263,649
5103452,MT,202609,540,1482,381968,707.35,707.35,1733,4147,625,306,802
5103502,MT,202609,905,2922,662493,732.85,732.04,4613,11361,1016,1143,2454
5103601,MT,202609,656,1857,453714,693.75,691.64,1865,4223,665,395,805
5103700,MT,202609,1191,3638,868593,730.52,729.3,2368,6163,1085,464,819
5103809,MT,202609,204,564,143247,702.19,702.19,843,1797,351,101,391
5103858,MT,202609,1119,3276,848831,759.92,758.56,2171,5502,1242,281,648
5103908,MT,202609,809,2554,614168,760.11,759.17,2062,4795,914,319,829
5103957,MT,202609,287,786,197916,689.6,689.6,835,1776,348,111,376
5104104,MT,202609,3145,8821,2184727,700.01,694.67,7148,16799,2905,1309,2934
5104203,MT,202609,1039,2488,694955,668.87,668.87,3136,5886,1234,418,1484
5104500,MT,202609,137,410,93154,679.96,679.96,557,1328,146,96,315
5104526,MT,202609,690,1966,490465,712.89,710.82,1690,4228,689,331,670
5104542,MT,202609,506,1553,362476,717.77,716.36,1565,3704,465,352,748
5104559,MT,202609,358,1063,241090,675.32,673.44,1170,2992,291,285,594
5104609,MT,202609,772,2104,523037,683.71,677.51,2290,5443,728,505,1057
5104807,MT,202609,1780,4825,1224089,688.08,687.69,5998,13764,1878,1087,3033
5104906,MT,202609,846,2440,583970,692.73,690.27,2093,4894,896,368,829
5105002,MT,202609,337,1064,239472,719.14,710.6,1729,4042,413,420,896
5105101,MT,202609,1711,5581,1234633,724.12,721.59,5488,14134,1493,1332,2663
5105150,MT,202609,2136,6425,1434101,675.83,671.4,6495,16652,1736,1908,2851
5105176,MT,202609,856,2527,599383,701.85,700.21,2363,5613,756,559,1048
5105200,MT,202609,598,1727,422955,708.47,707.28,3019,6208,592,531,1896
5105234,MT,202609,382,1074,264059,691.25,691.25,1210,2778,408,235,567
5105259,MT,202609,3459,10079,2326614,675.75,672.63,12778,33517,2815,3029,6934
5105309,MT,202609,365,1015,254929,698.44,698.44,877,1989,415,140,322
5105507,MT,202609,1400,4104,985935,713.41,704.24,3680,9256,1436,706,1538
5105580,MT,202609,951,3109,684834,720.12,720.12,2505,6468,815,634,1056
5105606,MT,202609,557,1918,379249,683.33,680.88,3066,8174,398,1019,1649
5105622,MT,202609,1991,5437,1347731,678.96,676.91,7519,16920,2575,1364,3580
5105903,MT,202609,1561,4557,1105610,716.53,708.27,4511,10368,1751,774,1986
5106000,MT,202609,361,942,249260,692.39,690.47,1442,3061,463,268,711
5106109,MT,202609,1117,3226,766256,686.61,685.99,3779,8648,1263,692,1824
5106158,MT,202609,951,2982,613308,647.63,644.91,3107,8238,682,1001,1424
5106174,MT,202609,758,2565,612355,807.86,807.86,1411,3966,733,232,446
5106182,MT,202609,571,1683,406810,714.96,712.45,1832,4412,685,330,817
5106190,MT,202609,135,413,96423,714.24,714.24,716,1789,132,187,397
5106208,MT,202609,277,850,205206,748.93,740.82,1682,3521,373,317,992
5106216,MT,202609,356,1096,220188,620.25,618.51,1907,4919,233,608,1066
5106224,MT,202609,1327,4292,875710,663.92,659.92,7172,19715,917,2151,4104
5106232,MT,202609,922,2495,649844,706.35,704.82,3945,8350,1443,660,1842
5106240,MT,202609,249,843,164445,663.08,660.42,1529,4168,175,500,854
5106257,MT,202609,1248,3506,844011,678.47,676.29,5293,11941,1350,1180,2763
5106265,MT,202609,495,1584,317475,643.97,641.36,1773,4442,367,522,884
5106273,MT,202609,214,672,154244,720.77,720.77,861,2110,195,182,484
5106281,MT,202609,517,1519,366452,710.18,708.8,1547,3499,475,377,695
5106299,MT,202609,479,1532,317849,663.57,663.57,2278,5733,349,620,1309
5106307,MT,202609,1369,4444,1017835,746.21,743.49,4654,11173,1375,1086,2193
5106315,MT,202609,272,710,183250,673.71,673.71,719,1631,309,124,286
5106372,MT,202609,1344,3860,876985,664.38,652.52,4617,10733,1096,1242,2279
5106422,MT,202609,3536,10374,2561799,726.13,724.49,8260,20047,3223,1711,3326
5106455,MT,202609,292,915,195480,674.07,669.45,1107,2571,258,281,568
5106505,MT,202609,3712,11037,2605963,706.61,702.04,9764,21632,3894,1685,4185
5106653,MT,202609,472,1211,323598,685.59,685.59,1806,3903,489,389,928
5106703,MT,202609,170,444,117670,692.18,692.18,626,1166,255,91,280
5106752,MT,202609,1928,5967,1369086,714.18,710.11,8633,21588,2385,2170,4078
5106778,MT,202609,1137,3268,774308,685.23,681.01,2863,6900,1027,645,1191
5106802,MT,202609,187,538,123725,665.19,661.63,935,2220,151,219,565
5106828,MT,202609,862,2705,596555,697.73,692.06,2585,6364,894,656,1035
5106851,MT,202609,265,779,192016,730.1,724.59,799,1895,323,123,353
5107008,MT,202609,1673,5126,1193869,715.32,713.61,4851,11800,1617,960,2274
5107040,MT,202609,3554,9918,2351962,666.84,661.78,14119,32806,3057,3664,7398
5107065,MT,202609,1938,5672,1429888,741.26,737.82,4985,12349,2254,926,1805
5107107,MT,202609,779,2175,516622,667.47,663.19,3639,8256,855,835,1949
5107156,MT,202609,176,529,118868,675.39,675.39,712,1702,185,161,366
5107180,MT,202609,927,2969,712059,770.63,768.13,2753,6310,993,480,1280
5107198,MT,202609,149,423,106705,716.14,716.14,668,1431,210,131,327
5107206,MT,202609,270,772,179149,663.51,663.51,1086,2463,346,218,522
5107248,MT,202609,372,1193,265577,713.92,713.92,1187,3198,310,308,569
5107263,MT,202609,242,633,170866,706.06,706.06,802,1663,333,113,356
5107297,MT,202609,102,298,68378,670.37,670.37,835,1782,93,180,562
5107305,MT,202609,1049,2895,654756,633.84,624.17,3116,7761,816,856,1444
5107354,MT,202609,775,2510,581533,750.37,750.37,1643,4520,732,308,603
5107404,MT,202609,361,921,255438,707.58,707.58,1185,2686,432,167,586
5107578,MT,202609,219,796,172721,788.68,788.68,684,2037,197,214,273
5107602,MT,202609,11193,31739,7557398,677.61,675.19,50941,114463,9534,12973,28434
5107701,MT,202609,1903,4945,1318790,693.01,693.01,5246,10581,2451,652,2143
5107743,MT,202609,258,755,177019,686.12,686.12,672,1640,236,139,297
5107750,MT,202609,154,485,109529,711.23,711.23,1068,2362,151,279,638
5107768,MT,202609,186,606,112998,614.12,607.52,813,2192,116,213,484
5107776,MT,202609,712,2316,509454,716.53,715.53,1741,4529,636,396,709
5107792,MT,202609,406,1358,326342,805.78,803.8,1003,2767,398,164,441
5107800,MT,202609,1584,4944,1131263,715.54,714.18,5060,12192,1753,1001,2306
5107859,MT,202609,729,2269,535580,734.68,734.68,2842,6672,895,563,1384
5107875,MT,202609,1187,3790,798730,673.47,672.9,4692,12561,915,1474,2303
5107883,MT,202609,166,522,114947,692.45,692.45,643,1434,207,121,315
5107909,MT,202609,4298,13872,2730106,641.77,635.2,29229,71805,2663,10997,15569
5107925,MT,202609,4333,13558,2842648,657.26,656.05,17081,44093,3026,5388,8667
5107941,MT,202609,485,1471,355714,734.95,733.43,1551,4023,437,419,695
5107958,MT,202609,3944,11445,2738454,695.57,694.33,17660,41608,4948,4276,8436
5108006,MT,202609,581,1782,398144,685.27,685.27,1956,5160,487,564,905
5108055,MT,202609,545,1676,372800,684.04,684.04,2043,5177,455,495,1093
5108105,MT,202609,281,782,195049,711.86,694.12,933,1832,402,115,416
5108204,MT,202609,283,702,186619,659.43,659.43,956,1797,320,163,473
5108303,MT,202609,499,1435,352150,705.71,705.71,1264,2897,462,297,505
5108352,MT,202609,181,537,124136,685.83,685.83,851,1978,208,201,442
5108402,MT,202609,21596,62837,15229357,707.13,705.19,79188,168335,28976,14680,35532
5108501,MT,202609,590,1970,436273,739.45,739.45,2641,6794,600,648,1393
5108600,MT,202609,1195,3741,806185,678.04,674.63,3557,8821,892,1030,1635
5108808,MT,202609,276,858,175996,642.32,637.67,928,2398,196,294,438
5108857,MT,202609,163,522,115723,709.96,709.96,775,1860,199,192,384
5108907,MT,202609,367,1185,252238,704.58,687.3,1100,2952,328,293,479
5108956,MT,202609,692,1972,486838,703.52,703.52,1933,4737,618,353,962
5200050,GO,202609,2678,8231,1895778,713.23,707.91,6077,15652,2474,1599,2004
5200100,GO,202609,1261,3690,870452,690.29,690.29,3901,10008,1138,966,1797
5200134,GO,202609,1080,3245,715426,662.43,662.43,5103,11832,820,1538,2745
5200159,GO,202609,172,491,111210,650.35,646.57,651,1481,144,191,316
5200175,GO,202609,450,1258,309209,688.66,687.13,1686,3848,544,338,804
5200209,GO,202609,228,546,150305,659.23,659.23,709,1340,311,116,282
5200258,GO,202609,23810,69237,16825009,706.7,706.64,55265,137088,24186,13048,18031
5200308,GO,202609,3589,9500,2512575,700.66,700.08,8433,18705,4225,1217,2991
5200506,GO,202609,124,363,84024,677.61,677.61,546,1287,119,123,304
5200555,GO,202609,536,1465,369055,692.41,688.54,2172,5023,640,384,1148
5200605,GO,202609,951,2388,661501,695.58,695.58,2832,6062,1272,524,1036
5200803,GO,202609,849,2425,573332,676.1,675.3,2555,5788,760,721,1074
5200829,GO,202609,339,943,229823,677.94,677.94,1134,2582,321,237,576
5200852,GO,202609,446,1205,303424,680.32,680.32,1364,3157,474,317,573
5200902,GO,202609,310,780,211038,680.77,680.77,1032,2061,371,144,517
5201108,GO,202609,9669,30345,6325045,655.99,654.16,65518,156626,6840,20869,37809
5201207,GO,202609,66,172,44686,677.06,677.06,286,641,69,59,158
5201306,GO,202609,1495,3815,984922,658.81,658.81,5328,11337,1435,1225,2668
5201405,GO,202609,22362,64874,15281395,683.46,683.36,85553,198354,18986,26913,39654
5201454,GO,202609,170,484,103930,611.35,611.35,767,1777,110,263,394
5201504,GO,202609,304,880,219059,720.59,720.59,1175,2604,397,187,591
5201603,GO,202609,326,859,217871,668.32,668.32,1204,2695,365,269,570
5201702,GO,202609,1757,4842,1193366,679.59,679.21,5174,11476,1659,1059,2456
5201801,GO,202609,1838,4894,1261872,689.17,686.55,4086,8912,1951,718,1417
5202155,GO,202609,826,2191,551780,668.01,668.01,2165,4795,836,383,946
5202353,GO,202609,307,799,201072,654.96,654.96,1032,2152,317,207,508
5202502,GO,202609,564,1744,351637,623.47,623.47,2557,5802,371,1011,1175
5202601,GO,202609,200,530,134481,679.2,672.4,888,1938,202,190,496
5202809,GO,202609,329,844,214175,650.99,650.99,1055,2178,349,225,481
5203104,GO,202609,371,970,250235,674.49,674.49,1420,2855,575,231,614
5203203,GO,202609,893,2432,626325,701.37,701.37,3048,6982,892,549,1607
5203302,GO,202609,3134,8110,2181042,696.6,695.93,6789,15701,3029,1253,2507
5203401,GO,202609,796,2085,537498,676.95,675.25,2694,5543,871,526,1297
5203500,GO,202609,1298,3683,930958,718.33,717.22,4374,10560,1420,951,2003
5203559,GO,202609,812,2291,558612,688.79,687.95,2567,6310,725,709,1133
5203575,GO,202609,489,1276,333334,681.66,681.66,1300,2692,484,256,560
5203609,GO,202609,342,881,226358,661.87,661.87,1022,2291,328,215,479
5203807,GO,202609,382,1074,247922,649.01,649.01,1794,4334,322,421,1051
5203906,GO,202609,393,1170,256448,662.66,652.54,1833,4096,352,486,995
5203939,GO,202609,255,674,168767,667.06,661.83,991,2008,326,202,463
5203962,GO,202609,462,1228,325156,703.8,703.8,1116,2513,528,201,387
5204003,GO,202609,888,2362,616025,694.5,693.72,2163,4732,1045,367,751
5204102,GO,202609,758,2068,522990,689.96,689.96,2463,5674,806,461,1196
5204201,GO,202609,161,412,111721,693.92,693.92,496,1026,214,77,205
5204250,GO,202609,401,1036,272959,680.7,680.7,1968,4391,496,393,1079
5204300,GO,202609,595,1622,405470,689.57,681.46,3629,7331,964,669,1996
5204409,GO,202609,684,2012,466412,681.89,681.89,4204,9464,578,1115,2511
5204508,GO,202609,5001,14475,3436587,687.45,687.18,20726,48021,4970,5269,10487
5204557,GO,202609,327,966,225072,688.29,688.29,1177,2741,304,319,554
5204607,GO,202609,436,1238,303934,697.1,697.1,1130,2711,511,236,383
5204656,GO,202609,502,1316,338678,674.66,674.66,1189,2454,531,178,480
5204706,GO,202609,1336,3673,903615,677.37,676.36,3419,7497,1277,734,1408
5204805,GO,202609,481,1432,346434,721.74,720.24,1633,3826,554,334,745
5204854,GO,202609,1200,3605,843380,702.82,702.82,2343,5996,1213,408,722
5204904,GO,202609,2515,6831,1760617,700.05,700.05,5534,13209,2458,958,2118
5204953,GO,202609,779,1884,528979,680.8,679.05,1922,3761,878,284,760
5205000,GO,202609,864,2271,579118,670.28,670.28,2525,5743,835,429,1261
5205059,GO,202609,413,961,266151,644.43,644.43,1147,2213,512,191,444
5205109,GO,202609,4777,13448,3371766,707.31,705.83,16601,37167,5983,3532,7086
5205208,GO,202609,710,1879,481191,678.69,677.73,1669,3782,685,322,662
5205307,GO,202609,1336,3890,959226,717.98,717.98,3705,8387,1214,953,1538
5205406,GO,202609,917,2503,592999,646.67,646.67,4097,9696,837,972,2288
5205455,GO,202609,602,1757,404299,673.83,671.59,1934,4550,543,525,866
5205471,GO,202609,686,1945,482802,703.79,703.79,2314,5325,924,459,931
5205497,GO,202609,10176,27922,7074866,696.83,695.25,23792,55167,10620,4883,8289
5205513,GO,202609,3034,8149,2122384,699.53,699.53,6826,15242,3352,1097,2377
5205521,GO,202609,534,1585,382305,715.93,715.93,1551,3386,569,299,683
5205703,GO,202609,186,502,129597,696.76,696.76,771,1672,233,133,405
5205802,GO,202609,1040,2752,700912,675.9,673.95,3122,6189,1177,524,1421
5205901,GO,202609,547,1569,389298,711.7,711.7,1841,4123,619,397,825
5206206,GO,202609,5622,16301,4004612,717.67,712.31,14816,34916,6356,2904,5556
5206305,GO,202609,365,996,253745,695.19,695.19,1202,2608,408,281,513
5206404,GO,202609,951,2534,636501,670.0,669.3,3159,7278,826,809,1524
5206503,GO,202609,436,1136,287201,660.23,658.72,1225,2638,495,207,523
5206602,GO,202609,145,429,101760,701.79,701.79,800,1702,253,120,427
5206701,GO,202609,562,1536,387045,688.69,688.69,1444,3226,644,268,532
5206800,GO,202609,380,1050,262599,691.05,691.05,1143,2451,515,189,439
5206909,GO,202609,192,538,133217,693.84,693.84,719,1498,228,117,374
5207105,GO,202609,129,355,83832,654.94,649.86,556,1288,122,107,327
5207253,GO,202609,495,1348,338356,683.55,683.55,1933,4109,621,382,930
5207352,GO,202609,321,874,221602,690.35,690.35,1258,2693,413,276,569
5207402,GO,202609,866,2338,597918,690.44,690.44,3241,6937,925,765,1551
5207501,GO,202609,336,880,231624,689.36,689.36,1082,2174,370,225,487
5207535,GO,202609,637,1699,424449,666.32,666.32,1975,4226,701,450,824
5207600,GO,202609,743,1861,489173,658.38,658.38,1704,3649,797,298,609
5207808,GO,202609,686,1917,458463,669.29,668.31,2280,5117,708,488,1084
5207907,GO,202609,1402,3720,954039,680.97,680.48,4290,9004,1518,824,1948
5208004,GO,202609,9902,26577,6844913,691.48,691.27,27374,59914,9983,6057,11334
5208103,GO,202609,454,1278,302590,666.5,666.5,1328,2875,397,318,613
5208152,GO,202609,221,724,153848,696.14,696.14,897,2425,187,257,453
5208301,GO,202609,881,2255,595962,677.23,676.46,1991,4251,923,323,745
5208400,GO,202609,1526,4459,1065684,698.35,698.35,4072,10051,1385,1105,1582
5208509,GO,202609,302,864,213154,705.81,705.81,1278,2782,327,237,714
5208608,GO,202609,4046,11444,2566432,639.85,634.31,15746,37380,3174,4313,8259
5208707,GO,202609,69334,182206,46443236,671.38,669.85,221460,486474,65549,49991,105920
5208806,GO,202609,5614,16329,3926701,699.57,699.45,14863,38357,5109,3882,5872
5208905,GO,202609,1978,4801,1306407,660.47,660.47,5875,12105,2064,1119,2692
5209101,GO,202609,1424,3950,946624,675.68,664.76,7006,15383,1440,2066,3500
5209150,GO,202609,344,914,245249,712.93,712.93,1222,2666,466,201,555
5209200,GO,202609,2511,6680,1761352,703.42,701.45,5878,12728,2503,1093,2282
5209291,GO,202609,254,683,173093,681.47,681.47,870,1866,241,240,389
5209408,GO,202609,534,1460,366138,685.65,685.65,1315,3176,501,258,556
5209457,GO,202609,172,428,111527,648.41,648.41,680,1340,174,133,373
5209606,GO,202609,636,1522,420731,661.53,661.53,1491,3052,631,278,582
5209705,GO,202609,2273,6406,1579628,695.26,694.95,7130,16258,2199,1745,3186
5209804,GO,202609,293,776,197726,674.83,674.83,906,1975,297,214,395
5209903,GO,202609,1876,4988,1341863,715.66,715.28,4188,8724,2116,584,1488
5209937,GO,202609,381,1048,259881,685.7,682.1,1598,3870,351,329,918
5209952,GO,202609,859,2555,592713,690.0,690.0,3324,8019,872,907,1545
5210000,GO,202609,3203,8533,2148812,671.29,670.87,11735,27516,2746,2931,6058
5210109,GO,202609,1847,4878,1229105,665.46,665.46,6123,13802,1908,1341,2874
5210158,GO,202609,301,823,197465,658.22,656.03,884,2063,283,172,429
5210208,GO,202609,1556,4250,1068225,687.85,686.52,7805,17232,1772,1715,4318
5210307,GO,202609,279,639,175726,629.84,629.84,851,1657,279,139,433
5210406,GO,202609,3574,9620,2381235,670.77,666.27,11481,26874,3186,3113,5182
5210562,GO,202609,392,1162,267776,683.1,683.1,1402,3513,354,427,621
5210604,GO,202609,375,1054,252671,673.79,673.79,1307,3016,433,317,557
5210802,GO,202609,246,685,160690,653.21,653.21,1323,2911,233,285,805
5210901,GO,202609,886,2622,623405,704.41,703.62,4309,10165,986,1112,2211
5211008,GO,202609,850,2224,574010,675.31,675.31,2377,5022,939,467,971
5211206,GO,202609,1835,5342,1171285,639.0,638.3,6616,15646,1496,2021,3099
5211305,GO,202609,326,932,218991,671.75,671.75,1616,3539,375,334,907
5211404,GO,202609,570,1481,416538,730.77,730.77,2359,5143,778,438,1143
5211503,GO,202609,5337,14695,3757244,704.66,704.0,20220,43402,6620,3653,9947
5211602,GO,202609,288,700,194553,675.53,675.53,931,1824,412,121,398
5211701,GO,202609,334,917,214541,644.27,642.34,1524,3290,341,450,733
5211800,GO,202609,4269,11752,2921854,684.6,684.44,11627,27266,4011,3067,4549
5211909,GO,202609,4567,12792,3109764,680.92,680.92,17211,39117,4551,4186,8474
5212006,GO,202609,275,728,180345,658.19,655.8,930,2112,277,213,440
5212055,GO,202609,313,825,208932,667.51,667.51,793,1753,363,157,273
5212105,GO,202609,224,633,150720,672.86,672.86,1204,2893,199,333,672
5212204,GO,202609,1642,4357,1108364,675.01,675.01,5290,11806,1642,1178,2470
5212253,GO,202609,226,570,152947,676.76,676.76,639,1265,293,102,244
5212303,GO,202609,918,2469,626945,685.94,682.95,2270,5018,998,433,839
5212501,GO,202609,20931,59205,14729979,705.19,703.74,56158,127240,20830,13545,21783
5212600,GO,202609,270,672,177732,658.27,658.27,835,1693,311,163,361
5212709,GO,202609,1323,3558,924377,699.23,698.7,2689,5987,1460,376,853
5212808,GO,202609,965,2745,642737,668.82,666.05,2650,6490,818,702,1130
5212907,GO,202609,197,537,134566,683.08,683.08,742,1680,208,158,376
5212956,GO,202609,576,1429,396662,688.65,688.65,1740,3549,753,301,686
5213004,GO,202609,802,2145,546872,681.89,681.89,2359,5461,847,475,1037
5213053,GO,202609,289,751,196651,680.45,680.45,867,1886,311,162,394
5213087,GO,202609,1749,4959,1156725,661.36,661.36,5790,14071,1413,1357,3020
5213103,GO,202609,3759,10399,2488644,662.58,662.05,16149,38344,3123,4168,8858
5213400,GO,202609,131,339,87177,665.47,665.47,466,1053,137,78,251
5213509,GO,202609,1487,3532,1040148,699.97,699.49,2844,5979,1722,267,855
5213707,GO,202609,447,1364,304868,682.03,682.03,1770,4249,383,500,887
5213756,GO,202609,654,1778,438464,671.46,670.43,2622,6207,612,641,1369
5213772,GO,202609,624,1704,434870,696.91,696.91,1325,3123,642,185,498
5213806,GO,202609,1277,3916,834588,657.67,653.55,10254,25011,1021,3067,6166
5213855,GO,202609,303,869,202070,666.9,666.9,912,2084,260,225,427
5213905,GO,202609,271,805,177550,655.17,655.17,1184,2730,257,338,589
5214002,GO,202609,1575,4233,1051166,671.67,667.41,4202,9469,1463,892,1847
5214051,GO,202609,458,1348,300522,657.6,656.16,1674,4213,386,394,894
5214101,GO,202609,440,1246,298702,678.87,678.87,1078,2531,412,247,419
5214408,GO,202609,605,1730,410752,678.93,678.93,1895,4498,574,462,859
5214507,GO,202609,2375,6739,1654930,697.11,696.81,7260,17908,2182,2048,3030
5214606,GO,202609,1932,5280,1217636,639.85,630.25,9570,21671,1521,2562,5487
5214705,GO,202609,332,851,222181,669.22,669.22,1214,2547,386,249,579
5214804,GO,202609,139,348,91216,656.23,656.23,681,1355,160,136,385
5214838,GO,202609,1055,2981,719330,682.48,681.83,3138,7254,990,795,1353
5214861,GO,202609,741,2023,508276,686.86,685.93,2111,4782,772,456,883
5214879,GO,202609,250,671,172579,690.32,690.32,641,1409,259,107,275
5214903,GO,202609,431,1104,290298,673.55,673.55,1010,2357,432,186,392
5215009,GO,202609,1013,2779,687871,679.04,679.04,2619,6592,952,622,1045
5215207,GO,202609,379,941,253823,673.27,669.72,1060,2227,422,184,454
5215231,GO,202609,8845,25304,6158955,698.06,696.32,21028,52984,8321,4889,7818
5215256,GO,202609,503,1292,337761,674.17,671.49,1299,2919,490,252,557
5215306,GO,202609,680,1934,470538,692.99,691.97,2976,6994,682,774,1520
5215405,GO,202609,321,960,214033,679.47,666.77,865,2245,300,224,341
5215504,GO,202609,355,1070,246180,693.46,693.46,2339,5636,309,508,1522
5215603,GO,202609,2730,7995,1921670,706.5,703.91,7751,18150,2525,1960,3266
5215652,GO,202609,231,649,153928,666.35,666.35,802,1890,198,177,427
5215702,GO,202609,1518,4758,1081739,713.55,712.61,7223,16927,1988,1784,3451
5215801,GO,202609,171,440,111460,651.81,651.81,667,1383,190,122,355
5215900,GO,202609,339,946,228469,673.95,673.95,1133,2515,332,248,553
5216007,GO,202609,174,448,115584,664.28,664.28,768,1670,217,148,403
5216304,GO,202609,468,1199,320467,689.18,684.76,2185,4520,587,525,1073
5216403,GO,202609,597,1725,364253,611.16,610.14,2373,5590,449,780,1144
5216452,GO,202609,152,428,93952,622.2,618.11,781,1830,111,218,452
5216809,GO,202609,727,1916,480772,661.31,661.31,1955,4386,715,437,803
5216908,GO,202609,218,594,146980,677.33,674.22,630,1418,227,144,259
5217104,GO,202609,1355,3681,919167,678.35,678.35,4751,10579,1528,1073,2150
5217203,GO,202609,808,2179,535230,662.41,662.41,3093,6676,796,564,1733
5217302,GO,202609,1443,4083,948718,657.46,657.46,6193,14662,1180,1896,3117
5217401,GO,202609,2004,5276,1376996,687.47,687.12,6963,15314,2228,1508,3227
5217609,GO,202609,11071,31075,7828557,708.02,707.12,25970,60242,11571,5568,8831
5217708,GO,202609,721,2034,460740,640.81,639.03,4085,9115,594,1425,2066
5218003,GO,202609,2831,8083,1873158,663.06,661.66,10440,23528,2338,2985,5117
5218052,GO,202609,270,793,171451,635.0,635.0,1175,2861,187,274,714
5218102,GO,202609,358,1019,253010,706.73,706.73,978,2315,361,159,458
5218300,GO,202609,3780,10243,2612455,691.31,691.13,8150,19767,3647,1661,2842
5218391,GO,202609,350,856,230605,658.87,658.87,1166,2380,457,204,505
5218508,GO,202609,1778,5147,1178850,663.77,663.02,9592,21284,1545,2820,5227
5218607,GO,202609,640,1811,439670,693.49,686.98,2665,6407,660,594,1411
5218706,GO,202609,278,779,194309,698.95,698.95,1214,2765,282,293,639
5218789,GO,202609,289,801,192283,665.34,665.34,1049,2675,246,259,544
5218805,GO,202609,11635,31755,7660517,660.22,658.4,38589,89927,10447,9641,18501
5218904,GO,202609,919,2592,594938,652.34,647.38,4093,9729,752,1019,2322
5219001,GO,202609,417,1230,279895,671.21,671.21,2025,4591,472,507,1046
5219100,GO,202609,524,1444,359607,686.27,686.27,1848,4154,654,373,821
5219209,GO,202609,243,686,159080,654.65,654.65,724,1693,224,158,342
5219258,GO,202609,328,929,218425,670.02,665.93,1171,2663,322,249,600
5219308,GO,202609,2199,6522,1562820,710.7,710.7,7293,16690,2262,1593,3438
5219357,GO,202609,401,1098,270866,675.48,675.48,1294,2809,447,240,607
5219407,GO,202609,519,1458,351505,679.89,677.27,1570,3486,546,320,704
5219456,GO,202609,283,750,194569,687.52,687.52,979,2101,280,170,529
5219506,GO,202609,265,726,168092,634.31,634.31,870,2033,236,200,434
5219605,GO,202609,293,780,194982,672.35,665.47,870,2010,281,175,414
5219704,GO,202609,1124,2967,741560,660.34,659.75,2765,6424,1061,669,1035
5219712,GO,202609,199,552,133381,670.26,670.26,1132,2535,211,260,661
5219738,GO,202609,738,1967,491932,666.57,666.57,2173,5112,683,506,984
5219753,GO,202609,7812,21427,5355470,687.3,685.54,19847,44505,8216,3769,7862
5219803,GO,202609,1233,3285,856171,694.38,694.38,2892,6305,1317,420,1155
5219902,GO,202609,779,2156,540409,694.61,693.72,1882,4283,811,347,724
5220009,GO,202609,1187,3575,824892,694.94,694.94,3239,7765,978,991,1270
5220058,GO,202609,126,366,88841,705.09,705.09,518,1137,161,105,252
5220108,GO,202609,1862,5175,1226750,659.19,658.83,7064,16298,1632,1871,3561
5220157,GO,202609,543,1438,379640,699.15,699.15,1687,3579,667,294,726
5220207,GO,202609,2253,5984,1492180,662.9,662.31,7078,15216,2085,1486,3507
5220264,GO,202609,275,728,173138,631.89,629.59,1008,2380,250,265,493
5220280,GO,202609,218,594,174148,798.84,798.84,653,1512,275,107,271
5220405,GO,202609,1228,3148,815820,664.89,664.35,4416,9598,1193,857,2366
5220454,GO,202609,9164,26477,6342180,693.29,692.08,30642,78120,7814,9509,13319
5220504,GO,202609,503,1388,352805,702.8,701.4,1562,3639,565,326,671
5220603,GO,202609,1436,4210,1002288,698.95,697.97,4799,11390,1556,1100,2143
5220686,GO,202609,905,2326,595799,658.34,658.34,1897,4254,839,393,665
5220702,GO,202609,571,1379,390690,684.22,684.22,1330,2613,722,149,459
5221007,GO,202609,325,911,208751,646.29,642.31,1117,2639,300,302,515
5221080,GO,202609,909,1970,617079,678.85,678.85,1732,3288,972,164,596
5221197,GO,202609,1284,3268,890561,693.58,693.58,2617,5498,1402,335,880
5221304,GO,202609,262,711,179739,688.66,686.03,804,1735,278,158,368
5221403,GO,202609,10523,28942,7056557,670.9,670.58,36390,85928,9033,9960,17397
5221452,GO,202609,333,932,217553,653.31,653.31,857,2004,295,192,370
5221502,GO,202609,304,817,200820,660.59,660.59,1185,2663,274,288,623
5221551,GO,202609,439,1195,302620,689.34,689.34,1135,2628,428,238,469
5221577,GO,202609,375,965,246925,658.47,658.47,926,2052,353,210,363
5221601,GO,202609,1765,5012,1194458,677.9,676.75,9537,21215,1467,2750,5320
5221700,GO,202609,1503,4299,1018312,677.52,677.52,3908,9221,1714,749,1445
5221809,GO,202609,200,549,135679,678.4,678.4,1006,2190,259,288,459
5221858,GO,202609,10053,30346,6647913,671.3,661.29,35827,84715,7824,12184,15819
5221908,GO,202609,287,791,195532,681.3,681.3,1085,2327,323,243,519
5222005,GO,202609,901,2638,623693,695.31,692.22,3099,7608,879,767,1453
5222054,GO,202609,643,1751,421643,656.76,655.74,2075,4943,536,577,962
5222203,GO,202609,550,1554,390509,710.02,710.02,1435,3268,555,274,606
5222302,GO,202609,634,1763,432646,682.41,682.41,1859,4141,610,363,886
5300108,DF,202609,165080,438520,113845634,690.72,689.64,439997,973204,190124,90961,158912
