cd_municipio_ibge,uf,anomes,pbf_familias_beneficiarias,pbf_pessoas_beneficiarias,pbf_valor_repassado,pbf_valor_medio_familia,pbf_valor_medio_calc,cadunico_familias_cadastradas,cadunico_pessoas_cadastradas,cadunico_familias_pobreza,cadunico_familias_baixa_renda,cadunico_familias_acima_meio_sm
1100015,RO,202609,1467,4434,1002465,684.74,683.34,5081,12760,1224,1288,2569
1100023,RO,202609,7593,20219,5122430,681.08,674.63,22562,50588,7469,5190,9903
1100031,RO,202609,338,1008,235545,696.88,696.88,1296,3229,287,328,681
1100049,RO,202609,5429,14958,3620043,667.66,666.8,18540,43730,4561,4752,9227
1100056,RO,202609,1035,2942,705759,683.88,681.89,3471,8266,856,916,1699
1100064,RO,202609,382,1158,244022,643.86,638.8,2360,5911,294,652,1414
1100072,RO,202609,249,790,169840,682.09,682.09,1453,3723,196,443,814
1100080,RO,202609,1786,5431,1240387,698.02,694.51,3705,9297,1554,874,1277
1100098,RO,202609,1003,3354,648477,648.48,646.54,5030,13103,669,1767,2594
1100106,RO,202609,5204,16803,3907975,752.4,750.96,10762,28581,4912,2439,3411
1100114,RO,202609,2868,7895,1773740,619.76,618.46,11187,26311,2154,3387,5646
1100122,RO,202609,7673,20715,5200556,681.24,677.77,25551,58237,7148,6012,12391
1100130,RO,202609,2154,6780,1434077,667.01,665.77,8410,21456,1657,2465,4288
1100148,RO,202609,1304,3754,851252,653.3,652.8,3591,8981,1045,1037,1509
1100155,RO,202609,2267,5973,1489062,659.75,656.84,7444,17513,1958,2041,3445
1100189,RO,202609,1140,3248,754284,662.82,661.65,6150,14550,1011,1611,3528
1100205,RO,202609,50354,132723,33924175,675.48,673.71,122739,271228,49233,26066,47440
1100254,RO,202609,1356,3775,841367,621.39,620.48,4524,11234,1031,1216,2277
1100262,RO,202609,173,587,115406,667.09,667.09,817,2162,140,238,439
1100288,RO,202609,1936,5609,1260009,652.85,650.83,10100,23650,1514,3125,5461
1100296,RO,202609,455,1376,282420,622.07,620.7,1863,4526,333,469,1061
1100304,RO,202609,4586,13142,3022675,662.0,659.11,19520,44385,3705,5432,10383
1100320,RO,202609,1017,3191,693870,682.94,682.27,4354,11249,832,1185,2337
1100338,RO,202609,2442,7811,1758964,724.45,720.3,5930,16102,2189,1704,2037
1100346,RO,202609,1199,3532,783549,656.79,653.5,3508,8529,966,972,1570
1100379,RO,202609,347,1149,231492,670.99,667.12,2028,5552,277,643,1108
1100403,RO,202609,1295,3592,883156,682.5,681.97,3861,9358,1185,951,1725
1100452,RO,202609,1719,5371,1158730,675.25,674.07,5764,14457,1403,1639,2722
1100502,RO,202609,416,1310,276980,665.82,665.82,1897,4864,332,606,959
1100601,RO,202609,243,777,165116,679.49,679.49,1184,3168,181,322,681
1100700,RO,202609,459,1453,305307,665.16,665.16,1881,4940,386,586,909
1100809,RO,202609,3735,9982,2521009,683.39,674.97,8167,18353,3501,1709,2957
1100908,RO,202609,210,590,145433,692.54,692.54,858,2021,207,225,426
1100924,RO,202609,878,2594,612764,701.1,697.91,2146,5457,785,474,887
1100940,RO,202609,1292,3917,913630,711.0,707.14,3914,10048,1215,1101,1598
1101005,RO,202609,745,2274,481109,646.65,645.78,2353,5943,593,748,1012
1101104,RO,202609,794,2433,546414,691.66,688.18,2375,6140,652,654,1069
1101203,RO,202609,652,1848,445870,683.85,683.85,1741,4332,613,367,761
1101302,RO,202609,649,1917,406209,629.78,625.9,2677,6602,489,835,1353
1101401,RO,202609,1236,3528,831514,673.84,672.75,3279,8116,1081,793,1405
1101435,RO,202609,698,2006,458982,676.96,657.57,1949,4832,678,413,858
1101450,RO,202609,305,934,197402,647.22,647.22,1105,2743,228,304,573
1101468,RO,202609,247,806,180352,730.17,730.17,819,2013,237,169,413
1101476,RO,202609,258,713,166799,646.51,646.51,1056,2587,212,201,643
1101484,RO,202609,189,534,119630,632.96,632.96,1306,3207,147,276,883
1101492,RO,202609,1172,3743,746874,637.81,637.26,3795,9972,799,1339,1657
1101500,RO,202609,763,2505,532390,698.67,697.76,2993,7894,659,936,1398
1101559,RO,202609,346,976,226289,655.91,654.01,1172,3019,312,292,568
1101609,RO,202609,409,1372,275584,673.8,673.8,1816,4774,297,556,963
1101708,RO,202609,902,2528,608780,679.44,674.92,2392,5718,794,502,1096
1101757,RO,202609,943,2675,641000,681.19,679.75,2739,6636,873,595,1271
1101807,RO,202609,459,1296,306313,671.74,667.35,1607,3951,438,407,762
1200013,AC,202609,2108,6012,1467467,696.8,696.14,4320,10623,1897,962,1461
1200054,AC,202609,1709,6525,1408614,824.72,824.23,2955,9489,1840,548,567
1200104,AC,202609,4456,12565,3142424,709.67,705.21,8363,19976,5136,1193,2034
1200138,AC,202609,1945,5789,1381445,710.62,710.25,3859,9815,1768,935,1156
1200179,AC,202609,1835,5361,1310607,715.01,714.23,3740,9062,1773,686,1281
1200203,AC,202609,14549,44858,10481637,720.78,720.44,21906,62305,13292,4340,4274
1200252,AC,202609,2464,7120,1707283,693.17,692.89,4815,11457,2417,1061,1337
1200302,AC,202609,5957,21434,4637176,778.96,778.44,8801,28893,5434,2032,1335
1200328,AC,202609,1746,6991,1507908,867.61,863.64,2358,8776,1648,365,345
1200336,AC,202609,4416,12913,3212020,727.69,727.36,6295,16803,4577,813,905
1200344,AC,202609,2567,8281,1939323,755.78,755.48,4123,11658,2454,677,992
1200351,AC,202609,3625,12663,2807191,774.4,774.4,4946,16115,3375,756,815
1200385,AC,202609,2124,6259,1452430,686.08,683.82,4101,10674,1870,933,1298
1200393,AC,202609,2167,7823,1760512,813.92,812.42,3039,9957,2216,383,440
1200401,AC,202609,43048,112758,29295477,682.96,680.53,84905,199241,40318,17530,27057
1200427,AC,202609,3046,9679,2237954,734.72,734.72,4354,12906,2848,716,790
1200435,AC,202609,1129,4732,993048,879.58,879.58,1735,6298,1013,317,405
1200450,AC,202609,3216,8807,2246877,699.31,698.66,6126,14761,3032,1148,1946
1200500,AC,202609,8980,27252,6387882,711.35,711.35,13666,36813,8487,2471,2708
1200609,AC,202609,9019,31451,7031032,781.14,779.58,12977,40870,8435,2184,2358
1200708,AC,202609,2797,8267,1980172,707.96,707.96,5035,12948,2562,1106,1367
1200807,AC,202609,4015,10662,2824093,705.14,703.39,7228,15972,4343,958,1927
1300029,AM,202609,3227,11055,2441191,758.61,756.49,4904,14302,3121,843,940
1300060,AM,202609,2666,8258,1993789,747.86,747.86,4437,11151,2397,840,1200
1300086,AM,202609,2263,7552,1731503,766.15,765.14,3921,10556,2600,537,784
1300102,AM,202609,4038,10275,2830358,703.02,700.93,5890,12979,4181,474,1235
1300144,AM,202609,2125,6757,1474497,698.81,693.88,4800,12686,1903,1095,1802
1300201,AM,202609,2022,8246,1672765,828.92,827.28,3468,12297,1729,907,832
1300300,AM,202609,15876,36997,11032688,695.37,694.93,21668,45195,15723,1846,4099
1300409,AM,202609,3407,11128,2541619,746.0,746.0,5361,14889,2976,1058,1327
1300508,AM,202609,5749,21540,4580757,797.49,796.79,8883,28640,5497,1685,1701
1300607,AM,202609,7714,26831,6161838,798.89,798.79,11050,34426,7321,1740,1989
1300631,AM,202609,5079,17172,4025576,793.53,792.59,7713,21725,5497,747,1469
1300680,AM,202609,3876,11476,2818231,729.17,727.1,5250,13911,3605,735,910
1300706,AM,202609,6220,18063,4422342,711.22,710.99,9948,24878,5809,1692,2447
1300805,AM,202609,6796,22203,5104255,751.18,751.07,9681,28104,6299,1510,1872
1300839,AM,202609,2563,7945,1838800,717.72,717.44,3690,9996,2350,558,782
1300904,AM,202609,3293,9342,2250375,684.21,683.38,5105,12407,2968,889,1248
1301001,AM,202609,5872,19062,4416970,752.47,752.21,9047,24924,5953,1359,1735
1301100,AM,202609,5659,16787,4076811,721.3,720.41,10259,25339,5408,1795,3056
1301159,AM,202609,4240,12712,3020309,713.35,712.34,6745,17298,4081,1090,1574
1301209,AM,202609,15073,44914,11019377,731.75,731.07,22327,58224,13974,3598,4755
1301308,AM,202609,3925,13209,2971698,757.31,757.12,6698,18889,3742,1305,1651
1301407,AM,202609,6413,21468,4843212,755.34,755.22,9224,27186,5880,1620,1724
1301506,AM,202609,3994,11431,2859972,718.04,716.07,5747,14397,3998,784,965
1301605,AM,202609,7046,19362,5198050,737.84,737.73,9084,23200,7115,845,1124
1301654,AM,202609,2876,9915,2175036,756.27,756.27,4373,13334,3110,702,561
1301704,AM,202609,11936,30691,8320941,698.07,697.13,19840,42556,12046,2230,5564
1301803,AM,202609,4852,14033,3598689,741.69,741.69,5751,15615,4735,490,526
1301852,AM,202609,13821,37097,9622563,698.96,696.23,22971,52874,13547,3286,6138
1301902,AM,202609,15127,49586,10933892,723.57,722.81,26580,75071,13470,5765,7345
1301951,AM,202609,2013,7914,1667479,828.36,828.36,3164,10329,1921,721,522
1302009,AM,202609,2007,6088,1446852,721.98,720.9,3724,9585,1799,755,1170
1302108,AM,202609,1494,5502,1182943,792.33,791.8,2316,7444,1334,504,478
1302207,AM,202609,2512,7299,1830072,731.44,728.53,4195,9844,2939,310,946
1302306,AM,202609,4540,17988,3697732,820.44,814.48,6743,23113,4541,1268,934
1302405,AM,202609,12574,31717,8815172,701.84,701.06,18285,41306,12222,1899,4164
1302504,AM,202609,20360,62410,14729529,724.2,723.45,31821,86007,19438,5805,6578
1302553,AM,202609,3821,11034,2742567,719.08,717.76,6577,16074,3926,798,1853
1302603,AM,202609,248080,675990,171834244,694.85,692.66,520975,1182981,263674,99979,157322
1302702,AM,202609,8050,26964,5948260,741.4,738.91,13626,39124,7125,3080,3421
1302801,AM,202609,2870,11529,2341783,817.95,815.95,4355,14949,2658,999,698
1302900,AM,202609,13874,41206,10502928,757.4,757.02,21102,52249,13957,2138,5007
1303007,AM,202609,4270,12937,3135672,734.35,734.35,6579,17256,4146,820,1613
1303106,AM,202609,5893,17702,4321128,735.39,733.26,9252,23853,5518,1443,2291
1303205,AM,202609,2304,8015,1703930,740.52,739.55,4450,13008,1998,1181,1271
1303304,AM,202609,3948,11932,2951771,747.85,747.66,6237,15726,3918,832,1487
1303403,AM,202609,20906,61442,15274464,731.36,730.63,31735,80060,20424,4332,6979
1303502,AM,202609,3260,11619,2508988,769.86,769.63,4478,14760,2906,932,640
1303536,AM,202609,5331,15375,3854454,724.11,723.03,10001,24572,5103,1730,3168
1303569,AM,202609,3250,10084,2338666,719.81,719.59,5939,16124,3061,1368,1510
1303601,AM,202609,2508,8579,1957325,780.43,780.43,3595,11058,2249,640,706
1303700,AM,202609,4086,18154,3583426,879.37,877.0,6942,27414,3551,2054,1337
1303809,AM,202609,8507,34771,7172338,844.5,843.11,11842,44767,7423,2758,1661
1303908,AM,202609,7384,27706,6171938,837.78,835.85,10339,34375,6940,1490,1909
1303957,AM,202609,2429,6711,1749941,720.73,720.44,3687,8907,2383,429,875
1304005,AM,202609,2211,7074,1648142,746.1,745.43,3481,9653,1997,574,910
1304062,AM,202609,10929,38427,8571273,786.72,784.27,17092,52839,9751,3768,3573
1304104,AM,202609,4202,13563,3013969,717.44,717.27,7000,19360,4102,1415,1483
1304203,AM,202609,13149,42987,9726689,740.52,739.73,21351,59492,11407,4599,5345
1304237,AM,202609,3820,13162,2947003,771.47,771.47,5304,16241,3278,1073,953
1304260,AM,202609,3705,10765,2806485,759.54,757.49,5291,12922,3898,412,981
1304302,AM,202609,3634,9756,2593383,713.64,713.64,5628,13109,3475,797,1356
1304401,AM,202609,4715,13220,3404333,723.1,722.02,6862,16610,4755,685,1422
1400027,RR,202609,1957,6420,1475989,754.6,754.21,3184,8734,1783,614,787
1400050,RR,202609,2680,8491,2013024,753.66,751.13,4956,12523,2564,875,1517
1400100,RR,202609,36086,112175,25445270,707.3,705.13,89072,231139,31112,28487,29473
1400159,RR,202609,3904,10836,2993664,767.41,766.82,6639,14847,4310,537,1792
1400175,RR,202609,4229,11858,3158381,748.43,746.84,8190,18055,4699,1052,2439
1400209,RR,202609,3825,11294,2785309,729.14,728.19,6933,16845,3832,1176,1925
1400233,RR,202609,2139,6422,1551037,726.48,725.12,3650,9474,2162,546,942
1400282,RR,202609,1340,3748,939573,701.17,701.17,2388,5743,1267,383,738
1400308,RR,202609,4185,10556,2979831,712.2,712.03,8036,16274,5243,713,2080
1400407,RR,202609,2780,11462,2457605,885.62,884.03,3832,14149,2424,761,647
1400456,RR,202609,4745,13650,3580012,756.07,754.48,8496,22823,5385,1449,1662
1400472,RR,202609,4284,12782,3040003,711.44,709.62,7895,20599,3984,1661,2250
1400506,RR,202609,1397,3986,1005154,720.02,719.51,2471,6008,1327,416,728
1400605,RR,202609,1494,4088,1031385,692.67,690.35,3051,6557,1610,442,999
1400704,RR,202609,2269,11411,2285644,1010.9,1007.34,3038,14281,2090,651,297
1500107,PA,202609,38530,94976,26096762,677.66,677.31,59899,132380,38558,6772,14569
1500131,PA,202609,1387,3544,970402,699.64,699.64,2369,5054,1420,267,682
1500206,PA,202609,13593,38283,9583596,705.82,705.04,19824,50636,13020,2840,3964
1500305,PA,202609,8441,31477,6823736,810.04,808.4,12816,40209,8815,1711,2290
1500347,PA,202609,2332,6273,1594790,684.17,683.87,4307,10254,2118,661,1528
1500404,PA,202609,12251,36631,9042111,738.43,738.07,19642,49172,13524,2456,3662
1500503,PA,202609,6274,19372,4576095,729.49,729.37,9378,25400,5836,1498,2044
1500602,PA,202609,13885,41746,9908552,713.98,713.62,32951,79149,14449,6842,11660
1500701,PA,202609,6311,24006,5165579,819.02,818.5,10285,31427,6624,1415,2246
1500800,PA,202609,49716,125879,32545252,655.2,654.62,110869,244251,46430,27141,37298
1500859,PA,202609,6226,18785,4411778,708.61,708.61,10823,27189,6467,1719,2637
1500909,PA,202609,10767,29234,7504596,697.13,697.0,15271,38159,10241,2276,2754
1500958,PA,202609,5816,14567,4068963,699.86,699.62,8895,19560,5790,1039,2066
1501006,PA,202609,2781,9049,2095687,754.93,753.57,4588,12762,2798,688,1102
1501105,PA,202609,6557,20730,5107135,778.88,778.88,8086,23626,6605,723,758
1501204,PA,202609,8563,24328,6010354,702.55,701.9,11767,30506,8267,1414,2086
1501253,PA,202609,622,1717,422659,679.52,679.52,1287,2876,616,232,439
1501303,PA,202609,18255,52438,12594483,691.24,689.92,33104,85726,16543,6747,9814
1501402,PA,202609,147006,338556,96134231,655.09,653.95,345927,688726,185939,57343,102645
1501451,PA,202609,2713,8923,1973135,729.71,727.29,6022,15875,2513,1472,2037
1501501,PA,202609,11387,28781,7616958,669.21,668.92,22107,49061,10940,4311,6856
1501576,PA,202609,2296,6701,1632603,711.68,711.06,4678,11611,2182,1037,1459
1501600,PA,202609,3019,7213,1996944,661.68,661.46,4727,10165,2910,719,1098
1501709,PA,202609,24263,64885,16724445,689.64,689.3,38698,92918,23596,6925,8177
1501725,PA,202609,2886,8545,1956954,678.09,678.09,6344,15240,2699,1230,2415
1501758,PA,202609,1498,4059,1048628,700.02,700.02,2752,6257,1488,412,852
1501782,PA,202609,8902,23417,6249971,702.48,702.09,17318,35367,8747,3132,5439
1501808,PA,202609,24367,76270,18630124,765.57,764.56,35682,95239,23474,5336,6872
1501907,PA,202609,6103,16635,4304003,705.23,705.23,9776,23388,6055,1406,2315
1501956,PA,202609,4277,12267,2993570,701.89,699.92,6496,16377,4083,923,1490
1502004,PA,202609,5438,15381,3797577,698.47,698.34,7865,19865,5330,1008,1527
1502103,PA,202609,34986,93120,24419661,698.5,697.98,48815,116895,36148,5266,7401
1502152,PA,202609,9899,28703,6917018,699.4,698.76,24143,58812,10301,5103,8739
1502202,PA,202609,11734,28617,7841036,669.72,668.23,19642,43644,11326,3172,5144
1502301,PA,202609,13139,32274,8831224,672.14,672.14,20318,44435,12984,2819,4515
1502400,PA,202609,22136,58137,14621074,660.81,660.51,45706,111524,19973,12196,13537
1502509,PA,202609,4521,15994,3487188,773.04,771.33,6504,19481,4533,841,1130
1502608,PA,202609,2762,7300,1870359,677.42,677.18,4802,10880,2679,757,1366
1502707,PA,202609,3746,11427,2642661,706.78,705.46,12317,29638,3383,3411,5523
1502756,PA,202609,7166,18708,4957814,692.05,691.85,10289,24483,6763,1444,2082
1502764,PA,202609,1745,5339,1248259,716.98,715.33,3223,8263,1604,670,949
1502772,PA,202609,3246,8764,2278562,701.96,701.96,6810,15555,2963,1161,2686
1502806,PA,202609,7519,26215,5862164,780.48,779.65,11079,34048,8300,1369,1410
1502855,PA,202609,2849,9253,2096963,736.29,736.03,4976,13951,2901,911,1164
1502905,PA,202609,10294,26073,6967404,677.37,676.84,14664,33232,9912,1663,3089
1502939,PA,202609,5931,15674,4060010,684.54,684.54,11603,26614,5525,2003,4075
1502954,PA,202609,4432,12857,3154242,714.11,711.7,10408,23220,4172,1807,4429
1503002,PA,202609,2197,5788,1563597,714.3,711.7,3727,7998,2475,300,952
1503044,PA,202609,3254,9517,2288088,703.59,703.16,5644,14245,3050,1129,1465
1503077,PA,202609,5406,14580,3775068,698.44,698.31,7963,19970,5217,1226,1520
1503093,PA,202609,3611,10813,2433328,674.99,673.87,8178,20187,3037,2382,2759
1503101,PA,202609,6887,24772,5404383,784.72,784.72,10292,32440,7366,1546,1380
1503200,PA,202609,7192,18189,4824807,670.86,670.86,11739,27179,7024,2003,2712
1503309,PA,202609,15282,44045,10813333,707.82,707.59,22463,57268,15288,3355,3820
1503408,PA,202609,1861,5198,1259367,676.72,676.72,3243,8202,1647,671,925
1503457,PA,202609,7369,19561,5107530,693.96,693.11,11892,27494,7019,1779,3094
1503507,PA,202609,7434,18370,5016089,674.75,674.75,11531,25263,7270,1444,2817
1503606,PA,202609,16025,48444,11319455,712.63,706.36,33455,81347,16081,6008,11366
1503705,PA,202609,9078,25782,6429272,708.3,708.23,15473,37644,8549,2461,4463
1503754,PA,202609,3976,15985,3498013,882.67,879.78,5574,19676,3932,698,944
1503804,PA,202609,6635,17230,4540407,684.31,684.31,11918,27156,6336,1770,3812
1503903,PA,202609,7209,27806,5811095,806.09,806.09,11568,38887,6683,2411,2474
1504000,PA,202609,6618,21119,4675359,707.0,706.46,9186,27149,6190,1235,1761
1504059,PA,202609,7102,17698,4878746,687.15,686.95,11307,24701,6904,1645,2758
1504109,PA,202609,1482,4123,984794,664.5,664.5,2567,6450,1191,564,812
1504208,PA,202609,28109,80233,19389592,690.71,689.8,63084,152237,24768,15319,22997
1504307,PA,202609,7146,18746,4941934,691.76,691.57,11864,26388,7691,1518,2655
1504406,PA,202609,6310,15161,4272844,677.48,677.15,10079,20949,6612,1207,2260
1504422,PA,202609,19293,46931,12852227,666.61,666.16,36939,77904,19548,6313,11078
1504455,PA,202609,5890,16530,4146894,704.42,704.06,9468,23178,6440,1014,2014
1504505,PA,202609,6231,21301,5081662,815.55,815.55,7479,24255,5931,832,716
1504604,PA,202609,9104,25340,6475172,711.87,711.24,12575,32436,9741,1433,1401
1504703,PA,202609,16259,45460,11320091,696.79,696.24,24306,61641,15297,3699,5310
1504752,PA,202609,3817,11878,2714688,711.58,711.21,7457,19632,3920,1420,2117
1504802,PA,202609,11178,33962,7877590,705.56,704.74,19638,51176,11851,3724,4063
1504901,PA,202609,7542,25336,5516767,731.96,731.47,10919,33778,7129,1950,1840
1504950,PA,202609,5301,13865,3697460,697.63,697.5,7720,17943,5428,793,1499
1504976,PA,202609,2139,5934,1529433,715.02,715.02,3904,9394,2241,507,1156
1505007,PA,202609,2506,6144,1641177,655.42,654.9,4160,9355,2390,634,1136
1505031,PA,202609,3073,9825,2149389,703.56,699.44,8717,20936,2868,2333,3516
1505064,PA,202609,12168,34683,8605589,707.64,707.23,20505,48754,12193,3151,5161
1505106,PA,202609,9308,28667,6880633,739.53,739.22,16730,44406,10240,2349,4141
1505205,PA,202609,9347,27650,6892383,739.05,737.39,12074,32426,10187,749,1138
1505304,PA,202609,10982,36209,8217778,748.57,748.3,19453,53776,10715,3575,5163
1505403,PA,202609,3956,9724,2675053,676.2,676.2,6491,14580,3921,962,1608
1505437,PA,202609,4434,13701,3110365,703.7,701.48,8865,23889,4086,1826,2953
1505486,PA,202609,8255,24755,5973696,724.26,723.65,14069,35578,8652,1939,3478
1505494,PA,202609,1298,3617,915161,705.05,705.05,2290,5596,1236,410,644
1505502,PA,202609,11231,32422,7705239,686.13,686.07,24922,64368,9611,6597,8714
1505536,PA,202609,22393,64488,15260459,682.4,681.48,55328,135849,19541,14626,21161
1505551,PA,202609,1452,3974,983619,678.36,677.42,3155,7035,1325,669,1161
1505601,PA,202609,1674,3989,1105086,660.15,660.15,2930,6396,1619,506,805
1505635,PA,202609,1799,5094,1245377,693.03,692.26,3915,9510,1592,838,1485
1505650,PA,202609,3566,10863,2495601,700.03,699.83,6398,16829,3384,1097,1917
1505700,PA,202609,7216,19409,5030446,697.51,697.12,10669,25966,7628,1078,1963
1505809,PA,202609,11472,43899,9455989,827.37,824.27,17072,56592,10256,3811,3005
1505908,PA,202609,7278,23491,5456870,749.88,749.78,11468,31044,7034,1645,2789
1506005,PA,202609,9184,27775,6807017,741.59,741.18,14370,36852,10455,1262,2653
1506104,PA,202609,2456,6076,1660520,676.11,676.11,4085,9041,2434,589,1062
1506112,PA,202609,2548,6298,1720001,675.57,675.04,4110,9196,2517,538,1055
1506138,PA,202609,8133,23115,5521571,681.0,678.91,19545,48426,6853,5209,7483
1506161,PA,202609,2383,6552,1611590,677.42,676.29,5088,12197,2196,1074,1818
1506187,PA,202609,4890,12908,3382515,692.29,691.72,9569,22195,4679,1842,3048
1506195,PA,202609,3948,12651,2801445,710.13,709.59,7831,20640,3595,1629,2607
1506203,PA,202609,6718,20044,4691941,699.87,698.41,11686,31952,6260,2574,2852
1506302,PA,202609,6409,14692,4343657,677.95,677.74,9732,20348,7154,1001,1577
1506351,PA,202609,3338,8686,2262930,678.13,677.93,6528,15379,3185,1332,2011
1506401,PA,202609,1660,5135,1200409,725.32,723.14,2558,7184,1639,441,478
1506500,PA,202609,8787,23152,5900090,671.46,671.46,16338,38938,7846,3933,4559
1506559,PA,202609,4874,12457,3331919,683.75,683.61,7274,17077,4783,969,1522
1506583,PA,202609,2143,6545,1451136,677.47,677.15,5832,14544,1791,1389,2652
1506609,PA,202609,4501,12081,3029726,673.42,673.12,7922,19217,4272,1562,2088
1506708,PA,202609,5673,15075,4017109,708.73,708.11,11353,24699,5437,1786,4130
1506807,PA,202609,47201,144933,34163543,724.22,723.79,106475,264919,49105,23502,33868
1506906,PA,202609,1787,4257,1210065,677.91,677.15,2964,6119,1829,377,758
1507003,PA,202609,6158,16240,4177421,678.59,678.37,10937,24517,5828,1775,3334
1507102,PA,202609,2737,8370,1886697,689.58,689.33,4951,13183,2493,1164,1294
1507151,PA,202609,3874,10240,2717736,702.44,701.53,6605,15168,3750,911,1944
1507201,PA,202609,7849,20522,5497814,700.54,700.45,10858,25829,7797,1046,2015
1507300,PA,202609,10352,30873,7257755,706.56,701.1,17347,45732,9632,3299,4416
1507409,PA,202609,3330,8729,2186208,657.11,656.52,5608,13243,2981,1024,1603
1507458,PA,202609,4183,11455,2949285,705.4,705.06,7490,17759,3966,1118,2406
1507466,PA,202609,1191,3388,842167,707.11,707.11,2243,5309,1283,352,608
1507474,PA,202609,4911,12053,3350136,682.31,682.17,7951,17316,4820,1097,2034
1507508,PA,202609,2832,8063,2015423,712.42,711.66,5226,12425,2791,755,1680
1507607,PA,202609,8595,25162,5864927,682.52,682.36,14754,38332,7756,3349,3649
1507706,PA,202609,5798,20695,4350742,750.65,750.39,8768,27792,6020,1285,1463
1507755,PA,202609,866,2406,619180,714.99,714.99,1665,3882,818,309,538
1507805,PA,202609,4188,13014,3091355,738.68,738.15,7657,19133,5269,834,1554
1507904,PA,202609,5487,16110,3881424,712.45,707.39,8728,22301,5463,1629,1636
1507953,PA,202609,12473,36876,8779234,703.97,703.86,21458,56487,11258,4704,5496
1507961,PA,202609,2744,6858,1848078,674.23,673.5,4495,9571,2681,560,1254
1507979,PA,202609,3288,9864,2367846,720.37,720.15,6225,15356,3758,785,1682
1508001,PA,202609,11873,36278,8669248,731.03,730.16,19608,53371,11079,3601,4928
1508035,PA,202609,8349,19176,5627374,674.1,674.02,11967,24904,8275,1142,2550
1508050,PA,202609,2575,8126,1844531,716.32,716.32,5108,13244,2537,965,1606
1508084,PA,202609,2531,8351,1698887,674.16,671.23,9462,24683,1888,3365,4209
1508100,PA,202609,10162,30409,7001862,689.16,689.02,24185,58432,8768,5925,9492
1508126,PA,202609,4792,11978,3294248,687.45,687.45,8198,18532,4634,1360,2204
1508159,PA,202609,7056,23050,5068530,718.43,718.33,11873,32994,6465,2448,2960
1508209,PA,202609,10933,27431,7442020,681.38,680.69,18168,38466,11818,1922,4428
1508308,PA,202609,12446,35739,8739574,704.97,702.2,18972,46776,11587,3626,3759
1508357,PA,202609,2728,8169,1925542,705.84,705.84,5314,13465,2733,1060,1521
1508407,PA,202609,5624,15657,3805904,676.97,676.73,11440,28839,4945,2558,3937
1600055,AP,202609,786,2171,548155,697.4,697.4,1525,3428,736,232,557
1600105,AP,202609,1911,5368,1385931,725.24,725.24,2874,6973,1959,340,575
1600154,AP,202609,2459,7138,1813053,737.31,737.31,4106,9770,2410,594,1102
1600204,AP,202609,1956,6010,1452172,742.42,742.42,3313,8501,1879,575,859
1600212,AP,202609,850,3408,694189,816.69,816.69,1753,5214,948,315,490
1600238,AP,202609,990,3283,734745,742.92,742.17,1853,5192,875,416,562
1600253,AP,202609,2042,5633,1561380,765.76,764.63,3265,7424,2358,222,685
1600279,AP,202609,6859,18040,4780883,697.23,697.02,12526,27279,7071,1781,3674
1600303,AP,202609,63100,174063,44992397,714.1,713.03,129315,291063,72626,20877,35812
1600402,AP,202609,4333,15534,3410045,788.09,786.99,8245,23388,5071,1278,1896
1600501,AP,202609,6153,16202,4303066,699.34,699.34,12015,25088,6392,2424,3199
1600535,AP,202609,3516,10457,2601442,740.52,739.89,6309,15517,3709,843,1757
1600550,AP,202609,1131,3241,849822,751.39,751.39,1582,4003,1168,145,269
1600600,AP,202609,14614,42661,10313999,706.87,705.76,33885,78478,17274,6532,10079
1600709,AP,202609,2566,9013,2020487,788.33,787.41,4904,13411,2782,736,1386
1600808,AP,202609,2410,7492,1755688,728.5,728.5,3736,9764,2220,667,849
1700251,TO,202609,207,645,138820,673.88,670.63,857,2042,156,221,480
1700301,TO,202609,434,1397,293233,675.65,675.65,1176,3292,359,351,466
1700350,TO,202609,556,1542,378922,682.74,681.51,1534,3613,520,319,695
1700400,TO,202609,1047,3039,718774,686.51,686.51,2315,5699,889,464,962
1700707,TO,202609,923,2508,633630,687.23,686.49,2692,5674,854,506,1332
1701002,TO,202609,1665,4490,1180953,709.28,709.28,3292,7645,1617,550,1125
1701051,TO,202609,208,640,143489,689.85,689.85,753,2015,173,215,365
1701101,TO,202609,607,1728,443778,733.52,731.1,1522,3683,631,277,614
1701309,TO,202609,757,2149,519981,686.9,686.9,1885,4408,702,333,850
1701903,TO,202609,760,2208,538573,708.65,708.65,1821,4479,683,433,705
1702000,TO,202609,557,1510,375830,674.74,674.74,1961,4352,505,465,991
1702109,TO,202609,11244,32947,7742753,689.53,688.61,36972,88613,9698,11011,16263
1702158,TO,202609,672,1836,481463,716.46,716.46,1481,3355,664,223,594
1702208,TO,202609,3231,10434,2271994,703.19,703.19,7496,20325,2824,2278,2394
1702307,TO,202609,676,1852,476128,706.42,704.33,1691,3876,703,291,697
1702406,TO,202609,1803,4714,1237326,688.55,686.26,3842,8516,1748,510,1584
1702554,TO,202609,2055,6143,1424721,693.29,693.29,4269,11156,1802,956,1511
1702703,TO,202609,376,1034,244132,649.29,649.29,1020,2316,355,199,466
1702901,TO,202609,2062,5988,1457055,706.62,706.62,3617,9127,1999,634,984
1703008,TO,202609,1142,3068,772231,676.21,676.21,2328,5418,1044,428,856
1703057,TO,202609,384,1060,268398,698.95,698.95,958,2261,349,193,416
1703073,TO,202609,707,2088,499142,706.0,706.0,1546,3957,627,348,571
1703107,TO,202609,677,1781,462380,683.99,682.98,1893,4149,697,348,848
1703206,TO,202609,487,1373,328854,676.65,675.26,1234,2982,422,300,512
1703305,TO,202609,834,2354,587207,704.93,704.09,1471,3658,790,267,414
1703602,TO,202609,305,814,209872,688.1,688.1,741,1731,283,134,324
1703701,TO,202609,619,1540,433031,699.57,699.57,1461,3250,639,269,553
1703800,TO,202609,953,2855,690293,724.34,724.34,2207,5605,868,540,799
1703826,TO,202609,310,996,223087,719.64,719.64,703,1912,269,165,269
1703842,TO,202609,928,3076,686239,739.48,739.48,2094,5983,802,526,766
1703867,TO,202609,255,750,185498,727.44,727.44,1069,2669,216,268,585
1703883,TO,202609,381,1088,260652,684.13,684.13,931,2167,350,168,413
1703891,TO,202609,442,1536,328502,743.22,743.22,955,2835,406,227,322
1703909,TO,202609,704,2067,497494,706.67,706.67,1552,3852,642,275,635
1704105,TO,202609,316,808,216162,684.06,684.06,717,1629,302,115,300
1704600,TO,202609,230,643,167963,730.27,730.27,613,1404,250,93,270
1705102,TO,202609,444,1224,321642,724.42,724.42,1065,2516,448,187,430
1705508,TO,202609,3848,10276,2651867,690.23,689.15,8907,20596,3474,1967,3466
1705557,TO,202609,636,1754,434139,682.61,682.61,1580,3721,625,317,638
1705607,TO,202609,516,1400,349735,679.1,677.78,1087,2534,452,236,399
1706001,TO,202609,819,2202,551371,673.22,673.22,2065,4579,743,365,957
1706100,TO,202609,762,2060,520200,682.68,682.68,1925,4373,740,339,846
1706258,TO,202609,164,445,110790,675.55,675.55,570,1407,150,152,268
1706506,TO,202609,943,2675,660464,704.87,700.39,1991,4729,940,380,671
1707009,TO,202609,1559,4471,1057119,678.95,678.08,4033,10547,1314,1045,1674
1707108,TO,202609,879,2347,603571,686.66,686.66,2032,4572,839,368,825
1707207,TO,202609,917,2470,631768,689.7,688.95,2096,4888,869,360,867
1707306,TO,202609,593,1669,414064,699.43,698.25,1354,3150,566,241,547
1707405,TO,202609,1549,4498,1113970,719.62,719.15,2758,7237,1490,411,857
1707553,TO,202609,363,1044,252896,696.68,696.68,917,2264,333,205,379
1707652,TO,202609,538,1445,369104,688.63,686.07,1357,3112,523,249,585
1707702,TO,202609,1134,3269,794926,703.47,700.99,2114,5266,1050,380,684
1708205,TO,202609,2182,6164,1511996,692.94,692.94,4987,12287,1899,1102,1986
1708254,TO,202609,607,1657,421115,693.76,693.76,1387,3061,601,218,568
1708304,TO,202609,538,1442,355356,660.51,660.51,1434,3435,484,354,596
1709005,TO,202609,2190,6676,1615328,737.59,737.59,3846,10094,2086,716,1044
1709302,TO,202609,2158,5671,1425168,663.18,660.41,5496,13040,1863,1336,2297
1709500,TO,202609,3649,11586,2476086,680.06,678.57,14519,37682,2806,4638,7075
1709807,TO,202609,179,495,120995,675.95,675.95,565,1387,160,126,279
1710508,TO,202609,1164,3644,842665,723.94,723.94,2024,5495,1048,349,627
1710706,TO,202609,925,2532,648698,701.3,701.3,1851,4203,891,350,610
1710904,TO,202609,441,1272,293602,665.76,665.76,1011,2622,389,254,368
1711100,TO,202609,287,836,198261,690.8,690.8,694,1754,296,113,285
1711506,TO,202609,271,804,186520,688.27,688.27,903,2163,240,181,482
1711803,TO,202609,258,825,182215,706.26,706.26,834,2206,237,207,390
1711902,TO,202609,1719,5075,1285771,748.41,747.98,3173,8270,1855,545,773
1711951,TO,202609,422,1328,323334,766.19,766.19,1000,2671,414,205,381
1712009,TO,202609,215,666,144259,670.97,670.97,774,1961,175,236,363
1712157,TO,202609,227,618,156274,688.43,688.43,527,1256,223,121,183
1712405,TO,202609,410,1317,294990,719.49,719.49,933,2528,356,184,393
1712454,TO,202609,267,811,181768,680.78,680.78,786,2117,230,217,339
1712504,TO,202609,431,1314,308931,716.78,716.78,1349,3236,439,279,631
1712702,TO,202609,337,1049,237220,703.92,703.92,725,2005,284,169,272
1712801,TO,202609,515,1502,375213,728.57,728.57,1056,2707,508,193,355
1713205,TO,202609,1491,4262,1011135,678.16,678.16,4369,10941,1291,1135,1943
1713304,TO,202609,1297,3772,861894,667.1,664.53,3437,8460,1093,801,1543
1713601,TO,202609,744,2270,528037,709.73,709.73,1944,4559,706,362,876
1713700,TO,202609,281,861,198765,707.35,707.35,773,1885,249,162,362
1713809,TO,202609,707,2015,488913,691.53,691.53,1562,3851,643,327,592
1713957,TO,202609,579,1527,410359,708.74,708.74,1320,2900,566,185,569
1714203,TO,202609,1103,2912,753908,683.51,683.51,2490,5738,996,535,959
1714302,TO,202609,506,1483,342364,676.61,676.61,1322,3416,467,301,554
1714880,TO,202609,1310,3730,910440,695.52,694.99,3018,7442,1167,718,1133
1715002,TO,202609,274,786,180569,659.01,659.01,947,2266,222,237,488
1715101,TO,202609,595,1774,420400,706.55,706.55,1167,3031,519,236,412
1715150,TO,202609,230,568,156272,679.44,679.44,612,1324,225,107,280
1715259,TO,202609,291,889,197343,678.15,678.15,736,1902,233,173,330
1715507,TO,202609,123,372,86375,702.24,702.24,375,980,112,90,173
1715705,TO,202609,609,1796,405373,665.64,665.64,1653,4027,496,457,700
1715754,TO,202609,490,1446,290616,594.31,593.09,1665,4236,326,593,746
1716109,TO,202609,1454,4878,942890,650.72,648.48,7055,18407,934,2883,3238
1716208,TO,202609,1841,4939,1278558,694.49,694.49,3797,8436,1824,599,1374
1716307,TO,202609,524,1538,372091,710.1,710.1,1371,3282,513,251,607
1716505,TO,202609,1034,3083,721148,700.14,697.44,3122,7884,940,842,1340
1716604,TO,202609,1113,2957,780183,701.6,700.97,2693,6043,1155,420,1118
1716653,TO,202609,493,1445,314876,639.99,638.69,1458,3532,393,422,643
1716703,TO,202609,914,2468,603185,661.39,659.94,2394,5472,829,517,1048
1717008,TO,202609,578,1672,406495,703.28,703.28,1364,3306,539,262,563
1717206,TO,202609,355,963,246039,693.07,693.07,813,1906,306,156,351
1717503,TO,202609,497,1702,368931,742.32,742.32,1605,4312,426,474,705
1717800,TO,202609,571,1543,380385,666.17,666.17,1393,3240,515,260,618
1717909,TO,202609,681,2213,488176,716.85,716.85,1557,4496,584,398,575
1718006,TO,202609,343,951,235444,688.43,686.43,813,2047,307,155,351
1718204,TO,202609,5065,15154,3531010,697.55,697.14,14087,36095,4460,3994,5633
1718303,TO,202609,912,2850,660650,724.4,724.4,1847,5072,856,412,579
1718402,TO,202609,300,838,196172,653.91,653.91,848,2105,258,183,407
1718451,TO,202609,357,957,245276,687.05,687.05,808,1817,325,136,347
1718501,TO,202609,814,2292,587747,722.05,722.05,1202,3141,804,142,256
1718550,TO,202609,450,1442,312469,694.38,694.38,1178,3223,401,274,503
1718659,TO,202609,264,758,181291,689.32,686.71,583,1518,229,132,222
1718709,TO,202609,342,1021,236293,690.92,690.92,955,2311,313,203,439
1718758,TO,202609,913,2497,628539,688.43,688.43,1861,4300,865,343,653
1718808,TO,202609,951,2715,683531,719.51,718.75,1843,4371,919,315,609
1718840,TO,202609,606,1636,406124,672.39,670.17,1405,3234,550,276,579
1718865,TO,202609,606,1901,430446,711.48,710.31,1832,4489,511,528,793
1718881,TO,202609,242,700,163339,674.95,674.95,623,1610,216,134,273
1718899,TO,202609,181,572,127303,703.33,703.33,566,1543,152,133,281
1718907,TO,202609,587,1764,430998,734.24,734.24,1507,3839,552,265,690
1719004,TO,202609,271,914,202161,745.98,745.98,788,2195,247,206,335
1720002,TO,202609,196,606,127351,649.75,649.75,633,1753,149,216,268
1720101,TO,202609,994,2826,702653,706.89,706.89,2029,4963,920,385,724
1720150,TO,202609,158,539,105493,667.68,667.68,458,1413,110,136,212
1720200,TO,202609,1979,5905,1409631,712.65,712.29,3751,9633,1757,899,1095
1720259,TO,202609,361,991,247841,686.54,686.54,886,2092,347,167,372
1720309,TO,202609,699,2084,475458,681.17,680.2,1439,3794,615,299,525
1720499,TO,202609,596,1658,410787,689.24,689.24,1509,3412,614,266,629
1720655,TO,202609,774,2214,555711,717.97,717.97,1684,4088,742,279,663
1720804,TO,202609,1432,3985,1003015,700.92,700.43,2931,7201,1328,574,1029
1720853,TO,202609,117,341,78816,673.64,673.64,460,1173,98,103,259
1720903,TO,202609,2511,6352,1693293,674.35,674.35,4951,10688,2465,738,1748
1720937,TO,202609,180,570,124925,694.03,694.03,495,1357,157,132,206
1720978,TO,202609,166,498,116058,699.14,699.14,650,1567,136,163,351
1721000,TO,202609,15530,46391,10715768,691.65,690.0,64104,148667,19410,15240,29454
1721109,TO,202609,1360,4562,1043036,768.07,766.94,2286,6598,1232,430,624
1721208,TO,202609,2961,8676,2091663,707.6,706.4,6321,16029,2621,1420,2280
1721257,TO,202609,220,590,154013,700.06,700.06,582,1371,227,103,252
1721307,TO,202609,145,403,93459,644.54,644.54,548,1348,126,134,288
1722081,TO,202609,1351,3543,936565,693.24,693.24,2978,6731,1303,531,1144
1722107,TO,202609,1613,4308,1113176,690.13,690.13,3480,7237,1573,517,1390
2100055,MA,202609,11496,32274,7920386,689.27,688.97,26439,64031,10210,5920,10309
2100105,MA,202609,1801,5140,1326833,736.72,736.72,2567,6518,1954,245,368
2100154,MA,202609,2651,7252,1865334,704.96,703.63,3955,9833,2586,542,827
2100204,MA,202609,5861,12933,3926486,669.93,669.93,8577,17075,5795,702,2080
2100303,MA,202609,4090,12292,2972024,726.83,726.66,5904,16624,3765,1041,1098
2100402,MA,202609,1715,4013,1167993,681.05,681.05,2359,5048,1780,166,413
2100436,MA,202609,4304,12106,3041292,707.61,706.62,6881,17633,4124,1265,1492
2100477,MA,202609,5056,14749,3655088,722.92,722.92,8312,21357,4838,1251,2223
2100501,MA,202609,1778,5168,1257971,707.52,707.52,3081,7966,1596,549,936
2100550,MA,202609,1596,4497,1143088,716.67,716.22,2611,6373,1584,413,614
2100600,MA,202609,6080,21164,4710038,775.06,774.68,9059,28955,5796,1672,1591
2100709,MA,202609,6344,15147,4284660,675.39,675.39,8529,18902,6344,776,1409
2100808,MA,202609,3674,10560,2619443,713.36,712.97,5047,13150,3839,478,730
2100832,MA,202609,5090,12922,3534153,694.33,694.33,6847,15625,5106,459,1282
2100873,MA,202609,2196,6183,1541509,701.96,701.96,3089,7924,2112,426,551
2100907,MA,202609,7776,22442,5361161,689.63,689.45,10848,29571,7302,1700,1846
2100956,MA,202609,4616,16288,3522396,763.58,763.08,7141,22572,4250,1483,1408
2101004,MA,202609,4933,13696,3404796,690.35,690.21,7796,20246,4629,1355,1812
2101103,MA,202609,3244,7802,2195771,676.87,676.87,4289,9550,3311,366,612
2101202,MA,202609,17012,43237,11320341,665.82,665.43,31305,69098,16283,5956,9066
2101251,MA,202609,3598,9610,2484885,691.01,690.63,5577,13335,3384,946,1247
2101301,MA,202609,3324,8466,2313698,696.06,696.06,5135,11546,3282,470,1383
2101350,MA,202609,1302,3200,887052,681.82,681.3,1988,4438,1292,153,543
2101400,MA,202609,12276,35008,8534030,696.6,695.18,27128,66168,10997,5916,10215
2101509,MA,202609,3799,9103,2593843,682.95,682.77,5747,12575,3771,680,1296
2101608,MA,202609,14674,40317,10199054,695.09,695.04,25690,61360,13730,4619,7341
2101707,MA,202609,13480,41534,9639450,715.2,715.09,19966,56046,12647,3454,3865
2101731,MA,202609,2026,7266,1624981,802.86,802.06,2714,8847,2111,261,342
2101772,MA,202609,2595,7421,1845011,710.99,710.99,3752,9726,2479,553,720
2101806,MA,202609,1097,2986,762265,694.86,694.86,1793,4217,1129,202,462
2101905,MA,202609,4355,10400,2929772,672.74,672.74,7221,15199,4440,873,1908
2101939,MA,202609,942,2585,637851,677.12,677.12,1544,3893,877,315,352
2101970,MA,202609,1797,5306,1305600,727.35,726.54,2663,6929,1786,323,554
2102002,MA,202609,6562,19004,4671443,712.76,711.89,10056,26041,6427,1578,2051
2102036,MA,202609,4830,15040,3535702,732.33,732.03,7760,21075,4422,1374,1964
2102077,MA,202609,2577,6655,1767897,686.3,686.03,4041,9276,2506,549,986
2102101,MA,202609,6768,19065,4757650,703.07,702.96,9294,24524,6483,1380,1431
2102150,MA,202609,2226,6421,1583452,711.34,711.34,2985,7833,2276,262,447
2102200,MA,202609,7384,20449,5381946,729.16,728.87,9456,24283,7274,841,1341
2102309,MA,202609,5493,14033,3828639,698.53,697.0,7646,17776,5454,615,1577
2102325,MA,202609,8876,25992,6333691,715.19,713.57,14567,38437,8125,2683,3759
2102358,MA,202609,2248,6693,1567412,697.25,697.25,3595,9620,2038,667,890
2102374,MA,202609,3655,8469,2534995,693.57,693.57,5186,10717,3874,287,1025
2102408,MA,202609,2176,6037,1477467,679.3,678.98,3189,8194,2050,485,654
2102507,MA,202609,5574,14161,3849900,690.69,690.69,7428,17324,5333,839,1256
2102556,MA,202609,1746,5065,1264492,724.22,724.22,3294,8461,1688,609,997
2102606,MA,202609,4300,12324,3001528,698.03,698.03,6486,16748,3992,1049,1445
2102705,MA,202609,3310,9340,2294592,695.12,693.23,5082,12946,3086,864,1132
2102754,MA,202609,2287,6117,1583118,692.83,692.22,3328,8003,2207,424,697
2102804,MA,202609,3924,10463,2749483,700.68,700.68,6927,16071,3901,1036,1990
2102903,MA,202609,6132,15408,4108675,670.8,670.04,8769,19868,5816,1145,1808
2103000,MA,202609,14306,46906,9627608,673.31,672.98,32659,88996,10916,12711,9032
2103109,MA,202609,2608,6233,1721369,660.29,660.03,3798,8292,2532,423,843
2103125,MA,202609,2523,5556,1675544,664.11,664.11,3473,7073,2397,362,714
2103158,MA,202609,3099,8391,2208179,713.01,712.55,3980,9874,3017,363,600
2103174,MA,202609,3792,11411,2753911,726.63,726.24,5022,13823,3625,624,773
2103208,MA,202609,22747,51656,15515862,682.2,682.11,31114,64253,23051,2561,5502
2103257,MA,202609,2570,7565,1845470,718.64,718.08,3974,10200,2500,472,1002
2103307,MA,202609,18324,50183,12674648,691.92,691.7,33157,75170,16519,6321,10317
2103406,MA,202609,8814,23265,6023548,683.48,683.41,13178,31240,8209,1948,3021
2103505,MA,202609,8375,21219,5800724,692.87,692.62,11748,27335,8212,1292,2244
2103554,MA,202609,3117,9613,2260952,725.83,725.36,4405,12575,3036,635,734
2103604,MA,202609,10274,29476,7120079,694.17,693.02,16138,42675,9377,2994,3767
2103703,MA,202609,8351,19355,5703773,683.33,683.0,13358,26063,8392,963,4003
2103752,MA,202609,1655,4866,1123234,678.69,678.69,3846,9656,1367,1004,1475
2103802,MA,202609,4414,11040,3033586,688.36,687.26,6684,15049,4286,837,1561
2103901,MA,202609,2978,7978,2115479,710.37,710.37,4188,10211,3256,359,573
2104008,MA,202609,3351,10071,2314671,690.95,690.74,5217,13597,2791,1044,1382
2104057,MA,202609,4132,11725,2813502,681.07,680.91,8661,21039,3659,2283,2719
2104073,MA,202609,1379,4267,980828,712.29,711.26,2362,6616,1285,392,685
2104081,MA,202609,2405,8468,1871671,778.24,778.24,3388,10598,2348,487,553
2104099,MA,202609,3215,10239,2346461,729.85,729.85,4767,13887,3065,768,934
2104107,MA,202609,2529,7010,1761808,697.47,696.64,4524,11154,2444,672,1408
2104206,MA,202609,3344,9863,2397545,717.18,716.97,5007,13442,3194,674,1139
2104305,MA,202609,2064,5696,1451610,703.3,703.3,2957,7313,1971,378,608
2104404,MA,202609,3581,9322,2502395,698.8,698.8,5035,11870,3503,479,1053
2104503,MA,202609,1767,4943,1237648,700.42,700.42,2643,6717,1719,363,561
2104552,MA,202609,2735,7511,1883755,692.3,688.76,5673,13369,2387,1382,1904
2104602,MA,202609,2313,6774,1626841,703.35,703.35,3769,9668,2154,605,1010
2104628,MA,202609,1259,3688,893074,709.92,709.35,2101,5430,1200,351,550
2104651,MA,202609,2147,5842,1463525,685.49,681.66,3113,7705,2021,433,659
2104677,MA,202609,4883,13653,3478084,712.28,712.28,7384,18139,4820,1022,1542
2104701,MA,202609,1123,3421,794964,708.52,707.89,2060,5205,1053,304,703
2104800,MA,202609,13877,41590,10154654,732.03,731.76,21530,57647,13474,3603,4453
2104909,MA,202609,2134,5628,1433693,671.83,671.83,3497,8156,2041,487,969
2105005,MA,202609,5666,19054,4236513,748.37,747.71,8101,24734,5567,1218,1316
2105104,MA,202609,6768,17406,4706952,695.88,695.47,8874,20763,6561,746,1567
2105153,MA,202609,2768,8514,2000289,722.65,722.65,4255,11470,2532,782,941
2105203,MA,202609,1992,5523,1357085,681.27,681.27,3273,8268,1914,552,807
2105302,MA,202609,29510,77685,20119358,681.92,681.78,69283,151505,28379,14609,26295
2105351,MA,202609,3467,9955,2564064,739.78,739.56,4847,12393,3506,421,920
2105401,MA,202609,9520,28297,6699837,703.84,703.76,17036,45029,8519,3844,4673
2105427,MA,202609,4057,10596,2848431,702.62,702.1,8080,16879,4389,932,2759
2105450,MA,202609,1808,5178,1278107,707.31,706.92,2641,6890,1789,283,569
2105476,MA,202609,3062,10821,2473657,807.86,807.86,4397,14067,2915,747,735
2105500,MA,202609,3712,11339,2616417,704.85,704.85,7245,18848,3505,1516,2224
2105609,MA,202609,2949,9137,2126796,721.44,721.19,4433,12640,2858,619,956
2105658,MA,202609,1146,3302,830498,725.96,724.69,1902,4627,1153,258,491
2105708,MA,202609,8837,24657,6180322,699.37,699.37,12416,31595,8469,1589,2358
2105807,MA,202609,2112,5613,1484849,703.39,703.05,3287,7701,2166,374,747
2105906,MA,202609,3012,8714,2137719,709.73,709.73,4607,12095,2895,746,966
2105922,MA,202609,2530,6413,1750442,692.15,691.87,3317,7958,2472,324,521
2105948,MA,202609,1773,4977,1240326,699.96,699.56,2840,7242,1715,436,689
2105963,MA,202609,2452,7919,1737400,708.56,708.56,3796,11000,2157,788,851
2105989,MA,202609,1592,4324,1121467,704.44,704.44,2261,5579,1616,227,418
2106003,MA,202609,2108,5731,1442909,684.49,684.49,3778,9099,1970,683,1125
2106102,MA,202609,2192,5823,1529347,698.01,697.69,3638,8662,2107,492,1039
2106201,MA,202609,2104,5608,1459768,694.14,693.81,3308,7606,2156,294,858
2106300,MA,202609,2595,7441,1822837,702.71,702.44,4005,10728,2503,678,824
2106326,MA,202609,4655,12677,3346963,719.0,719.0,6801,16270,4650,846,1305
2106359,MA,202609,1529,4904,1120325,732.72,732.72,2092,6131,1500,291,301
2106375,MA,202609,2464,7236,1765196,716.39,716.39,3817,9767,2314,546,957
2106409,MA,202609,4187,11967,2985049,713.1,712.93,5414,14440,4007,599,808
2106508,MA,202609,5699,15910,3990726,700.37,700.25,7882,20113,5586,756,1540
2106607,MA,202609,6155,17491,4369831,710.08,709.96,9284,23985,5854,1269,2161
2106631,MA,202609,1868,5041,1241255,666.98,664.48,3091,7120,1656,650,785
2106672,MA,202609,1707,5084,1224884,717.99,717.57,2323,6408,1634,287,402
2106706,MA,202609,5296,13703,3698014,698.27,698.27,7432,17566,5267,756,1409
2106755,MA,202609,4751,11361,3193462,673.58,672.17,6883,15033,4683,806,1394
2106805,MA,202609,4743,9926,3170833,668.53,668.53,6503,12400,4896,349,1258
2106904,MA,202609,6533,17500,4614128,713.38,706.28,9808,22937,6428,1075,2305
2107001,MA,202609,1864,5021,1307356,701.75,701.37,3114,7441,1775,489,850
2107100,MA,202609,4468,12864,3191920,714.4,714.4,6125,16200,4368,685,1072
2107209,MA,202609,2587,7655,1903995,735.99,735.99,3876,9938,2627,421,828
2107258,MA,202609,899,2683,642131,715.87,714.27,1660,4258,868,269,523
2107308,MA,202609,1115,2617,762948,684.87,684.26,1758,3642,1135,139,484
2107357,MA,202609,3451,10263,2466962,715.27,714.85,5004,13326,3320,712,972
2107407,MA,202609,4018,9831,2723579,677.84,677.84,6072,13385,3992,766,1314
2107456,MA,202609,3406,8922,2349313,689.76,689.76,4598,11297,3298,559,741
2107506,MA,202609,17748,50479,12159006,685.32,685.09,33288,84482,16166,7644,9478
2107605,MA,202609,5989,12101,3971482,663.35,663.13,8321,15457,6456,463,1402
2107704,MA,202609,4344,10857,2977714,685.64,685.48,6414,14470,4258,646,1510
2107803,MA,202609,5512,15682,3901231,707.77,707.77,9171,23796,5130,1484,2557
2107902,MA,202609,3672,10810,2597829,707.47,707.47,5434,14183,3475,753,1206
2108009,MA,202609,3795,9940,2630510,694.62,693.15,5547,13258,3710,620,1217
2108058,MA,202609,3747,12064,2745549,732.73,732.73,5431,16054,3435,973,1023
2108108,MA,202609,4451,12194,3137966,705.0,705.0,6257,15488,4293,867,1097
2108207,MA,202609,4157,11963,2763894,665.68,664.88,8210,21568,3602,2199,2409
2108256,MA,202609,7544,18011,5244557,695.29,695.2,10086,22132,7649,781,1656
2108306,MA,202609,7712,20307,5511474,715.03,714.66,10564,25150,7576,1131,1857
2108405,MA,202609,3920,7600,2567191,654.9,654.9,5923,10343,4166,385,1372
2108454,MA,202609,4467,12020,3117785,699.84,697.96,6480,15874,4291,746,1443
2108504,MA,202609,5567,15373,3918486,704.76,703.88,9141,22154,5351,1526,2264
2108603,MA,202609,18497,42237,12481072,674.94,674.76,28748,59492,18391,3693,6664
2108702,MA,202609,4910,13192,3431041,698.93,698.79,7384,17740,4858,947,1579
2108801,MA,202609,3311,8939,2320210,700.76,700.76,4822,11954,3160,608,1054
2108900,MA,202609,3828,9609,2582821,674.89,674.72,5603,12507,3851,543,1209
2109007,MA,202609,2377,7008,1614757,679.33,679.33,6463,15906,1908,1913,2642
2109056,MA,202609,2082,4516,1384879,665.17,665.17,2821,5558,2141,185,495
2109106,MA,202609,5039,15200,3384259,672.55,671.61,9414,25622,4317,2436,2661
2109205,MA,202609,2760,7908,1997150,723.61,723.61,3689,9656,2659,383,647
2109239,MA,202609,1342,3521,928426,692.34,691.82,2085,5004,1289,324,472
2109270,MA,202609,4285,12894,3139346,733.66,732.64,6412,16913,4452,886,1074
2109304,MA,202609,2408,6778,1748064,725.94,725.94,3669,9248,2353,478,838
2109403,MA,202609,2537,7572,1721103,678.4,678.4,3628,10028,2173,751,704
2109452,MA,202609,6361,17259,4533337,713.57,712.68,11289,25603,7407,1406,2476
2109502,MA,202609,3702,10681,2661138,718.84,718.84,6596,16403,3602,1022,1972
2109551,MA,202609,1026,2951,707020,689.78,689.1,1916,4812,928,380,608
2109601,MA,202609,6408,17954,4463935,697.38,696.62,11547,29115,6069,2359,3119
2109700,MA,202609,1121,3043,788305,703.22,703.22,1995,4684,1096,253,646
2109759,MA,202609,1135,3480,791750,697.58,697.58,1663,4849,1040,350,273
2109809,MA,202609,7626,17238,5015170,657.99,657.64,11370,23076,7416,1428,2526
2109908,MA,202609,11793,33714,8108571,688.04,687.57,23424,56562,10551,5427,7446
2110005,MA,202609,10566,31106,7621675,721.75,721.34,16419,42971,9943,2662,3814
2110039,MA,202609,5257,13415,3675230,699.51,699.11,8108,17736,5607,839,1662
2110104,MA,202609,5833,17903,4167052,714.88,714.39,8046,22268,5559,1017,1470
2110203,MA,202609,8887,21514,6156960,692.81,692.81,13006,27255,9300,1273,2433
2110237,MA,202609,1809,5420,1274826,705.88,704.71,2587,7280,1691,417,479
2110278,MA,202609,3407,9822,2431071,713.55,713.55,4562,12228,3326,544,692
2110302,MA,202609,3245,8713,2244573,691.92,691.7,4459,10958,3119,590,750
2110401,MA,202609,4196,13301,3134115,746.93,746.93,5653,16595,4130,636,887
2110500,MA,202609,7055,18235,4736481,673.94,671.37,10598,24566,6875,1342,2381
2110609,MA,202609,6674,17004,4596883,688.88,688.77,9239,21632,6685,958,1596
2110658,MA,202609,1674,4785,1207036,721.48,721.05,2720,6623,1599,307,814
2110708,MA,202609,7229,20161,5044486,698.1,697.81,11274,27873,6823,1642,2809
2110807,MA,202609,830,2157,561235,677.0,676.19,1515,3460,822,219,474
2110856,MA,202609,1684,4568,1202293,713.95,713.95,2944,6741,1646,358,940
2110906,MA,202609,2556,6782,1790904,700.67,700.67,3607,8693,2525,380,702
2111003,MA,202609,6219,14067,4134096,664.75,664.75,8046,17077,6329,633,1084
2111029,MA,202609,2694,8307,1957863,727.02,726.75,3735,10453,2554,582,599
2111052,MA,202609,1832,5342,1291029,704.71,704.71,2887,7564,1790,451,646
2111078,MA,202609,3579,10853,2603057,727.72,727.31,5375,14752,3432,692,1251
2111102,MA,202609,4673,11983,3211559,687.41,687.26,7689,17492,4542,992,2155
2111201,MA,202609,26006,68824,17444604,671.31,670.79,49463,117831,25212,10889,13362
2111250,MA,202609,1244,3810,875894,706.37,704.09,1977,5490,1167,334,476
2111300,MA,202609,121248,301387,80777575,666.55,666.22,240051,525847,118000,48049,74002
2111409,MA,202609,3731,10431,2592520,694.86,694.86,5905,14669,3585,814,1506
2111508,MA,202609,6719,18943,4669969,696.91,695.04,11267,27746,6193,2124,2950
2111532,MA,202609,1731,5387,1263085,729.69,729.69,3777,8950,1603,655,1519
2111573,MA,202609,1004,2969,707157,704.34,704.34,1628,4419,954,325,349
2111607,MA,202609,3254,8564,2219996,682.24,682.24,6561,14217,3299,1217,2045
2111631,MA,202609,1176,3573,833430,709.3,708.7,1740,4673,1110,271,359
2111672,MA,202609,1126,3339,773175,686.66,686.66,1602,4352,1040,286,276
2111706,MA,202609,5235,12082,3462641,661.44,661.44,7348,15643,5267,745,1336
2111722,MA,202609,1847,5126,1275405,692.03,690.53,2808,7246,1773,412,623
2111748,MA,202609,2798,7146,2031864,726.18,726.18,4004,9101,3044,301,659
2111763,MA,202609,3074,8309,2167007,705.18,704.95,5079,12004,3010,629,1440
2111789,MA,202609,4003,8626,2746950,686.22,686.22,5355,10649,4113,291,951
2111805,MA,202609,3086,9761,2192124,710.34,710.34,4675,13406,2887,938,850
2111904,MA,202609,2583,6793,1801870,697.86,697.59,3852,9157,2542,389,921
2111953,MA,202609,1030,2859,713932,693.14,693.14,1641,4145,1008,236,397
2112001,MA,202609,1186,3646,847093,714.85,714.24,2446,6612,1060,492,894
2112100,MA,202609,4803,14218,3466665,721.77,721.77,6991,19211,4569,1040,1382
2112209,MA,202609,26261,69763,18194005,693.29,692.81,50357,115358,25985,9225,15147
2112233,MA,202609,3016,8453,2031556,674.49,673.59,5716,14779,2664,1491,1561
2112274,MA,202609,1344,4286,998327,742.8,742.8,2033,5648,1350,280,403
2112308,MA,202609,6716,17735,4703348,700.42,700.32,11002,24684,7012,1481,2509
2112407,MA,202609,9410,23784,6618662,703.74,703.36,12806,28831,9989,998,1819
2112456,MA,202609,5815,14272,4098930,705.13,704.89,7551,16938,5822,612,1117
2112506,MA,202609,12403,35531,8871518,715.56,715.27,18051,47329,12047,2645,3359
2112605,MA,202609,7136,21550,5282471,740.26,740.26,9882,26860,6996,1138,1748
2112704,MA,202609,7271,22540,5230378,719.45,719.35,11213,31202,6497,2401,2315
2112803,MA,202609,10034,27365,6904528,688.25,688.11,15211,38370,9603,2449,3159
2112852,MA,202609,1608,4925,1172710,729.3,729.3,2638,7097,1496,507,635
2112902,MA,202609,5954,16592,4176714,701.5,701.5,9032,23222,5647,1371,2014
2113009,MA,202609,5083,14185,3465685,682.36,681.82,8200,21237,4828,1394,1978
2114007,MA,202609,7502,21490,5233505,697.99,697.61,13305,32815,7014,2550,3741
2200053,PI,202609,1396,3514,934236,669.22,669.22,2255,5317,1356,346,553
2200103,PI,202609,974,2576,665327,685.9,683.09,1866,4354,971,235,660
2200202,PI,202609,3576,8776,2389526,668.4,668.21,6270,13076,3639,750,1881
2200251,PI,202609,1419,3162,924573,651.57,651.57,2587,5173,1577,282,728
2200277,PI,202609,951,2186,630200,664.77,662.67,1662,3451,923,212,527
2200301,PI,202609,3028,6574,1988241,656.62,656.62,4876,9700,3020,464,1392
2200400,PI,202609,5903,16610,4052971,688.7,686.6,11981,30099,5844,2769,3368
2200459,PI,202609,1154,3070,796397,691.32,690.12,2045,4896,1119,260,666
2200509,PI,202609,3251,8814,2242388,691.88,689.75,5631,13176,3162,783,1686
2200608,PI,202609,1592,3672,1067946,672.09,670.82,2716,5400,1658,257,801
2200707,PI,202609,1910,4640,1287784,674.23,674.23,3031,6650,1873,325,833
2200806,PI,202609,507,1415,349617,692.31,689.58,947,2396,464,170,313
2200905,PI,202609,1132,2605,746526,659.48,659.48,2032,4122,1171,190,671
2200954,PI,202609,697,1415,448166,642.99,642.99,1209,2275,764,130,315
2201002,PI,202609,938,2435,644605,687.21,687.21,1730,4033,886,221,623
2201051,PI,202609,1523,4242,1065039,700.22,699.3,2695,6699,1476,436,783
2201101,PI,202609,2248,6042,1534765,682.72,682.72,3920,9155,2183,564,1173
2201150,PI,202609,2558,6800,1797650,702.76,702.76,3883,9545,2366,556,961
2201176,PI,202609,764,1927,504144,659.87,659.87,1450,3227,734,203,513
2201200,PI,202609,13007,29479,8721110,670.6,670.49,17984,37634,12886,1531,3567
2201309,PI,202609,705,1902,486270,692.69,689.74,1142,2807,674,173,295
2201408,PI,202609,1196,2960,812301,679.18,679.18,1889,4272,1133,261,495
2201507,PI,202609,5169,13269,3494507,676.31,676.05,8161,19626,4939,1240,1982
2201556,PI,202609,737,2027,496010,673.93,673.01,1515,3771,686,343,486
2201572,PI,202609,641,1509,418759,653.29,653.29,1169,2611,619,208,342
2201606,PI,202609,1886,4686,1282867,680.21,680.21,3589,7856,2177,431,981
2201705,PI,202609,967,2509,650599,672.8,672.8,1728,3958,912,264,552
2201739,PI,202609,1499,4011,1030634,688.47,687.55,2680,6510,1420,363,897
2201770,PI,202609,1982,5041,1350554,682.1,681.41,2726,6170,1990,190,546
2201804,PI,202609,715,1583,462527,646.89,646.89,1451,2953,785,195,471
2201903,PI,202609,4683,12185,3234060,690.74,690.6,8724,18868,4694,1455,2575
2201919,PI,202609,1414,3685,946323,669.25,669.25,2311,5424,1338,424,549
2201929,PI,202609,1329,3377,898544,677.12,676.11,2290,5220,1298,248,744
2201945,PI,202609,1506,3779,1027537,682.75,682.3,2351,5413,1493,253,605
2201960,PI,202609,1670,4035,1121751,672.51,671.71,2680,5893,1645,370,665
2201988,PI,202609,1011,2469,679860,672.46,672.46,1495,3311,996,160,339
2202000,PI,202609,4007,11038,2729771,681.59,681.25,6372,16227,3751,1082,1539
2202026,PI,202609,1555,3920,1059596,681.85,681.41,2737,6277,1553,332,852
2202059,PI,202609,1942,4802,1287944,663.2,663.2,3290,7486,1846,538,906
2202075,PI,202609,478,1313,327393,684.92,684.92,929,2369,434,209,286
2202083,PI,202609,991,3155,704063,712.61,710.46,2685,7154,903,921,861
2202091,PI,202609,1084,3086,729892,675.2,673.33,1988,5041,1023,317,648
2202109,PI,202609,1083,2439,698879,645.32,645.32,1940,4123,1081,255,604
2202117,PI,202609,1245,2888,840239,674.89,674.89,1961,4049,1310,188,463
2202133,PI,202609,1184,2807,782709,661.07,661.07,2338,5019,1197,332,809
2202174,PI,202609,1995,5315,1402307,703.26,702.91,2836,6547,1995,285,556
2202208,PI,202609,9709,20949,6351518,654.26,654.19,16272,32499,9591,2124,4557
2202251,PI,202609,750,1835,509278,679.04,679.04,1212,2518,752,105,355
2202307,PI,202609,4184,10208,2815726,673.14,672.97,6440,14186,4040,753,1647
2202406,PI,202609,2820,6849,1904725,675.43,675.43,4591,10128,2817,488,1286
2202455,PI,202609,1155,2442,762615,660.27,660.27,1955,3648,1211,155,589
2202505,PI,202609,2497,6624,1727385,691.78,691.78,3692,8669,2427,368,897
2202539,PI,202609,1185,3141,802592,679.59,677.29,2123,4907,1136,348,639
2202554,PI,202609,1233,2925,812834,659.23,659.23,2148,4674,1173,361,614
2202604,PI,202609,3728,9539,2576159,691.22,691.03,6666,14994,3737,832,2097
2202653,PI,202609,1312,3439,900859,686.63,686.63,2049,4969,1275,323,451
2202703,PI,202609,5923,15945,4029684,680.35,680.35,8580,22239,5492,1514,1574
2202711,PI,202609,1145,2630,765776,669.97,668.8,1834,3775,1184,182,468
2202729,PI,202609,1198,3355,799549,667.96,667.4,2026,5311,1102,440,484
2202737,PI,202609,827,2393,571175,692.33,690.66,1562,3984,780,239,543
2202752,PI,202609,1778,3918,1194726,673.46,671.95,2994,5709,1800,201,993
2202778,PI,202609,1528,3660,1021938,669.25,668.81,2706,5670,1555,278,873
2202802,PI,202609,1270,2780,825814,650.76,650.25,2351,4427,1324,281,746
2202851,PI,202609,1263,2944,838827,664.15,664.15,2018,4149,1306,202,510
2202901,PI,202609,4154,12207,2885388,694.77,694.6,7933,20266,3722,1531,2680
2203008,PI,202609,1201,3524,829769,690.9,690.9,2165,5645,1078,406,681
2203107,PI,202609,1882,5279,1267472,673.47,673.47,3507,8407,1647,721,1139
2203206,PI,202609,2151,5907,1469017,682.95,682.95,3956,9538,2022,648,1286
2203230,PI,202609,1063,3039,734498,691.62,690.97,2011,5054,927,375,709
2203255,PI,202609,861,2507,602915,701.06,700.25,1548,4006,798,251,499
2203271,PI,202609,1374,3591,945159,687.89,687.89,2178,5097,1362,288,528
2203305,PI,202609,3656,8833,2580737,706.28,705.89,6099,13143,3980,696,1423
2203354,PI,202609,1680,4245,1157764,690.79,689.15,2432,5542,1741,174,517
2203404,PI,202609,1007,2694,665693,662.38,661.07,2192,5246,938,396,858
2203420,PI,202609,902,2419,613994,680.7,680.7,1561,3662,849,246,466
2203453,PI,202609,1990,4593,1303185,655.2,654.87,3587,7228,1903,428,1256
2203503,PI,202609,1838,4850,1230050,669.6,669.23,3931,9212,1722,801,1408
2203602,PI,202609,832,2090,563378,677.14,677.14,1574,3451,813,212,549
2203701,PI,202609,7306,19720,5045368,690.58,690.58,11310,27947,6950,1847,2513
2203750,PI,202609,1573,3750,1049521,683.73,667.21,2156,4679,1617,140,399
2203800,PI,202609,1084,2382,718398,663.34,662.73,1969,3781,1145,156,668
2203859,PI,202609,530,1219,346647,654.05,654.05,1159,2266,562,107,490
2203909,PI,202609,7646,18130,5086364,665.41,665.23,16679,34526,7327,3325,6027
2204006,PI,202609,884,2115,589073,666.37,666.37,1825,3955,852,299,674
2204105,PI,202609,834,2199,575444,690.81,689.98,1487,3496,836,173,478
2204154,PI,202609,499,1324,324751,653.42,650.8,1058,2538,466,196,396
2204204,PI,202609,1071,2933,706994,660.13,660.13,2292,5740,1003,438,851
2204303,PI,202609,1973,4685,1260196,639.37,638.72,3373,7307,1805,581,987
2204352,PI,202609,1500,3500,1008895,672.6,672.6,2636,5592,1491,346,799
2204402,PI,202609,2384,6286,1662909,700.17,697.53,3701,8828,2287,491,923
2204501,PI,202609,2023,5173,1398051,691.08,691.08,3216,7307,1961,356,899
2204550,PI,202609,1302,3283,910402,699.77,699.23,1834,4101,1370,150,314
2204600,PI,202609,773,1824,524208,679.03,678.15,1265,2686,813,116,336
2204659,PI,202609,1946,5409,1322823,680.46,679.77,3219,8354,1802,632,785
2204709,PI,202609,2512,6597,1666757,663.78,663.52,4413,10798,2330,842,1241
2204808,PI,202609,1419,3956,951564,671.06,670.59,2969,7350,1349,617,1003
2204907,PI,202609,1724,4481,1165102,676.99,675.81,2853,6474,1657,327,869
2205003,PI,202609,2128,4898,1385488,651.08,651.08,4129,8718,2059,650,1420
2205102,PI,202609,1872,4776,1257621,671.81,671.81,3190,7203,1869,367,954
2205151,PI,202609,1456,3218,967794,664.69,664.69,2545,4896,1583,257,705
2205201,PI,202609,4036,9604,2720056,674.45,673.95,6418,13808,4276,738,1404
2205250,PI,202609,974,2440,659571,677.87,677.18,1570,3447,931,194,445
2205276,PI,202609,1231,2929,817175,663.83,663.83,2124,4439,1264,193,667
2205300,PI,202609,925,2240,615246,665.13,665.13,1676,3523,872,258,546
2205359,PI,202609,630,1601,414577,658.06,658.06,1062,2483,597,161,304
2205409,PI,202609,2405,7108,1655157,689.07,688.21,3792,10501,2210,688,894
2205458,PI,202609,1378,3814,952237,691.53,691.03,1984,5036,1327,242,415
2205508,PI,202609,6670,19090,4550971,682.41,682.3,11537,31251,6121,2388,3028
2205516,PI,202609,1168,2786,776112,665.05,664.48,1910,4199,1145,186,579
2205524,PI,202609,974,2829,687981,706.35,706.35,1806,4681,937,275,594
2205532,PI,202609,1361,3034,918785,675.08,675.08,2391,4664,1560,212,619
2205540,PI,202609,582,1418,399335,686.14,686.14,1134,2415,596,162,376
2205557,PI,202609,2411,5564,1640387,680.38,680.38,4089,8275,2681,296,1112
2205565,PI,202609,860,2267,571537,664.58,664.58,1796,4233,852,320,624
2205573,PI,202609,1259,3350,859946,683.04,683.04,2427,5938,1217,345,865
2205581,PI,202609,925,2430,635720,687.26,687.26,1566,3619,894,210,462
2205599,PI,202609,1235,3001,825127,668.66,668.12,2168,4762,1233,296,639
2205607,PI,202609,1250,2989,829919,664.47,663.94,2194,4459,1202,232,760
2205706,PI,202609,5631,16544,3790550,673.52,673.16,9871,26582,5192,2273,2406
2205805,PI,202609,5524,14440,3758760,680.44,680.44,8178,19554,5377,1068,1733
2205854,PI,202609,1686,4907,1186298,703.62,703.62,2649,7087,1614,344,691
2205904,PI,202609,1071,2645,716725,669.84,669.21,1937,4277,1020,318,599
2205953,PI,202609,2064,5627,1438285,697.18,696.84,3231,8203,1955,586,690
2206001,PI,202609,1067,2365,709057,665.78,664.53,1844,3499,1122,162,560
2206050,PI,202609,1023,2758,671764,661.84,656.66,1858,4670,979,335,544
2206100,PI,202609,2836,7034,1946910,686.5,686.5,3956,8861,2833,355,768
2206209,PI,202609,7783,19945,5483115,704.59,704.5,11269,26181,7598,1188,2483
2206308,PI,202609,193,554,128036,663.4,663.4,397,1048,174,89,134
2206357,PI,202609,1518,3867,1020533,672.29,672.29,2377,5609,1461,291,625
2206407,PI,202609,1555,4368,1045476,673.2,672.33,2794,7205,1430,486,878
2206506,PI,202609,1821,4473,1182185,649.55,649.2,3068,6654,1723,477,868
2206605,PI,202609,1879,5395,1325754,709.72,705.56,3155,8082,1784,440,931
2206654,PI,202609,1112,2990,784006,705.04,705.04,1835,4367,1147,203,485
2206670,PI,202609,1350,3537,929569,689.08,688.57,2008,4915,1296,281,431
2206696,PI,202609,1554,4104,1081202,695.75,695.75,2227,5508,1510,300,417
2206704,PI,202609,1721,3961,1167523,679.19,678.4,2902,5864,1721,273,908
2206720,PI,202609,2043,5583,1414762,692.49,692.49,3638,8668,1925,571,1142
2206753,PI,202609,942,2465,629625,668.39,668.39,1653,3966,854,291,508
2206803,PI,202609,2783,6460,1914063,688.26,687.77,3829,8043,3103,201,525
2206902,PI,202609,1052,2675,693736,660.07,659.44,1892,4354,1034,269,589
2206951,PI,202609,720,1870,482876,670.66,670.66,1167,2822,697,160,310
2207009,PI,202609,7842,17208,5132987,654.63,654.55,15247,29794,8269,2114,4864
2207108,PI,202609,510,1320,350424,687.11,687.11,1003,2363,480,138,385
2207207,PI,202609,1585,3441,1055464,665.91,665.91,2502,5026,1611,282,609
2207306,PI,202609,992,2505,663482,668.83,668.83,1737,3933,982,275,480
2207355,PI,202609,578,1301,370449,640.92,640.92,1215,2543,542,184,489
2207405,PI,202609,887,2311,583845,658.22,658.22,1612,3674,772,300,540
2207504,PI,202609,3572,8008,2434188,681.85,681.46,5355,10613,3581,342,1432
2207553,PI,202609,929,2059,607170,654.28,653.57,1695,3318,953,183,559
2207603,PI,202609,2661,6926,1887808,709.44,709.44,3915,8923,2760,322,833
2207702,PI,202609,18992,52357,12846753,676.43,676.43,39461,97759,17142,10703,11616
2207751,PI,202609,1188,2782,812434,685.02,683.87,1674,3540,1175,108,391
2207777,PI,202609,918,2273,597141,651.19,650.48,1840,4042,863,336,641
2207793,PI,202609,946,2329,632957,669.09,669.09,1462,3345,897,178,387
2207801,PI,202609,4570,11242,3109959,680.52,680.52,7661,16548,4634,1129,1898
2207850,PI,202609,1207,2639,808581,669.91,669.91,1754,3452,1285,102,367
2207900,PI,202609,8576,21279,5747588,670.43,670.19,13486,30535,8303,2052,3131
2207934,PI,202609,695,1772,475762,684.55,684.55,1287,2755,737,122,428
2207959,PI,202609,1031,2524,670597,650.43,650.43,1627,3643,937,259,431
2208007,PI,202609,11204,26022,7206665,643.28,643.22,22277,47213,10556,4205,7516
2208106,PI,202609,2253,5781,1498726,665.51,665.21,3969,9082,2154,536,1279
2208205,PI,202609,4452,10646,2995164,673.52,672.77,7185,15162,4597,972,1616
2208304,PI,202609,5269,12752,3448567,654.5,654.5,9233,20552,4958,1781,2494
2208403,PI,202609,10163,24942,6685089,658.18,657.79,18683,42240,9459,3703,5521
2208502,PI,202609,2949,8011,2127673,721.49,721.49,4258,10056,3048,382,828
2208551,PI,202609,759,1579,510603,673.62,672.73,1219,2164,826,82,311
2208601,PI,202609,882,1878,586691,665.94,665.18,1467,2720,965,128,374
2208650,PI,202609,1477,3863,968732,655.88,655.88,2915,6936,1343,520,1052
2208700,PI,202609,2188,5611,1516773,693.86,693.22,3718,8376,2291,408,1019
2208809,PI,202609,4562,9855,3070347,673.47,673.03,7398,14296,4678,760,1960
2208858,PI,202609,987,2714,677848,686.78,686.78,1739,4199,943,261,535
2208874,PI,202609,1229,2544,799531,651.61,650.55,2109,3808,1298,153,658
2208908,PI,202609,1128,2977,779691,692.44,691.22,2036,4740,1087,247,702
2209005,PI,202609,1660,3526,1101133,663.33,663.33,2645,5137,1668,231,746
2209104,PI,202609,1324,3422,891316,673.2,673.2,2453,5424,1292,377,784
2209153,PI,202609,540,1488,357987,662.94,662.94,1081,2707,502,189,390
2209203,PI,202609,1319,3479,908932,691.2,689.11,2243,5193,1256,321,666
2209302,PI,202609,1499,3474,1011506,674.79,674.79,2373,4810,1560,218,595
2209351,PI,202609,632,1669,424895,672.3,672.3,1406,3472,612,233,561
2209377,PI,202609,1035,2500,697458,673.87,673.87,1856,3935,1129,187,540
2209401,PI,202609,1252,2884,822790,658.76,657.18,2265,4719,1217,325,723
2209450,PI,202609,279,966,201077,720.71,720.71,612,1847,238,158,216
2209500,PI,202609,737,1684,488106,662.29,662.29,1708,3362,786,178,744
2209559,PI,202609,1143,2712,750696,656.78,656.78,2019,4239,1114,252,653
2209609,PI,202609,371,955,242138,652.66,652.66,903,2051,352,180,371
2209658,PI,202609,1406,3408,938308,670.22,667.36,2343,5119,1416,266,661
2209708,PI,202609,1388,2890,905631,652.47,652.47,2537,4717,1421,247,869
2209757,PI,202609,588,1629,411319,699.52,699.52,950,2336,559,148,243
2209807,PI,202609,1081,2687,723218,669.03,669.03,1660,3711,1022,234,404
2209856,PI,202609,955,2262,636930,666.94,666.94,1759,3702,976,226,557
2209872,PI,202609,1384,3458,939807,679.05,679.05,2047,4679,1335,245,467
2209906,PI,202609,1193,3085,808650,678.4,677.83,2020,4743,1168,250,602
2209955,PI,202609,1054,2506,701853,665.89,665.89,1874,3947,1000,255,619
2209971,PI,202609,2075,5397,1435896,692.0,692.0,3094,7346,2132,309,653
2210003,PI,202609,3526,8737,2377511,674.28,674.28,6197,14023,3356,1032,1809
2210052,PI,202609,1223,2938,814771,666.75,666.21,1971,4470,1229,281,461
2210102,PI,202609,657,1620,437056,666.24,665.23,1215,2626,640,166,409
2210201,PI,202609,1193,3254,810054,679.01,679.01,2045,5186,1130,360,555
2210300,PI,202609,1499,3104,981953,655.07,655.07,2341,4357,1531,176,634
2210359,PI,202609,1262,2775,813993,645.0,645.0,2032,4193,1202,257,573
2210375,PI,202609,403,998,267853,664.65,664.65,835,1913,399,176,260
2210383,PI,202609,327,845,218322,667.65,667.65,701,1599,318,131,252
2210391,PI,202609,533,1386,357112,671.26,670.0,1003,2344,512,157,334
2210409,PI,202609,3242,8244,2162767,667.93,667.11,6219,13899,3111,860,2248
2210508,PI,202609,3396,7910,2310039,681.03,680.22,5058,10537,3546,427,1085
2210607,PI,202609,7193,17958,4755331,661.2,661.11,13207,29603,6811,2033,4363
2210623,PI,202609,821,2401,576455,703.85,702.14,1613,3960,883,258,472
2210631,PI,202609,848,2227,584013,689.51,688.69,1493,3621,798,219,476
2210656,PI,202609,2050,4851,1376968,671.69,671.69,3516,7545,2078,394,1044
2210706,PI,202609,2221,6677,1533957,690.97,690.66,4329,11430,2032,965,1332
2210805,PI,202609,2251,5467,1486602,660.71,660.42,4393,9456,2182,681,1530
2210904,PI,202609,995,2232,658032,662.0,661.34,1862,3587,1063,211,588
2210938,PI,202609,1274,3052,847785,666.5,665.45,2171,4804,1285,328,558
2210953,PI,202609,696,1709,460449,661.56,661.56,1141,2511,658,162,321
2210979,PI,202609,432,1121,288025,666.72,666.72,1016,2326,429,190,397
2211001,PI,202609,77350,198829,51652375,668.1,667.77,174292,401507,87215,38676,48401
2211100,PI,202609,8914,23877,6244252,700.5,700.5,14436,33921,9040,2051,3345
2211209,PI,202609,4174,11421,2902203,697.48,695.3,6829,16979,3827,1095,1907
2211308,PI,202609,2980,7480,1943276,652.54,652.11,6711,15411,2775,1520,2416
2211357,PI,202609,1362,3406,924342,679.16,678.67,2099,4711,1339,223,537
2211407,PI,202609,997,2137,649147,651.75,651.1,1788,3474,988,217,583
2211506,PI,202609,639,1556,427662,669.27,669.27,1352,2990,643,197,512
2211605,PI,202609,548,1243,349795,638.31,638.31,1029,2106,535,129,365
2211704,PI,202609,1000,2327,651861,651.86,651.86,1515,3247,1005,156,354
2300101,CE,202609,1925,4983,1288670,669.44,669.44,3666,8477,1942,604,1120
2300150,CE,202609,2775,7368,1881663,678.81,678.08,4733,11724,2593,1024,1116
2300200,CE,202609,13756,35608,9353379,680.0,679.95,19706,48041,13243,2809,3654
2300309,CE,202609,9115,21941,6027289,661.32,661.25,15552,33810,8834,2064,4654
2300408,CE,202609,3111,7520,2049431,658.98,658.77,5286,11250,3000,734,1552
2300507,CE,202609,1329,3835,900042,677.74,677.23,2910,8183,1216,741,953
2300606,CE,202609,1596,3931,1062455,665.7,665.7,3131,6893,1545,465,1121
2300705,CE,202609,2579,6283,1696803,658.19,657.93,5439,11824,2510,888,2041
2300754,CE,202609,8646,23268,5958592,690.13,689.17,13174,33164,8038,2337,2799
2300804,CE,202609,1898,4204,1255129,661.99,661.29,3186,6234,1927,357,902
2300903,CE,202609,2822,6959,1892446,670.84,670.6,4207,9962,2742,573,892
2301000,CE,202609,14680,36022,9721854,662.75,662.25,25880,57757,13891,5531,6458
2301109,CE,202609,9514,24645,6170473,649.66,648.57,19056,47092,8314,5441,5301
2301208,CE,202609,4758,12299,3141576,660.41,660.27,9148,21749,4340,1837,2971
2301257,CE,202609,2102,5221,1383785,658.63,658.32,3686,8536,1897,735,1054
2301307,CE,202609,4288,11329,2915366,680.84,679.89,7654,18791,4046,1223,2385
2301406,CE,202609,2185,6237,1466666,671.55,671.24,4047,11019,2007,771,1269
2301505,CE,202609,928,2530,633873,683.05,683.05,1842,4627,913,431,498
2301604,CE,202609,4362,10572,2884381,661.4,661.25,7886,17243,4220,1292,2374
2301703,CE,202609,4020,10581,2650742,659.55,659.39,7982,19095,3779,1390,2813
2301802,CE,202609,1041,2622,690948,664.37,663.73,2040,4662,1036,305,699
2301851,CE,202609,3153,7871,2155447,684.05,683.62,5822,12986,3086,1070,1666
2301901,CE,202609,9004,25624,6061090,674.65,673.16,20164,52718,7991,4735,7438
2301950,CE,202609,4352,11817,2928569,673.54,672.92,6903,17616,4021,1379,1503
2302008,CE,202609,3696,8829,2422768,655.87,655.51,7006,15656,3480,1052,2474
2302057,CE,202609,3615,9087,2421535,670.23,669.86,5787,13162,3544,898,1345
2302107,CE,202609,6662,15548,4399081,660.32,660.32,10976,23822,6533,2051,2392
2302206,CE,202609,10545,26259,6991503,663.2,663.02,17180,39577,10326,2922,3932
2302305,CE,202609,5265,13943,3585645,681.29,681.03,8263,20817,5137,1496,1630
2302404,CE,202609,8727,21019,5760870,661.11,660.12,16193,36333,8446,2730,5017
2302503,CE,202609,7243,18658,4889022,675.09,675.0,12396,29786,6682,2930,2784
2302602,CE,202609,11084,28141,7435266,671.3,670.81,18891,45332,10431,4055,4405
2302701,CE,202609,4104,10848,2776401,677.01,676.51,8912,20392,3844,1839,3229
2302800,CE,202609,15804,35833,10519002,666.35,665.59,25462,55172,15309,3739,6414
2302909,CE,202609,3416,8400,2279337,667.25,667.25,5725,13092,3329,950,1446
2303006,CE,202609,4027,9584,2705881,672.6,671.93,6189,13544,3911,790,1488
2303105,CE,202609,2818,7450,1887079,669.65,669.65,5806,14207,2678,1111,2017
2303204,CE,202609,5383,14047,3665524,681.2,680.94,9783,23460,5225,1777,2781
2303303,CE,202609,3158,7610,2115208,670.01,669.79,5838,13010,3103,810,1925
2303402,CE,202609,2705,7529,1839192,680.17,679.92,4979,13118,2484,1117,1378
2303501,CE,202609,12824,31496,8476204,661.38,660.96,21894,50718,11886,4544,5464
2303600,CE,202609,1934,4981,1317363,681.16,681.16,3726,8370,1874,572,1280
2303659,CE,202609,2583,5728,1716125,664.39,664.39,3853,7746,2626,368,859
2303709,CE,202609,58833,138077,39002867,663.58,662.94,104759,221125,58654,19301,26804
2303808,CE,202609,4036,9745,2647307,656.57,655.92,7491,17294,3838,1260,2393
2303907,CE,202609,2365,6313,1598127,676.03,675.74,3959,9920,2189,848,922
2303931,CE,202609,2374,5851,1585650,668.77,667.92,4414,10011,2229,707,1478
2303956,CE,202609,3862,9466,2543127,658.5,658.5,6678,15725,3536,1341,1801
2304004,CE,202609,4342,10456,2859066,658.47,658.47,7354,16682,4052,1325,1977
2304103,CE,202609,10153,26170,6762757,666.22,666.08,19113,45067,9268,3831,6014
2304202,CE,202609,19546,47893,12881972,659.33,659.06,41902,94761,18390,8795,14717
2304236,CE,202609,3274,8622,2216458,677.61,676.99,5799,14276,3100,1094,1605
2304251,CE,202609,5529,14465,3784712,685.02,684.52,8436,21051,5378,1599,1459
2304269,CE,202609,1546,3711,1026179,664.19,663.76,3456,7542,1506,497,1453
2304277,CE,202609,1017,2615,662930,651.85,651.85,2359,5440,1009,360,990
2304285,CE,202609,6942,17330,4578814,659.96,659.58,12590,29488,6345,3142,3103
2304301,CE,202609,3102,8476,2081922,671.15,671.15,6043,15019,2906,1047,2090
2304350,CE,202609,3185,7987,2071242,650.31,650.31,7366,16534,2889,1649,2828
2304400,CE,202609,303317,698169,199536104,658.57,657.85,592656,1240152,307163,116524,168969
2304459,CE,202609,2718,6995,1800129,662.54,662.3,4804,11505,2721,924,1159
2304509,CE,202609,2700,6907,1801071,667.06,667.06,4953,11727,2420,1042,1491
2304608,CE,202609,1618,4024,1100636,680.24,680.24,2602,5816,1622,362,618
2304657,CE,202609,2858,7306,1939458,678.61,678.61,5293,12215,2813,784,1696
2304707,CE,202609,9367,26194,6312314,674.46,673.89,14666,39423,8454,3341,2871
2304806,CE,202609,1003,2547,678967,677.61,676.94,2070,4643,1016,349,705
2304905,CE,202609,1553,3835,1000783,644.83,644.42,3437,7990,1451,753,1233
2304954,CE,202609,3934,9922,2627549,668.08,667.91,7385,17446,3691,1420,2274
2305001,CE,202609,8088,22899,5615755,694.93,694.33,13060,33878,7663,2122,3275
2305100,CE,202609,1084,2801,730264,674.3,673.68,2134,5156,1062,367,705
2305209,CE,202609,3650,8896,2461401,674.36,674.36,6143,13884,3688,964,1491
2305233,CE,202609,7652,21518,5045903,660.03,659.42,24749,61228,6419,7924,10406
2305266,CE,202609,2807,7179,1935137,689.4,689.4,4997,11242,2774,679,1544
2305308,CE,202609,3930,11787,2769053,704.95,704.59,6737,18429,3660,1304,1773
2305332,CE,202609,2773,5915,1815434,654.68,654.68,5758,10675,3154,604,2000
2305357,CE,202609,3088,8311,2006515,650.2,649.78,5517,14015,2805,1429,1283
2305407,CE,202609,11915,29228,7966581,668.84,668.62,18715,42938,11289,2830,4596
2305506,CE,202609,15146,35454,9976033,659.18,658.66,29431,63876,14334,5516,9581
2305605,CE,202609,5318,12300,3557120,669.01,668.88,9252,18639,5432,855,2965
2305654,CE,202609,2034,5213,1361476,669.36,669.36,3499,8478,1864,729,906
2305704,CE,202609,2377,5771,1592697,671.46,670.05,4113,9131,2326,538,1249
2305803,CE,202609,10211,23356,6840305,670.03,669.9,15787,32708,10287,1645,3855
2305902,CE,202609,7139,17586,4793762,671.58,671.49,12636,28634,6864,2005,3767
2306009,CE,202609,2138,5298,1427405,667.64,667.64,4335,9916,2053,888,1394
2306108,CE,202609,5316,13922,3623862,681.82,681.69,8253,20095,4970,1368,1915
2306207,CE,202609,1209,2914,776856,643.09,642.56,2601,5745,1153,503,945
2306256,CE,202609,7947,20112,5279769,666.05,664.37,15734,37162,7574,4236,3924
2306306,CE,202609,8557,21993,5682483,664.7,664.07,14445,34555,8065,3014,3366
2306405,CE,202609,20706,57598,14165645,688.59,684.13,33170,86203,18858,6916,7396
2306504,CE,202609,3857,9342,2572846,667.06,667.06,6431,14453,3677,980,1774
2306553,CE,202609,9383,26131,6509539,693.83,693.76,13011,34096,8999,1945,2067
2306603,CE,202609,4571,11532,3104334,680.03,679.14,7557,17737,4318,1279,1960
2306702,CE,202609,3403,8248,2277692,669.32,669.32,6705,14475,3375,840,2490
2306801,CE,202609,1760,4505,1188024,675.01,675.01,3699,8331,1727,649,1323
2306900,CE,202609,4150,11223,2777313,670.52,669.23,8330,21039,3855,1838,2637
2307007,CE,202609,6621,15012,4267622,645.34,644.56,12534,27308,6435,1999,4100
2307106,CE,202609,5268,14120,3593367,682.11,682.11,8704,22000,5009,1507,2188
2307205,CE,202609,1143,3224,784282,686.76,686.16,2273,5886,1078,509,686
2307254,CE,202609,4271,10986,2857529,669.37,669.05,7331,17363,3862,1797,1672
2307304,CE,202609,34778,90474,23283464,669.51,669.49,78231,180656,31532,20128,26571
2307403,CE,202609,4167,10669,2794048,670.52,670.52,7888,18250,3950,1435,2503
2307502,CE,202609,5437,13673,3624367,666.86,666.61,9980,23467,5263,1334,3383
2307601,CE,202609,8261,19769,5446331,660.4,659.28,16204,35488,8154,3079,4971
2307635,CE,202609,3184,8201,2121313,666.45,666.24,5477,13364,2924,1030,1523
2307650,CE,202609,31517,79522,21005283,668.04,666.47,61352,142526,29925,14294,17133
2307700,CE,202609,17910,41667,11724469,655.55,654.63,33805,68325,17930,5842,10033
2307809,CE,202609,5353,15824,3790849,708.57,708.17,8719,24407,4917,2039,1763
2307908,CE,202609,2691,6402,1803867,671.58,670.33,4056,9191,2649,666,741
2308005,CE,202609,6805,17429,4511027,663.19,662.9,11468,28520,6268,2489,2711
2308104,CE,202609,8103,22179,5502403,679.23,679.06,13804,35420,7592,2373,3839
2308203,CE,202609,2246,6408,1529212,680.86,680.86,4570,12142,2106,1055,1409
2308302,CE,202609,4893,12561,3261923,666.92,666.65,8566,20458,4623,1439,2504
2308351,CE,202609,2587,6226,1715173,663.0,663.0,4595,10088,2494,548,1553
2308377,CE,202609,3454,7954,2324741,673.45,673.06,5241,11161,3321,590,1330
2308401,CE,202609,7516,20351,5144918,684.53,684.53,12112,30257,7113,1956,3043
2308500,CE,202609,7402,18653,4977197,672.59,672.41,12512,28797,7306,2149,3057
2308609,CE,202609,4142,9755,2741170,662.12,661.8,7721,15165,4310,685,2726
2308708,CE,202609,10771,23898,7068671,657.31,656.27,20520,41605,11431,2949,6140
2308807,CE,202609,1496,4022,1005627,672.21,672.21,2557,6444,1409,539,609
2308906,CE,202609,3581,10637,2531911,707.04,707.04,5771,16050,3377,1372,1022
2309003,CE,202609,2185,5699,1478945,676.86,676.86,4478,10830,2105,900,1473
2309102,CE,202609,2386,6040,1614516,676.95,676.66,3611,8403,2300,460,851
2309201,CE,202609,2797,7814,1927567,689.4,689.16,5802,14160,2621,1057,2124
2309300,CE,202609,4527,12045,3106984,686.32,686.32,9019,21888,4324,1749,2946
2309409,CE,202609,6916,15469,4602171,665.53,665.44,10138,21232,6668,1152,2318
2309458,CE,202609,4784,12082,3159910,660.65,660.52,8187,19514,4523,1592,2072
2309508,CE,202609,4739,10726,3062837,646.44,646.3,7662,15968,4435,1065,2162
2309607,CE,202609,8114,20802,5329489,656.91,656.83,16588,40553,7245,4483,4860
2309706,CE,202609,10844,27671,7220214,668.29,665.83,20543,48662,9957,4856,5730
2309805,CE,202609,2248,5445,1518317,675.41,675.41,4148,9106,2276,598,1274
2309904,CE,202609,1194,3085,808408,677.06,677.06,2153,5158,1116,417,620
2310001,CE,202609,1853,4292,1210035,653.37,653.01,3916,8179,1885,586,1445
2310100,CE,202609,2068,4725,1376757,665.74,665.74,4150,8447,2143,474,1533
2310209,CE,202609,7302,18528,4941428,677.0,676.72,12027,28684,7072,2130,2825
2310258,CE,202609,7041,17311,4726629,672.83,671.3,10820,24722,6875,1701,2244
2310308,CE,202609,4374,12503,2979472,681.8,681.18,9249,23839,4063,1934,3252
2310407,CE,202609,2615,5870,1736023,663.87,663.87,4253,8817,2625,515,1113
2310506,CE,202609,8201,19180,5427584,662.06,661.82,14772,32120,8001,1878,4893
2310605,CE,202609,2075,5816,1425420,687.28,686.95,3308,8402,1975,498,835
2310704,CE,202609,6128,16138,4121524,672.79,672.57,9424,23952,5736,1869,1819
2310803,CE,202609,2218,5928,1514720,682.92,682.92,4658,11160,2165,956,1537
2310852,CE,202609,4447,10800,2989153,672.17,672.17,7664,17046,4305,1514,1845
2310902,CE,202609,2465,6063,1619700,657.88,657.08,5016,11589,2345,889,1782
2310951,CE,202609,1473,4160,1007808,684.19,684.19,2887,7352,1390,485,1012
2311009,CE,202609,2120,5518,1401596,661.44,661.13,3748,9237,1886,742,1120
2311108,CE,202609,3002,7875,2035711,678.12,678.12,4965,12386,2770,1084,1111
2311207,CE,202609,1943,4788,1302418,670.66,670.31,3646,8041,1923,593,1130
2311231,CE,202609,1180,2902,790022,669.51,669.51,2428,5399,1199,466,763
2311264,CE,202609,3854,9409,2586095,671.02,671.02,7109,15854,3808,937,2364
2311306,CE,202609,18104,38376,11914655,658.3,658.12,32859,64919,18073,4862,9924
2311355,CE,202609,2921,7353,1954550,669.37,669.14,5203,12261,2880,876,1447
2311405,CE,202609,12931,31311,8645748,669.23,668.61,22813,51945,12125,4280,6408
2311504,CE,202609,2555,6552,1669982,654.13,653.61,6121,14744,2263,1815,2043
2311603,CE,202609,4877,12869,3270680,670.77,670.63,8678,21596,4478,1914,2286
2311702,CE,202609,3155,8416,2140451,678.86,678.43,5939,14817,2974,1076,1889
2311801,CE,202609,9627,23055,6329865,657.92,657.51,20617,46722,9116,4693,6808
2311900,CE,202609,2758,6897,1824218,661.43,661.43,5414,12047,2664,803,1947
2311959,CE,202609,3464,10126,2381665,687.55,687.55,6240,16464,3114,1270,1856
2312007,CE,202609,6103,15599,4111459,673.68,673.68,9811,23606,5982,1305,2524
2312106,CE,202609,3621,9679,2501940,690.95,690.95,6387,14966,3576,888,1923
2312205,CE,202609,8662,19527,5695000,658.08,657.47,16035,33677,8618,2261,5156
2312304,CE,202609,7155,21561,4956717,692.86,692.76,12385,34690,6639,2820,2926
2312403,CE,202609,8942,23336,5998244,671.32,670.79,15922,39888,8205,3429,4288
2312502,CE,202609,881,1924,575691,653.45,653.45,2363,4810,1020,287,1056
2312601,CE,202609,2500,6074,1644858,658.21,657.94,4347,9637,2420,708,1219
2312700,CE,202609,3746,9139,2494997,666.04,666.04,6505,15030,3565,1192,1748
2312809,CE,202609,1379,3798,944562,685.46,684.96,2470,6185,1311,521,638
2312908,CE,202609,23801,60179,15710204,660.15,660.06,46895,114039,21708,12123,13064
2313005,CE,202609,2394,5989,1604920,671.23,670.39,4601,10904,2396,864,1341
2313104,CE,202609,4911,11152,3246126,661.13,660.99,11023,22625,5021,1736,4266
2313203,CE,202609,4185,11448,2853406,681.82,681.82,7656,19316,3927,1464,2265
2313252,CE,202609,1325,3330,880951,664.87,664.87,2863,6459,1282,429,1152
2313302,CE,202609,7692,19753,5144238,670.08,668.78,15760,36435,7334,2831,5595
2313351,CE,202609,4164,10521,2836674,681.24,681.24,6245,14463,4006,901,1338
2313401,CE,202609,12221,37692,8358348,684.44,683.93,22040,61621,10848,5645,5547
2313500,CE,202609,13367,34287,9150442,684.81,684.55,19818,47070,12975,2746,4097
2313559,CE,202609,3668,9384,2478145,675.61,675.61,6239,14371,3505,945,1789
2313609,CE,202609,6286,17415,4277914,680.55,680.55,10661,27177,5800,1933,2928
2313708,CE,202609,1291,3222,846457,655.66,655.66,2268,5324,1202,390,676
2313757,CE,202609,3235,9056,2219583,687.82,686.12,5241,13425,2959,1028,1254
2313807,CE,202609,4705,11749,3199027,680.35,679.92,6748,15774,4409,1147,1192
2313906,CE,202609,2527,6711,1690701,670.12,669.05,4191,10572,2384,850,957
2313955,CE,202609,3160,8304,2162577,685.01,684.36,5654,13571,3126,1028,1500
2314003,CE,202609,7475,17868,4892409,654.68,654.5,13238,30038,7024,2283,3931
2314102,CE,202609,13205,35729,9019028,683.31,683.0,21183,51993,12698,3058,5427
2400109,RN,202609,1210,3031,791894,654.46,654.46,2686,6255,1139,671,876
2400208,RN,202609,8983,21798,5839738,651.32,650.09,18258,40921,8626,3596,6036
2400307,RN,202609,2844,5796,1862689,655.88,654.95,4812,8805,3171,403,1238
2400406,RN,202609,491,1300,329393,670.86,670.86,1026,2471,475,197,354
2400505,RN,202609,2211,5485,1466671,663.35,663.35,4277,9767,2156,699,1422
2400604,RN,202609,943,2293,625614,663.43,663.43,1709,3870,944,253,512
2400703,RN,202609,2207,5152,1450267,658.31,657.12,3987,9125,2095,637,1255
2400802,RN,202609,1720,4362,1137680,662.98,661.44,3558,8321,1647,602,1309
2400901,RN,202609,1784,3733,1155077,648.19,647.46,2868,5445,1746,298,824
2401008,RN,202609,6958,14988,4455613,640.54,640.36,13192,27099,6741,1904,4547
2401107,RN,202609,3094,8120,1994830,644.95,644.74,6781,16424,2670,1521,2590
2401206,RN,202609,2150,5851,1482317,690.09,689.45,3943,10149,2018,813,1112
2401305,RN,202609,2899,5350,1882947,650.86,649.52,4709,7954,3086,315,1308
2401404,RN,202609,1189,3296,805529,679.77,677.48,2337,6148,1110,462,765
2401453,RN,202609,5060,12689,3322798,657.98,656.68,9831,22713,4654,1951,3226
2401503,RN,202609,666,1544,437556,656.99,656.99,1292,2814,638,243,411
2401602,RN,202609,997,2589,670750,672.77,672.77,1812,4273,942,279,591
2401651,RN,202609,590,1563,406752,689.41,689.41,1095,2679,586,136,373
2401701,RN,202609,1715,4399,1159397,676.03,676.03,3230,7529,1764,580,886
2401800,RN,202609,1747,4782,1176005,673.54,673.16,3295,8471,1594,853,848
2401859,RN,202609,1216,3270,814669,670.51,669.96,2000,5054,1093,355,552
2401909,RN,202609,849,2041,572577,674.41,674.41,1347,3045,826,180,341
2402006,RN,202609,7113,16590,4637702,653.2,652.0,16697,35691,7065,3206,6426
2402105,RN,202609,2093,4837,1389517,664.21,663.89,3721,7788,2169,504,1048
2402204,RN,202609,5924,16058,4151580,704.02,700.81,9444,22805,6103,1221,2120
2402303,RN,202609,3597,8501,2330356,648.4,647.86,7153,15350,3438,1331,2384
2402402,RN,202609,728,1966,478981,657.94,657.94,2130,5415,635,628,867
2402501,RN,202609,1923,4608,1276331,665.1,663.72,3385,7474,1914,501,970
2402600,RN,202609,10074,29388,6857045,681.82,680.67,19213,50606,8879,5206,5128
2402709,RN,202609,1690,4567,1169770,692.58,692.17,2747,7079,1644,497,606
2402808,RN,202609,989,2536,663407,672.83,670.79,1838,4245,1007,288,543
2402907,RN,202609,711,1766,468871,659.45,659.45,1390,3310,668,269,453
2403004,RN,202609,1163,2908,769523,662.24,661.67,2505,5612,1152,496,857
2403103,RN,202609,4724,11805,3123684,661.52,661.24,10742,25038,4479,2477,3786
2403202,RN,202609,998,2695,669524,672.89,670.87,2128,5348,952,366,810
2403251,RN,202609,22145,56506,14713739,667.47,664.43,47978,108817,22092,10311,15575
2403301,RN,202609,970,2606,644457,664.39,664.39,2196,5291,922,451,823
2403400,RN,202609,1201,2602,782490,651.53,651.53,2312,4573,1281,305,726
2403509,RN,202609,1840,4245,1241051,677.8,674.48,3101,6349,2016,326,759
2403608,RN,202609,10621,27986,7244035,683.46,682.05,18618,45750,10123,3979,4516
2403707,RN,202609,1202,2745,770551,641.06,641.06,2638,5705,1163,457,1018
2403756,RN,202609,584,1367,375273,647.02,642.59,1137,2408,569,197,371
2403806,RN,202609,1411,3547,938888,665.41,665.41,2984,7074,1407,523,1054
2403905,RN,202609,401,970,256541,639.75,639.75,1130,2487,382,229,519
2404002,RN,202609,751,1803,496616,661.27,661.27,1499,3442,716,309,474
2404101,RN,202609,247,673,168251,681.18,681.18,686,1809,248,199,239
2404200,RN,202609,4262,12047,2991726,705.1,701.95,7317,19194,4119,1465,1733
2404309,RN,202609,2149,5055,1424214,663.35,662.73,4214,9105,2214,640,1360
2404408,RN,202609,2132,4626,1394497,654.08,654.08,3637,7202,2095,432,1110
2404507,RN,202609,2735,6699,1838955,672.38,672.38,5128,11814,2680,844,1604
2404606,RN,202609,2420,6233,1641197,678.46,678.18,3963,9316,2489,606,868
2404705,RN,202609,2114,5749,1406662,665.4,665.4,4411,11186,1910,888,1613
2404804,RN,202609,195,559,130794,670.74,670.74,612,1531,167,165,280
2404853,RN,202609,1168,3186,781428,669.03,669.03,2543,6256,1060,550,933
2404903,RN,202609,1305,2693,857489,657.08,657.08,2344,4524,1290,244,810
2405009,RN,202609,1590,4082,1063026,670.68,668.57,2727,6409,1571,391,765
2405108,RN,202609,1157,3024,799041,691.81,690.61,2236,5247,1284,319,633
2405207,RN,202609,1134,2495,740825,655.02,653.28,2205,4103,1106,218,881
2405306,RN,202609,1676,4452,1153589,688.71,688.3,2718,6562,1758,385,575
2405405,RN,202609,1568,3788,1069844,682.73,682.3,2711,5795,1694,251,766
2405504,RN,202609,638,1643,438296,686.98,686.98,971,2291,624,149,198
2405603,RN,202609,3021,7156,2015281,667.31,667.09,4838,10359,3111,632,1095
2405702,RN,202609,1062,2507,672952,634.86,633.66,3162,7303,1005,727,1430
2405801,RN,202609,6490,17157,4475327,690.0,689.57,10891,26173,6848,1523,2520
2405900,RN,202609,546,1131,350507,641.95,641.95,1088,2036,563,124,401
2406007,RN,202609,1012,2445,659377,652.85,651.56,2237,5007,960,380,897
2406106,RN,202609,2871,6950,1849830,648.38,644.32,5355,12346,2677,1060,1618
2406155,RN,202609,761,1882,514700,676.35,676.35,1492,3399,812,239,441
2406205,RN,202609,1408,3682,956533,679.36,679.36,2328,5674,1359,372,597
2406304,RN,202609,1670,4109,1118319,670.46,669.65,3009,6393,1917,397,695
2406403,RN,202609,481,1228,327392,680.65,680.65,954,2245,472,167,315
2406502,RN,202609,2490,7262,1693632,681.27,680.17,4721,12738,2304,1000,1417
2406601,RN,202609,2728,6058,1825861,669.55,669.3,4542,8930,2992,418,1132
2406700,RN,202609,1419,3751,941097,663.21,663.21,3079,7562,1338,610,1131
2406809,RN,202609,899,2366,596971,664.04,664.04,1681,4095,845,315,521
2406908,RN,202609,861,1864,557615,647.64,647.64,1586,3239,851,180,555
2407005,RN,202609,1435,3853,968847,675.15,675.15,2673,6676,1368,501,804
2407104,RN,202609,13596,31837,9024817,665.01,663.78,24894,53316,13337,4445,7112
2407203,RN,202609,3622,8605,2398054,665.02,662.08,6719,14763,3422,1048,2249
2407252,RN,202609,713,1811,482313,676.46,676.46,1410,3346,697,252,461
2407302,RN,202609,1435,3771,942836,657.03,657.03,2640,6368,1368,485,787
2407401,RN,202609,1416,3435,926357,654.67,654.21,2697,6132,1390,413,894
2407500,RN,202609,1693,4792,1136077,671.44,671.04,3058,7984,1551,671,836
2407609,RN,202609,996,2395,659907,662.56,662.56,2023,4041,994,223,806
2407708,RN,202609,2340,5982,1597073,682.8,682.51,3981,9151,2313,537,1131
2407807,RN,202609,3765,9488,2539428,675.92,674.48,6537,15322,3595,1123,1819
2407906,RN,202609,549,1433,371291,677.54,676.3,1014,2504,537,170,307
2408003,RN,202609,28140,65805,18142336,645.31,644.72,71299,146883,29221,15452,26626
2408102,RN,202609,75089,174980,50003110,666.36,665.92,145403,300223,79622,27623,38158
2408201,RN,202609,5144,13815,3450111,672.8,670.71,8965,22378,4678,1942,2345
2408300,RN,202609,6109,15804,4119446,674.43,674.32,10273,24427,5933,1646,2694
2408409,RN,202609,701,1587,448112,639.25,639.25,1520,3054,669,245,606
2408508,RN,202609,685,1725,459740,671.15,671.15,1696,3982,702,277,717
2408607,RN,202609,1205,2464,783951,650.58,650.58,2014,3911,1232,185,597
2408706,RN,202609,603,1473,394738,655.71,654.62,1322,2899,583,270,469
2408805,RN,202609,1045,2878,727018,695.71,695.71,1739,4520,1012,295,432
2408904,RN,202609,3281,7533,2172415,662.73,662.12,7428,15606,3513,1332,2583
2408953,RN,202609,2365,6652,1614563,683.27,682.69,3719,9582,2222,664,833
2409100,RN,202609,2191,5898,1449014,661.35,661.35,3832,9495,2023,736,1073
2409209,RN,202609,572,1464,383103,669.76,669.76,1242,2782,649,206,387
2409308,RN,202609,2051,4814,1342833,656.0,654.72,4326,8562,2172,659,1495
2409332,RN,202609,1094,2728,744062,680.75,680.13,1719,3929,1118,235,366
2409407,RN,202609,4263,9796,2806036,658.38,658.23,9270,19221,4420,1570,3280
2409506,RN,202609,748,2028,497872,665.6,665.6,1364,3526,681,270,413
2409605,RN,202609,536,1330,361603,674.63,674.63,914,2125,538,110,266
2409704,RN,202609,1141,2741,756874,663.34,663.34,1946,4327,1066,330,550
2409803,RN,202609,2935,7087,2004812,683.3,683.07,4838,10554,3189,559,1090
2409902,RN,202609,1974,4700,1291659,657.0,654.34,3730,8241,2003,673,1054
2410009,RN,202609,831,1813,540692,650.65,650.65,1410,2805,818,133,459
2410108,RN,202609,2328,5949,1573386,675.85,675.85,3762,9130,2237,630,895
2410207,RN,202609,1240,3080,819495,660.88,660.88,2487,5877,1191,450,846
2410256,RN,202609,1020,2724,684107,670.69,670.69,1733,4363,942,337,454
2410306,RN,202609,1883,5056,1292339,686.68,686.32,3489,8610,1890,513,1086
2410405,RN,202609,1715,5047,1194242,696.35,696.35,2922,7643,1618,524,780
2410504,RN,202609,927,2373,610897,659.0,659.0,1682,4015,877,304,501
2410603,RN,202609,537,1245,346495,646.45,645.24,1086,2414,520,200,366
2410702,RN,202609,563,1292,363542,645.72,645.72,1064,2238,543,161,360
2410801,RN,202609,628,1650,413527,658.48,658.48,1297,3175,598,272,427
2410900,RN,202609,1390,3570,929140,669.89,668.45,2670,6187,1361,446,863
2411007,RN,202609,746,1836,490834,658.84,657.95,1612,3599,729,296,587
2411056,RN,202609,856,2244,556623,653.31,650.26,1867,4451,835,438,594
2411106,RN,202609,507,1324,340323,671.25,671.25,974,2409,482,175,317
2411205,RN,202609,5774,14799,3897768,675.06,675.06,9978,23848,5457,1834,2687
2411403,RN,202609,1979,4969,1306422,660.81,660.14,3845,9107,1912,622,1311
2411429,RN,202609,329,871,220483,670.16,670.16,839,2081,303,172,364
2411502,RN,202609,3954,9995,2661029,673.34,673.0,7233,16355,4352,1078,1803
2411601,RN,202609,460,1251,312841,680.09,680.09,1300,3287,441,260,599
2411700,RN,202609,878,2099,588428,670.19,670.19,1569,3437,911,201,457
2411809,RN,202609,514,1270,338291,658.15,658.15,1149,2602,507,240,402
2411908,RN,202609,667,1597,429563,644.02,644.02,1437,3175,629,288,520
2412005,RN,202609,17109,41428,11331190,663.5,662.29,33318,72325,17198,6637,9483
2412104,RN,202609,881,2099,578149,656.24,656.24,2067,4433,875,366,826
2412203,RN,202609,7379,19240,5002835,679.46,677.98,12722,31115,6834,2770,3118
2412302,RN,202609,2288,5460,1543060,675.0,674.41,3682,8073,2356,381,945
2412401,RN,202609,454,1257,301528,664.16,664.16,1620,3935,406,415,799
2412500,RN,202609,4694,11274,3155321,672.63,672.2,8534,18623,4740,1211,2583
2412559,RN,202609,1876,5159,1266318,676.09,675.01,3588,9316,1756,773,1059
2412609,RN,202609,2902,7114,1932384,666.57,665.88,5201,12161,2923,955,1323
2412708,RN,202609,1020,2709,690108,676.58,676.58,1957,4712,1036,342,579
2412807,RN,202609,2156,4270,1377571,638.95,638.95,3490,6398,2200,344,946
2412906,RN,202609,1869,4442,1231302,658.8,658.8,3593,7759,1813,546,1234
2413003,RN,202609,968,2331,644081,666.06,665.37,1777,4130,947,371,459
2413102,RN,202609,1689,3879,1145656,678.3,678.3,2304,4834,1789,160,355
2413201,RN,202609,565,1613,379019,672.02,670.83,1108,2960,508,261,339
2413300,RN,202609,1294,3218,868523,671.71,671.19,1933,4355,1264,225,444
2413359,RN,202609,2829,7432,1893530,670.28,669.33,4883,11920,2658,890,1335
2413409,RN,202609,970,2334,630583,654.13,650.09,2132,4606,970,389,773
2413508,RN,202609,1432,3588,960319,671.08,670.61,2416,5609,1432,383,601
2413557,RN,202609,1015,2334,666525,657.32,656.67,1893,4036,1017,244,632
2413607,RN,202609,1230,2904,801164,651.88,651.35,2485,5543,1203,373,909
2413706,RN,202609,918,2230,616402,671.46,671.46,1763,3946,971,241,551
2413805,RN,202609,551,1225,358749,651.09,651.09,1040,2102,545,127,368
2413904,RN,202609,2063,5393,1405073,681.08,681.08,3189,7829,1985,504,700
2414001,RN,202609,2731,6765,1841544,674.31,674.31,4346,10120,2669,683,994
2414100,RN,202609,1775,4813,1185170,668.08,667.7,3229,8159,1713,534,982
2414159,RN,202609,1137,3133,762278,670.43,670.43,2166,5473,1079,424,663
2414209,RN,202609,2369,6600,1636708,695.29,690.89,4250,10657,2349,943,958
2414308,RN,202609,335,782,215122,644.08,642.16,685,1580,312,131,242
2414407,RN,202609,6657,18438,4520209,679.73,679.02,9924,26185,6310,1822,1792
2414456,RN,202609,1026,2291,681628,665.65,664.35,1543,3205,1019,174,350
2414506,RN,202609,2152,4607,1393216,647.71,647.41,3936,7729,2165,505,1266
2414605,RN,202609,2284,5580,1500171,657.39,656.82,4719,11121,2191,799,1729
2414704,RN,202609,993,2580,677683,682.46,682.46,1752,3865,1033,214,505
2414753,RN,202609,680,1716,455337,673.58,669.61,1349,3187,664,220,465
2414803,RN,202609,2235,6312,1533862,686.6,686.29,4113,10691,2133,829,1151
2414902,RN,202609,447,961,289290,647.18,647.18,930,1829,428,126,376
2415008,RN,202609,584,1601,404300,693.48,692.29,943,2348,555,192,196
2500106,PB,202609,1860,4727,1267504,681.45,681.45,3401,8074,1850,472,1079
2500205,PB,202609,886,2226,587655,664.02,663.27,1912,4425,859,276,777
2500304,PB,202609,5151,13414,3497545,679.13,679.0,8770,20823,4969,1458,2343
2500403,PB,202609,3158,8524,2214947,701.38,701.38,6235,15391,3167,1370,1698
2500502,PB,202609,3279,7963,2265863,691.44,691.02,4857,10681,3280,490,1087
2500536,PB,202609,981,2605,671023,688.94,684.02,1644,4095,970,280,394
2500577,PB,202609,698,1907,481872,690.36,690.36,1048,2578,681,141,226
2500601,PB,202609,3742,9724,2581527,690.62,689.88,7439,17253,3889,1355,2195
2500700,PB,202609,2888,7177,1896526,656.69,656.69,5241,12155,2787,915,1539
2500734,PB,202609,531,1325,353604,665.92,665.92,998,2239,522,113,363
2500775,PB,202609,1925,4345,1288111,669.15,669.15,3576,7039,1997,332,1247
2500809,PB,202609,4319,9912,2887740,668.92,668.61,6550,13506,4318,655,1577
2500908,PB,202609,2658,5649,1765844,665.1,664.35,3930,7811,2697,377,856
2501005,PB,202609,2976,7976,2046382,687.63,687.63,4789,12098,2901,794,1094
2501104,PB,202609,3806,9895,2597307,682.6,682.42,6135,14949,3683,1088,1364
2501153,PB,202609,467,1113,312295,668.73,668.73,850,1771,460,100,290
2501203,PB,202609,1579,4165,1068629,677.63,676.78,2473,6136,1480,413,580
2501302,PB,202609,4240,10320,2868703,677.22,676.58,6973,15127,4335,892,1746
2501351,PB,202609,1082,2714,734569,680.16,678.9,1620,3837,1049,225,346
2501401,PB,202609,2004,5713,1422562,711.64,709.86,3256,8223,1853,553,850
2501500,PB,202609,3591,10015,2459197,684.82,684.82,5933,15556,3402,1100,1431
2501534,PB,202609,922,2443,616409,669.28,668.56,1706,4128,872,300,534
2501575,PB,202609,1691,4138,1140204,674.28,674.28,2666,6115,1675,349,642
2501609,PB,202609,2665,6354,1776515,666.61,666.61,4362,9705,2641,519,1202
2501708,PB,202609,1264,3347,851219,678.26,673.43,2052,5055,1252,304,496
2501807,PB,202609,13415,29367,8743276,651.9,651.75,28194,56208,14638,5240,8316
2501906,PB,202609,2983,7162,2000755,670.94,670.72,5130,11593,2925,892,1313
2502003,PB,202609,1717,3892,1132930,660.6,659.83,2723,5477,1732,235,756
2502052,PB,202609,625,1813,432293,691.67,691.67,1086,2909,590,167,329
2502102,PB,202609,1071,2891,739280,690.27,690.27,1713,4224,1030,256,427
2502151,PB,202609,792,2157,531933,671.63,671.63,1909,4639,743,461,705
2502201,PB,202609,505,1258,346123,685.39,685.39,982,2184,508,132,342
2502300,PB,202609,913,2073,599618,656.76,656.76,1830,3669,905,218,707
2502409,PB,202609,2316,5666,1550227,669.36,669.36,3744,8189,2246,517,981
2502508,PB,202609,3853,9876,2619622,680.07,679.89,6166,13896,3798,912,1456
2502607,PB,202609,1009,2816,692518,686.34,686.34,1965,4916,982,393,590
2502706,PB,202609,805,2395,569322,707.23,707.23,1409,3795,760,334,315
2502805,PB,202609,2741,6975,1834884,669.42,669.42,4642,10512,2746,818,1078
2502904,PB,202609,1594,3254,1053123,664.43,660.68,2691,5048,1721,269,701
2503001,PB,202609,3702,9526,2568437,697.38,693.8,6831,15332,3901,1039,1891
2503100,PB,202609,881,2389,600393,682.26,681.49,1897,4587,859,308,730
2503209,PB,202609,8371,18516,5621120,671.58,671.5,17217,32919,10406,2247,4564
2503308,PB,202609,1886,4580,1278193,677.73,677.73,3364,7256,1911,367,1086
2503407,PB,202609,1007,2262,666922,662.94,662.29,1567,3202,1007,146,414
2503506,PB,202609,2766,7983,1917740,694.58,693.33,4751,12508,2656,754,1341
2503555,PB,202609,2030,5023,1436602,707.69,707.69,2968,6568,2139,225,604
2503605,PB,202609,1337,3293,908058,679.18,679.18,2090,4813,1305,311,474
2503704,PB,202609,13016,27579,8556061,658.06,657.35,21951,42015,13986,2470,5495
2503753,PB,202609,781,2013,525186,672.45,672.45,1399,2969,806,163,430
2503803,PB,202609,1404,3258,947646,675.44,674.96,2283,4700,1404,271,608
2503902,PB,202609,1511,3453,1007764,666.95,666.95,2679,5555,1625,294,760
2504009,PB,202609,35653,92386,23735780,665.91,665.74,98800,215853,34686,25283,38831
2504033,PB,202609,1850,4442,1271576,687.34,687.34,2968,6283,1821,432,715
2504074,PB,202609,916,2232,616217,674.2,672.73,1991,3919,1089,279,623
2504108,PB,202609,460,1161,300091,652.37,652.37,802,1968,426,133,243
2504157,PB,202609,1562,3910,1050256,673.67,672.38,2337,5434,1547,306,484
2504207,PB,202609,1118,2443,739555,663.87,661.5,1702,3394,1122,167,413
2504306,PB,202609,5146,11252,3340350,649.12,649.12,9755,19327,5112,1474,3169
2504355,PB,202609,1102,2955,735248,667.8,667.19,2156,5225,1004,405,747
2504405,PB,202609,3703,9401,2492572,673.3,673.12,5738,13262,3601,718,1419
2504504,PB,202609,1211,3160,815122,674.21,673.1,2114,4873,1197,314,603
2504603,PB,202609,5305,14147,3640544,687.15,686.25,10147,24414,5026,2122,2999
2504702,PB,202609,1257,2891,835812,665.46,664.93,2469,4853,1465,261,743
2504801,PB,202609,3310,8158,2216131,669.53,669.53,5495,11887,3295,748,1452
2504850,PB,202609,367,878,239510,652.62,652.62,803,1668,400,108,295
2504900,PB,202609,3684,8539,2510751,681.71,681.53,6171,12810,3798,771,1602
2505006,PB,202609,1609,4083,1088056,676.65,676.23,2755,6329,1574,435,746
2505105,PB,202609,3784,9336,2508436,663.08,662.91,6426,14267,3799,942,1685
2505204,PB,202609,1319,3464,906879,689.64,687.55,2232,5377,1232,389,611
2505238,PB,202609,1443,3526,985811,683.17,683.17,2235,5092,1414,291,530
2505279,PB,202609,1586,3809,1082016,682.23,682.23,2217,4797,1584,205,428
2505303,PB,202609,486,1126,324039,666.75,666.75,780,1756,473,99,208
2505352,PB,202609,1229,3041,828270,674.49,673.94,1905,4381,1192,230,483
2505402,PB,202609,2240,4975,1520238,678.68,678.68,3362,6623,2341,298,723
2505501,PB,202609,575,1661,387288,673.54,673.54,1117,3027,546,233,338
2505600,PB,202609,1315,3159,875463,666.26,665.75,2280,5026,1263,352,665
2505709,PB,202609,2139,5804,1475093,689.62,689.62,3452,8742,2075,566,811
2505808,PB,202609,652,1707,437230,671.63,670.6,1013,2533,626,196,191
2505907,PB,202609,785,1852,521541,664.38,664.38,1178,2655,765,153,260
2506004,PB,202609,5054,13318,3405755,674.01,673.87,9092,22125,4715,1751,2626
2506103,PB,202609,1977,5640,1353849,684.8,684.8,3257,8620,1791,661,805
2506202,PB,202609,643,1424,422349,656.84,656.84,1114,2312,664,124,326
2506251,PB,202609,1956,5270,1355604,693.4,693.05,2904,7282,1853,396,655
2506301,PB,202609,8894,21033,5936471,671.32,667.47,15951,34497,8760,2564,4627
2506400,PB,202609,2654,6684,1789679,674.33,674.33,4460,10443,2543,794,1123
2506509,PB,202609,668,1664,446146,667.88,667.88,1268,2722,664,182,422
2506608,PB,202609,1068,2472,701122,658.95,656.48,1939,4199,1035,257,647
2506707,PB,202609,2276,5282,1528322,671.49,671.49,3418,7691,2223,409,786
2506806,PB,202609,4749,10039,3130656,659.64,659.22,7380,14024,4891,805,1684
2506905,PB,202609,4848,10604,3186620,657.44,657.31,8075,16138,4734,1010,2331
2507002,PB,202609,3612,9057,2406552,667.0,666.27,6263,14880,3408,1145,1710
2507101,PB,202609,3280,9159,2262368,689.75,689.75,5472,13870,3035,1101,1336
2507200,PB,202609,2147,5483,1472448,685.82,685.82,3549,8373,2059,518,972
2507309,PB,202609,3525,8624,2408971,683.78,683.4,5493,12012,3597,540,1356
2507408,PB,202609,1426,3348,951212,667.05,667.05,2625,5485,1405,388,832
2507507,PB,202609,82707,207309,55507748,672.03,671.14,166971,371871,85999,32336,48636
2507606,PB,202609,2616,4933,1777731,679.82,679.56,3899,6865,2880,251,768
2507705,PB,202609,3105,8604,2184907,704.35,703.67,4970,12917,2961,921,1088
2507804,PB,202609,1296,3367,875424,675.48,675.48,2221,5299,1290,334,597
2507903,PB,202609,2014,4963,1334150,662.77,662.44,3324,7644,1928,597,799
2508000,PB,202609,1724,4412,1157531,671.42,671.42,2814,6746,1679,371,764
2508109,PB,202609,1031,2276,682124,661.61,661.61,1852,3715,1021,193,638
2508208,PB,202609,1748,4517,1200975,687.45,687.06,2558,5965,1705,316,537
2508307,PB,202609,4500,11655,3029874,673.45,673.31,8109,20092,4219,1579,2311
2508406,PB,202609,585,1654,396151,677.18,677.18,994,2690,548,201,245
2508505,PB,202609,1364,3530,936413,686.52,686.52,2235,5461,1369,303,563
2508554,PB,202609,1044,2644,712023,682.67,682.01,1616,3731,1070,202,344
2508604,PB,202609,2205,6077,1506795,686.78,683.35,4478,11472,2046,998,1434
2508703,PB,202609,684,1557,455022,665.24,665.24,1349,2843,680,159,510
2508802,PB,202609,1010,2664,681337,677.27,674.59,1748,4216,986,297,465
2508901,PB,202609,7202,17916,4864287,676.63,675.41,13687,30288,7497,2380,3810
2509008,PB,202609,2391,5758,1603875,670.8,670.8,4000,8965,2326,520,1154
2509057,PB,202609,2183,5914,1538109,704.91,704.58,3233,7870,2087,480,666
2509107,PB,202609,6345,13207,4221886,665.39,665.39,8784,16873,6275,695,1814
2509156,PB,202609,1579,3688,1043859,661.51,661.09,4822,7759,1611,394,2817
2509206,PB,202609,2672,6583,1800045,673.92,673.67,4734,10388,2772,810,1152
2509305,PB,202609,1793,4870,1254816,704.16,699.84,2920,7060,1698,474,748
2509339,PB,202609,819,2287,559262,682.86,682.86,1465,3867,773,295,397
2509370,PB,202609,503,1303,331285,662.57,658.62,946,2252,472,195,279
2509396,PB,202609,1634,3852,1115725,682.82,682.82,2572,5600,1653,271,648
2509404,PB,202609,3095,7725,2095503,677.5,677.06,4961,11241,2940,686,1335
2509503,PB,202609,1171,3039,785531,670.82,670.82,2124,4909,1119,392,613
2509602,PB,202609,955,2444,643730,674.06,674.06,1548,3695,931,234,383
2509701,PB,202609,6613,15618,4414022,667.68,667.48,12636,26925,6606,1829,4201
2509800,PB,202609,1873,4787,1301516,695.25,694.88,2712,6589,1796,347,569
2509909,PB,202609,1397,3957,960368,687.45,687.45,2535,6619,1325,509,701
2510006,PB,202609,1459,3844,975366,668.98,668.52,2442,5955,1375,373,694
2510105,PB,202609,1894,4906,1277755,674.63,674.63,3028,7301,1777,493,758
2510204,PB,202609,1297,3123,881873,680.46,679.93,2058,4601,1309,233,516
2510303,PB,202609,699,1726,464956,666.13,665.17,1405,3162,727,227,451
2510402,PB,202609,1291,3355,893026,692.27,691.73,1996,4830,1287,239,470
2510501,PB,202609,597,1590,396395,663.98,663.98,1229,3100,566,238,425
2510600,PB,202609,526,1322,349360,664.18,664.18,1317,2797,526,252,539
2510659,PB,202609,248,682,168317,678.7,678.7,637,1517,253,94,290
2510709,PB,202609,555,1305,374115,674.08,674.08,1034,2152,591,122,321
2510808,PB,202609,13919,33561,9255522,668.41,664.96,26685,58863,13322,5224,8139
2510907,PB,202609,2343,5968,1528353,652.86,652.31,3726,8832,2172,591,963
2511004,PB,202609,553,1591,371351,671.52,671.52,1080,2979,509,227,344
2511103,PB,202609,1313,3100,872003,664.64,664.13,2396,5300,1294,293,809
2511202,PB,202609,5183,13675,3469684,669.56,669.44,9716,22973,5035,1905,2776
2511301,PB,202609,3821,7201,2465098,646.16,645.14,5819,10224,4068,503,1248
2511400,PB,202609,3067,8018,2053903,670.55,669.68,5310,12823,2973,973,1364
2511509,PB,202609,2355,5894,1608729,683.98,683.11,3689,8751,2220,639,830
2511608,PB,202609,1728,4786,1226793,709.95,709.95,2637,6605,1686,405,546
2511707,PB,202609,1509,3611,1042930,692.06,691.14,2266,4704,1557,188,521
2511806,PB,202609,1800,4640,1231507,684.93,684.17,3418,7749,1741,647,1030
2511905,PB,202609,3491,8327,2334237,669.8,668.64,6285,13351,3774,964,1547
2512002,PB,202609,3916,9916,2722038,695.11,695.11,6306,13974,3954,802,1550
2512036,PB,202609,725,1964,488365,673.61,673.61,1426,3680,701,254,471
2512077,PB,202609,717,1779,477784,666.37,666.37,1477,3345,698,190,589
2512101,PB,202609,4936,12525,3273972,663.55,663.28,10054,22484,4804,1689,3561
2512200,PB,202609,772,1970,516187,668.64,668.64,1611,3504,772,242,597
2512309,PB,202609,3696,9334,2461841,670.8,666.08,6404,15162,3550,1032,1822
2512408,PB,202609,2240,6349,1539453,687.87,687.26,4161,11137,2032,839,1290
2512507,PB,202609,7736,19947,5200107,672.54,672.2,14358,34665,7017,3086,4255
2512606,PB,202609,396,918,262672,664.99,663.31,671,1486,395,99,177
2512705,PB,202609,4078,10219,2787895,684.82,683.64,6196,14228,4176,661,1359
2512721,PB,202609,1296,3130,888330,686.5,685.44,1790,4016,1285,197,308
2512747,PB,202609,548,1460,367710,671.0,671.0,1035,2552,525,179,331
2512754,PB,202609,1106,2726,744890,673.5,673.5,1869,4155,1052,253,564
2512762,PB,202609,1007,2624,671882,667.87,667.21,1715,4136,944,305,466
2512788,PB,202609,461,1188,311926,676.63,676.63,890,2055,473,131,286
2512804,PB,202609,1982,4601,1284752,648.86,648.21,3284,6936,2032,482,770
2512903,PB,202609,4143,10178,2811599,678.64,678.64,7334,16399,3963,1233,2138
2513000,PB,202609,596,1602,404961,680.61,679.46,811,2108,575,121,115
2513109,PB,202609,2000,5260,1365929,682.96,682.96,3370,8350,1916,598,856
2513158,PB,202609,1633,4363,1124950,689.31,688.89,2546,6384,1624,373,549
2513208,PB,202609,938,2397,617721,660.66,658.55,1906,4490,922,305,679
2513307,PB,202609,1342,3222,884113,658.8,658.8,2468,5202,1378,278,812
2513356,PB,202609,904,2220,610928,675.81,675.81,1266,2879,897,115,254
2513406,PB,202609,2439,5881,1629631,668.16,668.16,4492,9984,2329,722,1441
2513505,PB,202609,951,2392,653652,687.33,687.33,1491,3516,936,215,340
2513604,PB,202609,1138,2949,759655,667.54,667.54,2224,5148,1094,331,799
2513653,PB,202609,476,1180,316228,664.34,664.34,1014,2324,470,122,422
2513703,PB,202609,16947,44527,11542256,681.12,681.08,38599,86227,18733,8054,11812
2513802,PB,202609,1007,2308,676974,672.27,672.27,1699,3597,1009,198,492
2513851,PB,202609,472,1142,312537,662.15,662.15,1025,2261,494,174,357
2513901,PB,202609,5821,14429,3893573,669.23,668.88,9640,22011,5686,1714,2240
2513927,PB,202609,789,2027,536707,680.24,680.24,1452,3305,768,233,451
2513943,PB,202609,452,1220,303644,671.78,671.78,931,2283,452,185,294
2513968,PB,202609,486,1204,313348,644.75,644.75,888,2099,444,160,284
2513984,PB,202609,525,1429,343910,656.32,655.07,1237,3046,491,176,570
2514008,PB,202609,811,1860,537697,663.0,663.0,1810,3519,904,211,695
2514107,PB,202609,885,2124,599684,677.61,677.61,1788,3733,987,217,584
2514206,PB,202609,1637,4001,1085573,664.37,663.15,2814,5955,1651,322,841
2514305,PB,202609,1263,3394,864002,684.09,684.09,1941,4772,1228,236,477
2514404,PB,202609,733,1875,493458,673.2,673.2,1346,3130,711,217,418
2514453,PB,202609,1126,2983,761658,676.43,676.43,1821,4523,1037,330,454
2514503,PB,202609,3693,9333,2447695,663.33,662.79,5903,13864,3481,810,1612
2514552,PB,202609,677,1867,464098,685.52,685.52,1050,2685,653,138,259
2514602,PB,202609,677,1776,449306,664.65,663.67,1347,3181,623,220,504
2514651,PB,202609,276,711,183667,665.46,665.46,573,1398,263,120,190
2514701,PB,202609,635,1714,420111,661.59,661.59,1456,3636,616,285,555
2514800,PB,202609,686,1658,459186,669.37,669.37,1439,3182,691,201,547
2514909,PB,202609,1269,3175,862577,679.73,679.73,2297,5152,1314,325,658
2515005,PB,202609,1615,3913,1084906,672.18,671.77,2516,5684,1569,337,610
2515104,PB,202609,1594,4500,1070350,673.18,671.49,3192,8584,1446,737,1009
2515203,PB,202609,562,1492,376777,670.42,670.42,1265,2992,557,217,491
2515302,PB,202609,11047,25678,7376979,668.81,667.78,18089,37874,10717,2617,4755
2515401,PB,202609,2271,6156,1558568,686.29,686.29,3871,9509,2250,559,1062
2515500,PB,202609,2846,6111,1864919,656.2,655.28,5354,10098,3055,550,1749
2515609,PB,202609,433,1209,307224,709.52,709.52,725,1933,414,147,164
2515708,PB,202609,609,1579,400151,657.06,657.06,1098,2699,574,194,330
2515807,PB,202609,1599,3406,1073853,671.58,671.58,2911,5615,1780,306,825
2515906,PB,202609,1043,2462,706236,680.38,677.12,1772,3783,1047,210,515
2515930,PB,202609,777,2115,537202,691.38,691.38,1289,3336,759,265,265
2515971,PB,202609,2083,4933,1387080,667.19,665.9,3019,6556,1993,392,634
2516003,PB,202609,5024,12936,3398274,676.41,676.41,7949,18927,4778,1301,1870
2516102,PB,202609,2445,6263,1663352,681.42,680.31,4650,10914,2348,825,1477
2516151,PB,202609,891,2192,612202,687.1,687.1,1524,3409,886,203,435
2516201,PB,202609,12762,29916,8468817,664.12,663.6,21977,45866,12387,3151,6439
2516300,PB,202609,3415,7371,2237138,655.28,655.09,6298,12585,3567,877,1854
2516409,PB,202609,1767,4194,1198849,678.47,678.47,2695,5960,1802,318,575
2516508,PB,202609,3058,7532,2076717,679.55,679.11,5223,11690,3038,637,1548
2516607,PB,202609,2885,7455,1960944,679.94,679.7,4934,11611,2892,637,1405
2516706,PB,202609,3786,8943,2583008,682.61,682.25,5434,11872,3734,517,1183
2516755,PB,202609,734,1726,495199,674.66,674.66,1231,2537,792,111,328
2516805,PB,202609,1756,4428,1169752,666.15,666.15,2843,6615,1664,392,787
2516904,PB,202609,2350,6054,1577882,671.44,671.44,4518,10340,2269,667,1582
2517001,PB,202609,1812,4583,1235358,681.76,681.76,3124,7123,1745,464,915
2517100,PB,202609,383,943,255974,668.34,668.34,899,2019,402,145,352
2517209,PB,202609,808,2178,538563,666.54,666.54,1569,3861,771,260,538
2517407,PB,202609,466,1194,311782,669.06,669.06,1013,2237,472,163,378
2600054,PE,202609,17029,39207,11306594,664.51,663.96,31909,66010,17061,4934,9914
2600104,PE,202609,6200,15697,4180317,674.79,674.24,13060,29576,6036,2969,4055
2600203,PE,202609,3913,9054,2588603,661.88,661.54,7201,14946,3766,1055,2380
2600302,PE,202609,6072,12820,4079182,671.91,671.8,10487,19644,6515,1075,2897
2600401,PE,202609,5604,12760,3781742,674.83,674.83,9276,18852,5539,1171,2566
2600500,PE,202609,11569,28047,8039029,695.54,694.88,15846,35028,11698,1571,2577
2600609,PE,202609,2942,7054,2003447,682.84,680.98,4909,10661,2987,594,1328
2600708,PE,202609,7493,17140,5036844,673.28,672.21,12445,26473,7540,1974,2931
2600807,PE,202609,4816,10080,3186367,661.76,661.62,7856,15044,5080,939,1837
2600906,PE,202609,4390,10166,2953450,673.07,672.77,6994,14526,4350,905,1739
2601003,PE,202609,2604,5982,1764484,677.61,677.61,3748,8073,2616,406,726
2601052,PE,202609,4020,9741,2769340,689.23,688.89,6299,14011,3962,939,1398
2601102,PE,202609,16379,45076,11289027,690.29,689.24,26604,67108,15353,4638,6613
2601201,PE,202609,11692,28523,7892286,677.33,675.02,20752,44750,11954,3409,5389
2601300,PE,202609,2074,5290,1387130,668.82,668.82,3493,8297,2006,642,845
2601409,PE,202609,8158,18855,5431462,666.11,665.78,13449,28765,7632,2204,3613
2601508,PE,202609,2528,5544,1662042,659.02,657.45,3932,7858,2429,534,969
2601607,PE,202609,5409,11653,3617825,673.33,668.85,8747,16354,6030,637,2080
2601706,PE,202609,13649,32426,9166452,671.83,671.58,23210,50961,13285,4043,5882
2601805,PE,202609,2701,6338,1782610,661.21,659.98,4480,9603,2602,650,1228
2601904,PE,202609,13187,25160,8620810,654.38,653.74,23696,41265,15019,2435,6242
2602001,PE,202609,7558,19696,5127467,678.95,678.42,11588,27486,7363,1539,2686
2602100,PE,202609,8781,22900,6025348,686.26,686.18,13843,33206,8496,2075,3272
2602209,PE,202609,8936,18660,5935027,664.17,664.17,13687,26002,9139,1378,3170
2602308,PE,202609,9219,19718,6175013,670.25,669.81,15788,29661,9712,1960,4116
2602407,PE,202609,2301,5775,1584745,689.32,688.72,3620,8485,2307,487,826
2602506,PE,202609,1684,3975,1130380,671.25,671.25,3047,6499,1787,399,861
2602605,PE,202609,10694,27572,7341910,687.44,686.54,17674,40412,10537,2991,4146
2602704,PE,202609,3441,7505,2304377,669.88,669.68,5365,10584,3425,601,1339
2602803,PE,202609,11204,28218,7751381,693.64,691.84,17268,38991,11382,2041,3845
2602902,PE,202609,30756,74268,20428869,664.55,664.22,58909,127630,30661,10484,17764
2603009,PE,202609,8510,18353,5680095,667.7,667.46,14404,28338,9145,1666,3593
2603108,PE,202609,4855,10950,3251112,669.78,669.64,7815,15856,5052,923,1840
2603207,PE,202609,5545,15507,3914312,706.43,705.92,8834,22676,5402,1232,2200
2603306,PE,202609,1899,5145,1311258,690.86,690.5,2897,7436,1872,365,660
2603405,PE,202609,1517,3661,1031478,680.84,679.95,2492,5619,1540,347,605
2603454,PE,202609,20967,49223,13846215,661.07,660.38,39969,85631,20934,7281,11754
2603504,PE,202609,4569,9125,3021765,661.36,661.36,7999,13845,5287,676,2036
2603603,PE,202609,1506,3819,1008291,669.52,669.52,2657,6097,1345,545,767
2603702,PE,202609,4645,11070,3188673,686.92,686.47,7489,16633,4591,870,2028
2603801,PE,202609,3939,10474,2741861,696.26,696.08,6489,15781,3850,880,1759
2603900,PE,202609,2959,7975,1968710,666.46,665.33,6181,15167,2756,1126,2299
2603926,PE,202609,3639,9541,2549686,700.66,700.66,5313,12680,3476,741,1096
2604007,PE,202609,15231,31682,9990377,656.01,655.92,26497,50415,15715,3523,7259
2604106,PE,202609,50195,125938,33920345,677.28,675.77,111327,233336,51932,23933,35462
2604155,PE,202609,3504,8167,2346016,669.53,669.53,5948,12164,3473,715,1760
2604205,PE,202609,8493,17256,5634757,664.24,663.46,12258,23295,8453,1309,2496
2604304,PE,202609,1933,5542,1319013,682.37,682.37,3495,9172,1823,699,973
2604403,PE,202609,3130,7102,2108714,673.71,673.71,4998,10023,3184,550,1264
2604502,PE,202609,4685,11291,3164152,675.81,675.38,7129,15745,4633,925,1571
2604601,PE,202609,4050,10093,2754729,680.85,680.18,7648,17671,3864,1452,2332
2604700,PE,202609,3542,8650,2409540,681.05,680.28,5064,11168,3527,483,1054
2604809,PE,202609,2306,5780,1559810,676.41,676.41,3872,8961,2218,656,998
2604908,PE,202609,4069,8308,2647976,651.25,650.77,6775,12681,4095,731,1949
2605004,PE,202609,4422,10376,2972629,672.39,672.24,7743,17038,4304,1408,2031
2605103,PE,202609,8665,18236,5692507,657.18,656.95,14235,27185,8731,1595,3909
2605152,PE,202609,2667,6633,1779973,667.66,667.41,5561,12860,2557,1054,1950
2605202,PE,202609,10592,24356,7004754,661.95,661.32,18092,37847,10384,2744,4964
2605301,PE,202609,7939,19558,5384253,678.29,678.2,12450,27828,7832,1522,3096
2605400,PE,202609,6093,12118,4031701,661.8,661.69,9159,16549,6538,746,1875
2605459,PE,202609,70,192,48057,686.53,686.53,228,554,74,60,94
2605509,PE,202609,2095,5370,1420359,678.3,677.98,3847,9089,2002,672,1173
2605608,PE,202609,3840,9412,2572971,670.92,670.04,6614,15033,3724,1039,1851
2605707,PE,202609,6883,15509,4616335,671.17,670.69,10788,22169,6876,1456,2456
2605806,PE,202609,4021,8400,2638121,656.09,656.09,6042,11560,4313,584,1145
2605905,PE,202609,4672,10518,3131649,670.59,670.3,7141,14307,4552,838,1751
2606002,PE,202609,23334,56436,15622599,671.33,669.52,43732,94849,23417,6972,13343
2606101,PE,202609,6397,15400,4233592,661.91,661.81,10438,22516,5928,1603,2907
2606200,PE,202609,15092,34120,9953205,660.16,659.5,27758,56231,15463,4332,7963
2606309,PE,202609,1766,4396,1192763,675.4,675.4,2913,6597,1734,400,779
2606408,PE,202609,17744,37828,11712468,660.56,660.08,29571,57374,18299,3969,7303
2606507,PE,202609,4236,10966,2954917,698.07,697.57,6258,15066,4160,777,1321
2606606,PE,202609,5866,13322,3963044,678.02,675.6,9546,19404,5946,1026,2574
2606705,PE,202609,1462,3436,986814,675.44,674.98,2720,5872,1462,385,873
2606804,PE,202609,19915,47279,13293447,668.11,667.51,37593,81174,19402,6715,11476
2606903,PE,202609,2331,5471,1552029,668.11,665.82,4136,8877,2315,522,1299
2607000,PE,202609,7846,15520,5284815,673.57,673.57,9802,18376,7918,565,1319
2607109,PE,202609,907,2245,620012,683.59,683.59,1694,3845,884,196,614
2607208,PE,202609,20820,49642,13917359,670.94,668.46,39050,79273,20977,5950,12123
2607307,PE,202609,7031,18596,4941551,704.02,702.82,10184,25124,6857,1271,2056
2607406,PE,202609,1009,2434,665405,661.44,659.47,1861,4031,931,306,624
2607505,PE,202609,6251,15374,4270328,683.47,683.14,9228,20437,6131,972,2125
2607604,PE,202609,5126,10752,3368676,657.56,657.17,8051,15508,5107,1004,1940
2607653,PE,202609,6461,16270,4393621,681.5,680.02,11151,25533,6239,1985,2927
2607703,PE,202609,2815,6650,1896155,673.59,673.59,5107,10707,3010,589,1508
2607752,PE,202609,5075,11397,3428443,675.69,675.56,8784,18262,5308,1274,2202
2607802,PE,202609,2421,6135,1638740,679.69,676.89,4524,10983,2278,867,1379
2607901,PE,202609,84265,200931,55998157,665.64,664.55,180022,359024,91022,31854,57146
2607950,PE,202609,2616,5761,1752644,669.97,669.97,3988,7944,2557,495,936
2608008,PE,202609,4461,9002,2940052,659.2,659.06,7971,14349,5202,815,1954
2608057,PE,202609,2962,6603,1996894,675.08,674.17,4691,10092,2860,591,1240
2608107,PE,202609,4925,11487,3273010,665.11,664.57,8147,17953,4931,1373,1843
2608206,PE,202609,3920,8163,2636076,672.47,672.47,5982,11096,4055,504,1423
2608255,PE,202609,2257,6078,1549558,687.78,686.56,3612,9189,2160,653,799
2608305,PE,202609,3175,8736,2201555,694.06,693.4,5228,13342,3063,851,1314
2608404,PE,202609,3729,8416,2533190,679.69,679.32,5422,11416,3793,465,1164
2608453,PE,202609,3555,8289,2343769,660.4,659.29,6087,13162,3441,1002,1644
2608503,PE,202609,3637,8667,2456079,675.3,675.3,6563,14220,3653,985,1925
2608602,PE,202609,2586,6701,1751082,677.93,677.14,4306,10590,2510,660,1136
2608701,PE,202609,3460,7401,2292106,662.84,662.46,5433,10279,3640,566,1227
2608750,PE,202609,5246,12336,3556203,680.74,677.89,9971,20565,5380,1589,3002
2608800,PE,202609,8431,21048,5750248,683.66,682.04,13752,31473,8547,2082,3123
2608909,PE,202609,8318,19677,5470171,658.66,657.63,16055,35540,8069,3256,4730
2609006,PE,202609,3470,9340,2321992,669.16,669.16,6726,16561,3167,1932,1627
2609105,PE,202609,2636,6342,1807948,687.17,685.87,4071,9010,2616,608,847
2609154,PE,202609,5870,11994,3964502,675.5,675.38,7995,14969,6280,438,1277
2609204,PE,202609,2412,5319,1622591,673.83,672.72,3859,7515,2343,443,1073
2609303,PE,202609,2985,7832,2042638,685.22,684.3,5178,12424,2807,911,1460
2609402,PE,202609,10921,23776,7236465,663.23,662.62,18631,37615,10923,2781,4927
2609501,PE,202609,4309,10334,2843925,660.46,660.0,9168,20290,4141,1796,3231
2609600,PE,202609,50004,113919,32966681,660.21,659.28,105153,206817,55246,17951,31956
2609709,PE,202609,3762,9618,2556879,679.84,679.66,6690,15128,3761,1064,1865
2609808,PE,202609,4081,10022,2839218,695.89,695.72,6393,13643,4411,459,1523
2609907,PE,202609,11673,31284,7951363,683.52,681.18,20305,49543,10980,3478,5847
2610004,PE,202609,10973,24402,7284857,666.38,663.89,19003,38193,10854,2788,5361
2610103,PE,202609,1736,4036,1173545,676.78,676.01,2630,5596,1726,261,643
2610202,PE,202609,5377,12398,3636181,676.62,676.25,8725,18416,5527,1084,2114
2610301,PE,202609,3108,8066,2128118,685.16,684.72,5347,12694,3133,796,1418
2610400,PE,202609,4134,10308,2783744,673.7,673.38,7483,16614,4259,1101,2123
2610509,PE,202609,5937,14088,3955402,666.23,666.23,9821,21366,5883,1353,2585
2610608,PE,202609,12278,28299,8245539,672.17,671.57,20166,41499,12465,2574,5127
2610707,PE,202609,48219,108010,31863961,661.38,660.82,94764,187026,50812,13987,29965
2610806,PE,202609,5899,13041,4001497,679.14,678.33,8516,16893,6358,539,1619
2610905,PE,202609,14957,31337,9917210,663.98,663.05,22900,45375,14827,2792,5281
2611002,PE,202609,6345,16278,4353590,686.47,686.14,10522,25185,6124,1887,2511
2611101,PE,202609,50277,132157,34333138,684.25,682.88,106793,245854,49424,22274,35095
2611200,PE,202609,3057,6684,2024497,666.39,662.25,5202,10105,3231,505,1466
2611309,PE,202609,5671,12594,3785805,667.57,667.57,9101,18445,5756,1094,2251
2611408,PE,202609,2347,5173,1579231,673.16,672.87,4036,8315,2256,598,1182
2611507,PE,202609,3922,9140,2648523,675.64,675.3,6140,13158,3874,785,1481
2611533,PE,202609,1289,3489,871207,676.4,675.88,2504,6183,1193,463,848
2611606,PE,202609,139327,333672,92474892,665.2,663.73,308216,634385,143988,74061,90167
2611705,PE,202609,5695,12402,3755631,660.27,659.46,9390,18557,6010,1053,2327
2611804,PE,202609,5903,14447,3953721,669.9,669.78,10248,23095,5612,1678,2958
2611903,PE,202609,3690,9079,2549812,691.38,691.01,6313,14207,3664,999,1650
2612000,PE,202609,2441,5315,1605570,657.75,657.75,4067,8049,2498,483,1086
2612109,PE,202609,1325,3068,880173,664.28,664.28,2187,4572,1339,260,588
2612208,PE,202609,10410,25525,6988350,672.67,671.31,19564,43535,10254,3608,5702
2612307,PE,202609,2870,7664,1985505,691.81,691.81,4696,11253,2778,717,1201
2612406,PE,202609,4841,10279,3259463,674.42,673.3,7732,14800,5205,768,1759
2612455,PE,202609,2443,6297,1659242,679.74,679.18,4816,11091,2422,790,1604
2612471,PE,202609,2244,6163,1533435,684.26,683.35,4114,10267,2116,697,1301
2612505,PE,202609,16383,41134,10570598,645.53,645.22,34461,74256,15046,9287,10128
2612554,PE,202609,2380,6295,1592684,669.76,669.19,4661,11439,2247,863,1551
2612604,PE,202609,11959,26658,8160080,682.51,682.34,17940,37232,12431,1766,3743
2612703,PE,202609,3843,8080,2564968,667.61,667.44,6461,11996,4189,513,1759
2612802,PE,202609,2034,4918,1381601,680.26,679.25,3293,7430,2057,450,786
2612901,PE,202609,2361,5492,1602768,678.85,678.85,3774,7616,2325,446,1003
2613008,PE,202609,9220,23136,6331129,688.02,686.67,17159,38214,9449,2706,5004
2613107,PE,202609,7327,16639,4945498,675.61,674.97,12342,25776,7398,1834,3110
2613206,PE,202609,4792,11920,3260516,680.83,680.41,7595,17666,4677,1094,1824
2613305,PE,202609,5099,10816,3389393,664.85,664.72,7906,15517,5143,863,1900
2613404,PE,202609,4636,11002,3169297,685.55,683.63,7496,15584,4728,906,1862
2613503,PE,202609,6399,17270,4380203,684.51,684.51,10459,25981,5941,1850,2668
2613602,PE,202609,5720,12560,3795407,664.23,663.53,10932,21430,6697,1336,2899
2613701,PE,202609,17584,41734,11729999,667.5,667.08,32110,70101,16955,5855,9300
2613800,PE,202609,3402,8428,2302949,677.14,676.94,5592,12907,3302,955,1335
2613909,PE,202609,13232,33127,8867833,670.69,670.18,25319,58539,12515,4721,8083
2614006,PE,202609,3670,9556,2534473,690.59,690.59,6302,15183,3615,969,1718
2614105,PE,202609,6621,15004,4427365,668.89,668.69,12395,24802,7014,1471,3910
2614204,PE,202609,6873,17476,4708585,685.08,685.08,11197,25499,6601,1662,2934
2614303,PE,202609,3245,7241,2190604,675.7,675.07,5372,10759,3291,556,1525
2614402,PE,202609,1081,2852,743999,688.89,688.25,1830,4416,1045,304,481
2614501,PE,202609,10996,27434,7332758,667.34,666.86,18721,41527,10800,3091,4830
2614600,PE,202609,5776,14548,3904935,676.41,676.06,9677,22426,5616,1440,2621
2614709,PE,202609,2900,6660,1925652,665.16,664.02,4922,10223,2873,678,1371
2614808,PE,202609,4062,10894,2816270,693.83,693.32,6874,17366,3886,1241,1747
2614857,PE,202609,4729,12174,3280371,693.67,693.67,8279,19020,4665,1336,2278
2615003,PE,202609,5017,12826,3375940,673.84,672.9,8939,20232,4935,1678,2326
2615102,PE,202609,1485,3975,1045739,704.2,704.2,2250,5582,1443,296,511
2615201,PE,202609,1731,4440,1155379,667.85,667.46,3103,7335,1649,544,910
2615300,PE,202609,7469,19019,4947090,662.35,662.35,15496,36162,7117,3453,4926
2615409,PE,202609,7274,20355,4959070,682.79,681.75,11901,30746,6947,2647,2307
2615508,PE,202609,2469,6009,1648907,668.11,667.84,4138,9618,2343,767,1028
2615607,PE,202609,7551,19104,5239435,694.42,693.87,11669,26756,7366,1577,2726
2615706,PE,202609,2232,5813,1497902,671.1,671.1,5125,11715,2149,954,2022
2615805,PE,202609,5823,14508,3999355,688.83,686.82,8406,18948,5825,825,1756
2615904,PE,202609,1711,4145,1153260,675.21,674.03,3038,6647,1754,432,852
2616001,PE,202609,4117,9182,2765752,672.11,671.79,6848,13933,4402,906,1540
2616100,PE,202609,1458,3988,988540,678.01,678.01,2799,6895,1351,592,856
2616183,PE,202609,2060,4362,1375209,667.9,667.58,3436,6395,2269,304,863
2616209,PE,202609,4135,10416,2790600,677.33,674.87,6465,14701,4091,1030,1344
2616308,PE,202609,3905,10170,2660866,681.57,681.4,7235,18133,3687,1597,1951
2616407,PE,202609,20915,50732,13686260,655.13,654.38,41422,90618,20540,8078,12804
2616506,PE,202609,3534,7977,2416767,684.06,683.86,5552,10848,3706,503,1343
2700102,AL,202609,3071,9217,2184287,711.26,711.26,5434,15114,2850,1047,1537
2700201,AL,202609,3691,7997,2495677,676.34,676.15,5505,10785,3640,594,1271
2700300,AL,202609,28162,71516,19081841,678.27,677.57,49118,116402,26083,9519,13516
2700409,AL,202609,6292,16885,4386645,699.85,697.18,11136,26500,5884,1949,3303
2700508,AL,202609,3340,8663,2360300,708.16,706.68,6273,13062,4060,628,1585
2700607,AL,202609,1211,3407,828589,687.06,684.22,2584,6435,1196,562,826
2700706,AL,202609,4599,11019,3180529,691.57,691.57,6658,14473,4630,642,1386
2700805,AL,202609,760,1995,513446,675.59,675.59,1563,3630,711,272,580
2700904,AL,202609,1643,4578,1170681,712.96,712.53,2390,5985,1704,224,462
2701001,AL,202609,4542,10781,3127113,688.49,688.49,7769,15701,4661,994,2114
2701100,AL,202609,1894,4896,1322742,699.12,698.39,3578,7944,1764,622,1192
2701209,AL,202609,1708,4781,1193273,698.64,698.64,2900,7387,1564,629,707
2701308,AL,202609,3806,9742,2652695,696.98,696.98,6140,13554,3522,882,1736
2701357,AL,202609,1437,3504,988669,688.49,688.01,2302,4909,1364,298,640
2701407,AL,202609,5546,13677,3843330,693.24,692.99,9764,21772,5283,1398,3083
2701506,AL,202609,2676,6518,1851937,692.57,692.05,3745,8184,2865,248,632
2701605,AL,202609,3687,9840,2561643,695.15,694.78,5245,13366,3538,780,927
2701704,AL,202609,1912,5547,1348138,706.2,705.09,3621,9613,1760,788,1073
2701803,AL,202609,2204,5878,1563431,709.36,709.36,3268,8007,2141,403,724
2701902,AL,202609,1927,4271,1338404,694.91,694.55,3016,5808,2183,205,628
2702009,AL,202609,2124,5835,1485813,700.19,699.54,3468,8870,2040,520,908
2702108,AL,202609,4498,10412,3116774,693.08,692.92,6595,13480,4630,570,1395
2702207,AL,202609,819,2110,562539,686.86,686.86,1793,4028,934,325,534
2702306,AL,202609,9171,22160,6399581,697.96,697.81,15761,34488,8867,2265,4629
2702355,AL,202609,5676,15132,3958925,698.47,697.49,8878,21781,5541,1211,2126
2702405,AL,202609,8440,21658,5775729,684.81,684.33,15642,36324,8035,2800,4807
2702504,AL,202609,2714,6041,1794070,662.26,661.04,4283,8677,2606,533,1144
2702553,AL,202609,3626,9233,2462891,679.23,679.23,6004,13849,3514,720,1770
2702603,AL,202609,4857,13367,3365757,693.26,692.97,7007,18226,4626,996,1385
2702702,AL,202609,717,1856,497569,693.96,693.96,1275,2901,671,227,377
2702801,AL,202609,2202,5833,1546161,702.16,702.16,4288,9377,2088,700,1500
2702900,AL,202609,7872,21855,5552314,705.86,705.32,10738,27885,7671,1193,1874
2703007,AL,202609,2526,6763,1792615,709.67,709.67,4533,10580,2457,678,1398
2703106,AL,202609,4448,12582,3065475,689.34,689.18,7656,19757,4166,1380,2110
2703205,AL,202609,3853,10167,2616438,679.42,679.07,7078,17778,3650,1237,2191
2703304,AL,202609,3904,10779,2791754,716.75,715.1,6103,14830,4050,708,1345
2703403,AL,202609,1339,3511,928875,694.75,693.71,2098,4860,1310,203,585
2703502,AL,202609,1159,2766,791924,683.28,683.28,2211,4525,1116,329,766
2703601,AL,202609,2695,6310,1897761,705.23,704.18,4277,8518,2889,406,982
2703700,AL,202609,1064,3086,745124,700.3,700.3,1662,4504,986,289,387
2703759,AL,202609,2804,6231,1881180,671.13,670.89,4203,8243,2714,473,1016
2703809,AL,202609,4507,10929,3135002,696.05,695.59,7225,15230,4389,862,1974
2703908,AL,202609,981,2458,691717,705.83,705.11,1590,3404,949,185,456
2704005,AL,202609,3891,10471,2619015,673.27,673.1,6948,17446,3482,1529,1937
2704104,AL,202609,3997,10604,2718774,680.2,680.2,6484,15527,3778,993,1713
2704203,AL,202609,6366,15395,4365786,686.23,685.8,8982,20257,6278,1018,1686
2704302,AL,202609,106664,255150,72226868,678.21,677.14,233006,477363,108327,43226,81453
2704401,AL,202609,2986,8236,2103965,704.85,704.61,5299,12818,2807,978,1514
2704500,AL,202609,6830,17937,4775240,699.57,699.16,9905,23802,6268,1452,2185
2704609,AL,202609,2610,6144,1776901,682.11,680.8,4443,9194,2552,485,1406
2704708,AL,202609,7936,21429,5545404,699.21,698.77,16336,38390,8891,2777,4668
2704807,AL,202609,2076,5315,1400776,675.4,674.75,3750,8391,1980,628,1142
2704906,AL,202609,589,1594,391893,665.35,665.35,1004,2552,527,201,276
2705002,AL,202609,4246,11463,2985381,703.1,703.1,5812,14893,4101,706,1005
2705101,AL,202609,4392,11145,3050068,697.64,694.46,7162,16291,4225,1048,1889
2705200,AL,202609,1879,5403,1321468,703.28,703.28,4603,11409,1997,1072,1534
2705309,AL,202609,1101,2745,757240,689.03,687.77,1853,4281,1076,230,547
2705408,AL,202609,1727,4631,1199800,695.54,694.73,2696,6399,1636,361,699
2705507,AL,202609,4076,11474,2901383,711.82,711.82,7915,18643,3644,1610,2661
2705606,AL,202609,2337,5499,1596559,683.17,683.17,3798,7905,2262,454,1082
2705705,AL,202609,3834,9802,2669517,697.37,696.27,6337,14846,3664,871,1802
2705804,AL,202609,2194,5496,1507711,690.03,687.2,3470,7629,2153,409,908
2705903,AL,202609,1126,3130,805114,715.02,715.02,1577,4015,1138,182,257
2706000,AL,202609,2494,6857,1766692,710.66,708.38,3532,8966,2468,418,646
2706109,AL,202609,2759,7238,1928008,698.81,698.81,4064,9921,2704,525,835
2706208,AL,202609,1049,2875,734954,701.29,700.62,1655,4170,1001,210,444
2706307,AL,202609,14450,31904,9468161,655.92,655.24,22764,46556,14056,3084,5624
2706406,AL,202609,4085,11077,2857536,699.52,699.52,7020,17376,3861,1183,1976
2706422,AL,202609,2236,5976,1540165,688.8,688.8,3851,9439,2040,764,1047
2706448,AL,202609,2150,5899,1479466,691.02,688.12,4380,10451,2353,943,1084
2706505,AL,202609,2686,6889,1831462,682.11,681.85,4490,10364,2492,744,1254
2706604,AL,202609,1404,3435,951141,677.45,677.45,2252,4997,1378,364,510
2706703,AL,202609,12491,28779,8373151,670.76,670.33,23330,47464,12670,3297,7363
2706802,AL,202609,5282,11295,3567210,675.35,675.35,7621,14435,5605,497,1519
2706901,AL,202609,6010,14959,4067050,679.2,676.71,12498,27070,6571,1975,3952
2707008,AL,202609,418,1121,287808,688.54,688.54,716,1766,378,125,213
2707107,AL,202609,4723,13529,3348525,709.43,708.98,7535,19644,4353,1321,1861
2707206,AL,202609,3110,7885,2144082,690.97,689.42,4561,10886,2984,574,1003
2707305,AL,202609,4559,11485,3119740,684.75,684.3,7666,16883,4171,1224,2271
2707404,AL,202609,1844,4716,1277551,692.82,692.82,2985,6719,1799,469,717
2707503,AL,202609,5176,11812,3495940,675.41,675.41,7217,15616,5026,777,1414
2707602,AL,202609,2183,5991,1485504,680.49,680.49,3675,9165,1987,628,1060
2707701,AL,202609,11409,30886,7934543,695.83,695.46,28963,65294,13134,5385,10444
2707800,AL,202609,1712,4101,1158231,677.33,676.54,2434,5255,1573,332,529
2707909,AL,202609,1267,3189,900340,710.61,710.61,2344,5116,1446,268,630
2708006,AL,202609,8168,20707,5612126,691.83,687.09,13793,32176,7850,2192,3751
2708105,AL,202609,2145,5726,1473759,687.39,687.07,4097,9632,2090,641,1366
2708204,AL,202609,1382,3713,959170,694.04,694.04,2352,5754,1428,341,583
2708303,AL,202609,3110,8343,2247379,722.63,722.63,5743,12896,2999,907,1837
2708402,AL,202609,5888,18064,4253135,722.71,722.34,9695,27316,5561,1622,2512
2708501,AL,202609,6068,14780,4251754,701.03,700.68,9321,19935,6055,1104,2162
2708600,AL,202609,9187,21345,6185373,673.42,673.27,16612,34017,8669,2443,5500
2708709,AL,202609,1613,4455,1116263,692.04,692.04,3119,7661,1503,565,1051
2708808,AL,202609,6660,18397,4562345,686.38,685.04,10482,26697,6347,1515,2620
2708907,AL,202609,1974,5434,1363016,690.48,690.48,4644,11472,2156,1053,1435
2708956,AL,202609,2885,7757,2033522,704.86,704.86,4391,10873,2832,594,965
2709004,AL,202609,1063,2741,711741,671.45,669.56,1835,4306,1010,278,547
2709103,AL,202609,3773,9953,2581763,685.18,684.27,6104,14867,3600,885,1619
2709152,AL,202609,6269,16061,4266142,680.95,680.51,11839,28378,5853,2155,3831
2709202,AL,202609,4264,12495,3019579,708.66,708.16,7407,18619,4119,1294,1994
2709301,AL,202609,9856,24853,6726609,682.63,682.49,20533,43250,9672,3759,7102
2709400,AL,202609,4788,11565,3328973,695.42,695.27,7860,17022,4722,1095,2043
2800100,SE,202609,347,913,232259,671.27,669.33,775,1934,295,148,332
2800209,SE,202609,3718,8611,2467056,663.72,663.54,6370,13647,3603,940,1827
2800308,SE,202609,57659,133421,38160188,662.42,661.83,124714,256244,56853,26447,41414
2800407,SE,202609,2254,5350,1518686,673.77,673.77,4080,8661,2251,639,1190
2800506,SE,202609,2793,7328,1885647,675.38,675.13,5518,13376,2520,1174,1824
2800605,SE,202609,5183,12542,3481217,671.92,671.66,10960,23468,4901,2210,3849
2800670,SE,202609,4988,11237,3295264,661.17,660.64,8907,18362,4900,1363,2644
2800704,SE,202609,1475,4174,1046771,709.68,709.68,2447,6497,1456,462,529
2801009,SE,202609,3035,7331,2024668,667.77,667.11,5708,12490,2940,1057,1711
2801108,SE,202609,1161,2645,780447,672.22,672.22,1981,4065,1182,212,587
2801207,SE,202609,6275,16570,4393539,700.17,700.17,10295,24679,6116,1603,2576
2801306,SE,202609,5716,13841,3910393,684.47,684.11,9708,21229,5475,1711,2522
2801405,SE,202609,4367,9716,2914648,667.73,667.43,7261,14580,4568,1018,1675
2801504,SE,202609,2429,5976,1641569,676.1,675.82,4350,10141,2293,673,1384
2801603,SE,202609,937,2349,618703,661.71,660.3,1716,4089,902,258,556
2801702,SE,202609,3775,9460,2579862,684.13,683.41,6523,14326,3709,1077,1737
2801900,SE,202609,842,1900,539155,640.33,640.33,1425,2993,782,207,436
2802007,SE,202609,818,2212,553786,677.83,677.0,1454,3479,743,260,451
2802106,SE,202609,11012,26555,7473585,678.92,678.68,22063,47122,11026,3931,7106
2802205,SE,202609,1223,3003,840796,687.49,687.49,2184,4602,1234,302,648
2802304,SE,202609,2615,6525,1771105,677.29,677.29,5073,11531,2547,942,1584
2802403,SE,202609,2663,6567,1785373,670.44,670.44,4226,9526,2608,596,1022
2802502,SE,202609,710,1495,472210,666.02,665.08,1508,2691,775,140,593
2802601,SE,202609,1875,3996,1237985,660.61,660.26,2759,5400,1947,224,588
2802700,SE,202609,2132,5488,1473478,691.45,691.12,3163,7512,2042,363,758
2802809,SE,202609,3096,8360,2147125,693.96,693.52,4980,12430,2896,848,1236
2802908,SE,202609,12482,31454,8166757,654.7,654.28,27155,60740,11161,6935,9059
2803005,SE,202609,10246,23854,6927219,676.42,676.09,15928,32767,10322,2038,3568
2803104,SE,202609,929,2225,625102,672.88,672.88,1708,3772,926,222,560
2803203,SE,202609,5870,14986,3945791,672.54,672.2,10949,25563,5496,2148,3305
2803302,SE,202609,2898,6841,1938773,669.23,669.0,5673,11967,2819,940,1914
2803401,SE,202609,3158,7135,2127651,673.95,673.73,5333,10724,3117,679,1537
2803500,SE,202609,19721,44121,13016435,661.67,660.03,36095,73586,19776,5585,10734
2803609,SE,202609,3970,9894,2715291,684.47,683.95,7639,17926,3719,1298,2622
2803708,SE,202609,1426,3514,946974,664.08,664.08,2636,5775,1338,484,814
2803807,SE,202609,688,1723,465156,676.1,676.1,1317,2980,672,228,417
2803906,SE,202609,2496,6019,1670218,669.96,669.16,4513,9870,2455,634,1424
2804003,SE,202609,2752,6503,1879277,683.87,682.88,4859,10173,2786,645,1428
2804102,SE,202609,1784,4575,1161404,651.01,651.01,3556,8528,1643,749,1164
2804201,SE,202609,3756,9080,2573898,685.64,685.28,5901,12626,3746,623,1532
2804300,SE,202609,1765,3928,1180900,669.44,669.07,2770,5657,1750,350,670
2804409,SE,202609,3258,7876,2216152,680.22,680.22,5786,12535,3239,764,1783
2804458,SE,202609,1725,4314,1129661,654.88,654.88,2634,6346,1584,522,528
2804508,SE,202609,7749,19202,5250211,677.88,677.53,12526,28844,7477,2017,3032
2804607,SE,202609,5801,12356,3825479,659.45,659.45,8952,17667,5897,1037,2018
2804706,SE,202609,1178,3041,784378,666.42,665.86,2345,5471,1148,399,798
2804805,SE,202609,32613,77166,21700524,666.19,665.39,62148,133153,31642,11917,18589
2804904,SE,202609,2536,6640,1747209,688.96,688.96,4498,11098,2412,891,1195
2805000,SE,202609,711,1632,474641,667.57,667.57,1223,2400,722,153,348
2805109,SE,202609,2637,5308,1724159,653.83,653.83,3924,7247,2674,317,933
2805208,SE,202609,1308,3040,872366,667.46,666.95,2372,4779,1406,338,628
2805307,SE,202609,1690,4121,1125776,667.32,666.14,2985,6562,1577,555,853
2805406,SE,202609,7430,19012,5141030,691.93,691.93,11072,25840,7293,1293,2486
2805505,SE,202609,5330,10932,3500618,656.9,656.78,9124,17260,5634,1040,2450
2805604,SE,202609,7550,17769,5102652,675.94,675.85,10805,23402,7647,1065,2093
2805703,SE,202609,4730,10922,3176944,671.8,671.66,8491,17677,4560,1378,2553
2805802,SE,202609,4697,10653,3103721,661.49,660.79,7290,15379,4688,869,1733
2805901,SE,202609,1572,3765,1077992,685.75,685.75,2996,6395,1546,492,958
2806008,SE,202609,3005,6913,1975206,657.31,657.31,5022,11080,2888,892,1242
2806107,SE,202609,2129,4561,1430092,672.35,671.72,3596,7062,2107,466,1023
2806206,SE,202609,4188,9872,2779284,663.79,663.63,7672,16043,4104,1145,2423
2806305,SE,202609,2828,7044,1933187,683.59,683.59,4991,11121,2738,856,1397
2806404,SE,202609,1950,4811,1341481,688.29,687.94,2885,6236,1900,266,719
2806503,SE,202609,629,1630,422695,672.01,672.01,1276,3073,564,251,461
2806602,SE,202609,2154,5008,1423345,661.1,660.79,3724,7871,2093,587,1044
2806701,SE,202609,11330,27476,7544655,667.02,665.9,25075,53842,11171,5774,8130
2806800,SE,202609,2015,4754,1344104,667.05,667.05,3744,7828,1922,677,1145
2806909,SE,202609,757,1643,496541,655.93,655.93,1281,2632,715,159,407
2807006,SE,202609,890,1973,590296,663.25,663.25,1532,3019,902,186,444
2807105,SE,202609,9304,21057,6096427,655.32,655.25,16514,33066,8984,2435,5095
2807204,SE,202609,1474,3700,1012139,688.06,686.66,2690,5796,1445,392,853
2807303,SE,202609,768,1899,525365,684.07,684.07,1315,2938,750,227,338
2807402,SE,202609,11976,24877,7867082,656.9,656.9,20581,39348,12193,2755,5633
2807501,SE,202609,2684,6833,1803957,673.12,672.12,4348,10322,2618,697,1033
2807600,SE,202609,5545,13198,3749342,676.17,676.17,9787,20091,5501,1368,2918
2900108,BA,202609,1656,3375,1064806,643.0,643.0,3357,6204,1667,371,1319
2900207,BA,202609,4273,10473,2864942,671.26,670.48,6222,14023,4026,895,1301
2900306,BA,202609,3090,7427,2087124,675.66,675.44,5089,10950,3008,690,1391
2900355,BA,202609,3166,7203,2075045,656.04,655.42,5269,10949,3176,715,1378
2900405,BA,202609,4435,8601,2906603,655.38,655.38,7216,12430,4844,535,1837
2900504,BA,202609,1419,3924,942394,665.53,664.13,2589,6762,1301,449,839
2900603,BA,202609,890,2014,585421,658.52,657.78,1799,3499,852,258,689
2900702,BA,202609,23823,53447,15591128,654.73,654.46,45302,92471,23756,7328,14218
2900801,BA,202609,4461,12101,3063807,688.34,686.8,8687,20321,4365,1604,2718
2900900,BA,202609,1311,2689,862279,657.73,657.73,2542,4194,1298,219,1025
2901007,BA,202609,5030,13039,3315982,660.16,659.24,11421,26070,4920,2672,3829
2901106,BA,202609,3192,7581,2056330,644.82,644.21,6737,15080,2901,1438,2398
2901155,BA,202609,3123,8795,2063890,666.42,660.87,5185,13267,2801,938,1446
2901205,BA,202609,5478,11608,3567476,651.24,651.24,8978,17581,5545,892,2541
2901304,BA,202609,2530,6246,1702038,672.74,672.74,4619,10050,2418,743,1458
2901353,BA,202609,2884,6348,1913318,664.12,663.43,6214,12037,3321,673,2220
2901403,BA,202609,2627,7123,1822031,694.37,693.58,4802,11187,2777,519,1506
2901502,BA,202609,2190,4824,1447216,660.83,660.83,3709,7226,2200,394,1115
2901601,BA,202609,2722,5613,1771578,650.84,650.84,3970,7777,2710,410,850
2901700,BA,202609,2546,6177,1704802,670.65,669.6,4087,8810,2448,491,1148
2901809,BA,202609,2187,5523,1483373,678.58,678.27,3543,8141,2100,416,1027
2901908,BA,202609,3982,8849,2646321,664.74,664.57,5848,11890,3967,674,1207
2901957,BA,202609,1593,3761,1061437,666.73,666.31,2820,5822,1548,375,897
2902005,BA,202609,2460,6552,1614173,656.17,656.17,5125,12335,2203,939,1983
2902054,BA,202609,3191,6349,2066606,648.86,647.64,5122,9638,3072,667,1383
2902104,BA,202609,12044,27700,8015303,667.0,665.5,18696,39824,12047,2299,4350
2902203,BA,202609,2562,4996,1655244,646.07,646.07,4289,7580,2458,575,1256
2902252,BA,202609,1875,4002,1262887,673.54,673.54,3441,6115,1895,342,1204
2902302,BA,202609,2618,5614,1727958,660.03,660.03,3813,7384,2757,432,624
2902401,BA,202609,2754,6449,1825594,663.37,662.89,4563,9398,2642,630,1291
2902500,BA,202609,2584,7352,1805653,698.78,698.78,4505,11368,2538,626,1341
2902609,BA,202609,4118,9135,2727701,662.38,662.38,6552,13642,4097,719,1736
2902658,BA,202609,1964,5573,1326431,675.72,675.37,3875,10252,1758,839,1278
2902708,BA,202609,9206,28161,6614438,719.04,718.49,13809,39494,8661,2181,2967
2902807,BA,202609,4353,12265,2941562,677.78,675.76,7411,19888,4083,1363,1965
2902906,BA,202609,4978,14603,3293867,662.35,661.68,11706,30552,4262,3088,4356
2903003,BA,202609,2744,6834,1838649,670.06,670.06,5078,11614,2636,669,1773
2903102,BA,202609,1806,3551,1192442,660.63,660.27,3058,5171,1959,164,935
2903201,BA,202609,15938,43097,10860904,682.65,681.45,38060,87218,17104,8050,12906
2903235,BA,202609,2902,7338,1952381,672.77,672.77,5090,11603,2906,643,1541
2903276,BA,202609,3405,8252,2269937,666.65,666.65,5940,13444,3287,846,1807
2903300,BA,202609,1708,3524,1141729,668.85,668.46,3024,5031,1966,192,866
2903409,BA,202609,4074,9810,2756140,676.52,676.52,7487,15215,4083,989,2415
2903508,BA,202609,3346,8886,2264859,676.89,676.89,6433,15124,3315,1054,2064
2903607,BA,202609,4147,9505,2817306,679.69,679.36,6617,13826,4235,626,1756
2903706,BA,202609,3116,7703,2107923,677.35,676.48,5765,11923,3209,557,1999
2903805,BA,202609,3978,9352,2680982,673.95,673.95,6748,14070,4062,711,1975
2903904,BA,202609,10096,29112,7042353,699.06,697.54,18376,47737,9302,3771,5303
2903953,BA,202609,2102,5379,1420367,675.72,675.72,4075,9014,2062,659,1354
2904001,BA,202609,2335,6273,1584218,678.47,678.47,4165,10350,2188,643,1334
2904050,BA,202609,3078,8457,2075704,676.57,674.37,5454,13568,2841,1136,1477
2904100,BA,202609,3721,9290,2510397,674.84,674.66,7091,15344,3566,1014,2511
2904209,BA,202609,1881,5208,1267722,674.32,673.96,3581,8716,1777,620,1184
2904308,BA,202609,2848,6359,1890211,663.7,663.7,4781,9606,2813,554,1414
2904407,BA,202609,1329,3791,892630,671.66,671.66,2987,7255,1391,509,1087
2904506,BA,202609,2380,5718,1615726,678.88,678.88,4254,9101,2489,426,1339
2904605,BA,202609,6220,16489,4012185,645.77,645.05,16879,40846,5337,4541,7001
2904704,BA,202609,2776,6615,1883922,678.65,678.65,5617,11418,2793,855,1969
2904753,BA,202609,5093,13442,3502469,687.84,687.7,8157,19351,4968,1005,2184
2904803,BA,202609,1289,2931,844447,655.12,655.12,2543,5186,1226,372,945
2904852,BA,202609,3727,9997,2566055,688.5,688.5,5516,13722,3548,847,1121
2904902,BA,202609,6957,14925,4533742,651.68,651.68,11164,22055,7038,1555,2571
2905008,BA,202609,2109,5850,1401089,665.6,664.34,5279,13369,1892,1369,2018
2905107,BA,202609,2826,6273,1895437,671.9,670.71,4346,8519,2958,342,1046
2905156,BA,202609,2547,6657,1727393,679.01,678.21,4060,9807,2444,560,1056
2905206,BA,202609,8032,20595,5345951,666.08,665.58,15360,36645,7635,2800,4925
2905305,BA,202609,3848,10443,2633356,684.7,684.34,5968,14890,3688,784,1496
2905404,BA,202609,4175,10038,2796485,669.98,669.82,6105,13474,4065,885,1155
2905503,BA,202609,3876,8718,2731475,705.44,704.71,5522,10961,4120,303,1099
2905602,BA,202609,3336,8506,2251981,675.05,675.05,7661,16798,3156,1458,3047
2905701,BA,202609,44033,105390,29094331,662.32,660.74,84481,175541,45865,12915,25701
2905800,BA,202609,6468,16625,4435186,686.03,685.71,10500,24001,6133,1832,2535
2905909,BA,202609,5396,16050,3831664,710.09,710.09,8590,22857,5174,1298,2118
2906006,BA,202609,14582,38232,9840675,675.27,674.85,25040,58875,13816,3707,7517
2906105,BA,202609,1514,4550,1071475,708.18,707.71,2942,7812,1585,483,874
2906204,BA,202609,5062,13429,3415856,675.2,674.8,8081,19567,4825,1098,2158
2906303,BA,202609,6661,15549,4460177,671.01,669.6,12115,24237,7000,1783,3332
2906402,BA,202609,1700,3956,1126991,663.33,662.94,3019,6350,1673,323,1023
2906501,BA,202609,13603,30603,8991818,661.11,661.02,21961,44664,13637,2758,5566
2906600,BA,202609,2153,5829,1408694,655.51,654.29,4288,10449,1991,764,1533
2906709,BA,202609,6155,13662,4076170,663.12,662.25,11078,21164,6293,1138,3647
2906808,BA,202609,8515,21633,5711929,671.36,670.81,13772,32350,8144,1883,3745
2906824,BA,202609,3901,9194,2659350,681.71,681.71,6145,12754,3844,841,1460
2906857,BA,202609,2063,4877,1369155,663.67,663.67,4260,8831,2059,592,1609
2906873,BA,202609,5131,12770,3369561,660.18,656.71,9694,21729,4826,2087,2781
2906899,BA,202609,1662,4342,1089853,656.54,655.75,3572,8230,1542,619,1411
2906907,BA,202609,3705,9067,2472450,667.87,667.33,7410,15736,3629,1234,2547
2907004,BA,202609,2472,5388,1666146,674.01,674.01,3913,7444,2538,346,1029
2907103,BA,202609,7203,17835,4925112,684.33,683.76,11704,25287,7259,1395,3050
2907202,BA,202609,15818,40532,10726773,680.46,678.14,25519,58093,15733,3860,5926
2907301,BA,202609,4777,11298,3140715,657.47,657.47,8448,17995,4643,1447,2358
2907400,BA,202609,663,1818,464640,700.81,700.81,1182,2764,691,139,352
2907509,BA,202609,9748,19360,6225849,639.53,638.68,17894,33774,9946,2179,5769
2907558,BA,202609,1222,3456,813223,665.49,665.49,2370,5913,1127,446,797
2907608,BA,202609,3089,7714,2085549,675.81,675.15,5916,12861,2978,975,1963
2907707,BA,202609,2693,6639,1861457,691.48,691.22,3952,8584,2695,375,882
2907806,BA,202609,5132,12206,3398972,662.31,662.31,9165,20290,4933,1455,2777
2907905,BA,202609,3708,9703,2550453,687.82,687.82,6104,14384,3572,799,1733
2908002,BA,202609,3725,7858,2435262,653.94,653.76,7421,13443,3677,913,2831
2908101,BA,202609,3135,8092,2134809,680.96,680.96,6228,14061,3406,853,1969
2908200,BA,202609,3633,8508,2412467,664.04,664.04,6661,14516,3555,1096,2010
2908309,BA,202609,2725,6206,1757516,644.96,644.96,5045,11123,2624,894,1527
2908408,BA,202609,11297,29581,7536266,668.94,667.1,22439,52104,10578,4988,6873
2908507,BA,202609,6227,13123,4035823,648.32,648.12,11426,21755,6290,1686,3450
2908606,BA,202609,5804,14065,3945079,680.3,679.72,8918,19126,5684,1097,2137
2908705,BA,202609,2956,7451,1951082,660.04,660.04,6151,14201,2801,1040,2310
2908804,BA,202609,802,2129,548162,684.35,683.49,1731,3713,786,373,572
2908903,BA,202609,6304,13555,4155867,660.61,659.24,10152,19702,6449,1164,2539
2909000,BA,202609,1201,3092,795757,662.58,662.58,2746,6493,1129,544,1073
2909109,BA,202609,3203,7586,2151417,672.74,671.69,5873,12246,3461,587,1825
2909208,BA,202609,3662,9151,2365576,646.33,645.98,5354,12279,3237,967,1150
2909307,BA,202609,4275,12386,2963953,694.3,693.32,8806,22231,4594,1451,2761
2909406,BA,202609,2341,6277,1641207,701.07,701.07,4480,10362,2695,474,1311
2909505,BA,202609,931,2217,634661,682.43,681.7,1840,3846,952,283,605
2909604,BA,202609,4514,10931,3031614,671.6,671.6,7058,15468,4485,993,1580
2909703,BA,202609,1971,5815,1353127,686.52,686.52,3804,10102,2060,644,1100
2909802,BA,202609,10468,23023,6790931,649.23,648.73,18959,38271,10504,2989,5466
2909901,BA,202609,7842,19555,5349531,682.86,682.16,12362,28337,7779,1678,2905
2910008,BA,202609,2031,5321,1382788,681.18,680.84,3700,8066,1968,557,1175
2910057,BA,202609,12549,28271,8202784,654.55,653.66,21040,43951,11815,3217,6008
2910107,BA,202609,1809,5106,1209946,668.85,668.85,3854,10233,1733,753,1368
2910206,BA,202609,838,1879,540583,645.09,645.09,1595,3432,784,305,506
2910305,BA,202609,1267,2961,831548,656.31,656.31,2390,5266,1223,484,683
2910404,BA,202609,3944,10127,2678155,679.05,679.05,7119,16079,3648,1061,2410
2910503,BA,202609,8410,18380,5567605,663.05,662.02,14101,27894,8501,1756,3844
2910602,BA,202609,6398,15777,4352342,681.44,680.27,10818,23491,6374,1591,2853
2910701,BA,202609,13204,31124,8812777,667.48,667.43,22017,47303,13348,2633,6036
2910727,BA,202609,14031,34814,9365756,667.93,667.5,34415,73409,13155,6913,14347
2910750,BA,202609,3854,9297,2527052,656.38,655.7,6228,14378,3682,1093,1453
2910776,BA,202609,892,2398,606076,680.22,679.46,2132,4818,854,470,808
2910800,BA,202609,82869,194757,54751272,660.86,660.7,177661,368004,83822,33481,60358
2910859,BA,202609,4480,10340,2983699,666.15,666.0,7289,15472,4387,777,2125
2910909,BA,202609,1147,2566,755462,658.64,658.64,2143,4024,1115,281,747
2911006,BA,202609,1912,4004,1253967,656.53,655.84,3756,6851,1896,417,1443
2911105,BA,202609,3873,11433,2770238,715.45,715.27,7198,19041,3872,1278,2048
2911204,BA,202609,5228,12230,3440271,660.57,658.05,9077,19133,5098,1454,2525
2911253,BA,202609,1309,2456,843240,644.19,644.19,2276,3870,1410,230,636
2911303,BA,202609,1949,5401,1328672,681.72,681.72,3635,9308,1905,538,1192
2911402,BA,202609,2481,6826,1671254,673.89,673.62,5776,14043,2217,1048,2511
2911501,BA,202609,1851,3685,1211566,658.1,654.55,3294,5463,1968,202,1124
2911600,BA,202609,3108,8114,2067366,665.18,665.18,6285,15055,2920,1286,2079
2911659,BA,202609,1099,2916,724304,659.06,659.06,2496,5995,1024,411,1061
2911709,BA,202609,12379,30702,8016270,648.25,647.57,28772,64589,11908,6012,10852
2911808,BA,202609,4990,10496,3321721,666.08,665.68,8918,15815,5371,655,2892
2911857,BA,202609,2793,6510,1854849,664.11,664.11,4303,9369,2743,514,1046
2911907,BA,202609,4708,11755,3090040,658.02,656.34,8272,18142,4326,1562,2384
2912004,BA,202609,1295,3513,821549,634.89,634.4,3118,7889,1109,666,1343
2912103,BA,202609,4896,10114,3213632,656.38,656.38,9483,16609,5014,989,3480
2912202,BA,202609,3552,9013,2365367,666.68,665.93,6290,15009,3228,1236,1826
2912301,BA,202609,2967,6551,1917553,646.51,646.29,5146,9591,2898,568,1680
2912400,BA,202609,3124,7704,2080623,666.65,666.01,5213,11801,3014,642,1557
2912509,BA,202609,1785,5222,1198487,671.8,671.42,3964,10352,1646,920,1398
2912608,BA,202609,1195,2562,805058,673.69,673.69,1904,3705,1267,146,491
2912707,BA,202609,3698,9359,2495861,675.29,674.92,6628,14376,3424,1113,2091
2912806,BA,202609,1556,3769,1040543,668.73,668.73,3336,7309,1442,575,1319
2912905,BA,202609,3197,8250,2134600,668.11,667.69,6479,14600,2991,1109,2379
2913002,BA,202609,2460,6504,1651594,671.38,671.38,4586,10960,2398,722,1466
2913101,BA,202609,4456,10074,2899339,651.39,650.66,6903,14474,4197,899,1807
2913200,BA,202609,4626,11931,3198818,693.29,691.49,8782,19624,4845,1344,2593
2913309,BA,202609,1308,3119,874193,669.37,668.34,2343,5168,1262,368,713
2913408,BA,202609,2497,6221,1668356,668.41,668.14,5054,11288,2424,920,1710
2913457,BA,202609,2466,6181,1655118,671.99,671.18,3807,8796,2342,586,879
2913507,BA,202609,4088,9903,2726785,667.02,667.02,7782,16000,4139,1043,2600
2913606,BA,202609,21379,53766,14051433,659.23,657.25,47896,100996,19881,10504,17511
2913705,BA,202609,6713,15799,4505011,671.19,671.09,10776,23857,6475,1584,2717
2913804,BA,202609,3493,7998,2355706,674.6,674.41,5852,11922,3580,696,1576
2913903,BA,202609,8275,17426,5439564,658.7,657.35,15936,28100,8492,1746,5698
2914000,BA,202609,10687,23971,7095778,664.46,663.96,21185,40766,11335,3103,6747
2914109,BA,202609,2019,5000,1338720,663.06,663.06,3965,8428,2123,457,1385
2914208,BA,202609,1252,3110,844509,676.69,674.53,2360,4850,1310,221,829
2914307,BA,202609,1897,4680,1270091,669.53,669.53,3208,7282,1840,476,892
2914406,BA,202609,4803,12684,3270119,682.7,680.85,8625,20435,4682,1522,2421
2914505,BA,202609,8374,16950,5452162,651.08,651.08,12380,22892,8593,1134,2653
2914604,BA,202609,12828,30892,8547287,667.91,666.3,23438,51119,12988,3733,6717
2914653,BA,202609,5715,14076,3944395,690.79,690.18,9774,20716,5617,1334,2823
2914703,BA,202609,13420,27765,8778717,655.08,654.15,24279,45417,13709,3371,7199
2914802,BA,202609,22171,50980,14506287,654.76,654.29,51095,105767,21426,10332,19337
2914901,BA,202609,5548,13713,3790425,683.33,683.21,8838,18894,5412,1241,2185
2915007,BA,202609,4019,8627,2694713,671.16,670.49,6160,11748,4077,500,1583
2915106,BA,202609,3383,7213,2248143,664.54,664.54,5960,10973,3539,541,1880
2915205,BA,202609,2862,6834,1921505,673.5,671.39,5711,11349,2818,818,2075
2915304,BA,202609,1128,2866,764624,677.86,677.86,2511,5138,1123,397,991
2915353,BA,202609,2915,7434,1925566,660.57,660.57,5332,11697,2600,1005,1727
2915403,BA,202609,1441,3251,965775,670.21,670.21,2497,4954,1389,263,845
2915502,BA,202609,4053,8895,2695296,665.18,665.01,7648,14544,3939,942,2767
2915601,BA,202609,8077,21928,5535077,687.84,685.29,20762,45615,7648,4594,8520
2915700,BA,202609,1530,3712,1030847,675.52,673.76,2558,5317,1475,315,768
2915809,BA,202609,3384,8372,2254975,666.56,666.36,7609,16056,3077,1455,3077
2915908,BA,202609,1883,4243,1275112,677.17,677.17,3143,6071,1961,313,869
2916005,BA,202609,2902,6718,1901457,655.9,655.22,6047,12154,2891,946,2210
2916104,BA,202609,4858,10605,3198657,658.97,658.43,8565,16048,5243,973,2349
2916203,BA,202609,1608,3860,1073965,667.89,667.89,2867,6000,1536,447,884
2916302,BA,202609,2028,4486,1369817,677.12,675.45,3722,6836,2001,346,1375
2916401,BA,202609,10451,23978,6931374,664.62,663.23,23381,45355,10249,3924,9208
2916500,BA,202609,7453,17254,4966417,666.99,666.36,11563,24084,7308,1510,2745
2916609,BA,202609,1150,2566,745209,649.14,648.01,2344,4738,1077,374,893
2916708,BA,202609,1272,3336,861273,677.63,677.1,2394,5460,1221,432,741
2916807,BA,202609,2612,6541,1767662,677.01,676.75,4994,10862,2470,925,1599
2916856,BA,202609,3322,8159,2224373,673.64,669.59,5721,12927,3135,927,1659
2916906,BA,202609,2493,5329,1631002,655.02,654.23,4540,8487,2524,522,1494
2917003,BA,202609,8508,20157,5731019,673.6,673.6,12822,27652,8598,1234,2990
2917102,BA,202609,3295,7409,2174934,660.87,660.07,6649,12721,3329,954,2366
2917201,BA,202609,3180,8840,2142779,674.68,673.83,5536,14459,3018,1051,1467
2917300,BA,202609,5821,12514,3850693,662.31,661.52,8593,17046,5816,878,1899
2917334,BA,202609,1935,4981,1326242,686.46,685.4,3771,8140,1936,604,1231
2917359,BA,202609,1416,4124,964897,682.39,681.42,2971,7673,1386,532,1053
2917409,BA,202609,2241,5817,1504901,671.53,671.53,5185,11644,2226,702,2257
2917508,BA,202609,15224,33992,10117116,666.83,664.55,27924,55418,16176,3453,8295
2917607,BA,202609,5180,15290,3597124,694.83,694.43,13979,33942,4842,3904,5233
2917706,BA,202609,5613,13115,3710378,663.28,661.03,10350,23009,5369,1491,3490
2917805,BA,202609,4611,10704,3035103,658.23,658.23,6620,14252,4573,807,1240
2917904,BA,202609,2211,5457,1512452,684.37,684.06,3463,7572,2193,511,759
2918001,BA,202609,20276,48035,13339027,660.15,657.87,46558,96478,19461,9846,17251
2918100,BA,202609,8471,19136,5640604,666.27,665.87,13359,27316,8430,1608,3321
2918209,BA,202609,2834,7117,1858148,656.36,655.66,4615,10728,2677,812,1126
2918308,BA,202609,3255,6996,2214272,680.48,680.27,5774,10855,3378,583,1813
2918357,BA,202609,4228,12199,2865184,677.67,677.67,7997,20747,3811,1839,2347
2918407,BA,202609,39583,103867,27295818,691.17,689.58,68231,158226,38694,11925,17612
2918456,BA,202609,2029,5027,1374611,677.82,677.48,3718,7749,2143,460,1115
2918506,BA,202609,4146,9791,2792189,674.12,673.47,6358,13420,4118,562,1678
2918555,BA,202609,1516,2977,986944,651.02,651.02,2565,4364,1471,236,858
2918605,BA,202609,1226,3059,798474,651.28,651.28,2656,6082,1194,387,1075
2918704,BA,202609,585,1533,370586,633.48,633.48,1623,3554,524,329,770
2918753,BA,202609,2181,5957,1426696,654.75,654.15,3796,9746,1956,727,1113
2918803,BA,202609,4517,11318,3046228,674.69,674.39,6908,15950,4451,902,1555
2918902,BA,202609,687,1646,466094,678.45,678.45,1941,3580,723,276,942
2919009,BA,202609,796,1815,525327,659.96,659.96,1393,2976,765,212,416
2919058,BA,202609,1248,3491,847154,679.35,678.81,2189,5739,1191,395,603
2919108,BA,202609,2670,5599,1752373,656.81,656.32,4197,7962,2664,412,1121
2919157,BA,202609,5327,14109,3584913,673.22,672.97,9086,21827,4986,1590,2510
2919207,BA,202609,26794,62512,17632962,658.19,658.09,48906,103868,26941,8191,13774
2919306,BA,202609,1818,4466,1195479,657.58,657.58,3221,7024,1683,569,969
2919405,BA,202609,1774,4746,1155479,651.34,651.34,4141,9745,1563,810,1768
2919504,BA,202609,6031,17510,4049968,671.64,671.53,11373,30504,5547,2470,3356
2919553,BA,202609,12964,34311,9019538,698.0,695.74,26733,61166,14852,4566,7315
2919603,BA,202609,2668,6191,1793259,673.4,672.14,4482,9144,2709,494,1279
2919702,BA,202609,3193,7117,2110374,660.94,660.94,6144,11750,3120,858,2166
2919801,BA,202609,6744,18097,4604384,683.14,682.74,12434,30074,6505,2080,3849
2919900,BA,202609,1780,4434,1223092,688.29,687.13,2621,5830,1756,291,574
2919926,BA,202609,3033,6832,1991279,656.75,656.54,5240,11008,2993,677,1570
2919959,BA,202609,1711,3950,1113513,651.18,650.8,3161,6388,1759,357,1045
2920007,BA,202609,1797,4046,1217457,680.14,677.49,3316,6260,1825,329,1162
2920106,BA,202609,4159,9003,2734840,658.2,657.57,6673,13295,4282,670,1721
2920205,BA,202609,3705,9121,2511042,678.48,677.74,6120,13453,3735,796,1589
2920304,BA,202609,1506,3802,988267,656.22,656.22,2861,6811,1416,544,901
2920403,BA,202609,3131,7494,2056841,657.14,656.93,5648,11529,2963,831,1854
2920452,BA,202609,2731,6858,1890697,692.31,692.31,4599,10063,3073,399,1127
2920502,BA,202609,4099,10401,2727295,666.33,665.36,8428,19428,3886,1641,2901
2920601,BA,202609,10918,22151,7075691,648.37,648.08,15428,29653,11156,1600,2672
2920700,BA,202609,5949,13446,3992655,671.37,671.15,8854,18139,5811,1105,1938
2920809,BA,202609,2869,6173,1910611,666.18,665.95,4373,8560,2898,389,1086
2920908,BA,202609,2688,5799,1916407,712.95,712.95,5264,9555,2684,613,1967
2921005,BA,202609,7441,17944,4880515,658.64,655.9,15149,32695,7130,2702,5317
2921054,BA,202609,1975,5022,1324697,671.07,670.73,3543,8452,1916,609,1018
2921104,BA,202609,3535,8400,2358822,667.84,667.28,7592,15421,3336,1348,2908
2921203,BA,202609,4033,10300,2709813,671.91,671.91,7597,17807,3938,1242,2417
2921302,BA,202609,2162,5173,1439990,666.97,666.05,3876,8179,2124,592,1160
2921401,BA,202609,4625,9523,3036207,657.05,656.48,7399,13857,4726,577,2096
2921450,BA,202609,2014,5069,1337308,665.0,664.01,3555,8025,1940,532,1083
2921500,BA,202609,12626,28406,8328906,660.08,659.66,21250,43609,13108,2524,5618
2921609,BA,202609,1652,4380,1126047,681.63,681.63,2953,6650,1563,450,940
2921708,BA,202609,4585,13084,3077122,672.45,671.13,9074,23275,4123,2047,2904
2921807,BA,202609,1516,4145,992038,654.38,654.38,3477,8702,1369,735,1373
2921906,BA,202609,2119,5383,1457279,687.72,687.72,3668,8610,2082,530,1056
2922003,BA,202609,3443,9852,2259190,659.04,656.17,9973,23506,2781,2794,4398
2922052,BA,202609,3205,8169,2174630,678.72,678.51,4672,10937,3162,438,1072
2922102,BA,202609,5303,10690,3454520,651.67,651.43,7646,14198,5217,631,1798
2922201,BA,202609,1627,3414,1052914,647.15,647.15,2689,5394,1611,362,716
2922250,BA,202609,2695,7103,1890158,702.14,701.36,4400,10323,2838,500,1062
2922300,BA,202609,5837,13465,3839153,657.73,657.73,9855,20813,5783,1382,2690
2922409,BA,202609,3829,9812,2529201,660.88,660.54,6644,15686,3628,1233,1783
2922508,BA,202609,4876,11109,3175277,651.21,651.21,8259,17086,4613,1471,2175
2922607,BA,202609,2774,7144,1900853,685.49,685.24,4209,9833,2707,587,915
2922656,BA,202609,2955,6997,1957441,663.09,662.42,4657,10345,2875,680,1102
2922706,BA,202609,3134,6757,2044573,652.38,652.38,5430,10326,2996,721,1713
2922730,BA,202609,1862,4287,1239658,666.12,665.77,3309,6635,1841,465,1003
2922755,BA,202609,1163,2918,763129,657.3,656.17,2120,4756,1109,381,630
2922805,BA,202609,2161,4990,1466343,678.55,678.55,3216,6594,2105,318,793
2922854,BA,202609,1814,4166,1218771,671.87,671.87,3108,6207,1846,330,932
2922904,BA,202609,5420,12482,3637454,671.49,671.12,8794,18691,5326,1131,2337
2923001,BA,202609,5679,15189,3850109,679.15,677.96,12215,28320,5277,2450,4488
2923035,BA,202609,2478,6142,1619205,653.7,653.43,4174,9244,2406,537,1231
2923050,BA,202609,1963,4571,1311041,667.88,667.88,2953,6352,1930,368,655
2923100,BA,202609,5308,12048,3541770,667.63,667.25,8279,17359,5196,1036,2047
2923209,BA,202609,3998,10252,2745360,687.2,686.68,7672,16785,4054,1138,2480
2923308,BA,202609,1715,3785,1138349,663.76,663.76,2788,5469,1703,333,752
2923357,BA,202609,4089,10215,2781117,682.99,680.15,6355,14435,4030,716,1609
2923407,BA,202609,3501,9363,2353970,673.33,672.37,7617,17677,3415,1306,2896
2923506,BA,202609,2220,5589,1511096,681.29,680.67,3586,7832,2326,418,842
2923605,BA,202609,3485,8608,2307695,662.37,662.18,6188,14091,3385,1053,1750
2923704,BA,202609,8396,19648,5752494,685.15,685.15,11721,25751,8409,1016,2296
2923803,BA,202609,5004,12882,3340474,667.96,667.56,8340,20070,5021,1314,2005
2923902,BA,202609,3697,6211,2393230,647.34,647.34,5563,8761,3746,335,1482
2924009,BA,202609,16917,41979,11409079,674.53,674.42,31220,70629,16157,5458,9605
2924058,BA,202609,3530,7967,2351686,666.39,666.2,5806,11906,3585,595,1626
2924108,BA,202609,1580,3505,1048836,663.82,663.82,2495,4942,1577,263,655
2924207,BA,202609,3965,8548,2683640,677.17,676.83,6443,12228,4428,502,1513
2924306,BA,202609,2747,7848,1897662,692.58,690.81,6096,15548,2663,1118,2315
2924405,BA,202609,8336,22598,5892509,706.87,706.87,11914,29173,8526,1258,2130
2924504,BA,202609,2500,6865,1641690,657.46,656.68,5104,12594,2290,809,2005
2924603,BA,202609,5030,11208,3318907,660.08,659.82,8169,16241,5218,840,2111
2924652,BA,202609,1753,4166,1167965,666.27,666.27,3199,6737,1682,595,922
2924678,BA,202609,1734,4391,1183628,683.78,682.6,2571,5981,1672,370,529
2924702,BA,202609,1520,4231,1013544,666.81,666.81,3152,7798,1433,562,1157
2924801,BA,202609,4776,9890,3128541,655.47,655.05,6925,13297,4746,640,1539
2924900,BA,202609,1301,3361,861720,662.35,662.35,2921,6226,1287,452,1182
2925006,BA,202609,4447,11018,2996396,674.1,673.8,9122,19437,4452,1391,3279
2925105,BA,202609,9159,22444,6111716,667.36,667.29,17569,38286,8763,2783,6023
2925204,BA,202609,5298,12107,3445426,651.31,650.33,9444,19906,5237,1402,2805
2925253,BA,202609,5137,12242,3481421,677.71,677.71,7763,16511,5228,663,1872
2925303,BA,202609,22193,58043,14848743,670.4,669.07,47853,108580,20680,10987,16186
2925402,BA,202609,2343,5332,1569290,670.06,669.78,3296,6811,2238,328,730
2925501,BA,202609,4467,14226,3205227,719.79,717.53,10671,26132,4226,2524,3921
2925600,BA,202609,3407,7824,2240260,657.55,657.55,5760,11966,3424,705,1631
2925709,BA,202609,2361,6047,1566636,663.83,663.55,4230,9847,2254,671,1305
2925758,BA,202609,6229,16396,4253045,683.66,682.78,8648,21467,6099,1159,1390
2925808,BA,202609,5876,13205,3890207,662.28,662.05,9331,18785,6032,1089,2210
2925907,BA,202609,5652,13761,3729004,660.47,659.77,9041,20377,5302,1222,2517
2925931,BA,202609,1749,3969,1122789,643.06,641.96,3769,7780,1749,525,1495
2925956,BA,202609,4642,10677,3093397,668.12,666.39,7378,15175,4519,838,2021
2926004,BA,202609,8071,21182,5511470,683.97,682.87,14007,32570,7946,2032,4029
2926103,BA,202609,3501,8031,2312198,660.63,660.44,5513,11784,3404,664,1445
2926202,BA,202609,4282,11519,2950365,690.47,689.02,7772,17416,4534,1015,2223
2926301,BA,202609,6289,14121,4100668,652.97,652.04,11571,23600,6031,1812,3728
2926400,BA,202609,5059,13696,3416777,675.52,675.39,10007,24039,4763,2015,3229
2926509,BA,202609,3038,7761,2075196,683.53,683.08,4835,10740,3168,538,1129
2926608,BA,202609,8551,21761,5725963,669.78,669.62,13633,32133,7935,2579,3119
2926657,BA,202609,1847,4571,1259966,682.54,682.17,3158,6727,1829,383,946
2926707,BA,202609,2045,5606,1340300,655.72,655.4,3878,9806,1897,725,1256
2926806,BA,202609,2559,6341,1688850,660.48,659.96,4832,10856,2613,662,1557
2926905,BA,202609,1226,3442,781510,637.97,637.45,2708,6480,1068,545,1095
2927002,BA,202609,6634,17166,4471875,674.19,674.08,12903,29110,6430,2132,4341
2927101,BA,202609,3932,8207,2665008,677.77,677.77,4801,9485,4079,186,536
2927200,BA,202609,5931,13648,3898811,657.69,657.36,10297,20824,5566,1577,3154
2927309,BA,202609,4830,9898,3176300,657.89,657.62,7605,13880,5357,699,1549
2927408,BA,202609,294742,643334,190400530,646.93,645.99,605858,1165617,306319,106516,193023
2927507,BA,202609,5523,12498,3660624,663.52,662.8,9033,18593,5477,1073,2483
2927606,BA,202609,2867,7492,1973067,688.92,688.2,4917,11692,2765,800,1352
2927705,BA,202609,5376,13381,3664405,682.26,681.62,10294,21837,5278,1747,3269
2927804,BA,202609,1136,2374,752592,662.49,662.49,2282,4005,1179,284,819
2927903,BA,202609,2155,4992,1429705,663.74,663.44,3973,8097,2139,527,1307
2928000,BA,202609,8536,20065,5651720,662.26,662.1,14430,30940,8347,2131,3952
2928059,BA,202609,2204,5469,1513276,687.54,686.6,3962,8476,2231,602,1129
2928109,BA,202609,7124,16903,4734863,665.1,664.64,14561,30525,7766,2121,4674
2928208,BA,202609,3725,10955,2589937,696.22,695.29,7723,19795,3680,1382,2661
2928307,BA,202609,2192,5178,1453050,666.54,662.89,3548,7378,2243,469,836
2928406,BA,202609,6822,16107,4654739,682.31,682.31,11813,24245,7809,1070,2934
2928505,BA,202609,1836,4542,1230703,671.05,670.32,3360,7465,1771,616,973
2928604,BA,202609,13835,27432,9013696,651.75,651.51,22237,40490,14196,2187,5854
2928703,BA,202609,13191,30863,8453568,640.86,640.86,27840,59359,12762,5899,9179
2928802,BA,202609,8330,21489,5616250,674.95,674.22,15414,36984,7894,2906,4614
2928901,BA,202609,5141,13784,3607001,702.3,701.61,9464,22622,5497,1456,2511
2928950,BA,202609,2049,4287,1338028,653.02,653.02,3566,6767,2101,419,1046
2929008,BA,202609,2012,4589,1292614,642.45,642.45,3501,7489,1941,650,910
2929057,BA,202609,2540,6495,1719065,677.33,676.8,5590,12027,2905,766,1919
2929107,BA,202609,4697,10926,3069853,653.72,653.58,7592,16080,4710,930,1952
2929206,BA,202609,8049,18429,5367433,666.84,666.84,13118,27367,8307,1478,3333
2929255,BA,202609,3684,9920,2444515,663.55,663.55,6480,16039,3448,1070,1962
2929305,BA,202609,4646,12151,3075664,662.86,662.0,9583,23834,4211,2259,3113
2929354,BA,202609,1612,3700,1067540,662.66,662.25,2810,5596,1566,372,872
2929370,BA,202609,1919,4986,1292351,674.15,673.45,3392,7544,1894,573,925
2929404,BA,202609,1935,4851,1300569,672.13,672.13,3474,7820,1958,499,1017
2929503,BA,202609,5540,13689,3600674,651.47,649.94,10654,24381,5199,1812,3643
2929602,BA,202609,3892,8692,2551674,655.62,655.62,6873,14020,3857,915,2101
2929701,BA,202609,3274,8605,2236839,684.05,683.21,5158,12392,3157,795,1206
2929750,BA,202609,3260,7173,2144089,657.9,657.7,5161,10462,3260,645,1256
2929800,BA,202609,2985,6051,1965309,658.39,658.39,4563,8361,3105,346,1112
2929909,BA,202609,8156,21316,5410454,663.45,663.37,14330,35022,7529,2669,4132
2930006,BA,202609,1507,3964,1012470,672.74,671.84,2688,6391,1445,438,805
2930105,BA,202609,13766,30423,9128192,663.43,663.1,25813,52194,14017,3529,8267
2930154,BA,202609,5870,17165,4148552,706.74,706.74,10765,28033,5441,1964,3360
2930204,BA,202609,9013,22950,6208569,690.22,688.85,12737,29682,8695,1508,2534
2930303,BA,202609,2609,7493,1805574,692.32,692.06,5718,13965,2734,1072,1912
2930402,BA,202609,2929,7238,1975412,674.66,674.43,5644,11863,2945,712,1987
2930501,BA,202609,17374,38055,11476386,660.63,660.55,30342,59623,18111,3985,8246
2930600,BA,202609,2561,6398,1721628,672.51,672.25,4782,10983,2531,688,1563
2930709,BA,202609,20547,46042,13546117,661.04,659.27,38380,76614,21077,5886,11417
2930758,BA,202609,3077,9039,2235191,726.42,726.42,4406,11822,2995,502,909
2930766,BA,202609,2880,6616,1887817,656.18,655.49,4213,8835,2812,552,849
2930774,BA,202609,4107,10678,2782379,679.46,677.47,7859,18156,3787,1502,2570
2930808,BA,202609,3312,9029,2239511,676.18,676.18,5279,13653,3180,762,1337
2930907,BA,202609,1784,5357,1234350,691.9,691.9,3747,9998,1749,668,1330
2931004,BA,202609,3957,10179,2580075,652.36,652.03,7139,16683,3637,1195,2307
2931053,BA,202609,3109,8677,2119278,682.54,681.66,5352,13792,2955,1004,1393
2931103,BA,202609,1659,3730,1077786,650.44,649.66,2708,5745,1593,387,728
2931202,BA,202609,4054,9641,2724672,672.43,672.09,5926,13053,3982,746,1198
2931301,BA,202609,3220,7575,2187650,679.61,679.39,4766,10045,3219,460,1087
2931350,BA,202609,13289,35193,8849569,669.97,665.93,39886,86042,12701,9806,17379
2931400,BA,202609,1908,3504,1219205,639.0,639.0,3162,5261,1937,324,901
2931509,BA,202609,3626,9167,2465343,680.09,679.91,6842,16180,3505,1041,2296
2931608,BA,202609,2822,6960,1925376,682.52,682.27,4028,9126,2760,461,807
2931707,BA,202609,3586,6516,2320445,647.81,647.08,6151,9875,3839,524,1788
2931806,BA,202609,3325,8257,2206049,664.07,663.47,5821,13125,3302,772,1747
2931905,BA,202609,14132,29621,9324639,660.1,659.82,21699,41625,15228,1931,4540
2932002,BA,202609,6481,14223,4295886,662.84,662.84,11163,21895,6525,1202,3436
2932101,BA,202609,3936,9493,2613063,664.23,663.89,6738,14572,3896,939,1903
2932200,BA,202609,3615,8245,2410096,666.88,666.69,7169,14350,3597,1068,2504
2932309,BA,202609,2772,6611,1887235,681.07,680.82,5778,11122,2905,713,2160
2932408,BA,202609,2966,7039,1969012,663.86,663.86,5452,11336,3108,789,1555
2932457,BA,202609,3266,7981,2218176,680.21,679.17,5046,11304,3235,562,1249
2932507,BA,202609,3135,7834,2100212,670.57,669.92,6621,14397,3079,1119,2423
2932606,BA,202609,3126,7868,2054454,657.85,657.21,5582,12493,2957,955,1670
2932705,BA,202609,5085,12152,3467258,681.86,681.86,8216,16706,4964,878,2374
2932804,BA,202609,3985,8828,2698496,677.84,677.16,6350,12522,4289,540,1521
2932903,BA,202609,14366,34956,9473871,660.29,659.46,24091,54545,13317,4482,6292
2933000,BA,202609,4936,10832,3222722,652.9,652.9,8689,17709,4852,1287,2550
2933059,BA,202609,3145,7037,2018766,642.51,641.9,5568,10995,2904,668,1996
2933109,BA,202609,1810,4141,1191399,658.6,658.23,3015,6374,1819,376,820
2933158,BA,202609,3412,7579,2285696,670.88,669.9,5509,10891,3457,546,1506
2933174,BA,202609,1970,4644,1307934,664.26,663.93,3131,6993,1910,470,751
2933208,BA,202609,11634,24368,7646611,657.38,657.26,19379,35074,12811,1736,4832
2933257,BA,202609,1052,2595,711965,676.77,676.77,2240,4647,1054,403,783
2933307,BA,202609,46119,118261,30641893,665.48,664.41,106215,243683,45274,22602,38339
2933406,BA,202609,1514,3980,1025139,677.55,677.11,2826,6550,1463,451,912
2933455,BA,202609,1985,5704,1404661,707.64,707.64,4337,9980,1978,998,1361
2933505,BA,202609,4835,12827,3337718,690.61,690.32,7254,17301,4698,924,1632
2933604,BA,202609,11885,28907,8232467,692.74,692.68,17697,38368,11849,1605,4243
3100104,MG,202609,397,998,271179,683.07,683.07,1237,2697,444,239,554
3100203,MG,202609,1656,4026,1105982,669.89,667.86,4777,10409,1684,994,2099
3100302,MG,202609,1247,3439,860841,690.33,690.33,2674,6434,1409,467,798
3100401,MG,202609,401,1043,268037,670.09,668.42,1045,2332,429,200,416
3100500,MG,202609,990,2509,650600,659.17,657.17,2097,4942,940,419,738
3100609,MG,202609,1751,4859,1188360,679.45,678.68,3515,8654,1647,747,1121
3100708,MG,202609,190,493,130238,696.46,685.46,448,1018,184,71,193
3100807,MG,202609,368,1107,251184,684.43,682.57,920,2422,317,212,391
3100906,MG,202609,3330,7974,2265752,681.43,680.41,6389,13306,3515,846,2028
3101003,MG,202609,2893,7008,1953660,678.83,675.31,4838,10241,2877,550,1411
3101102,MG,202609,2454,6454,1648962,672.5,671.95,5971,13746,2357,1247,2367
3101201,MG,202609,172,491,103844,603.74,603.74,817,1815,143,264,410
3101300,MG,202609,324,817,218034,672.94,672.94,579,1351,324,86,169
3101409,MG,202609,251,725,171036,686.89,681.42,495,1262,225,111,159
3101508,MG,202609,2749,6990,1873973,682.44,681.69,7636,16633,2826,1539,3271
3101607,MG,202609,5707,13892,3805383,672.69,666.79,15197,31712,5736,2948,6513
3101631,MG,202609,408,1170,233980,576.31,573.48,1371,3721,261,501,609
3101706,MG,202609,5491,13902,3671189,668.95,668.58,12126,26024,5532,2128,4466
3101805,MG,202609,931,2373,616643,664.49,662.34,2325,4957,917,423,985
3101904,MG,202609,786,2410,532681,678.57,677.71,2294,6395,665,796,833
3102001,MG,202609,1163,3195,778519,669.98,669.41,2559,6191,1028,578,953
3102050,MG,202609,703,1979,469412,672.51,667.73,1647,4068,654,362,631
3102100,MG,202609,1233,3310,801904,656.76,650.37,2692,6582,1180,528,984
3102209,MG,202609,616,1702,410698,666.72,666.72,1384,3416,571,254,559
3102308,MG,202609,1383,3370,917123,665.06,663.14,3150,7111,1311,564,1275
3102407,MG,202609,734,1927,506476,690.96,690.02,1410,3289,746,213,451
3102506,MG,202609,644,1505,424460,661.15,659.1,1345,2832,707,198,440
3102605,MG,202609,1281,3388,811099,639.16,633.18,5028,12098,1091,1333,2604
3102704,MG,202609,1655,3576,1091945,660.58,659.79,3300,6066,1819,393,1088
3102803,MG,202609,1145,2769,744051,649.83,649.83,3046,6690,1100,667,1279
3102852,MG,202609,1007,3048,687984,685.24,683.2,2332,6230,824,617,891
3102902,MG,202609,954,2502,633717,664.27,664.27,2158,5239,862,467,829
3103009,MG,202609,665,1761,429638,649.0,646.07,2158,5265,579,510,1069
3103108,MG,202609,126,303,82952,658.35,658.35,378,761,132,64,182
3103207,MG,202609,157,423,96507,618.63,614.69,525,1251,133,102,290
3103306,MG,202609,161,417,108512,673.99,673.99,674,1455,197,124,353
3103405,MG,202609,3359,8676,2168317,646.68,645.52,10109,22674,2855,2653,4601
3103504,MG,202609,6535,16766,4379406,674.79,670.15,19309,42600,6219,4056,9034
3103603,MG,202609,406,949,269152,662.94,662.94,852,1669,493,123,236
3103702,MG,202609,685,2173,484458,710.35,707.24,1739,4838,693,591,455
3103751,MG,202609,489,1338,330184,678.0,675.22,1275,2987,445,285,545
3103801,MG,202609,120,310,79112,659.27,659.27,406,965,127,77,202
3103900,MG,202609,463,1248,316426,687.88,683.43,1125,2715,444,273,408
3104007,MG,202609,5336,14115,3523710,676.21,660.37,16573,37998,4897,3484,8192
3104106,MG,202609,325,839,210611,654.07,648.03,1121,2782,280,319,522
3104205,MG,202609,2390,6378,1615960,678.4,676.13,7159,17116,2348,1425,3386
3104304,MG,202609,909,2424,600020,663.01,660.09,2433,5916,816,539,1078
3104403,MG,202609,230,622,155166,674.63,674.63,892,1953,238,168,486
3104452,MG,202609,776,2097,524935,682.62,676.46,1639,3969,786,264,589
3104502,MG,202609,2186,5713,1484133,679.24,678.93,5372,11870,2082,1004,2286
3104601,MG,202609,665,1830,452705,680.76,680.76,2505,5872,725,693,1087
3104700,MG,202609,1636,4253,1083725,663.64,662.42,3358,7726,1538,651,1169
3104809,MG,202609,497,1247,332544,673.17,669.1,1220,2749,492,211,517
3104908,MG,202609,1277,3230,816366,639.79,639.28,3539,8327,1140,883,1516
3105004,MG,202609,864,2225,533904,618.66,617.94,1999,4480,715,594,690
3105103,MG,202609,1146,2774,770613,673.02,672.44,3440,7709,1125,743,1572
3105202,MG,202609,346,947,218053,630.21,630.21,1472,3413,298,328,846
3105301,MG,202609,177,430,104436,590.03,590.03,988,2386,149,317,522
3105400,MG,202609,1456,4002,994649,690.73,683.14,3691,9491,1328,982,1381
3105509,MG,202609,543,1342,356332,656.23,656.23,1592,3406,566,291,735
3105608,MG,202609,7513,19360,4903082,655.58,652.61,23269,53876,7616,4845,10808
3105707,MG,202609,585,1684,390457,668.59,667.45,1555,3805,526,284,745
3105905,MG,202609,2129,5067,1385141,656.15,650.61,5499,12229,2092,1087,2320
3106002,MG,202609,745,1907,492928,662.54,661.65,1991,4841,686,434,871
3106101,MG,202609,121,365,76692,633.82,633.82,636,1631,88,196,352
3106200,MG,202609,126645,295891,82736476,655.7,653.29,323212,710177,122220,62748,138244
3106309,MG,202609,2164,5639,1434046,664.83,662.68,6195,14728,1985,1213,2997
3106408,MG,202609,684,1849,459378,672.59,671.61,1914,4623,673,425,816
3106507,MG,202609,1247,3094,822559,659.63,659.63,2956,6739,1195,518,1243
3106606,MG,202609,936,2505,644173,691.17,688.22,1709,3995,927,279,503
3106655,MG,202609,957,2303,644348,673.3,673.3,1800,3713,1047,212,541
3106705,MG,202609,27922,74873,17984543,645.95,644.1,84228,198070,24762,20934,38532
3106804,MG,202609,391,919,250421,648.76,640.46,873,1850,394,152,327
3106903,MG,202609,1259,3180,868985,690.22,690.22,3647,7326,1388,623,1636
3107000,MG,202609,221,567,152154,688.48,688.48,575,1211,246,100,229
3107109,MG,202609,2375,6861,1681239,709.98,707.89,8229,20693,2171,2284,3774
3107208,MG,202609,692,1683,449467,650.46,649.52,1387,2984,692,224,471
3107307,MG,202609,5938,15580,3975364,670.27,669.48,12571,29745,5415,2495,4661
3107406,MG,202609,3438,8781,2330974,682.77,678.0,8660,20303,3409,1998,3253
3107505,MG,202609,595,1443,391891,659.75,658.64,1706,3672,602,369,735
3107604,MG,202609,347,948,238629,687.69,687.69,873,2044,333,164,376
3107703,MG,202609,507,1328,338250,668.48,667.16,1354,3299,476,322,556
3107802,MG,202609,2153,5124,1426368,662.5,662.5,4284,9389,2083,701,1500
3107901,MG,202609,1108,3376,796527,719.54,718.89,2440,6820,1017,730,693
3108008,MG,202609,429,1358,303256,713.54,706.89,2864,7580,377,1104,1383
3108107,MG,202609,724,1746,461528,638.35,637.47,1644,3610,709,309,626
3108206,MG,202609,451,1202,308038,683.01,683.01,1698,3530,479,318,901
3108255,MG,202609,1771,4844,1249032,706.87,705.27,3290,7886,1758,458,1074
3108305,MG,202609,1227,3197,824946,673.43,672.33,3335,7647,1218,669,1448
3108404,MG,202609,978,2596,643910,659.74,658.39,2560,6200,850,672,1038
3108503,MG,202609,736,2024,508306,690.63,690.63,1610,3814,772,256,582
3108552,MG,202609,1995,5100,1368939,686.53,686.18,4476,9964,1936,777,1763
3108602,MG,202609,4138,11654,2839912,686.3,686.3,8620,22125,3856,1918,2846
3108701,MG,202609,530,1312,349037,658.56,658.56,1073,2367,532,177,364
3108800,MG,202609,466,1292,314627,675.17,675.17,951,2517,428,181,342
3108909,MG,202609,516,1476,345701,669.96,669.96,2459,6244,476,823,1160
3109006,MG,202609,1846,4985,1200444,650.29,650.29,6207,15958,1613,1575,3019
3109105,MG,202609,479,1267,322237,672.73,672.73,2616,6004,450,970,1196
3109204,MG,202609,979,2545,658733,674.93,672.86,2297,5214,943,499,855
3109253,MG,202609,535,1431,360531,675.15,673.89,1309,2986,529,197,583
3109303,MG,202609,2336,6607,1612091,690.11,690.11,7111,16313,2068,1756,3287
3109402,MG,202609,4313,10547,2978009,690.47,690.47,8761,17864,4599,1057,3105
3109451,MG,202609,717,1868,495089,698.29,690.5,1892,3916,764,304,824
3109501,MG,202609,507,1495,328991,650.18,648.9,2124,5806,403,671,1050
3109600,MG,202609,209,558,133621,639.33,639.33,846,2048,181,195,470
3109709,MG,202609,365,1113,232688,644.57,637.5,1315,3606,270,471,574
3109808,MG,202609,118,316,78485,665.13,665.13,564,1184,126,97,341
3109907,MG,202609,715,1906,487654,684.91,682.03,1946,4423,712,454,780
3110004,MG,202609,2310,6301,1574765,684.68,681.72,5553,13476,2183,1228,2142
3110103,MG,202609,583,1666,394199,677.32,676.16,1370,3408,556,292,522
3110202,MG,202609,464,1261,313068,676.17,674.72,1405,3237,487,280,638
3110301,MG,202609,884,2324,584137,665.3,660.79,2406,5410,783,528,1095
3110400,MG,202609,162,480,113242,699.02,699.02,401,1100,158,93,150
3110509,MG,202609,1534,3945,1005685,656.02,655.6,4222,9418,1416,862,1944
3110608,MG,202609,1426,3555,940970,661.26,659.87,4411,10161,1278,1011,2122
3110707,MG,202609,927,2464,614902,672.02,663.32,2987,6667,873,725,1389
3110806,MG,202609,416,1009,280225,676.87,673.62,1095,2209,496,160,439
3110905,MG,202609,1083,3141,743436,702.02,686.46,2955,7834,963,847,1145
3111002,MG,202609,1166,3277,760856,656.48,652.54,3359,8241,976,926,1457
3111101,MG,202609,663,1782,428758,656.6,646.69,4684,9754,564,998,3122
3111150,MG,202609,722,1712,481323,666.65,666.65,1247,2711,746,214,287
3111200,MG,202609,3484,8497,2316347,665.04,664.85,9634,21780,3352,2000,4282
3111309,MG,202609,932,2531,622147,669.7,667.54,2587,6089,835,574,1178
3111408,MG,202609,791,2163,537487,685.57,679.5,2445,5401,728,461,1256
3111507,MG,202609,763,2304,533780,701.42,699.58,1720,4750,666,445,609
3111606,MG,202609,1609,4649,1073842,670.73,667.4,5204,13129,1325,1412,2467
3111705,MG,202609,588,1626,389233,663.09,661.96,1290,2986,598,264,428
3111804,MG,202609,487,1247,298935,628.01,613.83,1986,4166,401,462,1123
3111903,MG,202609,374,963,241099,648.12,644.65,1121,2790,350,302,469
3112000,MG,202609,904,2195,552975,611.7,611.7,2794,6577,716,822,1256
3112059,MG,202609,472,1331,324337,687.15,687.15,1137,2976,440,250,447
3112109,MG,202609,699,2173,476679,684.88,681.94,1191,3344,627,258,306
3112208,MG,202609,532,1277,345210,648.89,648.89,980,2258,532,191,257
3112307,MG,202609,2776,8667,1743107,631.1,627.92,9712,26543,1993,3532,4187
3112406,MG,202609,650,1644,440148,677.15,677.15,1469,3246,619,292,558
3112505,MG,202609,762,2051,515967,680.7,677.12,2048,4986,742,387,919
3112604,MG,202609,924,2155,609861,660.74,660.02,3114,6719,892,584,1638
3112653,MG,202609,617,1602,409217,663.24,663.24,1438,3162,604,260,574
3112703,MG,202609,1968,5364,1363451,693.87,692.81,3967,9977,1842,861,1264
3112802,MG,202609,418,1181,272263,652.91,651.35,1908,4375,345,465,1098
3112901,MG,202609,1163,3457,801796,693.0,689.42,2292,6334,1107,587,598
3113008,MG,202609,2656,7143,1793596,676.57,675.3,5003,12346,2470,968,1565
3113107,MG,202609,283,733,188920,667.56,667.56,574,1376,280,91,203
3113206,MG,202609,1602,4273,1056962,661.43,659.78,3342,9088,1409,990,943
3113305,MG,202609,2723,7098,1840687,678.97,675.98,7714,16475,2983,1526,3205
3113404,MG,202609,4183,11885,2701349,649.21,645.79,12759,32384,3344,4385,5030
3113503,MG,202609,833,2017,535536,643.67,642.9,2430,5572,745,536,1149
3113602,MG,202609,484,1355,324572,687.65,670.6,1349,3300,441,310,598
3113701,MG,202609,2016,5118,1350419,672.85,669.85,5208,11554,1885,974,2349
3113800,MG,202609,264,783,179772,680.95,680.95,604,1590,224,124,256
3113909,MG,202609,810,2531,561032,692.63,692.63,2063,5810,648,716,699
3114006,MG,202609,669,1681,462152,691.84,690.81,2092,4810,720,414,958
3114105,MG,202609,832,2516,526723,643.92,633.08,2335,6555,606,770,959
3114204,MG,202609,633,1778,410572,657.97,648.61,2114,5332,554,664,896
3114303,MG,202609,1456,3927,951746,654.12,653.67,4962,11834,1218,1274,2470
3114402,MG,202609,718,2082,359677,500.94,500.94,3794,9673,297,1896,1601
3114501,MG,202609,1143,3191,801686,703.85,701.39,3570,9140,1281,705,1584
3114550,MG,202609,433,1154,287807,664.68,664.68,1417,3077,449,234,734
3114600,MG,202609,141,427,96184,682.16,682.16,672,1836,127,186,359
3114709,MG,202609,167,518,117552,703.9,703.9,598,1581,166,160,272
3114808,MG,202609,597,1370,395037,662.81,661.7,1202,2380,632,167,403
3114907,MG,202609,154,409,101303,657.81,657.81,406,1073,136,101,169
3115003,MG,202609,256,697,170869,667.46,667.46,640,1467,240,134,266
3115102,MG,202609,1459,3739,987145,679.85,676.59,4286,9092,1426,927,1933
3115201,MG,202609,399,1042,262157,658.69,657.04,792,1866,377,157,258
3115300,MG,202609,3304,8407,2217676,671.41,671.21,12773,25897,3612,2680,6481
3115359,MG,202609,516,1372,355984,693.93,689.89,1435,3266,527,219,689
3115409,MG,202609,351,971,233256,670.28,664.55,626,1591,322,122,182
3115458,MG,202609,1411,3873,978270,693.81,693.32,2836,6761,1344,456,1036
3115474,MG,202609,981,2338,641974,654.41,654.41,1902,4154,956,297,649
3115508,MG,202609,1359,3490,893300,664.16,657.32,3549,8432,1236,941,1372
3115607,MG,202609,86,210,55803,648.87,648.87,335,682,91,57,187
3115706,MG,202609,596,1660,404317,678.38,678.38,1461,3367,573,291,597
3115805,MG,202609,870,2145,578728,666.74,665.2,2223,4651,809,414,1000
3115904,MG,202609,349,921,232882,667.28,667.28,795,1936,311,195,289
3116001,MG,202609,883,2603,601727,685.34,681.46,1565,4033,868,271,426
3116100,MG,202609,1351,3619,902614,668.11,668.11,3012,7348,1266,535,1211
3116159,MG,202609,2434,6312,1705685,703.09,700.77,4666,10446,2551,624,1491
3116209,MG,202609,235,688,150492,640.39,640.39,714,1745,190,187,337
3116308,MG,202609,633,1667,415822,657.95,656.91,1436,3693,612,315,509
3116407,MG,202609,420,1100,288041,687.45,685.81,1012,2394,387,215,410
3116506,MG,202609,917,2297,590573,644.03,644.03,2099,4837,840,466,793
3116605,MG,202609,1177,3233,806986,686.21,685.63,3960,10244,1079,1069,1812
3116704,MG,202609,579,1486,380311,659.12,656.84,1863,4184,578,456,829
3116803,MG,202609,1367,3568,916307,670.31,670.31,2794,6503,1324,481,989
3116902,MG,202609,250,672,171126,690.02,684.5,647,1454,257,116,274
3117009,MG,202609,1185,2977,784830,662.86,662.3,2263,5125,1153,330,780
3117108,MG,202609,469,1486,277948,604.23,592.64,1701,4748,316,682,703
3117207,MG,202609,305,883,199112,652.83,652.83,492,1320,258,122,112
3117306,MG,202609,2313,5809,1522459,665.12,658.22,6517,13934,2055,1386,3076
3117405,MG,202609,740,2041,501927,678.28,678.28,1261,3149,696,202,363
3117504,MG,202609,1905,5283,1238485,664.42,650.12,4555,11930,1678,982,1895
3117603,MG,202609,370,989,248110,670.57,670.57,1113,2791,353,239,521
3117702,MG,202609,933,2580,625721,674.27,670.65,2774,6944,793,708,1273
3117801,MG,202609,627,1702,411651,657.59,656.54,2207,5329,577,571,1059
3117836,MG,202609,1377,3458,931292,676.81,676.32,2669,6059,1370,347,952
3117876,MG,202609,250,681,157239,636.6,628.96,831,2103,215,235,381
3117900,MG,202609,582,1656,374657,647.08,643.74,2027,5075,490,593,944
3118007,MG,202609,2308,5983,1546687,673.64,670.14,7782,19799,2139,1863,3780
3118106,MG,202609,596,1607,402470,676.42,675.29,1197,2915,558,188,451
3118205,MG,202609,514,1321,350571,686.05,682.04,1617,3420,529,246,842
3118304,MG,202609,3967,10797,2638478,673.6,665.11,13522,32893,3537,3919,6066
3118403,MG,202609,1887,5232,1269364,674.12,672.69,4817,10956,1661,1105,2051
3118502,MG,202609,225,520,144737,646.15,643.28,472,1018,232,85,155
3118601,MG,202609,41516,101954,27484852,664.98,662.03,107044,228890,43004,20193,43847
3118700,MG,202609,787,2144,542077,694.08,688.79,1874,4822,724,439,711
3118809,MG,202609,3696,9767,2486518,675.32,672.76,7234,17088,3529,1370,2335
3118908,MG,202609,1007,2472,661827,657.23,657.23,2266,4837,1001,406,859
3119005,MG,202609,384,1086,257958,695.3,671.77,820,1959,386,164,270
3119104,MG,202609,2677,6708,1830505,684.56,683.79,5742,12527,2590,1214,1938
3119203,MG,202609,1201,2885,786992,656.37,655.28,2438,5370,1169,461,808
3119302,MG,202609,2227,5669,1490764,670.61,669.4,5590,12145,2100,1087,2403
3119401,MG,202609,5697,14187,3728065,657.74,654.39,17184,38961,5012,4104,8068
3119500,MG,202609,1281,3277,851183,664.47,664.47,2895,6627,1227,527,1141
3119609,MG,202609,164,431,111036,681.2,677.05,597,1407,172,132,293
3119708,MG,202609,114,366,74683,655.11,655.11,468,1456,93,176,199
3119807,MG,202609,135,386,89008,664.24,659.32,562,1383,116,103,343
3119906,MG,202609,164,457,112433,685.57,685.57,614,1466,161,148,305
3119955,MG,202609,129,334,88606,686.87,686.87,1181,3231,126,213,842
3120003,MG,202609,473,1068,317252,672.14,670.72,913,1962,467,131,315
3120102,MG,202609,649,1548,438833,677.21,676.17,1914,3790,753,259,902
3120151,MG,202609,783,2101,540635,694.01,690.47,1468,3557,776,258,434
3120201,MG,202609,764,2088,520398,685.64,681.15,2543,6615,668,667,1208
3120300,MG,202609,1460,3358,978913,670.49,670.49,2439,5069,1475,253,711
3120409,MG,202609,341,916,233250,686.03,684.02,859,2202,332,199,328
3120508,MG,202609,650,1892,428519,674.83,659.26,1451,4010,561,508,382
3120607,MG,202609,400,1099,272901,682.25,682.25,1235,2785,374,263,598
3120706,MG,202609,326,910,219373,672.92,672.92,932,2424,291,235,406
3120805,MG,202609,1727,3914,1143738,663.81,662.27,3706,7963,1732,660,1314
3120839,MG,202609,518,1447,353627,682.68,682.68,1086,2534,517,213,356
3120870,MG,202609,1668,4120,1133203,681.01,679.38,2923,6389,1728,348,847
3120904,MG,202609,6202,15598,4115603,666.39,663.59,15490,35428,5684,3433,6373
3121001,MG,202609,899,2463,623952,694.82,694.05,2010,4826,897,386,727
3121100,MG,202609,670,1838,459520,687.9,685.85,1341,3439,636,299,406
3121209,MG,202609,432,1235,282350,664.35,653.59,1393,3532,354,391,648
3121258,MG,202609,1282,3297,896966,700.75,699.66,2611,5710,1334,404,873
3121308,MG,202609,459,1100,304369,668.94,663.11,1537,3189,568,299,670
3121407,MG,202609,332,872,208974,629.44,629.44,1007,2657,288,323,396
3121506,MG,202609,349,849,227201,652.88,651.01,821,1877,346,151,324
3121605,MG,202609,4368,11175,2870694,657.96,657.21,12577,29122,4151,2745,5681
3121704,MG,202609,424,1113,276590,652.33,652.33,942,2234,386,168,388
3121803,MG,202609,734,1881,486810,664.13,663.23,1737,3899,757,353,627
3121902,MG,202609,377,1015,250921,676.34,665.57,1046,2515,374,255,417
3122009,MG,202609,2236,6381,1463215,656.74,654.39,5213,13392,1948,1294,1971
3122108,MG,202609,595,1477,391918,662.02,658.69,1439,2968,635,220,584
3122207,MG,202609,1181,3259,793716,672.07,672.07,2122,5290,1077,396,649
3122306,MG,202609,9094,23023,6001317,661.45,659.92,32818,73292,8716,7709,16393
3122355,MG,202609,1236,2948,805442,652.18,651.65,2493,5353,1167,452,874
3122405,MG,202609,332,984,224693,685.04,676.79,964,2706,272,327,365
3122454,MG,202609,2154,4841,1496047,696.16,694.54,3809,7245,2405,370,1034
3122470,MG,202609,329,871,226323,687.91,687.91,1018,2292,325,203,490
3122504,MG,202609,285,813,197132,691.69,691.69,1115,2655,261,332,522
3122603,MG,202609,603,1518,400414,666.25,664.04,1191,2831,574,201,416
3122702,MG,202609,362,920,245072,682.65,676.99,1109,2547,423,183,503
3122801,MG,202609,272,797,181919,668.82,668.82,601,1588,231,165,205
3122900,MG,202609,466,1337,313390,672.51,672.51,1393,3477,448,395,550
3123007,MG,202609,514,1380,348363,677.75,677.75,1626,4139,457,486,683
3123106,MG,202609,720,1915,491692,682.91,682.91,1406,3499,708,235,463
3123205,MG,202609,589,1469,370760,631.62,629.47,2508,5569,532,622,1354
3123304,MG,202609,500,1404,333224,666.45,666.45,1171,2905,458,287,426
3123403,MG,202609,121,325,82628,688.57,682.88,308,701,121,60,127
3123502,MG,202609,103,226,66240,655.84,643.11,349,700,139,65,145
3123528,MG,202609,975,3174,708251,727.16,726.41,1883,5369,996,417,470
3123601,MG,202609,1668,4526,1112232,668.81,666.81,4560,11011,1534,1086,1940
3123700,MG,202609,990,2561,672240,683.17,679.03,2797,5908,1013,519,1265
3123809,MG,202609,1122,2704,744832,664.44,663.84,2323,4961,1103,389,831
3123858,MG,202609,806,2095,553601,686.85,686.85,1740,4064,800,307,633
3123908,MG,202609,795,2077,541720,681.41,681.41,2568,6246,839,633,1096
3124005,MG,202609,1466,4537,1016470,693.84,693.36,4254,10942,1304,1526,1424
3124104,MG,202609,9806,24902,6545022,675.23,667.45,22328,50010,9548,4420,8360
3124203,MG,202609,2040,5638,1318576,655.36,646.36,5318,12612,1892,1446,1980
3124302,MG,202609,4880,12563,3289157,674.7,674.01,9738,22382,4751,1641,3346
3124401,MG,202609,873,2700,643539,737.16,737.16,1499,4173,817,328,354
3124500,MG,202609,661,1995,451204,686.76,682.61,1898,4940,586,473,839
3124609,MG,202609,230,587,157355,693.19,684.15,592,1225,229,121,242
3124708,MG,202609,112,305,70036,625.32,625.32,518,1165,104,133,281
3124807,MG,202609,510,1310,345098,676.66,676.66,1491,3223,534,268,689
3124906,MG,202609,1103,2750,736538,668.97,667.76,3005,6372,1215,640,1150
3125002,MG,202609,489,1210,335073,688.03,685.22,1239,2706,521,213,505
3125101,MG,202609,1917,5121,1267434,661.5,661.15,7686,18815,1732,1826,4128
3125200,MG,202609,171,470,114319,676.44,668.53,461,1083,159,100,202
3125309,MG,202609,412,1062,283021,686.94,686.94,992,2066,506,135,351
3125408,MG,202609,792,2025,524153,661.81,661.81,1843,4451,723,347,773
3125507,MG,202609,383,835,248387,648.53,648.53,1034,2244,383,151,500
3125606,MG,202609,1051,2861,705543,671.31,671.31,2088,5139,971,396,721
3125705,MG,202609,1267,3254,842869,669.47,665.25,3653,7872,1115,844,1694
3125804,MG,202609,218,578,145373,669.92,666.85,809,1975,215,172,422
3125903,MG,202609,794,2052,507851,640.42,639.61,1833,4570,705,487,641
3125952,MG,202609,1159,3465,736397,636.47,635.37,2681,7033,941,855,885
3126000,MG,202609,464,1171,306758,665.42,661.12,1608,3843,445,317,846
3126109,MG,202609,1809,4745,1197501,667.5,661.97,7964,19301,1700,2171,4093
3126208,MG,202609,1481,3675,1024569,691.81,691.81,2965,6318,1436,395,1134
3126307,MG,202609,145,421,99500,686.21,686.21,446,1095,138,114,194
3126406,MG,202609,298,807,200978,674.42,674.42,795,1889,295,159,341
3126505,MG,202609,1026,2407,670425,653.44,653.44,2480,5349,1036,305,1139
3126604,MG,202609,749,1851,501134,669.97,669.07,1546,3351,746,257,543
3126703,MG,202609,3704,9032,2444156,660.4,659.87,7498,15961,3741,1084,2673
3126752,MG,202609,585,1565,383099,654.87,654.87,1233,3071,536,280,417
3126802,MG,202609,913,2488,619437,678.46,678.46,1786,4096,906,328,552
3126901,MG,202609,1311,3104,865175,660.94,659.94,3133,6226,1285,487,1361
3126950,MG,202609,698,1745,464726,665.8,665.8,1234,2831,687,153,394
3127008,MG,202609,1022,2769,684353,672.91,669.62,2757,6823,886,568,1303
3127057,MG,202609,1505,2840,990313,658.45,658.02,2419,4040,1733,119,567
3127073,MG,202609,615,1726,423764,689.05,689.05,1549,3806,601,264,684
3127107,MG,202609,3048,8039,2022447,674.6,663.53,10464,22516,2696,2552,5216
3127206,MG,202609,480,1271,311231,656.61,648.4,1261,2921,469,289,503
3127305,MG,202609,636,1729,420692,676.35,661.47,1717,3825,642,332,743
3127339,MG,202609,866,2143,584197,674.59,674.59,1929,4341,874,293,762
3127354,MG,202609,373,912,233958,630.61,627.23,1014,2290,340,210,464
3127370,MG,202609,439,1049,294485,670.81,670.81,1039,2140,502,124,413
3127388,MG,202609,347,885,221952,643.34,639.63,1207,2627,329,276,602
3127404,MG,202609,153,406,97082,634.52,634.52,568,1378,136,148,284
3127503,MG,202609,608,1719,403469,663.6,663.6,1591,4006,583,378,630
3127602,MG,202609,731,2065,480610,659.27,657.47,2123,5551,617,643,863
3127701,MG,202609,13664,36853,8986235,666.34,657.66,49615,113570,13031,11320,25264
3127800,MG,202609,1540,4074,1052043,684.03,683.14,3509,8268,1541,700,1268
3127909,MG,202609,30,83,17600,586.67,586.67,243,547,32,56,155
3128006,MG,202609,3886,9279,2612239,672.39,672.22,8230,18117,3856,1367,3007
3128105,MG,202609,726,2079,482010,664.84,663.93,2030,5192,586,532,912
3128204,MG,202609,850,2282,594447,699.35,699.35,2121,4968,931,340,850
3128253,MG,202609,895,2054,608251,679.61,679.61,1985,3898,983,242,760
3128303,MG,202609,846,2548,564623,672.17,667.4,2530,6528,695,655,1180
3128402,MG,202609,611,1593,402089,662.42,658.08,1680,3955,574,440,666
3128501,MG,202609,450,1045,296433,658.74,658.74,1207,2472,484,225,498
3128600,MG,202609,500,1340,346887,693.77,693.77,1519,3425,472,334,713
3128709,MG,202609,2338,5848,1557556,667.05,666.19,7903,17854,2139,1788,3976
3128808,MG,202609,748,1962,524315,700.96,700.96,2056,4517,874,396,786
3128907,MG,202609,962,2525,667955,695.79,694.34,2541,5839,969,468,1104
3129004,MG,202609,650,1744,431648,665.1,664.07,1674,3909,632,341,701
3129103,MG,202609,467,1177,316517,677.77,677.77,1409,2722,536,202,671
3129202,MG,202609,290,805,196219,678.96,676.62,1112,2752,274,345,493
3129301,MG,202609,1066,2821,705636,666.95,661.95,2925,6494,1035,567,1323
3129400,MG,202609,526,1336,345599,658.28,657.03,1226,2880,483,273,470
3129509,MG,202609,1730,4371,1186272,686.9,685.71,4365,9233,1695,796,1874
3129608,MG,202609,1219,3149,845383,695.79,693.51,2393,5411,1224,374,795
3129657,MG,202609,836,2388,574528,687.23,687.23,1948,4793,784,355,809
3129707,MG,202609,1053,2870,725029,697.14,688.54,2284,5495,1008,480,796
3129806,MG,202609,12252,32668,8219924,673.32,670.9,32519,79924,10750,8083,13686
3129905,MG,202609,209,577,131441,641.18,628.9,606,1414,178,139,289
3130002,MG,202609,223,609,144293,649.97,647.05,605,1471,201,135,269
3130051,MG,202609,1451,4195,986570,679.92,679.92,2696,7246,1335,565,796
3130101,MG,202609,3145,8641,2080799,667.14,661.62,7719,19324,2733,1943,3043
3130200,MG,202609,306,903,201038,659.14,656.99,1459,3949,236,626,597
3130309,MG,202609,393,1037,266062,677.0,677.0,1173,2709,353,234,586
3130408,MG,202609,588,1587,395607,673.95,672.8,1300,3466,519,321,460
3130507,MG,202609,781,2198,546703,703.61,700.0,2271,5821,770,632,869
3130556,MG,202609,1203,3227,807047,670.86,670.86,2075,5120,1129,357,589
3130606,MG,202609,426,1124,288402,677.0,677.0,1544,3423,464,414,666
3130655,MG,202609,1179,3130,785128,665.93,665.93,2110,5225,1113,381,616
3130705,MG,202609,376,1038,245504,656.43,652.94,994,2450,312,299,383
3130804,MG,202609,181,480,123903,684.55,684.55,498,1164,174,104,220
3130903,MG,202609,3215,8278,2141003,666.36,665.94,6851,15424,3316,1034,2501
3131000,MG,202609,736,1816,489126,670.95,664.57,1664,3718,718,319,627
3131109,MG,202609,695,1849,463010,668.12,666.2,2092,4905,673,449,970
3131158,MG,202609,1022,2896,673959,666.63,659.45,3067,7795,935,863,1269
3131208,MG,202609,1987,5230,1325761,668.23,667.22,4578,10274,1843,848,1887
3131307,MG,202609,13360,33731,8766111,662.34,656.15,35510,81862,12635,7431,15444
3131406,MG,202609,432,1028,287626,667.35,665.8,1050,2022,440,135,475
3131505,MG,202609,289,900,182795,639.14,632.51,1660,4377,212,508,940
3131604,MG,202609,599,1650,377336,632.05,629.94,1778,4077,443,506,829
3131703,MG,202609,4330,11550,2889553,669.65,667.33,13573,35172,3919,3391,6263
3131802,MG,202609,1500,3703,1017921,679.07,678.61,3318,7358,1554,487,1277
3131901,MG,202609,2276,5858,1527438,673.18,671.11,5923,14346,2068,1266,2589
3132008,MG,202609,657,1607,430875,655.82,655.82,1328,2975,644,201,483
3132107,MG,202609,2648,6808,1818214,688.46,686.64,5318,12106,2629,894,1795
3132206,MG,202609,658,1743,422787,643.51,642.53,2328,5817,544,560,1224
3132305,MG,202609,2075,5658,1458086,703.03,702.69,3384,8215,2035,510,839
3132404,MG,202609,4134,11050,2754054,666.2,666.2,13277,30736,4038,3236,6003
3132503,MG,202609,3384,9058,2278090,674.19,673.19,7955,19883,3135,1832,2988
3132602,MG,202609,293,795,198316,676.85,676.85,1036,2309,307,242,487
3132701,MG,202609,2747,7294,1857187,676.82,676.08,5853,13670,2627,1054,2172
3132800,MG,202609,251,642,164177,654.09,654.09,681,1533,250,118,313
3132909,MG,202609,539,1750,369235,688.87,685.04,1488,4200,454,465,569
3133006,MG,202609,1017,2704,682089,671.35,670.69,2678,6530,935,614,1129
3133105,MG,202609,607,1573,395310,653.4,651.25,2058,5186,544,572,942
3133204,MG,202609,582,1604,399589,688.95,686.58,2283,5336,553,747,983
3133303,MG,202609,2162,5484,1465699,677.94,677.94,5812,12660,2199,1092,2521
3133402,MG,202609,932,2132,601515,652.4,645.4,2337,4779,902,392,1043
3133501,MG,202609,959,2362,622808,650.79,649.43,3170,7703,900,704,1566
3133600,MG,202609,734,1995,482820,661.4,657.79,2086,4842,656,488,942
3133709,MG,202609,712,1924,480552,674.93,674.93,2722,6383,683,590,1449
3133758,MG,202609,473,1260,304870,658.47,644.55,2170,5219,405,525,1240
3133808,MG,202609,2832,7159,1886170,667.91,666.02,7790,17833,2656,1801,3333
3133907,MG,202609,542,1487,366901,678.19,676.94,1104,2804,525,214,365
3134004,MG,202609,2118,5184,1438961,679.4,679.4,4506,9871,2086,701,1719
3134103,MG,202609,936,2299,630145,674.67,673.23,1921,4216,932,290,699
3134202,MG,202609,4774,12432,3051644,646.4,639.22,21033,43388,4044,4942,12047
3134301,MG,202609,633,1637,426797,675.31,674.24,1386,3234,643,247,496
3134400,MG,202609,3644,8435,2505105,688.78,687.46,9407,17311,4528,1242,3637
3134509,MG,202609,269,665,174012,659.14,646.88,912,2120,260,209,443
3134608,MG,202609,1379,3820,925659,677.64,671.25,3280,8021,1234,919,1127
3134707,MG,202609,1833,4383,1211893,661.15,661.15,3551,7458,1776,561,1214
3134806,MG,202609,548,1582,388264,708.51,708.51,1660,4232,538,345,777
3134905,MG,202609,824,2254,538326,662.15,653.31,3632,8823,739,818,2075
3135001,MG,202609,202,487,132010,653.51,653.51,710,1639,183,157,370
3135050,MG,202609,6718,17793,4731340,705.22,704.28,12259,29055,6550,1889,3820
3135076,MG,202609,595,1576,403475,678.11,678.11,1433,3232,607,274,552
3135100,MG,202609,7423,19199,4999112,674.92,673.46,19929,47720,7035,4400,8494
3135209,MG,202609,9858,25497,6746444,686.03,684.36,19523,45125,9517,3389,6617
3135308,MG,202609,190,546,124682,656.22,656.22,814,1945,155,201,458
3135357,MG,202609,1381,3775,934191,676.46,676.46,2991,7391,1315,584,1092
3135407,MG,202609,426,1094,268883,634.16,631.18,1083,2684,367,249,467
3135456,MG,202609,681,1983,464537,684.15,682.14,1606,4274,644,368,594
3135506,MG,202609,1354,3625,905507,669.75,668.76,2828,6974,1397,539,892
3135605,MG,202609,1454,3099,958721,659.37,659.37,3079,5450,1729,364,986
3135704,MG,202609,573,1508,388227,678.72,677.53,1200,2962,536,292,372
3135803,MG,202609,3152,7515,2123915,674.26,673.83,7109,14698,3373,1175,2561
3135902,MG,202609,612,1684,412281,680.33,673.66,1468,3475,586,298,584
3136009,MG,202609,2802,6557,1874595,669.02,669.02,4990,10426,2769,706,1515
3136108,MG,202609,536,1266,347500,648.32,648.32,1108,2436,556,200,352
3136207,MG,202609,3293,8238,2157527,658.79,655.19,7663,17760,2998,1769,2896
3136306,MG,202609,4579,11453,3080029,677.38,672.64,10973,24189,4358,2097,4518
3136405,MG,202609,638,1503,422022,665.65,661.48,1536,3003,662,226,648
3136504,MG,202609,913,2663,621439,680.66,680.66,2022,5300,802,520,700
3136520,MG,202609,525,1438,343872,654.99,654.99,1096,2753,477,236,383
3136553,MG,202609,556,1478,370439,666.26,666.26,1216,2792,551,239,426
3136579,MG,202609,591,1517,396212,672.69,670.41,1246,2852,598,184,464
3136603,MG,202609,690,1794,462225,671.84,669.89,1492,3454,662,300,530
3136652,MG,202609,2938,7295,1955951,668.93,665.74,7341,16501,2889,1411,3041
3136702,MG,202609,25329,66081,17118335,675.84,675.84,75473,165790,25748,17451,32274
3136801,MG,202609,557,1380,367395,661.97,659.6,1337,2968,554,279,504
3136900,MG,202609,483,1503,336739,701.54,697.18,1425,3930,442,441,542
3136959,MG,202609,1029,2730,701575,682.47,681.8,2165,5053,1015,335,815
3137007,MG,202609,2216,6194,1545261,697.32,697.32,3910,9698,2135,588,1187
3137106,MG,202609,630,1515,412660,655.02,655.02,1581,3396,601,225,755
3137205,MG,202609,2687,7063,1712634,639.76,637.38,8772,21464,2297,2204,4271
3137304,MG,202609,608,1494,403810,667.45,664.16,1337,2870,623,243,471
3137403,MG,202609,885,2881,602249,686.71,680.51,2293,7000,735,843,715
3137502,MG,202609,1424,3661,960275,675.77,674.35,3284,7593,1371,628,1285
3137536,MG,202609,628,1653,404415,647.06,643.97,2399,5316,520,658,1221
3137601,MG,202609,3807,9804,2513328,661.4,660.19,9860,23425,3414,2426,4020
3137700,MG,202609,2500,7721,1667438,672.08,666.98,5034,13528,2140,1246,1648
3137809,MG,202609,1724,4644,1148527,666.97,666.2,4978,11408,1610,1082,2286
3137908,MG,202609,343,942,221087,644.57,644.57,772,1914,296,189,287
3138005,MG,202609,445,1116,286224,643.2,643.2,1410,3072,405,358,647
3138104,MG,202609,1137,2700,766452,674.1,674.1,2528,5181,1162,403,963
3138203,MG,202609,4944,12521,3222249,657.87,651.75,18749,44175,4586,4423,9740
3138302,MG,202609,222,590,151345,681.73,681.73,548,1295,233,124,191
3138351,MG,202609,404,1077,274244,678.82,678.82,1150,2759,401,252,497
3138401,MG,202609,3053,8306,2033127,672.55,665.94,11573,25886,2946,3188,5439
3138500,MG,202609,490,1152,315945,646.1,644.79,1169,2441,500,231,438
3138609,MG,202609,1341,3400,884402,661.48,659.51,3767,8348,1352,906,1509
3138625,MG,202609,285,762,185061,649.34,649.34,1478,3148,242,245,991
3138658,MG,202609,1431,3785,963971,673.63,673.63,2959,7086,1393,597,969
3138674,MG,202609,771,2446,517520,682.74,671.23,1760,4979,700,494,566
3138682,MG,202609,1122,3299,780038,695.22,695.22,2057,5387,1060,324,673
3138708,MG,202609,463,1201,305628,660.1,660.1,1269,2967,424,281,564
3138807,MG,202609,1147,2849,739651,652.83,644.86,3134,7183,1016,636,1482
3138906,MG,202609,1149,2572,757974,659.68,659.68,2465,4728,1228,358,879
3139003,MG,202609,2257,6283,1482795,667.62,656.98,7890,19014,2031,1790,4069
3139102,MG,202609,315,850,206668,656.09,656.09,994,2493,279,272,443
3139201,MG,202609,1647,4469,1103523,670.43,670.02,3599,8983,1458,1008,1133
3139250,MG,202609,746,1938,459988,616.61,616.61,1795,4230,648,459,688
3139300,MG,202609,3044,7955,2083965,684.61,684.61,6512,15235,2808,1279,2425
3139409,MG,202609,3979,12703,2731868,687.26,686.57,13516,36091,3337,4587,5592
3139508,MG,202609,2502,6178,1674635,671.47,669.32,5901,12599,2690,1060,2151
3139607,MG,202609,2437,6055,1646049,675.44,675.44,6920,14726,2528,1216,3176
3139706,MG,202609,928,2260,613027,669.97,660.59,2092,4775,915,352,825
3139805,MG,202609,648,1856,426945,672.35,658.87,2055,5063,547,627,881
3139904,MG,202609,1292,3637,872977,681.48,675.68,3089,7515,1230,651,1208
3140001,MG,202609,5773,14391,3938272,682.54,682.19,14114,30795,5913,2433,5768
3140100,MG,202609,668,1684,452629,680.65,677.59,1469,3203,701,261,507
3140159,MG,202609,1023,2767,663448,651.72,648.53,2935,7346,945,779,1211
3140209,MG,202609,167,568,117970,706.41,706.41,766,1858,128,232,406
3140308,MG,202609,342,946,226858,675.17,663.33,1092,2647,327,221,544
3140407,MG,202609,393,1117,268749,683.84,683.84,700,1817,390,117,193
3140506,MG,202609,1182,3045,830411,703.14,702.55,2913,6625,1258,488,1167
3140530,MG,202609,1249,3583,864309,692.56,692.0,2463,6244,1244,435,784
3140555,MG,202609,1669,3939,1110623,665.44,665.44,2813,5941,1665,345,803
3140605,MG,202609,665,1697,443688,667.2,667.2,1635,3552,721,240,674
3140704,MG,202609,2178,5782,1442890,669.87,662.48,5619,13171,2129,1345,2145
3140803,MG,202609,929,2476,633016,682.87,681.4,2978,6767,1034,636,1308
3140852,MG,202609,1493,3995,1004853,676.67,673.04,3108,7270,1436,604,1068
3140902,MG,202609,2688,7769,1822112,680.15,677.87,5346,13642,2421,1371,1554
3141009,MG,202609,1798,4660,1203676,669.45,669.45,3839,8400,1713,672,1454
3141108,MG,202609,2392,6211,1588846,668.14,664.23,5976,14870,2140,1437,2399
3141207,MG,202609,193,552,137579,724.1,712.84,810,1813,211,113,486
3141306,MG,202609,317,861,215810,685.11,680.79,863,2102,324,139,400
3141405,MG,202609,2347,6133,1575380,672.95,671.23,5800,13450,2236,1163,2401
3141504,MG,202609,614,1617,405980,661.21,661.21,1587,3596,588,305,694
3141603,MG,202609,828,2140,552255,667.78,666.97,2734,6113,944,642,1148
3141702,MG,202609,413,1109,279131,675.86,675.86,1236,2969,424,227,585
3141801,MG,202609,2771,7433,1851689,671.63,668.24,6638,16275,2551,1381,2706
3141900,MG,202609,292,742,182859,630.55,626.23,770,1813,254,188,328
3142007,MG,202609,1935,4895,1283572,663.34,663.34,4112,9634,1823,773,1516
3142106,MG,202609,593,1586,387310,653.14,653.14,2131,4964,624,548,959
3142205,MG,202609,859,2294,585565,681.68,681.68,2636,6113,851,621,1164
3142254,MG,202609,596,1642,413756,694.22,694.22,1459,3432,623,243,593
3142304,MG,202609,360,976,236072,659.42,655.76,1139,2756,332,270,537
3142403,MG,202609,568,1627,393434,692.67,692.67,1511,3694,562,340,609
3142502,MG,202609,184,496,121506,660.36,660.36,676,1477,226,119,331
3142601,MG,202609,415,1217,250806,607.28,604.35,1312,3231,286,515,511
3142700,MG,202609,1990,5367,1336557,672.31,671.64,3938,9707,1796,863,1279
3142809,MG,202609,1679,4202,1128307,672.01,672.01,4381,9442,1566,798,2017
3142908,MG,202609,2854,7101,1914120,670.91,670.68,5896,13064,3044,948,1904
3143005,MG,202609,789,2199,520955,668.75,660.27,2184,5459,705,577,902
3143104,MG,202609,1293,3649,888926,687.49,687.49,5146,11769,1228,1447,2471
3143153,MG,202609,607,1763,419862,692.84,691.7,1277,3358,565,255,457
3143203,MG,202609,1225,3348,804698,659.05,656.9,3853,9216,1062,1005,1786
3143302,MG,202609,26925,75347,18167997,675.34,674.76,82311,208229,24027,23224,35060
3143401,MG,202609,1363,3434,938847,688.81,688.81,3549,7829,1343,722,1484
3143450,MG,202609,1075,2764,723882,674.63,673.38,2178,5076,1075,344,759
3143500,MG,202609,304,894,214426,710.02,705.35,1694,4223,292,408,994
3143609,MG,202609,228,615,150877,661.74,661.74,809,1958,204,203,402
3143708,MG,202609,416,1059,275847,663.09,663.09,924,1966,423,143,358
3143807,MG,202609,678,1908,469954,705.64,693.15,1622,3993,694,308,620
3143906,MG,202609,6263,15868,4162671,666.03,664.64,19854,43721,6192,4528,9134
3144003,MG,202609,1853,6012,1224852,662.08,661.01,5270,14152,1415,1699,2156
3144102,MG,202609,916,2819,645750,708.84,704.97,3796,9670,852,1114,1830
3144201,MG,202609,257,709,172154,669.86,669.86,848,1924,266,177,405
3144300,MG,202609,2879,7020,1892411,658.46,657.32,8793,18457,2661,2006,4126
3144359,MG,202609,1038,2559,710490,689.8,684.48,2571,5750,1007,417,1147
3144375,MG,202609,517,1357,352027,680.9,680.9,1169,2615,495,210,464
3144409,MG,202609,241,645,157552,653.74,653.74,748,1874,239,194,315
3144508,MG,202609,686,1780,461667,672.98,672.98,1784,4409,632,378,774
3144607,MG,202609,1980,5392,1323880,672.7,668.63,4939,12423,1805,1187,1947
3144656,MG,202609,1624,3994,1068663,658.04,658.04,3383,7585,1634,513,1236
3144672,MG,202609,515,1498,340891,663.21,661.92,1222,3109,450,289,483
3144706,MG,202609,1023,2721,673890,661.32,658.74,3178,7601,1006,626,1546
3144805,MG,202609,4096,10642,2700948,662.81,659.41,12244,29864,3646,2950,5648
3144904,MG,202609,496,1294,334536,674.47,674.47,1151,2737,471,212,468
3145000,MG,202609,867,2301,614757,709.06,709.06,3072,6404,1000,580,1492
3145059,MG,202609,1237,3110,835133,675.13,675.13,2611,5646,1194,486,931
3145109,MG,202609,1074,3343,751402,702.24,699.63,2826,7250,908,955,963
3145208,MG,202609,3933,11325,2618306,669.81,665.73,13800,36083,3127,5331,5342
3145307,MG,202609,3347,9728,2295696,686.31,685.9,6618,17758,3117,1457,2044
3145356,MG,202609,1707,4194,1149040,674.32,673.13,3274,7086,1723,485,1066
3145372,MG,202609,660,1781,447614,679.23,678.2,1571,3834,643,323,605
3145406,MG,202609,177,439,116034,659.28,655.56,553,1181,192,116,245
3145455,MG,202609,966,2569,663876,687.24,687.24,1983,4476,1034,296,653
3145505,MG,202609,252,667,167568,667.6,664.95,835,1918,248,188,399
3145604,MG,202609,2559,6213,1654487,652.4,646.54,6766,15914,2294,1481,2991
3145703,MG,202609,177,509,122671,693.06,693.06,412,1055,167,101,144
3145802,MG,202609,228,596,148299,650.43,650.43,657,1528,189,169,299
3145851,MG,202609,324,845,215495,667.17,665.11,1001,2426,308,209,484
3145877,MG,202609,1304,3807,916979,703.2,703.2,2853,7070,1331,544,978
3145901,MG,202609,1868,4761,1223724,656.15,655.1,5241,12524,1679,1298,2264
3146008,MG,202609,743,2238,535994,724.32,721.39,3755,8655,859,911,1985
3146107,MG,202609,4192,11085,2798962,667.85,667.69,12386,29305,3910,3184,5292
3146206,MG,202609,1516,3626,1035178,683.29,682.84,2674,5572,1571,326,777
3146255,MG,202609,990,2425,671890,678.68,678.68,1924,4098,952,269,703
3146305,MG,202609,2333,6304,1584485,680.62,679.16,5010,12020,2208,928,1874
3146404,MG,202609,435,995,293053,673.69,673.69,1074,2069,505,150,419
3146503,MG,202609,303,767,202334,676.7,667.77,990,2301,293,180,517
3146552,MG,202609,689,1939,461869,670.35,670.35,1716,4181,610,377,729
3146602,MG,202609,147,333,96040,653.33,653.33,404,817,165,66,173
3146701,MG,202609,657,1615,435368,662.66,662.66,1722,3577,733,293,696
3146750,MG,202609,1065,2684,705105,662.07,662.07,1949,4525,1022,346,581
3146909,MG,202609,1199,3307,842031,702.28,702.28,3136,7491,1116,796,1224
3147006,MG,202609,5838,15399,3949925,677.75,676.59,15998,38286,5154,3607,7237
3147105,MG,202609,3826,9866,2598029,680.29,679.05,11421,27916,3458,2555,5408
3147204,MG,202609,624,1891,408578,666.52,654.77,2877,7745,517,904,1456
3147303,MG,202609,911,2456,616122,679.3,676.31,3920,8967,923,718,2279
3147402,MG,202609,1816,4799,1196283,663.5,658.75,4377,10512,1590,1153,1634
3147501,MG,202609,164,371,107435,655.09,655.09,411,898,184,81,146
3147600,MG,202609,568,1470,378917,670.65,667.11,2562,6812,539,674,1349
3147709,MG,202609,277,720,185360,674.04,669.17,1276,3301,252,328,696
3147808,MG,202609,211,553,143584,683.73,680.49,495,1071,242,71,182
3147907,MG,202609,5586,15204,3850498,691.79,689.31,13018,32811,4915,3589,4514
3147956,MG,202609,844,2161,569027,674.2,674.2,1718,3966,831,303,584
3148004,MG,202609,5591,14510,3720220,666.47,665.39,16513,38569,5012,3906,7595
3148103,MG,202609,5190,14070,3463083,668.68,667.26,15859,37671,4338,3754,7767
3148202,MG,202609,470,1269,309835,667.75,659.22,1298,3005,457,301,540
3148301,MG,202609,992,2601,644015,649.86,649.21,2364,5458,989,508,867
3148400,MG,202609,485,1413,330448,682.74,681.34,1054,2800,444,235,375
3148509,MG,202609,1438,3115,953430,663.03,663.03,2801,5095,1537,310,954
3148608,MG,202609,2000,5212,1357074,680.24,678.54,4015,9472,2003,678,1334
3148707,MG,202609,3661,8558,2472883,676.39,675.47,8034,15144,3936,1054,3044
3148756,MG,202609,1343,4224,939641,699.66,699.66,2074,6006,1265,362,447
3148806,MG,202609,311,806,197644,637.56,635.51,859,1983,296,203,360
3148905,MG,202609,185,546,127498,689.18,689.18,620,1761,178,150,292
3149002,MG,202609,404,1040,275708,682.45,682.45,1086,2364,422,181,483
3149101,MG,202609,650,2029,428751,661.65,659.62,2143,5685,528,621,994
3149150,MG,202609,1284,3651,888915,695.55,692.3,2659,6807,1204,548,907
3149200,MG,202609,310,819,211935,683.66,683.66,914,1760,366,128,420
3149309,MG,202609,2794,7284,1755877,630.02,628.45,8662,20975,2198,2289,4175
3149408,MG,202609,184,433,117088,639.83,636.35,514,1127,172,116,226
3149507,MG,202609,206,583,139563,684.13,677.49,730,1649,218,192,320
3149606,MG,202609,448,1138,306767,684.75,684.75,1178,2611,442,191,545
3149705,MG,202609,758,2193,541320,716.03,714.14,2137,5339,848,462,827
3149804,MG,202609,1345,3672,948660,710.07,705.32,2811,6838,1257,541,1013
3149903,MG,202609,898,2424,608281,681.17,677.37,3465,8934,821,869,1775
3149952,MG,202609,736,1945,483230,665.61,656.56,2214,5410,683,567,964
3150000,MG,202609,444,1174,303651,683.9,683.9,1107,2586,425,235,447
3150109,MG,202609,235,618,158294,673.59,673.59,600,1352,259,133,208
3150158,MG,202609,1539,4152,1059401,689.71,688.37,2865,6957,1568,564,733
3150208,MG,202609,299,833,209863,704.24,701.88,990,2578,287,196,507
3150307,MG,202609,294,765,202132,687.52,687.52,935,2141,312,198,425
3150406,MG,202609,669,1641,446576,668.53,667.53,1285,2851,692,197,396
3150505,MG,202609,414,1114,263381,637.73,636.19,1353,3285,336,377,640
3150539,MG,202609,659,1561,441029,670.26,669.24,1530,3313,645,265,620
3150570,MG,202609,1137,3180,798986,702.71,702.71,2456,5875,1128,439,889
3150604,MG,202609,323,875,212140,658.82,656.78,1008,2536,282,286,440
3150703,MG,202609,501,1259,332620,669.26,663.91,1228,2617,480,254,494
3150802,MG,202609,1719,4533,1143048,664.95,664.95,4282,10296,1578,768,1936
3150901,MG,202609,392,1101,258525,661.19,659.5,1023,2642,343,284,396
3151008,MG,202609,584,1586,388112,669.16,664.58,1758,4487,537,378,843
3151107,MG,202609,934,2296,642411,689.28,687.81,3046,6254,1047,582,1417
3151206,MG,202609,5885,15379,3966577,677.01,674.01,14631,33033,5503,3007,6121
3151305,MG,202609,839,2305,571267,682.52,680.89,2437,5896,902,567,968
3151404,MG,202609,2105,5467,1428016,681.63,678.39,4359,10461,2043,830,1486
3151503,MG,202609,1912,5299,1303563,686.81,681.78,6230,15650,1671,1366,3193
3151602,MG,202609,959,2546,639830,693.96,667.18,2427,5385,1034,373,1020
3151701,MG,202609,541,1674,339405,637.98,627.37,2117,5753,413,670,1034
3151800,MG,202609,4608,12045,3030743,661.3,657.71,20041,45264,4310,4547,11184
3151909,MG,202609,1149,2962,766643,667.23,667.23,2282,4962,1187,355,740
3152006,MG,202609,2297,6266,1496725,651.88,651.6,6649,15767,1795,2002,2852
3152105,MG,202609,2609,6858,1745426,671.32,669.0,8945,22046,2422,2211,4312
3152131,MG,202609,676,1810,455967,684.64,674.51,1221,2926,652,193,376
3152170,MG,202609,1338,3850,923115,690.44,689.92,3173,7910,1225,675,1273
3152204,MG,202609,4633,12755,3068749,663.08,662.37,12279,29537,4363,2755,5161
3152303,MG,202609,1401,3285,931257,664.71,664.71,3209,6452,1734,467,1008
3152402,MG,202609,1329,3659,905323,681.72,681.21,3338,7964,1235,784,1319
3152501,MG,202609,6638,17771,4430101,672.96,667.38,20437,48527,6076,4687,9674
3152600,MG,202609,347,951,233890,677.94,674.03,929,2192,313,214,402
3152709,MG,202609,370,1027,221790,609.31,599.43,1287,3414,271,468,548
3152808,MG,202609,1498,3990,1019631,682.94,680.66,5099,11428,1401,1078,2620
3152907,MG,202609,475,1307,328338,694.16,691.24,1410,3198,473,266,671
3153004,MG,202609,346,898,231915,680.1,670.27,731,1612,342,124,265
3153103,MG,202609,545,1472,345968,637.14,634.8,1286,3187,473,303,510
3153202,MG,202609,207,536,135524,654.71,654.71,759,1871,202,214,343
3153301,MG,202609,312,878,215107,689.45,689.45,853,2284,302,173,378
3153400,MG,202609,1142,3033,790954,692.6,692.6,3321,7670,1143,688,1490
3153509,MG,202609,707,2070,398803,569.72,564.08,2106,5152,494,826,786
3153608,MG,202609,745,2041,507098,681.58,680.67,2212,5530,693,548,971
3153707,MG,202609,181,485,105603,589.96,583.44,761,1775,135,236,390
3153806,MG,202609,72,187,44079,612.21,612.21,255,652,57,95,103
3153905,MG,202609,659,1699,439751,669.33,667.3,1711,4124,611,367,733
3154002,MG,202609,1996,5305,1333246,668.96,667.96,4734,11441,1915,1012,1807
3154101,MG,202609,650,1632,415000,645.41,638.46,2164,4810,624,552,988
3154150,MG,202609,616,1888,424732,697.43,689.5,2000,5101,657,590,753
3154200,MG,202609,518,1449,322007,627.69,621.64,1783,4706,412,553,818
3154309,MG,202609,1194,3428,809702,679.85,678.14,3690,8855,1084,967,1639
3154408,MG,202609,485,1278,315857,651.25,651.25,1130,2742,427,239,464
3154457,MG,202609,1062,2644,722184,680.02,680.02,2602,5257,1133,380,1089
3154507,MG,202609,1168,3339,797246,683.74,682.57,2646,7013,1048,476,1122
3154606,MG,202609,29106,75841,19607031,678.14,673.64,63648,149982,27840,13732,22076
3154705,MG,202609,207,591,137594,664.71,664.71,810,2108,179,160,471
3154804,MG,202609,742,1870,494680,669.39,666.68,2060,4958,696,387,977
3154903,MG,202609,931,2393,611475,656.79,656.79,3255,7405,847,825,1583
3155009,MG,202609,205,541,132062,647.36,644.2,767,1883,185,147,435
3155108,MG,202609,837,2017,547572,654.21,654.21,1595,3507,831,247,517
3155207,MG,202609,636,1653,427797,674.76,672.64,1371,2955,777,165,429
3155306,MG,202609,528,1337,355880,675.29,674.02,1186,2552,586,149,451
3155405,MG,202609,562,1506,378534,677.16,673.55,1916,4578,528,503,885
3155504,MG,202609,737,2077,505544,685.95,685.95,2161,5243,717,537,907
3155603,MG,202609,4841,13396,3319303,686.23,685.66,8405,21185,4800,1378,2227
3155702,MG,202609,1132,2777,743218,657.13,656.55,3197,7281,1032,599,1566
3155801,MG,202609,1245,3065,829642,666.38,666.38,3927,8273,1385,978,1564
3155900,MG,202609,652,1382,423022,649.8,648.81,1513,2877,772,240,501
3156007,MG,202609,1123,3448,772733,691.79,688.1,2980,7750,1028,672,1280
3156106,MG,202609,420,1098,283000,673.81,673.81,1346,3052,423,279,644
3156205,MG,202609,237,668,157583,664.91,664.91,628,1515,221,167,240
3156304,MG,202609,528,1426,353118,679.07,668.78,1684,3962,585,407,692
3156403,MG,202609,223,557,151877,684.13,681.06,490,1090,226,103,161
3156452,MG,202609,462,1280,327652,709.2,709.2,1320,3037,575,237,508
3156502,MG,202609,1031,2355,693157,672.97,672.32,2347,4574,1219,296,832
3156601,MG,202609,934,2419,600416,642.84,642.84,2331,5411,839,569,923
3156700,MG,202609,8288,21350,5461530,663.13,658.97,21941,51506,7509,4939,9493
3156809,MG,202609,1596,4204,1090687,683.82,683.39,3619,8684,1522,749,1348
3156908,MG,202609,1346,3607,907250,677.56,674.03,5163,11717,1321,974,2868
3157005,MG,202609,4389,11156,2908761,663.8,662.74,11229,25852,4337,2391,4501
3157104,MG,202609,746,1921,476266,649.75,638.43,1994,4410,684,435,875
3157203,MG,202609,2439,6247,1641262,678.77,672.92,5672,13428,2398,1067,2207
3157252,MG,202609,1332,3641,886776,670.28,665.75,2524,6145,1254,421,849
3157278,MG,202609,299,777,198785,671.57,664.83,787,1775,300,154,333
3157302,MG,202609,290,768,177164,613.02,610.91,765,2043,228,217,320
3157336,MG,202609,681,1809,462618,684.35,679.32,1765,4046,717,415,633
3157377,MG,202609,589,1584,408567,693.66,693.66,1414,3334,601,187,626
3157401,MG,202609,505,1357,339252,671.79,671.79,1520,3879,512,257,751
3157500,MG,202609,616,1640,417861,680.56,678.35,1344,3204,601,294,449
3157609,MG,202609,543,1379,359480,662.03,662.03,1241,2743,530,193,518
3157658,MG,202609,1426,3535,982358,689.86,688.89,2155,4797,1382,279,494
3157708,MG,202609,824,2342,582522,706.94,706.94,2059,4955,882,451,726
3157807,MG,202609,16848,44090,11260091,672.28,668.33,40042,96936,15758,9039,15245
3157906,MG,202609,2129,6877,1453281,686.48,682.61,4426,12679,1875,1271,1280
3158003,MG,202609,721,1969,488610,677.68,677.68,1886,4895,641,479,766
3158102,MG,202609,827,1905,521288,633.4,630.34,1950,3869,786,301,863
3158201,MG,202609,1488,3857,989653,665.98,665.09,3340,7501,1484,650,1206
3158300,MG,202609,388,1005,262786,677.28,677.28,1541,3893,336,394,811
3158409,MG,202609,318,755,207803,653.47,653.47,1097,2360,353,241,503
3158508,MG,202609,680,1850,445557,656.2,655.23,1417,3505,615,295,507
3158607,MG,202609,208,609,136758,660.67,657.49,665,1830,180,222,263
3158706,MG,202609,316,812,209976,666.59,664.48,608,1445,307,92,209
3158805,MG,202609,319,841,197066,617.76,617.76,1218,2943,285,365,568
3158904,MG,202609,977,3028,686624,704.95,702.79,2163,5582,890,616,657
3158953,MG,202609,2556,6898,1701036,667.86,665.51,7763,19072,2338,1879,3546
3159001,MG,202609,591,1565,398555,676.66,674.37,1234,2848,627,239,368
3159100,MG,202609,475,1162,320987,675.76,675.76,820,1797,487,100,233
3159209,MG,202609,373,1021,239183,646.44,641.24,1538,3675,319,350,869
3159308,MG,202609,438,1092,296820,677.67,677.67,1229,2511,546,196,487
3159357,MG,202609,747,2087,505276,680.05,676.41,1720,4302,685,395,640
3159407,MG,202609,248,711,171436,691.27,691.27,722,1721,246,186,290
3159506,MG,202609,897,2429,614337,686.41,684.88,1594,3848,890,259,445
3159605,MG,202609,1425,4105,953844,669.36,669.36,5940,15593,1254,1587,3099
3159704,MG,202609,293,837,199347,682.7,680.37,650,1685,257,162,231
3159803,MG,202609,1364,3288,895855,661.64,656.79,4810,9928,1371,823,2616
3159902,MG,202609,1376,3532,820536,596.32,596.32,3790,9312,1004,1167,1619
3160009,MG,202609,305,796,202278,665.39,663.21,879,1998,299,219,361
3160108,MG,202609,275,754,187555,687.01,682.02,755,1949,262,198,295
3160207,MG,202609,591,1414,388568,659.71,657.48,1060,2434,576,182,302
3160306,MG,202609,1507,4207,1006821,668.98,668.1,3158,7716,1406,620,1132
3160405,MG,202609,814,2285,511485,630.68,628.36,3603,9095,674,1201,1728
3160454,MG,202609,1656,4057,1126421,680.62,680.21,2557,5558,1647,233,677
3160504,MG,202609,247,604,163039,660.08,660.08,630,1368,242,109,279
3160603,MG,202609,374,888,250306,669.27,669.27,930,1910,396,149,385
3160702,MG,202609,2908,7393,1917286,663.19,659.31,8075,18382,2960,1913,3202
3160801,MG,202609,545,1451,365702,683.56,671.01,1159,2838,500,268,391
3160900,MG,202609,212,526,141486,667.39,667.39,855,2008,216,151,488
3160959,MG,202609,696,2008,483729,696.01,695.01,1708,4515,670,404,634
3161007,MG,202609,1001,2695,661088,660.43,660.43,2940,7370,861,781,1298
3161056,MG,202609,399,1047,265145,664.52,664.52,1048,2413,390,229,429
3161106,MG,202609,8484,23311,5870003,692.46,691.89,16511,41077,8050,3043,5418
3161205,MG,202609,371,986,245381,674.12,661.4,1490,3643,366,305,819
3161304,MG,202609,464,1121,304951,660.07,657.22,1399,3012,450,262,687
3161403,MG,202609,311,893,218259,701.8,701.8,1276,3086,348,320,608
3161502,MG,202609,811,1973,532808,659.42,656.98,2432,5484,801,468,1163
3161601,MG,202609,536,1327,348461,651.33,650.11,1104,2517,520,218,366
3161650,MG,202609,449,1135,302854,676.01,674.51,997,2205,428,172,397
3161700,MG,202609,731,1829,503987,690.39,689.45,1755,3733,750,323,682
3161809,MG,202609,483,1363,306995,642.25,635.6,2007,5156,400,575,1032
3161908,MG,202609,789,2128,523442,664.27,663.42,3199,8218,694,603,1902
3162005,MG,202609,2264,6174,1544275,692.5,682.1,5220,12260,2210,1019,1991
3162104,MG,202609,2341,6642,1617663,696.97,691.01,6932,17625,2093,1614,3225
3162203,MG,202609,237,788,169589,724.74,715.57,1162,3121,202,275,685
3162252,MG,202609,872,2035,590085,677.48,676.7,1984,4060,1029,262,693
3162302,MG,202609,350,907,239569,686.44,684.48,688,1615,358,105,225
3162401,MG,202609,3537,9891,2381571,673.52,673.33,7173,17806,3489,1336,2348
3162450,MG,202609,2286,6591,1571329,689.48,687.37,4000,10983,1994,924,1082
3162500,MG,202609,4578,11397,2931720,645.9,640.39,14034,31285,4190,3625,6219
3162559,MG,202609,1799,5414,1248120,694.17,693.79,3249,8876,1709,592,948
3162575,MG,202609,861,1966,572432,667.95,664.85,2022,4020,908,298,816
3162609,MG,202609,1015,2575,664428,659.81,654.61,2654,5814,1098,484,1072
3162658,MG,202609,605,1546,404273,668.22,668.22,1304,3107,588,210,506
3162708,MG,202609,2491,6584,1637157,658.55,657.23,5329,13396,2249,1281,1799
3162807,MG,202609,1617,4172,1088433,673.12,673.12,3693,8743,1486,825,1382
3162906,MG,202609,1705,4301,1122619,658.43,658.43,5768,13022,1615,1442,2711
3162922,MG,202609,3981,10592,2709562,685.79,680.62,8286,19945,3838,1541,2907
3162948,MG,202609,485,1476,330442,686.99,681.32,1374,3659,423,339,612
3162955,MG,202609,2030,5254,1374763,677.22,677.22,4994,11805,1941,953,2100
3163003,MG,202609,634,1716,443482,699.5,699.5,1457,3113,669,222,566
3163102,MG,202609,341,933,244415,718.87,716.76,1047,2575,370,220,457
3163201,MG,202609,251,749,174501,703.63,695.22,987,2424,254,238,495
3163300,MG,202609,526,1385,344889,655.68,655.68,1132,2646,498,182,452
3163409,MG,202609,623,1556,419484,677.68,673.33,1804,4314,617,311,876
3163508,MG,202609,912,2275,613830,675.28,673.06,1667,3920,907,257,503
3163607,MG,202609,380,1049,247911,655.85,652.4,719,1768,350,145,224
3163706,MG,202609,2665,6659,1686731,633.63,632.92,7849,18412,2287,2032,3530
3163805,MG,202609,849,2150,567428,668.35,668.35,1997,4239,1034,247,716
3163904,MG,202609,349,998,234340,681.22,671.46,842,2054,314,227,301
3164001,MG,202609,386,1060,263963,683.84,683.84,1686,4069,422,354,910
3164100,MG,202609,767,1963,511344,666.68,666.68,1541,3441,777,246,518
3164209,MG,202609,1343,3409,910476,681.49,677.94,2570,5653,1415,357,798
3164308,MG,202609,457,1255,307504,675.83,672.88,1222,2875,462,247,513
3164407,MG,202609,256,831,177667,694.01,694.01,961,2773,211,301,449
3164431,MG,202609,225,620,148522,660.1,660.1,746,1825,214,182,350
3164472,MG,202609,1419,3520,955277,673.68,673.2,2434,5447,1487,311,636
3164506,MG,202609,1144,3124,779233,681.74,681.15,2603,6495,1090,519,994
3164605,MG,202609,651,1858,442565,681.92,679.82,1452,3769,591,367,494
3164704,MG,202609,3139,8437,2120470,676.17,675.52,8764,21946,2703,2373,3688
3164803,MG,202609,133,313,85865,645.6,645.6,305,696,120,64,121
3164902,MG,202609,131,379,92341,704.89,704.89,465,1164,132,92,241
3165008,MG,202609,616,1704,389455,635.33,632.23,1973,5135,487,548,938
3165107,MG,202609,431,1292,293333,688.58,680.59,962,2647,365,252,345
3165206,MG,202609,340,870,220396,655.94,648.22,1260,2853,333,362,565
3165305,MG,202609,689,1631,455535,661.15,661.15,1631,3525,653,315,663
3165404,MG,202609,525,1372,351479,673.33,669.48,1522,3465,496,358,668
3165503,MG,202609,1116,2770,742150,666.8,665.01,1895,4290,1072,289,534
3165537,MG,202609,2181,5800,1454993,667.12,667.12,6231,15639,1939,1431,2861
3165552,MG,202609,1764,5147,1268576,719.15,719.15,3020,7946,1659,507,854
3165560,MG,202609,282,605,185707,658.54,658.54,754,1584,327,110,317
3165578,MG,202609,1038,3068,723753,699.28,697.26,1875,4933,935,498,442
3165602,MG,202609,130,395,89631,689.47,689.47,561,1550,107,165,289
3165701,MG,202609,702,1793,466217,665.07,664.13,2010,4619,715,424,871
3165800,MG,202609,67,186,41673,621.99,621.99,315,738,57,89,169
3165909,MG,202609,584,1376,385447,661.14,660.01,1438,3097,643,228,567
3166006,MG,202609,686,1778,458996,669.09,669.09,1289,3124,737,213,339
3166105,MG,202609,365,993,253927,697.6,695.69,845,1956,390,120,335
3166204,MG,202609,1353,3415,887145,655.69,655.69,2628,6044,1301,451,876
3166303,MG,202609,1019,3094,706136,692.97,692.97,2009,5301,1037,479,493
3166402,MG,202609,96,260,64000,666.67,666.67,266,665,89,68,109
3166501,MG,202609,586,1672,407054,701.82,694.63,1252,3104,595,244,413
3166600,MG,202609,36,87,23105,641.81,641.81,140,312,37,34,69
3166709,MG,202609,805,1989,535869,665.68,665.68,2159,4600,733,473,953
3166808,MG,202609,1234,3338,873758,710.37,708.07,2911,7152,1224,463,1224
3166907,MG,202609,383,1099,250941,663.87,655.2,1532,4035,307,441,784
3166956,MG,202609,592,1616,398681,673.45,673.45,1398,3398,565,270,563
3167004,MG,202609,309,650,202565,659.82,655.55,673,1191,339,91,243
3167103,MG,202609,1940,5469,1319440,682.94,680.12,4538,11937,1798,1048,1692
3167202,MG,202609,13036,33575,8757423,678.19,671.79,32974,75262,13039,7042,12893
3167301,MG,202609,221,555,145094,656.53,656.53,676,1567,215,153,308
3167400,MG,202609,565,1486,371854,662.84,658.15,1204,2753,524,209,471
3167509,MG,202609,208,565,136811,667.37,657.75,550,1298,192,112,246
3167608,MG,202609,2677,8226,1870980,701.0,698.91,5190,13931,2586,1182,1422
3167707,MG,202609,776,1912,520865,673.82,671.22,1592,3345,805,215,572
3167806,MG,202609,230,656,140017,608.77,608.77,795,2078,169,308,318
3167905,MG,202609,272,736,183258,673.74,673.74,875,2187,258,262,355
3168002,MG,202609,3363,9139,2152536,640.64,640.06,8707,21334,2808,2729,3170
3168051,MG,202609,719,1593,468327,658.69,651.36,1382,2633,733,173,476
3168101,MG,202609,446,1252,309898,694.84,694.84,999,2411,432,143,424
3168200,MG,202609,142,364,93719,664.67,659.99,474,980,140,73,261
3168309,MG,202609,498,1316,335263,677.3,673.22,1158,2595,505,177,476
3168408,MG,202609,1770,4471,1188389,673.31,671.41,3768,7888,1831,522,1415
3168507,MG,202609,1098,2723,735380,670.36,669.74,3136,6764,1203,548,1385
3168606,MG,202609,10992,28528,7285238,665.87,662.78,29394,65871,10104,6672,12618
3168705,MG,202609,3609,9263,2373609,660.25,657.69,10703,25190,3303,2481,4919
3168804,MG,202609,649,1696,428340,673.49,660.0,1511,3570,585,366,560
3168903,MG,202609,575,1529,388579,676.97,675.79,1440,3150,545,290,605
3169000,MG,202609,1314,3357,871984,665.13,663.61,4332,9425,1389,987,1956
3169059,MG,202609,307,935,203506,662.89,662.89,645,1699,280,120,245
3169109,MG,202609,495,1414,334257,683.55,675.27,1517,3676,471,398,648
3169208,MG,202609,934,2272,620304,665.56,664.14,2286,4832,1069,362,855
3169307,MG,202609,3296,9346,2057382,641.93,624.21,11517,28988,2641,3724,5152
3169356,MG,202609,2366,6153,1606771,679.11,679.11,6786,15266,2204,1495,3087
3169406,MG,202609,3244,8872,2178525,678.88,671.56,7564,19561,2788,2019,2757
3169505,MG,202609,995,2526,667828,671.86,671.18,2165,4523,1034,360,771
3169604,MG,202609,2769,7029,1879857,678.89,678.89,6623,13625,2741,945,2937
3169703,MG,202609,2249,5540,1485473,660.8,660.5,5732,13267,2036,1412,2284
3169802,MG,202609,556,1534,378458,680.68,680.68,1269,3132,520,292,457
3169901,MG,202609,5296,13564,3583735,676.69,676.69,18154,41652,5122,4765,8267
3170008,MG,202609,2239,5779,1526555,682.72,681.8,3739,8428,2216,503,1020
3170057,MG,202609,1341,3823,920307,686.8,686.28,3012,7817,1258,653,1101
3170107,MG,202609,16339,42706,11138540,686.34,681.71,44140,97743,16292,8573,19275
3170206,MG,202609,31939,80717,21211642,670.49,664.13,104152,230828,29316,22993,51843
3170305,MG,202609,343,949,230230,673.19,671.22,757,1807,320,156,281
3170404,MG,202609,3767,10764,2517574,671.0,668.32,15173,35424,3100,3909,8164
3170438,MG,202609,340,916,228398,673.74,671.76,945,2026,324,156,465
3170479,MG,202609,411,1003,264508,643.57,643.57,1289,2691,410,230,649
3170503,MG,202609,427,1201,278496,666.26,652.22,1745,4789,370,444,931
3170529,MG,202609,1346,3590,924170,687.63,686.6,3147,7384,1300,487,1360
3170578,MG,202609,1131,2539,759029,671.71,671.11,2469,4530,1283,262,924
3170602,MG,202609,160,451,105337,658.36,658.36,583,1414,131,103,349
3170651,MG,202609,689,1878,470860,683.4,683.4,1566,3851,690,305,571
3170701,MG,202609,3845,10634,2575528,677.24,669.84,10593,26193,3405,3219,3969
3170750,MG,202609,665,1619,456813,696.36,686.94,1602,3585,746,299,557
3170800,MG,202609,3412,8582,2312562,678.77,677.77,8405,18495,3508,1569,3328
3170909,MG,202609,3477,9556,2395322,688.9,688.9,6174,15192,3361,1032,1781
3171006,MG,202609,1020,2491,670453,659.25,657.31,3283,6975,1007,680,1596
3171030,MG,202609,1547,3829,1060426,685.92,685.47,3111,6492,1550,440,1121
3171071,MG,202609,706,1743,463207,656.1,656.1,1754,4099,664,342,748
3171105,MG,202609,287,696,193908,682.77,675.64,807,1677,293,118,396
3171154,MG,202609,668,1877,447223,669.5,669.5,1459,3640,641,329,489
3171204,MG,202609,10753,28240,7270408,676.38,676.13,27169,61826,11040,5333,10796
3171303,MG,202609,3978,10117,2606394,656.03,655.2,13281,29292,4192,3458,5631
3171402,MG,202609,451,1263,299738,664.61,664.61,1215,2724,452,242,521
3171501,MG,202609,560,1351,388898,694.46,694.46,1146,2370,569,133,444
3171600,MG,202609,1342,3663,890263,664.87,663.39,3850,8852,1229,853,1768
3171709,MG,202609,1022,2602,669922,655.5,655.5,2505,5996,986,518,1001
3171808,MG,202609,416,1232,284112,689.59,682.96,2034,5397,372,606,1056
3171907,MG,202609,535,1438,360481,675.06,673.8,1245,3029,525,243,477
3172004,MG,202609,2262,5899,1528329,677.45,675.65,7956,18801,2119,2147,3690
3172103,MG,202609,559,1388,370111,662.09,662.09,1391,2939,629,224,538
3172202,MG,202609,233,591,153556,659.04,659.04,517,1149,219,102,196
3200102,ES,202609,1990,5891,1270668,640.46,638.53,6125,16290,1509,1990,2626
3200136,ES,202609,881,2731,595663,676.12,676.12,2349,6184,751,565,1033
3200169,ES,202609,1616,4487,1111575,687.86,687.86,3671,8810,1542,598,1531
3200201,ES,202609,2743,7210,1849724,676.32,674.34,6930,15585,2751,1265,2914
3200300,ES,202609,682,1859,456875,669.9,669.9,2407,5924,614,553,1240
3200359,ES,202609,1129,3098,760803,673.87,673.87,2378,5655,1157,423,798
3200409,ES,202609,2635,6952,1754259,666.77,665.75,6065,14819,2410,1414,2241
3200508,ES,202609,905,2324,589949,654.05,651.88,2518,5540,845,464,1209
3200607,ES,202609,7075,19340,4749389,675.59,671.29,20882,51105,6106,4813,9963
3200706,ES,202609,803,2242,528866,658.61,658.61,2649,6506,666,634,1349
3200805,ES,202609,2421,6524,1633070,676.22,674.54,6627,15460,2289,1458,2880
3200904,ES,202609,3274,8819,2206580,675.0,673.97,9718,23382,3000,2137,4581
3201001,ES,202609,1844,4999,1245083,676.31,675.21,4303,10258,1670,916,1717
3201100,ES,202609,1117,2774,734147,657.84,657.25,3557,7281,1063,746,1748
3201159,ES,202609,924,3340,582051,636.12,629.93,2648,8127,589,1176,883
3201209,ES,202609,11091,29094,7474066,678.29,673.89,32059,74443,10438,6849,14772
3201308,ES,202609,34316,90415,23099812,681.11,673.15,83743,192492,32773,17837,33133
3201407,ES,202609,1648,4467,1049488,638.76,636.83,4941,12138,1301,1438,2202
3201506,ES,202609,4740,12958,3233777,686.43,682.23,21019,48048,4365,5616,11038
3201605,ES,202609,4564,11076,3089282,679.56,676.88,10300,23267,4610,1946,3744
3201704,ES,202609,868,2747,616864,715.62,710.67,2414,6224,773,600,1041
3201803,ES,202609,380,1273,263480,695.2,693.37,1098,3100,351,337,410
3201902,ES,202609,1123,3347,739913,660.64,658.87,4582,12388,811,1676,2095
3202009,ES,202609,590,1713,395005,669.5,669.5,1733,4379,493,533,707
3202108,ES,202609,2017,5408,1334764,661.76,661.76,5594,13122,1842,1407,2345
3202207,ES,202609,1697,4585,1164805,689.64,686.39,5149,11547,1674,1059,2416
3202256,ES,202609,835,2609,590629,711.6,707.34,2204,5894,766,531,907
3202306,ES,202609,2883,7819,2005633,696.16,695.68,7958,18036,2923,1643,3392
3202405,ES,202609,6410,18300,4274748,670.86,666.89,23244,54206,5344,7667,10233
3202454,ES,202609,1031,3219,684451,672.35,663.87,4802,12773,813,1845,2144
3202504,ES,202609,1073,2865,738654,690.33,688.4,4055,9377,1151,634,2270
3202553,ES,202609,1627,4961,1133450,697.94,696.65,2774,7712,1479,585,710
3202603,ES,202609,630,1702,414140,657.37,657.37,1935,4705,535,466,934
3202652,ES,202609,915,2982,632243,692.49,690.98,3097,8478,755,1054,1288
3202702,ES,202609,1112,3228,764794,689.0,687.76,2699,6829,1038,527,1134
3202801,ES,202609,6108,15412,4085980,674.48,668.96,12972,28643,6050,2221,4701
3202900,ES,202609,496,1519,308888,627.82,622.76,1571,4147,358,459,754
3203007,ES,202609,1974,6145,1308133,666.39,662.68,5962,15320,1545,2173,2244
3203056,ES,202609,3213,8859,2162613,675.61,673.08,7672,18645,2816,1892,2964
3203106,ES,202609,1009,2734,693707,690.26,687.52,2974,7004,1000,589,1385
3203130,ES,202609,739,1872,485002,657.18,656.29,3205,7127,691,758,1756
3203163,ES,202609,740,2288,464194,628.99,627.29,2070,5458,526,652,892
3203205,ES,202609,5433,17002,3183069,589.35,585.88,24087,62233,3123,9831,11133
3203304,ES,202609,1558,4237,1036699,667.55,665.4,3713,8718,1503,802,1408
3203320,ES,202609,5467,14806,3697566,682.08,676.34,12136,27968,5453,2305,4378
3203346,ES,202609,489,1415,318730,658.53,651.8,2708,6628,391,745,1572
3203353,ES,202609,663,1976,447591,682.3,675.1,2691,6936,592,721,1378
3203403,ES,202609,2965,7643,1949962,658.33,657.66,7711,16434,2922,1352,3437
3203502,ES,202609,2220,5825,1509374,682.05,679.9,6391,13661,2346,1239,2806
3203601,ES,202609,619,1519,420896,679.96,679.96,1945,4313,638,377,930
3203700,ES,202609,1740,5073,1179003,677.98,677.59,4018,10414,1520,1008,1490
3203809,ES,202609,1591,4154,1073481,676.0,674.72,3528,8081,1597,653,1278
3203908,ES,202609,4124,10879,2808793,683.9,681.08,11341,26638,4033,2417,4891
3204005,ES,202609,1687,4966,1143039,678.76,677.56,4094,10401,1514,900,1680
3204054,ES,202609,2682,7007,1804996,680.36,673.0,6720,15128,2518,1373,2829
3204104,ES,202609,2374,6819,1629328,688.93,686.32,6119,15004,2085,1521,2513
3204203,ES,202609,2437,6495,1645289,678.75,675.13,6619,14745,2409,1457,2753
3204252,ES,202609,1083,2722,754773,698.22,696.93,2684,5503,1237,376,1071
3204302,ES,202609,1665,4271,1116372,673.32,670.49,4163,9484,1517,835,1811
3204351,ES,202609,1032,3385,637902,621.74,618.12,3031,8509,667,1371,993
3204401,ES,202609,655,1847,447754,683.59,683.59,1815,4617,607,427,781
3204500,ES,202609,1181,3216,783431,665.05,663.36,2668,6474,1088,585,995
3204559,ES,202609,1841,5768,1170739,651.86,635.93,5670,15703,1420,1879,2371
3204609,ES,202609,899,2755,599539,669.88,666.9,2763,7289,742,774,1247
3204658,ES,202609,874,2522,581144,665.69,664.92,2340,5874,739,571,1030
3204708,ES,202609,1849,5143,1215278,660.84,657.26,6305,14866,1546,1763,2996
3204807,ES,202609,1572,3776,1037106,660.16,659.74,3896,8058,1667,525,1704
3204906,ES,202609,11137,29904,7192738,652.58,645.84,32949,77567,9601,7984,15364
3204955,ES,202609,336,1031,216159,643.33,643.33,1950,5001,247,764,939
3205002,ES,202609,40678,107072,27478277,676.62,675.51,105587,246448,38009,23781,43797
3205010,ES,202609,1691,5322,1156939,689.06,684.17,6179,16315,1358,1746,3075
3205036,ES,202609,911,2781,589227,652.52,646.79,3407,8664,662,1037,1708
3205069,ES,202609,1060,3086,648536,615.89,611.83,3674,9639,713,1091,1870
3205101,ES,202609,6717,18015,4530239,677.06,674.44,17040,40171,6168,3588,7284
3205150,ES,202609,823,2411,559891,681.13,680.3,2155,5602,783,518,854
3205176,ES,202609,1515,4419,1066756,704.59,704.13,3160,8110,1328,803,1029
3205200,ES,202609,25470,66673,17253938,679.85,677.42,71706,160028,25120,15728,30858
3205309,ES,202609,19085,47460,12829147,674.3,672.21,48132,105742,18758,9102,20272
3300100,RJ,202609,17370,44434,11801431,683.11,679.41,38420,84918,18453,6546,13421
3300159,RJ,202609,1070,2530,707856,661.55,661.55,2734,5773,1087,474,1173
3300209,RJ,202609,13590,34333,9097823,670.24,669.45,35910,76357,17345,5883,12682
3300225,RJ,202609,719,2164,486653,680.63,676.85,2589,6485,732,634,1223
3300233,RJ,202609,2947,7554,1953925,665.28,663.02,9939,21730,4025,2089,3825
3300258,RJ,202609,2615,6636,1763003,675.74,674.19,9872,20325,4062,1740,4070
3300308,RJ,202609,6710,17226,4526963,676.37,674.66,15868,35432,6561,3054,6253
3300407,RJ,202609,12822,31285,8483495,665.11,661.64,28034,62163,12165,4895,10974
3300456,RJ,202609,73513,164728,48720383,665.01,662.75,136231,264577,76620,19100,40511
3300506,RJ,202609,1854,4820,1260646,680.33,679.96,5367,11708,2406,997,1964
3300605,RJ,202609,2490,6521,1676407,673.8,673.26,8918,19168,2378,2044,4496
3300704,RJ,202609,16614,42984,11124440,674.86,669.58,53456,114124,23434,10541,19481
3300803,RJ,202609,5647,14262,3718486,660.13,658.49,14660,30848,6998,2680,4982
3300902,RJ,202609,1743,3911,1138859,653.77,653.39,3944,7777,1817,603,1524
3300936,RJ,202609,1668,3976,1105717,663.7,662.9,3996,8032,1793,539,1664
3300951,RJ,202609,623,1755,426490,685.68,684.57,1926,4638,673,416,837
3301009,RJ,202609,51402,131101,34919613,681.8,679.34,93843,213947,52522,16827,24494
3301108,RJ,202609,1322,3568,916405,694.77,693.2,3718,8343,1780,643,1295
3301157,RJ,202609,1335,3367,887168,664.55,664.55,3569,7743,1364,644,1561
3301207,RJ,202609,1531,3711,1009079,664.74,659.1,4377,8675,2014,646,1717
3301306,RJ,202609,2940,7978,1990409,679.55,677.01,9872,22382,4142,2041,3689
3301405,RJ,202609,2637,6340,1777114,674.94,673.92,5707,11289,2922,812,1973
3301504,RJ,202609,1212,3312,826441,683.57,681.88,4065,8981,1497,870,1698
3301603,RJ,202609,817,2182,549990,674.83,673.18,2466,5417,1139,486,841
3301702,RJ,202609,92960,227959,62886745,680.59,676.49,216747,444365,114868,33039,68840
3301801,RJ,202609,1404,3309,948411,675.99,675.51,3004,6069,1477,457,1070
3301850,RJ,202609,7243,16979,4888600,676.15,674.94,16651,32556,8772,2226,5653
3301876,RJ,202609,2650,6695,1762152,666.22,664.96,9267,19277,3586,1671,4010
3301900,RJ,202609,29386,68697,19652412,670.3,668.77,65840,133596,34020,9983,21837
3302007,RJ,202609,16125,40020,11108938,691.46,688.93,31089,65281,17062,4162,9865
3302056,RJ,202609,1224,2963,796940,657.54,651.09,2786,6181,1154,509,1123
3302106,RJ,202609,1957,4711,1285962,657.44,657.11,4950,10743,1951,957,2042
3302205,RJ,202609,7127,17724,4703433,660.13,659.95,20447,44159,7044,4090,9313
3302254,RJ,202609,2803,6927,1864469,668.51,665.17,6877,15047,2710,1317,2850
3302270,RJ,202609,16020,37865,10800121,676.19,674.16,28765,59137,17043,3619,8103
3302304,RJ,202609,864,2105,590921,684.73,683.94,2475,4901,971,333,1171
3302403,RJ,202609,21847,54455,14779613,678.24,676.51,47104,101274,23345,8627,15132
3302452,RJ,202609,514,1425,343303,667.9,667.9,2305,5424,602,507,1196
3302502,RJ,202609,29100,71008,19845691,683.3,681.98,69261,141758,35894,11415,21952
3302601,RJ,202609,5460,12711,3636199,666.46,665.97,11207,22064,5790,1628,3789
3302700,RJ,202609,16001,43572,10887904,681.86,680.45,63247,136991,18536,12915,31796
3302809,RJ,202609,1853,4353,1219032,659.65,657.87,4420,9021,1814,703,1903
3302858,RJ,202609,22728,49616,15010335,663.29,660.43,43530,85787,23957,6011,13562
3302908,RJ,202609,2838,6651,1861902,658.15,656.06,5957,12250,2894,946,2117
3303005,RJ,202609,3428,8484,2319327,679.16,676.58,7420,15269,3593,987,2840
3303104,RJ,202609,1529,3779,1031424,675.46,674.57,3665,7736,1534,572,1559
3303203,RJ,202609,12423,29518,8296285,668.62,667.82,25678,52253,12741,3712,9225
3303302,RJ,202609,32588,76676,21947342,675.78,673.48,86939,167799,46795,11800,28344
3303401,RJ,202609,8005,20735,5247508,662.56,655.53,25712,55706,10234,5539,9939
3303500,RJ,202609,119390,280859,80753640,677.42,676.39,238630,462128,142208,27537,68885
3303609,RJ,202609,5899,12842,3724004,640.96,631.29,11578,22857,5804,1559,4215
3303708,RJ,202609,2813,7773,1913274,681.12,680.15,8804,20199,3382,1956,3466
3303807,RJ,202609,5222,12872,3541733,678.88,678.23,11932,24691,6280,1738,3914
3303856,RJ,202609,3126,8331,2161012,691.97,691.3,6990,16016,3096,1520,2374
3303906,RJ,202609,16732,42995,11171768,673.77,667.69,54389,118009,22887,9784,21718
3303955,RJ,202609,2519,5951,1669898,665.3,662.92,5659,11430,2532,903,2224
3304003,RJ,202609,2572,6092,1687784,658.01,656.21,5414,11567,2521,1010,1883
3304102,RJ,202609,2305,5503,1552178,673.4,673.4,4989,10318,2443,661,1885
3304110,RJ,202609,1752,4487,1186543,677.64,677.25,4013,9256,1690,739,1584
3304128,RJ,202609,1296,3208,871861,674.82,672.73,2592,5846,1233,448,911
3304144,RJ,202609,18669,46341,12668328,679.63,678.58,37846,79760,20617,5736,11493
3304151,RJ,202609,2421,6230,1631871,675.44,674.05,5704,13239,2305,1068,2331
3304201,RJ,202609,7018,18155,4615809,662.62,657.71,19339,43449,6521,4304,8514
3304300,RJ,202609,6395,14310,4221352,661.65,660.1,16411,31461,8721,2147,5543
3304409,RJ,202609,1878,4713,1263682,674.68,672.89,4519,9766,1996,624,1899
3304508,RJ,202609,1008,2506,669661,665.01,664.35,2237,5014,974,436,827
3304524,RJ,202609,10207,26701,6850773,671.32,671.18,30938,68375,14378,5808,10752
3304557,RJ,202609,416531,964869,275772559,663.38,662.07,1132368,2209399,596344,183539,352485
3304607,RJ,202609,605,1691,404485,677.53,668.57,1718,3960,721,398,599
3304706,RJ,202609,3323,8472,2244567,680.17,675.46,10059,20530,3535,1810,4714
3304755,RJ,202609,7214,17788,4880002,677.97,676.46,15150,31034,8055,2355,4740
3304805,RJ,202609,3869,9555,2572383,664.87,664.87,7617,17244,3827,1550,2240
3304904,RJ,202609,71185,176414,47802622,673.72,671.53,176445,350823,86990,26073,63382
3305000,RJ,202609,5925,14261,3962690,671.76,668.81,13535,28295,6566,2066,4903
3305109,RJ,202609,42155,103922,28601497,680.02,678.48,88339,179151,47745,13136,27458
3305133,RJ,202609,791,2056,523012,661.2,661.2,1957,4298,771,403,783
3305158,RJ,202609,1226,3481,825255,678.11,673.13,3761,9235,1250,1106,1405
3305208,RJ,202609,7814,20085,5263606,675.08,673.61,23224,50050,10860,4336,8028
3305307,RJ,202609,669,1779,457024,684.17,683.14,2189,4670,839,361,989
3305406,RJ,202609,1515,4078,1025843,678.92,677.12,4576,10413,1792,888,1896
3305505,RJ,202609,8269,21781,5619390,680.31,679.57,32841,67779,12238,6351,14252
3305554,RJ,202609,15980,33833,10498696,657.94,656.99,29776,53835,18021,3335,8420
3305604,RJ,202609,2043,5417,1372183,673.3,671.65,5875,12857,2615,1131,2129
3305703,RJ,202609,1854,5120,1245675,671.89,671.89,4163,9629,2184,772,1207
3305752,RJ,202609,4276,9994,2827995,662.29,661.36,8886,19007,4677,1336,2873
3305802,RJ,202609,11874,31063,7951786,672.4,669.68,37376,80718,15993,7947,13436
3305901,RJ,202609,762,2210,508605,668.34,667.46,1878,4504,767,473,638
3306008,RJ,202609,6706,16978,4558586,682.83,679.78,18445,40628,8608,3369,6468
3306107,RJ,202609,6762,16514,4541434,672.21,671.61,13963,30539,6593,2641,4729
3306156,RJ,202609,1647,4530,1149638,698.02,698.02,3023,7147,1589,512,922
3306206,RJ,202609,3263,8405,2223728,682.13,681.5,7350,16473,3174,1471,2705
3306305,RJ,202609,19000,45046,12517643,660.63,658.82,49022,103278,18759,7822,22441
3500105,SP,202609,789,1984,519828,666.45,658.84,3632,8206,796,821,2015
3500204,SP,202609,177,506,117174,673.41,662.0,655,1676,145,164,346
3500303,SP,202609,2137,5863,1432372,677.24,670.27,5672,13028,2138,1368,2166
3500402,SP,202609,231,633,156717,678.43,678.43,979,2432,251,228,500
3500501,SP,202609,461,1226,299265,650.58,649.16,2209,4819,502,516,1191
3500550,SP,202609,373,996,260422,709.6,698.18,1272,2832,474,219,579
3500600,SP,202609,69,176,43999,637.67,637.67,397,883,78,64,255
3500709,SP,202609,1482,4019,997058,687.15,672.78,4327,10139,1338,1114,1875
3500758,SP,202609,248,699,165796,673.97,668.53,1138,2747,220,300,618
3500808,SP,202609,249,654,163499,656.62,656.62,881,2184,229,157,495
3500907,SP,202609,201,511,134772,670.51,670.51,730,1583,216,114,400
3501004,SP,202609,1137,2992,777543,684.46,683.85,3412,7806,1297,581,1534
3501103,SP,202609,297,736,201480,680.68,678.38,759,1686,314,102,343
3501152,SP,202609,544,1489,366373,678.47,673.48,1534,3900,514,339,681
3501202,SP,202609,174,477,115992,666.62,666.62,923,1948,204,166,553
3501301,SP,202609,2046,5137,1381869,676.39,675.4,4354,10277,1916,866,1572
3501400,SP,202609,317,823,213829,685.35,674.54,798,1887,289,138,371
3501509,SP,202609,207,588,140349,678.01,678.01,585,1494,188,103,294
3501608,SP,202609,6236,16572,4161784,673.86,667.38,17233,40610,5719,3642,7872
3501707,SP,202609,1622,4107,1105527,685.81,681.58,4472,10140,1839,920,1713
3501806,SP,202609,290,761,196206,678.91,676.57,1107,2343,370,175,562
3501905,SP,202609,1726,4540,1086134,639.28,629.28,6040,15323,1575,1512,2953
3502002,SP,202609,251,735,177319,712.12,706.45,762,1865,286,159,317
3502101,SP,202609,3825,8835,2572731,672.79,672.61,10159,20631,3893,1387,4879
3502200,SP,202609,1530,4166,1033888,677.96,675.74,4102,10309,1320,1019,1763
3502309,SP,202609,747,1851,511034,685.95,684.12,1677,3522,752,251,674
3502408,SP,202609,139,411,87306,646.71,628.1,809,2068,102,218,489
3502507,SP,202609,1531,4153,1006898,666.38,657.67,5171,11889,1426,1393,2352
3502606,SP,202609,212,537,134004,632.09,632.09,1018,2318,184,200,634
3502705,SP,202609,2405,6232,1578131,660.58,656.19,5419,12877,2220,1151,2048
3502754,SP,202609,2085,5452,1389245,675.37,666.3,4595,10798,1949,883,1763
3502804,SP,202609,8790,21971,5874822,675.11,668.35,25870,54754,8771,4849,12250
3502903,SP,202609,1326,3785,870968,659.82,656.84,3751,9428,1076,1076,1599
3503000,SP,202609,338,851,229232,688.38,678.2,1104,2329,395,163,546
3503109,SP,202609,395,1192,273900,693.42,693.42,1298,3384,343,312,643
3503158,SP,202609,238,627,164660,694.77,691.85,907,1916,299,138,470
3503208,SP,202609,8372,21932,5548315,674.16,662.72,25090,57588,8977,5215,10898
3503307,SP,202609,5940,14969,4058976,685.99,683.33,16046,35571,7021,2626,6399
3503356,SP,202609,142,419,97694,692.87,687.99,419,1052,116,96,207
3503406,SP,202609,626,1618,421169,682.61,672.79,1701,3976,634,287,780
3503505,SP,202609,394,1071,279503,709.4,709.4,937,2082,478,149,310
3503604,SP,202609,668,1735,448408,677.35,671.27,1809,4117,727,451,631
3503703,SP,202609,251,616,168601,685.37,671.72,957,2213,297,185,475
3503802,SP,202609,2266,6058,1505395,665.22,664.34,6529,16014,2022,1480,3027
3503901,SP,202609,6605,17347,4448222,676.84,673.46,16624,37409,6709,3020,6895
3503950,SP,202609,86,255,57016,662.98,662.98,461,1086,94,95,272
3504008,SP,202609,4537,11229,2970606,665.31,654.75,13097,29840,4242,2775,6080
3504107,SP,202609,4207,12259,2769982,674.62,658.42,14232,35951,3751,4154,6327
3504206,SP,202609,412,1143,260496,636.91,632.27,1898,4301,373,533,992
3504305,SP,202609,454,1175,314772,694.86,693.33,1071,2447,447,218,406
3504404,SP,202609,1127,2873,750849,672.8,666.24,2644,6138,1092,481,1071
3504503,SP,202609,4248,12031,2938063,697.88,691.63,10840,27315,3835,2597,4408
3504602,SP,202609,1016,2917,693898,691.13,682.97,3956,9375,1143,853,1960
3504701,SP,202609,150,377,97862,652.41,652.41,351,732,147,54,150
3504800,SP,202609,263,764,151649,576.61,576.61,1065,2530,162,447,456
3504909,SP,202609,803,2056,547691,682.06,682.06,2788,5986,1074,511,1203
3505005,SP,202609,271,759,182078,684.5,671.87,806,1927,239,211,356
3505104,SP,202609,623,1613,417860,671.8,670.72,1520,3410,589,283,648
3505203,SP,202609,1716,4474,1196783,701.1,697.43,4069,9839,1641,793,1635
3505302,SP,202609,1585,3973,1072272,677.8,676.51,4143,9385,1665,723,1755
3505351,SP,202609,905,2453,575388,640.74,635.79,1775,4287,764,449,562
3505401,SP,202609,1070,2608,744189,696.81,695.5,2343,4923,1165,373,805
3505500,SP,202609,4408,11237,2872367,663.52,651.63,14461,32358,4537,3036,6888
3505609,SP,202609,2543,6706,1771340,701.24,696.56,6714,14853,3120,1085,2509
3505708,SP,202609,14971,42079,10150630,678.16,678.02,48259,116197,16681,12043,19535
3505807,SP,202609,678,1737,437499,655.92,645.28,3302,7798,588,620,2094
3505906,SP,202609,2737,7282,1877628,693.11,686.02,7713,17783,3155,1333,3225
3506003,SP,202609,14980,40330,10035869,684.15,669.95,46473,108327,14006,9745,22722
3506102,SP,202609,3293,8882,2249133,693.75,683.0,9477,22957,3431,1779,4267
3506201,SP,202609,170,447,114765,679.08,675.09,527,1231,170,72,285
3506300,SP,202609,786,2017,523130,673.27,665.56,2220,4891,826,385,1009
3506359,SP,202609,5952,15616,4094377,695.26,687.9,15971,34421,7556,2604,5811
3506409,SP,202609,217,609,139765,647.06,644.08,1144,2790,181,266,697
3506508,SP,202609,3901,10312,2578940,667.08,661.1,11351,27162,3447,2731,5173
3506607,SP,202609,3027,7734,1995652,667.0,659.28,6626,15104,2731,1331,2564
3506706,SP,202609,801,2169,521551,671.24,651.12,2336,5682,697,558,1081
3506805,SP,202609,719,1927,502983,704.46,699.56,1806,4154,830,288,688
3506904,SP,202609,677,1848,443838,656.57,655.6,2180,5062,639,483,1058
3507001,SP,202609,3441,8953,2385173,694.17,693.16,8115,18392,3515,1551,3049
3507100,SP,202609,1609,4258,1084110,677.99,673.78,4354,10121,1720,932,1702
3507159,SP,202609,527,1415,353642,677.48,671.05,1097,2673,490,217,390
3507209,SP,202609,56,125,38472,687.0,687.0,218,476,62,23,133
3507308,SP,202609,254,687,164138,686.77,646.21,815,2122,236,180,399
3507407,SP,202609,559,1531,349144,630.22,624.59,2044,5008,467,551,1026
3507456,SP,202609,233,661,153949,675.21,660.73,789,1939,203,150,436
3507506,SP,202609,6662,17427,4378538,667.66,657.24,17211,41366,6093,4180,6938
3507605,SP,202609,7080,18955,4547929,664.8,642.36,23132,53653,6862,5405,10865
3507704,SP,202609,471,1311,308363,674.75,654.7,1071,2661,417,215,439
3507753,SP,202609,239,608,151150,632.43,632.43,906,1971,206,184,516
3507803,SP,202609,1101,3225,753612,695.21,684.48,3413,7916,1114,891,1408
3507902,SP,202609,523,1536,366557,710.38,700.87,2104,5112,475,606,1023
3508009,SP,202609,3246,8462,2228863,702.23,686.65,5480,13083,3229,862,1389
3508108,SP,202609,1378,3452,912948,666.87,662.52,3633,7925,1311,749,1573
3508207,SP,202609,306,763,205946,673.03,673.03,1164,2525,390,169,605
3508306,SP,202609,326,888,208338,649.03,639.07,1139,2784,287,239,613
3508405,SP,202609,1984,5450,1358803,696.11,684.88,4941,12647,1753,1129,2059
3508504,SP,202609,4129,11316,2763876,669.38,669.38,11086,27395,3774,2979,4333
3508603,SP,202609,2252,6003,1541614,687.91,684.55,5163,11961,2454,973,1736
3508702,SP,202609,908,2792,610192,674.25,672.02,3089,8019,822,866,1401
3508801,SP,202609,1179,2928,796107,681.6,675.24,2796,6273,1128,537,1131
3508900,SP,202609,177,442,114396,649.98,646.31,615,1433,168,107,340
3509007,SP,202609,3957,10535,2661817,678.52,672.69,12821,29291,4606,2371,5844
3509106,SP,202609,440,1096,284909,653.46,647.52,1132,2446,455,177,500
3509205,SP,202609,5842,16226,4024743,694.64,688.93,15818,38611,6368,3140,6310
3509254,SP,202609,2671,6781,1804462,678.11,675.58,6168,14243,2533,1241,2394
3509304,SP,202609,480,1349,332363,692.42,692.42,1914,4460,504,328,1082
3509403,SP,202609,1384,3566,916781,667.72,662.41,3728,8052,1491,771,1466
3509452,SP,202609,481,1249,298606,644.94,620.8,1399,3395,429,336,634
3509502,SP,202609,55252,143096,36997521,676.12,669.61,147083,332178,55569,28313,63201
3509601,SP,202609,4348,11609,2958764,686.49,680.49,11553,26681,4478,2188,4887
3509700,SP,202609,1356,3833,884534,670.1,652.31,5146,12969,1243,1390,2513
3509809,SP,202609,534,1392,364683,690.69,682.93,981,2276,497,174,310
3509908,SP,202609,1498,4083,1034908,694.57,690.86,3188,7254,1540,548,1100
3509957,SP,202609,530,1576,380458,717.85,717.85,1206,3130,560,242,404
3510005,SP,202609,912,2526,594933,661.77,652.34,4143,10759,791,1128,2224
3510104,SP,202609,139,403,90867,678.11,653.72,721,1699,124,104,493
3510153,SP,202609,483,1408,327585,698.48,678.23,1329,3636,427,321,581
3510203,SP,202609,3703,9849,2411860,657.9,651.33,9651,23401,3271,2283,4097
3510302,SP,202609,1656,4700,1136446,695.5,686.26,4117,10601,1523,1017,1577
3510401,SP,202609,2723,6613,1842576,683.96,676.67,7670,16116,3476,1167,3027
3510500,SP,202609,8502,23302,5762501,684.46,677.78,27259,61164,10486,5926,10847
3510609,SP,202609,21354,56789,14289504,677.58,669.17,63761,142625,26049,12214,25498
3510708,SP,202609,328,947,202520,617.44,617.44,2160,4878,247,564,1349
3510807,SP,202609,1306,3517,881539,681.78,674.99,3785,8296,1354,874,1557
3510906,SP,202609,141,377,92976,659.4,659.4,505,1198,154,110,241
3511003,SP,202609,1390,3570,926408,669.37,666.48,4495,10515,1328,867,2300
3511102,SP,202609,2676,7310,1785054,673.61,667.06,8861,21125,2703,2087,4071
3511201,SP,202609,229,587,149095,651.07,651.07,990,2382,202,209,579
3511300,SP,202609,219,700,148798,698.58,679.44,1830,4803,197,425,1208
3511409,SP,202609,689,2067,431519,639.29,626.3,2731,6906,485,1014,1232
3511508,SP,202609,335,1066,201472,608.68,601.41,2619,7176,211,1050,1358
3511607,SP,202609,492,1403,299845,613.18,609.44,2335,6071,369,870,1096
3511706,SP,202609,867,2295,607489,708.86,700.68,2372,5342,1064,425,883
3511904,SP,202609,360,990,243093,675.26,675.26,1235,3076,307,341,587
3512001,SP,202609,551,1450,384312,697.48,697.48,1837,4558,521,409,907
3512100,SP,202609,562,1510,381123,681.79,678.15,1734,3926,600,295,839
3512209,SP,202609,1942,5399,1338242,698.09,689.11,5067,11947,2089,998,1980
3512308,SP,202609,1038,2616,695983,674.4,670.5,3037,6661,1105,517,1415
3512407,SP,202609,448,1149,291362,662.19,650.36,2945,7202,440,723,1782
3512506,SP,202609,309,859,203959,664.36,660.06,1213,3047,279,261,673
3512605,SP,202609,352,883,227419,653.5,646.08,952,2173,341,227,384
3512704,SP,202609,186,478,123557,667.88,664.28,591,1385,211,117,263
3512803,SP,202609,1643,4492,1091351,669.95,664.24,5469,13274,1500,1408,2561
3512902,SP,202609,597,1562,410031,686.82,686.82,1887,3993,785,257,845
3513009,SP,202609,10446,29662,7126590,691.9,682.23,36518,85875,12225,8470,15823
3513108,SP,202609,1779,4456,1183155,669.96,665.07,5345,11707,1973,927,2445
3513207,SP,202609,265,785,177223,668.77,668.77,1167,3011,244,360,563
3513306,SP,202609,114,315,71637,639.62,628.39,450,1051,117,79,254
3513405,SP,202609,4515,11435,3007289,673.98,666.07,10711,24516,4880,2210,3621
3513504,SP,202609,7565,18800,5082324,678.28,671.82,20349,44711,8751,3247,8351
3513603,SP,202609,1891,5102,1182369,633.3,625.26,4736,11170,1743,1489,1504
3513702,SP,202609,646,1735,411887,655.87,637.6,2917,7296,571,740,1606
3513801,SP,202609,24351,60749,15939404,661.41,654.57,61045,132705,23514,10955,26576
3513850,SP,202609,72,185,43757,616.3,607.74,477,1124,69,63,345
3513900,SP,202609,766,2197,531901,694.39,694.39,1832,4306,783,353,696
3514007,SP,202609,550,1531,375379,685.0,682.51,1756,4290,636,335,785
3514106,SP,202609,1420,3757,967176,682.55,681.11,3811,9262,1266,897,1648
3514205,SP,202609,196,572,139589,712.19,712.19,729,1574,212,111,406
3514304,SP,202609,454,1179,293802,657.28,647.14,1205,2866,422,279,504
3514403,SP,202609,1464,3854,984224,679.24,672.28,5235,11832,1560,1099,2576
3514502,SP,202609,643,1685,432471,679.99,672.58,2221,5205,616,479,1126
3514601,SP,202609,521,1460,369374,710.33,708.97,1384,3286,596,229,559
3514700,SP,202609,643,1619,430257,670.18,669.14,1533,3513,617,296,620
3514809,SP,202609,1420,3810,952176,670.55,670.55,3130,7767,1260,748,1122
3514908,SP,202609,1256,3559,869243,694.28,692.07,3046,7545,1415,546,1085
3514924,SP,202609,174,446,115935,670.14,666.29,394,927,203,66,125
3514957,SP,202609,98,268,66709,694.89,680.7,357,868,108,53,196
3515004,SP,202609,19347,49973,13058229,681.0,674.95,61446,131175,26192,10573,24681
3515103,SP,202609,5466,14391,3752678,694.3,686.55,17638,38253,7268,2879,7491
3515129,SP,202609,156,439,102513,657.13,657.13,571,1388,139,128,304
3515152,SP,202609,964,2671,634793,666.8,658.5,3726,8814,1141,911,1674
3515186,SP,202609,707,1957,458037,652.47,647.86,2267,5789,589,662,1016
3515194,SP,202609,191,521,121664,654.11,636.98,917,2318,145,197,575
3515202,SP,202609,278,777,183516,660.13,660.13,1249,2866,246,251,752
3515301,SP,202609,110,274,70869,656.19,644.26,411,922,110,59,242
3515350,SP,202609,785,1957,530488,676.64,675.78,2129,4789,781,374,974
3515400,SP,202609,1250,3239,843699,677.13,674.96,3902,8315,1384,729,1789
3515509,SP,202609,2670,7158,1784111,674.52,668.21,9492,21278,3040,2019,4433
3515608,SP,202609,237,689,162391,688.1,685.19,892,2149,235,218,439
3515657,SP,202609,131,362,90259,694.3,689.0,347,863,133,61,153
3515707,SP,202609,15052,37874,10149648,679.82,674.31,33306,75133,14891,5969,12446
3515806,SP,202609,57,147,36198,635.05,635.05,307,695,50,63,194
3515905,SP,202609,101,276,71061,703.57,703.57,350,779,96,64,190
3516002,SP,202609,672,1680,439975,660.62,654.72,1717,3910,639,305,773
3516101,SP,202609,280,710,192004,693.16,685.73,735,1632,309,115,311
3516200,SP,202609,11739,32693,8146955,694.6,694.01,36629,86623,12496,9313,14820
3516309,SP,202609,13449,36367,9249693,695.57,687.76,39145,87647,17463,6667,15015
3516408,SP,202609,9606,25034,6483580,678.7,674.95,27904,62865,11675,4956,11273
3516507,SP,202609,91,278,59762,656.73,656.73,498,1242,72,95,331
3516606,SP,202609,224,597,144967,661.95,647.17,785,1982,189,259,337
3516705,SP,202609,2423,6565,1636074,682.55,675.23,7615,19301,2362,1349,3904
3516804,SP,202609,136,385,94148,692.26,692.26,595,1509,132,141,322
3516853,SP,202609,164,449,104601,641.72,637.81,763,1850,136,167,460
3516903,SP,202609,339,968,225097,665.97,664.0,1379,3221,298,362,719
3517000,SP,202609,664,1666,438746,665.78,660.76,1633,3588,698,290,645
3517109,SP,202609,393,990,261671,670.95,665.83,1020,2317,396,183,441
3517208,SP,202609,655,1809,439740,690.33,671.36,1939,4691,620,400,919
3517307,SP,202609,517,1343,351790,681.76,680.44,1298,2876,563,207,528
3517406,SP,202609,1560,3850,1023440,661.56,656.05,4256,9503,1806,898,1552
3517505,SP,202609,744,2094,499829,673.62,671.81,2813,6735,755,555,1503
3517604,SP,202609,1415,3906,915949,649.15,647.31,3972,9831,1264,1149,1559
3517703,SP,202609,1162,2977,777424,671.93,669.04,2896,6758,1300,583,1013
3517802,SP,202609,446,1093,305255,685.97,684.43,1624,3519,487,249,888
3517901,SP,202609,613,1663,394779,659.06,644.01,2296,5091,592,494,1210
3518008,SP,202609,83,215,52003,626.54,626.54,453,1017,80,92,281
3518107,SP,202609,652,1701,457469,705.97,701.64,1510,3491,667,233,610
3518206,SP,202609,1538,3930,1035380,676.28,673.2,4566,10531,1453,896,2217
3518305,SP,202609,2899,7213,1957970,679.61,675.39,7261,15399,3207,1089,2965
3518404,SP,202609,5313,15202,3695120,700.1,695.49,13393,33254,5745,2805,4843
3518503,SP,202609,593,1662,401709,677.42,677.42,1921,4923,523,492,906
3518602,SP,202609,1539,4386,1049314,688.98,681.82,3891,9957,1424,996,1471
3518701,SP,202609,16493,43060,11043387,680.3,669.58,46684,104931,21290,9174,16220
3518800,SP,202609,108766,274420,72843694,678.75,669.73,247574,542128,109590,40098,97886
3518859,SP,202609,516,1417,356339,694.62,690.58,1302,2901,564,212,526
3518909,SP,202609,223,641,164731,742.03,738.7,1119,2472,272,220,627
3519006,SP,202609,692,1855,464986,674.87,671.95,1695,3977,654,348,693
3519055,SP,202609,263,719,172111,664.52,654.41,887,2245,273,209,405
3519071,SP,202609,12002,31728,7892310,662.5,657.58,31248,74448,11336,6734,13178
3519105,SP,202609,863,2114,562048,657.37,651.27,2475,5403,918,420,1137
3519204,SP,202609,445,1136,286943,656.62,644.82,1277,2974,382,306,589
3519253,SP,202609,544,1465,374470,688.36,688.36,1455,3486,544,241,670
3519303,SP,202609,2577,6626,1741462,677.88,675.77,6267,14295,2872,1136,2259
3519402,SP,202609,463,1263,313898,683.87,677.97,1419,3390,398,350,671
3519501,SP,202609,753,1801,496919,659.92,659.92,1775,3767,727,342,706
3519600,SP,202609,2434,6240,1589119,658.84,652.88,7246,16469,2233,1979,3034
3519709,SP,202609,6813,18551,4491518,671.68,659.26,15546,36489,6615,3365,5566
3519808,SP,202609,354,967,234207,661.6,661.6,1485,3255,415,285,785
3519907,SP,202609,633,1504,415284,665.52,656.06,1716,3780,617,302,797
3520004,SP,202609,1885,4503,1263488,673.86,670.29,3757,8529,1768,639,1350
3520103,SP,202609,983,2631,636711,663.93,647.72,3422,7736,953,901,1568
3520202,SP,202609,791,2170,534288,678.03,675.46,2143,5029,788,490,865
3520301,SP,202609,4112,9801,2727551,667.86,663.31,8198,17742,4091,1347,2760
3520400,SP,202609,1832,4968,1211584,673.48,661.34,6308,14313,2182,1430,2696
3520426,SP,202609,2083,5076,1379210,662.76,662.13,5808,11843,2265,869,2674
3520442,SP,202609,550,1503,365037,663.7,663.7,2942,7287,520,662,1760
3520509,SP,202609,4580,12490,2983303,662.66,651.38,19160,46250,3872,5355,9933
3520608,SP,202609,458,1131,308573,675.21,673.74,1065,2430,442,191,432
3520707,SP,202609,255,616,171007,670.62,670.62,975,1996,266,138,571
3520806,SP,202609,120,338,76352,641.61,636.27,525,1239,105,94,326
3520905,SP,202609,869,2356,585692,682.62,673.98,1983,5053,820,476,687
3521002,SP,202609,2583,7003,1772097,690.34,686.06,6028,14713,2411,1210,2407
3521101,SP,202609,311,839,197029,654.58,633.53,996,2522,283,218,495
3521150,SP,202609,227,635,149625,665.0,659.14,563,1372,202,151,210
3521200,SP,202609,501,1293,334140,668.28,666.95,1183,2828,520,215,448
3521309,SP,202609,704,1885,482215,689.86,684.96,2577,6425,825,510,1242
3521408,SP,202609,526,1407,351955,670.39,669.12,2018,4923,517,468,1033
3521507,SP,202609,431,1229,297120,695.83,689.37,1230,2921,493,282,455
3521606,SP,202609,325,837,217074,672.06,667.92,1178,2765,311,222,645
3521705,SP,202609,1345,3585,860947,643.46,640.11,3847,9518,1214,1018,1615
3521804,SP,202609,1755,4663,1213629,698.29,691.53,4088,9916,1679,819,1590
3521903,SP,202609,739,2091,528080,715.56,714.59,2054,5103,749,480,825
3522000,SP,202609,154,464,106527,691.73,691.73,482,1334,131,120,231
3522109,SP,202609,11066,27983,7280790,662.01,657.94,27018,58264,11618,5547,9853
3522158,SP,202609,427,1089,272752,638.76,638.76,928,2182,377,181,370
3522208,SP,202609,13338,34870,8927817,678.46,669.35,39734,86241,15809,7533,16392
3522307,SP,202609,8061,22168,5291433,671.08,656.42,22604,55292,7242,6151,9211
3522406,SP,202609,6649,18133,4388057,669.93,659.96,15003,37318,5924,3480,5599
3522505,SP,202609,14813,42917,9728275,679.87,656.74,41373,103855,15054,9591,16728
3522604,SP,202609,2033,5218,1324600,659.33,651.55,6381,15083,1837,1518,3026
3522653,SP,202609,636,1857,425968,674.0,669.76,1101,2978,546,286,269
3522703,SP,202609,1192,3288,791476,663.99,663.99,3390,8432,1068,905,1417
3522802,SP,202609,1376,3405,895154,654.83,650.55,3071,6765,1251,656,1164
3522901,SP,202609,682,1734,457535,685.96,670.87,2085,4893,687,425,973
3523008,SP,202609,405,994,269173,664.62,664.62,1271,2865,375,192,704
3523107,SP,202609,38043,101045,26083656,693.57,685.64,85141,191293,38619,15217,31305
3523206,SP,202609,4388,10396,2884392,662.62,657.34,9435,21557,4057,1930,3448
3523305,SP,202609,1769,4350,1202061,684.54,679.51,3676,7986,1779,610,1287
3523404,SP,202609,3971,10331,2567103,653.71,646.46,12003,28782,3489,2799,5715
3523503,SP,202609,1150,3154,775388,682.56,674.25,3035,7902,1073,655,1307
3523602,SP,202609,780,2090,545414,703.76,699.25,2164,4870,789,412,963
3523701,SP,202609,593,1671,403383,690.72,680.24,1269,3111,617,250,402
3523800,SP,202609,353,931,242316,688.4,686.45,1594,3193,620,327,647
3523909,SP,202609,7904,21037,5303184,684.28,670.95,22645,51127,7729,4136,10780
3524006,SP,202609,2234,6176,1512017,682.93,676.82,6853,17562,2004,1521,3328
3524105,SP,202609,1696,4359,1112177,661.62,655.76,4818,10973,1520,1187,2111
3524204,SP,202609,516,1226,343405,666.81,665.51,1418,3030,553,212,653
3524303,SP,202609,3744,9358,2483010,673.45,663.2,10906,23764,4216,2136,4554
3524402,SP,202609,7785,21491,5133729,666.46,659.44,26540,63061,7499,7310,11731
3524501,SP,202609,272,734,181527,667.38,667.38,1026,2403,255,208,563
3524600,SP,202609,1240,3545,834786,675.94,673.21,3175,8103,1079,875,1221
3524709,SP,202609,1413,3791,911831,648.53,645.32,4023,9729,1245,1050,1728
3524808,SP,202609,1593,3982,1035042,653.44,649.74,6178,13334,1475,1277,3426
3524907,SP,202609,345,1004,234422,693.56,679.48,1779,3476,996,288,495
3525003,SP,202609,3558,9820,2475757,698.58,695.83,16517,37912,5644,3289,7584
3525102,SP,202609,2338,6458,1630996,705.45,697.6,6575,15559,2699,1273,2603
3525201,SP,202609,1360,3818,913321,673.54,671.56,3531,8759,1220,923,1388
3525300,SP,202609,4477,11947,3007071,679.72,671.67,14044,33841,4149,3252,6643
3525409,SP,202609,259,735,185500,718.99,716.22,876,2097,317,171,388
3525508,SP,202609,484,1390,331108,689.81,684.11,1938,4622,573,523,842
3525607,SP,202609,315,821,206407,676.74,655.26,838,1958,332,162,344
3525706,SP,202609,693,1996,448154,648.56,646.69,3432,8263,554,1221,1657
3525805,SP,202609,476,1194,331672,696.79,696.79,1028,2348,466,146,416
3525854,SP,202609,88,287,52149,613.52,592.6,458,1245,68,108,282
3525904,SP,202609,8201,22229,5574108,692.18,679.69,19441,46075,8411,4175,6855
3526001,SP,202609,954,2552,616220,655.55,645.93,2558,6288,819,616,1123
3526100,SP,202609,1712,4356,1168981,684.42,682.82,3957,8815,1677,886,1394
3526209,SP,202609,2664,7122,1778785,669.98,667.71,7660,16975,2950,1709,3001
3526308,SP,202609,337,876,228079,678.81,676.79,1052,2245,403,227,422
3526407,SP,202609,1691,4336,1150051,684.96,680.1,4414,10315,1741,810,1863
3526506,SP,202609,231,602,150031,649.48,649.48,717,1764,219,171,327
3526605,SP,202609,572,1598,397464,694.87,694.87,1372,3573,623,306,443
3526704,SP,202609,4699,12525,3202201,689.09,681.46,14451,33733,5259,2821,6371
3526803,SP,202609,1640,4373,1064686,651.58,649.2,4437,11416,1387,1082,1968
3526902,SP,202609,13188,34655,8752480,671.82,663.67,34664,80491,13796,6765,14103
3527009,SP,202609,334,875,216563,668.4,648.39,1142,2709,318,238,586
3527108,SP,202609,3103,7836,2049253,673.43,660.41,7913,17930,2859,1707,3347
3527207,SP,202609,5076,13094,3365347,666.41,662.99,14415,31158,6349,2892,5174
3527256,SP,202609,143,390,91228,642.45,637.96,534,1182,129,97,308
3527306,SP,202609,1659,4430,1105681,669.3,666.47,3475,9302,1486,883,1106
3527405,SP,202609,874,2298,551686,638.53,631.22,2963,6665,806,730,1427
3527504,SP,202609,172,412,117942,693.78,685.71,558,1238,170,89,299
3527603,SP,202609,711,1992,475368,678.13,668.59,1807,4551,618,449,740
3527702,SP,202609,556,1414,383823,691.57,690.33,1313,2951,526,226,561
3527801,SP,202609,212,587,134061,647.64,632.36,871,2316,180,183,508
3527900,SP,202609,189,479,125624,668.21,664.68,611,1495,189,101,321
3528007,SP,202609,418,1202,281024,673.92,672.31,1982,5309,415,480,1087
3528106,SP,202609,475,1202,314796,662.73,662.73,1479,3240,469,273,737
3528205,SP,202609,140,432,92880,663.43,663.43,526,1373,121,151,254
3528304,SP,202609,104,265,64516,626.37,620.35,559,1341,89,137,333
3528403,SP,202609,2631,7096,1778825,681.28,676.1,5931,14282,2518,1310,2103
3528502,SP,202609,7886,19648,5261242,674.6,667.16,18720,40222,7738,2892,8090
3528601,SP,202609,500,1351,337586,698.94,675.17,1557,3783,474,339,744
3528700,SP,202609,278,715,181634,653.36,653.36,947,2244,252,194,501
3528809,SP,202609,727,1805,490217,679.91,674.3,2340,5009,846,373,1121
3528858,SP,202609,170,472,106886,663.89,628.74,471,1139,171,98,202
3528908,SP,202609,325,687,212567,660.15,654.05,838,1678,346,102,390
3529005,SP,202609,7947,21243,5262477,676.24,662.2,24462,57976,7191,5976,11295
3529104,SP,202609,85,231,53682,631.55,631.55,420,1027,69,115,236
3529203,SP,202609,1564,4088,1058192,682.26,676.59,4061,9029,1623,645,1793
3529302,SP,202609,3034,7815,1938487,661.37,638.92,7382,17692,2924,1932,2526
3529401,SP,202609,19816,52014,13219187,674.52,667.1,42999,101999,18673,10101,14225
3529500,SP,202609,198,579,138889,705.02,701.46,799,2067,219,176,404
3529609,SP,202609,179,540,120786,682.41,674.78,867,2125,184,204,479
3529658,SP,202609,88,280,55748,640.78,633.5,349,906,69,97,183
3529708,SP,202609,1932,4359,1305362,675.65,675.65,4866,9180,2665,570,1631
3529807,SP,202609,670,1819,417201,629.26,622.69,2045,4875,550,491,1004
3529906,SP,202609,2384,6342,1638651,689.96,687.35,5212,12168,2335,991,1886
3530003,SP,202609,112,329,75031,669.92,669.92,679,1562,129,148,402
3530102,SP,202609,1090,2848,727894,670.87,667.79,3682,8304,1099,714,1869
3530201,SP,202609,989,2772,660652,676.2,668.0,4155,9596,982,790,2383
3530300,SP,202609,1704,4697,1152416,683.12,676.3,6392,14992,1531,1754,3107
3530409,SP,202609,315,836,217210,689.56,689.56,943,2088,373,184,386
3530508,SP,202609,2487,6778,1719711,693.71,691.48,7387,17699,2705,1590,3092
3530607,SP,202609,31964,83774,21816586,688.83,682.54,68726,155152,33374,11739,23613
3530706,SP,202609,5251,13961,3486572,670.49,663.98,15640,38442,4899,3679,7062
3530805,SP,202609,2412,6391,1557642,662.83,645.79,7963,18745,2389,1862,3712
3530904,SP,202609,266,760,184108,692.14,692.14,741,1923,239,169,333
3531001,SP,202609,71,205,48018,676.31,676.31,443,996,79,65,299
3531100,SP,202609,4854,13120,3351889,692.68,690.54,12662,27995,5981,2553,4128
3531209,SP,202609,227,640,156514,689.49,689.49,714,1648,260,156,298
3531308,SP,202609,1195,3156,805045,679.94,673.68,4650,10372,1383,829,2438
3531407,SP,202609,1179,2859,765994,650.25,649.7,4082,8956,1075,921,2086
3531506,SP,202609,712,1908,494613,702.58,694.68,2475,5421,939,393,1143
3531605,SP,202609,233,652,158004,681.05,678.13,819,1968,229,145,445
3531704,SP,202609,370,1006,255249,699.31,689.86,1068,2385,494,162,412
3531803,SP,202609,4800,12674,3229307,677.15,672.77,13437,31277,4653,2895,5889
3531902,SP,202609,1625,4079,1098229,679.18,675.83,4747,10693,1947,878,1922
3532009,SP,202609,659,1855,451073,688.66,684.48,1886,4801,689,437,760
3532058,SP,202609,201,531,131351,656.76,653.49,588,1469,196,116,276
3532108,SP,202609,298,763,199334,668.91,668.91,927,1959,315,133,479
3532157,SP,202609,151,385,97066,642.82,642.82,488,1122,152,96,240
3532207,SP,202609,338,938,239497,710.67,708.57,1005,2485,370,199,436
3532306,SP,202609,370,1162,264317,716.31,714.37,1173,2936,421,348,404
3532405,SP,202609,1344,3744,873920,653.64,650.24,3185,7803,1220,849,1116
3532504,SP,202609,459,1214,317900,692.59,692.59,1609,3286,641,239,729
3532603,SP,202609,386,1092,262960,681.24,681.24,1798,3731,422,291,1085
3532702,SP,202609,368,970,252111,690.72,685.08,1084,2522,406,196,482
3532801,SP,202609,295,838,192936,660.74,654.02,1037,2475,317,275,445
3532827,SP,202609,991,2705,661379,668.74,667.39,2273,5901,874,596,803
3532843,SP,202609,80,210,47729,604.16,596.61,434,1019,68,82,284
3532868,SP,202609,40,126,26329,658.23,658.22,186,483,32,51,103
3532900,SP,202609,308,808,194927,645.45,632.88,1511,3766,272,318,921
3533007,SP,202609,787,2179,497626,640.45,632.31,2836,7028,657,757,1422
3533106,SP,202609,186,458,121879,662.39,655.26,491,1085,180,69,242
3533205,SP,202609,291,803,203234,705.67,698.4,924,2246,267,179,478
3533254,SP,202609,294,838,201690,693.09,686.02,889,2292,276,174,439
3533304,SP,202609,177,434,115062,668.97,650.07,873,1824,234,137,502
3533403,SP,202609,1916,5193,1306773,685.61,682.03,5249,12658,1878,1049,2322
3533502,SP,202609,1167,3193,669643,589.47,573.82,5897,13248,836,1985,3076
3533601,SP,202609,330,931,229112,709.33,694.28,844,2121,376,167,301
3533700,SP,202609,379,1062,250586,679.09,661.18,827,2118,339,200,288
3533809,SP,202609,185,508,127444,696.42,688.89,527,1223,188,86,253
3533908,SP,202609,2610,6880,1778377,683.99,681.37,9879,21326,3100,1623,5156
3534005,SP,202609,211,588,145137,687.85,687.85,732,1868,234,169,329
3534104,SP,202609,298,730,204027,689.28,684.65,741,1661,318,111,312
3534203,SP,202609,172,459,118374,688.22,688.22,718,1753,248,160,310
3534302,SP,202609,1136,3085,759764,676.55,668.81,3017,7418,1080,719,1218
3534401,SP,202609,35612,99805,24240037,684.88,680.67,110474,261735,41395,21964,47115
3534500,SP,202609,96,258,59794,629.41,622.85,489,1179,91,125,273
3534609,SP,202609,740,2058,459621,629.62,621.11,3791,9537,582,1093,2116
3534708,SP,202609,5115,12986,3452141,683.59,674.91,13349,30628,4862,2611,5876
3534757,SP,202609,424,1064,274611,650.74,647.67,1400,3290,404,350,646
3534807,SP,202609,982,2337,664450,682.19,676.63,1976,4261,956,319,701
3534906,SP,202609,600,1457,393065,667.34,655.11,1420,3033,610,221,589
3535002,SP,202609,548,1509,363837,663.94,663.94,1691,3961,570,391,730
3535101,SP,202609,376,988,248734,665.06,661.53,1368,3432,381,285,702
3535200,SP,202609,256,741,157295,614.43,614.43,1210,2927,172,346,692
3535309,SP,202609,1542,3676,1023462,667.62,663.72,3231,7128,1525,515,1191
3535408,SP,202609,1443,3777,978141,687.38,677.85,3095,7174,1392,540,1163
3535507,SP,202609,3370,7955,2241777,672.2,665.22,7723,17395,3217,1311,3195
3535606,SP,202609,1031,2930,681396,664.13,660.91,2899,7133,953,847,1099
3535705,SP,202609,149,449,95730,664.79,642.48,831,2057,127,178,526
3535804,SP,202609,987,2828,597015,608.58,604.88,2614,6912,628,937,1049
3535903,SP,202609,306,881,214756,701.82,701.82,879,2065,383,174,322
3536000,SP,202609,566,1576,372662,664.28,658.41,2021,4845,488,527,1006
3536109,SP,202609,357,973,237849,666.24,666.24,1309,3197,329,328,652
3536208,SP,202609,1212,3287,821410,687.95,677.73,3791,8936,1161,969,1661
3536257,SP,202609,184,488,123252,669.85,669.85,810,1844,171,136,503
3536307,SP,202609,925,2586,649575,703.76,702.24,2387,5989,988,465,934
3536406,SP,202609,811,2099,554145,691.82,683.29,1897,4455,778,309,810
3536505,SP,202609,3807,10200,2553743,675.95,670.8,9482,23163,3938,2048,3496
3536570,SP,202609,136,393,97130,719.48,714.19,395,1007,137,96,162
3536604,SP,202609,545,1347,351363,656.75,644.7,1606,3251,627,285,694
3536703,SP,202609,2009,5312,1356354,678.52,675.14,6311,15140,1820,1494,2997
3536802,SP,202609,303,843,199620,678.98,658.81,1014,2440,427,208,379
3536901,SP,202609,76,232,49802,664.03,655.29,592,1489,77,111,404
3537008,SP,202609,1034,2692,693449,677.2,670.65,2953,6701,974,708,1271
3537107,SP,202609,1669,3988,1097899,662.58,657.82,4658,10202,1682,987,1989
3537156,SP,202609,116,324,77308,666.45,666.45,524,1264,106,88,330
3537206,SP,202609,1045,2813,706810,682.91,676.37,2338,5479,998,453,887
3537305,SP,202609,3509,9122,2392384,684.91,681.79,7979,18675,3365,1560,3054
3537404,SP,202609,1344,3360,910513,678.98,677.47,3501,7980,1346,693,1462
3537503,SP,202609,265,794,167923,638.49,633.67,1319,3522,187,417,715
3537602,SP,202609,6775,17583,4534433,679.11,669.29,19883,39964,8699,3994,7190
3537701,SP,202609,120,411,87790,737.73,731.58,857,2272,100,283,474
3537800,SP,202609,4869,12316,3256802,674.01,668.89,9281,22253,4596,1850,2835
3537909,SP,202609,836,2421,556408,668.76,665.56,3345,9013,777,1210,1358
3538006,SP,202609,9849,27259,6743532,690.23,684.69,24515,58716,10337,5190,8988
3538105,SP,202609,466,1251,310607,666.54,666.54,1708,4091,444,383,881
3538204,SP,202609,633,1759,429849,681.22,679.07,2539,5794,676,556,1307
3538303,SP,202609,277,752,191451,691.16,691.16,694,1627,263,137,294
3538501,SP,202609,685,1814,462448,678.08,675.11,2028,4707,832,439,757
3538600,SP,202609,1228,3427,786020,640.08,640.08,3694,9037,1003,1100,1591
3538709,SP,202609,12761,34426,8617210,682.71,675.28,36765,89677,12407,8909,15449
3538808,SP,202609,1664,4437,1115082,679.93,670.12,3656,9012,1594,865,1197
3538907,SP,202609,1649,3613,1075322,658.9,652.11,4312,8270,1727,569,2016
3539004,SP,202609,254,711,171967,682.41,677.04,939,2241,322,226,391
3539103,SP,202609,1572,4307,1091785,695.85,694.52,4094,9529,1874,720,1500
3539202,SP,202609,662,1831,433785,660.25,655.26,2381,5830,569,728,1084
3539301,SP,202609,2485,6651,1685451,687.1,678.25,7406,17888,2409,1817,3180
3539400,SP,202609,508,1403,324909,640.85,639.58,1931,4870,458,479,994
3539509,SP,202609,1510,4173,982291,651.39,650.52,4467,11244,1264,1286,1917
3539608,SP,202609,187,536,117752,646.99,629.69,926,2255,146,284,496
3539707,SP,202609,299,744,194969,654.26,652.07,779,1708,289,153,337
3539806,SP,202609,10310,25849,6953554,678.59,674.45,23959,52446,10955,3620,9384
3539905,SP,202609,369,965,241889,655.53,655.53,1157,2553,359,225,573
3540002,SP,202609,599,1613,391773,655.14,654.05,3093,7094,611,641,1841
3540101,SP,202609,240,625,159655,665.23,665.23,615,1413,219,104,292
3540200,SP,202609,1712,4231,1103434,658.77,644.53,5561,12709,1924,1399,2238
3540259,SP,202609,247,727,166593,679.97,674.47,925,2400,222,218,485
3540309,SP,202609,127,342,86137,678.24,678.24,755,1521,159,102,494
3540408,SP,202609,252,664,160974,638.79,638.79,852,1851,258,156,438
3540507,SP,202609,475,1401,329280,694.68,693.22,1611,4022,457,448,706
3540606,SP,202609,2739,6990,1860690,684.33,679.33,6866,16213,2658,1261,2947
3540705,SP,202609,1519,3810,1011587,668.16,665.96,4836,11340,1502,1285,2049
3540754,SP,202609,1610,4436,1101136,699.58,683.94,3761,9101,1587,843,1331
3540804,SP,202609,638,1799,397372,635.8,622.84,2537,6119,563,643,1331
3540853,SP,202609,199,420,128544,649.21,645.95,502,927,215,72,215
3540903,SP,202609,981,2588,653310,668.69,665.96,2283,5409,1004,438,841
3541000,SP,202609,15076,41575,10283707,690.65,682.12,42059,99922,17453,9272,15334
3541059,SP,202609,540,1482,378254,700.47,700.47,1281,3267,484,257,540
3541109,SP,202609,255,678,171521,672.63,672.63,743,1717,247,136,360
3541208,SP,202609,595,1557,388700,657.7,653.28,2072,4803,527,390,1155
3541307,SP,202609,2401,6439,1601629,672.95,667.07,8449,19329,2453,1686,4310
3541406,SP,202609,9345,24342,6256710,674.8,669.52,26714,61275,9397,5593,11724
3541505,SP,202609,1101,2878,690486,628.29,627.14,3594,8102,904,1018,1672
3541604,SP,202609,1854,4820,1246200,673.99,672.17,3908,9695,1646,888,1374
3541653,SP,202609,387,1092,265761,688.5,686.72,854,2188,350,177,327
3541703,SP,202609,926,2413,623157,673.68,672.96,2579,6199,858,522,1199
3541802,SP,202609,126,344,75631,609.93,600.25,781,1833,96,182,503
3541901,SP,202609,666,1753,456815,689.01,685.91,1957,4617,775,394,788
3542008,SP,202609,456,1174,302990,670.33,664.45,1219,2811,432,254,533
3542107,SP,202609,473,1252,314196,674.24,664.26,1270,2985,457,247,566
3542206,SP,202609,1346,3605,898679,667.67,667.67,4201,10022,1190,1056,1955
3542305,SP,202609,393,1062,257013,664.12,653.98,1024,2348,406,251,367
3542404,SP,202609,789,2080,520970,660.29,660.29,2387,6010,706,555,1126
3542503,SP,202609,289,767,193913,680.4,670.98,927,2084,277,195,455
3542602,SP,202609,4919,12757,3302951,678.64,671.47,12732,27720,5311,2587,4834
3542701,SP,202609,485,1407,345181,714.66,711.71,1438,3626,531,287,620
3542800,SP,202609,473,1157,312223,661.49,660.09,892,2046,453,136,303
3542909,SP,202609,562,1669,371555,674.33,661.13,1450,3886,501,385,564
3543006,SP,202609,2640,6992,1783377,675.78,675.52,4845,12183,2423,1211,1211
3543105,SP,202609,426,1218,293290,696.65,688.47,1098,2648,537,217,344
3543204,SP,202609,356,885,229622,650.49,645.01,1048,2320,342,198,508
3543238,SP,202609,180,409,117533,652.96,652.96,548,1157,168,91,289
3543253,SP,202609,319,973,196255,635.13,615.22,1608,4549,241,473,894
3543303,SP,202609,4726,11735,3076153,653.94,650.9,12421,27871,4545,2380,5496
3543402,SP,202609,21959,58382,14775092,690.23,672.85,67100,150236,24634,13342,29124
3543501,SP,202609,690,1801,448281,662.16,649.68,1593,3724,666,361,566
3543600,SP,202609,233,629,153655,668.07,659.46,834,1847,266,182,386
3543709,SP,202609,464,1323,320268,693.22,690.23,1168,2921,445,259,464
3543808,SP,202609,117,329,62909,551.83,537.68,521,1336,70,218,233
3543907,SP,202609,6621,16532,4330063,667.09,653.99,21407,45482,7022,4160,10225
3544004,SP,202609,487,1541,319508,669.83,656.07,2010,5725,388,682,940
3544103,SP,202609,3569,9011,2385706,670.14,668.45,9110,19930,3707,1711,3692
3544202,SP,202609,549,1452,343406,630.1,625.51,1657,4005,423,500,734
3544251,SP,202609,1603,3794,1060375,662.73,661.49,4117,8810,1584,646,1887
3544301,SP,202609,784,2125,538580,696.74,686.96,2343,5367,900,444,999
3544400,SP,202609,215,565,145404,679.46,676.3,696,1711,203,121,372
3544509,SP,202609,161,481,113073,702.32,702.32,871,2007,196,175,500
3544608,SP,202609,271,745,180563,676.27,666.28,888,2202,247,222,419
3544707,SP,202609,137,365,89827,655.67,655.67,505,1249,132,92,281
3544806,SP,202609,500,1247,323751,655.37,647.5,1730,3625,530,322,878
3544905,SP,202609,367,1049,246838,679.99,672.58,1001,2692,327,252,422
3545001,SP,202609,1223,3377,830929,683.33,679.42,3330,7813,1186,785,1359
3545100,SP,202609,272,749,179704,673.05,660.68,881,2226,247,189,445
3545159,SP,202609,106,310,68466,658.33,645.91,587,1579,89,174,324
3545209,SP,202609,4399,11644,2892240,675.91,657.48,11868,28489,3972,2533,5363
3545308,SP,202609,3120,8033,2047121,667.47,656.13,8011,18604,3076,1517,3418
3545407,SP,202609,413,1142,256767,630.88,621.71,1527,3610,339,454,734
3545506,SP,202609,363,969,240962,663.81,663.81,1278,2767,413,242,623
3545605,SP,202609,659,1770,455672,699.96,691.46,2939,6585,778,410,1751
3545704,SP,202609,82,231,51060,630.37,622.68,712,1578,65,186,461
3545803,SP,202609,3998,10975,2701037,684.5,675.6,11167,27714,3548,2566,5053
3546009,SP,202609,893,2526,591150,665.71,661.98,2721,6685,820,659,1242
3546108,SP,202609,127,379,90812,726.5,715.06,638,1535,150,110,378
3546207,SP,202609,195,585,133492,688.1,684.57,629,1636,195,118,316
3546256,SP,202609,79,210,48640,623.59,615.7,398,1007,76,82,240
3546306,SP,202609,1337,3497,904508,684.71,676.52,3932,9594,1561,915,1456
3546405,SP,202609,1844,4956,1202500,669.54,652.11,4793,11638,1625,1278,1890
3546504,SP,202609,340,885,234545,698.05,689.84,991,2230,428,142,421
3546603,SP,202609,810,2264,522506,653.95,645.07,3111,7393,687,943,1481
3546702,SP,202609,382,1021,247795,653.81,648.68,1528,3929,357,444,727
3546801,SP,202609,3817,9902,2541394,675.36,665.81,8375,19078,3670,1572,3133
3546900,SP,202609,228,653,164564,724.95,721.77,676,1865,257,155,264
3547007,SP,202609,369,1014,256483,695.08,695.08,1139,2634,391,237,511
3547106,SP,202609,202,516,136538,675.93,675.93,694,1652,196,136,362
3547205,SP,202609,70,197,47675,690.94,681.07,390,862,65,67,258
3547304,SP,202609,5443,15846,3656542,675.26,671.79,17508,44080,5918,4053,7537
3547403,SP,202609,43,134,28560,664.19,664.19,311,729,43,56,212
3547502,SP,202609,900,2326,602978,679.03,669.98,2927,6989,893,644,1390
3547601,SP,202609,892,2350,576386,657.22,646.17,3171,7317,890,745,1536
3547650,SP,202609,53,160,39352,742.49,742.49,344,859,59,48,237
3547700,SP,202609,1183,2972,774373,655.69,654.58,3042,6825,1089,655,1298
3547809,SP,202609,35666,87985,23668721,671.02,663.62,88858,192532,39166,13445,36247
3547908,SP,202609,478,1407,325095,681.54,680.12,1246,3131,523,257,466
3548005,SP,202609,1216,3253,818879,677.88,673.42,3474,8272,1102,834,1538
3548054,SP,202609,578,1484,383479,663.46,663.46,1781,4120,564,325,892
3548104,SP,202609,214,687,159134,747.11,743.62,587,1616,218,151,218
3548203,SP,202609,313,902,202127,645.77,645.77,1233,3202,287,430,516
3548302,SP,202609,190,468,125585,660.97,660.97,679,1465,176,116,387
3548401,SP,202609,283,729,184280,655.8,651.17,785,1905,248,174,363
3548500,SP,202609,13301,31762,8864708,670.05,666.47,35363,75182,15480,6135,13748
3548609,SP,202609,545,1493,361024,663.65,662.43,2159,4987,575,534,1050
3548708,SP,202609,35570,89419,23036955,659.05,647.65,95817,211276,35048,18026,42743
3548807,SP,202609,2247,5752,1391461,623.69,619.25,9115,21513,2037,1961,5117
3548906,SP,202609,9512,24986,6413658,686.47,674.27,29668,65213,11468,5730,12470
3549003,SP,202609,107,311,62894,587.79,587.79,467,1146,66,151,250
3549102,SP,202609,2185,5917,1457157,675.55,666.89,7891,18822,2028,1866,3997
3549201,SP,202609,75,223,51108,681.44,681.44,564,1422,71,101,392
3549250,SP,202609,50,151,29960,599.2,599.2,288,762,40,80,168
3549300,SP,202609,121,290,76820,634.88,634.88,480,1063,107,70,303
3549409,SP,202609,1569,4397,1090947,697.54,695.31,4622,11814,1747,1064,1811
3549508,SP,202609,717,1823,484275,691.82,675.42,1820,3940,837,317,666
3549607,SP,202609,336,926,227128,675.98,675.98,979,2331,291,261,427
3549706,SP,202609,2442,6657,1679621,691.77,687.81,6044,14101,2509,1196,2339
3549805,SP,202609,16798,43106,11431189,685.94,680.51,52437,113533,19080,9234,24123
3549904,SP,202609,35234,88704,23427415,670.66,664.91,105345,235616,38319,19479,47547
3549953,SP,202609,1421,3360,949635,672.55,668.29,4086,7859,1882,539,1665
3550001,SP,202609,622,1736,411623,663.91,661.77,1891,4390,646,479,766
3550100,SP,202609,1881,4755,1267991,677.71,674.1,6151,14103,1756,1128,3267
3550209,SP,202609,1381,4068,913820,666.54,661.71,4031,10770,1155,1401,1475
3550308,SP,202609,664474,1652769,434317761,664.09,653.63,1819188,3947623,688045,386670,744473
3550407,SP,202609,1816,4917,1221154,683.35,672.44,5061,10831,1985,915,2161
3550506,SP,202609,331,946,196226,607.51,592.83,1308,3195,231,504,573
3550605,SP,202609,3232,8839,2139471,667.96,661.97,9444,23107,2820,2318,4306
3550704,SP,202609,5529,14089,3717186,677.08,672.31,16201,35655,7222,3258,5721
3550803,SP,202609,219,706,138641,641.86,633.06,1233,3158,158,427,648
3550902,SP,202609,650,1759,433767,676.7,667.33,1899,4496,733,366,800
3551009,SP,202609,21213,57050,14697889,702.54,692.87,52706,117895,26473,8704,17529
3551108,SP,202609,285,890,185979,671.4,652.56,1672,4166,232,529,911
3551207,SP,202609,282,743,181506,662.43,643.64,947,2203,276,206,465
3551306,SP,202609,246,639,168971,686.87,686.87,994,2180,257,123,614
3551405,SP,202609,1050,2489,697463,664.88,664.25,2362,4841,1136,380,846
3551504,SP,202609,2568,6761,1756514,691.0,684.0,7109,16170,3028,1355,2726
3551603,SP,202609,833,2337,548381,678.69,658.32,3705,8501,918,948,1839
3551702,SP,202609,5798,15242,3930176,689.38,677.85,17204,38180,6998,3222,6984
3551801,SP,202609,1657,4436,1129386,681.58,681.58,3613,8362,1505,782,1326
3551900,SP,202609,863,2510,616827,718.08,714.75,2740,6523,1010,505,1225
3552007,SP,202609,510,1487,353776,708.97,693.68,1458,3567,668,300,490
3552106,SP,202609,1353,3759,917943,689.66,678.45,4348,10008,1686,813,1849
3552205,SP,202609,32231,84154,21751467,683.51,674.86,85139,194323,33919,16263,34957
3552304,SP,202609,351,941,235871,673.92,672.0,1647,3814,349,240,1058
3552403,SP,202609,13590,35496,9105149,674.16,669.99,32725,76593,12769,6225,13731
3552502,SP,202609,25817,66381,17421372,679.17,674.8,57974,135634,24618,11344,22012
3552551,SP,202609,218,548,144966,664.98,664.98,1026,2219,229,137,660
3552601,SP,202609,591,1577,395676,671.78,669.5,1768,4120,594,310,864
3552700,SP,202609,571,1639,386785,705.81,677.38,1852,4714,573,437,842
3552809,SP,202609,12878,33132,8482066,666.04,658.65,44886,99624,15906,8706,20274
3552908,SP,202609,461,1219,303103,658.92,657.49,1540,3617,424,282,834
3553005,SP,202609,678,1916,408534,619.93,602.56,1749,4521,489,713,547
3553104,SP,202609,375,1028,262249,714.57,699.33,933,2310,403,161,369
3553203,SP,202609,197,542,125285,642.49,635.96,699,1679,187,190,322
3553302,SP,202609,1446,3761,1002287,697.97,693.14,3788,8596,1652,678,1458
3553401,SP,202609,1371,3752,922245,674.65,672.68,4594,10607,1265,1199,2130
3553500,SP,202609,735,2090,497097,680.02,676.32,1785,4476,656,458,671
3553609,SP,202609,573,1553,393964,687.55,687.55,1678,4075,586,339,753
3553658,SP,202609,77,198,48202,626.0,626.0,454,969,82,69,303
3553708,SP,202609,2880,7728,1955136,680.28,678.87,7677,17549,2827,1686,3164
3553807,SP,202609,1156,2964,745974,647.55,645.31,3542,8898,974,1056,1512
3553856,SP,202609,782,2059,522744,672.77,668.47,1700,4214,717,426,557
3553906,SP,202609,361,912,241122,671.65,667.93,870,2052,331,215,324
3553955,SP,202609,656,1920,436503,666.42,665.4,2002,5342,559,465,978
3554003,SP,202609,6157,16148,4082378,673.22,663.05,15078,37370,5596,3537,5945
3554102,SP,202609,10879,30451,7463888,692.32,686.08,31942,78164,11681,7438,12823
3554201,SP,202609,280,918,184226,682.32,657.95,715,2024,221,241,253
3554300,SP,202609,1805,4757,1224474,685.6,678.38,4766,10845,1805,911,2050
3554409,SP,202609,219,608,144132,670.38,658.14,872,2048,223,186,463
3554508,SP,202609,1292,3363,854662,663.56,661.5,4859,11559,1210,1039,2610
3554607,SP,202609,245,649,158036,669.64,645.04,682,1501,233,126,323
3554656,SP,202609,213,592,139780,665.62,656.24,554,1364,193,144,217
3554706,SP,202609,345,969,223771,656.22,648.61,1530,3473,294,329,907
3554755,SP,202609,150,393,101305,684.49,675.37,412,991,164,64,184
3554805,SP,202609,2245,6295,1530200,690.52,681.6,5566,13790,2236,1222,2108
3554904,SP,202609,256,807,182343,723.58,712.28,1094,2740,278,228,588
3554953,SP,202609,355,1010,244065,687.51,687.51,1272,3010,399,268,605
3555000,SP,202609,2835,7295,1860746,669.09,656.35,10026,22711,2779,1886,5361
3555109,SP,202609,566,1514,379003,669.62,669.62,2082,4592,590,373,1119
3555208,SP,202609,92,264,62978,684.54,684.54,461,994,79,101,281
3555307,SP,202609,73,206,49911,683.71,683.71,415,870,108,55,252
3555356,SP,202609,240,664,153047,645.77,637.7,802,1976,206,242,354
3555406,SP,202609,7669,19793,5157164,676.79,672.47,19247,42310,9254,3437,6556
3555505,SP,202609,459,1326,314597,699.1,685.4,991,2682,433,203,355
3555604,SP,202609,201,590,118515,589.63,589.63,1530,3642,123,530,877
3555703,SP,202609,104,318,78013,750.13,750.12,424,1017,118,90,216
3555802,SP,202609,171,522,105862,619.08,619.08,1455,3302,114,363,978
3555901,SP,202609,57,164,39085,685.7,685.7,192,464,66,40,86
3556008,SP,202609,375,1033,247491,679.92,659.98,1501,3485,414,474,613
3556107,SP,202609,590,1588,368974,636.16,625.38,2361,5630,510,544,1307
3556206,SP,202609,2918,7324,1925269,662.74,659.79,7575,17028,2828,1492,3255
3556305,SP,202609,1584,4018,1087025,692.37,686.25,3583,8307,1544,635,1404
3556354,SP,202609,410,1214,280418,685.62,683.95,1443,3689,383,361,699
3556404,SP,202609,1409,4340,1018809,727.72,723.07,5076,12828,1592,1251,2233
3556453,SP,202609,1321,3813,883252,676.82,668.62,5039,12070,1437,1242,2360
3556503,SP,202609,5016,12897,3359930,674.01,669.84,12059,28580,4616,2469,4974
3556602,SP,202609,394,1062,274132,701.1,695.77,1577,3892,383,324,870
3556701,SP,202609,2091,5208,1346025,644.03,643.72,6806,16010,1869,1508,3429
3556800,SP,202609,418,1311,293136,702.96,701.28,2462,6058,369,603,1490
3556909,SP,202609,247,754,181419,746.58,734.49,1006,2652,338,237,431
3556958,SP,202609,48,136,30231,629.81,629.81,355,865,50,94,211
3557006,SP,202609,5836,15579,3831177,673.32,656.47,13635,33752,5302,3252,5081
3557105,SP,202609,3669,9368,2465748,682.47,672.05,12785,29105,4069,2369,6347
3557154,SP,202609,133,389,95240,716.09,716.09,611,1560,143,121,347
3557204,SP,202609,690,1885,452718,680.78,656.11,1836,4550,641,423,772
3557303,SP,202609,498,1393,343158,706.09,689.07,1447,3504,564,296,587
4100103,PR,202609,420,1168,274459,655.03,653.47,1475,3736,360,422,693
4100202,PR,202609,500,1377,332428,666.19,664.86,1589,3886,448,403,738
4100301,PR,202609,976,2783,675485,694.94,692.1,2347,5737,883,614,850
4100400,PR,202609,6668,18921,4576728,695.66,686.37,21648,53821,6315,5662,9671
4100459,PR,202609,262,702,168606,643.53,643.53,933,2273,229,235,469
4100509,PR,202609,631,1783,421767,669.47,668.41,2699,6466,545,703,1451
4100608,PR,202609,971,2735,660997,684.97,680.74,2643,6581,849,644,1150
4100707,PR,202609,689,1853,477035,695.39,692.36,2345,5498,654,489,1202
4100806,PR,202609,720,1919,491251,683.24,682.29,2085,4675,783,384,918
4100905,PR,202609,444,1243,310090,698.4,698.4,1349,3015,408,358,583
4101002,PR,202609,184,552,111911,611.54,608.21,2688,6473,123,1006,1559
4101051,PR,202609,189,484,126867,671.25,671.25,792,1794,193,145,454
4101101,PR,202609,1632,4097,1100439,674.7,674.29,4123,9100,1594,756,1773
4101150,PR,202609,153,411,103142,674.13,674.13,603,1417,164,170,269
4101200,PR,202609,2193,5521,1465337,672.17,668.19,4889,10654,2301,854,1734
4101309,PR,202609,933,2309,615538,661.16,659.74,1829,4038,902,360,567
4101408,PR,202609,5972,15753,3976183,671.65,665.8,22143,49904,5437,5113,11593
4101507,PR,202609,4368,11413,2865676,663.81,656.06,17920,40136,3757,4064,10099
4101606,PR,202609,1175,3382,807232,687.01,687.01,3672,9638,996,1106,1570
4101655,PR,202609,267,722,170942,640.23,640.23,761,1861,223,198,340
4101705,PR,202609,692,1890,481629,704.14,696.0,3762,8857,851,861,2050
4101804,PR,202609,7745,20756,5068345,661.32,654.4,23934,60172,6913,5806,11215
4101853,PR,202609,137,395,89770,655.26,655.26,547,1380,126,148,273
4101903,PR,202609,652,1702,434623,671.75,666.6,2775,6461,631,815,1329
4102000,PR,202609,1447,3975,964859,670.04,666.8,7359,16076,1389,1653,4317
4102109,PR,202609,892,2428,579501,655.54,649.66,3751,8861,766,1048,1937
4102208,PR,202609,197,533,135183,689.71,686.21,1030,2379,212,165,653
4102307,PR,202609,823,2187,564011,689.5,685.31,2796,6624,863,546,1387
4102406,PR,202609,1280,3869,846606,679.46,661.41,5656,14270,1125,1600,2931
4102505,PR,202609,786,2065,518457,665.54,659.61,2648,5987,808,624,1216
4102604,PR,202609,636,1790,423407,672.07,665.73,2208,5325,630,466,1112
4102703,PR,202609,206,548,131258,643.42,637.17,659,1546,187,121,351
4102752,PR,202609,217,643,147564,680.02,680.02,748,1853,196,168,384
4102802,PR,202609,828,2283,536987,653.27,648.54,2803,6899,709,689,1405
4102901,PR,202609,1451,4095,973060,675.74,670.61,4207,10374,1285,1010,1912
4103008,PR,202609,296,767,193900,657.29,655.07,896,2030,273,207,416
4103024,PR,202609,66,218,44724,688.06,677.64,385,1043,74,89,222
4103040,PR,202609,712,1880,492985,694.35,692.39,1819,4233,722,421,676
4103057,PR,202609,896,2471,613426,686.16,684.63,2220,5256,812,403,1005
4103107,PR,202609,1570,4302,1097055,699.65,698.76,3760,8926,1532,805,1423
4103156,PR,202609,207,606,137383,663.69,663.69,918,2204,206,210,502
4103206,PR,202609,197,570,132141,670.77,670.77,1111,2940,167,341,603
4103222,PR,202609,110,304,74168,674.25,674.25,638,1581,97,122,419
4103305,PR,202609,436,1092,281985,651.24,646.75,1631,3708,415,358,858
4103354,PR,202609,244,706,159266,652.73,652.73,1040,2613,209,320,511
4103370,PR,202609,217,567,137655,637.29,634.35,931,2221,197,244,490
4103404,PR,202609,122,324,73533,607.71,602.73,487,1279,96,137,254
4103453,PR,202609,979,2777,629654,648.46,643.16,3893,9593,747,898,2248
4103479,PR,202609,180,539,110910,619.61,616.17,977,2354,140,297,540
4103503,PR,202609,640,1646,414089,660.43,647.01,1885,4284,589,405,891
4103602,PR,202609,1416,3891,941443,672.46,664.86,4773,11228,1371,1148,2254
4103701,PR,202609,5239,13316,3498564,670.87,667.79,18194,43437,4912,3519,9763
4103800,PR,202609,420,1127,268405,640.58,639.06,2072,4861,374,592,1106
4103909,PR,202609,1076,3023,742875,699.51,690.4,3665,8338,1126,766,1773
4103958,PR,202609,369,1158,254346,693.04,689.28,1096,2948,315,333,448
4104006,PR,202609,3531,9447,2387737,682.8,676.22,9411,22403,3505,1900,4006
4104055,PR,202609,252,691,178337,713.35,707.69,951,2134,273,198,480
4104105,PR,202609,1062,2895,732114,704.63,689.37,2223,5256,1111,403,709
4104204,PR,202609,5996,16181,4020181,674.19,670.48,18639,44244,5907,4261,8471
4104253,PR,202609,1603,4556,1121723,710.4,699.76,5625,13522,1920,1205,2500
4104303,PR,202609,5045,13402,3395846,676.19,673.11,18089,39923,5074,3889,9126
4104402,PR,202609,1685,4366,1146858,681.03,680.63,3351,7993,1658,618,1075
4104428,PR,202609,854,2518,557577,656.75,652.9,3448,8878,697,1216,1535
4104451,PR,202609,424,1484,273984,658.62,646.19,2808,7354,288,995,1525
4104501,PR,202609,609,1806,436128,722.07,716.14,2902,6185,770,572,1560
4104600,PR,202609,1262,3164,873538,696.05,692.19,3849,8232,1305,597,1947
4104659,PR,202609,1140,3257,790450,707.02,693.38,3846,9981,1017,947,1882
4104709,PR,202609,939,3166,676663,720.62,720.62,3356,8501,751,1146,1459
4104808,PR,202609,11460,31904,7633363,673.08,666.09,53304,120881,10110,12488,30706
4104907,PR,202609,5444,14410,3657179,674.63,671.78,14166,34869,4854,2967,6345
4105003,PR,202609,348,1085,233235,674.09,670.22,2110,5394,309,550,1251
4105102,PR,202609,650,1702,425878,659.25,655.2,2308,5202,607,550,1151
4105201,PR,202609,2211,6287,1489977,684.73,673.89,4077,10616,2071,952,1054
4105300,PR,202609,143,432,96506,679.62,674.87,1782,4190,139,316,1327
4105409,PR,202609,1227,3291,837594,686.55,682.64,3296,7821,1119,639,1538
4105508,PR,202609,2258,6278,1439144,643.62,637.35,10044,24760,1861,2589,5594
4105607,PR,202609,355,988,229631,656.09,646.85,1528,3814,278,489,761
4105706,PR,202609,667,2158,456417,686.34,684.28,3416,8197,502,1131,1783
4105805,PR,202609,12865,34207,8700501,680.84,676.29,37617,89693,12113,9277,16227
4105904,PR,202609,391,1093,243800,634.9,623.53,2213,5546,312,683,1218
4106001,PR,202609,940,2426,632683,673.07,673.07,2534,5510,951,529,1054
4106100,PR,202609,222,615,146845,664.46,661.46,799,1935,218,207,374
4106209,PR,202609,1301,3634,886563,684.08,681.45,3755,9274,1253,929,1573
4106308,PR,202609,344,1003,204294,599.1,593.88,3044,7330,233,908,1903
4106407,PR,202609,1457,3969,981722,678.92,673.8,5928,13447,1566,1483,2879
4106456,PR,202609,696,2038,482067,693.62,692.62,1756,4107,602,416,738
4106506,PR,202609,910,2553,605812,668.67,665.73,3574,8556,864,791,1919
4106555,PR,202609,234,613,149322,640.87,638.13,1029,2320,216,229,584
4106571,PR,202609,218,584,150246,689.2,689.2,772,1917,220,158,394
4106605,PR,202609,801,2166,519688,654.52,648.8,4328,10117,756,949,2623
4106704,PR,202609,214,633,150562,703.56,703.56,1043,2652,192,197,654
4106803,PR,202609,1181,3329,796354,674.3,674.3,3229,8399,1070,824,1335
4106852,PR,202609,211,587,138909,658.34,658.34,665,1629,185,158,322
4106902,PR,202609,58040,147565,37211649,647.79,641.14,198583,448368,53939,45838,98806
4107009,PR,202609,1291,3285,882944,688.19,683.92,3252,7283,1369,596,1287
4107108,PR,202609,305,829,197433,655.92,647.32,1052,2512,277,189,586
4107124,PR,202609,395,1096,263979,675.14,668.3,1174,2878,382,183,609
4107157,PR,202609,349,1035,233756,673.65,669.79,1138,2869,308,248,582
4107207,PR,202609,888,2626,540746,615.88,608.95,5066,12063,607,1676,2783
4107256,PR,202609,312,892,205372,660.36,658.24,1370,3229,252,333,785
4107306,PR,202609,237,620,159819,674.34,674.34,1275,2903,239,280,756
4107405,PR,202609,371,1044,251730,682.2,678.52,984,2420,357,211,416
4107504,PR,202609,695,1797,455828,658.71,655.87,2452,5340,673,635,1144
4107520,PR,202609,91,248,63515,697.97,697.97,486,1136,90,68,328
4107538,PR,202609,89,288,60603,688.67,680.93,491,1259,81,132,278
4107546,PR,202609,676,1691,467682,694.92,691.84,1613,3331,710,249,654
4107553,PR,202609,202,547,138204,687.58,684.18,611,1468,200,119,292
4107603,PR,202609,1455,4253,1018622,702.98,700.08,4176,10246,1335,1054,1787
4107652,PR,202609,8819,24562,6094854,697.75,691.1,30051,72020,10669,6833,12549
4107702,PR,202609,357,921,235473,670.86,659.59,1240,2783,386,227,627
4107736,PR,202609,732,1941,494902,682.62,676.1,1567,3767,714,265,588
4107751,PR,202609,1004,2212,668425,668.43,665.76,2228,4155,1232,287,709
4107801,PR,202609,158,430,109236,700.23,691.37,629,1468,179,150,300
4107850,PR,202609,240,698,164428,687.98,685.12,1100,2569,246,229,625
4107900,PR,202609,424,1309,313886,749.13,740.3,2200,5939,716,673,811
4108007,PR,202609,1574,3348,1037513,665.07,659.16,3812,7386,1653,472,1687
4108106,PR,202609,150,415,96370,642.47,642.47,533,1309,136,120,277
4108205,PR,202609,205,567,131982,650.16,643.81,1390,3546,181,289,920
4108304,PR,202609,19925,52281,13407305,677.41,672.89,59125,131856,20152,11921,27052
4108320,PR,202609,501,1392,346531,691.68,691.68,1467,3574,445,309,713
4108403,PR,202609,1863,5342,1226783,663.13,658.5,11763,28245,1625,2771,7367
4108452,PR,202609,569,1439,389240,688.92,684.08,1482,3140,593,305,584
4108502,PR,202609,1081,3068,724518,676.49,670.23,2673,6705,874,774,1025
4108551,PR,202609,241,601,152373,632.25,632.25,898,2094,220,191,487
4108601,PR,202609,2236,5496,1482820,670.96,663.16,6189,13264,2376,1048,2765
4108650,PR,202609,709,2147,473250,668.43,667.49,1702,4449,593,525,584
4108700,PR,202609,522,1509,351775,673.9,673.9,1378,3524,469,327,582
4108809,PR,202609,1039,3132,704597,682.09,678.15,6736,16034,908,2131,3697
4108908,PR,202609,489,1373,343968,704.85,703.41,1395,3557,448,364,583
4108957,PR,202609,465,1505,326371,703.39,701.87,1281,3691,413,411,457
4109005,PR,202609,247,729,165304,674.71,669.25,1243,3086,213,318,712
4109104,PR,202609,109,302,72710,667.06,667.06,468,1055,118,94,256
4109203,PR,202609,362,922,249308,692.52,688.7,1162,2582,400,182,580
4109302,PR,202609,323,1042,208984,655.12,647.01,2283,5639,255,788,1240
4109401,PR,202609,12401,34373,8521898,694.36,687.19,34521,83231,11520,7640,15361
4109500,PR,202609,1329,3675,887114,673.59,667.5,2493,6141,1293,507,693
4109609,PR,202609,4407,11384,2913166,668.92,661.03,12504,27849,4202,2962,5340
4109658,PR,202609,334,967,221913,668.41,664.41,1345,3278,309,292,744
4109708,PR,202609,1201,3557,827210,694.55,688.77,5976,14440,1088,1587,3301
4109757,PR,202609,401,1117,242020,609.62,603.54,1849,4379,267,564,1018
4109807,PR,202609,3300,8221,2188830,665.7,663.28,10375,23252,3057,2033,5285
4109906,PR,202609,681,1944,480625,720.58,705.76,2149,4724,757,327,1065
4110003,PR,202609,224,622,149232,672.22,666.21,859,2114,212,219,428
4110052,PR,202609,138,366,92931,673.41,673.41,725,1552,162,131,432
4110078,PR,202609,925,2478,606696,664.51,655.89,2804,6898,826,765,1213
4110102,PR,202609,1820,5201,1240938,686.36,681.83,6611,16952,1539,1684,3388
4110201,PR,202609,1212,3421,878548,726.67,724.87,2906,7022,1344,609,953
4110300,PR,202609,205,566,138819,677.17,677.17,894,2075,235,186,473
4110409,PR,202609,205,543,135738,671.97,662.14,1068,2573,192,227,649
4110508,PR,202609,654,1920,428030,655.48,654.48,2606,7204,554,947,1105
4110607,PR,202609,615,1658,397736,650.96,646.73,3151,7313,592,787,1772
4110656,PR,202609,119,282,72787,616.84,611.66,565,1290,96,128,341
4110706,PR,202609,3885,9981,2648231,686.43,681.66,10480,23330,3986,2020,4474
4110805,PR,202609,735,2006,476664,655.66,648.52,2727,6586,673,630,1424
4110904,PR,202609,183,552,133975,732.1,732.1,938,2435,202,233,503
4110953,PR,202609,375,1194,257804,691.16,687.48,3006,7401,321,724,1961
4111001,PR,202609,414,1128,271367,661.87,655.48,1455,3428,365,369,721
4111100,PR,202609,64,202,45536,711.5,711.5,994,2316,115,207,672
4111209,PR,202609,365,1171,231714,641.87,634.83,2162,5681,287,528,1347
4111258,PR,202609,3111,8656,2203307,713.74,708.23,7268,18117,3406,1485,2377
4111308,PR,202609,236,644,154103,652.98,652.98,919,2198,219,188,512
4111407,PR,202609,990,2948,679637,692.09,686.5,2743,7503,885,856,1002
4111506,PR,202609,848,2174,540110,639.18,636.92,6034,13455,717,1790,3527
4111555,PR,202609,414,1075,280689,679.63,677.99,1383,3212,399,233,751
4111605,PR,202609,66,205,38708,586.48,586.48,639,1249,51,158,430
4111704,PR,202609,464,1327,319589,691.75,688.77,1181,2942,439,251,491
4111803,PR,202609,2760,7388,1878039,686.92,680.45,6763,15765,2697,1384,2682
4111902,PR,202609,799,2246,541161,680.71,677.3,2815,6784,769,662,1384
4112009,PR,202609,2137,5792,1437176,679.19,672.52,6385,15368,1951,1667,2767
4112108,PR,202609,1124,2816,748963,671.11,666.34,4070,9118,1098,770,2202
4112207,PR,202609,325,897,204930,634.46,630.55,1269,2866,306,275,688
4112306,PR,202609,224,625,147959,660.53,660.53,1030,2527,202,342,486
4112405,PR,202609,440,1177,294543,674.01,669.42,1630,3878,428,379,823
4112504,PR,202609,731,2077,477534,655.05,653.26,2722,6651,627,727,1368
4112603,PR,202609,93,268,58225,632.88,626.08,419,1028,70,105,244
4112702,PR,202609,1074,2766,712986,670.1,663.86,2807,6533,978,587,1242
4112751,PR,202609,588,1477,384453,653.83,653.83,2130,4536,613,376,1141
4112801,PR,202609,564,1562,382204,680.08,677.67,2001,4948,540,461,1000
4112900,PR,202609,285,818,189335,666.67,664.33,1010,2461,273,201,536
4112959,PR,202609,457,1262,305522,668.54,668.54,1618,3870,435,393,790
4113007,PR,202609,256,667,173729,681.29,678.63,1231,2872,332,262,637
4113106,PR,202609,400,1021,266721,670.15,666.8,1241,2706,392,226,623
4113205,PR,202609,2482,6370,1636556,667.98,659.37,7644,17346,2437,1636,3571
4113254,PR,202609,916,2558,636160,696.02,694.5,2021,4754,901,418,702
4113304,PR,202609,1273,3632,858384,683.97,674.3,4193,10100,1130,1309,1754
4113403,PR,202609,250,674,167898,671.59,671.59,977,2367,235,205,537
4113429,PR,202609,291,827,192083,662.36,660.08,1337,3052,251,246,840
4113452,PR,202609,603,1678,414848,694.89,687.97,1680,3884,639,257,784
4113502,PR,202609,631,1959,416952,663.94,660.78,3704,9473,479,1051,2174
4113601,PR,202609,234,617,155659,673.85,665.21,777,1879,223,178,376
4113700,PR,202609,27327,70119,18266114,670.66,668.43,77143,173832,26587,15149,35407
4113734,PR,202609,810,1991,555659,691.12,686.0,1860,4022,892,432,536
4113759,PR,202609,269,711,172871,642.64,642.64,1224,2914,245,280,699
4113809,PR,202609,383,980,270015,716.22,705.0,1429,3125,451,212,766
4113908,PR,202609,709,1748,474184,669.75,668.81,1770,4202,699,332,739
4114005,PR,202609,922,2362,621256,675.28,673.81,2904,6514,873,644,1387
4114104,PR,202609,1097,3323,772196,711.05,703.92,4409,11259,1034,1157,2218
4114203,PR,202609,604,1575,391362,649.02,647.95,5077,11961,520,1168,3389
4114302,PR,202609,1882,5021,1296320,690.27,688.8,5673,12835,2027,1193,2453
4114351,PR,202609,87,241,53620,616.32,616.32,548,1390,73,137,338
4114401,PR,202609,1040,2810,661266,637.06,635.83,3938,9078,883,1123,1932
4114500,PR,202609,1234,3333,833562,677.69,675.5,3070,7499,1159,672,1239
4114609,PR,202609,1012,3049,667209,664.55,659.3,5915,14403,869,1474,3572
4114708,PR,202609,499,1287,331637,669.97,664.6,1385,2890,541,235,609
4114807,PR,202609,1638,4632,1097124,669.79,669.79,7464,18045,1415,1864,4185
4114906,PR,202609,760,1968,496410,658.37,653.17,2057,4840,705,501,851
4115002,PR,202609,414,1098,276329,680.61,667.46,1636,3971,418,409,809
4115101,PR,202609,785,2225,574606,732.92,731.98,2827,6453,803,749,1275
4115200,PR,202609,12153,31819,8197440,677.64,674.52,51778,117979,12751,8291,30736
4115309,PR,202609,223,648,158627,714.54,711.33,1119,2685,213,295,611
4115358,PR,202609,60,201,30518,535.4,508.63,657,1851,26,214,417
4115408,PR,202609,1052,2820,718986,690.01,683.45,3274,7425,1060,593,1621
4115457,PR,202609,529,1485,358136,679.57,677.01,1121,2814,517,234,370
4115507,PR,202609,321,800,224767,700.21,700.21,978,2171,352,197,429
4115606,PR,202609,219,787,151092,712.7,689.92,2051,5511,162,600,1289
4115705,PR,202609,3024,8007,1963266,664.16,649.23,10574,22672,2969,2652,4953
4115739,PR,202609,392,1075,257860,659.49,657.81,984,2373,368,204,412
4115754,PR,202609,925,2459,620160,679.26,670.44,2695,6302,879,660,1156
4115804,PR,202609,1186,3381,826954,699.03,697.26,5965,14353,1070,1516,3379
4115853,PR,202609,68,228,46893,689.6,689.6,737,1987,64,148,525
4115903,PR,202609,172,450,115715,672.76,672.76,569,1398,152,121,296
4116000,PR,202609,85,235,55711,655.42,655.42,388,943,72,72,244
4116059,PR,202609,590,1618,401519,685.19,680.54,2032,4504,557,399,1076
4116109,PR,202609,1138,2644,762044,677.98,669.63,3588,7213,1460,417,1711
4116208,PR,202609,1512,4038,1026007,685.38,678.58,3738,8453,1416,928,1394
4116307,PR,202609,277,755,189707,687.34,684.86,1101,2542,329,195,577
4116406,PR,202609,71,197,39479,556.04,556.04,553,1429,45,145,363
4116505,PR,202609,45,132,30849,685.53,685.53,214,594,39,51,124
4116604,PR,202609,332,863,217058,653.79,653.79,985,2319,332,206,447
4116703,PR,202609,525,1424,349515,672.14,665.74,1922,4429,478,363,1081
4116802,PR,202609,576,1558,386067,671.42,670.26,1795,4187,564,368,863
4116901,PR,202609,1484,3863,985527,669.52,664.1,5012,11387,1488,1189,2335
4116950,PR,202609,207,636,142298,687.43,687.43,864,2227,173,201,490
4117008,PR,202609,462,1246,295393,647.79,639.38,1988,4667,405,504,1079
4117057,PR,202609,1890,4641,1272814,674.87,673.45,3721,8203,1850,708,1163
4117107,PR,202609,769,2064,517742,676.79,673.27,2755,6256,815,598,1342
4117206,PR,202609,240,638,156096,650.4,650.4,1052,2595,218,271,563
4117214,PR,202609,339,872,222252,657.55,655.61,1172,2797,306,326,540
4117222,PR,202609,285,835,192186,679.1,674.34,1582,3995,243,294,1045
4117255,PR,202609,429,1325,292313,682.97,681.38,1887,4762,353,446,1088
4117271,PR,202609,360,1039,239838,666.22,666.22,1875,4710,314,640,921
4117297,PR,202609,194,538,127351,656.45,656.45,820,2028,180,166,474
4117305,PR,202609,2352,6608,1567804,669.43,666.58,7106,17528,2061,1938,3107
4117404,PR,202609,82,231,55421,675.87,675.87,503,1222,64,140,299
4117453,PR,202609,286,811,189604,665.28,662.95,1143,2894,247,313,583
4117503,PR,202609,2229,6367,1440291,652.6,646.16,8809,21514,1771,2307,4731
4117602,PR,202609,3202,8759,2122333,668.03,662.81,10441,24026,2676,2814,4951
4117701,PR,202609,1278,3587,866706,681.37,678.17,3984,10408,1171,1205,1608
4117800,PR,202609,1283,3812,883101,690.46,688.31,3579,9137,1149,965,1465
4117909,PR,202609,986,2718,656764,672.23,666.09,4374,9847,993,983,2398
4118006,PR,202609,396,1190,274010,695.46,691.94,1711,4365,396,462,853
4118105,PR,202609,548,1480,371741,685.87,678.36,1857,4481,541,363,953
4118204,PR,202609,11967,30805,8072487,685.62,674.56,25266,58953,11744,4835,8687
4118303,PR,202609,140,370,96198,687.13,687.13,544,1379,144,136,264
4118402,PR,202609,4358,11637,2935915,674.77,673.68,16207,37865,4302,3441,8464
4118451,PR,202609,176,539,116263,660.59,660.59,1014,2445,153,226,635
4118501,PR,202609,2242,6324,1440553,653.31,642.53,11070,26734,1720,3129,6221
4118600,PR,202609,332,903,225991,682.75,680.7,972,2436,328,209,435
4118709,PR,202609,295,847,206294,699.3,699.3,903,2216,342,211,350
4118808,PR,202609,894,2269,612705,685.35,685.35,2990,6700,949,578,1463
4118857,PR,202609,232,719,163845,715.48,706.23,1489,3669,280,353,856
4118907,PR,202609,434,1320,286109,676.38,659.24,2425,5531,402,726,1297
4119004,PR,202609,158,482,95468,604.23,604.23,1216,2864,103,318,795
4119103,PR,202609,515,1508,362866,717.13,704.59,1613,4278,490,400,723
4119152,PR,202609,6418,16566,4258944,667.02,663.59,23136,51416,7116,5045,10975
4119202,PR,202609,725,1978,499790,689.37,689.37,1760,4292,697,341,722
4119251,PR,202609,181,490,119953,666.41,662.72,722,1680,191,176,355
4119301,PR,202609,3016,9220,2155051,718.83,714.54,7369,18782,2757,2168,2444
4119400,PR,202609,1554,4363,1024568,665.3,659.31,4419,11339,1382,1218,1819
4119509,PR,202609,9229,24967,6284481,685.63,680.95,23483,55909,9520,5115,8848
4119608,PR,202609,2618,6771,1710577,655.9,653.39,7302,17351,2320,1835,3147
4119657,PR,202609,220,609,148541,684.52,675.19,690,1737,202,137,351
4119707,PR,202609,314,871,215650,693.41,686.78,1272,2811,345,325,602
4119806,PR,202609,551,1495,353447,643.8,641.46,2334,5161,478,618,1238
4119905,PR,202609,17941,48729,12140690,682.6,676.7,55268,130988,16340,13086,25842
4119954,PR,202609,2437,6621,1651023,686.5,677.48,8380,17920,2577,2092,3711
4120002,PR,202609,804,1978,541662,675.39,673.71,2482,5382,870,369,1243
4120101,PR,202609,191,548,119118,647.38,623.65,915,2469,162,210,543
4120150,PR,202609,236,674,150651,643.81,638.35,601,1502,196,166,239
4120200,PR,202609,153,513,105685,695.3,690.75,656,1795,134,181,341
4120309,PR,202609,342,975,235361,688.19,688.19,884,2166,328,175,381
4120333,PR,202609,282,774,186441,661.14,661.14,988,2372,254,226,508
4120358,PR,202609,234,748,161343,692.46,689.5,958,2415,211,226,521
4120408,PR,202609,206,610,145173,708.16,704.72,1149,2426,318,339,492
4120507,PR,202609,426,1237,287570,686.32,675.05,1960,4618,384,512,1064
4120606,PR,202609,2626,7695,1688122,652.79,642.85,8733,22132,2214,2837,3682
4120655,PR,202609,192,559,127857,665.92,665.92,829,1910,187,197,445
4120705,PR,202609,570,1415,376627,673.75,660.75,1752,3923,553,349,850
4120804,PR,202609,1276,3423,877170,687.98,687.44,3868,9100,1385,783,1700
4120853,PR,202609,35,95,20400,582.86,582.86,410,981,29,87,294
4120903,PR,202609,2743,7618,1822702,667.66,664.49,8390,19006,2470,1941,3979
4121000,PR,202609,584,1817,383528,657.85,656.73,2772,6651,449,837,1486
4121109,PR,202609,279,744,182785,682.03,655.14,1197,2786,297,241,659
4121208,PR,202609,1006,2838,680769,677.38,676.71,3297,8006,956,945,1396
4121257,PR,202609,201,633,134379,675.27,668.55,1094,2814,167,254,673
4121307,PR,202609,257,673,167914,658.49,653.36,1025,2346,241,213,571
4121356,PR,202609,147,389,93358,635.09,635.09,584,1429,124,118,342
4121406,PR,202609,549,1494,366597,667.75,667.75,3121,6803,534,849,1738
4121505,PR,202609,1597,4059,1053180,666.57,659.47,3920,8652,1593,826,1501
4121604,PR,202609,90,315,62543,702.73,694.92,1306,3694,62,285,959
4121703,PR,202609,2620,6996,1715480,658.53,654.76,6268,14991,2323,1685,2260
4121752,PR,202609,459,1383,309817,680.92,674.98,1776,4726,401,561,814
4121802,PR,202609,517,1480,334690,653.69,647.37,2087,5210,411,605,1071
4121901,PR,202609,1008,2768,653122,655.74,647.94,3421,8583,874,872,1675
4122008,PR,202609,421,1264,260243,625.58,618.15,2208,5782,296,745,1167
4122107,PR,202609,215,572,143922,669.4,669.4,799,1891,204,155,440
4122156,PR,202609,1352,3998,878927,654.94,650.09,4899,11442,1106,1195,2598
4122172,PR,202609,638,1590,427122,669.47,669.47,1441,3096,711,213,517
4122206,PR,202609,2488,7129,1727024,696.1,694.14,7838,20702,2305,2096,3437
4122305,PR,202609,1037,2935,700546,678.82,675.55,3494,8877,868,960,1666
4122404,PR,202609,2883,7739,1923140,671.25,667.06,10730,25919,2548,2482,5700
4122503,PR,202609,465,1304,291301,626.45,626.45,2033,5035,360,691,982
4122602,PR,202609,423,1113,282411,674.01,667.64,1737,4064,434,368,935
4122651,PR,202609,553,1500,359971,650.94,650.94,1463,3515,502,299,662
4122701,PR,202609,435,1248,298268,693.65,685.67,1482,3750,421,304,757
4122800,PR,202609,117,329,73330,626.75,626.75,567,1455,97,156,314
4122909,PR,202609,441,1215,305728,693.26,693.26,1163,2768,441,283,439
4123006,PR,202609,722,2039,499990,699.29,692.51,2397,5768,743,582,1072
4123105,PR,202609,154,491,102509,665.64,665.64,671,1894,125,195,351
4123204,PR,202609,204,566,143585,703.85,703.85,887,2082,191,230,466
4123303,PR,202609,582,1600,384643,668.94,660.9,2112,4956,561,477,1074
4123402,PR,202609,231,652,149123,645.55,645.55,1892,4470,197,538,1157
4123501,PR,202609,798,2359,507304,639.73,635.72,3961,9932,596,1003,2362
4123600,PR,202609,120,334,77636,646.97,646.97,380,897,111,79,190
4123709,PR,202609,292,819,184720,636.97,632.6,1952,4598,229,460,1263
4123808,PR,202609,323,998,222731,689.57,689.57,1839,4602,267,639,933
4123824,PR,202609,196,538,135922,697.04,693.48,727,1589,186,142,399
4123857,PR,202609,1149,3154,768407,674.63,668.76,2904,6822,1036,774,1094
4123907,PR,202609,788,2215,510491,653.64,647.83,3018,7175,693,729,1596
4123956,PR,202609,283,786,190851,684.05,674.39,918,2176,272,190,456
4124004,PR,202609,421,1091,285953,679.22,679.22,1283,2934,409,294,580
4124020,PR,202609,670,1963,445642,674.19,665.14,3084,7482,601,792,1691
4124053,PR,202609,1264,3534,845012,670.64,668.52,4774,11892,1125,1059,2590
4124103,PR,202609,3004,8039,2008892,673.67,668.74,8869,21010,2592,2225,4052
4124202,PR,202609,113,322,74786,661.82,661.82,639,1510,103,154,382
4124301,PR,202609,138,407,96123,701.63,696.54,498,1249,127,94,277
4124400,PR,202609,993,2795,657746,663.72,662.38,3642,8910,835,1060,1747
4124509,PR,202609,84,255,55937,673.94,665.92,578,1473,74,155,349
4124608,PR,202609,448,1159,302293,685.47,674.76,1440,3184,448,286,706
4124707,PR,202609,1051,3022,733177,701.6,697.6,2567,6477,1034,635,898
4124806,PR,202609,267,734,172625,648.97,646.54,2076,4776,282,546,1248
4124905,PR,202609,463,1261,308716,669.67,666.77,1491,3552,421,372,698
4125001,PR,202609,737,1944,504406,685.33,684.4,2839,6266,807,573,1459
4125100,PR,202609,531,1640,358582,676.57,675.3,2335,6251,475,820,1040
4125209,PR,202609,237,731,161820,685.68,682.78,1759,4269,232,413,1114
4125308,PR,202609,148,468,94204,636.51,636.51,929,2378,122,261,546
4125357,PR,202609,177,520,124202,705.69,701.71,1227,2985,166,290,771
4125407,PR,202609,311,965,219833,709.14,706.86,1240,3038,273,357,610
4125456,PR,202609,234,654,159666,685.26,682.33,988,2335,219,214,555
4125506,PR,202609,16128,42731,10791137,673.02,669.09,51681,123080,15508,11538,24635
4125555,PR,202609,64,197,42206,659.47,659.47,476,1137,60,87,329
4125605,PR,202609,1221,3676,749232,620.23,613.62,7275,18473,842,2618,3815
4125704,PR,202609,1549,4123,1043741,677.75,673.82,6359,14007,1417,1458,3484
4125753,PR,202609,529,1394,350633,676.9,662.82,1379,3149,508,290,581
4125803,PR,202609,642,1659,433650,676.52,675.47,2036,4568,597,363,1076
4125902,PR,202609,85,233,55577,661.63,653.85,538,1333,91,106,341
4126009,PR,202609,783,1964,507934,653.71,648.7,2121,5028,738,495,888
4126108,PR,202609,229,621,160310,700.04,700.04,992,2362,233,210,549
4126207,PR,202609,634,1681,426443,680.13,672.62,1797,4100,655,363,779
4126256,PR,202609,3476,10137,2347750,688.89,675.42,16734,39968,2950,4203,9581
4126272,PR,202609,361,1008,247777,690.19,686.36,1375,3425,339,305,731
4126306,PR,202609,849,2553,606021,713.81,713.81,3160,8550,754,914,1492
4126355,PR,202609,131,412,90661,697.39,692.07,788,1952,125,198,465
4126405,PR,202609,238,622,155984,655.39,655.39,1219,2982,210,288,721
4126504,PR,202609,750,1936,481222,645.94,641.63,2410,5653,659,654,1097
4126603,PR,202609,1011,2661,682138,680.78,674.72,3952,9314,959,972,2021
4126652,PR,202609,129,337,82782,641.72,641.72,544,1277,119,155,270
4126678,PR,202609,782,2099,532923,682.36,681.49,2182,5112,720,471,991
4126702,PR,202609,190,581,120843,649.69,636.02,1028,2520,147,279,602
4126801,PR,202609,666,1919,467143,703.53,701.42,2916,7078,740,624,1552
4126900,PR,202609,310,875,198380,642.01,639.94,1298,3118,265,342,691
4127007,PR,202609,862,2323,599008,696.52,694.9,2011,4960,850,423,738
4127106,PR,202609,1813,5054,1231403,691.02,679.21,6515,16678,1708,1973,2834
4127205,PR,202609,463,1266,308596,667.96,666.51,1860,4838,419,638,803
4127304,PR,202609,1045,2798,708059,678.87,677.57,3311,7935,1056,718,1537
4127403,PR,202609,669,1983,461025,698.52,689.13,3119,7460,631,799,1689
4127502,PR,202609,1949,5313,1313662,677.15,674.02,4862,11948,1742,1041,2079
4127601,PR,202609,1716,4691,1176671,692.16,685.71,4201,9827,1758,897,1546
4127700,PR,202609,3509,9417,2326255,664.64,662.94,18532,43194,3092,4311,11129
4127809,PR,202609,495,1377,329422,666.85,665.5,1663,4027,460,321,882
4127858,PR,202609,748,1964,473789,636.81,633.41,2677,5813,649,744,1284
4127882,PR,202609,726,2070,508106,701.8,699.87,1698,4324,693,418,587
4127908,PR,202609,401,1107,270532,678.03,674.64,1676,4011,372,412,892
4127957,PR,202609,276,783,182420,673.14,660.94,1387,3259,273,314,800
4127965,PR,202609,1030,2790,665693,649.46,646.3,2995,7696,889,853,1253
4128005,PR,202609,1579,3931,1018952,645.72,645.31,5547,12050,1551,1175,2821
4128104,PR,202609,4650,12534,3081452,670.17,662.68,19631,45041,4508,4313,10810
4128203,PR,202609,2351,6683,1593545,685.99,677.82,7590,18865,1989,2055,3546
4128302,PR,202609,131,358,87805,675.42,670.27,508,1197,132,117,259
4128401,PR,202609,708,1822,450248,639.56,635.94,2058,4636,646,413,999
4128500,PR,202609,1662,4246,1144587,689.51,688.68,4055,9358,1596,754,1705
4128534,PR,202609,797,1892,516474,660.45,648.02,1940,4331,768,449,723
4128559,PR,202609,254,712,163769,644.76,644.76,1800,4339,221,459,1120
4128609,PR,202609,171,469,106305,625.32,621.67,998,2317,144,272,582
4128625,PR,202609,289,854,189190,661.5,654.64,799,1972,243,175,381
4128633,PR,202609,791,2254,509439,644.86,644.04,1593,4231,679,425,489
4128658,PR,202609,165,502,110624,670.45,670.45,872,2246,143,265,464
4128708,PR,202609,474,1414,334959,717.26,706.66,1503,3720,468,326,709
4128807,PR,202609,452,1293,315582,699.74,698.19,1596,3843,431,281,884
4200051,SC,202609,171,544,121924,713.01,713.01,587,1613,186,102,299
4200101,SC,202609,1533,4181,1057049,690.88,689.53,4336,10094,1490,688,2158
4200200,SC,202609,176,557,128225,728.55,728.55,648,1822,187,186,275
4200309,SC,202609,81,277,58453,721.64,721.64,258,795,68,63,127
4200408,SC,202609,71,251,44686,629.38,629.38,813,2272,46,225,542
4200507,SC,202609,227,681,162124,723.77,714.2,1035,2784,238,198,599
4200556,SC,202609,43,160,28809,669.98,669.98,340,1006,33,60,247
4200606,SC,202609,177,528,122145,697.97,690.08,520,1351,168,141,211
4200705,SC,202609,444,1287,299725,678.11,675.06,1126,3099,390,320,416
4200754,SC,202609,23,50,13970,635.0,607.39,127,313,21,26,80
4200804,SC,202609,89,271,58927,662.1,662.1,502,1401,85,146,271
4200903,SC,202609,151,486,97989,648.93,648.93,499,1393,120,144,235
4201000,SC,202609,717,1908,475975,664.77,663.84,1688,4027,674,313,701
4201109,SC,202609,109,349,74050,692.06,679.36,397,1124,109,124,164
4201208,SC,202609,167,537,112668,678.72,674.66,672,1934,160,187,325
4201257,SC,202609,105,337,74633,710.79,710.79,482,1418,90,131,261
4201273,SC,202609,56,188,34372,613.79,613.79,335,930,35,72,228
4201307,SC,202609,2073,6340,1442620,701.32,695.91,7822,21500,1864,2325,3633
4201406,SC,202609,2197,6386,1469011,674.79,668.64,8320,20038,2046,2582,3692
4201505,SC,202609,331,978,238505,724.94,720.56,857,2193,389,161,307
4201604,SC,202609,27,87,16762,620.81,620.81,280,674,17,49,214
4201653,SC,202609,44,130,29376,667.64,667.64,242,656,42,56,144
4201703,SC,202609,170,499,122619,721.29,721.29,577,1543,193,115,269
4201802,SC,202609,44,148,32348,735.18,735.18,218,584,37,62,119
4201901,SC,202609,79,249,58419,739.48,739.48,333,846,81,75,177
4201950,SC,202609,1194,3441,840693,714.27,704.1,3639,8642,1451,685,1503
4202008,SC,202609,2966,7500,1927813,656.39,649.97,13229,30049,2925,2747,7557
4202057,SC,202609,869,2540,598372,693.36,688.58,2829,6724,881,572,1376
4202073,SC,202609,902,2646,628510,699.9,696.8,3488,8279,993,772,1723
4202081,SC,202609,104,338,67630,650.29,650.29,439,1251,77,113,249
4202099,SC,202609,67,214,46797,698.46,698.46,257,692,63,51,143
4202107,SC,202609,2013,5833,1354684,677.68,672.97,6545,16365,1801,1842,2902
4202131,SC,202609,346,1004,232929,675.16,673.21,896,2406,316,269,311
4202156,SC,202609,78,237,54011,692.45,692.45,337,917,66,82,189
4202206,SC,202609,140,465,96150,696.74,686.79,479,1455,107,160,212
4202305,SC,202609,3356,8907,2182873,660.08,650.44,9550,23358,2945,2393,4212
4202404,SC,202609,6713,18193,4436304,664.71,660.85,21888,55938,5695,5155,11038
4202438,SC,202609,251,706,156228,629.95,622.42,690,1725,206,175,309
4202453,SC,202609,1137,3029,742022,669.09,652.61,3240,7967,1184,754,1302
4202503,SC,202609,528,1399,372547,705.58,705.58,1008,2273,562,155,291
4202537,SC,202609,238,618,160070,672.56,672.56,579,1357,219,108,252
4202578,SC,202609,74,199,51912,711.12,701.51,215,502,73,32,110
4202602,SC,202609,490,1534,336316,692.01,686.36,1353,3670,430,308,615
4202701,SC,202609,111,302,68787,619.7,619.7,869,2338,84,156,629
4202800,SC,202609,904,2602,629449,700.17,696.29,2233,5766,1011,714,508
4202859,SC,202609,4,11,1755,438.75,438.75,59,171,2,22,35
4202875,SC,202609,153,399,97261,648.41,635.69,517,1192,162,113,242
4202909,SC,202609,2411,6744,1588470,661.59,658.84,7359,19400,2086,1895,3378
4203006,SC,202609,2746,7726,1869046,683.13,680.64,11962,30625,2393,2576,6993
4203105,SC,202609,62,207,32966,531.71,531.71,502,1433,53,207,242
4203154,SC,202609,295,935,199384,694.72,675.88,1149,3094,269,233,647
4203204,SC,202609,3104,9003,2030991,672.96,654.31,11075,27706,2762,3672,4641
4203253,SC,202609,119,337,82665,694.66,694.66,455,1239,115,113,227
4203303,SC,202609,346,1059,242380,702.55,700.52,1640,4500,324,371,945
4203402,SC,202609,581,1506,371165,641.04,638.84,1808,4145,525,425,858
4203501,SC,202609,634,1807,417959,659.24,659.24,1696,4057,549,391,756
4203600,SC,202609,373,1256,242956,654.87,651.36,3506,9256,262,999,2245
4203709,SC,202609,1250,3212,874911,703.87,699.93,2439,5475,1426,318,695
4203808,SC,202609,1932,5390,1327048,690.09,686.88,6173,15057,1920,1374,2879
4203907,SC,202609,280,909,189786,680.24,677.81,1338,3833,208,440,690
4203956,SC,202609,338,968,227710,673.7,673.7,2093,5258,333,621,1139
4204004,SC,202609,392,1148,261643,674.34,667.46,1488,3825,337,360,791
4204103,SC,202609,203,587,133354,656.92,656.92,635,1634,172,137,326
4204152,SC,202609,181,519,130017,718.33,718.33,501,1274,190,77,234
4204178,SC,202609,262,808,172885,659.87,659.87,801,2166,202,225,374
4204194,SC,202609,33,110,23499,712.09,712.09,132,414,29,41,62
4204202,SC,202609,3757,12113,2438011,659.64,648.92,19877,53260,2894,5575,11408
4204251,SC,202609,194,597,126231,660.9,650.68,794,2280,167,197,430
4204301,SC,202609,1102,3240,739271,681.98,670.84,4347,11399,900,1183,2264
4204350,SC,202609,202,576,141734,701.65,701.65,537,1365,188,86,263
4204400,SC,202609,366,1069,243495,667.11,665.29,1104,2900,298,264,542
4204459,SC,202609,55,123,35210,640.18,640.18,308,668,65,62,181
4204509,SC,202609,358,1051,250105,698.62,698.62,1136,3091,344,265,527
4204558,SC,202609,924,2585,645684,700.31,698.79,2751,6328,962,582,1207
4204608,SC,202609,5120,14145,3433293,676.38,670.57,13974,35987,4789,3709,5476
4204707,SC,202609,168,471,105838,633.76,629.99,994,2602,141,184,669
4204756,SC,202609,10,37,8314,831.4,831.4,77,191,10,15,52
4204806,SC,202609,2190,6028,1494511,683.99,682.43,7513,17355,2199,1679,3635
4204905,SC,202609,147,442,104599,716.43,711.56,599,1613,125,128,346
4205001,SC,202609,531,1629,368528,696.65,694.03,1726,4488,493,379,854
4205100,SC,202609,56,169,40399,721.41,721.41,183,521,58,50,75
4205159,SC,202609,56,178,35895,664.72,640.98,241,657,49,68,124
4205175,SC,202609,438,1056,289901,661.87,661.87,967,2096,414,205,348
4205191,SC,202609,114,342,76409,670.25,670.25,344,872,105,82,157
4205209,SC,202609,31,112,17239,615.68,556.1,389,1043,16,131,242
4205308,SC,202609,216,712,143024,668.34,662.15,952,2810,154,274,524
4205357,SC,202609,41,123,27181,662.95,662.95,331,902,33,51,247
4205407,SC,202609,14181,34961,9225606,655.09,650.56,57477,125200,16067,14331,27079
4205431,SC,202609,82,240,53401,651.23,651.23,327,869,70,76,181
4205456,SC,202609,909,2760,649084,718.01,714.06,3008,8077,991,655,1362
4205506,SC,202609,1006,3118,608132,604.5,604.5,5010,13556,650,1431,2929
4205555,SC,202609,142,399,92401,650.71,650.71,459,1180,139,98,222
4205605,SC,202609,207,557,139719,674.97,674.97,550,1268,192,124,234
4205704,SC,202609,1803,4638,1200445,666.54,665.8,4873,11375,1815,1060,1998
4205803,SC,202609,496,1497,336060,697.22,677.54,2226,6331,445,615,1166
4205902,SC,202609,1357,3887,909602,675.78,670.3,5975,15148,1260,1560,3155
4206009,SC,202609,920,2594,626646,695.5,681.14,2508,6132,999,486,1023
4206108,SC,202609,264,780,182171,695.31,690.04,919,2431,248,210,461
4206207,SC,202609,297,889,205903,693.28,693.28,1085,2753,317,254,514
4206306,SC,202609,609,1837,417149,689.5,684.97,1660,4702,553,429,678
4206405,SC,202609,67,208,45495,679.03,679.03,759,2023,63,169,527
4206504,SC,202609,1237,3525,817170,662.21,660.61,4499,11795,1052,1199,2248
4206603,SC,202609,99,277,66825,681.89,675.0,631,1517,93,112,426
4206652,SC,202609,268,782,175050,655.62,653.17,1042,2724,223,284,535
4206702,SC,202609,307,974,217604,713.46,708.81,1621,4411,283,408,930
4206751,SC,202609,125,378,87419,699.35,699.35,361,877,117,64,180
4206801,SC,202609,96,301,79826,831.52,831.52,491,1151,118,85,288
4206900,SC,202609,202,554,127599,634.82,631.68,1179,3209,170,329,680
4207007,SC,202609,1841,5253,1236839,677.35,671.83,5234,12932,1790,1278,2166
4207106,SC,202609,727,2161,498466,687.54,685.65,1853,5156,632,573,648
4207205,SC,202609,736,2032,503379,684.87,683.94,2108,5135,724,403,981
4207304,SC,202609,1997,5566,1368852,687.17,685.45,6015,14682,2207,1451,2357
4207403,SC,202609,136,425,96845,712.1,712.1,481,1286,127,117,237
4207502,SC,202609,896,2589,604522,681.54,674.69,3361,9088,728,950,1683
4207577,SC,202609,30,96,18426,614.2,614.2,238,618,18,51,169
4207601,SC,202609,57,194,37359,667.13,655.42,428,1234,49,79,300
4207650,SC,202609,91,271,53817,591.4,591.4,926,2409,86,169,671
4207684,SC,202609,937,2517,642377,686.3,685.57,1875,4585,832,426,617
4207700,SC,202609,56,187,38123,680.77,680.77,370,1046,54,87,229
4207759,SC,202609,130,389,85931,661.01,661.01,554,1382,105,93,356
4207809,SC,202609,264,760,183746,696.01,696.01,1431,3610,244,388,799
4207858,SC,202609,71,208,45471,640.44,640.44,294,775,56,78,160
4207908,SC,202609,489,1428,346336,709.7,708.25,1393,3685,546,376,471
4208005,SC,202609,291,833,195638,676.95,672.3,948,2272,257,189,502
4208104,SC,202609,512,1528,305536,600.27,596.75,1663,4706,342,676,645
4208203,SC,202609,7680,21590,5284456,690.78,688.08,25746,61625,8419,5956,11371
4208302,SC,202609,2422,6889,1633751,684.44,674.55,8940,21642,2288,2131,4521
4208401,SC,202609,187,617,129030,690.0,690.0,1246,3487,133,302,811
4208450,SC,202609,1385,4119,962978,701.88,695.29,5454,12839,1678,1284,2492
4208500,SC,202609,525,1626,359183,684.16,684.16,1717,4706,463,505,749
4208609,SC,202609,147,450,112203,768.51,763.29,466,1209,123,109,234
4208708,SC,202609,344,1128,258330,750.96,750.96,1024,2780,399,199,426
4208807,SC,202609,619,1931,423130,690.26,683.57,2122,5805,536,554,1032
4208906,SC,202609,2793,7996,1865180,669.72,667.81,11313,29330,2390,2798,6125
4208955,SC,202609,94,275,64353,691.97,684.61,258,684,87,40,131
4209003,SC,202609,473,1396,320486,679.0,677.56,2270,5538,423,477,1370
4209102,SC,202609,14961,41790,10010662,671.86,669.12,46034,116265,13065,12060,20909
4209151,SC,202609,385,1209,292746,764.35,760.38,755,2219,383,170,202
4209177,SC,202609,80,225,53623,678.77,670.29,528,1406,72,95,361
4209201,SC,202609,10,42,6814,681.4,681.4,119,335,9,26,84
4209300,SC,202609,8508,22213,5699599,670.94,669.91,25497,58053,7947,5312,12238
4209409,SC,202609,1474,3857,963553,655.48,653.7,6107,14227,1307,1425,3375
4209458,SC,202609,50,153,33321,666.42,666.42,281,817,42,56,183
4209508,SC,202609,135,425,96866,717.53,717.53,609,1573,129,136,344
4209607,SC,202609,391,1058,265843,679.91,679.91,1519,3633,383,357,779
4209706,SC,202609,841,2533,592875,704.96,704.96,2912,7515,674,801,1437
4209805,SC,202609,93,326,66264,712.52,712.52,330,999,81,112,137
4209854,SC,202609,89,263,57541,646.53,646.53,487,1287,81,114,292
4209904,SC,202609,91,320,59163,650.14,650.14,541,1588,46,245,250
4210001,SC,202609,205,670,135853,665.95,662.7,798,2416,144,289,365
4210035,SC,202609,28,101,19672,756.62,702.57,460,1202,32,73,355
4210050,SC,202609,38,129,23553,619.82,619.82,157,467,26,59,72
4210100,SC,202609,1623,4590,1118598,690.49,689.22,5617,13555,1698,1324,2595
4210209,SC,202609,187,579,129015,689.92,689.92,521,1447,183,117,221
4210308,SC,202609,470,1346,312294,664.46,664.46,1573,3988,454,417,702
4210407,SC,202609,273,780,189056,695.06,692.51,1049,2443,255,181,613
4210506,SC,202609,345,951,223624,650.07,648.19,1885,4815,296,432,1157
4210555,SC,202609,36,116,24751,687.53,687.53,208,541,30,51,127
4210605,SC,202609,353,1002,241218,683.34,683.34,1136,3037,315,283,538
4210704,SC,202609,261,779,187202,725.59,717.25,899,2389,298,149,452
4210803,SC,202609,193,529,131216,679.88,679.88,560,1472,189,145,226
4210852,SC,202609,16,45,8551,534.44,534.44,226,674,11,52,163
4210902,SC,202609,96,296,65985,687.34,687.34,360,933,81,77,202
4211009,SC,202609,49,139,33878,691.39,691.39,921,2161,60,199,662
4211058,SC,202609,540,1492,366658,680.26,679.0,1903,4633,495,491,917
4211108,SC,202609,693,1914,508057,733.13,733.13,1757,4194,766,354,637
4211207,SC,202609,407,1218,268578,659.9,659.9,1702,4664,371,487,844
4211256,SC,202609,130,349,87680,674.46,674.46,500,1323,126,105,269
4211306,SC,202609,4511,12760,3110651,698.87,689.57,12082,30595,4462,2991,4629
4211405,SC,202609,196,541,134578,686.62,686.62,657,1674,178,109,370
4211454,SC,202609,119,362,76207,640.39,640.39,434,1184,94,121,219
4211504,SC,202609,340,1002,222804,661.14,655.31,1160,3116,283,250,627
4211603,SC,202609,217,636,136391,631.44,628.53,871,2368,164,226,481
4211652,SC,202609,53,156,34330,647.74,647.74,326,889,45,75,206
4211702,SC,202609,595,1651,399003,671.72,670.59,1562,3967,553,363,646
4211751,SC,202609,429,1306,293332,683.76,683.76,1528,4022,335,347,846
4211801,SC,202609,60,186,38785,657.37,646.42,456,1185,67,99,290
4211850,SC,202609,161,434,107206,665.88,665.88,426,1048,134,97,195
4211876,SC,202609,47,149,34316,730.13,730.13,271,758,49,58,164
4211892,SC,202609,109,340,72095,661.42,661.42,546,1432,97,162,287
4211900,SC,202609,8493,23304,5713077,681.59,672.68,27195,66159,8847,6552,11796
4212007,SC,202609,416,1154,282281,681.84,678.56,1116,2703,373,256,487
4212056,SC,202609,123,349,86291,701.55,701.55,376,925,115,75,186
4212106,SC,202609,393,1108,256479,659.33,652.62,1352,3300,334,300,718
4212205,SC,202609,449,1334,275733,614.1,614.1,1746,4730,281,702,763
4212239,SC,202609,149,415,95769,642.74,642.74,582,1430,119,141,322
4212254,SC,202609,760,2348,526731,695.81,693.07,1958,5067,778,489,691
4212270,SC,202609,328,973,227505,706.54,693.61,1081,2726,294,181,606
4212304,SC,202609,420,1177,282632,674.54,672.93,1178,2857,421,277,480
4212403,SC,202609,78,237,54910,703.97,703.97,371,1019,63,95,213
4212502,SC,202609,1385,3978,947854,699.01,684.37,4188,10177,1417,883,1888
4212601,SC,202609,12,34,7027,585.58,585.58,310,873,14,25,271
4212650,SC,202609,622,1603,410130,659.37,659.37,1569,3680,580,328,661
4212700,SC,202609,151,485,101959,679.73,675.23,545,1413,132,124,289
4212809,SC,202609,1127,3481,743891,662.41,660.06,3958,10189,940,1222,1796
4212908,SC,202609,149,473,93728,637.61,629.05,1230,3522,99,371,760
4213005,SC,202609,22,75,14351,652.32,652.32,544,1529,22,95,427
4213104,SC,202609,111,291,69391,625.14,625.14,352,912,93,92,167
4213153,SC,202609,54,171,34621,653.23,641.13,525,1454,44,120,361
4213203,SC,202609,67,218,39973,596.61,596.61,687,2070,43,175,469
4213302,SC,202609,202,555,140589,695.99,695.99,834,2118,192,175,467
4213351,SC,202609,218,671,152455,699.33,699.33,591,1637,180,162,249
4213401,SC,202609,553,1715,390302,710.93,705.79,2207,5496,517,447,1243
4213500,SC,202609,653,1898,441437,691.91,676.01,3046,7335,742,709,1595
4213609,SC,202609,653,1940,430283,669.18,658.93,2833,7208,577,861,1395
4213708,SC,202609,191,684,121050,633.77,633.77,1021,3233,125,361,535
4213807,SC,202609,420,1142,284853,678.22,678.22,1200,2803,452,286,462
4213906,SC,202609,47,161,35138,747.62,747.62,153,427,42,36,75
4214003,SC,202609,254,771,170459,673.75,671.1,958,2623,226,251,481
4214102,SC,202609,39,126,27543,706.23,706.23,259,683,39,57,163
4214151,SC,202609,76,205,49646,653.24,653.24,286,738,72,67,147
4214201,SC,202609,241,711,156689,650.16,650.16,851,2228,199,195,457
4214300,SC,202609,25,73,17637,705.48,705.48,270,622,29,71,170
4214409,SC,202609,297,896,205681,694.87,692.53,1016,2522,269,201,546
4214508,SC,202609,54,225,39149,724.98,724.98,386,1196,32,168,186
4214607,SC,202609,22,81,16126,733.0,733.0,335,1088,23,125,187
4214706,SC,202609,104,348,63459,628.31,610.18,580,1562,71,186,323
4214805,SC,202609,1597,4600,1084999,685.84,679.4,5420,13574,1454,1303,2663
4214904,SC,202609,19,60,11083,583.32,583.32,128,402,10,45,73
4215000,SC,202609,1137,3346,809636,719.04,712.08,4162,10383,1316,941,1905
4215059,SC,202609,167,482,112863,675.83,675.83,447,1091,184,87,176
4215075,SC,202609,82,265,53164,672.96,648.34,534,1408,72,135,327
4215109,SC,202609,235,724,158796,681.53,675.73,849,2296,214,219,416
4215208,SC,202609,145,407,94421,655.7,651.18,633,1606,116,129,388
4215307,SC,202609,81,270,56972,703.36,703.36,515,1418,72,143,300
4215356,SC,202609,179,534,116859,652.84,652.84,604,1573,152,116,336
4215406,SC,202609,99,298,65501,668.38,661.63,518,1253,81,94,343
4215455,SC,202609,403,1251,279666,699.17,693.96,1175,3210,381,322,472
4215505,SC,202609,1013,2985,719564,710.33,710.33,3134,7718,1025,653,1456
4215554,SC,202609,15,53,12279,818.6,818.6,224,630,17,34,173
4215604,SC,202609,38,112,26057,685.71,685.71,213,606,38,51,124
4215653,SC,202609,549,1627,392312,717.21,714.59,1434,3626,606,296,532
4215679,SC,202609,133,406,89822,680.47,675.35,570,1692,117,173,280
4215687,SC,202609,107,326,72237,675.11,675.11,470,1251,83,80,307
4215695,SC,202609,25,77,15760,630.4,630.4,163,444,16,29,118
4215703,SC,202609,816,2230,557429,687.34,683.12,2553,6324,857,657,1039
4215752,SC,202609,59,193,46928,795.39,795.39,444,1249,73,117,254
4215802,SC,202609,1677,4576,1108855,668.39,661.21,8034,20230,1569,1623,4842
4215901,SC,202609,132,352,84295,648.42,638.6,327,833,126,78,123
4216008,SC,202609,241,663,163825,679.77,679.77,924,2399,230,205,489
4216057,SC,202609,305,857,212114,695.46,695.46,844,2150,286,199,359
4216107,SC,202609,316,930,200461,634.37,634.37,1139,2865,231,336,572
4216206,SC,202609,1795,5105,1230597,689.02,685.57,6022,14760,1802,1530,2690
4216255,SC,202609,41,111,25830,630.0,630.0,213,545,36,52,125
4216305,SC,202609,874,2489,590820,677.55,676.0,3870,9845,748,1080,2042
4216354,SC,202609,206,622,143856,698.33,698.33,742,1963,192,160,390
4216404,SC,202609,496,1484,358417,722.61,722.61,1259,3099,540,247,472
4216503,SC,202609,1110,3177,734240,663.87,661.48,3864,9663,906,1128,1830
4216602,SC,202609,7567,20702,5108230,680.1,675.07,21037,51712,7249,5137,8651
4216701,SC,202609,325,927,220393,678.13,678.13,1212,3273,302,246,664
4216800,SC,202609,816,2224,533149,653.37,653.37,2130,5003,754,514,862
4216909,SC,202609,417,1347,284070,687.82,681.22,1851,5442,342,533,976
4217006,SC,202609,111,359,67693,626.79,609.85,723,2148,77,210,436
4217105,SC,202609,66,199,44688,677.09,677.09,203,592,60,47,96
4217154,SC,202609,53,147,32722,617.4,617.4,351,878,48,52,251
4217204,SC,202609,799,2337,512606,648.05,641.56,3211,8209,613,758,1840
4217253,SC,202609,97,289,65935,679.74,679.74,489,1191,128,84,277
4217303,SC,202609,167,489,108416,649.2,649.2,753,2096,139,157,457
4217402,SC,202609,263,773,192972,733.73,733.73,1208,3244,290,277,641
4217501,SC,202609,240,767,145665,609.48,606.94,1250,3280,162,353,735
4217550,SC,202609,46,138,34427,748.41,748.41,220,576,45,36,139
4217600,SC,202609,357,1016,242014,677.91,677.91,1508,3628,378,308,822
4217709,SC,202609,1065,3029,705835,667.77,662.76,3703,9160,942,1072,1689
4217758,SC,202609,69,196,47805,692.83,692.83,285,733,74,52,159
4217808,SC,202609,447,1282,315797,706.48,706.48,1459,3655,432,309,718
4217907,SC,202609,204,624,137637,674.69,674.69,1203,3110,183,223,797
4217956,SC,202609,76,221,52140,686.05,686.05,356,1006,69,62,225
4218004,SC,202609,1783,5151,1236308,702.45,693.39,5963,15114,1769,1334,2860
4218103,SC,202609,176,572,123120,699.55,699.55,680,1877,166,152,362
4218202,SC,202609,379,1093,237652,635.43,627.05,1845,5095,284,488,1073
4218251,SC,202609,874,2289,606033,693.4,693.4,1875,4402,849,390,636
4218301,SC,202609,653,2056,421302,688.4,645.18,2934,8063,562,936,1436
4218350,SC,202609,125,356,84610,682.34,676.88,282,741,104,82,96
4218400,SC,202609,143,455,97220,679.86,679.86,611,1832,115,200,296
4218509,SC,202609,91,307,62735,689.4,689.4,605,1602,81,162,362
4218608,SC,202609,46,159,31438,683.43,683.43,245,670,38,65,142
4218707,SC,202609,2891,7679,1943114,673.52,672.13,9158,21782,2708,2088,4362
4218756,SC,202609,37,122,20781,561.65,561.65,511,1434,14,81,416
4218806,SC,202609,171,484,100106,585.42,585.42,999,2642,123,341,535
4218855,SC,202609,43,133,27781,646.07,646.07,294,869,33,76,185
4218905,SC,202609,670,1967,470090,704.78,701.63,1747,4270,671,346,730
4218954,SC,202609,245,645,164896,673.04,673.04,602,1432,247,127,228
4219002,SC,202609,311,875,197019,635.55,633.5,1326,3385,256,321,749
4219101,SC,202609,71,237,43064,606.54,606.54,521,1480,48,148,325
4219150,SC,202609,91,254,61516,676.0,676.0,446,1157,82,98,266
4219176,SC,202609,133,388,99077,750.58,744.94,789,1790,156,142,491
4219200,SC,202609,116,343,77453,667.7,667.7,461,1323,100,120,241
4219309,SC,202609,973,2777,626148,661.19,643.52,5150,12345,853,1239,3058
4219358,SC,202609,137,463,98173,727.21,716.59,451,1346,118,151,182
4219408,SC,202609,53,151,34298,647.13,647.13,444,1240,47,88,309
4219507,SC,202609,741,2133,484646,654.93,654.04,3634,9621,654,1016,1964
4219606,SC,202609,40,142,27521,688.03,688.02,181,449,38,41,102
4219705,SC,202609,683,2046,474215,695.33,694.31,4021,10135,736,721,2564
4219853,SC,202609,129,383,90269,705.23,699.76,406,1125,120,90,196
4220000,SC,202609,1012,2971,712737,706.38,704.29,3217,7637,995,704,1518
4300034,RS,202609,269,783,182053,676.78,676.78,947,2218,287,198,462
4300059,RS,202609,239,579,159960,669.29,669.29,613,1337,255,92,266
4300109,RS,202609,799,2093,511843,642.21,640.6,1974,4626,714,496,764
4300208,RS,202609,263,630,167187,635.69,635.69,681,1466,242,137,302
4300307,RS,202609,418,1035,282892,676.78,676.78,1745,3673,459,208,1078
4300406,RS,202609,2946,7900,1946558,661.42,660.75,11455,25429,3137,2949,5369
4300455,RS,202609,238,657,146507,618.17,615.58,740,1659,200,148,392
4300471,RS,202609,40,112,26560,664.0,664.0,338,781,44,41,253
4300505,RS,202609,194,545,123354,635.85,635.85,845,2137,171,229,445
4300554,RS,202609,61,157,39860,653.44,653.44,300,636,61,49,190
4300570,RS,202609,13,35,7055,542.69,542.69,119,291,11,26,82
4300604,RS,202609,13109,35392,8667593,677.31,661.19,32883,76832,12972,7408,12503
4300638,RS,202609,423,1185,289512,684.43,684.43,877,2174,506,158,213
4300646,RS,202609,501,1479,332548,665.1,663.77,1507,3593,484,373,650
4300661,RS,202609,28,74,19301,689.32,689.32,171,432,24,33,114
4300703,RS,202609,21,73,16029,763.29,763.29,504,1325,50,91,363
4300802,RS,202609,175,494,107060,615.29,611.77,906,2353,146,227,533
4300851,RS,202609,282,738,163141,578.51,578.51,1264,2610,219,320,725
4300877,RS,202609,413,1213,271792,664.53,658.09,1306,3185,350,338,618
4300901,RS,202609,78,249,53760,689.23,689.23,492,1232,90,104,298
4301008,RS,202609,196,519,137781,710.21,702.96,3036,6606,358,456,2222
4301057,RS,202609,699,1977,479280,692.6,685.67,2598,5743,1009,457,1132
4301073,RS,202609,32,90,21391,668.47,668.47,195,502,32,49,114
4301107,RS,202609,1470,3516,971538,665.89,660.91,3195,6684,1559,441,1195
4301206,RS,202609,494,1345,322021,655.85,651.86,1592,4014,426,372,794
4301305,RS,202609,1399,3578,958556,686.64,685.17,4609,9166,1810,988,1811
4301404,RS,202609,371,1057,244133,670.7,658.04,1166,2993,352,353,461
4301503,RS,202609,177,556,117347,666.74,662.98,747,1897,133,161,453
4301552,RS,202609,64,161,42575,665.23,665.23,392,941,97,67,228
4301602,RS,202609,9773,24848,6525111,670.48,667.67,27841,56145,12301,4751,10789
4301636,RS,202609,1562,3926,1017955,665.77,651.7,5097,9818,2170,704,2223
4301651,RS,202609,21,60,11651,582.55,554.81,427,1074,13,52,362
4301701,RS,202609,109,367,56637,534.31,519.61,1094,2711,45,243,806
4301750,RS,202609,383,1047,255187,668.03,666.28,948,2242,467,201,280
4301800,RS,202609,246,652,160823,656.42,653.75,738,1779,232,169,337
4301859,RS,202609,140,387,95627,692.95,683.05,687,1602,131,137,419
4301875,RS,202609,415,1122,286172,692.91,689.57,1202,2391,538,182,482
4301909,RS,202609,631,1608,435529,693.52,690.22,2022,4464,836,448,738
4301925,RS,202609,7,18,4450,635.71,635.71,194,459,8,27,159
4301958,RS,202609,16,52,9815,613.44,613.44,573,1538,20,39,514
4302006,RS,202609,296,945,210032,709.57,709.57,1266,3349,273,445,548
4302055,RS,202609,576,1059,370475,648.82,643.19,907,1532,583,83,241
4302105,RS,202609,1107,3124,678633,628.95,613.04,9209,22800,1069,2230,5910
4302154,RS,202609,93,268,64528,693.85,693.85,507,1159,107,105,295
4302204,RS,202609,132,376,84135,637.39,637.39,826,2025,108,132,586
4302220,RS,202609,86,243,55014,639.7,639.7,382,927,81,69,232
4302238,RS,202609,161,434,110189,684.4,684.4,457,1001,178,84,195
4302253,RS,202609,21,55,14185,675.48,675.48,62,146,19,13,30
4302303,RS,202609,1210,3270,827153,688.72,683.6,2837,6335,1212,585,1040
4302352,RS,202609,120,346,76793,639.94,639.94,680,1650,105,191,384
4302378,RS,202609,234,586,150215,641.94,641.94,744,1591,243,123,378
4302402,RS,202609,434,1165,302389,699.97,696.75,1894,4112,429,290,1175
4302451,RS,202609,495,1287,339985,686.84,686.84,963,2308,467,163,333
4302501,RS,202609,391,1120,252294,645.25,645.25,1221,2965,324,279,618
4302584,RS,202609,54,164,37842,700.78,700.78,190,427,59,37,94
4302600,RS,202609,280,786,187617,672.46,670.06,902,1968,272,154,476
4302659,RS,202609,109,339,74234,681.05,681.05,316,890,89,110,117
4302709,RS,202609,1720,4241,1152810,674.55,670.24,3952,8225,1802,642,1508
4302808,RS,202609,1971,4694,1300248,660.36,659.69,6057,12282,2394,1181,2482
4302907,RS,202609,1404,3262,949615,677.33,676.36,2674,5340,1479,368,827
4303004,RS,202609,5835,14266,3923111,674.77,672.34,13545,29215,5799,2598,5148
4303103,RS,202609,6655,17518,4325079,659.81,649.9,22026,49506,6541,4639,10846
4303202,RS,202609,307,855,199702,652.62,650.5,842,2113,244,207,391
4303301,RS,202609,175,480,111092,638.46,634.81,780,1784,163,152,465
4303400,RS,202609,306,825,213647,702.79,698.19,923,1917,413,96,414
4303509,RS,202609,3762,10270,2530033,675.76,672.52,11293,25993,3921,2378,4994
4303558,RS,202609,35,107,24651,704.31,704.31,551,1429,71,70,410
4303608,RS,202609,250,693,171766,692.6,687.06,986,2322,255,232,499
4303673,RS,202609,133,336,86166,673.17,647.86,367,750,164,51,152
4303707,RS,202609,75,218,49365,658.2,658.2,523,1325,67,89,367
4303806,RS,202609,142,427,96077,681.4,676.6,987,2272,153,156,678
4303905,RS,202609,790,2240,523724,669.72,662.94,5975,13700,781,1697,3497
4304002,RS,202609,378,997,248987,665.74,658.7,1094,2442,352,194,548
4304101,RS,202609,306,730,202485,661.72,661.72,818,1604,370,108,340
4304200,RS,202609,1768,4513,1179950,673.49,667.39,4404,9911,1829,763,1812
4304309,RS,202609,56,161,32476,579.93,579.93,502,1237,35,102,365
4304358,RS,202609,731,1970,472937,648.75,646.97,2707,5948,807,551,1349
4304408,RS,202609,2203,5884,1478826,678.67,671.28,6787,15726,2690,1378,2719
4304507,RS,202609,3381,8498,2137280,634.21,632.14,9759,21116,3684,2311,3764
4304606,RS,202609,19396,51685,13214939,684.64,681.32,80723,160244,23335,12494,44894
4304614,RS,202609,52,159,35332,679.46,679.46,260,622,51,33,176
4304622,RS,202609,88,263,58969,677.8,670.1,466,1104,76,96,294
4304630,RS,202609,3449,9537,2399573,695.93,695.73,11326,26364,4334,2339,4653
4304655,RS,202609,254,669,170800,672.44,672.44,634,1456,252,96,286
4304663,RS,202609,2479,6315,1668977,680.94,673.25,7131,15072,3264,1214,2653
4304671,RS,202609,195,522,127990,656.36,656.36,637,1487,201,138,298
4304689,RS,202609,811,2164,554810,692.65,684.11,2175,4648,950,327,898
4304697,RS,202609,31,97,18576,599.23,599.23,645,1683,26,64,555
4304705,RS,202609,1787,5117,1231319,698.82,689.04,7557,17692,2051,1869,3637
4304713,RS,202609,443,1162,297596,671.77,671.77,1092,2476,450,233,409
4304804,RS,202609,190,534,120736,635.45,635.45,965,2463,151,248,566
4304853,RS,202609,21,61,12687,604.14,604.14,204,480,26,37,141
4304903,RS,202609,108,313,66740,623.74,617.96,828,1824,95,161,572
4304952,RS,202609,174,509,116906,687.68,671.87,522,1262,197,105,220
4305009,RS,202609,453,1233,304516,678.21,672.22,1754,3903,464,302,988
4305108,RS,202609,10860,28867,6969052,655.23,641.72,30751,76028,9266,8976,12509
4305116,RS,202609,32,99,21225,663.28,663.28,404,1002,32,71,301
4305124,RS,202609,355,910,231113,660.32,651.02,1167,2480,447,304,416
4305132,RS,202609,277,664,179471,647.91,647.91,1001,2097,281,118,602
4305157,RS,202609,143,404,95061,664.76,664.76,551,1305,137,91,323
4305173,RS,202609,669,1900,447689,681.41,669.19,1792,4388,733,399,660
4305207,RS,202609,345,917,218472,642.56,633.25,1129,2676,294,332,503
4305306,RS,202609,174,498,115192,662.02,662.02,1497,3107,159,223,1115
4305355,RS,202609,1520,3955,1018257,677.48,669.91,4962,10828,1581,989,2392
4305371,RS,202609,421,921,269827,658.11,640.92,753,1545,373,108,272
4305405,RS,202609,195,525,132052,680.68,677.19,796,1733,174,146,476
4305439,RS,202609,244,673,167185,685.18,685.18,1426,2724,406,329,691
4305447,RS,202609,215,593,135938,632.27,632.27,728,1824,182,178,368
4305454,RS,202609,1211,3399,825847,692.82,681.95,3804,8495,1517,731,1556
4305504,RS,202609,103,283,69551,675.25,675.25,599,1459,104,144,351
4305587,RS,202609,38,121,27196,715.68,715.68,266,663,39,35,192
4305603,RS,202609,75,187,47630,635.07,635.07,378,815,68,55,255
4305702,RS,202609,331,821,212845,646.95,643.04,935,2085,302,166,467
4305801,RS,202609,350,963,243866,696.76,696.76,1243,2774,435,262,546
4305835,RS,202609,17,45,10703,629.59,629.59,259,617,15,17,227
4305850,RS,202609,41,106,26436,644.78,644.78,257,602,47,60,150
4305871,RS,202609,79,237,53880,682.03,682.03,383,951,71,61,251
4305900,RS,202609,495,1389,321327,655.77,649.15,1516,3517,440,341,735
4305934,RS,202609,9,32,5422,602.44,602.44,63,165,10,17,36
4305959,RS,202609,21,60,14234,677.81,677.81,498,1256,18,46,434
4305975,RS,202609,69,182,45140,654.2,654.2,596,1426,96,97,403
4306007,RS,202609,276,787,172743,630.45,625.88,2224,5434,216,469,1539
4306056,RS,202609,555,1461,375493,677.79,676.56,1736,3954,649,362,725
4306072,RS,202609,246,601,160060,650.65,650.65,1017,2104,286,126,605
4306106,RS,202609,3065,8032,2083068,682.53,679.63,8911,19617,2747,2094,4070
4306130,RS,202609,22,69,13797,627.14,627.14,198,501,18,37,143
4306205,RS,202609,289,752,181071,633.12,626.54,2197,4553,321,300,1576
4306304,RS,202609,66,181,39200,593.94,593.94,461,1203,51,77,333
4306320,RS,202609,77,232,50819,659.99,659.99,376,957,71,52,253
4306353,RS,202609,271,681,181478,669.66,669.66,677,1469,272,87,318
4306379,RS,202609,248,643,173760,700.65,700.65,666,1450,256,128,282
4306403,RS,202609,247,758,156094,642.36,631.96,1209,3288,190,339,680
4306429,RS,202609,109,309,75838,695.76,695.76,680,1620,131,112,437
4306452,RS,202609,31,80,20034,646.26,646.26,168,410,31,42,95
4306502,RS,202609,860,2664,589725,688.13,685.73,2072,5217,870,520,682
4306551,RS,202609,92,246,60469,657.27,657.27,493,1169,133,73,287
4306601,RS,202609,2164,5705,1455074,681.21,672.4,6601,14593,2740,1276,2585
4306700,RS,202609,230,561,151229,660.39,657.52,661,1411,235,106,320
4306734,RS,202609,127,329,85249,676.58,671.25,540,1142,153,88,299
4306759,RS,202609,25,85,18540,741.6,741.6,367,978,25,30,312
4306767,RS,202609,3554,9071,2342662,668.0,659.16,13028,25469,4704,1868,6456
4306809,RS,202609,639,1726,427100,670.49,668.39,2477,5594,594,360,1523
4306908,RS,202609,1723,4418,1157889,674.76,672.02,4982,10815,1954,975,2053
4306924,RS,202609,152,411,109552,720.74,720.74,290,682,161,30,99
4306932,RS,202609,268,818,172048,661.72,641.97,1226,3060,208,300,718
4306957,RS,202609,141,374,91850,651.42,651.42,661,1465,170,102,389
4306973,RS,202609,303,775,206967,683.06,683.06,722,1563,314,104,304
4307005,RS,202609,2325,6669,1506268,656.33,647.86,10864,26562,1866,2780,6218
4307054,RS,202609,73,200,48488,664.22,664.22,421,944,93,75,253
4307104,RS,202609,898,1952,592644,661.43,659.96,2461,4390,1098,278,1085
4307203,RS,202609,265,717,178286,677.89,672.78,990,2232,313,192,485
4307302,RS,202609,324,940,212871,659.04,657.01,1256,3143,287,278,691
4307401,RS,202609,161,499,105985,658.29,658.29,719,1829,144,179,396
4307450,RS,202609,258,670,173889,673.99,673.99,745,1669,318,123,304
4307500,RS,202609,804,2103,530597,664.08,659.95,2305,5141,867,427,1011
4307559,RS,202609,159,426,106233,668.13,668.13,573,1332,170,119,284
4307609,RS,202609,1245,3419,812716,661.82,652.78,3693,8590,1137,953,1603
4307708,RS,202609,4252,11082,2835488,670.8,666.86,13645,29868,4293,2402,6950
4307807,RS,202609,1182,3056,806393,689.81,682.23,4343,9242,1167,671,2505
4307815,RS,202609,294,748,197864,673.01,673.01,732,1713,309,91,332
4307831,RS,202609,148,402,97481,658.66,658.66,530,1128,145,95,290
4307864,RS,202609,9,28,5190,576.67,576.67,46,133,9,12,25
4307906,RS,202609,2018,5475,1337234,671.3,662.65,6166,14313,2059,1333,2774
4308003,RS,202609,477,1110,315742,663.32,661.93,973,2088,451,163,359
4308052,RS,202609,162,400,108287,672.59,668.44,434,979,195,73,166
4308078,RS,202609,206,558,136126,664.03,660.81,798,1872,186,164,448
4308102,RS,202609,105,315,64114,616.48,610.61,882,2157,92,195,595
4308201,RS,202609,349,1050,221011,635.09,633.27,1814,4884,245,425,1144
4308250,RS,202609,39,94,22094,566.51,566.51,289,648,33,56,200
4308300,RS,202609,983,2579,664539,676.03,676.03,3005,6404,1240,453,1312
4308409,RS,202609,547,1369,352458,644.35,644.35,1454,3129,503,280,671
4308433,RS,202609,21,53,11566,550.76,550.76,356,856,14,41,301
4308458,RS,202609,148,402,98605,666.25,666.25,651,1486,137,145,369
4308508,RS,202609,830,2417,567304,690.99,683.5,3176,7652,845,799,1532
4308607,RS,202609,306,819,201714,665.72,659.2,1625,3912,289,297,1039
4308656,RS,202609,209,565,139701,671.64,668.43,987,2141,235,111,641
4308706,RS,202609,88,293,60788,698.71,690.77,742,1836,107,110,525
4308805,RS,202609,659,1610,426375,649.96,647.0,1908,3937,614,320,974
4308854,RS,202609,54,161,33848,626.81,626.81,265,713,37,59,169
4308904,RS,202609,304,843,204315,690.25,672.09,1654,3731,335,428,891
4309001,RS,202609,1343,3218,868114,647.85,646.4,3941,7807,1275,662,2004
4309050,RS,202609,323,878,209233,662.13,647.78,1171,2766,296,255,620
4309100,RS,202609,846,2382,559603,665.4,661.47,2953,7503,949,756,1248
4309126,RS,202609,249,707,175035,702.95,702.95,713,1765,217,126,370
4309159,RS,202609,154,452,100699,653.89,653.89,702,1786,127,191,384
4309209,RS,202609,15673,42163,10475464,675.05,668.38,40292,91408,15903,8045,16344
4309258,RS,202609,23,62,15860,689.57,689.57,107,234,34,18,55
4309308,RS,202609,5923,15516,3981775,681.11,672.26,19635,41881,7602,3098,8935
4309407,RS,202609,526,1445,366888,702.85,697.51,1963,4502,683,461,819
4309506,RS,202609,284,741,171005,602.13,602.13,890,2019,230,201,459
4309555,RS,202609,47,141,27795,604.24,591.38,459,1207,39,64,356
4309571,RS,202609,165,468,108473,657.41,657.41,303,803,139,76,88
4309605,RS,202609,439,1162,298713,686.7,680.44,1823,4002,514,330,979
4309654,RS,202609,760,2032,511675,673.26,673.26,2093,4354,738,374,981
4309704,RS,202609,119,332,79593,668.85,668.85,688,1543,115,115,458
4309753,RS,202609,140,403,91319,656.97,652.28,577,1505,138,198,241
4309803,RS,202609,132,376,83954,636.02,636.02,490,1225,114,136,240
4309902,RS,202609,265,746,174108,657.01,657.01,774,1892,239,209,326
4309951,RS,202609,176,443,118695,674.4,674.4,835,1821,237,126,472
4310009,RS,202609,216,627,137294,644.57,635.62,2207,5040,224,474,1509
4310108,RS,202609,1186,3160,759593,652.57,640.47,5773,12902,1129,1152,3492
4310207,RS,202609,3125,8091,2092441,678.48,669.58,11474,24199,3132,2234,6108
4310306,RS,202609,52,190,32982,646.71,634.27,400,1050,33,126,241
4310330,RS,202609,1589,4411,1018575,659.27,641.02,5881,13195,1787,1436,2658
4310363,RS,202609,23,66,14057,611.17,611.17,272,654,20,34,218
4310405,RS,202609,377,1003,259876,689.33,689.33,1227,2733,398,187,642
4310413,RS,202609,133,351,88750,667.29,667.29,491,1087,153,102,236
4310439,RS,202609,142,389,92912,654.31,654.31,473,1141,171,110,192
4310462,RS,202609,13,38,8344,641.85,641.85,91,242,13,15,63
4310504,RS,202609,595,1593,411587,694.08,691.74,1731,3692,599,335,797
4310538,RS,202609,240,659,156810,656.11,653.38,983,2133,255,190,538
4310553,RS,202609,326,854,220850,677.45,677.45,889,1848,373,133,383
4310579,RS,202609,48,151,28071,597.26,584.81,279,755,34,81,164
4310603,RS,202609,2153,5741,1435671,672.13,666.82,7270,15431,2658,1455,3157
4310652,RS,202609,166,474,115061,693.14,693.14,686,1559,215,112,359
4310702,RS,202609,103,307,69562,675.36,675.36,523,1282,94,122,307
4310751,RS,202609,68,195,43535,640.22,640.22,309,752,64,57,188
4310801,RS,202609,177,495,107417,613.81,606.88,1062,2694,179,310,573
4310850,RS,202609,184,497,117333,641.16,637.68,1068,2444,169,196,703
4310876,RS,202609,226,636,152175,673.34,673.34,567,1404,226,100,241
4310900,RS,202609,59,167,39276,665.69,665.69,440,996,54,76,310
4311007,RS,202609,1769,4356,1174577,666.99,663.98,5895,11756,2315,1118,2462
4311106,RS,202609,729,1840,488519,670.12,670.12,1860,4092,811,287,762
4311122,RS,202609,339,902,229170,678.02,676.02,807,1890,400,158,249
4311130,RS,202609,268,783,166443,621.06,621.06,812,1899,254,182,376
4311155,RS,202609,643,1648,432743,673.01,673.01,1545,3468,638,247,660
4311205,RS,202609,1269,3294,864660,687.88,681.37,3557,7671,1317,702,1538
4311239,RS,202609,144,374,90323,627.24,627.24,503,1207,126,96,281
4311254,RS,202609,607,1683,395230,651.12,651.12,1529,3545,674,239,616
4311270,RS,202609,24,73,16207,675.29,675.29,258,626,28,25,205
4311304,RS,202609,1496,3835,1014139,682.0,677.9,4175,9300,1812,811,1552
4311403,RS,202609,1789,4891,1127665,648.08,630.33,10949,24900,1506,2106,7337
4311429,RS,202609,283,768,191425,676.41,676.41,878,1906,329,171,378
4311502,RS,202609,536,1438,360626,676.6,672.81,1446,3231,638,289,519
4311601,RS,202609,236,660,166371,704.96,704.96,1012,2383,238,177,597
4311627,RS,202609,242,727,175001,729.17,723.14,851,2096,267,143,441
4311643,RS,202609,12,34,7370,614.17,614.17,146,362,13,24,109
4311700,RS,202609,143,403,92045,643.67,643.67,667,1535,147,186,334
4311718,RS,202609,491,1251,330443,673.0,673.0,1276,2641,589,189,498
4311734,RS,202609,197,606,138284,701.95,701.95,553,1332,211,120,222
4311759,RS,202609,394,1087,261924,666.47,664.78,1622,3611,432,319,871
4311775,RS,202609,487,1354,333124,688.27,684.03,1403,3265,601,211,591
4311791,RS,202609,39,126,24142,619.03,619.03,277,621,30,41,206
4311809,RS,202609,860,2419,553568,649.73,643.68,4153,9898,876,1031,2246
4311908,RS,202609,77,237,53348,701.95,692.83,777,1776,92,119,566
4311981,RS,202609,246,718,170510,704.59,693.13,518,1332,274,110,134
4312005,RS,202609,37,97,21280,575.14,575.14,412,955,49,52,311
4312054,RS,202609,41,123,25530,622.68,622.68,747,1721,40,97,610
4312104,RS,202609,301,745,201613,669.81,669.81,849,1852,324,199,326
4312138,RS,202609,144,382,99703,697.22,692.38,557,1303,146,88,323
4312153,RS,202609,140,397,91978,656.99,656.99,718,1675,119,147,452
4312179,RS,202609,72,190,49553,688.24,688.24,238,535,93,46,99
4312203,RS,202609,208,590,141201,678.85,678.85,880,1950,231,150,499
4312252,RS,202609,927,2242,627639,680.74,677.06,2083,4127,978,289,816
4312302,RS,202609,377,1025,259844,689.24,689.24,1210,2783,411,186,613
4312351,RS,202609,3,4,1950,650.0,650.0,197,547,4,15,178
4312377,RS,202609,185,592,130851,707.3,707.3,521,1437,163,122,236
4312385,RS,202609,14,50,10473,748.07,748.07,26,81,12,9,5
4312401,RS,202609,2660,6870,1761653,670.34,662.28,7310,16468,2520,1701,3089
4312427,RS,202609,121,304,80202,662.83,662.83,500,1085,165,91,244
4312443,RS,202609,75,219,46092,622.86,614.56,500,1251,62,86,352
4312450,RS,202609,432,1089,294296,681.24,681.24,1609,3374,551,261,797
4312476,RS,202609,39,113,25242,647.23,647.23,311,707,41,62,208
4312500,RS,202609,975,2632,669051,694.76,686.21,3023,6212,1248,493,1282
4312609,RS,202609,85,227,52867,629.37,621.96,757,1799,81,104,572
4312617,RS,202609,149,438,105114,719.96,705.46,412,1048,183,76,153
4312625,RS,202609,72,230,49972,694.06,694.06,316,744,64,55,197
4312658,RS,202609,247,665,158599,658.09,642.1,2070,4633,298,300,1472
4312674,RS,202609,60,170,41809,696.82,696.82,228,551,60,54,114
4312708,RS,202609,938,2318,625317,670.94,666.65,3909,7851,1123,624,2162
4312757,RS,202609,58,156,36175,623.71,623.71,181,445,58,30,93
4312807,RS,202609,54,173,36094,668.41,668.41,304,808,41,74,189
4312906,RS,202609,60,222,37955,632.58,632.58,484,1485,41,124,319
4312955,RS,202609,16,50,11721,732.56,732.56,154,350,23,16,115
4313003,RS,202609,47,139,31267,665.26,665.26,497,1241,40,54,403
4313011,RS,202609,14,39,8875,633.93,633.93,324,858,12,41,271
4313037,RS,202609,232,543,150229,647.54,647.54,1009,2170,239,193,577
4313060,RS,202609,719,1921,487493,680.86,678.02,2022,4760,680,483,859
4313086,RS,202609,11,43,8102,736.55,736.55,47,152,6,23,18
4313102,RS,202609,209,532,135221,646.99,646.99,718,1636,191,138,389
4313201,RS,202609,188,564,126290,675.35,671.76,928,2393,185,243,500
4313300,RS,202609,491,1436,293949,606.08,598.67,2542,6002,378,593,1571
4313334,RS,202609,35,103,23644,675.54,675.54,186,472,35,42,109
4313359,RS,202609,26,72,19612,754.31,754.31,84,211,34,14,36
4313375,RS,202609,2385,5936,1564133,661.93,655.82,7144,14997,2716,1126,3302
4313391,RS,202609,234,607,149026,636.86,636.86,698,1588,232,139,327
4313409,RS,202609,9075,23773,5989533,665.43,660.0,25787,58951,8548,5597,11642
4313425,RS,202609,165,469,110141,671.59,667.52,417,976,156,76,185
4313441,RS,202609,95,272,60258,634.29,634.29,495,1168,81,96,318
4313466,RS,202609,30,93,19282,642.73,642.73,297,716,23,46,228
4313490,RS,202609,319,866,204285,640.39,640.39,1118,2436,330,191,597
4313508,RS,202609,2522,6863,1708659,690.93,677.5,6988,15652,3042,1304,2642
4313607,RS,202609,113,342,69748,628.36,617.24,698,1647,93,118,487
4313656,RS,202609,1205,3059,811865,687.44,673.75,3809,7473,1626,556,1627
4313706,RS,202609,2100,5446,1390811,666.42,662.29,6989,14739,2534,1242,3213
4313805,RS,202609,454,1278,309898,684.1,682.59,1421,3353,578,244,599
4313904,RS,202609,1018,2628,670066,666.73,658.22,2947,6731,898,551,1498
4313953,RS,202609,1016,2488,686922,677.44,676.1,2464,5058,1009,351,1104
4314001,RS,202609,46,143,27915,606.85,606.85,399,1038,28,110,261
4314027,RS,202609,407,1073,275126,675.99,675.99,989,2243,403,157,429
4314035,RS,202609,87,239,56437,663.96,648.7,340,857,93,85,162
4314050,RS,202609,2952,8331,2047517,700.48,693.6,9292,21546,3236,1882,4174
4314068,RS,202609,181,540,108187,601.04,597.72,671,1679,118,177,376
4314076,RS,202609,241,651,157631,654.07,654.07,756,1777,196,199,361
4314100,RS,202609,8184,22697,5596334,693.65,683.81,26341,60640,9601,5246,11494
4314134,RS,202609,14,39,9232,659.43,659.43,328,889,14,34,280
4314159,RS,202609,284,789,188445,675.43,663.54,951,2333,259,217,475
4314175,RS,202609,170,425,109637,644.92,644.92,678,1360,237,98,343
4314209,RS,202609,724,1700,484804,676.16,669.62,2043,3972,938,309,796
4314308,RS,202609,164,454,110864,680.15,676.0,784,1751,158,116,510
4314407,RS,202609,18669,45266,12282156,664.44,657.89,59579,121070,24571,11767,23241
4314423,RS,202609,16,54,12180,761.25,761.25,195,526,26,38,131
4314456,RS,202609,37,118,24456,660.97,660.97,539,1453,63,93,383
4314464,RS,202609,133,389,92210,693.31,693.31,372,946,158,75,139
4314472,RS,202609,207,589,140370,678.12,678.12,817,1937,218,147,452
4314498,RS,202609,278,749,188244,682.04,677.14,1083,2573,374,196,513
4314506,RS,202609,945,2158,607175,644.56,642.51,2793,5344,1130,485,1178
4314548,RS,202609,28,81,17957,641.32,641.32,112,310,32,41,39
4314555,RS,202609,140,354,89912,642.23,642.23,683,1497,129,113,441
4314605,RS,202609,1322,3171,878356,665.93,664.41,4744,9134,1805,838,2101
4314704,RS,202609,538,1504,362914,675.82,674.56,1686,4167,465,386,835
4314753,RS,202609,14,53,11676,834.0,834.0,291,761,10,24,257
4314779,RS,202609,170,461,115530,679.59,679.59,781,1789,227,105,449
4314787,RS,202609,17,65,10408,612.24,612.24,304,836,11,34,259
4314803,RS,202609,1254,3349,809630,650.83,645.64,4139,10023,1079,1208,1852
4314902,RS,202609,80592,194472,53255427,665.1,660.8,235963,462676,92949,36541,106473
4315008,RS,202609,177,493,118512,677.21,669.56,745,1751,176,133,436
4315057,RS,202609,115,306,74645,649.09,649.09,375,883,100,79,196
4315073,RS,202609,49,149,30707,626.67,626.67,327,762,35,56,236
4315107,RS,202609,668,1864,451067,678.3,675.25,2444,5674,720,450,1274
4315131,RS,202609,41,112,25232,615.41,615.41,315,680,39,50,226
4315149,RS,202609,43,117,29160,678.14,678.14,163,412,50,31,82
4315156,RS,202609,218,557,138308,637.36,634.44,850,1929,189,177,484
4315172,RS,202609,35,109,23699,677.11,677.11,113,324,32,33,48
4315206,RS,202609,66,190,43441,658.2,658.2,448,1071,62,71,315
4315305,RS,202609,1682,4679,1104327,659.3,656.56,6686,14629,1826,1364,3496
4315313,RS,202609,56,178,38509,700.16,687.66,302,694,76,44,182
4315321,RS,202609,229,573,148046,646.49,646.49,700,1492,219,131,350
4315354,RS,202609,66,178,39656,600.85,600.85,338,824,60,73,205
4315404,RS,202609,1496,3911,1010851,680.25,675.7,3008,6791,1436,509,1063
4315453,RS,202609,33,86,20959,635.12,635.12,412,996,33,49,330
4315503,RS,202609,984,2542,649504,667.53,660.07,2998,6732,968,571,1459
4315552,RS,202609,238,597,157475,661.66,661.66,806,1712,261,102,443
4315602,RS,202609,9409,25818,6255492,672.2,664.84,43826,91359,11323,9666,22837
4315701,RS,202609,3154,7685,2091482,668.42,663.12,7055,14560,3291,1073,2691
4315750,RS,202609,159,416,107895,678.58,678.58,556,1294,194,131,231
4315800,RS,202609,366,991,250196,687.35,683.6,1628,3714,356,227,1045
4315909,RS,202609,260,762,159321,612.77,612.77,1262,3138,216,309,737
4315958,RS,202609,126,338,83144,659.87,659.87,513,1167,130,88,295
4316006,RS,202609,651,1746,412046,640.82,632.94,2585,6132,552,652,1381
4316105,RS,202609,494,1331,347251,704.36,702.94,2206,4721,509,434,1263
4316204,RS,202609,163,440,108274,664.26,664.26,581,1346,177,80,324
4316303,RS,202609,220,643,134089,617.92,609.5,1455,3460,167,308,980
4316402,RS,202609,4862,10782,3267939,674.5,672.14,9726,18608,5803,926,2997
4316428,RS,202609,165,439,108842,659.65,659.65,771,1718,200,138,433
4316436,RS,202609,61,168,36560,599.34,599.34,359,847,51,58,250
4316451,RS,202609,1191,2416,769105,649.58,645.76,2951,5247,1470,362,1119
4316477,RS,202609,15,62,10012,667.47,667.47,347,863,8,53,286
4316501,RS,202609,45,144,28380,645.0,630.67,222,534,41,55,126
4316600,RS,202609,137,392,79583,580.9,580.9,875,2324,84,253,538
4316709,RS,202609,489,1210,323014,661.91,660.56,1730,3552,538,276,916
4316733,RS,202609,42,142,31642,753.38,753.38,283,739,51,43,189
4316758,RS,202609,29,93,17211,593.48,593.48,573,1508,18,95,460
4316808,RS,202609,5117,12949,3272515,649.18,639.54,15027,33292,4549,3234,7244
4316907,RS,202609,13992,35632,9231249,667.24,659.75,39487,85834,14156,8549,16782
4316956,RS,202609,62,154,36869,594.66,594.66,328,755,60,70,198
4316972,RS,202609,172,442,112891,656.34,656.34,551,1198,200,109,242
4317004,RS,202609,660,1633,429929,651.41,651.41,1862,3989,677,387,798
4317103,RS,202609,6612,17725,4512743,684.06,682.51,19475,40374,8067,3357,8051
4317202,RS,202609,1786,4997,1154483,654.84,646.41,10110,22587,1427,2539,6144
4317251,RS,202609,9,21,5155,572.78,572.78,68,151,7,12,49
4317301,RS,202609,1806,4588,1207228,668.82,668.45,6528,13188,2261,1152,3115
4317400,RS,202609,1755,4606,1114849,639.98,635.24,6090,13956,1472,1622,2996
4317509,RS,202609,3090,8274,2090769,684.6,676.62,11952,26519,2845,2944,6163
4317558,RS,202609,13,45,7574,582.62,582.62,400,1019,8,48,344
4317608,RS,202609,2174,5502,1417105,657.28,651.84,6390,13635,2351,1216,2823
4317707,RS,202609,1019,2530,673311,665.99,660.76,2933,5821,1079,541,1313
4317756,RS,202609,54,145,36576,677.33,677.33,364,824,63,45,256
4317806,RS,202609,706,1906,467368,662.93,661.99,2752,5941,778,545,1429
4317905,RS,202609,242,729,142145,589.81,587.38,979,2444,141,275,563
4317954,RS,202609,56,169,39620,707.5,707.5,308,756,65,67,176
4318002,RS,202609,2230,6144,1520772,686.89,681.96,10465,22581,3031,2479,4955
4318051,RS,202609,7,30,3541,505.86,505.86,224,601,4,29,191
4318101,RS,202609,1274,3175,851601,671.08,668.45,3789,7973,1398,681,1710
4318200,RS,202609,1014,2866,683668,694.78,674.23,3093,7236,1197,621,1275
4318309,RS,202609,2768,7505,1839925,666.64,664.71,10333,22822,3129,2525,4679
4318408,RS,202609,1531,3948,1030091,679.48,672.82,4336,9107,1788,682,1866
4318424,RS,202609,49,135,28720,586.12,586.12,635,1520,39,112,484
4318432,RS,202609,117,373,75803,647.89,647.89,367,1006,90,88,189
4318440,RS,202609,28,85,19293,689.04,689.04,219,543,25,32,162
4318457,RS,202609,156,434,104921,672.57,672.57,656,1561,146,114,396
4318465,RS,202609,139,371,90999,654.67,654.67,386,845,164,75,147
4318481,RS,202609,24,71,14864,619.33,619.33,160,428,23,46,91
4318499,RS,202609,18,53,11525,640.28,640.28,474,1104,18,40,416
4318507,RS,202609,1188,3543,727044,616.14,611.99,6447,15374,910,2184,3353
4318606,RS,202609,182,464,122096,670.86,670.86,857,2006,183,152,522
4318614,RS,202609,26,77,14200,645.45,546.15,139,354,29,38,72
4318622,RS,202609,317,1004,222165,707.53,700.84,748,1944,347,154,247
4318705,RS,202609,13135,34914,8862392,685.63,674.72,40211,84157,14553,7624,18034
4318804,RS,202609,1690,4448,1093548,652.47,647.07,5198,11936,1756,1202,2240
4318903,RS,202609,1767,4828,1160354,663.44,656.68,6042,14412,1497,1384,3161
4319000,RS,202609,383,998,258416,678.26,674.72,1410,3261,449,257,704
4319109,RS,202609,135,379,92328,683.91,683.91,970,2160,145,138,687
4319125,RS,202609,304,814,201323,662.25,662.25,769,1788,302,161,306
4319158,RS,202609,649,1568,443747,685.85,683.74,1415,2950,730,209,476
4319208,RS,202609,699,1641,469302,675.25,671.39,1652,3129,890,184,578
4319307,RS,202609,153,452,88826,588.25,580.56,830,2138,110,191,529
4319356,RS,202609,15,50,10811,772.21,720.73,119,279,20,16,83
4319364,RS,202609,127,339,85125,670.28,670.28,454,1066,145,62,247
4319372,RS,202609,48,136,31161,663.0,649.19,277,646,47,64,166
4319406,RS,202609,1072,2749,725366,677.28,676.65,3168,6973,1019,598,1551
4319505,RS,202609,713,1982,458479,662.54,643.03,3559,7685,640,857,2062
4319604,RS,202609,1098,2910,704872,648.46,641.96,3400,7997,926,1025,1449
4319703,RS,202609,61,186,41181,675.1,675.1,531,1281,52,91,388
4319711,RS,202609,29,87,19561,674.52,674.52,141,346,31,25,85
4319737,RS,202609,524,1191,349724,668.69,667.41,903,2001,492,127,284
4319752,RS,202609,15,48,7932,528.8,528.8,193,478,9,23,161
4319802,RS,202609,772,1827,517436,670.25,670.25,1669,3469,781,258,630
4319901,RS,202609,3718,10016,2567800,699.1,690.64,10894,23672,4232,2056,4606
4320008,RS,202609,8105,20519,5308050,664.84,654.91,21939,46351,8238,4166,9535
4320107,RS,202609,911,2538,596860,660.24,655.17,3612,8304,914,747,1951
4320206,RS,202609,468,1302,315062,676.1,673.21,2000,4569,480,442,1078
4320230,RS,202609,106,279,68825,655.48,649.29,755,1623,105,116,534
4320263,RS,202609,588,1541,386990,658.15,658.15,1317,3112,596,294,427
4320305,RS,202609,96,276,56194,597.81,585.35,536,1313,77,125,334
4320321,RS,202609,106,267,70856,668.45,668.45,403,895,117,70,216
4320354,RS,202609,357,976,242020,681.75,677.93,1156,2563,486,218,452
4320404,RS,202609,232,668,155511,679.09,670.31,1164,2853,239,232,693
4320453,RS,202609,41,124,27989,682.66,682.66,204,498,35,56,113
4320503,RS,202609,188,496,119305,634.6,634.6,660,1554,169,168,323
4320552,RS,202609,307,796,205148,677.06,668.23,907,2022,388,139,380
4320578,RS,202609,80,180,51370,642.13,642.12,316,716,84,41,191
4320602,RS,202609,52,166,33098,636.5,636.5,569,1265,40,77,452
4320651,RS,202609,92,260,56677,616.05,616.05,298,741,84,81,133
4320677,RS,202609,433,1178,248075,572.92,572.92,1148,2852,300,352,496
4320701,RS,202609,756,2002,513666,684.89,679.45,1979,4491,859,400,720
4320800,RS,202609,1620,4291,1096565,683.64,676.89,6639,14268,1927,1419,3293
4320859,RS,202609,246,712,172053,708.04,699.4,517,1362,232,129,156
4320909,RS,202609,689,1935,452517,664.49,656.77,3143,7675,624,647,1872
4321006,RS,202609,123,368,75771,616.02,616.02,1034,2451,78,309,647
4321105,RS,202609,815,2056,540422,668.84,663.09,2910,6458,1016,723,1171
4321204,RS,202609,1939,5212,1252743,654.17,646.08,5358,12978,1580,1461,2317
4321303,RS,202609,1614,4154,1104936,685.02,684.59,3758,8130,1513,686,1559
4321329,RS,202609,75,215,47467,632.89,632.89,386,914,75,79,232
4321352,RS,202609,344,933,237135,703.66,689.35,1238,2690,406,247,585
4321402,RS,202609,1469,3505,1006328,685.98,685.04,2708,5956,1489,435,784
4321436,RS,202609,750,2009,499278,673.79,665.7,2359,5269,831,513,1015
4321451,RS,202609,522,1459,328290,636.22,628.91,2641,6216,394,627,1620
4321469,RS,202609,46,127,28585,621.41,621.41,184,446,39,54,91
4321477,RS,202609,159,468,107550,676.42,676.42,747,1871,139,175,433
4321493,RS,202609,132,347,87822,665.32,665.32,666,1430,163,71,432
4321501,RS,202609,2183,5693,1471136,677.63,673.91,7079,15070,2810,1367,2902
4321600,RS,202609,3620,9820,2485639,696.65,686.64,11708,25267,4653,2312,4743
4321626,RS,202609,7,23,4077,582.43,582.43,310,657,5,17,288
4321634,RS,202609,10,34,8000,800.0,800.0,296,662,12,11,273
4321667,RS,202609,242,718,159102,662.93,657.45,899,2341,231,281,387
4321709,RS,202609,530,1562,362331,694.12,683.64,2168,5282,507,584,1077
4321808,RS,202609,868,2319,554207,639.96,638.49,3529,8004,742,657,2130
4321832,RS,202609,249,670,166952,673.19,670.49,652,1523,291,110,251
4321857,RS,202609,331,912,236049,715.3,713.14,1164,2612,330,194,640
4321907,RS,202609,1137,3026,764088,674.39,672.02,3665,7807,1127,586,1952
4321956,RS,202609,242,726,158694,655.76,655.76,1346,3340,221,303,822
4322004,RS,202609,1855,4908,1250440,682.55,674.09,5512,12372,1920,888,2704
4322103,RS,202609,171,454,109148,653.58,638.29,590,1350,174,114,302
4322152,RS,202609,296,888,200058,675.87,675.87,920,2263,301,234,385
4322186,RS,202609,43,92,26670,620.23,620.23,355,731,64,42,249
4322202,RS,202609,2015,4795,1355635,674.45,672.77,5186,10400,2278,706,2202
4322251,RS,202609,50,139,30321,606.42,606.42,208,536,42,67,99
4322301,RS,202609,167,465,112234,672.06,672.06,823,1971,145,178,500
4322327,RS,202609,148,404,98537,665.79,665.79,565,1325,145,118,302
4322343,RS,202609,55,164,37994,690.8,690.8,270,634,63,43,164
4322350,RS,202609,18,53,12937,718.72,718.72,60,139,23,10,27
4322376,RS,202609,206,525,136135,660.85,660.85,337,803,189,66,82
4322400,RS,202609,7832,21387,5284092,684.29,674.68,21193,46380,8254,4106,8833
4322509,RS,202609,3664,9835,2496256,690.72,681.29,11344,26366,4398,2074,4872
4322525,RS,202609,168,450,107783,653.23,641.57,648,1554,162,141,345
4322533,RS,202609,520,1408,338169,650.33,650.33,1377,3393,457,336,584
4322541,RS,202609,35,102,22286,675.33,636.74,603,1448,42,71,490
4322558,RS,202609,25,76,15316,612.64,612.64,208,492,21,29,158
4322608,RS,202609,2857,7515,1868918,659.46,654.15,8645,19501,2487,1769,4389
4322707,RS,202609,1355,3618,873628,648.57,644.74,3619,8367,1146,890,1583
4322806,RS,202609,175,488,100580,595.15,574.74,1045,2671,127,282,636
4322855,RS,202609,12,28,8000,666.67,666.67,190,523,15,11,164
4322905,RS,202609,109,351,77260,708.81,708.81,416,1063,141,65,210
4323002,RS,202609,17520,46378,11776096,676.44,672.15,44605,100346,17907,8803,17895
4323101,RS,202609,542,1474,366339,675.9,675.9,1277,2931,578,213,486
4323200,RS,202609,38,125,25937,682.55,682.55,307,749,39,55,213
4323309,RS,202609,22,60,15202,691.0,691.0,281,693,25,44,212
4323358,RS,202609,16,47,11914,744.63,744.62,207,553,17,37,153
4323408,RS,202609,73,211,49394,686.03,676.63,459,1129,98,82,279
4323457,RS,202609,682,1323,453297,665.63,664.66,1151,2042,700,137,314
4323507,RS,202609,78,239,53654,687.87,687.87,419,947,81,65,273
4323606,RS,202609,16,52,12983,811.44,811.44,281,844,18,19,244
4323705,RS,202609,81,236,53581,661.49,661.49,542,1275,68,110,364
4323754,RS,202609,174,453,113326,651.3,651.3,614,1396,172,134,308
4323770,RS,202609,9,29,6137,681.89,681.89,232,629,10,24,198
4323804,RS,202609,729,2151,496825,692.92,681.52,2533,6547,653,643,1237
5000203,MS,202609,1515,4224,1022380,681.59,674.84,5132,10946,1512,939,2681
5000252,MS,202609,440,1219,307285,698.38,698.38,1522,3294,531,218,773
5000609,MS,202609,5586,12736,3788290,679.88,678.18,12755,27386,6302,2109,4344
5000708,MS,202609,2129,5834,1449038,684.15,680.62,7119,15515,2057,1714,3348
5000807,MS,202609,554,1517,383933,694.27,693.02,2130,4698,612,395,1123
5000856,MS,202609,827,2302,586107,709.57,708.71,2814,6315,866,509,1439
5000906,MS,202609,803,2286,564624,703.14,703.14,2781,6215,762,821,1198
5001003,MS,202609,1862,5174,1269826,684.54,681.97,5960,13481,1818,1449,2693
5001102,MS,202609,5274,14661,3725737,706.7,706.43,15847,34493,5487,3174,7186
5001243,MS,202609,1466,3794,1041138,710.19,710.19,3425,7451,1684,582,1159
5001508,MS,202609,759,2034,537625,708.33,708.33,2168,4476,925,333,910
5001904,MS,202609,1645,4358,1094612,665.42,665.42,6185,14614,1450,1508,3227
5002001,MS,202609,969,2536,662911,686.24,684.12,3106,6825,983,480,1643
5002100,MS,202609,2458,6609,1713628,697.45,697.16,6779,14418,2994,1117,2668
5002159,MS,202609,692,2047,488803,709.44,706.36,2149,5104,657,415,1077
5002209,MS,202609,1735,5121,1217626,703.42,701.8,5297,12887,1872,1161,2264
5002308,MS,202609,1046,2817,698845,671.32,668.11,3274,7343,1021,648,1605
5002407,MS,202609,1627,4896,1101443,676.98,676.98,5101,13599,1365,1634,2102
5002605,MS,202609,1199,3155,835019,697.59,696.43,4082,8241,1386,645,2051
5002704,MS,202609,49908,137691,34689744,695.72,695.07,180517,400142,53125,40362,87030
5002803,MS,202609,549,1688,336429,612.8,612.8,1643,4122,365,484,794
5002902,MS,202609,1062,3047,710093,670.53,668.64,4486,10219,925,1068,2493
5002951,MS,202609,1550,4046,988184,639.19,637.54,5740,13049,1279,1530,2931
5003108,MS,202609,306,852,196091,655.82,640.82,1462,2762,312,335,815
5003157,MS,202609,3489,8465,2461211,707.85,705.42,7249,14428,4572,774,1903
5003207,MS,202609,9636,29824,7145032,746.14,741.49,27474,66603,10546,5240,11688
5003256,MS,202609,2650,7058,1857720,701.82,701.03,8542,17709,3273,1340,3929
5003306,MS,202609,2686,7118,1830527,683.29,681.51,8661,18043,2753,1782,4126
5003454,MS,202609,752,2066,519009,693.86,690.17,2945,6854,814,569,1562
5003488,MS,202609,1421,3819,978628,689.66,688.69,3517,7730,1344,664,1509
5003504,MS,202609,430,1211,299393,696.26,696.26,1621,3898,414,318,889
5003702,MS,202609,13380,37949,9279056,694.96,693.5,36312,91466,11900,9785,14627
5003751,MS,202609,762,2084,508968,671.46,667.94,3214,7540,796,750,1668
5003801,MS,202609,970,2724,641055,663.62,660.88,4875,11326,809,1280,2786
5003900,MS,202609,268,711,176395,658.19,658.19,949,1858,255,176,518
5004007,MS,202609,577,1530,379241,657.26,657.26,2291,5254,545,524,1222
5004106,MS,202609,883,2526,600255,680.56,679.79,2933,6499,787,713,1433
5004304,MS,202609,738,2332,466878,636.07,632.63,3435,8603,504,999,1932
5004403,MS,202609,361,1062,253703,702.78,702.78,1613,3913,326,288,999
5004502,MS,202609,658,1955,477547,725.76,725.76,2987,6997,760,746,1481
5004601,MS,202609,720,2200,430407,598.62,597.79,5067,12112,445,1567,3055
5004700,MS,202609,1020,2836,645392,633.36,632.74,4559,10906,791,1241,2527
5004809,MS,202609,1582,4586,1128471,713.77,713.32,2931,7336,1632,507,792
5004908,MS,202609,351,1087,252083,718.19,718.19,1631,3722,448,322,861
5005004,MS,202609,1304,4264,957103,733.97,733.97,5390,12802,1214,1650,2526
5005103,MS,202609,311,869,212288,684.8,682.6,891,2159,306,159,426
5005152,MS,202609,747,2156,522204,709.52,699.07,2059,4885,737,399,923
5005202,MS,202609,1912,5963,1435548,751.6,750.81,4601,11687,2244,769,1588
5005251,MS,202609,623,1779,441398,710.79,708.5,1613,3995,632,332,649
5005400,MS,202609,1838,5703,1332209,724.81,724.81,7805,19102,1699,1997,4109
5005608,MS,202609,4036,11153,2918317,724.69,723.07,7942,18666,3947,1152,2843
5005681,MS,202609,1775,5068,1260664,711.44,710.23,7858,15607,2812,1471,3575
5005707,MS,202609,3670,9365,2381505,658.24,648.91,12348,26999,3269,2851,6228
5005806,MS,202609,1415,4100,978979,692.35,691.86,4511,10260,1537,939,2035
5006002,MS,202609,1409,3995,946719,673.82,671.91,5218,11943,1273,1243,2702
5006200,MS,202609,3479,9316,2381723,687.37,684.6,12831,28203,3697,2307,6827
5006259,MS,202609,231,645,155233,680.85,672.0,809,1953,221,179,409
5006275,MS,202609,175,533,105464,602.65,602.65,966,2455,116,315,535
5006309,MS,202609,2124,5869,1427109,672.21,671.9,9986,21694,1954,2220,5812
5006358,MS,202609,1938,6766,1509673,794.98,778.99,4117,11266,2107,789,1221
5006408,MS,202609,792,2038,567591,716.66,716.66,2231,4491,1002,272,957
5006606,MS,202609,9212,27571,6517837,709.85,707.54,29235,68440,8584,7605,13046
5006903,MS,202609,1374,3952,947332,690.48,689.47,3953,9044,1155,918,1880
5007109,MS,202609,1122,3303,752905,675.25,671.04,4990,12349,910,1404,2676
5007208,MS,202609,1711,5084,1180328,691.87,689.85,6962,16513,1473,1758,3731
5007307,MS,202609,311,885,211753,680.88,680.88,1355,3097,260,359,736
5007406,MS,202609,1756,5058,1236939,708.04,704.41,5310,12106,1651,1177,2482
5007505,MS,202609,472,1284,332340,705.61,704.11,1636,3518,467,331,838
5007554,MS,202609,346,1004,232716,674.54,672.59,1749,4275,326,365,1058
5007695,MS,202609,1180,3373,748026,635.54,633.92,6382,15037,841,1546,3995
5007703,MS,202609,581,1817,423555,729.01,729.01,1968,4779,631,542,795
5007802,MS,202609,364,1003,236015,653.78,648.39,1891,4385,322,457,1112
5007901,MS,202609,3634,10197,2494513,688.33,686.44,12570,29952,3412,2655,6503
5007935,MS,202609,911,2465,632616,694.42,694.42,3079,7234,1062,686,1331
5007950,MS,202609,1479,4096,986646,684.7,667.1,3298,7786,1335,704,1259
5007976,MS,202609,315,876,218360,695.41,693.21,1230,2624,314,207,709
5008008,MS,202609,1219,3446,830191,681.04,681.04,4899,10596,1126,1086,2687
5008305,MS,202609,7411,20008,4974292,674.66,671.2,26363,62705,6530,6557,13276
5008404,MS,202609,466,1231,310858,668.51,667.08,1637,3730,468,374,795
5100102,MT,202609,669,1820,453783,678.3,678.3,1939,4218,760,334,845
5100201,MT,202609,700,2107,458996,656.65,655.71,4891,12772,549,1160,3182
5100250,MT,202609,3593,9979,2447856,682.42,681.28,11463,26186,3284,2270,5909
5100300,MT,202609,863,2316,571638,665.47,662.38,3556,7428,789,778,1989
5100359,MT,202609,469,1723,364739,786.08,777.7,1295,3527,433,321,541
5100409,MT,202609,983,2615,682467,694.27,694.27,2942,6208,1051,564,1327
5100508,MT,202609,882,2342,598229,681.35,678.26,2689,5506,1147,391,1151
5100607,MT,202609,498,1431,344537,691.84,691.84,1836,4511,467,441,928
5100805,MT,202609,540,1767,359958,667.83,666.59,1904,4958,397,676,831
5101001,MT,202609,247,672,174748,710.36,707.48,885,2008,294,172,419
5101209,MT,202609,94,231,64384,684.94,684.94,361,629,126,44,191
5101258,MT,202609,661,1874,428799,648.71,648.71,2550,6721,523,763,1264
5101308,MT,202609,590,1628,405740,691.21,687.69,2318,5086,785,426,1107
5101407,MT,202609,1487,5223,1035687,702.64,696.49,3785,10443,1173,1137,1475
5101605,MT,202609,1292,3406,881500,682.8,682.28,2877,6069,1631,272,974
5101704,MT,202609,2095,5701,1434645,699.14,684.79,6667,15211,2609,1207,2851
5101803,MT,202609,5697,15845,4087981,718.7,717.57,17882,37777,6392,3293,8197
5101837,MT,202609,123,412,84261,685.05,685.05,514,1452,144,161,209
5101852,MT,202609,704,2245,512732,728.31,728.31,1850,4863,669,442,739
5101902,MT,202609,768,2685,557186,726.45,725.5,3059,8191,611,856,1592
5102504,MT,202609,6686,20877,4692395,705.2,701.82,20351,52655,7023,4856,8472
5102603,MT,202609,1747,7796,1598842,918.35,915.19,3045,11035,1732,634,679
5102637,MT,202609,1002,3064,665552,666.22,664.22,5694,14833,781,1713,3200
5102678,MT,202609,1527,4473,999774,656.88,654.73,7458,19183,1198,2030,4230
5102686,MT,202609,255,877,167796,660.61,658.02,1707,4606,166,568,973
5102694,MT,202609,401,1230,281679,713.11,702.44,1188,2982,371,260,557
5102702,MT,202609,962,3283,688280,718.46,715.47,3680,10033,725,1086,1869
5102793,MT,202609,363,1087,229803,636.57,633.07,2210,5495,274,586,1350
5102850,MT,202609,490,1371,337273,689.72,688.31,1564,3682,438,375,751
5103007,MT,202609,1981,5557,1380045,697.34,696.64,5247,11639,2314,927,2006
5103056,MT,202609,795,2255,558203,703.91,702.14,2341,5587,781,528,1032
5103106,MT,202609,537,1464,361607,682.28,673.38,1543,3490,571,333,639
5103205,MT,202609,1183,3429,766472,652.32,647.91,5478,13128,917,1322,3239
5103254,MT,202609,1392,4608,919102,668.44,660.27,6044,15719,1037,2384,2623
5103304,MT,202609,1733,4882,1255291,725.6,724.35,4627,10859,2166,739,1722
5103353,MT,202609,2680,8438,1910688,713.21,712.94,7031,18503,2661,1678,2692
5103361,MT,202609,241,861,181296,755.4,752.27,883,2380,295,175,413
5103379,MT,202609,646,2036,446398,692.09,691.02,2028,5275,557,553,918
5103403,MT,202609,39052,108078,26923363,691.73,689.42,121195,277765,36844,27672,56679
5103437,MT,202609,414,1197,281334,684.51,679.55,1405,3237,493,263,649
5103452,MT,202609,540,1482,381968,707.35,707.35,1733,4147,625,306,802
5103502,MT,202609,905,2922,662493,732.85,732.04,4613,11361,1016,1143,2454
5103601,MT,202609,656,1857,453714,693.75,691.64,1865,4223,665,395,805
5103700,MT,202609,1191,3638,868593,730.52,729.3,2368,6163,1085,464,819
5103809,MT,202609,204,564,143247,702.19,702.19,843,1797,351,101,391
5103858,MT,202609,1119,3276,848831,759.92,758.56,2171,5502,1242,281,648
5103908,MT,202609,809,2554,614168,760.11,759.17,2062,4795,914,319,829
5103957,MT,202609,287,786,197916,689.6,689.6,835,1776,348,111,376
5104104,MT,202609,3145,8821,2184727,700.01,694.67,7148,16799,2905,1309,2934
5104203,MT,202609,1039,2488,694955,668.87,668.87,3136,5886,1234,418,1484
5104500,MT,202609,137,410,93154,679.96,679.96,557,1328,146,96,315
5104526,MT,202609,690,1966,490465,712.89,710.82,1690,4228,689,331,670
5104542,MT,202609,506,1553,362476,717.77,716.36,1565,3704,465,352,748
5104559,MT,202609,358,1063,241090,675.32,673.44,1170,2992,291,285,594
5104609,MT,202609,772,2104,523037,683.71,677.51,2290,5443,728,505,1057
5104807,MT,202609,1780,4825,1224089,688.08,687.69,5998,13764,1878,1087,3033
5104906,MT,202609,846,2440,583970,692.73,690.27,2093,4894,896,368,829
5105002,MT,202609,337,1064,239472,719.14,710.6,1729,4042,413,420,896
5105101,MT,202609,1711,5581,1234633,724.12,721.59,5488,14134,1493,1332,2663
5105150,MT,202609,2136,6425,1434101,675.83,671.4,6495,16652,1736,1908,2851
5105176,MT,202609,856,2527,599383,701.85,700.21,2363,5613,756,559,1048
5105200,MT,202609,598,1727,422955,708.47,707.28,3019,6208,592,531,1896
5105234,MT,202609,382,1074,264059,691.25,691.25,1210,2778,408,235,567
5105259,MT,202609,3459,10079,2326614,675.75,672.63,12778,33517,2815,3029,6934
5105309,MT,202609,365,1015,254929,698.44,698.44,877,1989,415,140,322
5105507,MT,202609,1400,4104,985935,713.41,704.24,3680,9256,1436,706,1538
5105580,MT,202609,951,3109,684834,720.12,720.12,2505,6468,815,634,1056
5105606,MT,202609,557,1918,379249,683.33,680.88,3066,8174,398,1019,1649
5105622,MT,202609,1991,5437,1347731,678.96,676.91,7519,16920,2575,1364,3580
5105903,MT,202609,1561,4557,1105610,716.53,708.27,4511,10368,1751,774,1986
5106000,MT,202609,361,942,249260,692.39,690.47,1442,3061,463,268,711
5106109,MT,202609,1117,3226,766256,686.61,685.99,3779,8648,1263,692,1824
5106158,MT,202609,951,2982,613308,647.63,644.91,3107,8238,682,1001,1424
5106174,MT,202609,758,2565,612355,807.86,807.86,1411,3966,733,232,446
5106182,MT,202609,571,1683,406810,714.96,712.45,1832,4412,685,330,817
5106190,MT,202609,135,413,96423,714.24,714.24,716,1789,132,187,397
5106208,MT,202609,277,850,205206,748.93,740.82,1682,3521,373,317,992
5106216,MT,202609,356,1096,220188,620.25,618.51,1907,4919,233,608,1066
5106224,MT,202609,1327,4292,875710,663.92,659.92,7172,19715,917,2151,4104
5106232,MT,202609,922,2495,649844,706.35,704.82,3945,8350,1443,660,1842
5106240,MT,202609,249,843,164445,663.08,660.42,1529,4168,175,500,854
5106257,MT,202609,1248,3506,844011,678.47,676.29,5293,11941,1350,1180,2763
5106265,MT,202609,495,1584,317475,643.97,641.36,1773,4442,367,522,884
5106273,MT,202609,214,672,154244,720.77,720.77,861,2110,195,182,484
5106281,MT,202609,517,1519,366452,710.18,708.8,1547,3499,475,377,695
5106299,MT,202609,479,1532,317849,663.57,663.57,2278,5733,349,620,1309
5106307,MT,202609,1369,4444,1017835,746.21,743.49,4654,11173,1375,1086,2193
5106315,MT,202609,272,710,183250,673.71,673.71,719,1631,309,124,286
5106372,MT,202609,1344,3860,876985,664.38,652.52,4617,10733,1096,1242,2279
5106422,MT,202609,3536,10374,2561799,726.13,724.49,8260,20047,3223,1711,3326
5106455,MT,202609,292,915,195480,674.07,669.45,1107,2571,258,281,568
5106505,MT,202609,3712,11037,2605963,706.61,702.04,9764,21632,3894,1685,4185
5106653,MT,202609,472,1211,323598,685.59,685.59,1806,3903,489,389,928
5106703,MT,202609,170,444,117670,692.18,692.18,626,1166,255,91,280
5106752,MT,202609,1928,5967,1369086,714.18,710.11,8633,21588,2385,2170,4078
5106778,MT,202609,1137,3268,774308,685.23,681.01,2863,6900,1027,645,1191
5106802,MT,202609,187,538,123725,665.19,661.63,935,2220,151,219,565
5106828,MT,202609,862,2705,596555,697.73,692.06,2585,6364,894,656,1035
5106851,MT,202609,265,779,192016,730.1,724.59,799,1895,323,123,353
5107008,MT,202609,1673,5126,1193869,715.32,713.61,4851,11800,1617,960,2274
5107040,MT,202609,3554,9918,2351962,666.84,661.78,14119,32806,3057,3664,7398
5107065,MT,202609,1938,5672,1429888,741.26,737.82,4985,12349,2254,926,1805
5107107,MT,202609,779,2175,516622,667.47,663.19,3639,8256,855,835,1949
5107156,MT,202609,176,529,118868,675.39,675.39,712,1702,185,161,366
5107180,MT,202609,927,2969,712059,770.63,768.13,2753,6310,993,480,1280
5107198,MT,202609,149,423,106705,716.14,716.14,668,1431,210,131,327
5107206,MT,202609,270,772,179149,663.51,663.51,1086,2463,346,218,522
5107248,MT,202609,372,1193,265577,713.92,713.92,1187,3198,310,308,569
5107263,MT,202609,242,633,170866,706.06,706.06,802,1663,333,113,356
5107297,MT,202609,102,298,68378,670.37,670.37,835,1782,93,180,562
5107305,MT,202609,1049,2895,654756,633.84,624.17,3116,7761,816,856,1444
5107354,MT,202609,775,2510,581533,750.37,750.37,1643,4520,732,308,603
5107404,MT,202609,361,921,255438,707.58,707.58,1185,2686,432,167,586
5107578,MT,202609,219,796,172721,788.68,788.68,684,2037,197,214,273
5107602,MT,202609,11193,31739,7557398,677.61,675.19,50941,114463,9534,12973,28434
5107701,MT,202609,1903,4945,1318790,693.01,693.01,5246,10581,2451,652,2143
5107743,MT,202609,258,755,177019,686.12,686.12,672,1640,236,139,297
5107750,MT,202609,154,485,109529,711.23,711.23,1068,2362,151,279,638
5107768,MT,202609,186,606,112998,614.12,607.52,813,2192,116,213,484
5107776,MT,202609,712,2316,509454,716.53,715.53,1741,4529,636,396,709
5107792,MT,202609,406,1358,326342,805.78,803.8,1003,2767,398,164,441
5107800,MT,202609,1584,4944,1131263,715.54,714.18,5060,12192,1753,1001,2306
5107859,MT,202609,729,2269,535580,734.68,734.68,2842,6672,895,563,1384
5107875,MT,202609,1187,3790,798730,673.47,672.9,4692,12561,915,1474,2303
5107883,MT,202609,166,522,114947,692.45,692.45,643,1434,207,121,315
5107909,MT,202609,4298,13872,2730106,641.77,635.2,29229,71805,2663,10997,15569
5107925,MT,202609,4333,13558,2842648,657.26,656.05,17081,44093,3026,5388,8667
5107941,MT,202609,485,1471,355714,734.95,733.43,1551,4023,437,419,695
5107958,MT,202609,3944,11445,2738454,695.57,694.33,17660,41608,4948,4276,8436
5108006,MT,202609,581,1782,398144,685.27,685.27,1956,5160,487,564,905
5108055,MT,202609,545,1676,372800,684.04,684.04,2043,5177,455,495,1093
5108105,MT,202609,281,782,195049,711.86,694.12,933,1832,402,115,416
5108204,MT,202609,283,702,186619,659.43,659.43,956,1797,320,163,473
5108303,MT,202609,499,1435,352150,705.71,705.71,1264,2897,462,297,505
5108352,MT,202609,181,537,124136,685.83,685.83,851,1978,208,201,442
5108402,MT,202609,21596,62837,15229357,707.13,705.19,79188,168335,28976,14680,35532
5108501,MT,202609,590,1970,436273,739.45,739.45,2641,6794,600,648,1393
5108600,MT,202609,1195,3741,806185,678.04,674.63,3557,8821,892,1030,1635
5108808,MT,202609,276,858,175996,642.32,637.67,928,2398,196,294,438
5108857,MT,202609,163,522,115723,709.96,709.96,775,1860,199,192,384
5108907,MT,202609,367,1185,252238,704.58,687.3,1100,2952,328,293,479
5108956,MT,202609,692,1972,486838,703.52,703.52,1933,4737,618,353,962
5200050,GO,202609,2678,8231,1895778,713.23,707.91,6077,15652,2474,1599,2004
5200100,GO,202609,1261,3690,870452,690.29,690.29,3901,10008,1138,966,1797
5200134,GO,202609,1080,3245,715426,662.43,662.43,5103,11832,820,1538,2745
5200159,GO,202609,172,491,111210,650.35,646.57,651,1481,144,191,316
5200175,GO,202609,450,1258,309209,688.66,687.13,1686,3848,544,338,804
5200209,GO,202609,228,546,150305,659.23,659.23,709,1340,311,116,282
5200258,GO,202609,23810,69237,16825009,706.7,706.64,55265,137088,24186,13048,18031
5200308,GO,202609,3589,9500,2512575,700.66,700.08,8433,18705,4225,1217,2991
5200506,GO,202609,124,363,84024,677.61,677.61,546,1287,119,123,304
5200555,GO,202609,536,1465,369055,692.41,688.54,2172,5023,640,384,1148
5200605,GO,202609,951,2388,661501,695.58,695.58,2832,6062,1272,524,1036
5200803,GO,202609,849,2425,573332,676.1,675.3,2555,5788,760,721,1074
5200829,GO,202609,339,943,229823,677.94,677.94,1134,2582,321,237,576
5200852,GO,202609,446,1205,303424,680.32,680.32,1364,3157,474,317,573
5200902,GO,202609,310,780,211038,680.77,680.77,1032,2061,371,144,517
5201108,GO,202609,9669,30345,6325045,655.99,654.16,65518,156626,6840,20869,37809
5201207,GO,202609,66,172,44686,677.06,677.06,286,641,69,59,158
5201306,GO,202609,1495,3815,984922,658.81,658.81,5328,11337,1435,1225,2668
5201405,GO,202609,22362,64874,15281395,683.46,683.36,85553,198354,18986,26913,39654
5201454,GO,202609,170,484,103930,611.35,611.35,767,1777,110,263,394
5201504,GO,202609,304,880,219059,720.59,720.59,1175,2604,397,187,591
5201603,GO,202609,326,859,217871,668.32,668.32,1204,2695,365,269,570
5201702,GO,202609,1757,4842,1193366,679.59,679.21,5174,11476,1659,1059,2456
5201801,GO,202609,1838,4894,1261872,689.17,686.55,4086,8912,1951,718,1417
5202155,GO,202609,826,2191,551780,668.01,668.01,2165,4795,836,383,946
5202353,GO,202609,307,799,201072,654.96,654.96,1032,2152,317,207,508
5202502,GO,202609,564,1744,351637,623.47,623.47,2557,5802,371,1011,1175
5202601,GO,202609,200,530,134481,679.2,672.4,888,1938,202,190,496
5202809,GO,202609,329,844,214175,650.99,650.99,1055,2178,349,225,481
5203104,GO,202609,371,970,250235,674.49,674.49,1420,2855,575,231,614
5203203,GO,202609,893,2432,626325,701.37,701.37,3048,6982,892,549,1607
5203302,GO,202609,3134,8110,2181042,696.6,695.93,6789,15701,3029,1253,2507
5203401,GO,202609,796,2085,537498,676.95,675.25,2694,5543,871,526,1297
5203500,GO,202609,1298,3683,930958,718.33,717.22,4374,10560,1420,951,2003
5203559,GO,202609,812,2291,558612,688.79,687.95,2567,6310,725,709,1133
5203575,GO,202609,489,1276,333334,681.66,681.66,1300,2692,484,256,560
5203609,GO,202609,342,881,226358,661.87,661.87,1022,2291,328,215,479
5203807,GO,202609,382,1074,247922,649.01,649.01,1794,4334,322,421,1051
5203906,GO,202609,393,1170,256448,662.66,652.54,1833,4096,352,486,995
5203939,GO,202609,255,674,168767,667.06,661.83,991,2008,326,202,463
5203962,GO,202609,462,1228,325156,703.8,703.8,1116,2513,528,201,387
5204003,GO,202609,888,2362,616025,694.5,693.72,2163,4732,1045,367,751
5204102,GO,202609,758,2068,522990,689.96,689.96,2463,5674,806,461,1196
5204201,GO,202609,161,412,111721,693.92,693.92,496,1026,214,77,205
5204250,GO,202609,401,1036,272959,680.7,680.7,1968,4391,496,393,1079
5204300,GO,202609,595,1622,405470,689.57,681.46,3629,7331,964,669,1996
5204409,GO,202609,684,2012,466412,681.89,681.89,4204,9464,578,1115,2511
5204508,GO,202609,5001,14475,3436587,687.45,687.18,20726,48021,4970,5269,10487
5204557,GO,202609,327,966,225072,688.29,688.29,1177,2741,304,319,554
5204607,GO,202609,436,1238,303934,697.1,697.1,1130,2711,511,236,383
5204656,GO,202609,502,1316,338678,674.66,674.66,1189,2454,531,178,480
5204706,GO,202609,1336,3673,903615,677.37,676.36,3419,7497,1277,734,1408
5204805,GO,202609,481,1432,346434,721.74,720.24,1633,3826,554,334,745
5204854,GO,202609,1200,3605,843380,702.82,702.82,2343,5996,1213,408,722
5204904,GO,202609,2515,6831,1760617,700.05,700.05,5534,13209,2458,958,2118
5204953,GO,202609,779,1884,528979,680.8,679.05,1922,3761,878,284,760
5205000,GO,202609,864,2271,579118,670.28,670.28,2525,5743,835,429,1261
5205059,GO,202609,413,961,266151,644.43,644.43,1147,2213,512,191,444
5205109,GO,202609,4777,13448,3371766,707.31,705.83,16601,37167,5983,3532,7086
5205208,GO,202609,710,1879,481191,678.69,677.73,1669,3782,685,322,662
5205307,GO,202609,1336,3890,959226,717.98,717.98,3705,8387,1214,953,1538
5205406,GO,202609,917,2503,592999,646.67,646.67,4097,9696,837,972,2288
5205455,GO,202609,602,1757,404299,673.83,671.59,1934,4550,543,525,866
5205471,GO,202609,686,1945,482802,703.79,703.79,2314,5325,924,459,931
5205497,GO,202609,10176,27922,7074866,696.83,695.25,23792,55167,10620,4883,8289
5205513,GO,202609,3034,8149,2122384,699.53,699.53,6826,15242,3352,1097,2377
5205521,GO,202609,534,1585,382305,715.93,715.93,1551,3386,569,299,683
5205703,GO,202609,186,502,129597,696.76,696.76,771,1672,233,133,405
5205802,GO,202609,1040,2752,700912,675.9,673.95,3122,6189,1177,524,1421
5205901,GO,202609,547,1569,389298,711.7,711.7,1841,4123,619,397,825
5206206,GO,202609,5622,16301,4004612,717.67,712.31,14816,34916,6356,2904,5556
5206305,GO,202609,365,996,253745,695.19,695.19,1202,2608,408,281,513
5206404,GO,202609,951,2534,636501,670.0,669.3,3159,7278,826,809,1524
5206503,GO,202609,436,1136,287201,660.23,658.72,1225,2638,495,207,523
5206602,GO,202609,145,429,101760,701.79,701.79,800,1702,253,120,427
5206701,GO,202609,562,1536,387045,688.69,688.69,1444,3226,644,268,532
5206800,GO,202609,380,1050,262599,691.05,691.05,1143,2451,515,189,439
5206909,GO,202609,192,538,133217,693.84,693.84,719,1498,228,117,374
5207105,GO,202609,129,355,83832,654.94,649.86,556,1288,122,107,327
5207253,GO,202609,495,1348,338356,683.55,683.55,1933,4109,621,382,930
5207352,GO,202609,321,874,221602,690.35,690.35,1258,2693,413,276,569
5207402,GO,202609,866,2338,597918,690.44,690.44,3241,6937,925,765,1551
5207501,GO,202609,336,880,231624,689.36,689.36,1082,2174,370,225,487
5207535,GO,202609,637,1699,424449,666.32,666.32,1975,4226,701,450,824
5207600,GO,202609,743,1861,489173,658.38,658.38,1704,3649,797,298,609
5207808,GO,202609,686,1917,458463,669.29,668.31,2280,5117,708,488,1084
5207907,GO,202609,1402,3720,954039,680.97,680.48,4290,9004,1518,824,1948
5208004,GO,202609,9902,26577,6844913,691.48,691.27,27374,59914,9983,6057,11334
5208103,GO,202609,454,1278,302590,666.5,666.5,1328,2875,397,318,613
5208152,GO,202609,221,724,153848,696.14,696.14,897,2425,187,257,453
5208301,GO,202609,881,2255,595962,677.23,676.46,1991,4251,923,323,745
5208400,GO,202609,1526,4459,1065684,698.35,698.35,4072,10051,1385,1105,1582
5208509,GO,202609,302,864,213154,705.81,705.81,1278,2782,327,237,714
5208608,GO,202609,4046,11444,2566432,639.85,634.31,15746,37380,3174,4313,8259
5208707,GO,202609,69334,182206,46443236,671.38,669.85,221460,486474,65549,49991,105920
5208806,GO,202609,5614,16329,3926701,699.57,699.45,14863,38357,5109,3882,5872
5208905,GO,202609,1978,4801,1306407,660.47,660.47,5875,12105,2064,1119,2692
5209101,GO,202609,1424,3950,946624,675.68,664.76,7006,15383,1440,2066,3500
5209150,GO,202609,344,914,245249,712.93,712.93,1222,2666,466,201,555
5209200,GO,202609,2511,6680,1761352,703.42,701.45,5878,12728,2503,1093,2282
5209291,GO,202609,254,683,173093,681.47,681.47,870,1866,241,240,389
5209408,GO,202609,534,1460,366138,685.65,685.65,1315,3176,501,258,556
5209457,GO,202609,172,428,111527,648.41,648.41,680,1340,174,133,373
5209606,GO,202609,636,1522,420731,661.53,661.53,1491,3052,631,278,582
5209705,GO,202609,2273,6406,1579628,695.26,694.95,7130,16258,2199,1745,3186
5209804,GO,202609,293,776,197726,674.83,674.83,906,1975,297,214,395
5209903,GO,202609,1876,4988,1341863,715.66,715.28,4188,8724,2116,584,1488
5209937,GO,202609,381,1048,259881,685.7,682.1,1598,3870,351,329,918
5209952,GO,202609,859,2555,592713,690.0,690.0,3324,8019,872,907,1545
5210000,GO,202609,3203,8533,2148812,671.29,670.87,11735,27516,2746,2931,6058
5210109,GO,202609,1847,4878,1229105,665.46,665.46,6123,13802,1908,1341,2874
5210158,GO,202609,301,823,197465,658.22,656.03,884,2063,283,172,429
5210208,GO,202609,1556,4250,1068225,687.85,686.52,7805,17232,1772,1715,4318
5210307,GO,202609,279,639,175726,629.84,629.84,851,1657,279,139,433
5210406,GO,202609,3574,9620,2381235,670.77,666.27,11481,26874,3186,3113,5182
5210562,GO,202609,392,1162,267776,683.1,683.1,1402,3513,354,427,621
5210604,GO,202609,375,1054,252671,673.79,673.79,1307,3016,433,317,557
5210802,GO,202609,246,685,160690,653.21,653.21,1323,2911,233,285,805
5210901,GO,202609,886,2622,623405,704.41,703.62,4309,10165,986,1112,2211
5211008,GO,202609,850,2224,574010,675.31,675.31,2377,5022,939,467,971
5211206,GO,202609,1835,5342,1171285,639.0,638.3,6616,15646,1496,2021,3099
5211305,GO,202609,326,932,218991,671.75,671.75,1616,3539,375,334,907
5211404,GO,202609,570,1481,416538,730.77,730.77,2359,5143,778,438,1143
5211503,GO,202609,5337,14695,3757244,704.66,704.0,20220,43402,6620,3653,9947
5211602,GO,202609,288,700,194553,675.53,675.53,931,1824,412,121,398
5211701,GO,202609,334,917,214541,644.27,642.34,1524,3290,341,450,733
5211800,GO,202609,4269,11752,2921854,684.6,684.44,11627,27266,4011,3067,4549
5211909,GO,202609,4567,12792,3109764,680.92,680.92,17211,39117,4551,4186,8474
5212006,GO,202609,275,728,180345,658.19,655.8,930,2112,277,213,440
5212055,GO,202609,313,825,208932,667.51,667.51,793,1753,363,157,273
5212105,GO,202609,224,633,150720,672.86,672.86,1204,2893,199,333,672
5212204,GO,202609,1642,4357,1108364,675.01,675.01,5290,11806,1642,1178,2470
5212253,GO,202609,226,570,152947,676.76,676.76,639,1265,293,102,244
5212303,GO,202609,918,2469,626945,685.94,682.95,2270,5018,998,433,839
5212501,GO,202609,20931,59205,14729979,705.19,703.74,56158,127240,20830,13545,21783
5212600,GO,202609,270,672,177732,658.27,658.27,835,1693,311,163,361
5212709,GO,202609,1323,3558,924377,699.23,698.7,2689,5987,1460,376,853
5212808,GO,202609,965,2745,642737,668.82,666.05,2650,6490,818,702,1130
5212907,GO,202609,197,537,134566,683.08,683.08,742,1680,208,158,376
5212956,GO,202609,576,1429,396662,688.65,688.65,1740,3549,753,301,686
5213004,GO,202609,802,2145,546872,681.89,681.89,2359,5461,847,475,1037
5213053,GO,202609,289,751,196651,680.45,680.45,867,1886,311,162,394
5213087,GO,202609,1749,4959,1156725,661.36,661.36,5790,14071,1413,1357,3020
5213103,GO,202609,3759,10399,2488644,662.58,662.05,16149,38344,3123,4168,8858
5213400,GO,202609,131,339,87177,665.47,665.47,466,1053,137,78,251
5213509,GO,202609,1487,3532,1040148,699.97,699.49,2844,5979,1722,267,855
5213707,GO,202609,447,1364,304868,682.03,682.03,1770,4249,383,500,887
5213756,GO,202609,654,1778,438464,671.46,670.43,2622,6207,612,641,1369
5213772,GO,202609,624,1704,434870,696.91,696.91,1325,3123,642,185,498
5213806,GO,202609,1277,3916,834588,657.67,653.55,10254,25011,1021,3067,6166
5213855,GO,202609,303,869,202070,666.9,666.9,912,2084,260,225,427
5213905,GO,202609,271,805,177550,655.17,655.17,1184,2730,257,338,589
5214002,GO,202609,1575,4233,1051166,671.67,667.41,4202,9469,1463,892,1847
5214051,GO,202609,458,1348,300522,657.6,656.16,1674,4213,386,394,894
5214101,GO,202609,440,1246,298702,678.87,678.87,1078,2531,412,247,419
5214408,GO,202609,605,1730,410752,678.93,678.93,1895,4498,574,462,859
5214507,GO,202609,2375,6739,1654930,697.11,696.81,7260,17908,2182,2048,3030
5214606,GO,202609,1932,5280,1217636,639.85,630.25,9570,21671,1521,2562,5487
5214705,GO,202609,332,851,222181,669.22,669.22,1214,2547,386,249,579
5214804,GO,202609,139,348,91216,656.23,656.23,681,1355,160,136,385
5214838,GO,202609,1055,2981,719330,682.48,681.83,3138,7254,990,795,1353
5214861,GO,202609,741,2023,508276,686.86,685.93,2111,4782,772,456,883
5214879,GO,202609,250,671,172579,690.32,690.32,641,1409,259,107,275
5214903,GO,202609,431,1104,290298,673.55,673.55,1010,2357,432,186,392
5215009,GO,202609,1013,2779,687871,679.04,679.04,2619,6592,952,622,1045
5215207,GO,202609,379,941,253823,673.27,669.72,1060,2227,422,184,454
5215231,GO,202609,8845,25304,6158955,698.06,696.32,21028,52984,8321,4889,7818
5215256,GO,202609,503,1292,337761,674.17,671.49,1299,2919,490,252,557
5215306,GO,202609,680,1934,470538,692.99,691.97,2976,6994,682,774,1520
5215405,GO,202609,321,960,214033,679.47,666.77,865,2245,300,224,341
5215504,GO,202609,355,1070,246180,693.46,693.46,2339,5636,309,508,1522
5215603,GO,202609,2730,7995,1921670,706.5,703.91,7751,18150,2525,1960,3266
5215652,GO,202609,231,649,153928,666.35,666.35,802,1890,198,177,427
5215702,GO,202609,1518,4758,1081739,713.55,712.61,7223,16927,1988,1784,3451
5215801,GO,202609,171,440,111460,651.81,651.81,667,1383,190,122,355
5215900,GO,202609,339,946,228469,673.95,673.95,1133,2515,332,248,553
5216007,GO,202609,174,448,115584,664.28,664.28,768,1670,217,148,403
5216304,GO,202609,468,1199,320467,689.18,684.76,2185,4520,587,525,1073
5216403,GO,202609,597,1725,364253,611.16,610.14,2373,5590,449,780,1144
5216452,GO,202609,152,428,93952,622.2,618.11,781,1830,111,218,452
5216809,GO,202609,727,1916,480772,661.31,661.31,1955,4386,715,437,803
5216908,GO,202609,218,594,146980,677.33,674.22,630,1418,227,144,259
5217104,GO,202609,1355,3681,919167,678.35,678.35,4751,10579,1528,1073,2150
5217203,GO,202609,808,2179,535230,662.41,662.41,3093,6676,796,564,1733
5217302,GO,202609,1443,4083,948718,657.46,657.46,6193,14662,1180,1896,3117
5217401,GO,202609,2004,5276,1376996,687.47,687.12,6963,15314,2228,1508,3227
5217609,GO,202609,11071,31075,7828557,708.02,707.12,25970,60242,11571,5568,8831
5217708,GO,202609,721,2034,460740,640.81,639.03,4085,9115,594,1425,2066
5218003,GO,202609,2831,8083,1873158,663.06,661.66,10440,23528,2338,2985,5117
5218052,GO,202609,270,793,171451,635.0,635.0,1175,2861,187,274,714
5218102,GO,202609,358,1019,253010,706.73,706.73,978,2315,361,159,458
5218300,GO,202609,3780,10243,2612455,691.31,691.13,8150,19767,3647,1661,2842
5218391,GO,202609,350,856,230605,658.87,658.87,1166,2380,457,204,505
5218508,GO,202609,1778,5147,1178850,663.77,663.02,9592,21284,1545,2820,5227
5218607,GO,202609,640,1811,439670,693.49,686.98,2665,6407,660,594,1411
5218706,GO,202609,278,779,194309,698.95,698.95,1214,2765,282,293,639
5218789,GO,202609,289,801,192283,665.34,665.34,1049,2675,246,259,544
5218805,GO,202609,11635,31755,7660517,660.22,658.4,38589,89927,10447,9641,18501
5218904,GO,202609,919,2592,594938,652.34,647.38,4093,9729,752,1019,2322
5219001,GO,202609,417,1230,279895,671.21,671.21,2025,4591,472,507,1046
5219100,GO,202609,524,1444,359607,686.27,686.27,1848,4154,654,373,821
5219209,GO,202609,243,686,159080,654.65,654.65,724,1693,224,158,342
5219258,GO,202609,328,929,218425,670.02,665.93,1171,2663,322,249,600
5219308,GO,202609,2199,6522,1562820,710.7,710.7,7293,16690,2262,1593,3438
5219357,GO,202609,401,1098,270866,675.48,675.48,1294,2809,447,240,607
5219407,GO,202609,519,1458,351505,679.89,677.27,1570,3486,546,320,704
5219456,GO,202609,283,750,194569,687.52,687.52,979,2101,280,170,529
5219506,GO,202609,265,726,168092,634.31,634.31,870,2033,236,200,434
5219605,GO,202609,293,780,194982,672.35,665.47,870,2010,281,175,414
5219704,GO,202609,1124,2967,741560,660.34,659.75,2765,6424,1061,669,1035
5219712,GO,202609,199,552,133381,670.26,670.26,1132,2535,211,260,661
5219738,GO,202609,738,1967,491932,666.57,666.57,2173,5112,683,506,984
5219753,GO,202609,7812,21427,5355470,687.3,685.54,19847,44505,8216,3769,7862
5219803,GO,202609,1233,3285,856171,694.38,694.38,2892,6305,1317,420,1155
5219902,GO,202609,779,2156,540409,694.61,693.72,1882,4283,811,347,724
5220009,GO,202609,1187,3575,824892,694.94,694.94,3239,7765,978,991,1270
5220058,GO,202609,126,366,88841,705.09,705.09,518,1137,161,105,252
5220108,GO,202609,1862,5175,1226750,659.19,658.83,7064,16298,1632,1871,3561
5220157,GO,202609,543,1438,379640,699.15,699.15,1687,3579,667,294,726
5220207,GO,202609,2253,5984,1492180,662.9,662.31,7078,15216,2085,1486,3507
5220264,GO,202609,275,728,173138,631.89,629.59,1008,2380,250,265,493
5220280,GO,202609,218,594,174148,798.84,798.84,653,1512,275,107,271
5220405,GO,202609,1228,3148,815820,664.89,664.35,4416,9598,1193,857,2366
5220454,GO,202609,9164,26477,6342180,693.29,692.08,30642,78120,7814,9509,13319
5220504,GO,202609,503,1388,352805,702.8,701.4,1562,3639,565,326,671
5220603,GO,202609,1436,4210,1002288,698.95,697.97,4799,11390,1556,1100,2143
5220686,GO,202609,905,2326,595799,658.34,658.34,1897,4254,839,393,665
5220702,GO,202609,571,1379,390690,684.22,684.22,1330,2613,722,149,459
5221007,GO,202609,325,911,208751,646.29,642.31,1117,2639,300,302,515
5221080,GO,202609,909,1970,617079,678.85,678.85,1732,3288,972,164,596
5221197,GO,202609,1284,3268,890561,693.58,693.58,2617,5498,1402,335,880
5221304,GO,202609,262,711,179739,688.66,686.03,804,1735,278,158,368
5221403,GO,202609,10523,28942,7056557,670.9,670.58,36390,85928,9033,9960,17397
5221452,GO,202609,333,932,217553,653.31,653.31,857,2004,295,192,370
5221502,GO,202609,304,817,200820,660.59,660.59,1185,2663,274,288,623
5221551,GO,202609,439,1195,302620,689.34,689.34,1135,2628,428,238,469
5221577,GO,202609,375,965,246925,658.47,658.47,926,2052,353,210,363
5221601,GO,202609,1765,5012,1194458,677.9,676.75,9537,21215,1467,2750,5320
5221700,GO,202609,1503,4299,1018312,677.52,677.52,3908,9221,1714,749,1445
5221809,GO,202609,200,549,135679,678.4,678.4,1006,2190,259,288,459
5221858,GO,202609,10053,30346,6647913,671.3,661.29,35827,84715,7824,12184,15819
5221908,GO,202609,287,791,195532,681.3,681.3,1085,2327,323,243,519
5222005,GO,202609,901,2638,623693,695.31,692.22,3099,7608,879,767,1453
5222054,GO,202609,643,1751,421643,656.76,655.74,2075,4943,536,577,962
5222203,GO,202609,550,1554,390509,710.02,710.02,1435,3268,555,274,606
5222302,GO,202609,634,1763,432646,682.41,682.41,1859,4141,610,363,886
5300108,DF,202609,165080,438520,113845634,690.72,689.64,439997,973204,190124,90961,158912
