cd_municipio_ibge,uf,periodo,admissoes,desligamentos,saldo,estoque,estoque_referencia,variacao_relativa_pct
1100015,RO,12m_2025-09_a_2026-08,1424,1325,99,2418,2026-08,4.269081500646831
1100023,RO,12m_2025-09_a_2026-08,13153,12890,263,19847,2026-08,1.3429330065359477
1100031,RO,12m_2025-09_a_2026-08,174,179,-5,487,2026-08,-1.0162601626016259
1100049,RO,12m_2025-09_a_2026-08,11752,12055,-303,18384,2026-08,-1.6214480655000802
1100056,RO,12m_2025-09_a_2026-08,1426,1442,-16,2406,2026-08,-0.6606110652353426
1100064,RO,12m_2025-09_a_2026-08,870,858,12,2081,2026-08,0.5799903334944417
1100072,RO,12m_2025-09_a_2026-08,907,1021,-114,1578,2026-08,-6.73758865248227
1100080,RO,12m_2025-09_a_2026-08,359,333,26,567,2026-08,4.805914972273567
1100098,RO,12m_2025-09_a_2026-08,2853,2923,-70,4815,2026-08,-1.4329580348004094
1100106,RO,12m_2025-09_a_2026-08,2186,1986,200,5021,2026-08,4.148516905206389
1100114,RO,12m_2025-09_a_2026-08,6203,5958,245,11275,2026-08,2.2212148685403448
1100122,RO,12m_2025-09_a_2026-08,19894,20255,-361,30269,2026-08,-1.178583088475351
1100130,RO,12m_2025-09_a_2026-08,1822,1746,76,3010,2026-08,2.590320381731425
1100148,RO,12m_2025-09_a_2026-08,1273,1155,118,1846,2026-08,6.828703703703703
1100155,RO,12m_2025-09_a_2026-08,2776,2764,12,5060,2026-08,0.2377179080824089
1100189,RO,12m_2025-09_a_2026-08,5488,5198,290,10237,2026-08,2.9154518950437316
1100205,RO,12m_2025-09_a_2026-08,55562,54458,1104,103375,2026-08,1.0794848979671656
1100254,RO,12m_2025-09_a_2026-08,1746,1759,-13,2848,2026-08,-0.45438657811953864
1100262,RO,12m_2025-09_a_2026-08,325,388,-63,562,2026-08,-10.08
1100288,RO,12m_2025-09_a_2026-08,7854,8312,-458,13383,2026-08,-3.3090094646340584
1100296,RO,12m_2025-09_a_2026-08,313,313,0,738,2026-08,0
1100304,RO,12m_2025-09_a_2026-08,16949,16696,253,28106,2026-08,0.9083402146985963
1100320,RO,12m_2025-09_a_2026-08,2312,1936,376,3515,2026-08,11.978337050015929
1100338,RO,12m_2025-09_a_2026-08,871,822,49,1507,2026-08,3.3607681755829906
1100346,RO,12m_2025-09_a_2026-08,483,436,47,859,2026-08,5.788177339901478
1100379,RO,12m_2025-09_a_2026-08,483,447,36,863,2026-08,4.353083434099154
1100403,RO,12m_2025-09_a_2026-08,633,588,45,1212,2026-08,3.8560411311053984
1100452,RO,12m_2025-09_a_2026-08,1853,1775,78,3093,2026-08,2.587064676616915
1100502,RO,12m_2025-09_a_2026-08,523,421,102,719,2026-08,16.53160453808752
1100601,RO,12m_2025-09_a_2026-08,123,136,-13,299,2026-08,-4.166666666666666
1100700,RO,12m_2025-09_a_2026-08,249,279,-30,474,2026-08,-5.952380952380952
1100809,RO,12m_2025-09_a_2026-08,1783,1477,306,2290,2026-08,15.423387096774194
1100908,RO,12m_2025-09_a_2026-08,119,107,12,254,2026-08,4.958677685950414
1100924,RO,12m_2025-09_a_2026-08,1805,1969,-164,2696,2026-08,-5.734265734265734
1100940,RO,12m_2025-09_a_2026-08,601,688,-87,1139,2026-08,-7.096247960848287
1101005,RO,12m_2025-09_a_2026-08,257,258,-1,575,2026-08,-0.1736111111111111
1101104,RO,12m_2025-09_a_2026-08,795,908,-113,1293,2026-08,-8.036984352773827
1101203,RO,12m_2025-09_a_2026-08,626,511,115,991,2026-08,13.12785388127854
1101302,RO,12m_2025-09_a_2026-08,380,392,-12,940,2026-08,-1.2605042016806722
1101401,RO,12m_2025-09_a_2026-08,273,342,-69,778,2026-08,-8.146399055489963
1101435,RO,12m_2025-09_a_2026-08,225,199,26,544,2026-08,5.019305019305019
1101450,RO,12m_2025-09_a_2026-08,264,269,-5,551,2026-08,-0.8992805755395683
1101468,RO,12m_2025-09_a_2026-08,163,222,-59,340,2026-08,-14.786967418546364
1101476,RO,12m_2025-09_a_2026-08,196,138,58,329,2026-08,21.40221402214022
1101484,RO,12m_2025-09_a_2026-08,185,174,11,359,2026-08,3.1609195402298855
1101492,RO,12m_2025-09_a_2026-08,1000,916,84,1554,2026-08,5.714285714285714
1101500,RO,12m_2025-09_a_2026-08,549,510,39,862,2026-08,4.738760631834751
1101559,RO,12m_2025-09_a_2026-08,115,116,-1,264,2026-08,-0.37735849056603776
1101609,RO,12m_2025-09_a_2026-08,182,207,-25,400,2026-08,-5.88235294117647
1101708,RO,12m_2025-09_a_2026-08,550,571,-21,1164,2026-08,-1.7721518987341773
1101757,RO,12m_2025-09_a_2026-08,379,352,27,498,2026-08,5.7324840764331215
1101807,RO,12m_2025-09_a_2026-08,253,282,-29,448,2026-08,-6.079664570230608
1200013,AC,12m_2025-09_a_2026-08,615,581,34,1163,2026-08,3.011514614703277
1200054,AC,12m_2025-09_a_2026-08,105,78,27,214,2026-08,14.43850267379679
1200104,AC,12m_2025-09_a_2026-08,2434,1798,636,3406,2026-08,22.96028880866426
1200138,AC,12m_2025-09_a_2026-08,1876,1163,713,2362,2026-08,43.23832625833839
1200179,AC,12m_2025-09_a_2026-08,241,323,-82,377,2026-08,-17.86492374727669
1200203,AC,12m_2025-09_a_2026-08,4146,4011,135,9474,2026-08,1.44555091551558
1200252,AC,12m_2025-09_a_2026-08,1194,1140,54,3037,2026-08,1.8102581293999327
1200302,AC,12m_2025-09_a_2026-08,629,606,23,1595,2026-08,1.4631043256997456
1200328,AC,12m_2025-09_a_2026-08,125,74,51,740,2026-08,7.402031930333817
1200336,AC,12m_2025-09_a_2026-08,281,219,62,479,2026-08,14.86810551558753
1200344,AC,12m_2025-09_a_2026-08,281,276,5,714,2026-08,0.7052186177715092
1200351,AC,12m_2025-09_a_2026-08,25,18,7,98,2026-08,7.6923076923076925
1200385,AC,12m_2025-09_a_2026-08,859,1391,-532,1686,2026-08,-23.98557258791704
1200393,AC,12m_2025-09_a_2026-08,14,13,1,62,2026-08,1.639344262295082
1200401,AC,12m_2025-09_a_2026-08,40159,37604,2555,76259,2026-08,3.466568978617171
1200427,AC,12m_2025-09_a_2026-08,91,61,30,254,2026-08,13.392857142857142
1200435,AC,12m_2025-09_a_2026-08,9,9,0,223,2026-08,0
1200450,AC,12m_2025-09_a_2026-08,1563,1370,193,2954,2026-08,6.990220934444041
1200500,AC,12m_2025-09_a_2026-08,2346,1787,559,4929,2026-08,12.791762013729976
1200609,AC,12m_2025-09_a_2026-08,598,653,-55,1434,2026-08,-3.6937541974479515
1200708,AC,12m_2025-09_a_2026-08,558,463,95,953,2026-08,11.072261072261073
1200807,AC,12m_2025-09_a_2026-08,346,302,44,766,2026-08,6.094182825484765
1300029,AM,12m_2025-09_a_2026-08,16,13,3,83,2026-08,3.75
1300060,AM,12m_2025-09_a_2026-08,5,4,1,18,2026-08,5.88235294117647
1300086,AM,12m_2025-09_a_2026-08,2,6,-4,23,2026-08,-14.814814814814813
1300102,AM,12m_2025-09_a_2026-08,11,11,0,53,2026-08,0
1300144,AM,12m_2025-09_a_2026-08,283,267,16,509,2026-08,3.2454361054766734
1300201,AM,12m_2025-09_a_2026-08,60,45,15,97,2026-08,18.29268292682927
1300300,AM,12m_2025-09_a_2026-08,713,591,122,1177,2026-08,11.563981042654028
1300409,AM,12m_2025-09_a_2026-08,146,130,16,211,2026-08,8.205128205128204
1300508,AM,12m_2025-09_a_2026-08,136,97,39,241,2026-08,19.306930693069308
1300607,AM,12m_2025-09_a_2026-08,154,117,37,367,2026-08,11.212121212121213
1300631,AM,12m_2025-09_a_2026-08,9,6,3,34,2026-08,9.67741935483871
1300680,AM,12m_2025-09_a_2026-08,47,37,10,135,2026-08,8
1300706,AM,12m_2025-09_a_2026-08,635,551,84,1619,2026-08,5.472312703583062
1300805,AM,12m_2025-09_a_2026-08,99,81,18,300,2026-08,6.382978723404255
1300839,AM,12m_2025-09_a_2026-08,13,5,8,31,2026-08,34.78260869565217
1300904,AM,12m_2025-09_a_2026-08,46,45,1,101,2026-08,1
1301001,AM,12m_2025-09_a_2026-08,169,99,70,373,2026-08,23.1023102310231
1301100,AM,12m_2025-09_a_2026-08,162,158,4,434,2026-08,0.9302325581395349
1301159,AM,12m_2025-09_a_2026-08,32,37,-5,73,2026-08,-6.41025641025641
1301209,AM,12m_2025-09_a_2026-08,556,566,-10,1982,2026-08,-0.5020080321285141
1301308,AM,12m_2025-09_a_2026-08,140,175,-35,262,2026-08,-11.784511784511785
1301407,AM,12m_2025-09_a_2026-08,86,66,20,277,2026-08,7.782101167315175
1301506,AM,12m_2025-09_a_2026-08,40,46,-6,156,2026-08,-3.7037037037037033
1301605,AM,12m_2025-09_a_2026-08,38,32,6,89,2026-08,7.228915662650602
1301654,AM,12m_2025-09_a_2026-08,36,21,15,110,2026-08,15.789473684210526
1301704,AM,12m_2025-09_a_2026-08,1651,1497,154,3089,2026-08,5.247018739352641
1301803,AM,12m_2025-09_a_2026-08,28,20,8,70,2026-08,12.903225806451612
1301852,AM,12m_2025-09_a_2026-08,3654,2844,810,6022,2026-08,15.541059094397545
1301902,AM,12m_2025-09_a_2026-08,2972,2663,309,5918,2026-08,5.509003387413086
1301951,AM,12m_2025-09_a_2026-08,7,6,1,33,2026-08,3.125
1302009,AM,12m_2025-09_a_2026-08,193,244,-51,249,2026-08,-17
1302108,AM,12m_2025-09_a_2026-08,9,3,6,57,2026-08,11.76470588235294
1302207,AM,12m_2025-09_a_2026-08,17,9,8,75,2026-08,11.940298507462686
1302306,AM,12m_2025-09_a_2026-08,56,39,17,128,2026-08,15.315315315315313
1302405,AM,12m_2025-09_a_2026-08,751,605,146,2001,2026-08,7.870619946091645
1302504,AM,12m_2025-09_a_2026-08,2586,2107,479,4736,2026-08,11.25205543810195
1302553,AM,12m_2025-09_a_2026-08,63,58,5,131,2026-08,3.968253968253968
1302603,AM,12m_2025-09_a_2026-08,288056,269132,18924,527318,2026-08,3.7223098620361377
1302702,AM,12m_2025-09_a_2026-08,482,563,-81,1515,2026-08,-5.075187969924812
1302801,AM,12m_2025-09_a_2026-08,12,11,1,53,2026-08,1.9230769230769231
1302900,AM,12m_2025-09_a_2026-08,586,491,95,1060,2026-08,9.844559585492227
1303007,AM,12m_2025-09_a_2026-08,62,43,19,159,2026-08,13.571428571428571
1303106,AM,12m_2025-09_a_2026-08,184,137,47,420,2026-08,12.600536193029491
1303205,AM,12m_2025-09_a_2026-08,192,146,46,522,2026-08,9.663865546218489
1303304,AM,12m_2025-09_a_2026-08,62,63,-1,266,2026-08,-0.37453183520599254
1303403,AM,12m_2025-09_a_2026-08,2002,1848,154,5156,2026-08,3.078768492602959
1303502,AM,12m_2025-09_a_2026-08,1,5,-4,32,2026-08,-11.11111111111111
1303536,AM,12m_2025-09_a_2026-08,1446,1382,64,3793,2026-08,1.7162778224725128
1303569,AM,12m_2025-09_a_2026-08,1089,880,209,1517,2026-08,15.978593272171254
1303601,AM,12m_2025-09_a_2026-08,27,19,8,37,2026-08,27.586206896551722
1303700,AM,12m_2025-09_a_2026-08,173,76,97,1032,2026-08,10.37433155080214
1303809,AM,12m_2025-09_a_2026-08,233,221,12,1663,2026-08,0.7268322228952151
1303908,AM,12m_2025-09_a_2026-08,136,105,31,210,2026-08,17.318435754189945
1303957,AM,12m_2025-09_a_2026-08,20,39,-19,125,2026-08,-13.194444444444445
1304005,AM,12m_2025-09_a_2026-08,193,186,7,486,2026-08,1.4613778705636742
1304062,AM,12m_2025-09_a_2026-08,903,747,156,3438,2026-08,4.753199268738574
1304104,AM,12m_2025-09_a_2026-08,20,12,8,61,2026-08,15.09433962264151
1304203,AM,12m_2025-09_a_2026-08,1094,988,106,2418,2026-08,4.58477508650519
1304237,AM,12m_2025-09_a_2026-08,27,19,8,94,2026-08,9.30232558139535
1304260,AM,12m_2025-09_a_2026-08,78,59,19,115,2026-08,19.791666666666664
1304302,AM,12m_2025-09_a_2026-08,11,13,-2,79,2026-08,-2.4691358024691357
1304401,AM,12m_2025-09_a_2026-08,30,23,7,118,2026-08,6.306306306306306
1400027,RR,12m_2025-09_a_2026-08,275,284,-9,464,2026-08,-1.9027484143763214
1400050,RR,12m_2025-09_a_2026-08,315,314,1,492,2026-08,0.20366598778004072
1400100,RR,12m_2025-09_a_2026-08,48048,45669,2379,77601,2026-08,3.162638589774268
1400159,RR,12m_2025-09_a_2026-08,511,525,-14,761,2026-08,-1.806451612903226
1400175,RR,12m_2025-09_a_2026-08,572,728,-156,730,2026-08,-17.607223476297968
1400209,RR,12m_2025-09_a_2026-08,386,297,89,725,2026-08,13.9937106918239
1400233,RR,12m_2025-09_a_2026-08,173,160,13,209,2026-08,6.63265306122449
1400282,RR,12m_2025-09_a_2026-08,238,221,17,297,2026-08,6.071428571428571
1400308,RR,12m_2025-09_a_2026-08,334,304,30,715,2026-08,4.37956204379562
1400407,RR,12m_2025-09_a_2026-08,65,36,29,450,2026-08,6.88836104513064
1400456,RR,12m_2025-09_a_2026-08,325,274,51,1316,2026-08,4.0316205533596845
1400472,RR,12m_2025-09_a_2026-08,1446,1338,108,1863,2026-08,6.153846153846154
1400506,RR,12m_2025-09_a_2026-08,183,324,-141,581,2026-08,-19.529085872576175
1400605,RR,12m_2025-09_a_2026-08,211,194,17,231,2026-08,7.943925233644859
1400704,RR,12m_2025-09_a_2026-08,38,20,18,55,2026-08,48.64864864864865
1500107,PA,12m_2025-09_a_2026-08,4081,3731,350,8877,2026-08,4.104608889410109
1500131,PA,12m_2025-09_a_2026-08,214,181,33,442,2026-08,8.06845965770171
1500206,PA,12m_2025-09_a_2026-08,1216,957,259,2365,2026-08,12.298195631528964
1500305,PA,12m_2025-09_a_2026-08,124,161,-37,370,2026-08,-9.090909090909092
1500347,PA,12m_2025-09_a_2026-08,1771,1939,-168,2870,2026-08,-5.529953917050691
1500404,PA,12m_2025-09_a_2026-08,388,355,33,1104,2026-08,3.081232492997199
1500503,PA,12m_2025-09_a_2026-08,592,532,60,1869,2026-08,3.316749585406302
1500602,PA,12m_2025-09_a_2026-08,9671,9031,640,16247,2026-08,4.100724034087269
1500701,PA,12m_2025-09_a_2026-08,59,54,5,202,2026-08,2.5380710659898478
1500800,PA,12m_2025-09_a_2026-08,33699,32325,1374,72883,2026-08,1.9214364625431763
1500859,PA,12m_2025-09_a_2026-08,1149,1227,-78,1618,2026-08,-4.599056603773585
1500909,PA,12m_2025-09_a_2026-08,114,102,12,348,2026-08,3.571428571428571
1500958,PA,12m_2025-09_a_2026-08,241,196,45,539,2026-08,9.109311740890687
1501006,PA,12m_2025-09_a_2026-08,43,49,-6,86,2026-08,-6.521739130434782
1501105,PA,12m_2025-09_a_2026-08,29,22,7,82,2026-08,9.333333333333334
1501204,PA,12m_2025-09_a_2026-08,135,104,31,379,2026-08,8.908045977011495
1501253,PA,12m_2025-09_a_2026-08,253,284,-31,439,2026-08,-6.595744680851063
1501303,PA,12m_2025-09_a_2026-08,20972,21277,-305,33878,2026-08,-0.8922563847526549
1501402,PA,12m_2025-09_a_2026-08,134456,130483,3973,309646,2026-08,1.2997549669090824
1501451,PA,12m_2025-09_a_2026-08,416,399,17,989,2026-08,1.7489711934156378
1501501,PA,12m_2025-09_a_2026-08,7569,6941,628,14528,2026-08,4.517985611510792
1501576,PA,12m_2025-09_a_2026-08,403,383,20,861,2026-08,2.3781212841854935
1501600,PA,12m_2025-09_a_2026-08,121,239,-118,773,2026-08,-13.243546576879911
1501709,PA,12m_2025-09_a_2026-08,2931,2606,325,7559,2026-08,4.492673486314625
1501725,PA,12m_2025-09_a_2026-08,595,528,67,885,2026-08,8.190709046454767
1501758,PA,12m_2025-09_a_2026-08,112,110,2,309,2026-08,0.6514657980456027
1501782,PA,12m_2025-09_a_2026-08,1412,1250,162,2399,2026-08,7.241841752346893
1501808,PA,12m_2025-09_a_2026-08,1142,1043,99,3018,2026-08,3.391572456320658
1501907,PA,12m_2025-09_a_2026-08,158,140,18,379,2026-08,4.986149584487535
1501956,PA,12m_2025-09_a_2026-08,58,59,-1,180,2026-08,-0.5524861878453038
1502004,PA,12m_2025-09_a_2026-08,82,85,-3,280,2026-08,-1.0600706713780919
1502103,PA,12m_2025-09_a_2026-08,1012,562,450,2584,2026-08,21.087160262417996
1502152,PA,12m_2025-09_a_2026-08,24337,22227,2110,34606,2026-08,6.493106843919251
1502202,PA,12m_2025-09_a_2026-08,3446,3235,211,8761,2026-08,2.4678362573099415
1502301,PA,12m_2025-09_a_2026-08,1377,1283,94,3163,2026-08,3.062886933854676
1502400,PA,12m_2025-09_a_2026-08,17980,18652,-672,37585,2026-08,-1.7565412865619363
1502509,PA,12m_2025-09_a_2026-08,64,59,5,355,2026-08,1.4285714285714286
1502608,PA,12m_2025-09_a_2026-08,53,39,14,128,2026-08,12.280701754385964
1502707,PA,12m_2025-09_a_2026-08,1678,1641,37,3407,2026-08,1.0979228486646886
1502756,PA,12m_2025-09_a_2026-08,718,867,-149,1457,2026-08,-9.277708592777085
1502764,PA,12m_2025-09_a_2026-08,1746,1662,84,1936,2026-08,4.535637149028078
1502772,PA,12m_2025-09_a_2026-08,1845,1351,494,3178,2026-08,18.4053651266766
1502806,PA,12m_2025-09_a_2026-08,36,10,26,87,2026-08,42.62295081967213
1502855,PA,12m_2025-09_a_2026-08,41,31,10,92,2026-08,12.195121951219512
1502905,PA,12m_2025-09_a_2026-08,492,361,131,955,2026-08,15.898058252427186
1502939,PA,12m_2025-09_a_2026-08,2631,2570,61,4503,2026-08,1.3732552904097255
1502954,PA,12m_2025-09_a_2026-08,844,692,152,1353,2026-08,12.656119900083265
1503002,PA,12m_2025-09_a_2026-08,19,22,-3,50,2026-08,-5.660377358490567
1503044,PA,12m_2025-09_a_2026-08,425,428,-3,822,2026-08,-0.36363636363636365
1503077,PA,12m_2025-09_a_2026-08,585,344,241,1247,2026-08,23.956262425447317
1503093,PA,12m_2025-09_a_2026-08,772,772,0,1627,2026-08,0
1503101,PA,12m_2025-09_a_2026-08,46,39,7,121,2026-08,6.140350877192982
1503200,PA,12m_2025-09_a_2026-08,871,745,126,2183,2026-08,6.1254253767622755
1503309,PA,12m_2025-09_a_2026-08,839,904,-65,1276,2026-08,-4.847129008202834
1503408,PA,12m_2025-09_a_2026-08,270,268,2,609,2026-08,0.3294892915980231
1503457,PA,12m_2025-09_a_2026-08,1204,1169,35,1999,2026-08,1.7820773930753562
1503507,PA,12m_2025-09_a_2026-08,316,285,31,721,2026-08,4.492753623188406
1503606,PA,12m_2025-09_a_2026-08,10403,8720,1683,17335,2026-08,10.752619473549705
1503705,PA,12m_2025-09_a_2026-08,756,676,80,1566,2026-08,5.383580080753701
1503754,PA,12m_2025-09_a_2026-08,386,429,-43,542,2026-08,-7.350427350427351
1503804,PA,12m_2025-09_a_2026-08,1078,1034,44,2449,2026-08,1.8295218295218296
1503903,PA,12m_2025-09_a_2026-08,1839,1877,-38,3845,2026-08,-0.9786247746587691
1504000,PA,12m_2025-09_a_2026-08,17,14,3,51,2026-08,6.25
1504059,PA,12m_2025-09_a_2026-08,889,705,184,2039,2026-08,9.919137466307278
1504109,PA,12m_2025-09_a_2026-08,23,17,6,74,2026-08,8.823529411764707
1504208,PA,12m_2025-09_a_2026-08,32359,29554,2805,61029,2026-08,4.81760098928277
1504307,PA,12m_2025-09_a_2026-08,211,171,40,577,2026-08,7.4487895716946
1504406,PA,12m_2025-09_a_2026-08,160,142,18,381,2026-08,4.958677685950414
1504422,PA,12m_2025-09_a_2026-08,8005,7336,669,15806,2026-08,4.419634009380987
1504455,PA,12m_2025-09_a_2026-08,544,516,28,878,2026-08,3.294117647058824
1504505,PA,12m_2025-09_a_2026-08,110,35,75,239,2026-08,45.73170731707317
1504604,PA,12m_2025-09_a_2026-08,179,159,20,423,2026-08,4.962779156327544
1504703,PA,12m_2025-09_a_2026-08,3220,3380,-160,6370,2026-08,-2.4502297090352223
1504752,PA,12m_2025-09_a_2026-08,400,328,72,657,2026-08,12.307692307692308
1504802,PA,12m_2025-09_a_2026-08,575,501,74,1385,2026-08,5.644546147978642
1504901,PA,12m_2025-09_a_2026-08,122,95,27,231,2026-08,13.23529411764706
1504950,PA,12m_2025-09_a_2026-08,147,120,27,351,2026-08,8.333333333333332
1504976,PA,12m_2025-09_a_2026-08,316,318,-2,597,2026-08,-0.333889816360601
1505007,PA,12m_2025-09_a_2026-08,130,142,-12,512,2026-08,-2.2900763358778624
1505031,PA,12m_2025-09_a_2026-08,3680,3855,-175,4649,2026-08,-3.627694859038143
1505064,PA,12m_2025-09_a_2026-08,1456,1375,81,2659,2026-08,3.1419705197827774
1505106,PA,12m_2025-09_a_2026-08,758,822,-64,1715,2026-08,-3.5975267003934794
1505205,PA,12m_2025-09_a_2026-08,19,17,2,87,2026-08,2.3529411764705883
1505304,PA,12m_2025-09_a_2026-08,3554,3967,-413,8255,2026-08,-4.7646515920627595
1505403,PA,12m_2025-09_a_2026-08,225,173,52,387,2026-08,15.522388059701491
1505437,PA,12m_2025-09_a_2026-08,2764,3266,-502,4527,2026-08,-9.982103797971764
1505486,PA,12m_2025-09_a_2026-08,685,648,37,1441,2026-08,2.6353276353276356
1505494,PA,12m_2025-09_a_2026-08,114,100,14,229,2026-08,6.511627906976744
1505502,PA,12m_2025-09_a_2026-08,11494,11854,-360,22421,2026-08,-1.5802642553004695
1505536,PA,12m_2025-09_a_2026-08,47799,42656,5143,79561,2026-08,6.910962401569513
1505551,PA,12m_2025-09_a_2026-08,444,421,23,552,2026-08,4.3478260869565215
1505601,PA,12m_2025-09_a_2026-08,38,181,-143,189,2026-08,-43.07228915662651
1505635,PA,12m_2025-09_a_2026-08,412,352,60,912,2026-08,7.042253521126761
1505650,PA,12m_2025-09_a_2026-08,273,230,43,416,2026-08,11.528150134048257
1505700,PA,12m_2025-09_a_2026-08,73,58,15,227,2026-08,7.0754716981132075
1505809,PA,12m_2025-09_a_2026-08,615,623,-8,1403,2026-08,-0.5669737774627923
1505908,PA,12m_2025-09_a_2026-08,158,131,27,313,2026-08,9.44055944055944
1506005,PA,12m_2025-09_a_2026-08,155,146,9,304,2026-08,3.050847457627119
1506104,PA,12m_2025-09_a_2026-08,80,96,-16,321,2026-08,-4.747774480712167
1506112,PA,12m_2025-09_a_2026-08,23,19,4,50,2026-08,8.695652173913043
1506138,PA,12m_2025-09_a_2026-08,8853,8638,215,15837,2026-08,1.376264242734605
1506161,PA,12m_2025-09_a_2026-08,1521,1510,11,2973,2026-08,0.3713706954760297
1506187,PA,12m_2025-09_a_2026-08,1778,1848,-70,3619,2026-08,-1.8975332068311195
1506195,PA,12m_2025-09_a_2026-08,560,474,86,1227,2026-08,7.537248028045573
1506203,PA,12m_2025-09_a_2026-08,2514,2694,-180,5041,2026-08,-3.4476153993487837
1506302,PA,12m_2025-09_a_2026-08,215,157,58,589,2026-08,10.922787193973635
1506351,PA,12m_2025-09_a_2026-08,873,772,101,1584,2026-08,6.810519217801753
1506401,PA,12m_2025-09_a_2026-08,7,9,-2,43,2026-08,-4.444444444444445
1506500,PA,12m_2025-09_a_2026-08,4707,4552,155,11374,2026-08,1.381584811480524
1506559,PA,12m_2025-09_a_2026-08,114,102,12,330,2026-08,3.7735849056603774
1506583,PA,12m_2025-09_a_2026-08,2290,2205,85,2710,2026-08,3.2380952380952377
1506609,PA,12m_2025-09_a_2026-08,840,769,71,1933,2026-08,3.8131041890440387
1506708,PA,12m_2025-09_a_2026-08,4450,4348,102,5800,2026-08,1.7901017901017902
1506807,PA,12m_2025-09_a_2026-08,21652,19552,2100,44201,2026-08,4.988005035509845
1506906,PA,12m_2025-09_a_2026-08,18,18,0,42,2026-08,0
1507003,PA,12m_2025-09_a_2026-08,2010,1080,930,3212,2026-08,40.753724802804555
1507102,PA,12m_2025-09_a_2026-08,195,191,4,411,2026-08,0.9828009828009828
1507151,PA,12m_2025-09_a_2026-08,486,498,-12,1161,2026-08,-1.0230179028132993
1507201,PA,12m_2025-09_a_2026-08,429,234,195,717,2026-08,37.35632183908046
1507300,PA,12m_2025-09_a_2026-08,4267,4129,138,5605,2026-08,2.5242363270532286
1507409,PA,12m_2025-09_a_2026-08,283,260,23,676,2026-08,3.522205206738132
1507458,PA,12m_2025-09_a_2026-08,1051,1104,-53,2511,2026-08,-2.067082683307332
1507466,PA,12m_2025-09_a_2026-08,17,28,-11,60,2026-08,-15.492957746478872
1507474,PA,12m_2025-09_a_2026-08,118,83,35,307,2026-08,12.867647058823529
1507508,PA,12m_2025-09_a_2026-08,328,319,9,538,2026-08,1.7013232514177694
1507607,PA,12m_2025-09_a_2026-08,2200,2069,131,4853,2026-08,2.77424819991529
1507706,PA,12m_2025-09_a_2026-08,4,6,-2,44,2026-08,-4.3478260869565215
1507755,PA,12m_2025-09_a_2026-08,526,502,24,760,2026-08,3.260869565217391
1507805,PA,12m_2025-09_a_2026-08,114,121,-7,258,2026-08,-2.6415094339622645
1507904,PA,12m_2025-09_a_2026-08,319,296,23,773,2026-08,3.0666666666666664
1507953,PA,12m_2025-09_a_2026-08,6777,5656,1121,12570,2026-08,9.791248143942703
1507961,PA,12m_2025-09_a_2026-08,125,113,12,239,2026-08,5.286343612334802
1507979,PA,12m_2025-09_a_2026-08,764,534,230,893,2026-08,34.69079939668175
1508001,PA,12m_2025-09_a_2026-08,5052,4544,508,9014,2026-08,5.9722548789090055
1508035,PA,12m_2025-09_a_2026-08,110,166,-56,300,2026-08,-15.730337078651685
1508050,PA,12m_2025-09_a_2026-08,265,255,10,521,2026-08,1.9569471624266144
1508084,PA,12m_2025-09_a_2026-08,4098,3531,567,5821,2026-08,10.791777693186145
1508100,PA,12m_2025-09_a_2026-08,3631,3265,366,7484,2026-08,5.14189379039056
1508126,PA,12m_2025-09_a_2026-08,2254,2316,-62,4472,2026-08,-1.3674459638288485
1508159,PA,12m_2025-09_a_2026-08,1592,1449,143,2434,2026-08,6.241815800960279
1508209,PA,12m_2025-09_a_2026-08,541,487,54,1312,2026-08,4.292527821939586
1508308,PA,12m_2025-09_a_2026-08,194,169,25,500,2026-08,5.263157894736842
1508357,PA,12m_2025-09_a_2026-08,307,311,-4,707,2026-08,-0.5625879043600562
1508407,PA,12m_2025-09_a_2026-08,6511,6132,379,10570,2026-08,3.7189677166126978
1600055,AP,12m_2025-09_a_2026-08,66,58,8,94,2026-08,9.30232558139535
1600105,AP,12m_2025-09_a_2026-08,85,114,-29,204,2026-08,-12.446351931330472
1600154,AP,12m_2025-09_a_2026-08,966,508,458,910,2026-08,101.32743362831857
1600204,AP,12m_2025-09_a_2026-08,162,161,1,321,2026-08,0.3125
1600212,AP,12m_2025-09_a_2026-08,16,43,-27,71,2026-08,-27.55102040816326
1600238,AP,12m_2025-09_a_2026-08,156,102,54,280,2026-08,23.893805309734514
1600253,AP,12m_2025-09_a_2026-08,41,24,17,47,2026-08,56.666666666666664
1600279,AP,12m_2025-09_a_2026-08,800,636,164,1463,2026-08,12.62509622786759
1600303,AP,12m_2025-09_a_2026-08,47504,40873,6631,91865,2026-08,7.779759251003121
1600402,AP,12m_2025-09_a_2026-08,847,822,25,1120,2026-08,2.28310502283105
1600501,AP,12m_2025-09_a_2026-08,1082,935,147,1471,2026-08,11.10271903323263
1600535,AP,12m_2025-09_a_2026-08,712,772,-60,1306,2026-08,-4.392386530014641
1600550,AP,12m_2025-09_a_2026-08,9,4,5,16,2026-08,45.45454545454545
1600600,AP,12m_2025-09_a_2026-08,5138,4952,186,10411,2026-08,1.8190709046454767
1600709,AP,12m_2025-09_a_2026-08,259,122,137,415,2026-08,49.280575539568346
1600808,AP,12m_2025-09_a_2026-08,128,96,32,224,2026-08,16.666666666666664
1700251,TO,12m_2025-09_a_2026-08,196,186,10,237,2026-08,4.405286343612335
1700301,TO,12m_2025-09_a_2026-08,784,951,-167,1456,2026-08,-10.289587184226741
1700350,TO,12m_2025-09_a_2026-08,231,238,-7,566,2026-08,-1.2216404886561953
1700400,TO,12m_2025-09_a_2026-08,1061,809,252,1656,2026-08,17.94871794871795
1700707,TO,12m_2025-09_a_2026-08,908,936,-28,1750,2026-08,-1.574803149606299
1701002,TO,12m_2025-09_a_2026-08,212,229,-17,478,2026-08,-3.4343434343434343
1701051,TO,12m_2025-09_a_2026-08,46,45,1,106,2026-08,0.9523809523809524
1701101,TO,12m_2025-09_a_2026-08,306,239,67,511,2026-08,15.090090090090092
1701309,TO,12m_2025-09_a_2026-08,64,78,-14,224,2026-08,-5.88235294117647
1701903,TO,12m_2025-09_a_2026-08,180,203,-23,375,2026-08,-5.778894472361809
1702000,TO,12m_2025-09_a_2026-08,532,541,-9,1003,2026-08,-0.8893280632411068
1702109,TO,12m_2025-09_a_2026-08,23001,21671,1330,42187,2026-08,3.2552561372592215
1702158,TO,12m_2025-09_a_2026-08,120,101,19,346,2026-08,5.81039755351682
1702208,TO,12m_2025-09_a_2026-08,1422,1151,271,2272,2026-08,13.543228385807096
1702307,TO,12m_2025-09_a_2026-08,242,286,-44,569,2026-08,-7.177814029363784
1702406,TO,12m_2025-09_a_2026-08,367,325,42,759,2026-08,5.857740585774058
1702554,TO,12m_2025-09_a_2026-08,1062,837,225,1992,2026-08,12.73344651952462
1702703,TO,12m_2025-09_a_2026-08,30,29,1,87,2026-08,1.1627906976744187
1702901,TO,12m_2025-09_a_2026-08,118,100,18,300,2026-08,6.382978723404255
1703008,TO,12m_2025-09_a_2026-08,419,405,14,641,2026-08,2.2328548644338118
1703057,TO,12m_2025-09_a_2026-08,268,347,-79,634,2026-08,-11.079943899018232
1703073,TO,12m_2025-09_a_2026-08,115,82,33,203,2026-08,19.411764705882355
1703107,TO,12m_2025-09_a_2026-08,101,114,-13,257,2026-08,-4.814814814814815
1703206,TO,12m_2025-09_a_2026-08,146,190,-44,263,2026-08,-14.332247557003258
1703305,TO,12m_2025-09_a_2026-08,129,109,20,190,2026-08,11.76470588235294
1703602,TO,12m_2025-09_a_2026-08,70,58,12,151,2026-08,8.633093525179856
1703701,TO,12m_2025-09_a_2026-08,219,207,12,423,2026-08,2.9197080291970803
1703800,TO,12m_2025-09_a_2026-08,78,65,13,244,2026-08,5.627705627705628
1703826,TO,12m_2025-09_a_2026-08,40,39,1,27,2026-08,3.8461538461538463
1703842,TO,12m_2025-09_a_2026-08,582,817,-235,986,2026-08,-19.24651924651925
1703867,TO,12m_2025-09_a_2026-08,644,722,-78,1086,2026-08,-6.701030927835052
1703883,TO,12m_2025-09_a_2026-08,97,92,5,167,2026-08,3.0864197530864197
1703891,TO,12m_2025-09_a_2026-08,12,9,3,29,2026-08,11.538461538461538
1703909,TO,12m_2025-09_a_2026-08,493,492,1,823,2026-08,0.12165450121654502
1704105,TO,12m_2025-09_a_2026-08,201,127,74,215,2026-08,52.4822695035461
1704600,TO,12m_2025-09_a_2026-08,42,37,5,85,2026-08,6.25
1705102,TO,12m_2025-09_a_2026-08,66,81,-15,166,2026-08,-8.287292817679557
1705508,TO,12m_2025-09_a_2026-08,2595,2569,26,4398,2026-08,0.5946935041171089
1705557,TO,12m_2025-09_a_2026-08,71,51,20,239,2026-08,9.1324200913242
1705607,TO,12m_2025-09_a_2026-08,86,71,15,179,2026-08,9.146341463414634
1706001,TO,12m_2025-09_a_2026-08,180,189,-9,439,2026-08,-2.0089285714285716
1706100,TO,12m_2025-09_a_2026-08,219,185,34,498,2026-08,7.327586206896551
1706258,TO,12m_2025-09_a_2026-08,32,28,4,99,2026-08,4.2105263157894735
1706506,TO,12m_2025-09_a_2026-08,499,429,70,728,2026-08,10.638297872340425
1707009,TO,12m_2025-09_a_2026-08,1345,1389,-44,2316,2026-08,-1.864406779661017
1707108,TO,12m_2025-09_a_2026-08,511,473,38,824,2026-08,4.8346055979643765
1707207,TO,12m_2025-09_a_2026-08,184,214,-30,486,2026-08,-5.813953488372093
1707306,TO,12m_2025-09_a_2026-08,252,307,-55,572,2026-08,-8.771929824561402
1707405,TO,12m_2025-09_a_2026-08,30,23,7,91,2026-08,8.333333333333332
1707553,TO,12m_2025-09_a_2026-08,329,297,32,348,2026-08,10.126582278481013
1707652,TO,12m_2025-09_a_2026-08,217,211,6,481,2026-08,1.263157894736842
1707702,TO,12m_2025-09_a_2026-08,137,127,10,282,2026-08,3.6764705882352944
1708205,TO,12m_2025-09_a_2026-08,1222,1333,-111,2481,2026-08,-4.282407407407407
1708254,TO,12m_2025-09_a_2026-08,110,146,-36,375,2026-08,-8.75912408759124
1708304,TO,12m_2025-09_a_2026-08,91,100,-9,247,2026-08,-3.515625
1709005,TO,12m_2025-09_a_2026-08,269,284,-15,516,2026-08,-2.824858757062147
1709302,TO,12m_2025-09_a_2026-08,1665,1547,118,3205,2026-08,3.8224813735017813
1709500,TO,12m_2025-09_a_2026-08,9672,10091,-419,16348,2026-08,-2.4989562831752847
1709807,TO,12m_2025-09_a_2026-08,35,31,4,96,2026-08,4.3478260869565215
1710508,TO,12m_2025-09_a_2026-08,131,126,5,272,2026-08,1.8726591760299627
1710706,TO,12m_2025-09_a_2026-08,179,175,4,282,2026-08,1.4388489208633095
1710904,TO,12m_2025-09_a_2026-08,47,44,3,174,2026-08,1.7543859649122806
1711100,TO,12m_2025-09_a_2026-08,124,127,-3,282,2026-08,-1.0526315789473684
1711506,TO,12m_2025-09_a_2026-08,81,78,3,195,2026-08,1.5625
1711803,TO,12m_2025-09_a_2026-08,20,37,-17,42,2026-08,-28.8135593220339
1711902,TO,12m_2025-09_a_2026-08,1499,1733,-234,2279,2026-08,-9.31157978511739
1711951,TO,12m_2025-09_a_2026-08,91,67,24,139,2026-08,20.869565217391305
1712009,TO,12m_2025-09_a_2026-08,152,194,-42,230,2026-08,-15.441176470588236
1712157,TO,12m_2025-09_a_2026-08,12,8,4,40,2026-08,11.11111111111111
1712405,TO,12m_2025-09_a_2026-08,52,57,-5,122,2026-08,-3.937007874015748
1712454,TO,12m_2025-09_a_2026-08,65,81,-16,89,2026-08,-15.238095238095239
1712504,TO,12m_2025-09_a_2026-08,357,358,-1,626,2026-08,-0.1594896331738437
1712702,TO,12m_2025-09_a_2026-08,418,416,2,417,2026-08,0.48192771084337355
1712801,TO,12m_2025-09_a_2026-08,28,25,3,108,2026-08,2.857142857142857
1713205,TO,12m_2025-09_a_2026-08,804,877,-73,1597,2026-08,-4.371257485029941
1713304,TO,12m_2025-09_a_2026-08,1092,910,182,1636,2026-08,12.517193947730398
1713601,TO,12m_2025-09_a_2026-08,279,258,21,571,2026-08,3.8181818181818183
1713700,TO,12m_2025-09_a_2026-08,76,79,-3,151,2026-08,-1.948051948051948
1713809,TO,12m_2025-09_a_2026-08,163,101,62,214,2026-08,40.78947368421053
1713957,TO,12m_2025-09_a_2026-08,117,109,8,282,2026-08,2.9197080291970803
1714203,TO,12m_2025-09_a_2026-08,401,431,-30,968,2026-08,-3.006012024048096
1714302,TO,12m_2025-09_a_2026-08,32,30,2,83,2026-08,2.4691358024691357
1714880,TO,12m_2025-09_a_2026-08,567,577,-10,1266,2026-08,-0.7836990595611284
1715002,TO,12m_2025-09_a_2026-08,215,205,10,245,2026-08,4.25531914893617
1715101,TO,12m_2025-09_a_2026-08,475,211,264,625,2026-08,73.13019390581718
1715150,TO,12m_2025-09_a_2026-08,15,13,2,49,2026-08,4.25531914893617
1715259,TO,12m_2025-09_a_2026-08,63,45,18,118,2026-08,18
1715507,TO,12m_2025-09_a_2026-08,17,23,-6,53,2026-08,-10.16949152542373
1715705,TO,12m_2025-09_a_2026-08,190,236,-46,529,2026-08,-8
1715754,TO,12m_2025-09_a_2026-08,427,396,31,803,2026-08,4.015544041450777
1716109,TO,12m_2025-09_a_2026-08,5831,5695,136,10192,2026-08,1.352426412092283
1716208,TO,12m_2025-09_a_2026-08,229,245,-16,537,2026-08,-2.8933092224231465
1716307,TO,12m_2025-09_a_2026-08,124,120,4,271,2026-08,1.4981273408239701
1716505,TO,12m_2025-09_a_2026-08,1240,1166,74,2597,2026-08,2.933016250495442
1716604,TO,12m_2025-09_a_2026-08,417,391,26,974,2026-08,2.7426160337552745
1716653,TO,12m_2025-09_a_2026-08,63,73,-10,189,2026-08,-5.025125628140704
1716703,TO,12m_2025-09_a_2026-08,275,271,4,610,2026-08,0.6600660066006601
1717008,TO,12m_2025-09_a_2026-08,53,50,3,154,2026-08,1.9867549668874174
1717206,TO,12m_2025-09_a_2026-08,168,190,-22,384,2026-08,-5.41871921182266
1717503,TO,12m_2025-09_a_2026-08,654,653,1,808,2026-08,0.12391573729863693
1717800,TO,12m_2025-09_a_2026-08,93,128,-35,187,2026-08,-15.765765765765765
1717909,TO,12m_2025-09_a_2026-08,248,235,13,366,2026-08,3.6827195467422094
1718006,TO,12m_2025-09_a_2026-08,40,34,6,97,2026-08,6.593406593406594
1718204,TO,12m_2025-09_a_2026-08,5941,5816,125,10616,2026-08,1.1914974740253552
1718303,TO,12m_2025-09_a_2026-08,22,15,7,67,2026-08,11.666666666666666
1718402,TO,12m_2025-09_a_2026-08,143,135,8,217,2026-08,3.827751196172249
1718451,TO,12m_2025-09_a_2026-08,98,82,16,201,2026-08,8.64864864864865
1718501,TO,12m_2025-09_a_2026-08,49,89,-40,112,2026-08,-26.31578947368421
1718550,TO,12m_2025-09_a_2026-08,40,49,-9,108,2026-08,-7.6923076923076925
1718659,TO,12m_2025-09_a_2026-08,215,262,-47,250,2026-08,-15.824915824915825
1718709,TO,12m_2025-09_a_2026-08,52,53,-1,140,2026-08,-0.7092198581560284
1718758,TO,12m_2025-09_a_2026-08,133,117,16,238,2026-08,7.207207207207207
1718808,TO,12m_2025-09_a_2026-08,8,13,-5,26,2026-08,-16.129032258064516
1718840,TO,12m_2025-09_a_2026-08,261,263,-2,560,2026-08,-0.3558718861209964
1718865,TO,12m_2025-09_a_2026-08,325,311,14,645,2026-08,2.218700475435816
1718881,TO,12m_2025-09_a_2026-08,76,67,9,149,2026-08,6.428571428571428
1718899,TO,12m_2025-09_a_2026-08,150,196,-46,293,2026-08,-13.569321533923304
1718907,TO,12m_2025-09_a_2026-08,243,250,-7,442,2026-08,-1.55902004454343
1719004,TO,12m_2025-09_a_2026-08,43,27,16,89,2026-08,21.91780821917808
1720002,TO,12m_2025-09_a_2026-08,20,24,-4,33,2026-08,-10.81081081081081
1720101,TO,12m_2025-09_a_2026-08,142,117,25,342,2026-08,7.886435331230284
1720150,TO,12m_2025-09_a_2026-08,224,233,-9,237,2026-08,-3.6585365853658534
1720200,TO,12m_2025-09_a_2026-08,115,106,9,248,2026-08,3.765690376569038
1720259,TO,12m_2025-09_a_2026-08,45,46,-1,127,2026-08,-0.78125
1720309,TO,12m_2025-09_a_2026-08,31,43,-12,99,2026-08,-10.81081081081081
1720499,TO,12m_2025-09_a_2026-08,99,110,-11,276,2026-08,-3.8327526132404177
1720655,TO,12m_2025-09_a_2026-08,249,269,-20,621,2026-08,-3.1201248049921997
1720804,TO,12m_2025-09_a_2026-08,108,88,20,290,2026-08,7.4074074074074066
1720853,TO,12m_2025-09_a_2026-08,79,91,-12,192,2026-08,-5.88235294117647
1720903,TO,12m_2025-09_a_2026-08,541,492,49,1012,2026-08,5.088265835929388
1720937,TO,12m_2025-09_a_2026-08,43,37,6,55,2026-08,12.244897959183673
1720978,TO,12m_2025-09_a_2026-08,233,243,-10,350,2026-08,-2.7777777777777777
1721000,TO,12m_2025-09_a_2026-08,52747,53603,-856,81335,2026-08,-1.041476560693993
1721109,TO,12m_2025-09_a_2026-08,85,96,-11,178,2026-08,-5.82010582010582
1721208,TO,12m_2025-09_a_2026-08,1185,993,192,2392,2026-08,8.727272727272728
1721257,TO,12m_2025-09_a_2026-08,270,283,-13,240,2026-08,-5.138339920948617
1721307,TO,12m_2025-09_a_2026-08,24,35,-11,69,2026-08,-13.750000000000002
1722081,TO,12m_2025-09_a_2026-08,281,293,-12,580,2026-08,-2.027027027027027
1722107,TO,12m_2025-09_a_2026-08,594,659,-65,1210,2026-08,-5.098039215686274
2100055,MA,12m_2025-09_a_2026-08,8800,9489,-689,16913,2026-08,-3.914327917282127
2100105,MA,12m_2025-09_a_2026-08,105,124,-19,209,2026-08,-8.333333333333332
2100154,MA,12m_2025-09_a_2026-08,66,69,-3,93,2026-08,-3.125
2100204,MA,12m_2025-09_a_2026-08,16,40,-24,62,2026-08,-27.906976744186046
2100303,MA,12m_2025-09_a_2026-08,1128,1225,-97,1522,2026-08,-5.991352686843731
2100402,MA,12m_2025-09_a_2026-08,30,41,-11,134,2026-08,-7.586206896551724
2100436,MA,12m_2025-09_a_2026-08,244,268,-24,716,2026-08,-3.2432432432432434
2100477,MA,12m_2025-09_a_2026-08,318,338,-20,418,2026-08,-4.5662100456621
2100501,MA,12m_2025-09_a_2026-08,730,721,9,953,2026-08,0.9533898305084746
2100550,MA,12m_2025-09_a_2026-08,38,33,5,104,2026-08,5.05050505050505
2100600,MA,12m_2025-09_a_2026-08,317,260,57,661,2026-08,9.437086092715232
2100709,MA,12m_2025-09_a_2026-08,201,221,-20,352,2026-08,-5.376344086021505
2100808,MA,12m_2025-09_a_2026-08,275,339,-64,400,2026-08,-13.793103448275861
2100832,MA,12m_2025-09_a_2026-08,14,16,-2,90,2026-08,-2.1739130434782608
2100873,MA,12m_2025-09_a_2026-08,14,11,3,41,2026-08,7.894736842105263
2100907,MA,12m_2025-09_a_2026-08,217,169,48,459,2026-08,11.678832116788321
2100956,MA,12m_2025-09_a_2026-08,917,1061,-144,1036,2026-08,-12.203389830508476
2101004,MA,12m_2025-09_a_2026-08,306,287,19,765,2026-08,2.546916890080429
2101103,MA,12m_2025-09_a_2026-08,39,33,6,142,2026-08,4.411764705882353
2101202,MA,12m_2025-09_a_2026-08,7131,5176,1955,12766,2026-08,18.083433539913052
2101251,MA,12m_2025-09_a_2026-08,443,330,113,1719,2026-08,7.036114570361146
2101301,MA,12m_2025-09_a_2026-08,41,38,3,75,2026-08,4.166666666666666
2101350,MA,12m_2025-09_a_2026-08,54,9,45,11,2026-08,-132.35294117647058
2101400,MA,12m_2025-09_a_2026-08,14967,14671,296,24095,2026-08,1.2437497373839237
2101509,MA,12m_2025-09_a_2026-08,554,452,102,1605,2026-08,6.786427145708583
2101608,MA,12m_2025-09_a_2026-08,2384,2032,352,4667,2026-08,8.157589803012746
2101707,MA,12m_2025-09_a_2026-08,2156,1703,453,4056,2026-08,12.572855953372189
2101731,MA,12m_2025-09_a_2026-08,28,16,12,81,2026-08,17.391304347826086
2101772,MA,12m_2025-09_a_2026-08,158,143,15,395,2026-08,3.9473684210526314
2101806,MA,12m_2025-09_a_2026-08,69,53,16,132,2026-08,13.793103448275861
2101905,MA,12m_2025-09_a_2026-08,62,68,-6,173,2026-08,-3.35195530726257
2101939,MA,12m_2025-09_a_2026-08,551,367,184,541,2026-08,51.540616246498594
2101970,MA,12m_2025-09_a_2026-08,101,87,14,103,2026-08,15.730337078651685
2102002,MA,12m_2025-09_a_2026-08,327,230,97,653,2026-08,17.446043165467625
2102036,MA,12m_2025-09_a_2026-08,645,460,185,964,2026-08,23.748395378690628
2102077,MA,12m_2025-09_a_2026-08,53,68,-15,102,2026-08,-12.82051282051282
2102101,MA,12m_2025-09_a_2026-08,318,285,33,878,2026-08,3.9053254437869818
2102150,MA,12m_2025-09_a_2026-08,10,9,1,21,2026-08,5
2102200,MA,12m_2025-09_a_2026-08,153,135,18,417,2026-08,4.511278195488721
2102309,MA,12m_2025-09_a_2026-08,236,248,-12,365,2026-08,-3.183023872679045
2102325,MA,12m_2025-09_a_2026-08,882,861,21,1886,2026-08,1.1260053619302948
2102358,MA,12m_2025-09_a_2026-08,26,84,-58,61,2026-08,-48.739495798319325
2102374,MA,12m_2025-09_a_2026-08,2,5,-3,37,2026-08,-7.5
2102408,MA,12m_2025-09_a_2026-08,7,2,5,30,2026-08,20
2102507,MA,12m_2025-09_a_2026-08,34,9,25,63,2026-08,65.78947368421053
2102556,MA,12m_2025-09_a_2026-08,795,753,42,1477,2026-08,2.9268292682926833
2102606,MA,12m_2025-09_a_2026-08,69,90,-21,184,2026-08,-10.24390243902439
2102705,MA,12m_2025-09_a_2026-08,89,55,34,188,2026-08,22.07792207792208
2102754,MA,12m_2025-09_a_2026-08,57,59,-2,231,2026-08,-0.8583690987124464
2102804,MA,12m_2025-09_a_2026-08,968,1002,-34,2396,2026-08,-1.3991769547325104
2102903,MA,12m_2025-09_a_2026-08,214,185,29,478,2026-08,6.45879732739421
2103000,MA,12m_2025-09_a_2026-08,4000,3696,304,11288,2026-08,2.7676620538965766
2103109,MA,12m_2025-09_a_2026-08,18,23,-5,42,2026-08,-10.638297872340425
2103125,MA,12m_2025-09_a_2026-08,0,0,0,5,2026-08,0
2103158,MA,12m_2025-09_a_2026-08,35,13,22,70,2026-08,45.83333333333333
2103174,MA,12m_2025-09_a_2026-08,92,61,31,169,2026-08,22.463768115942027
2103208,MA,12m_2025-09_a_2026-08,1536,1383,153,3793,2026-08,4.2032967032967035
2103257,MA,12m_2025-09_a_2026-08,355,276,79,629,2026-08,14.363636363636365
2103307,MA,12m_2025-09_a_2026-08,2323,2470,-147,7528,2026-08,-1.9153094462540716
2103406,MA,12m_2025-09_a_2026-08,252,288,-36,1378,2026-08,-2.545968882602546
2103505,MA,12m_2025-09_a_2026-08,1327,1102,225,3086,2026-08,7.8643830828381684
2103554,MA,12m_2025-09_a_2026-08,21,17,4,81,2026-08,5.194805194805195
2103604,MA,12m_2025-09_a_2026-08,665,601,64,1854,2026-08,3.5754189944134076
2103703,MA,12m_2025-09_a_2026-08,171,181,-10,703,2026-08,-1.402524544179523
2103752,MA,12m_2025-09_a_2026-08,953,914,39,2211,2026-08,1.7955801104972375
2103802,MA,12m_2025-09_a_2026-08,275,281,-6,849,2026-08,-0.7017543859649122
2103901,MA,12m_2025-09_a_2026-08,36,28,8,121,2026-08,7.079646017699115
2104008,MA,12m_2025-09_a_2026-08,99,88,11,254,2026-08,4.526748971193416
2104057,MA,12m_2025-09_a_2026-08,1410,1290,120,2749,2026-08,4.564473183720046
2104073,MA,12m_2025-09_a_2026-08,27,30,-3,110,2026-08,-2.6548672566371683
2104081,MA,12m_2025-09_a_2026-08,55,55,0,91,2026-08,0
2104099,MA,12m_2025-09_a_2026-08,110,108,2,299,2026-08,0.6734006734006733
2104107,MA,12m_2025-09_a_2026-08,307,270,37,693,2026-08,5.640243902439025
2104206,MA,12m_2025-09_a_2026-08,56,50,6,133,2026-08,4.724409448818897
2104305,MA,12m_2025-09_a_2026-08,369,341,28,998,2026-08,2.88659793814433
2104404,MA,12m_2025-09_a_2026-08,71,52,19,244,2026-08,8.444444444444445
2104503,MA,12m_2025-09_a_2026-08,138,99,39,194,2026-08,25.161290322580644
2104552,MA,12m_2025-09_a_2026-08,912,943,-31,2200,2026-08,-1.3895114298520843
2104602,MA,12m_2025-09_a_2026-08,63,74,-11,156,2026-08,-6.58682634730539
2104628,MA,12m_2025-09_a_2026-08,90,126,-36,113,2026-08,-24.161073825503358
2104651,MA,12m_2025-09_a_2026-08,19,17,2,60,2026-08,3.4482758620689653
2104677,MA,12m_2025-09_a_2026-08,154,176,-22,388,2026-08,-5.365853658536586
2104701,MA,12m_2025-09_a_2026-08,22,13,9,40,2026-08,29.03225806451613
2104800,MA,12m_2025-09_a_2026-08,2966,2989,-23,5180,2026-08,-0.44205266192581205
2104909,MA,12m_2025-09_a_2026-08,61,28,33,183,2026-08,22
2105005,MA,12m_2025-09_a_2026-08,87,55,32,224,2026-08,16.666666666666664
2105104,MA,12m_2025-09_a_2026-08,93,32,61,204,2026-08,42.65734265734265
2105153,MA,12m_2025-09_a_2026-08,238,317,-79,816,2026-08,-8.8268156424581
2105203,MA,12m_2025-09_a_2026-08,51,50,1,204,2026-08,0.49261083743842365
2105302,MA,12m_2025-09_a_2026-08,29509,29846,-337,59969,2026-08,-0.5588167014890724
2105351,MA,12m_2025-09_a_2026-08,284,180,104,285,2026-08,57.4585635359116
2105401,MA,12m_2025-09_a_2026-08,1638,1385,253,3610,2026-08,7.5364909145070005
2105427,MA,12m_2025-09_a_2026-08,947,1031,-84,2021,2026-08,-3.9904988123515435
2105450,MA,12m_2025-09_a_2026-08,12,38,-26,22,2026-08,-54.166666666666664
2105476,MA,12m_2025-09_a_2026-08,28,49,-21,55,2026-08,-27.631578947368425
2105500,MA,12m_2025-09_a_2026-08,420,453,-33,880,2026-08,-3.614457831325301
2105609,MA,12m_2025-09_a_2026-08,67,57,10,146,2026-08,7.352941176470589
2105658,MA,12m_2025-09_a_2026-08,13,8,5,27,2026-08,22.727272727272727
2105708,MA,12m_2025-09_a_2026-08,1037,870,167,2016,2026-08,9.031909140075717
2105807,MA,12m_2025-09_a_2026-08,58,29,29,95,2026-08,43.93939393939394
2105906,MA,12m_2025-09_a_2026-08,27,29,-2,111,2026-08,-1.7699115044247788
2105922,MA,12m_2025-09_a_2026-08,42,56,-14,106,2026-08,-11.666666666666666
2105948,MA,12m_2025-09_a_2026-08,108,82,26,172,2026-08,17.80821917808219
2105963,MA,12m_2025-09_a_2026-08,23,20,3,64,2026-08,4.918032786885246
2105989,MA,12m_2025-09_a_2026-08,75,72,3,170,2026-08,1.7964071856287425
2106003,MA,12m_2025-09_a_2026-08,224,159,65,297,2026-08,28.01724137931034
2106102,MA,12m_2025-09_a_2026-08,428,436,-8,1190,2026-08,-0.667779632721202
2106201,MA,12m_2025-09_a_2026-08,8,9,-1,26,2026-08,-3.7037037037037033
2106300,MA,12m_2025-09_a_2026-08,197,154,43,277,2026-08,18.37606837606838
2106326,MA,12m_2025-09_a_2026-08,317,376,-59,484,2026-08,-10.865561694290976
2106359,MA,12m_2025-09_a_2026-08,3,17,-14,8,2026-08,-63.63636363636363
2106375,MA,12m_2025-09_a_2026-08,11,14,-3,44,2026-08,-6.382978723404255
2106409,MA,12m_2025-09_a_2026-08,73,52,21,256,2026-08,8.936170212765958
2106508,MA,12m_2025-09_a_2026-08,106,89,17,364,2026-08,4.899135446685879
2106607,MA,12m_2025-09_a_2026-08,149,129,20,394,2026-08,5.347593582887701
2106631,MA,12m_2025-09_a_2026-08,47,54,-7,68,2026-08,-9.333333333333334
2106672,MA,12m_2025-09_a_2026-08,8,4,4,26,2026-08,18.181818181818183
2106706,MA,12m_2025-09_a_2026-08,344,390,-46,754,2026-08,-5.75
2106755,MA,12m_2025-09_a_2026-08,479,447,32,1105,2026-08,2.982292637465051
2106805,MA,12m_2025-09_a_2026-08,48,31,17,168,2026-08,11.258278145695364
2106904,MA,12m_2025-09_a_2026-08,64,65,-1,176,2026-08,-0.5649717514124294
2107001,MA,12m_2025-09_a_2026-08,41,46,-5,121,2026-08,-3.968253968253968
2107100,MA,12m_2025-09_a_2026-08,144,72,72,341,2026-08,26.765799256505574
2107209,MA,12m_2025-09_a_2026-08,425,274,151,513,2026-08,41.71270718232044
2107258,MA,12m_2025-09_a_2026-08,38,28,10,104,2026-08,10.638297872340425
2107308,MA,12m_2025-09_a_2026-08,41,35,6,97,2026-08,6.593406593406594
2107357,MA,12m_2025-09_a_2026-08,56,43,13,144,2026-08,9.923664122137405
2107407,MA,12m_2025-09_a_2026-08,137,114,23,311,2026-08,7.986111111111111
2107456,MA,12m_2025-09_a_2026-08,31,8,23,78,2026-08,41.81818181818181
2107506,MA,12m_2025-09_a_2026-08,4410,3996,414,9136,2026-08,4.746617748222884
2107605,MA,12m_2025-09_a_2026-08,51,46,5,117,2026-08,4.464285714285714
2107704,MA,12m_2025-09_a_2026-08,416,339,77,569,2026-08,15.650406504065039
2107803,MA,12m_2025-09_a_2026-08,421,404,17,931,2026-08,1.8599562363238513
2107902,MA,12m_2025-09_a_2026-08,717,544,173,905,2026-08,23.633879781420767
2108009,MA,12m_2025-09_a_2026-08,722,517,205,1002,2026-08,25.72145545796738
2108058,MA,12m_2025-09_a_2026-08,114,59,55,264,2026-08,26.31578947368421
2108108,MA,12m_2025-09_a_2026-08,178,118,60,349,2026-08,20.761245674740483
2108207,MA,12m_2025-09_a_2026-08,1540,1450,90,4377,2026-08,2.099370188943317
2108256,MA,12m_2025-09_a_2026-08,39,25,14,84,2026-08,20
2108306,MA,12m_2025-09_a_2026-08,91,96,-5,275,2026-08,-1.7857142857142856
2108405,MA,12m_2025-09_a_2026-08,59,64,-5,125,2026-08,-3.8461538461538463
2108454,MA,12m_2025-09_a_2026-08,320,308,12,649,2026-08,1.8838304552590266
2108504,MA,12m_2025-09_a_2026-08,497,473,24,1197,2026-08,2.0460358056265986
2108603,MA,12m_2025-09_a_2026-08,1629,1672,-43,4586,2026-08,-0.9289263339814214
2108702,MA,12m_2025-09_a_2026-08,80,75,5,196,2026-08,2.6178010471204187
2108801,MA,12m_2025-09_a_2026-08,37,29,8,111,2026-08,7.766990291262135
2108900,MA,12m_2025-09_a_2026-08,55,62,-7,140,2026-08,-4.761904761904762
2109007,MA,12m_2025-09_a_2026-08,1140,1143,-3,2266,2026-08,-0.13221683561040104
2109056,MA,12m_2025-09_a_2026-08,4,6,-2,17,2026-08,-10.526315789473683
2109106,MA,12m_2025-09_a_2026-08,2688,2700,-12,5290,2026-08,-0.2263296869105998
2109205,MA,12m_2025-09_a_2026-08,32,15,17,97,2026-08,21.25
2109239,MA,12m_2025-09_a_2026-08,12,7,5,33,2026-08,17.857142857142858
2109270,MA,12m_2025-09_a_2026-08,18,17,1,81,2026-08,1.25
2109304,MA,12m_2025-09_a_2026-08,27,16,11,46,2026-08,31.428571428571427
2109403,MA,12m_2025-09_a_2026-08,19,10,9,75,2026-08,13.636363636363635
2109452,MA,12m_2025-09_a_2026-08,572,604,-32,1435,2026-08,-2.1813224267212
2109502,MA,12m_2025-09_a_2026-08,701,724,-23,1308,2026-08,-1.7280240420736288
2109551,MA,12m_2025-09_a_2026-08,113,134,-21,252,2026-08,-7.6923076923076925
2109601,MA,12m_2025-09_a_2026-08,780,778,2,2142,2026-08,0.09345794392523366
2109700,MA,12m_2025-09_a_2026-08,278,320,-42,657,2026-08,-6.008583690987124
2109759,MA,12m_2025-09_a_2026-08,6,7,-1,20,2026-08,-4.761904761904762
2109809,MA,12m_2025-09_a_2026-08,447,404,43,711,2026-08,6.437125748502994
2109908,MA,12m_2025-09_a_2026-08,3717,3739,-22,8571,2026-08,-0.2560223437681834
2110005,MA,12m_2025-09_a_2026-08,631,632,-1,1596,2026-08,-0.06261740763932373
2110039,MA,12m_2025-09_a_2026-08,632,1156,-524,913,2026-08,-36.464857341684066
2110104,MA,12m_2025-09_a_2026-08,244,242,2,447,2026-08,0.44943820224719105
2110203,MA,12m_2025-09_a_2026-08,441,392,49,1647,2026-08,3.066332916145181
2110237,MA,12m_2025-09_a_2026-08,13,26,-13,62,2026-08,-17.333333333333336
2110278,MA,12m_2025-09_a_2026-08,311,137,174,490,2026-08,55.06329113924051
2110302,MA,12m_2025-09_a_2026-08,994,453,541,1488,2026-08,57.127771911298844
2110401,MA,12m_2025-09_a_2026-08,288,290,-2,370,2026-08,-0.5376344086021506
2110500,MA,12m_2025-09_a_2026-08,245,219,26,832,2026-08,3.225806451612903
2110609,MA,12m_2025-09_a_2026-08,300,324,-24,765,2026-08,-3.041825095057034
2110658,MA,12m_2025-09_a_2026-08,187,193,-6,536,2026-08,-1.107011070110701
2110708,MA,12m_2025-09_a_2026-08,1154,516,638,1648,2026-08,63.16831683168317
2110807,MA,12m_2025-09_a_2026-08,131,126,5,172,2026-08,2.9940119760479043
2110856,MA,12m_2025-09_a_2026-08,96,146,-50,202,2026-08,-19.841269841269842
2110906,MA,12m_2025-09_a_2026-08,69,65,4,101,2026-08,4.123711340206185
2111003,MA,12m_2025-09_a_2026-08,14,13,1,84,2026-08,1.2048192771084338
2111029,MA,12m_2025-09_a_2026-08,20,22,-2,71,2026-08,-2.73972602739726
2111052,MA,12m_2025-09_a_2026-08,57,54,3,191,2026-08,1.5957446808510638
2111078,MA,12m_2025-09_a_2026-08,56,65,-9,116,2026-08,-7.199999999999999
2111102,MA,12m_2025-09_a_2026-08,1063,998,65,1782,2026-08,3.7856726849155504
2111201,MA,12m_2025-09_a_2026-08,7890,7502,388,17291,2026-08,2.2954505117434776
2111250,MA,12m_2025-09_a_2026-08,30,22,8,65,2026-08,14.035087719298245
2111300,MA,12m_2025-09_a_2026-08,136322,120251,16071,325184,2026-08,5.199069595908293
2111409,MA,12m_2025-09_a_2026-08,27,39,-12,169,2026-08,-6.629834254143646
2111508,MA,12m_2025-09_a_2026-08,781,712,69,1442,2026-08,5.025491624180627
2111532,MA,12m_2025-09_a_2026-08,292,200,92,434,2026-08,26.900584795321635
2111573,MA,12m_2025-09_a_2026-08,49,32,17,94,2026-08,22.07792207792208
2111607,MA,12m_2025-09_a_2026-08,1335,1349,-14,2284,2026-08,-0.6092254134029591
2111631,MA,12m_2025-09_a_2026-08,9,11,-2,30,2026-08,-6.25
2111672,MA,12m_2025-09_a_2026-08,19,6,13,43,2026-08,43.333333333333336
2111706,MA,12m_2025-09_a_2026-08,28,32,-4,120,2026-08,-3.225806451612903
2111722,MA,12m_2025-09_a_2026-08,40,31,9,107,2026-08,9.183673469387756
2111748,MA,12m_2025-09_a_2026-08,75,54,21,186,2026-08,12.727272727272727
2111763,MA,12m_2025-09_a_2026-08,156,173,-17,353,2026-08,-4.594594594594595
2111789,MA,12m_2025-09_a_2026-08,29,21,8,41,2026-08,24.242424242424242
2111805,MA,12m_2025-09_a_2026-08,164,208,-44,344,2026-08,-11.34020618556701
2111904,MA,12m_2025-09_a_2026-08,116,138,-22,366,2026-08,-5.670103092783505
2111953,MA,12m_2025-09_a_2026-08,28,32,-4,68,2026-08,-5.555555555555555
2112001,MA,12m_2025-09_a_2026-08,1070,1073,-3,1557,2026-08,-0.19230769230769232
2112100,MA,12m_2025-09_a_2026-08,151,109,42,412,2026-08,11.351351351351353
2112209,MA,12m_2025-09_a_2026-08,6508,6312,196,14072,2026-08,1.4125108100317094
2112233,MA,12m_2025-09_a_2026-08,293,314,-21,724,2026-08,-2.8187919463087248
2112274,MA,12m_2025-09_a_2026-08,5,4,1,59,2026-08,1.7241379310344827
2112308,MA,12m_2025-09_a_2026-08,280,283,-3,786,2026-08,-0.38022813688212925
2112407,MA,12m_2025-09_a_2026-08,65,72,-7,182,2026-08,-3.7037037037037033
2112456,MA,12m_2025-09_a_2026-08,60,28,32,118,2026-08,37.2093023255814
2112506,MA,12m_2025-09_a_2026-08,791,673,118,1896,2026-08,6.636670416197974
2112605,MA,12m_2025-09_a_2026-08,858,689,169,1778,2026-08,10.503418272218768
2112704,MA,12m_2025-09_a_2026-08,527,455,72,1386,2026-08,5.47945205479452
2112803,MA,12m_2025-09_a_2026-08,532,488,44,1454,2026-08,3.120567375886525
2112852,MA,12m_2025-09_a_2026-08,318,297,21,647,2026-08,3.3546325878594248
2112902,MA,12m_2025-09_a_2026-08,250,171,79,629,2026-08,14.363636363636365
2113009,MA,12m_2025-09_a_2026-08,331,280,51,763,2026-08,7.162921348314606
2114007,MA,12m_2025-09_a_2026-08,542,510,32,1398,2026-08,2.342606149341142
2200053,PI,12m_2025-09_a_2026-08,28,25,3,102,2026-08,3.0303030303030303
2200103,PI,12m_2025-09_a_2026-08,35,30,5,99,2026-08,5.319148936170213
2200202,PI,12m_2025-09_a_2026-08,594,663,-69,1682,2026-08,-3.9406053683609366
2200251,PI,12m_2025-09_a_2026-08,24,18,6,60,2026-08,11.11111111111111
2200277,PI,12m_2025-09_a_2026-08,22,25,-3,33,2026-08,-8.333333333333332
2200301,PI,12m_2025-09_a_2026-08,137,126,11,430,2026-08,2.6252983293556085
2200400,PI,12m_2025-09_a_2026-08,1561,1446,115,3545,2026-08,3.3527696793002915
2200459,PI,12m_2025-09_a_2026-08,64,49,15,116,2026-08,14.85148514851485
2200509,PI,12m_2025-09_a_2026-08,147,246,-99,497,2026-08,-16.610738255033556
2200608,PI,12m_2025-09_a_2026-08,72,43,29,262,2026-08,12.446351931330472
2200707,PI,12m_2025-09_a_2026-08,79,84,-5,219,2026-08,-2.232142857142857
2200806,PI,12m_2025-09_a_2026-08,162,164,-2,365,2026-08,-0.544959128065395
2200905,PI,12m_2025-09_a_2026-08,17,19,-2,83,2026-08,-2.3529411764705883
2200954,PI,12m_2025-09_a_2026-08,17,9,8,76,2026-08,11.76470588235294
2201002,PI,12m_2025-09_a_2026-08,26,31,-5,41,2026-08,-10.869565217391305
2201051,PI,12m_2025-09_a_2026-08,11,25,-14,34,2026-08,-29.166666666666668
2201101,PI,12m_2025-09_a_2026-08,32,22,10,99,2026-08,11.235955056179774
2201150,PI,12m_2025-09_a_2026-08,2939,2878,61,3470,2026-08,1.7893810501613376
2201176,PI,12m_2025-09_a_2026-08,33,44,-11,38,2026-08,-22.448979591836736
2201200,PI,12m_2025-09_a_2026-08,587,495,92,1543,2026-08,6.340454858718125
2201309,PI,12m_2025-09_a_2026-08,107,119,-12,158,2026-08,-7.0588235294117645
2201408,PI,12m_2025-09_a_2026-08,158,217,-59,220,2026-08,-21.14695340501792
2201507,PI,12m_2025-09_a_2026-08,327,287,40,644,2026-08,6.622516556291391
2201556,PI,12m_2025-09_a_2026-08,6,2,4,43,2026-08,10.256410256410255
2201572,PI,12m_2025-09_a_2026-08,24,60,-36,99,2026-08,-26.666666666666668
2201606,PI,12m_2025-09_a_2026-08,72,88,-16,202,2026-08,-7.339449541284404
2201705,PI,12m_2025-09_a_2026-08,64,43,21,129,2026-08,19.444444444444446
2201739,PI,12m_2025-09_a_2026-08,57,118,-61,92,2026-08,-39.869281045751634
2201770,PI,12m_2025-09_a_2026-08,9,17,-8,53,2026-08,-13.114754098360656
2201804,PI,12m_2025-09_a_2026-08,8,3,5,38,2026-08,15.151515151515152
2201903,PI,12m_2025-09_a_2026-08,3092,2614,478,5050,2026-08,10.454943132108486
2201919,PI,12m_2025-09_a_2026-08,28,23,5,70,2026-08,7.6923076923076925
2201929,PI,12m_2025-09_a_2026-08,10,18,-8,60,2026-08,-11.76470588235294
2201945,PI,12m_2025-09_a_2026-08,11,11,0,35,2026-08,0
2201960,PI,12m_2025-09_a_2026-08,44,38,6,105,2026-08,6.0606060606060606
2201988,PI,12m_2025-09_a_2026-08,25,18,7,57,2026-08,14.000000000000002
2202000,PI,12m_2025-09_a_2026-08,349,314,35,807,2026-08,4.533678756476684
2202026,PI,12m_2025-09_a_2026-08,27,25,2,87,2026-08,2.3529411764705883
2202059,PI,12m_2025-09_a_2026-08,65,56,9,155,2026-08,6.164383561643835
2202075,PI,12m_2025-09_a_2026-08,13,14,-1,37,2026-08,-2.631578947368421
2202083,PI,12m_2025-09_a_2026-08,568,491,77,1230,2026-08,6.678230702515179
2202091,PI,12m_2025-09_a_2026-08,7,5,2,26,2026-08,8.333333333333332
2202109,PI,12m_2025-09_a_2026-08,5,9,-4,39,2026-08,-9.30232558139535
2202117,PI,12m_2025-09_a_2026-08,31,26,5,53,2026-08,10.416666666666668
2202133,PI,12m_2025-09_a_2026-08,28,32,-4,104,2026-08,-3.7037037037037033
2202174,PI,12m_2025-09_a_2026-08,33,21,12,45,2026-08,36.36363636363637
2202208,PI,12m_2025-09_a_2026-08,1440,1587,-147,4084,2026-08,-3.474355944221225
2202251,PI,12m_2025-09_a_2026-08,6,7,-1,35,2026-08,-2.7777777777777777
2202307,PI,12m_2025-09_a_2026-08,550,970,-420,1402,2026-08,-23.05159165751921
2202406,PI,12m_2025-09_a_2026-08,148,149,-1,248,2026-08,-0.4016064257028112
2202455,PI,12m_2025-09_a_2026-08,79,46,33,469,2026-08,7.568807339449542
2202505,PI,12m_2025-09_a_2026-08,107,54,53,225,2026-08,30.813953488372093
2202539,PI,12m_2025-09_a_2026-08,18,42,-24,47,2026-08,-33.80281690140845
2202554,PI,12m_2025-09_a_2026-08,14,16,-2,32,2026-08,-5.88235294117647
2202604,PI,12m_2025-09_a_2026-08,242,177,65,630,2026-08,11.504424778761061
2202653,PI,12m_2025-09_a_2026-08,14,9,5,52,2026-08,10.638297872340425
2202703,PI,12m_2025-09_a_2026-08,361,314,47,726,2026-08,6.9219440353460975
2202711,PI,12m_2025-09_a_2026-08,56,34,22,110,2026-08,25
2202729,PI,12m_2025-09_a_2026-08,30,12,18,37,2026-08,94.73684210526315
2202737,PI,12m_2025-09_a_2026-08,33,36,-3,52,2026-08,-5.454545454545454
2202752,PI,12m_2025-09_a_2026-08,169,102,67,271,2026-08,32.84313725490196
2202778,PI,12m_2025-09_a_2026-08,91,56,35,186,2026-08,23.178807947019866
2202802,PI,12m_2025-09_a_2026-08,11,7,4,25,2026-08,19.047619047619047
2202851,PI,12m_2025-09_a_2026-08,102,70,32,226,2026-08,16.49484536082474
2202901,PI,12m_2025-09_a_2026-08,919,876,43,2315,2026-08,1.8926056338028168
2203008,PI,12m_2025-09_a_2026-08,51,28,23,100,2026-08,29.87012987012987
2203107,PI,12m_2025-09_a_2026-08,460,587,-127,583,2026-08,-17.887323943661972
2203206,PI,12m_2025-09_a_2026-08,93,103,-10,364,2026-08,-2.6737967914438503
2203230,PI,12m_2025-09_a_2026-08,477,464,13,440,2026-08,3.0444964871194378
2203255,PI,12m_2025-09_a_2026-08,36,25,11,93,2026-08,13.414634146341465
2203271,PI,12m_2025-09_a_2026-08,85,19,66,119,2026-08,124.52830188679245
2203305,PI,12m_2025-09_a_2026-08,345,426,-81,923,2026-08,-8.067729083665338
2203354,PI,12m_2025-09_a_2026-08,45,43,2,106,2026-08,1.9230769230769231
2203404,PI,12m_2025-09_a_2026-08,49,43,6,195,2026-08,3.1746031746031744
2203420,PI,12m_2025-09_a_2026-08,5,5,0,18,2026-08,0
2203453,PI,12m_2025-09_a_2026-08,81,41,40,143,2026-08,38.83495145631068
2203503,PI,12m_2025-09_a_2026-08,267,271,-4,792,2026-08,-0.5025125628140703
2203602,PI,12m_2025-09_a_2026-08,57,52,5,131,2026-08,3.968253968253968
2203701,PI,12m_2025-09_a_2026-08,789,728,61,2062,2026-08,3.0484757621189407
2203750,PI,12m_2025-09_a_2026-08,19,9,10,40,2026-08,33.33333333333333
2203800,PI,12m_2025-09_a_2026-08,16,10,6,48,2026-08,14.285714285714285
2203859,PI,12m_2025-09_a_2026-08,3,2,1,18,2026-08,5.88235294117647
2203909,PI,12m_2025-09_a_2026-08,4776,4245,531,11158,2026-08,4.996706502305448
2204006,PI,12m_2025-09_a_2026-08,68,22,46,124,2026-08,58.97435897435898
2204105,PI,12m_2025-09_a_2026-08,8,10,-2,32,2026-08,-5.88235294117647
2204154,PI,12m_2025-09_a_2026-08,13,5,8,18,2026-08,80
2204204,PI,12m_2025-09_a_2026-08,108,39,69,152,2026-08,83.13253012048193
2204303,PI,12m_2025-09_a_2026-08,360,149,211,591,2026-08,55.52631578947368
2204352,PI,12m_2025-09_a_2026-08,41,40,1,82,2026-08,1.2345679012345678
2204402,PI,12m_2025-09_a_2026-08,373,423,-50,588,2026-08,-7.836990595611286
2204501,PI,12m_2025-09_a_2026-08,382,414,-32,740,2026-08,-4.145077720207254
2204550,PI,12m_2025-09_a_2026-08,6,15,-9,33,2026-08,-21.428571428571427
2204600,PI,12m_2025-09_a_2026-08,13,13,0,37,2026-08,0
2204659,PI,12m_2025-09_a_2026-08,127,118,9,295,2026-08,3.146853146853147
2204709,PI,12m_2025-09_a_2026-08,158,142,16,455,2026-08,3.644646924829157
2204808,PI,12m_2025-09_a_2026-08,36,36,0,152,2026-08,0
2204907,PI,12m_2025-09_a_2026-08,77,38,39,176,2026-08,28.467153284671532
2205003,PI,12m_2025-09_a_2026-08,54,86,-32,142,2026-08,-18.39080459770115
2205102,PI,12m_2025-09_a_2026-08,148,135,13,347,2026-08,3.8922155688622757
2205151,PI,12m_2025-09_a_2026-08,71,68,3,160,2026-08,1.910828025477707
2205201,PI,12m_2025-09_a_2026-08,161,127,34,409,2026-08,9.066666666666666
2205250,PI,12m_2025-09_a_2026-08,10,9,1,19,2026-08,5.555555555555555
2205276,PI,12m_2025-09_a_2026-08,13,5,8,36,2026-08,28.57142857142857
2205300,PI,12m_2025-09_a_2026-08,82,75,7,220,2026-08,3.286384976525822
2205359,PI,12m_2025-09_a_2026-08,19,17,2,52,2026-08,4
2205409,PI,12m_2025-09_a_2026-08,121,91,30,263,2026-08,12.875536480686694
2205458,PI,12m_2025-09_a_2026-08,4,3,1,12,2026-08,9.090909090909092
2205508,PI,12m_2025-09_a_2026-08,768,718,50,1877,2026-08,2.736726874657909
2205516,PI,12m_2025-09_a_2026-08,42,17,25,105,2026-08,31.25
2205524,PI,12m_2025-09_a_2026-08,4,17,-13,40,2026-08,-24.528301886792452
2205532,PI,12m_2025-09_a_2026-08,4,18,-14,61,2026-08,-18.666666666666668
2205540,PI,12m_2025-09_a_2026-08,38,43,-5,62,2026-08,-7.462686567164178
2205557,PI,12m_2025-09_a_2026-08,38,35,3,120,2026-08,2.564102564102564
2205565,PI,12m_2025-09_a_2026-08,1465,629,836,1249,2026-08,202.42130750605324
2205573,PI,12m_2025-09_a_2026-08,12,10,2,32,2026-08,6.666666666666667
2205581,PI,12m_2025-09_a_2026-08,175,137,38,340,2026-08,12.582781456953644
2205599,PI,12m_2025-09_a_2026-08,3,10,-7,23,2026-08,-23.333333333333332
2205607,PI,12m_2025-09_a_2026-08,20,34,-14,71,2026-08,-16.470588235294116
2205706,PI,12m_2025-09_a_2026-08,812,747,65,1698,2026-08,3.9804041641151255
2205805,PI,12m_2025-09_a_2026-08,257,227,30,610,2026-08,5.172413793103448
2205854,PI,12m_2025-09_a_2026-08,2,5,-3,22,2026-08,-12
2205904,PI,12m_2025-09_a_2026-08,92,81,11,148,2026-08,8.02919708029197
2205953,PI,12m_2025-09_a_2026-08,129,144,-15,345,2026-08,-4.166666666666666
2206001,PI,12m_2025-09_a_2026-08,43,49,-6,102,2026-08,-5.555555555555555
2206050,PI,12m_2025-09_a_2026-08,13,10,3,36,2026-08,9.090909090909092
2206100,PI,12m_2025-09_a_2026-08,58,47,11,155,2026-08,7.638888888888889
2206209,PI,12m_2025-09_a_2026-08,194,212,-18,554,2026-08,-3.146853146853147
2206308,PI,12m_2025-09_a_2026-08,39,49,-10,201,2026-08,-4.739336492890995
2206357,PI,12m_2025-09_a_2026-08,8,6,2,18,2026-08,12.5
2206407,PI,12m_2025-09_a_2026-08,118,93,25,432,2026-08,6.142506142506143
2206506,PI,12m_2025-09_a_2026-08,27,26,1,49,2026-08,2.083333333333333
2206605,PI,12m_2025-09_a_2026-08,402,490,-88,669,2026-08,-11.624834874504623
2206654,PI,12m_2025-09_a_2026-08,39,35,4,77,2026-08,5.47945205479452
2206670,PI,12m_2025-09_a_2026-08,16,13,3,42,2026-08,7.6923076923076925
2206696,PI,12m_2025-09_a_2026-08,14,7,7,54,2026-08,14.893617021276595
2206704,PI,12m_2025-09_a_2026-08,75,136,-61,173,2026-08,-26.06837606837607
2206720,PI,12m_2025-09_a_2026-08,285,322,-37,636,2026-08,-5.49777117384844
2206753,PI,12m_2025-09_a_2026-08,40,28,12,35,2026-08,52.17391304347826
2206803,PI,12m_2025-09_a_2026-08,9,19,-10,57,2026-08,-14.925373134328357
2206902,PI,12m_2025-09_a_2026-08,23,17,6,66,2026-08,10
2206951,PI,12m_2025-09_a_2026-08,8,6,2,29,2026-08,7.4074074074074066
2207009,PI,12m_2025-09_a_2026-08,1577,1370,207,3434,2026-08,6.414626588162379
2207108,PI,12m_2025-09_a_2026-08,8,11,-3,92,2026-08,-3.1578947368421053
2207207,PI,12m_2025-09_a_2026-08,77,40,37,140,2026-08,35.92233009708738
2207306,PI,12m_2025-09_a_2026-08,31,21,10,75,2026-08,15.384615384615385
2207355,PI,12m_2025-09_a_2026-08,822,361,461,564,2026-08,447.5728155339806
2207405,PI,12m_2025-09_a_2026-08,167,159,8,209,2026-08,3.9800995024875623
2207504,PI,12m_2025-09_a_2026-08,67,73,-6,199,2026-08,-2.9268292682926833
2207553,PI,12m_2025-09_a_2026-08,7,6,1,23,2026-08,4.545454545454546
2207603,PI,12m_2025-09_a_2026-08,71,65,6,232,2026-08,2.6548672566371683
2207702,PI,12m_2025-09_a_2026-08,9158,8528,630,24119,2026-08,2.68210651794457
2207751,PI,12m_2025-09_a_2026-08,45,15,30,62,2026-08,93.75
2207777,PI,12m_2025-09_a_2026-08,197,137,60,177,2026-08,51.28205128205128
2207793,PI,12m_2025-09_a_2026-08,69,11,58,73,2026-08,386.6666666666667
2207801,PI,12m_2025-09_a_2026-08,442,383,59,1146,2026-08,5.427782888684453
2207850,PI,12m_2025-09_a_2026-08,11,7,4,55,2026-08,7.8431372549019605
2207900,PI,12m_2025-09_a_2026-08,590,522,68,1464,2026-08,4.871060171919771
2207934,PI,12m_2025-09_a_2026-08,13,25,-12,29,2026-08,-29.268292682926827
2207959,PI,12m_2025-09_a_2026-08,3,4,-1,16,2026-08,-5.88235294117647
2208007,PI,12m_2025-09_a_2026-08,5886,4918,968,15434,2026-08,6.69155260611088
2208106,PI,12m_2025-09_a_2026-08,51,42,9,136,2026-08,7.086614173228346
2208205,PI,12m_2025-09_a_2026-08,118,107,11,308,2026-08,3.7037037037037033
2208304,PI,12m_2025-09_a_2026-08,745,640,105,1597,2026-08,7.037533512064344
2208403,PI,12m_2025-09_a_2026-08,2583,2229,354,6408,2026-08,5.847373637264618
2208502,PI,12m_2025-09_a_2026-08,71,52,19,198,2026-08,10.614525139664805
2208551,PI,12m_2025-09_a_2026-08,21,29,-8,20,2026-08,-28.57142857142857
2208601,PI,12m_2025-09_a_2026-08,15,16,-1,38,2026-08,-2.564102564102564
2208650,PI,12m_2025-09_a_2026-08,169,107,62,327,2026-08,23.39622641509434
2208700,PI,12m_2025-09_a_2026-08,67,52,15,148,2026-08,11.278195488721805
2208809,PI,12m_2025-09_a_2026-08,604,458,146,1058,2026-08,16.00877192982456
2208858,PI,12m_2025-09_a_2026-08,26,32,-6,44,2026-08,-12
2208874,PI,12m_2025-09_a_2026-08,7,66,-59,73,2026-08,-44.696969696969695
2208908,PI,12m_2025-09_a_2026-08,437,467,-30,638,2026-08,-4.491017964071856
2209005,PI,12m_2025-09_a_2026-08,41,28,13,89,2026-08,17.105263157894736
2209104,PI,12m_2025-09_a_2026-08,20,21,-1,112,2026-08,-0.8849557522123894
2209153,PI,12m_2025-09_a_2026-08,8,8,0,55,2026-08,0
2209203,PI,12m_2025-09_a_2026-08,1139,945,194,1163,2026-08,20.020639834881322
2209302,PI,12m_2025-09_a_2026-08,100,77,23,256,2026-08,9.871244635193133
2209351,PI,12m_2025-09_a_2026-08,4,4,0,19,2026-08,0
2209377,PI,12m_2025-09_a_2026-08,19,16,3,89,2026-08,3.488372093023256
2209401,PI,12m_2025-09_a_2026-08,81,71,10,295,2026-08,3.508771929824561
2209450,PI,12m_2025-09_a_2026-08,0,1,-1,0,2026-08,-100
2209500,PI,12m_2025-09_a_2026-08,15,18,-3,79,2026-08,-3.6585365853658534
2209559,PI,12m_2025-09_a_2026-08,8,10,-2,43,2026-08,-4.444444444444445
2209609,PI,12m_2025-09_a_2026-08,17,6,11,43,2026-08,34.375
2209658,PI,12m_2025-09_a_2026-08,18,19,-1,74,2026-08,-1.3333333333333335
2209708,PI,12m_2025-09_a_2026-08,26,21,5,56,2026-08,9.803921568627452
2209757,PI,12m_2025-09_a_2026-08,22,38,-16,87,2026-08,-15.53398058252427
2209807,PI,12m_2025-09_a_2026-08,44,48,-4,125,2026-08,-3.10077519379845
2209856,PI,12m_2025-09_a_2026-08,8,10,-2,26,2026-08,-7.142857142857142
2209872,PI,12m_2025-09_a_2026-08,24,30,-6,57,2026-08,-9.523809523809524
2209906,PI,12m_2025-09_a_2026-08,5,13,-8,73,2026-08,-9.876543209876543
2209955,PI,12m_2025-09_a_2026-08,30,8,22,40,2026-08,122.22222222222223
2209971,PI,12m_2025-09_a_2026-08,50,29,21,104,2026-08,25.301204819277107
2210003,PI,12m_2025-09_a_2026-08,1679,732,947,2342,2026-08,67.8853046594982
2210052,PI,12m_2025-09_a_2026-08,28,48,-20,79,2026-08,-20.2020202020202
2210102,PI,12m_2025-09_a_2026-08,39,25,14,95,2026-08,17.28395061728395
2210201,PI,12m_2025-09_a_2026-08,60,18,42,159,2026-08,35.8974358974359
2210300,PI,12m_2025-09_a_2026-08,15,15,0,70,2026-08,0
2210359,PI,12m_2025-09_a_2026-08,14,9,5,34,2026-08,17.24137931034483
2210375,PI,12m_2025-09_a_2026-08,12,7,5,0,2026-08,-100
2210383,PI,12m_2025-09_a_2026-08,7,5,2,13,2026-08,18.181818181818183
2210391,PI,12m_2025-09_a_2026-08,14,5,9,20,2026-08,81.81818181818183
2210409,PI,12m_2025-09_a_2026-08,98,79,19,275,2026-08,7.421875
2210508,PI,12m_2025-09_a_2026-08,86,166,-80,294,2026-08,-21.390374331550802
2210607,PI,12m_2025-09_a_2026-08,2652,1924,728,4167,2026-08,21.16894446059901
2210623,PI,12m_2025-09_a_2026-08,95,48,47,128,2026-08,58.0246913580247
2210631,PI,12m_2025-09_a_2026-08,489,381,108,1048,2026-08,11.48936170212766
2210656,PI,12m_2025-09_a_2026-08,19,11,8,49,2026-08,19.51219512195122
2210706,PI,12m_2025-09_a_2026-08,172,177,-5,371,2026-08,-1.3297872340425532
2210805,PI,12m_2025-09_a_2026-08,219,175,44,591,2026-08,8.043875685557587
2210904,PI,12m_2025-09_a_2026-08,42,38,4,69,2026-08,6.153846153846154
2210938,PI,12m_2025-09_a_2026-08,107,99,8,195,2026-08,4.27807486631016
2210953,PI,12m_2025-09_a_2026-08,11,7,4,19,2026-08,26.666666666666668
2210979,PI,12m_2025-09_a_2026-08,6,6,0,32,2026-08,0
2211001,PI,12m_2025-09_a_2026-08,99203,91162,8041,231470,2026-08,3.5989061402056133
2211100,PI,12m_2025-09_a_2026-08,3050,2850,200,6696,2026-08,3.0788177339901477
2211209,PI,12m_2025-09_a_2026-08,3865,3059,806,5810,2026-08,16.107114308553157
2211308,PI,12m_2025-09_a_2026-08,880,561,319,2092,2026-08,17.99210377890581
2211357,PI,12m_2025-09_a_2026-08,9,4,5,24,2026-08,26.31578947368421
2211407,PI,12m_2025-09_a_2026-08,17,16,1,56,2026-08,1.8181818181818181
2211506,PI,12m_2025-09_a_2026-08,16,10,6,28,2026-08,27.27272727272727
2211605,PI,12m_2025-09_a_2026-08,69,23,46,102,2026-08,82.14285714285714
2211704,PI,12m_2025-09_a_2026-08,11,6,5,24,2026-08,26.31578947368421
2300101,CE,12m_2025-09_a_2026-08,61,53,8,136,2026-08,6.25
2300150,CE,12m_2025-09_a_2026-08,405,405,0,990,2026-08,0
2300200,CE,12m_2025-09_a_2026-08,1576,1341,235,3735,2026-08,6.714285714285714
2300309,CE,12m_2025-09_a_2026-08,529,349,180,1585,2026-08,12.811387900355871
2300408,CE,12m_2025-09_a_2026-08,51,44,7,109,2026-08,6.862745098039216
2300507,CE,12m_2025-09_a_2026-08,64,57,7,129,2026-08,5.737704918032787
2300606,CE,12m_2025-09_a_2026-08,43,27,16,77,2026-08,26.229508196721312
2300705,CE,12m_2025-09_a_2026-08,217,226,-9,562,2026-08,-1.5761821366024518
2300754,CE,12m_2025-09_a_2026-08,1113,1106,7,2051,2026-08,0.3424657534246575
2300804,CE,12m_2025-09_a_2026-08,60,41,19,153,2026-08,14.17910447761194
2300903,CE,12m_2025-09_a_2026-08,248,174,74,352,2026-08,26.618705035971225
2301000,CE,12m_2025-09_a_2026-08,10777,10964,-187,19924,2026-08,-0.9298393913778529
2301109,CE,12m_2025-09_a_2026-08,4096,3704,392,9504,2026-08,4.302019315188762
2301208,CE,12m_2025-09_a_2026-08,588,579,9,1030,2026-08,0.881488736532811
2301257,CE,12m_2025-09_a_2026-08,73,58,15,135,2026-08,12.5
2301307,CE,12m_2025-09_a_2026-08,164,114,50,266,2026-08,23.14814814814815
2301406,CE,12m_2025-09_a_2026-08,152,142,10,257,2026-08,4.048582995951417
2301505,CE,12m_2025-09_a_2026-08,14,9,5,34,2026-08,17.24137931034483
2301604,CE,12m_2025-09_a_2026-08,231,206,25,488,2026-08,5.399568034557236
2301703,CE,12m_2025-09_a_2026-08,159,110,49,474,2026-08,11.529411764705882
2301802,CE,12m_2025-09_a_2026-08,10,4,6,21,2026-08,40
2301851,CE,12m_2025-09_a_2026-08,427,684,-257,534,2026-08,-32.4905183312263
2301901,CE,12m_2025-09_a_2026-08,4163,3787,376,11541,2026-08,3.3676668159426777
2301950,CE,12m_2025-09_a_2026-08,252,277,-25,573,2026-08,-4.1806020066889635
2302008,CE,12m_2025-09_a_2026-08,206,159,47,526,2026-08,9.812108559498958
2302057,CE,12m_2025-09_a_2026-08,91,93,-2,257,2026-08,-0.7722007722007722
2302107,CE,12m_2025-09_a_2026-08,1159,1015,144,2576,2026-08,5.921052631578947
2302206,CE,12m_2025-09_a_2026-08,2236,1999,237,5650,2026-08,4.378348420469241
2302305,CE,12m_2025-09_a_2026-08,252,261,-9,720,2026-08,-1.2345679012345678
2302404,CE,12m_2025-09_a_2026-08,587,543,44,1552,2026-08,2.9177718832891246
2302503,CE,12m_2025-09_a_2026-08,3175,3264,-89,6744,2026-08,-1.3025025611005416
2302602,CE,12m_2025-09_a_2026-08,1576,1527,49,4667,2026-08,1.061065396275444
2302701,CE,12m_2025-09_a_2026-08,319,294,25,1424,2026-08,1.7869907076483202
2302800,CE,12m_2025-09_a_2026-08,2672,2233,439,6207,2026-08,7.610957004160887
2302909,CE,12m_2025-09_a_2026-08,163,101,62,286,2026-08,27.67857142857143
2303006,CE,12m_2025-09_a_2026-08,457,364,93,1022,2026-08,10.010764262648008
2303105,CE,12m_2025-09_a_2026-08,99,78,21,396,2026-08,5.6000000000000005
2303204,CE,12m_2025-09_a_2026-08,169,115,54,309,2026-08,21.176470588235293
2303303,CE,12m_2025-09_a_2026-08,114,79,35,297,2026-08,13.358778625954198
2303402,CE,12m_2025-09_a_2026-08,84,82,2,1155,2026-08,0.17346053772766695
2303501,CE,12m_2025-09_a_2026-08,3576,3229,347,7856,2026-08,4.621121321081369
2303600,CE,12m_2025-09_a_2026-08,41,35,6,103,2026-08,6.185567010309279
2303659,CE,12m_2025-09_a_2026-08,145,67,78,193,2026-08,67.82608695652173
2303709,CE,12m_2025-09_a_2026-08,23442,20043,3399,43040,2026-08,8.574455740268913
2303808,CE,12m_2025-09_a_2026-08,247,158,89,762,2026-08,13.224368499257059
2303907,CE,12m_2025-09_a_2026-08,37,31,6,159,2026-08,3.9215686274509802
2303931,CE,12m_2025-09_a_2026-08,12,18,-6,49,2026-08,-10.909090909090908
2303956,CE,12m_2025-09_a_2026-08,333,412,-79,932,2026-08,-7.81404549950544
2304004,CE,12m_2025-09_a_2026-08,260,191,69,474,2026-08,17.037037037037038
2304103,CE,12m_2025-09_a_2026-08,2618,2383,235,6392,2026-08,3.816793893129771
2304202,CE,12m_2025-09_a_2026-08,7032,6576,456,17382,2026-08,2.694080113434952
2304236,CE,12m_2025-09_a_2026-08,107,76,31,816,2026-08,3.949044585987261
2304251,CE,12m_2025-09_a_2026-08,2091,1657,434,3147,2026-08,15.997051234795428
2304269,CE,12m_2025-09_a_2026-08,57,62,-5,142,2026-08,-3.4013605442176873
2304277,CE,12m_2025-09_a_2026-08,17,13,4,55,2026-08,7.8431372549019605
2304285,CE,12m_2025-09_a_2026-08,24881,24109,772,45980,2026-08,1.7076623606441337
2304301,CE,12m_2025-09_a_2026-08,148,119,29,298,2026-08,10.780669144981413
2304350,CE,12m_2025-09_a_2026-08,514,480,34,1311,2026-08,2.662490211433046
2304400,CE,12m_2025-09_a_2026-08,374844,353047,21797,743556,2026-08,3.0199831245609685
2304459,CE,12m_2025-09_a_2026-08,1051,569,482,1876,2026-08,34.576757532281206
2304509,CE,12m_2025-09_a_2026-08,922,937,-15,3248,2026-08,-0.4596996628869139
2304608,CE,12m_2025-09_a_2026-08,19,96,-77,74,2026-08,-50.993377483443716
2304657,CE,12m_2025-09_a_2026-08,310,76,234,313,2026-08,296.2025316455696
2304707,CE,12m_2025-09_a_2026-08,694,687,7,1193,2026-08,0.5902192242833052
2304806,CE,12m_2025-09_a_2026-08,13,12,1,29,2026-08,3.571428571428571
2304905,CE,12m_2025-09_a_2026-08,154,180,-26,518,2026-08,-4.779411764705882
2304954,CE,12m_2025-09_a_2026-08,768,666,102,1574,2026-08,6.929347826086957
2305001,CE,12m_2025-09_a_2026-08,579,415,164,1514,2026-08,12.148148148148149
2305100,CE,12m_2025-09_a_2026-08,165,131,34,457,2026-08,8.037825059101655
2305209,CE,12m_2025-09_a_2026-08,127,195,-68,338,2026-08,-16.748768472906402
2305233,CE,12m_2025-09_a_2026-08,10406,10444,-38,24341,2026-08,-0.1558718569260429
2305266,CE,12m_2025-09_a_2026-08,91,81,10,176,2026-08,6.024096385542169
2305308,CE,12m_2025-09_a_2026-08,193,211,-18,562,2026-08,-3.103448275862069
2305332,CE,12m_2025-09_a_2026-08,66,34,32,147,2026-08,27.82608695652174
2305357,CE,12m_2025-09_a_2026-08,2343,2203,140,3206,2026-08,4.5662100456621
2305407,CE,12m_2025-09_a_2026-08,1637,1345,292,3007,2026-08,10.755064456721914
2305506,CE,12m_2025-09_a_2026-08,5170,4881,289,12902,2026-08,2.2912867676207087
2305605,CE,12m_2025-09_a_2026-08,464,210,254,715,2026-08,55.09761388286334
2305654,CE,12m_2025-09_a_2026-08,54,82,-28,122,2026-08,-18.666666666666668
2305704,CE,12m_2025-09_a_2026-08,1060,691,369,1410,2026-08,35.44668587896253
2305803,CE,12m_2025-09_a_2026-08,845,691,154,2280,2026-08,7.243650047036689
2305902,CE,12m_2025-09_a_2026-08,176,182,-6,426,2026-08,-1.3888888888888888
2306009,CE,12m_2025-09_a_2026-08,99,75,24,307,2026-08,8.480565371024735
2306108,CE,12m_2025-09_a_2026-08,586,415,171,921,2026-08,22.8
2306207,CE,12m_2025-09_a_2026-08,90,67,23,231,2026-08,11.057692307692307
2306256,CE,12m_2025-09_a_2026-08,7596,5896,1700,12927,2026-08,15.142068228378017
2306306,CE,12m_2025-09_a_2026-08,1714,1310,404,4101,2026-08,10.9277792804977
2306405,CE,12m_2025-09_a_2026-08,4435,3661,774,12372,2026-08,6.673564407656493
2306504,CE,12m_2025-09_a_2026-08,58,47,11,180,2026-08,6.508875739644971
2306553,CE,12m_2025-09_a_2026-08,483,483,0,1561,2026-08,0
2306603,CE,12m_2025-09_a_2026-08,66,73,-7,170,2026-08,-3.954802259887006
2306702,CE,12m_2025-09_a_2026-08,151,125,26,419,2026-08,6.615776081424936
2306801,CE,12m_2025-09_a_2026-08,137,128,9,446,2026-08,2.059496567505721
2306900,CE,12m_2025-09_a_2026-08,1141,1052,89,2889,2026-08,3.1785714285714284
2307007,CE,12m_2025-09_a_2026-08,1094,1071,23,2669,2026-08,0.8692365835222978
2307106,CE,12m_2025-09_a_2026-08,142,119,23,384,2026-08,6.3711911357340725
2307205,CE,12m_2025-09_a_2026-08,34,20,14,95,2026-08,17.28395061728395
2307254,CE,12m_2025-09_a_2026-08,2670,2456,214,4084,2026-08,5.529715762273902
2307304,CE,12m_2025-09_a_2026-08,29260,25409,3851,57133,2026-08,7.227581547239217
2307403,CE,12m_2025-09_a_2026-08,472,362,110,1159,2026-08,10.486177311725452
2307502,CE,12m_2025-09_a_2026-08,2079,1409,670,2679,2026-08,33.349925335988054
2307601,CE,12m_2025-09_a_2026-08,5150,4573,577,9985,2026-08,6.133078231292517
2307635,CE,12m_2025-09_a_2026-08,295,199,96,685,2026-08,16.298811544991512
2307650,CE,12m_2025-09_a_2026-08,32359,30801,1558,64315,2026-08,2.482591583409022
2307700,CE,12m_2025-09_a_2026-08,5007,4912,95,11459,2026-08,0.8359732488560365
2307809,CE,12m_2025-09_a_2026-08,1098,1062,36,2438,2026-08,1.4987510407993339
2307908,CE,12m_2025-09_a_2026-08,106,95,11,105,2026-08,11.702127659574469
2308005,CE,12m_2025-09_a_2026-08,619,571,48,1256,2026-08,3.9735099337748347
2308104,CE,12m_2025-09_a_2026-08,819,839,-20,2115,2026-08,-0.936768149882904
2308203,CE,12m_2025-09_a_2026-08,107,116,-9,287,2026-08,-3.040540540540541
2308302,CE,12m_2025-09_a_2026-08,538,528,10,992,2026-08,1.0183299389002036
2308351,CE,12m_2025-09_a_2026-08,84,79,5,288,2026-08,1.76678445229682
2308377,CE,12m_2025-09_a_2026-08,30,40,-10,84,2026-08,-10.638297872340425
2308401,CE,12m_2025-09_a_2026-08,611,710,-99,3156,2026-08,-3.0414746543778803
2308500,CE,12m_2025-09_a_2026-08,578,508,70,1336,2026-08,5.529225908372828
2308609,CE,12m_2025-09_a_2026-08,124,76,48,627,2026-08,8.290155440414509
2308708,CE,12m_2025-09_a_2026-08,5412,4656,756,8690,2026-08,9.528611041088984
2308807,CE,12m_2025-09_a_2026-08,55,39,16,83,2026-08,23.88059701492537
2308906,CE,12m_2025-09_a_2026-08,215,170,45,453,2026-08,11.029411764705882
2309003,CE,12m_2025-09_a_2026-08,57,48,9,219,2026-08,4.285714285714286
2309102,CE,12m_2025-09_a_2026-08,109,87,22,219,2026-08,11.16751269035533
2309201,CE,12m_2025-09_a_2026-08,341,270,71,829,2026-08,9.366754617414248
2309300,CE,12m_2025-09_a_2026-08,544,405,139,1332,2026-08,11.65129924559933
2309409,CE,12m_2025-09_a_2026-08,597,621,-24,618,2026-08,-3.7383177570093453
2309458,CE,12m_2025-09_a_2026-08,268,144,124,465,2026-08,36.36363636363637
2309508,CE,12m_2025-09_a_2026-08,274,197,77,414,2026-08,22.8486646884273
2309607,CE,12m_2025-09_a_2026-08,3337,3310,27,7092,2026-08,0.3821656050955414
2309706,CE,12m_2025-09_a_2026-08,4737,4513,224,8371,2026-08,2.7494783355836505
2309805,CE,12m_2025-09_a_2026-08,119,93,26,352,2026-08,7.975460122699387
2309904,CE,12m_2025-09_a_2026-08,19,10,9,63,2026-08,16.666666666666664
2310001,CE,12m_2025-09_a_2026-08,68,54,14,253,2026-08,5.857740585774058
2310100,CE,12m_2025-09_a_2026-08,38,41,-3,137,2026-08,-2.142857142857143
2310209,CE,12m_2025-09_a_2026-08,1829,1554,275,2745,2026-08,11.133603238866396
2310258,CE,12m_2025-09_a_2026-08,1368,1309,59,3129,2026-08,1.9218241042345277
2310308,CE,12m_2025-09_a_2026-08,113,97,16,265,2026-08,6.425702811244979
2310407,CE,12m_2025-09_a_2026-08,67,50,17,174,2026-08,10.828025477707007
2310506,CE,12m_2025-09_a_2026-08,374,368,6,762,2026-08,0.7936507936507936
2310605,CE,12m_2025-09_a_2026-08,77,74,3,188,2026-08,1.6216216216216217
2310704,CE,12m_2025-09_a_2026-08,940,1635,-695,1568,2026-08,-30.711444984533802
2310803,CE,12m_2025-09_a_2026-08,1050,1060,-10,4215,2026-08,-0.2366863905325444
2310852,CE,12m_2025-09_a_2026-08,651,690,-39,1324,2026-08,-2.8613352898019073
2310902,CE,12m_2025-09_a_2026-08,51,44,7,193,2026-08,3.763440860215054
2310951,CE,12m_2025-09_a_2026-08,16,13,3,55,2026-08,5.769230769230769
2311009,CE,12m_2025-09_a_2026-08,117,88,29,205,2026-08,16.477272727272727
2311108,CE,12m_2025-09_a_2026-08,406,366,40,605,2026-08,7.079646017699115
2311207,CE,12m_2025-09_a_2026-08,61,51,10,127,2026-08,8.547008547008547
2311231,CE,12m_2025-09_a_2026-08,24,13,11,39,2026-08,39.285714285714285
2311264,CE,12m_2025-09_a_2026-08,58,75,-17,125,2026-08,-11.971830985915492
2311306,CE,12m_2025-09_a_2026-08,3028,2783,245,7435,2026-08,3.4075104311543813
2311355,CE,12m_2025-09_a_2026-08,127,137,-10,304,2026-08,-3.1847133757961785
2311405,CE,12m_2025-09_a_2026-08,4977,5353,-376,11874,2026-08,-3.0693877551020408
2311504,CE,12m_2025-09_a_2026-08,1509,1503,6,3109,2026-08,0.19336126329358685
2311603,CE,12m_2025-09_a_2026-08,425,455,-30,1312,2026-08,-2.235469448584203
2311702,CE,12m_2025-09_a_2026-08,245,172,73,442,2026-08,19.78319783197832
2311801,CE,12m_2025-09_a_2026-08,4967,4712,255,10541,2026-08,2.47909780283881
2311900,CE,12m_2025-09_a_2026-08,54,32,22,177,2026-08,14.193548387096774
2311959,CE,12m_2025-09_a_2026-08,41,40,1,94,2026-08,1.0752688172043012
2312007,CE,12m_2025-09_a_2026-08,326,264,62,648,2026-08,10.580204778156997
2312106,CE,12m_2025-09_a_2026-08,76,73,3,235,2026-08,1.293103448275862
2312205,CE,12m_2025-09_a_2026-08,1549,1362,187,3965,2026-08,4.949708840656432
2312304,CE,12m_2025-09_a_2026-08,940,1022,-82,3104,2026-08,-2.573760200878845
2312403,CE,12m_2025-09_a_2026-08,6333,6587,-254,13074,2026-08,-1.9057623049219687
2312502,CE,12m_2025-09_a_2026-08,27,29,-2,72,2026-08,-2.7027027027027026
2312601,CE,12m_2025-09_a_2026-08,204,127,77,420,2026-08,22.448979591836736
2312700,CE,12m_2025-09_a_2026-08,675,771,-96,2023,2026-08,-4.530438886267108
2312809,CE,12m_2025-09_a_2026-08,93,57,36,163,2026-08,28.346456692913385
2312908,CE,12m_2025-09_a_2026-08,15984,16044,-60,49816,2026-08,-0.12029833988290962
2313005,CE,12m_2025-09_a_2026-08,723,698,25,1163,2026-08,2.196836555360281
2313104,CE,12m_2025-09_a_2026-08,968,914,54,1918,2026-08,2.896995708154506
2313203,CE,12m_2025-09_a_2026-08,124,79,45,264,2026-08,20.54794520547945
2313252,CE,12m_2025-09_a_2026-08,13,13,0,30,2026-08,0
2313302,CE,12m_2025-09_a_2026-08,2717,2151,566,4936,2026-08,12.951945080091534
2313351,CE,12m_2025-09_a_2026-08,130,124,6,538,2026-08,1.1278195488721803
2313401,CE,12m_2025-09_a_2026-08,4766,4280,486,9586,2026-08,5.34065934065934
2313500,CE,12m_2025-09_a_2026-08,1385,1394,-9,2955,2026-08,-0.30364372469635625
2313559,CE,12m_2025-09_a_2026-08,146,114,32,340,2026-08,10.38961038961039
2313609,CE,12m_2025-09_a_2026-08,1085,922,163,2630,2026-08,6.607215241183624
2313708,CE,12m_2025-09_a_2026-08,15,18,-3,58,2026-08,-4.918032786885246
2313757,CE,12m_2025-09_a_2026-08,143,167,-24,397,2026-08,-5.7007125890736345
2313807,CE,12m_2025-09_a_2026-08,409,375,34,1556,2026-08,2.2339027595269383
2313906,CE,12m_2025-09_a_2026-08,654,412,242,1302,2026-08,22.830188679245282
2313955,CE,12m_2025-09_a_2026-08,1007,922,85,1386,2026-08,6.533435818601076
2314003,CE,12m_2025-09_a_2026-08,625,529,96,2075,2026-08,4.8509348155634155
2314102,CE,12m_2025-09_a_2026-08,754,625,129,1696,2026-08,8.232291001914486
2400109,RN,12m_2025-09_a_2026-08,527,511,16,1097,2026-08,1.4801110083256246
2400208,RN,12m_2025-09_a_2026-08,2997,3967,-970,6766,2026-08,-12.538779731127198
2400307,RN,12m_2025-09_a_2026-08,328,636,-308,583,2026-08,-34.5679012345679
2400406,RN,12m_2025-09_a_2026-08,4,4,0,33,2026-08,0
2400505,RN,12m_2025-09_a_2026-08,86,93,-7,485,2026-08,-1.4227642276422763
2400604,RN,12m_2025-09_a_2026-08,9,10,-1,43,2026-08,-2.272727272727273
2400703,RN,12m_2025-09_a_2026-08,949,1191,-242,1792,2026-08,-11.897738446411013
2400802,RN,12m_2025-09_a_2026-08,302,370,-68,787,2026-08,-7.953216374269006
2400901,RN,12m_2025-09_a_2026-08,38,35,3,129,2026-08,2.380952380952381
2401008,RN,12m_2025-09_a_2026-08,2280,1988,292,3714,2026-08,8.53302162478083
2401107,RN,12m_2025-09_a_2026-08,1582,1354,228,3595,2026-08,6.771606771606771
2401206,RN,12m_2025-09_a_2026-08,757,723,34,1213,2026-08,2.883799830364716
2401305,RN,12m_2025-09_a_2026-08,87,82,5,144,2026-08,3.597122302158273
2401404,RN,12m_2025-09_a_2026-08,1289,1520,-231,2479,2026-08,-8.523985239852399
2401453,RN,12m_2025-09_a_2026-08,2354,2408,-54,3980,2026-08,-1.338621715418939
2401503,RN,12m_2025-09_a_2026-08,8,13,-5,54,2026-08,-8.47457627118644
2401602,RN,12m_2025-09_a_2026-08,52,22,30,96,2026-08,45.45454545454545
2401651,RN,12m_2025-09_a_2026-08,109,36,73,148,2026-08,97.33333333333334
2401701,RN,12m_2025-09_a_2026-08,75,73,2,285,2026-08,0.7067137809187279
2401800,RN,12m_2025-09_a_2026-08,308,249,59,637,2026-08,10.207612456747404
2401859,RN,12m_2025-09_a_2026-08,133,104,29,412,2026-08,7.5718015665796345
2401909,RN,12m_2025-09_a_2026-08,23,19,4,77,2026-08,5.47945205479452
2402006,RN,12m_2025-09_a_2026-08,4709,4648,61,10352,2026-08,0.592750947429793
2402105,RN,12m_2025-09_a_2026-08,44,38,6,112,2026-08,5.660377358490567
2402204,RN,12m_2025-09_a_2026-08,1079,997,82,2391,2026-08,3.5513209181463834
2402303,RN,12m_2025-09_a_2026-08,683,821,-138,1368,2026-08,-9.163346613545817
2402402,RN,12m_2025-09_a_2026-08,445,410,35,1123,2026-08,3.2169117647058822
2402501,RN,12m_2025-09_a_2026-08,243,187,56,460,2026-08,13.861386138613863
2402600,RN,12m_2025-09_a_2026-08,2508,2253,255,5587,2026-08,4.782445611402851
2402709,RN,12m_2025-09_a_2026-08,183,125,58,502,2026-08,13.063063063063062
2402808,RN,12m_2025-09_a_2026-08,9,3,6,45,2026-08,15.384615384615385
2402907,RN,12m_2025-09_a_2026-08,41,10,31,56,2026-08,124
2403004,RN,12m_2025-09_a_2026-08,350,277,73,758,2026-08,10.656934306569344
2403103,RN,12m_2025-09_a_2026-08,2862,2399,463,6438,2026-08,7.7489539748953975
2403202,RN,12m_2025-09_a_2026-08,41,38,3,96,2026-08,3.225806451612903
2403251,RN,12m_2025-09_a_2026-08,25794,23888,1906,52135,2026-08,3.79462063748034
2403301,RN,12m_2025-09_a_2026-08,29,29,0,109,2026-08,0
2403400,RN,12m_2025-09_a_2026-08,96,93,3,378,2026-08,0.8
2403509,RN,12m_2025-09_a_2026-08,839,810,29,1304,2026-08,2.2745098039215685
2403608,RN,12m_2025-09_a_2026-08,4404,3781,623,5464,2026-08,12.869241892171038
2403707,RN,12m_2025-09_a_2026-08,90,84,6,124,2026-08,5.084745762711865
2403756,RN,12m_2025-09_a_2026-08,28,22,6,44,2026-08,15.789473684210526
2403806,RN,12m_2025-09_a_2026-08,198,129,69,458,2026-08,17.737789203084834
2403905,RN,12m_2025-09_a_2026-08,3,4,-1,20,2026-08,-4.761904761904762
2404002,RN,12m_2025-09_a_2026-08,23,42,-19,68,2026-08,-21.839080459770116
2404101,RN,12m_2025-09_a_2026-08,335,299,36,617,2026-08,6.196213425129088
2404200,RN,12m_2025-09_a_2026-08,1995,1946,49,5085,2026-08,0.9729944400317712
2404309,RN,12m_2025-09_a_2026-08,530,718,-188,725,2026-08,-20.59145673603505
2404408,RN,12m_2025-09_a_2026-08,311,310,1,964,2026-08,0.10384215991692627
2404507,RN,12m_2025-09_a_2026-08,389,472,-83,1642,2026-08,-4.811594202898551
2404606,RN,12m_2025-09_a_2026-08,64,81,-17,274,2026-08,-5.841924398625429
2404705,RN,12m_2025-09_a_2026-08,1162,1298,-136,1794,2026-08,-7.046632124352331
2404804,RN,12m_2025-09_a_2026-08,18,13,5,43,2026-08,13.157894736842104
2404853,RN,12m_2025-09_a_2026-08,456,350,106,1250,2026-08,9.265734265734265
2404903,RN,12m_2025-09_a_2026-08,54,69,-15,139,2026-08,-9.740259740259742
2405009,RN,12m_2025-09_a_2026-08,14,23,-9,91,2026-08,-9
2405108,RN,12m_2025-09_a_2026-08,439,514,-75,487,2026-08,-13.345195729537366
2405207,RN,12m_2025-09_a_2026-08,38,68,-30,166,2026-08,-15.306122448979592
2405306,RN,12m_2025-09_a_2026-08,27,20,7,76,2026-08,10.144927536231885
2405405,RN,12m_2025-09_a_2026-08,8,8,0,31,2026-08,0
2405504,RN,12m_2025-09_a_2026-08,19,40,-21,33,2026-08,-38.88888888888889
2405603,RN,12m_2025-09_a_2026-08,289,295,-6,943,2026-08,-0.6322444678609063
2405702,RN,12m_2025-09_a_2026-08,576,592,-16,1334,2026-08,-1.1851851851851851
2405801,RN,12m_2025-09_a_2026-08,1379,1223,156,3137,2026-08,5.233143240523314
2405900,RN,12m_2025-09_a_2026-08,30,20,10,266,2026-08,3.90625
2406007,RN,12m_2025-09_a_2026-08,11,9,2,50,2026-08,4.166666666666666
2406106,RN,12m_2025-09_a_2026-08,1025,948,77,2341,2026-08,3.401060070671378
2406155,RN,12m_2025-09_a_2026-08,5,6,-1,22,2026-08,-4.3478260869565215
2406205,RN,12m_2025-09_a_2026-08,23,21,2,83,2026-08,2.4691358024691357
2406304,RN,12m_2025-09_a_2026-08,102,36,66,155,2026-08,74.15730337078652
2406403,RN,12m_2025-09_a_2026-08,28,35,-7,78,2026-08,-8.235294117647058
2406502,RN,12m_2025-09_a_2026-08,735,577,158,1284,2026-08,14.031971580817052
2406601,RN,12m_2025-09_a_2026-08,83,85,-2,206,2026-08,-0.9615384615384616
2406700,RN,12m_2025-09_a_2026-08,526,543,-17,864,2026-08,-1.9296254256526675
2406809,RN,12m_2025-09_a_2026-08,11,16,-5,35,2026-08,-12.5
2406908,RN,12m_2025-09_a_2026-08,361,358,3,86,2026-08,3.614457831325301
2407005,RN,12m_2025-09_a_2026-08,12,11,1,95,2026-08,1.0638297872340425
2407104,RN,12m_2025-09_a_2026-08,5794,5525,269,12893,2026-08,2.1308618504435994
2407203,RN,12m_2025-09_a_2026-08,1149,1136,13,3068,2026-08,0.425531914893617
2407252,RN,12m_2025-09_a_2026-08,20,5,15,53,2026-08,39.473684210526315
2407302,RN,12m_2025-09_a_2026-08,50,17,33,117,2026-08,39.285714285714285
2407401,RN,12m_2025-09_a_2026-08,227,218,9,643,2026-08,1.4195583596214512
2407500,RN,12m_2025-09_a_2026-08,222,162,60,570,2026-08,11.76470588235294
2407609,RN,12m_2025-09_a_2026-08,98,39,59,296,2026-08,24.894514767932492
2407708,RN,12m_2025-09_a_2026-08,135,141,-6,347,2026-08,-1.69971671388102
2407807,RN,12m_2025-09_a_2026-08,375,442,-67,1073,2026-08,-5.87719298245614
2407906,RN,12m_2025-09_a_2026-08,33,18,15,68,2026-08,28.30188679245283
2408003,RN,12m_2025-09_a_2026-08,35191,37927,-2736,72058,2026-08,-3.658047436960184
2408102,RN,12m_2025-09_a_2026-08,99677,96398,3279,233785,2026-08,1.4225226241399356
2408201,RN,12m_2025-09_a_2026-08,1230,1225,5,2246,2026-08,0.22311468094600626
2408300,RN,12m_2025-09_a_2026-08,938,643,295,2168,2026-08,15.75013347570742
2408409,RN,12m_2025-09_a_2026-08,245,151,94,300,2026-08,45.63106796116505
2408508,RN,12m_2025-09_a_2026-08,140,145,-5,245,2026-08,-2
2408607,RN,12m_2025-09_a_2026-08,5,1,4,16,2026-08,33.33333333333333
2408706,RN,12m_2025-09_a_2026-08,10,10,0,33,2026-08,0
2408805,RN,12m_2025-09_a_2026-08,215,199,16,258,2026-08,6.6115702479338845
2408904,RN,12m_2025-09_a_2026-08,1525,1384,141,3151,2026-08,4.6843853820598005
2408953,RN,12m_2025-09_a_2026-08,101,192,-91,252,2026-08,-26.53061224489796
2409100,RN,12m_2025-09_a_2026-08,138,144,-6,515,2026-08,-1.1516314779270633
2409209,RN,12m_2025-09_a_2026-08,18,11,7,54,2026-08,14.893617021276595
2409308,RN,12m_2025-09_a_2026-08,479,321,158,560,2026-08,39.30348258706468
2409332,RN,12m_2025-09_a_2026-08,73,99,-26,148,2026-08,-14.942528735632186
2409407,RN,12m_2025-09_a_2026-08,1848,1564,284,4949,2026-08,6.087888531618435
2409506,RN,12m_2025-09_a_2026-08,13,21,-8,85,2026-08,-8.60215053763441
2409605,RN,12m_2025-09_a_2026-08,5,1,4,17,2026-08,30.76923076923077
2409704,RN,12m_2025-09_a_2026-08,55,24,31,144,2026-08,27.43362831858407
2409803,RN,12m_2025-09_a_2026-08,463,342,121,673,2026-08,21.920289855072465
2409902,RN,12m_2025-09_a_2026-08,699,654,45,1647,2026-08,2.8089887640449436
2410009,RN,12m_2025-09_a_2026-08,14,3,11,61,2026-08,22
2410108,RN,12m_2025-09_a_2026-08,108,126,-18,307,2026-08,-5.538461538461538
2410207,RN,12m_2025-09_a_2026-08,132,108,24,302,2026-08,8.633093525179856
2410256,RN,12m_2025-09_a_2026-08,287,265,22,627,2026-08,3.6363636363636362
2410306,RN,12m_2025-09_a_2026-08,167,112,55,555,2026-08,11
2410405,RN,12m_2025-09_a_2026-08,222,123,99,450,2026-08,28.205128205128204
2410504,RN,12m_2025-09_a_2026-08,38,25,13,94,2026-08,16.049382716049383
2410603,RN,12m_2025-09_a_2026-08,9,12,-3,57,2026-08,-5
2410702,RN,12m_2025-09_a_2026-08,21,10,11,42,2026-08,35.483870967741936
2410801,RN,12m_2025-09_a_2026-08,21,7,14,33,2026-08,73.68421052631578
2410900,RN,12m_2025-09_a_2026-08,325,345,-20,515,2026-08,-3.7383177570093453
2411007,RN,12m_2025-09_a_2026-08,11,5,6,71,2026-08,9.230769230769232
2411056,RN,12m_2025-09_a_2026-08,416,402,14,675,2026-08,2.118003025718608
2411106,RN,12m_2025-09_a_2026-08,0,0,0,14,2026-08,0
2411205,RN,12m_2025-09_a_2026-08,1516,1331,185,3348,2026-08,5.848877647802719
2411403,RN,12m_2025-09_a_2026-08,89,53,36,291,2026-08,14.117647058823529
2411429,RN,12m_2025-09_a_2026-08,81,88,-7,230,2026-08,-2.9535864978902953
2411502,RN,12m_2025-09_a_2026-08,562,469,93,1422,2026-08,6.997742663656885
2411601,RN,12m_2025-09_a_2026-08,315,319,-4,507,2026-08,-0.7827788649706457
2411700,RN,12m_2025-09_a_2026-08,13,8,5,49,2026-08,11.363636363636363
2411809,RN,12m_2025-09_a_2026-08,255,217,38,379,2026-08,11.143695014662756
2411908,RN,12m_2025-09_a_2026-08,24,30,-6,186,2026-08,-3.125
2412005,RN,12m_2025-09_a_2026-08,8253,7469,784,15983,2026-08,5.1582340943483125
2412104,RN,12m_2025-09_a_2026-08,64,57,7,131,2026-08,5.64516129032258
2412203,RN,12m_2025-09_a_2026-08,3527,3197,330,7345,2026-08,4.704205274411975
2412302,RN,12m_2025-09_a_2026-08,115,97,18,217,2026-08,9.045226130653267
2412401,RN,12m_2025-09_a_2026-08,485,452,33,850,2026-08,4.039167686658507
2412500,RN,12m_2025-09_a_2026-08,503,446,57,1134,2026-08,5.2924791086350975
2412559,RN,12m_2025-09_a_2026-08,489,469,20,1041,2026-08,1.9588638589618024
2412609,RN,12m_2025-09_a_2026-08,271,366,-95,924,2026-08,-9.322865554465162
2412708,RN,12m_2025-09_a_2026-08,17,40,-23,93,2026-08,-19.82758620689655
2412807,RN,12m_2025-09_a_2026-08,50,43,7,164,2026-08,4.45859872611465
2412906,RN,12m_2025-09_a_2026-08,80,83,-3,271,2026-08,-1.094890510948905
2413003,RN,12m_2025-09_a_2026-08,200,90,110,273,2026-08,67.48466257668711
2413102,RN,12m_2025-09_a_2026-08,37,33,4,52,2026-08,8.333333333333332
2413201,RN,12m_2025-09_a_2026-08,20,20,0,106,2026-08,0
2413300,RN,12m_2025-09_a_2026-08,88,74,14,261,2026-08,5.668016194331984
2413359,RN,12m_2025-09_a_2026-08,391,387,4,668,2026-08,0.6024096385542169
2413409,RN,12m_2025-09_a_2026-08,712,661,51,1196,2026-08,4.45414847161572
2413508,RN,12m_2025-09_a_2026-08,66,23,43,83,2026-08,107.5
2413557,RN,12m_2025-09_a_2026-08,36,37,-1,145,2026-08,-0.684931506849315
2413607,RN,12m_2025-09_a_2026-08,49,58,-9,170,2026-08,-5.027932960893855
2413706,RN,12m_2025-09_a_2026-08,13,9,4,39,2026-08,11.428571428571429
2413805,RN,12m_2025-09_a_2026-08,19,15,4,46,2026-08,9.523809523809524
2413904,RN,12m_2025-09_a_2026-08,99,91,8,383,2026-08,2.1333333333333333
2414001,RN,12m_2025-09_a_2026-08,323,272,51,858,2026-08,6.319702602230483
2414100,RN,12m_2025-09_a_2026-08,81,55,26,319,2026-08,8.873720136518772
2414159,RN,12m_2025-09_a_2026-08,134,74,60,255,2026-08,30.76923076923077
2414209,RN,12m_2025-09_a_2026-08,2134,1910,224,4039,2026-08,5.871559633027523
2414308,RN,12m_2025-09_a_2026-08,32,38,-6,75,2026-08,-7.4074074074074066
2414407,RN,12m_2025-09_a_2026-08,756,730,26,2262,2026-08,1.1627906976744187
2414456,RN,12m_2025-09_a_2026-08,70,16,54,83,2026-08,186.20689655172413
2414506,RN,12m_2025-09_a_2026-08,166,85,81,386,2026-08,26.557377049180324
2414605,RN,12m_2025-09_a_2026-08,654,717,-63,875,2026-08,-6.7164179104477615
2414704,RN,12m_2025-09_a_2026-08,20,25,-5,103,2026-08,-4.62962962962963
2414753,RN,12m_2025-09_a_2026-08,0,0,0,2,2026-08,0
2414803,RN,12m_2025-09_a_2026-08,397,274,123,659,2026-08,22.94776119402985
2414902,RN,12m_2025-09_a_2026-08,3,3,0,19,2026-08,0
2415008,RN,12m_2025-09_a_2026-08,11,36,-25,44,2026-08,-36.231884057971016
2500106,PB,12m_2025-09_a_2026-08,27,23,4,86,2026-08,4.878048780487805
2500205,PB,12m_2025-09_a_2026-08,215,164,51,318,2026-08,19.101123595505616
2500304,PB,12m_2025-09_a_2026-08,386,282,104,1045,2026-08,11.052072263549416
2500403,PB,12m_2025-09_a_2026-08,330,300,30,970,2026-08,3.1914893617021276
2500502,PB,12m_2025-09_a_2026-08,113,115,-2,287,2026-08,-0.6920415224913495
2500536,PB,12m_2025-09_a_2026-08,49,34,15,103,2026-08,17.045454545454543
2500577,PB,12m_2025-09_a_2026-08,0,0,0,25,2026-08,0
2500601,PB,12m_2025-09_a_2026-08,2040,1847,193,4145,2026-08,4.883603238866397
2500700,PB,12m_2025-09_a_2026-08,219,247,-28,764,2026-08,-3.535353535353535
2500734,PB,12m_2025-09_a_2026-08,16,10,6,39,2026-08,18.181818181818183
2500775,PB,12m_2025-09_a_2026-08,319,204,115,527,2026-08,27.9126213592233
2500809,PB,12m_2025-09_a_2026-08,81,54,27,219,2026-08,14.0625
2500908,PB,12m_2025-09_a_2026-08,389,165,224,626,2026-08,55.72139303482587
2501005,PB,12m_2025-09_a_2026-08,152,137,15,599,2026-08,2.5684931506849313
2501104,PB,12m_2025-09_a_2026-08,514,428,86,1280,2026-08,7.202680067001675
2501153,PB,12m_2025-09_a_2026-08,103,65,38,65,2026-08,140.74074074074073
2501203,PB,12m_2025-09_a_2026-08,70,43,27,114,2026-08,31.03448275862069
2501302,PB,12m_2025-09_a_2026-08,92,78,14,242,2026-08,6.140350877192982
2501351,PB,12m_2025-09_a_2026-08,28,12,16,82,2026-08,24.242424242424242
2501401,PB,12m_2025-09_a_2026-08,70,60,10,145,2026-08,7.4074074074074066
2501500,PB,12m_2025-09_a_2026-08,550,464,86,1278,2026-08,7.2147651006711415
2501534,PB,12m_2025-09_a_2026-08,32,27,5,104,2026-08,5.05050505050505
2501575,PB,12m_2025-09_a_2026-08,75,80,-5,216,2026-08,-2.262443438914027
2501609,PB,12m_2025-09_a_2026-08,101,74,27,302,2026-08,9.818181818181818
2501708,PB,12m_2025-09_a_2026-08,26,38,-12,64,2026-08,-15.789473684210526
2501807,PB,12m_2025-09_a_2026-08,3945,3684,261,8993,2026-08,2.98900595510765
2501906,PB,12m_2025-09_a_2026-08,308,246,62,974,2026-08,6.798245614035088
2502003,PB,12m_2025-09_a_2026-08,40,68,-28,147,2026-08,-16
2502052,PB,12m_2025-09_a_2026-08,4,5,-1,24,2026-08,-4
2502102,PB,12m_2025-09_a_2026-08,5,8,-3,19,2026-08,-13.636363636363635
2502151,PB,12m_2025-09_a_2026-08,282,204,78,809,2026-08,10.6703146374829
2502201,PB,12m_2025-09_a_2026-08,27,30,-3,56,2026-08,-5.084745762711865
2502300,PB,12m_2025-09_a_2026-08,0,3,-3,15,2026-08,-16.666666666666664
2502409,PB,12m_2025-09_a_2026-08,13,16,-3,74,2026-08,-3.896103896103896
2502508,PB,12m_2025-09_a_2026-08,209,241,-32,569,2026-08,-5.324459234608985
2502607,PB,12m_2025-09_a_2026-08,21,14,7,54,2026-08,14.893617021276595
2502706,PB,12m_2025-09_a_2026-08,7,14,-7,33,2026-08,-17.5
2502805,PB,12m_2025-09_a_2026-08,64,60,4,351,2026-08,1.1527377521613833
2502904,PB,12m_2025-09_a_2026-08,35,43,-8,83,2026-08,-8.791208791208792
2503001,PB,12m_2025-09_a_2026-08,1889,1817,72,4593,2026-08,1.5925680159256803
2503100,PB,12m_2025-09_a_2026-08,80,77,3,177,2026-08,1.7241379310344827
2503209,PB,12m_2025-09_a_2026-08,11435,11347,88,21622,2026-08,0.40865607875917154
2503308,PB,12m_2025-09_a_2026-08,58,54,4,152,2026-08,2.7027027027027026
2503407,PB,12m_2025-09_a_2026-08,34,20,14,38,2026-08,58.333333333333336
2503506,PB,12m_2025-09_a_2026-08,68,66,2,212,2026-08,0.9523809523809524
2503555,PB,12m_2025-09_a_2026-08,98,59,39,77,2026-08,102.63157894736842
2503605,PB,12m_2025-09_a_2026-08,45,71,-26,146,2026-08,-15.11627906976744
2503704,PB,12m_2025-09_a_2026-08,3797,3838,-41,8996,2026-08,-0.4536903839769835
2503753,PB,12m_2025-09_a_2026-08,5,0,5,13,2026-08,62.5
2503803,PB,12m_2025-09_a_2026-08,96,77,19,256,2026-08,8.016877637130802
2503902,PB,12m_2025-09_a_2026-08,28,27,1,89,2026-08,1.1363636363636365
2504009,PB,12m_2025-09_a_2026-08,56012,47884,8128,119268,2026-08,7.313298542378982
2504033,PB,12m_2025-09_a_2026-08,64,60,4,122,2026-08,3.389830508474576
2504074,PB,12m_2025-09_a_2026-08,24,42,-18,39,2026-08,-31.57894736842105
2504108,PB,12m_2025-09_a_2026-08,3,3,0,12,2026-08,0
2504157,PB,12m_2025-09_a_2026-08,23,12,11,129,2026-08,9.322033898305085
2504207,PB,12m_2025-09_a_2026-08,169,188,-19,116,2026-08,-14.074074074074074
2504306,PB,12m_2025-09_a_2026-08,1500,1208,292,3520,2026-08,9.045848822800496
2504355,PB,12m_2025-09_a_2026-08,46,54,-8,128,2026-08,-5.88235294117647
2504405,PB,12m_2025-09_a_2026-08,213,295,-82,591,2026-08,-12.184249628528974
2504504,PB,12m_2025-09_a_2026-08,30,27,3,94,2026-08,3.296703296703297
2504603,PB,12m_2025-09_a_2026-08,4171,3728,443,7223,2026-08,6.533923303834809
2504702,PB,12m_2025-09_a_2026-08,65,41,24,147,2026-08,19.51219512195122
2504801,PB,12m_2025-09_a_2026-08,44,78,-34,226,2026-08,-13.076923076923078
2504850,PB,12m_2025-09_a_2026-08,56,23,33,68,2026-08,94.28571428571428
2504900,PB,12m_2025-09_a_2026-08,621,509,112,752,2026-08,17.5
2505006,PB,12m_2025-09_a_2026-08,44,40,4,90,2026-08,4.651162790697675
2505105,PB,12m_2025-09_a_2026-08,489,375,114,832,2026-08,15.87743732590529
2505204,PB,12m_2025-09_a_2026-08,36,47,-11,165,2026-08,-6.25
2505238,PB,12m_2025-09_a_2026-08,51,33,18,96,2026-08,23.076923076923077
2505279,PB,12m_2025-09_a_2026-08,82,42,40,75,2026-08,114.28571428571428
2505303,PB,12m_2025-09_a_2026-08,94,15,79,82,2026-08,2633.333333333333
2505352,PB,12m_2025-09_a_2026-08,25,14,11,55,2026-08,25
2505402,PB,12m_2025-09_a_2026-08,95,79,16,126,2026-08,14.545454545454545
2505501,PB,12m_2025-09_a_2026-08,18,12,6,42,2026-08,16.666666666666664
2505600,PB,12m_2025-09_a_2026-08,26,10,16,63,2026-08,34.04255319148936
2505709,PB,12m_2025-09_a_2026-08,56,31,25,120,2026-08,26.31578947368421
2505808,PB,12m_2025-09_a_2026-08,10,12,-2,37,2026-08,-5.128205128205128
2505907,PB,12m_2025-09_a_2026-08,4,2,2,44,2026-08,4.761904761904762
2506004,PB,12m_2025-09_a_2026-08,1286,1104,182,3638,2026-08,5.266203703703703
2506103,PB,12m_2025-09_a_2026-08,57,59,-2,222,2026-08,-0.8928571428571428
2506202,PB,12m_2025-09_a_2026-08,6,5,1,25,2026-08,4.166666666666666
2506251,PB,12m_2025-09_a_2026-08,11,14,-3,27,2026-08,-10
2506301,PB,12m_2025-09_a_2026-08,3944,3522,422,11097,2026-08,3.9531615925058547
2506400,PB,12m_2025-09_a_2026-08,425,331,94,807,2026-08,13.183730715287517
2506509,PB,12m_2025-09_a_2026-08,16,23,-7,68,2026-08,-9.333333333333334
2506608,PB,12m_2025-09_a_2026-08,51,15,36,125,2026-08,40.44943820224719
2506707,PB,12m_2025-09_a_2026-08,125,28,97,161,2026-08,151.5625
2506806,PB,12m_2025-09_a_2026-08,402,329,73,1113,2026-08,7.019230769230769
2506905,PB,12m_2025-09_a_2026-08,509,491,18,1615,2026-08,1.127113337507827
2507002,PB,12m_2025-09_a_2026-08,1220,928,292,2457,2026-08,13.487297921478062
2507101,PB,12m_2025-09_a_2026-08,338,359,-21,866,2026-08,-2.367531003382187
2507200,PB,12m_2025-09_a_2026-08,218,194,24,621,2026-08,4.0201005025125625
2507309,PB,12m_2025-09_a_2026-08,227,158,69,403,2026-08,20.65868263473054
2507408,PB,12m_2025-09_a_2026-08,19,32,-13,79,2026-08,-14.130434782608695
2507507,PB,12m_2025-09_a_2026-08,125388,113597,11791,242381,2026-08,5.113404744351446
2507606,PB,12m_2025-09_a_2026-08,45,33,12,112,2026-08,12
2507705,PB,12m_2025-09_a_2026-08,233,189,44,559,2026-08,8.54368932038835
2507804,PB,12m_2025-09_a_2026-08,82,82,0,261,2026-08,0
2507903,PB,12m_2025-09_a_2026-08,252,268,-16,460,2026-08,-3.361344537815126
2508000,PB,12m_2025-09_a_2026-08,52,42,10,88,2026-08,12.82051282051282
2508109,PB,12m_2025-09_a_2026-08,59,81,-22,94,2026-08,-18.96551724137931
2508208,PB,12m_2025-09_a_2026-08,38,33,5,231,2026-08,2.2123893805309733
2508307,PB,12m_2025-09_a_2026-08,564,524,40,1474,2026-08,2.789400278940028
2508406,PB,12m_2025-09_a_2026-08,2,2,0,11,2026-08,0
2508505,PB,12m_2025-09_a_2026-08,33,13,20,73,2026-08,37.735849056603776
2508554,PB,12m_2025-09_a_2026-08,75,32,43,97,2026-08,79.62962962962963
2508604,PB,12m_2025-09_a_2026-08,569,494,75,1444,2026-08,5.47845142439737
2508703,PB,12m_2025-09_a_2026-08,3,16,-13,24,2026-08,-35.13513513513514
2508802,PB,12m_2025-09_a_2026-08,83,97,-14,241,2026-08,-5.490196078431373
2508901,PB,12m_2025-09_a_2026-08,3936,3514,422,8058,2026-08,5.526453640649555
2509008,PB,12m_2025-09_a_2026-08,36,22,14,64,2026-08,28.000000000000004
2509057,PB,12m_2025-09_a_2026-08,41,43,-2,72,2026-08,-2.7027027027027026
2509107,PB,12m_2025-09_a_2026-08,224,163,61,631,2026-08,10.701754385964913
2509156,PB,12m_2025-09_a_2026-08,56,41,15,161,2026-08,10.273972602739725
2509206,PB,12m_2025-09_a_2026-08,199,119,80,404,2026-08,24.691358024691358
2509305,PB,12m_2025-09_a_2026-08,427,505,-78,738,2026-08,-9.558823529411764
2509339,PB,12m_2025-09_a_2026-08,5,5,0,24,2026-08,0
2509370,PB,12m_2025-09_a_2026-08,9,2,7,22,2026-08,46.666666666666664
2509396,PB,12m_2025-09_a_2026-08,30,43,-13,75,2026-08,-14.772727272727273
2509404,PB,12m_2025-09_a_2026-08,72,96,-24,334,2026-08,-6.70391061452514
2509503,PB,12m_2025-09_a_2026-08,82,90,-8,203,2026-08,-3.7914691943127963
2509602,PB,12m_2025-09_a_2026-08,11,4,7,28,2026-08,33.33333333333333
2509701,PB,12m_2025-09_a_2026-08,1587,1193,394,2973,2026-08,15.277239240015511
2509800,PB,12m_2025-09_a_2026-08,119,158,-39,401,2026-08,-8.863636363636363
2509909,PB,12m_2025-09_a_2026-08,20,9,11,49,2026-08,28.947368421052634
2510006,PB,12m_2025-09_a_2026-08,22,54,-32,58,2026-08,-35.55555555555556
2510105,PB,12m_2025-09_a_2026-08,52,83,-31,178,2026-08,-14.832535885167463
2510204,PB,12m_2025-09_a_2026-08,53,47,6,39,2026-08,18.181818181818183
2510303,PB,12m_2025-09_a_2026-08,56,31,25,110,2026-08,29.411764705882355
2510402,PB,12m_2025-09_a_2026-08,36,10,26,50,2026-08,108.33333333333333
2510501,PB,12m_2025-09_a_2026-08,4,13,-9,21,2026-08,-30
2510600,PB,12m_2025-09_a_2026-08,19,13,6,43,2026-08,16.216216216216218
2510659,PB,12m_2025-09_a_2026-08,15,6,9,34,2026-08,36
2510709,PB,12m_2025-09_a_2026-08,91,87,4,42,2026-08,10.526315789473683
2510808,PB,12m_2025-09_a_2026-08,7901,6806,1095,15918,2026-08,7.387168589354381
2510907,PB,12m_2025-09_a_2026-08,105,59,46,214,2026-08,27.380952380952383
2511004,PB,12m_2025-09_a_2026-08,109,110,-1,140,2026-08,-0.7092198581560284
2511103,PB,12m_2025-09_a_2026-08,59,285,-226,211,2026-08,-51.7162471395881
2511202,PB,12m_2025-09_a_2026-08,1816,1757,59,4432,2026-08,1.3491882003201463
2511301,PB,12m_2025-09_a_2026-08,232,184,48,580,2026-08,9.022556390977442
2511400,PB,12m_2025-09_a_2026-08,216,252,-36,741,2026-08,-4.633204633204633
2511509,PB,12m_2025-09_a_2026-08,529,523,6,708,2026-08,0.8547008547008548
2511608,PB,12m_2025-09_a_2026-08,74,43,31,195,2026-08,18.902439024390244
2511707,PB,12m_2025-09_a_2026-08,13,29,-16,34,2026-08,-32
2511806,PB,12m_2025-09_a_2026-08,121,129,-8,274,2026-08,-2.8368794326241136
2511905,PB,12m_2025-09_a_2026-08,408,339,69,944,2026-08,7.885714285714286
2512002,PB,12m_2025-09_a_2026-08,556,631,-75,982,2026-08,-7.095553453169347
2512036,PB,12m_2025-09_a_2026-08,18,11,7,27,2026-08,35
2512077,PB,12m_2025-09_a_2026-08,22,25,-3,48,2026-08,-5.88235294117647
2512101,PB,12m_2025-09_a_2026-08,568,466,102,1727,2026-08,6.276923076923077
2512200,PB,12m_2025-09_a_2026-08,13,12,1,64,2026-08,1.5873015873015872
2512309,PB,12m_2025-09_a_2026-08,548,518,30,1182,2026-08,2.604166666666667
2512408,PB,12m_2025-09_a_2026-08,216,247,-31,617,2026-08,-4.78395061728395
2512507,PB,12m_2025-09_a_2026-08,1188,1034,154,3187,2026-08,5.077481041872733
2512606,PB,12m_2025-09_a_2026-08,75,29,46,159,2026-08,40.707964601769916
2512705,PB,12m_2025-09_a_2026-08,104,152,-48,599,2026-08,-7.418856259659969
2512721,PB,12m_2025-09_a_2026-08,12,12,0,50,2026-08,0
2512747,PB,12m_2025-09_a_2026-08,5,12,-7,17,2026-08,-29.166666666666668
2512754,PB,12m_2025-09_a_2026-08,76,50,26,115,2026-08,29.213483146067414
2512762,PB,12m_2025-09_a_2026-08,64,51,13,109,2026-08,13.541666666666666
2512788,PB,12m_2025-09_a_2026-08,6,6,0,12,2026-08,0
2512804,PB,12m_2025-09_a_2026-08,42,23,19,142,2026-08,15.447154471544716
2512903,PB,12m_2025-09_a_2026-08,2073,2063,10,2992,2026-08,0.335345405767941
2513000,PB,12m_2025-09_a_2026-08,5,8,-3,17,2026-08,-15
2513109,PB,12m_2025-09_a_2026-08,42,75,-33,109,2026-08,-23.239436619718308
2513158,PB,12m_2025-09_a_2026-08,7,16,-9,54,2026-08,-14.285714285714285
2513208,PB,12m_2025-09_a_2026-08,16,18,-2,118,2026-08,-1.6666666666666667
2513307,PB,12m_2025-09_a_2026-08,130,56,74,171,2026-08,76.28865979381443
2513356,PB,12m_2025-09_a_2026-08,2,3,-1,5,2026-08,-16.666666666666664
2513406,PB,12m_2025-09_a_2026-08,504,514,-10,1130,2026-08,-0.8771929824561403
2513505,PB,12m_2025-09_a_2026-08,1,1,0,5,2026-08,0
2513604,PB,12m_2025-09_a_2026-08,17,15,2,43,2026-08,4.878048780487805
2513653,PB,12m_2025-09_a_2026-08,31,15,16,24,2026-08,200
2513703,PB,12m_2025-09_a_2026-08,8589,7822,767,21622,2026-08,3.677775113881563
2513802,PB,12m_2025-09_a_2026-08,154,176,-22,138,2026-08,-13.750000000000002
2513851,PB,12m_2025-09_a_2026-08,10,13,-3,35,2026-08,-7.894736842105263
2513901,PB,12m_2025-09_a_2026-08,1187,1155,32,2821,2026-08,1.1473646468268197
2513927,PB,12m_2025-09_a_2026-08,8,13,-5,41,2026-08,-10.869565217391305
2513943,PB,12m_2025-09_a_2026-08,9,18,-9,23,2026-08,-28.125
2513968,PB,12m_2025-09_a_2026-08,13,6,7,58,2026-08,13.725490196078432
2513984,PB,12m_2025-09_a_2026-08,11,13,-2,44,2026-08,-4.3478260869565215
2514008,PB,12m_2025-09_a_2026-08,112,130,-18,181,2026-08,-9.045226130653267
2514107,PB,12m_2025-09_a_2026-08,7,13,-6,37,2026-08,-13.953488372093023
2514206,PB,12m_2025-09_a_2026-08,24,28,-4,98,2026-08,-3.9215686274509802
2514305,PB,12m_2025-09_a_2026-08,4,11,-7,15,2026-08,-31.818181818181817
2514404,PB,12m_2025-09_a_2026-08,57,47,10,86,2026-08,13.157894736842104
2514453,PB,12m_2025-09_a_2026-08,30,22,8,66,2026-08,13.793103448275861
2514503,PB,12m_2025-09_a_2026-08,167,141,26,451,2026-08,6.11764705882353
2514552,PB,12m_2025-09_a_2026-08,1,0,1,4,2026-08,33.33333333333333
2514602,PB,12m_2025-09_a_2026-08,14,7,7,28,2026-08,33.33333333333333
2514651,PB,12m_2025-09_a_2026-08,1,0,1,1,2026-08,
2514701,PB,12m_2025-09_a_2026-08,46,39,7,112,2026-08,6.666666666666667
2514800,PB,12m_2025-09_a_2026-08,51,54,-3,91,2026-08,-3.1914893617021276
2514909,PB,12m_2025-09_a_2026-08,39,44,-5,158,2026-08,-3.067484662576687
2515005,PB,12m_2025-09_a_2026-08,119,90,29,273,2026-08,11.885245901639344
2515104,PB,12m_2025-09_a_2026-08,96,72,24,232,2026-08,11.538461538461538
2515203,PB,12m_2025-09_a_2026-08,4,3,1,19,2026-08,5.555555555555555
2515302,PB,12m_2025-09_a_2026-08,1149,1157,-8,3115,2026-08,-0.2561639449247518
2515401,PB,12m_2025-09_a_2026-08,171,85,86,170,2026-08,102.38095238095238
2515500,PB,12m_2025-09_a_2026-08,233,263,-30,730,2026-08,-3.9473684210526314
2515609,PB,12m_2025-09_a_2026-08,18,14,4,57,2026-08,7.547169811320755
2515708,PB,12m_2025-09_a_2026-08,4,1,3,15,2026-08,25
2515807,PB,12m_2025-09_a_2026-08,99,82,17,176,2026-08,10.69182389937107
2515906,PB,12m_2025-09_a_2026-08,12,21,-9,48,2026-08,-15.789473684210526
2515930,PB,12m_2025-09_a_2026-08,75,86,-11,297,2026-08,-3.571428571428571
2515971,PB,12m_2025-09_a_2026-08,105,78,27,274,2026-08,10.931174089068826
2516003,PB,12m_2025-09_a_2026-08,500,420,80,1637,2026-08,5.138086062941554
2516102,PB,12m_2025-09_a_2026-08,259,230,29,848,2026-08,3.5409035409035408
2516151,PB,12m_2025-09_a_2026-08,26,21,5,38,2026-08,15.151515151515152
2516201,PB,12m_2025-09_a_2026-08,4087,3251,836,9712,2026-08,9.418657052726454
2516300,PB,12m_2025-09_a_2026-08,541,365,176,1047,2026-08,20.20665901262916
2516409,PB,12m_2025-09_a_2026-08,20,19,1,77,2026-08,1.3157894736842104
2516508,PB,12m_2025-09_a_2026-08,128,125,3,337,2026-08,0.8982035928143712
2516607,PB,12m_2025-09_a_2026-08,88,69,19,171,2026-08,12.5
2516706,PB,12m_2025-09_a_2026-08,423,448,-25,368,2026-08,-6.361323155216285
2516755,PB,12m_2025-09_a_2026-08,26,24,2,60,2026-08,3.4482758620689653
2516805,PB,12m_2025-09_a_2026-08,66,27,39,123,2026-08,46.42857142857143
2516904,PB,12m_2025-09_a_2026-08,241,168,73,660,2026-08,12.43611584327087
2517001,PB,12m_2025-09_a_2026-08,19,19,0,82,2026-08,0
2517100,PB,12m_2025-09_a_2026-08,34,19,15,60,2026-08,33.33333333333333
2517209,PB,12m_2025-09_a_2026-08,16,28,-12,108,2026-08,-10
2517407,PB,12m_2025-09_a_2026-08,4,5,-1,21,2026-08,-4.545454545454546
2600054,PE,12m_2025-09_a_2026-08,4444,4186,258,11248,2026-08,2.347588717015469
2600104,PE,12m_2025-09_a_2026-08,1357,1150,207,3675,2026-08,5.968858131487889
2600203,PE,12m_2025-09_a_2026-08,252,211,41,740,2026-08,5.865522174535051
2600302,PE,12m_2025-09_a_2026-08,593,475,118,1406,2026-08,9.161490683229815
2600401,PE,12m_2025-09_a_2026-08,486,526,-40,1001,2026-08,-3.842459173871278
2600500,PE,12m_2025-09_a_2026-08,966,799,167,2307,2026-08,7.80373831775701
2600609,PE,12m_2025-09_a_2026-08,78,65,13,196,2026-08,7.103825136612022
2600708,PE,12m_2025-09_a_2026-08,1919,1899,20,3301,2026-08,0.609570252971655
2600807,PE,12m_2025-09_a_2026-08,192,181,11,681,2026-08,1.6417910447761193
2600906,PE,12m_2025-09_a_2026-08,457,513,-56,601,2026-08,-8.52359208523592
2601003,PE,12m_2025-09_a_2026-08,114,88,26,371,2026-08,7.536231884057972
2601052,PE,12m_2025-09_a_2026-08,298,279,19,435,2026-08,4.567307692307692
2601102,PE,12m_2025-09_a_2026-08,2368,2193,175,6325,2026-08,2.8455284552845526
2601201,PE,12m_2025-09_a_2026-08,3928,3347,581,10074,2026-08,6.120299167807858
2601300,PE,12m_2025-09_a_2026-08,143,119,24,376,2026-08,6.8181818181818175
2601409,PE,12m_2025-09_a_2026-08,1399,1159,240,3183,2026-08,8.154943934760448
2601508,PE,12m_2025-09_a_2026-08,149,95,54,174,2026-08,45
2601607,PE,12m_2025-09_a_2026-08,1012,758,254,2198,2026-08,13.065843621399175
2601706,PE,12m_2025-09_a_2026-08,4764,4213,551,13320,2026-08,4.315138225389616
2601805,PE,12m_2025-09_a_2026-08,33,22,11,66,2026-08,20
2601904,PE,12m_2025-09_a_2026-08,3473,2698,775,8155,2026-08,10.501355013550135
2602001,PE,12m_2025-09_a_2026-08,182,156,26,490,2026-08,5.603448275862069
2602100,PE,12m_2025-09_a_2026-08,685,488,197,1974,2026-08,11.08610016882386
2602209,PE,12m_2025-09_a_2026-08,625,482,143,1554,2026-08,10.134656272147414
2602308,PE,12m_2025-09_a_2026-08,1498,1405,93,4010,2026-08,2.3742660199131986
2602407,PE,12m_2025-09_a_2026-08,162,160,2,501,2026-08,0.4008016032064128
2602506,PE,12m_2025-09_a_2026-08,538,651,-113,262,2026-08,-30.133333333333333
2602605,PE,12m_2025-09_a_2026-08,913,764,149,2062,2026-08,7.7888133821223215
2602704,PE,12m_2025-09_a_2026-08,157,157,0,544,2026-08,0
2602803,PE,12m_2025-09_a_2026-08,509,398,111,1658,2026-08,7.175177763413057
2602902,PE,12m_2025-09_a_2026-08,23430,20706,2724,44268,2026-08,6.556903523974582
2603009,PE,12m_2025-09_a_2026-08,723,493,230,1660,2026-08,16.083916083916083
2603108,PE,12m_2025-09_a_2026-08,267,244,23,740,2026-08,3.2078103207810322
2603207,PE,12m_2025-09_a_2026-08,369,283,86,753,2026-08,12.893553223388308
2603306,PE,12m_2025-09_a_2026-08,32,31,1,75,2026-08,1.3513513513513513
2603405,PE,12m_2025-09_a_2026-08,30,26,4,46,2026-08,9.523809523809524
2603454,PE,12m_2025-09_a_2026-08,6353,5969,384,13425,2026-08,2.9445594662985966
2603504,PE,12m_2025-09_a_2026-08,172,169,3,587,2026-08,0.5136986301369862
2603603,PE,12m_2025-09_a_2026-08,1795,1960,-165,4057,2026-08,-3.9081004263382284
2603702,PE,12m_2025-09_a_2026-08,333,313,20,1387,2026-08,1.4630577907827358
2603801,PE,12m_2025-09_a_2026-08,294,195,99,657,2026-08,17.741935483870968
2603900,PE,12m_2025-09_a_2026-08,312,289,23,640,2026-08,3.727714748784441
2603926,PE,12m_2025-09_a_2026-08,7,10,-3,32,2026-08,-8.571428571428571
2604007,PE,12m_2025-09_a_2026-08,4447,3930,517,13373,2026-08,4.021468574984443
2604106,PE,12m_2025-09_a_2026-08,44625,39544,5081,88295,2026-08,6.105943711394717
2604155,PE,12m_2025-09_a_2026-08,57,37,20,114,2026-08,21.27659574468085
2604205,PE,12m_2025-09_a_2026-08,421,301,120,999,2026-08,13.651877133105803
2604304,PE,12m_2025-09_a_2026-08,69,39,30,129,2026-08,30.303030303030305
2604403,PE,12m_2025-09_a_2026-08,164,206,-42,459,2026-08,-8.383233532934131
2604502,PE,12m_2025-09_a_2026-08,363,276,87,866,2026-08,11.16816431322208
2604601,PE,12m_2025-09_a_2026-08,788,570,218,1574,2026-08,16.07669616519174
2604700,PE,12m_2025-09_a_2026-08,77,69,8,293,2026-08,2.807017543859649
2604809,PE,12m_2025-09_a_2026-08,353,259,94,515,2026-08,22.327790973871732
2604908,PE,12m_2025-09_a_2026-08,87,74,13,230,2026-08,5.990783410138248
2605004,PE,12m_2025-09_a_2026-08,810,741,69,1803,2026-08,3.9792387543252596
2605103,PE,12m_2025-09_a_2026-08,2330,2096,234,3100,2026-08,8.164689462665736
2605152,PE,12m_2025-09_a_2026-08,929,812,117,1661,2026-08,7.577720207253886
2605202,PE,12m_2025-09_a_2026-08,4132,4108,24,7261,2026-08,0.33162912809175077
2605301,PE,12m_2025-09_a_2026-08,279,244,35,713,2026-08,5.162241887905605
2605400,PE,12m_2025-09_a_2026-08,447,314,133,943,2026-08,16.419753086419753
2605459,PE,12m_2025-09_a_2026-08,2015,1844,171,2687,2026-08,6.796502384737679
2605509,PE,12m_2025-09_a_2026-08,605,664,-59,788,2026-08,-6.965761511216057
2605608,PE,12m_2025-09_a_2026-08,354,357,-3,999,2026-08,-0.29940119760479045
2605707,PE,12m_2025-09_a_2026-08,1059,885,174,2944,2026-08,6.28158844765343
2605806,PE,12m_2025-09_a_2026-08,98,90,8,225,2026-08,3.686635944700461
2605905,PE,12m_2025-09_a_2026-08,322,225,97,448,2026-08,27.635327635327634
2606002,PE,12m_2025-09_a_2026-08,9708,8539,1169,22274,2026-08,5.538971807628524
2606101,PE,12m_2025-09_a_2026-08,963,781,182,2365,2026-08,8.337150710032066
2606200,PE,12m_2025-09_a_2026-08,11484,9487,1997,27270,2026-08,7.901713290863769
2606309,PE,12m_2025-09_a_2026-08,12,17,-5,87,2026-08,-5.434782608695652
2606408,PE,12m_2025-09_a_2026-08,3879,3597,282,10060,2026-08,2.8840253630599304
2606507,PE,12m_2025-09_a_2026-08,126,86,40,282,2026-08,16.528925619834713
2606606,PE,12m_2025-09_a_2026-08,316,294,22,606,2026-08,3.767123287671233
2606705,PE,12m_2025-09_a_2026-08,20,17,3,44,2026-08,7.317073170731707
2606804,PE,12m_2025-09_a_2026-08,11309,10851,458,24205,2026-08,1.9286646734324335
2606903,PE,12m_2025-09_a_2026-08,78,63,15,119,2026-08,14.423076923076922
2607000,PE,12m_2025-09_a_2026-08,571,670,-99,446,2026-08,-18.1651376146789
2607109,PE,12m_2025-09_a_2026-08,14,13,1,24,2026-08,4.3478260869565215
2607208,PE,12m_2025-09_a_2026-08,24442,22078,2364,37384,2026-08,6.750428326670474
2607307,PE,12m_2025-09_a_2026-08,375,323,52,1030,2026-08,5.316973415132924
2607406,PE,12m_2025-09_a_2026-08,84,56,28,122,2026-08,29.78723404255319
2607505,PE,12m_2025-09_a_2026-08,157,108,49,376,2026-08,14.984709480122325
2607604,PE,12m_2025-09_a_2026-08,324,295,29,977,2026-08,3.059071729957806
2607653,PE,12m_2025-09_a_2026-08,1347,1463,-116,4478,2026-08,-2.525032651284284
2607703,PE,12m_2025-09_a_2026-08,315,241,74,435,2026-08,20.498614958448755
2607752,PE,12m_2025-09_a_2026-08,1378,1178,200,5274,2026-08,3.9416633819471816
2607802,PE,12m_2025-09_a_2026-08,496,323,173,575,2026-08,43.03482587064676
2607901,PE,12m_2025-09_a_2026-08,50626,47201,3425,108041,2026-08,3.273877800718819
2607950,PE,12m_2025-09_a_2026-08,85,80,5,204,2026-08,2.512562814070352
2608008,PE,12m_2025-09_a_2026-08,117,92,25,348,2026-08,7.739938080495357
2608057,PE,12m_2025-09_a_2026-08,104,164,-60,496,2026-08,-10.79136690647482
2608107,PE,12m_2025-09_a_2026-08,419,304,115,1127,2026-08,11.363636363636363
2608206,PE,12m_2025-09_a_2026-08,750,508,242,803,2026-08,43.13725490196079
2608255,PE,12m_2025-09_a_2026-08,84,39,45,191,2026-08,30.82191780821918
2608305,PE,12m_2025-09_a_2026-08,318,209,109,699,2026-08,18.47457627118644
2608404,PE,12m_2025-09_a_2026-08,361,145,216,452,2026-08,91.52542372881356
2608453,PE,12m_2025-09_a_2026-08,247,298,-51,829,2026-08,-5.795454545454545
2608503,PE,12m_2025-09_a_2026-08,1512,2127,-615,5318,2026-08,-10.365750884881173
2608602,PE,12m_2025-09_a_2026-08,106,46,60,186,2026-08,47.61904761904761
2608701,PE,12m_2025-09_a_2026-08,78,56,22,190,2026-08,13.095238095238097
2608750,PE,12m_2025-09_a_2026-08,2312,2402,-90,2934,2026-08,-2.976190476190476
2608800,PE,12m_2025-09_a_2026-08,1386,1171,215,3257,2026-08,7.0677186061801445
2608909,PE,12m_2025-09_a_2026-08,1887,1831,56,7605,2026-08,0.7418201086236588
2609006,PE,12m_2025-09_a_2026-08,343,365,-22,1275,2026-08,-1.6962220508866617
2609105,PE,12m_2025-09_a_2026-08,419,431,-12,884,2026-08,-1.3392857142857142
2609154,PE,12m_2025-09_a_2026-08,41,29,12,113,2026-08,11.881188118811881
2609204,PE,12m_2025-09_a_2026-08,84,61,23,337,2026-08,7.32484076433121
2609303,PE,12m_2025-09_a_2026-08,165,114,51,265,2026-08,23.83177570093458
2609402,PE,12m_2025-09_a_2026-08,4122,3505,617,9081,2026-08,7.289697542533082
2609501,PE,12m_2025-09_a_2026-08,1441,1352,89,4479,2026-08,2.0273348519362187
2609600,PE,12m_2025-09_a_2026-08,35912,33324,2588,79496,2026-08,3.3650595516721276
2609709,PE,12m_2025-09_a_2026-08,707,534,173,1615,2026-08,11.997226074895979
2609808,PE,12m_2025-09_a_2026-08,84,45,39,205,2026-08,23.49397590361446
2609907,PE,12m_2025-09_a_2026-08,1372,1058,314,3772,2026-08,9.080393290919607
2610004,PE,12m_2025-09_a_2026-08,3202,2885,317,8814,2026-08,3.7307284924090856
2610103,PE,12m_2025-09_a_2026-08,14,12,2,63,2026-08,3.278688524590164
2610202,PE,12m_2025-09_a_2026-08,229,140,89,580,2026-08,18.126272912423623
2610301,PE,12m_2025-09_a_2026-08,66,54,12,204,2026-08,6.25
2610400,PE,12m_2025-09_a_2026-08,293,187,106,460,2026-08,29.943502824858758
2610509,PE,12m_2025-09_a_2026-08,306,320,-14,1359,2026-08,-1.0196649672250546
2610608,PE,12m_2025-09_a_2026-08,2215,2111,104,5288,2026-08,2.006172839506173
2610707,PE,12m_2025-09_a_2026-08,22914,21635,1279,54218,2026-08,2.4159882128487506
2610806,PE,12m_2025-09_a_2026-08,177,139,38,490,2026-08,8.4070796460177
2610905,PE,12m_2025-09_a_2026-08,1789,1486,303,4435,2026-08,7.333010648596322
2611002,PE,12m_2025-09_a_2026-08,949,867,82,4588,2026-08,1.8197958277851751
2611101,PE,12m_2025-09_a_2026-08,59642,55876,3766,91634,2026-08,4.285974416169709
2611200,PE,12m_2025-09_a_2026-08,70,77,-7,271,2026-08,-2.5179856115107913
2611309,PE,12m_2025-09_a_2026-08,1151,1005,146,2832,2026-08,5.435591958302308
2611408,PE,12m_2025-09_a_2026-08,2104,2017,87,3102,2026-08,2.8855721393034823
2611507,PE,12m_2025-09_a_2026-08,167,156,11,368,2026-08,3.081232492997199
2611533,PE,12m_2025-09_a_2026-08,41,24,17,61,2026-08,38.63636363636363
2611606,PE,12m_2025-09_a_2026-08,247629,225927,21702,568571,2026-08,3.96840925340438
2611705,PE,12m_2025-09_a_2026-08,662,422,240,987,2026-08,32.1285140562249
2611804,PE,12m_2025-09_a_2026-08,1330,1343,-13,3256,2026-08,-0.39767513000917715
2611903,PE,12m_2025-09_a_2026-08,2874,3179,-305,4537,2026-08,-6.299049979347377
2612000,PE,12m_2025-09_a_2026-08,329,269,60,859,2026-08,7.509386733416772
2612109,PE,12m_2025-09_a_2026-08,46,34,12,112,2026-08,12
2612208,PE,12m_2025-09_a_2026-08,2955,2480,475,6969,2026-08,7.314444102248229
2612307,PE,12m_2025-09_a_2026-08,204,139,65,468,2026-08,16.129032258064516
2612406,PE,12m_2025-09_a_2026-08,246,199,47,663,2026-08,7.629870129870129
2612455,PE,12m_2025-09_a_2026-08,34,43,-9,126,2026-08,-6.666666666666667
2612471,PE,12m_2025-09_a_2026-08,264,164,100,462,2026-08,27.624309392265197
2612505,PE,12m_2025-09_a_2026-08,7879,7455,424,15512,2026-08,2.8101802757158003
2612554,PE,12m_2025-09_a_2026-08,17,25,-8,109,2026-08,-6.837606837606838
2612604,PE,12m_2025-09_a_2026-08,624,511,113,1381,2026-08,8.911671924290221
2612703,PE,12m_2025-09_a_2026-08,127,87,40,347,2026-08,13.029315960912053
2612802,PE,12m_2025-09_a_2026-08,92,43,49,205,2026-08,31.41025641025641
2612901,PE,12m_2025-09_a_2026-08,152,50,102,249,2026-08,69.38775510204081
2613008,PE,12m_2025-09_a_2026-08,2674,2527,147,5424,2026-08,2.785673678226265
2613107,PE,12m_2025-09_a_2026-08,1282,1207,75,2806,2026-08,2.746246796045405
2613206,PE,12m_2025-09_a_2026-08,383,344,39,878,2026-08,4.648390941597139
2613305,PE,12m_2025-09_a_2026-08,113,117,-4,353,2026-08,-1.1204481792717087
2613404,PE,12m_2025-09_a_2026-08,741,641,100,2251,2026-08,4.6490004649000465
2613503,PE,12m_2025-09_a_2026-08,2770,2027,743,3677,2026-08,25.323790047716425
2613602,PE,12m_2025-09_a_2026-08,1006,1194,-188,2259,2026-08,-7.682876992235391
2613701,PE,12m_2025-09_a_2026-08,3447,3232,215,9111,2026-08,2.4168165467625897
2613800,PE,12m_2025-09_a_2026-08,252,260,-8,1068,2026-08,-0.7434944237918215
2613909,PE,12m_2025-09_a_2026-08,5119,4422,697,12202,2026-08,6.0582355497609734
2614006,PE,12m_2025-09_a_2026-08,26,68,-42,115,2026-08,-26.751592356687897
2614105,PE,12m_2025-09_a_2026-08,323,310,13,750,2026-08,1.7639077340569878
2614204,PE,12m_2025-09_a_2026-08,4248,4034,214,6290,2026-08,3.522053982883476
2614303,PE,12m_2025-09_a_2026-08,48,27,21,114,2026-08,22.58064516129032
2614402,PE,12m_2025-09_a_2026-08,9,5,4,29,2026-08,16
2614501,PE,12m_2025-09_a_2026-08,2818,2411,407,7062,2026-08,6.115702479338843
2614600,PE,12m_2025-09_a_2026-08,478,421,57,1309,2026-08,4.552715654952077
2614709,PE,12m_2025-09_a_2026-08,234,243,-9,945,2026-08,-0.9433962264150944
2614808,PE,12m_2025-09_a_2026-08,108,85,23,419,2026-08,5.808080808080808
2614857,PE,12m_2025-09_a_2026-08,4310,3459,851,6001,2026-08,16.524271844660195
2615003,PE,12m_2025-09_a_2026-08,870,839,31,1977,2026-08,1.5930113052415211
2615102,PE,12m_2025-09_a_2026-08,8,15,-7,35,2026-08,-16.666666666666664
2615201,PE,12m_2025-09_a_2026-08,54,48,6,90,2026-08,7.142857142857142
2615300,PE,12m_2025-09_a_2026-08,2851,2418,433,6370,2026-08,7.293245747010274
2615409,PE,12m_2025-09_a_2026-08,2345,2265,80,5566,2026-08,1.4582573824279985
2615508,PE,12m_2025-09_a_2026-08,295,251,44,559,2026-08,8.54368932038835
2615607,PE,12m_2025-09_a_2026-08,978,953,25,2217,2026-08,1.1405109489051095
2615706,PE,12m_2025-09_a_2026-08,382,302,80,854,2026-08,10.335917312661499
2615805,PE,12m_2025-09_a_2026-08,150,98,52,283,2026-08,22.51082251082251
2615904,PE,12m_2025-09_a_2026-08,107,119,-12,205,2026-08,-5.529953917050691
2616001,PE,12m_2025-09_a_2026-08,168,138,30,490,2026-08,6.521739130434782
2616100,PE,12m_2025-09_a_2026-08,69,58,11,179,2026-08,6.547619047619048
2616183,PE,12m_2025-09_a_2026-08,77,40,37,273,2026-08,15.677966101694915
2616209,PE,12m_2025-09_a_2026-08,286,277,9,636,2026-08,1.4354066985645932
2616308,PE,12m_2025-09_a_2026-08,1954,1959,-5,2541,2026-08,-0.19638648860958366
2616407,PE,12m_2025-09_a_2026-08,9891,9009,882,26826,2026-08,3.3996299722479186
2616506,PE,12m_2025-09_a_2026-08,271,308,-37,505,2026-08,-6.826568265682657
2700102,AL,12m_2025-09_a_2026-08,105,70,35,255,2026-08,15.909090909090908
2700201,AL,12m_2025-09_a_2026-08,166,142,24,365,2026-08,7.038123167155426
2700300,AL,12m_2025-09_a_2026-08,20534,19803,731,47454,2026-08,1.5645399482053808
2700409,AL,12m_2025-09_a_2026-08,2265,2392,-127,2894,2026-08,-4.203905991393579
2700508,AL,12m_2025-09_a_2026-08,629,518,111,1095,2026-08,11.28048780487805
2700607,AL,12m_2025-09_a_2026-08,989,960,29,1859,2026-08,1.5846994535519126
2700706,AL,12m_2025-09_a_2026-08,451,378,73,805,2026-08,9.972677595628415
2700805,AL,12m_2025-09_a_2026-08,132,130,2,198,2026-08,1.0204081632653061
2700904,AL,12m_2025-09_a_2026-08,10,7,3,105,2026-08,2.941176470588235
2701001,AL,12m_2025-09_a_2026-08,647,494,153,1120,2026-08,15.822130299896585
2701100,AL,12m_2025-09_a_2026-08,28,38,-10,89,2026-08,-10.1010101010101
2701209,AL,12m_2025-09_a_2026-08,124,97,27,329,2026-08,8.940397350993377
2701308,AL,12m_2025-09_a_2026-08,306,215,91,755,2026-08,13.704819277108435
2701357,AL,12m_2025-09_a_2026-08,56,68,-12,130,2026-08,-8.450704225352112
2701407,AL,12m_2025-09_a_2026-08,2742,2775,-33,2960,2026-08,-1.1025726695623121
2701506,AL,12m_2025-09_a_2026-08,29,29,0,77,2026-08,0
2701605,AL,12m_2025-09_a_2026-08,1326,91,1235,1242,2026-08,17642.85714285714
2701704,AL,12m_2025-09_a_2026-08,361,666,-305,764,2026-08,-28.531337698783908
2701803,AL,12m_2025-09_a_2026-08,32,26,6,61,2026-08,10.909090909090908
2701902,AL,12m_2025-09_a_2026-08,76,50,26,234,2026-08,12.5
2702009,AL,12m_2025-09_a_2026-08,225,119,106,295,2026-08,56.08465608465608
2702108,AL,12m_2025-09_a_2026-08,292,343,-51,616,2026-08,-7.646176911544228
2702207,AL,12m_2025-09_a_2026-08,30,26,4,68,2026-08,6.25
2702306,AL,12m_2025-09_a_2026-08,6203,5265,938,10116,2026-08,10.220091523207671
2702355,AL,12m_2025-09_a_2026-08,460,388,72,1156,2026-08,6.642066420664207
2702405,AL,12m_2025-09_a_2026-08,3190,2017,1173,5028,2026-08,30.428015564202333
2702504,AL,12m_2025-09_a_2026-08,71,47,24,113,2026-08,26.96629213483146
2702553,AL,12m_2025-09_a_2026-08,502,363,139,772,2026-08,21.958925750394943
2702603,AL,12m_2025-09_a_2026-08,119,128,-9,311,2026-08,-2.8125
2702702,AL,12m_2025-09_a_2026-08,85,82,3,211,2026-08,1.4423076923076923
2702801,AL,12m_2025-09_a_2026-08,169,142,27,360,2026-08,8.108108108108109
2702900,AL,12m_2025-09_a_2026-08,401,226,175,632,2026-08,38.29321663019694
2703007,AL,12m_2025-09_a_2026-08,96,132,-36,238,2026-08,-13.138686131386862
2703106,AL,12m_2025-09_a_2026-08,126,128,-2,257,2026-08,-0.7722007722007722
2703205,AL,12m_2025-09_a_2026-08,1333,1202,131,2269,2026-08,6.127221702525725
2703304,AL,12m_2025-09_a_2026-08,51,51,0,141,2026-08,0
2703403,AL,12m_2025-09_a_2026-08,25,18,7,48,2026-08,17.073170731707318
2703502,AL,12m_2025-09_a_2026-08,45,39,6,156,2026-08,4
2703601,AL,12m_2025-09_a_2026-08,913,652,261,2003,2026-08,14.982778415614236
2703700,AL,12m_2025-09_a_2026-08,19,25,-6,37,2026-08,-13.953488372093023
2703759,AL,12m_2025-09_a_2026-08,284,253,31,441,2026-08,7.560975609756097
2703809,AL,12m_2025-09_a_2026-08,182,147,35,478,2026-08,7.900677200902935
2703908,AL,12m_2025-09_a_2026-08,29,44,-15,74,2026-08,-16.853932584269664
2704005,AL,12m_2025-09_a_2026-08,1454,1271,183,1537,2026-08,13.515509601181682
2704104,AL,12m_2025-09_a_2026-08,291,481,-190,691,2026-08,-21.56640181611805
2704203,AL,12m_2025-09_a_2026-08,586,462,124,1511,2026-08,8.940158615717376
2704302,AL,12m_2025-09_a_2026-08,107424,100279,7145,248069,2026-08,2.9656655210771863
2704401,AL,12m_2025-09_a_2026-08,135,150,-15,415,2026-08,-3.488372093023256
2704500,AL,12m_2025-09_a_2026-08,3634,3102,532,6567,2026-08,8.815244407622204
2704609,AL,12m_2025-09_a_2026-08,111,61,50,145,2026-08,52.63157894736842
2704708,AL,12m_2025-09_a_2026-08,7400,6229,1171,13386,2026-08,9.586573884568155
2704807,AL,12m_2025-09_a_2026-08,200,144,56,583,2026-08,10.62618595825427
2704906,AL,12m_2025-09_a_2026-08,49,39,10,121,2026-08,9.00900900900901
2705002,AL,12m_2025-09_a_2026-08,76,59,17,266,2026-08,6.827309236947792
2705101,AL,12m_2025-09_a_2026-08,1287,1522,-235,2623,2026-08,-8.222533240027992
2705200,AL,12m_2025-09_a_2026-08,492,462,30,1042,2026-08,2.9644268774703555
2705309,AL,12m_2025-09_a_2026-08,9,5,4,27,2026-08,17.391304347826086
2705408,AL,12m_2025-09_a_2026-08,294,217,77,747,2026-08,11.492537313432836
2705507,AL,12m_2025-09_a_2026-08,1447,1438,9,2973,2026-08,0.30364372469635625
2705606,AL,12m_2025-09_a_2026-08,282,243,39,402,2026-08,10.743801652892563
2705705,AL,12m_2025-09_a_2026-08,489,419,70,1295,2026-08,5.714285714285714
2705804,AL,12m_2025-09_a_2026-08,77,37,40,135,2026-08,42.10526315789473
2705903,AL,12m_2025-09_a_2026-08,6,5,1,9,2026-08,12.5
2706000,AL,12m_2025-09_a_2026-08,38,33,5,95,2026-08,5.555555555555555
2706109,AL,12m_2025-09_a_2026-08,304,82,222,426,2026-08,108.8235294117647
2706208,AL,12m_2025-09_a_2026-08,2,3,-1,8,2026-08,-11.11111111111111
2706307,AL,12m_2025-09_a_2026-08,3002,2458,544,7079,2026-08,8.324407039020658
2706406,AL,12m_2025-09_a_2026-08,133,99,34,415,2026-08,8.923884514435695
2706422,AL,12m_2025-09_a_2026-08,48,48,0,84,2026-08,0
2706448,AL,12m_2025-09_a_2026-08,693,520,173,1364,2026-08,14.525608732157849
2706505,AL,12m_2025-09_a_2026-08,638,530,108,1041,2026-08,11.57556270096463
2706604,AL,12m_2025-09_a_2026-08,35,26,9,110,2026-08,8.91089108910891
2706703,AL,12m_2025-09_a_2026-08,3057,2726,331,6445,2026-08,5.413804383382401
2706802,AL,12m_2025-09_a_2026-08,150,187,-37,288,2026-08,-11.384615384615385
2706901,AL,12m_2025-09_a_2026-08,1936,1865,71,3979,2026-08,1.8167860798362332
2707008,AL,12m_2025-09_a_2026-08,16,8,8,61,2026-08,15.09433962264151
2707107,AL,12m_2025-09_a_2026-08,717,615,102,1342,2026-08,8.225806451612904
2707206,AL,12m_2025-09_a_2026-08,108,61,47,109,2026-08,75.80645161290323
2707305,AL,12m_2025-09_a_2026-08,626,591,35,1438,2026-08,2.4946543121881684
2707404,AL,12m_2025-09_a_2026-08,1944,1538,406,2194,2026-08,22.706935123042506
2707503,AL,12m_2025-09_a_2026-08,88,111,-23,313,2026-08,-6.845238095238096
2707602,AL,12m_2025-09_a_2026-08,67,37,30,192,2026-08,18.51851851851852
2707701,AL,12m_2025-09_a_2026-08,6537,7073,-536,12141,2026-08,-4.2281296836791045
2707800,AL,12m_2025-09_a_2026-08,267,196,71,522,2026-08,15.74279379157428
2707909,AL,12m_2025-09_a_2026-08,207,210,-3,559,2026-08,-0.5338078291814947
2708006,AL,12m_2025-09_a_2026-08,1436,1194,242,4331,2026-08,5.918317437026168
2708105,AL,12m_2025-09_a_2026-08,36,43,-7,123,2026-08,-5.384615384615385
2708204,AL,12m_2025-09_a_2026-08,20,24,-4,50,2026-08,-7.4074074074074066
2708303,AL,12m_2025-09_a_2026-08,3074,3125,-51,3781,2026-08,-1.3308977035490606
2708402,AL,12m_2025-09_a_2026-08,874,836,38,1135,2026-08,3.4639927073837744
2708501,AL,12m_2025-09_a_2026-08,2150,2469,-319,5726,2026-08,-5.277088502894955
2708600,AL,12m_2025-09_a_2026-08,4425,4792,-367,9274,2026-08,-3.806659060263458
2708709,AL,12m_2025-09_a_2026-08,1541,1369,172,2013,2026-08,9.342748506246606
2708808,AL,12m_2025-09_a_2026-08,1124,1166,-42,1644,2026-08,-2.491103202846975
2708907,AL,12m_2025-09_a_2026-08,782,702,80,1283,2026-08,6.6500415627597675
2708956,AL,12m_2025-09_a_2026-08,102,88,14,125,2026-08,12.612612612612612
2709004,AL,12m_2025-09_a_2026-08,80,45,35,102,2026-08,52.23880597014925
2709103,AL,12m_2025-09_a_2026-08,207,180,27,541,2026-08,5.252918287937743
2709152,AL,12m_2025-09_a_2026-08,2178,2077,101,2787,2026-08,3.7602382725241994
2709202,AL,12m_2025-09_a_2026-08,20,16,4,64,2026-08,6.666666666666667
2709301,AL,12m_2025-09_a_2026-08,1606,1428,178,4207,2026-08,4.417969719533383
2709400,AL,12m_2025-09_a_2026-08,556,399,157,1755,2026-08,9.824780976220275
2800100,SE,12m_2025-09_a_2026-08,13,9,4,49,2026-08,8.88888888888889
2800209,SE,12m_2025-09_a_2026-08,277,251,26,824,2026-08,3.258145363408521
2800308,SE,12m_2025-09_a_2026-08,89581,80847,8734,195389,2026-08,4.679221022742492
2800407,SE,12m_2025-09_a_2026-08,100,101,-1,341,2026-08,-0.29239766081871343
2800506,SE,12m_2025-09_a_2026-08,544,516,28,826,2026-08,3.508771929824561
2800605,SE,12m_2025-09_a_2026-08,3527,2876,651,5273,2026-08,14.084811769796623
2800670,SE,12m_2025-09_a_2026-08,618,454,164,1570,2026-08,11.66429587482219
2800704,SE,12m_2025-09_a_2026-08,35,40,-5,129,2026-08,-3.731343283582089
2801009,SE,12m_2025-09_a_2026-08,1171,1262,-91,1559,2026-08,-5.515151515151516
2801108,SE,12m_2025-09_a_2026-08,27,13,14,63,2026-08,28.57142857142857
2801207,SE,12m_2025-09_a_2026-08,650,774,-124,1164,2026-08,-9.627329192546584
2801306,SE,12m_2025-09_a_2026-08,1988,1944,44,2553,2026-08,1.753686727779992
2801405,SE,12m_2025-09_a_2026-08,462,373,89,940,2026-08,10.45828437132785
2801504,SE,12m_2025-09_a_2026-08,865,1099,-234,2016,2026-08,-10.4
2801603,SE,12m_2025-09_a_2026-08,47,32,15,148,2026-08,11.278195488721805
2801702,SE,12m_2025-09_a_2026-08,278,330,-52,945,2026-08,-5.2156469408224675
2801900,SE,12m_2025-09_a_2026-08,64,73,-9,153,2026-08,-5.555555555555555
2802007,SE,12m_2025-09_a_2026-08,41,32,9,73,2026-08,14.0625
2802106,SE,12m_2025-09_a_2026-08,4413,4051,362,11305,2026-08,3.3080508087361786
2802205,SE,12m_2025-09_a_2026-08,81,53,28,161,2026-08,21.052631578947366
2802304,SE,12m_2025-09_a_2026-08,895,603,292,1574,2026-08,22.776911076443056
2802403,SE,12m_2025-09_a_2026-08,25,22,3,124,2026-08,2.479338842975207
2802502,SE,12m_2025-09_a_2026-08,16,23,-7,54,2026-08,-11.475409836065573
2802601,SE,12m_2025-09_a_2026-08,74,55,19,121,2026-08,18.627450980392158
2802700,SE,12m_2025-09_a_2026-08,99,139,-40,198,2026-08,-16.80672268907563
2802809,SE,12m_2025-09_a_2026-08,211,178,33,498,2026-08,7.096774193548387
2802908,SE,12m_2025-09_a_2026-08,7731,7241,490,18404,2026-08,2.735290833984593
2803005,SE,12m_2025-09_a_2026-08,948,888,60,2891,2026-08,2.1193924408336278
2803104,SE,12m_2025-09_a_2026-08,23,34,-11,100,2026-08,-9.90990990990991
2803203,SE,12m_2025-09_a_2026-08,1314,990,324,3474,2026-08,10.285714285714285
2803302,SE,12m_2025-09_a_2026-08,409,502,-93,1126,2026-08,-7.629204265791632
2803401,SE,12m_2025-09_a_2026-08,317,306,11,1113,2026-08,0.9981851179673321
2803500,SE,12m_2025-09_a_2026-08,7470,5478,1992,16352,2026-08,13.871866295264624
2803609,SE,12m_2025-09_a_2026-08,3242,3201,41,4854,2026-08,0.8518595470600456
2803708,SE,12m_2025-09_a_2026-08,150,117,33,339,2026-08,10.784313725490197
2803807,SE,12m_2025-09_a_2026-08,143,104,39,286,2026-08,15.789473684210526
2803906,SE,12m_2025-09_a_2026-08,90,95,-5,275,2026-08,-1.7857142857142856
2804003,SE,12m_2025-09_a_2026-08,665,548,117,1085,2026-08,12.086776859504132
2804102,SE,12m_2025-09_a_2026-08,211,161,50,447,2026-08,12.594458438287154
2804201,SE,12m_2025-09_a_2026-08,248,197,51,448,2026-08,12.846347607052897
2804300,SE,12m_2025-09_a_2026-08,306,260,46,574,2026-08,8.712121212121213
2804409,SE,12m_2025-09_a_2026-08,602,495,107,2193,2026-08,5.129434324065196
2804458,SE,12m_2025-09_a_2026-08,298,170,128,460,2026-08,38.55421686746988
2804508,SE,12m_2025-09_a_2026-08,3459,3284,175,6840,2026-08,2.625656414103526
2804607,SE,12m_2025-09_a_2026-08,801,782,19,2072,2026-08,0.9254749147588894
2804706,SE,12m_2025-09_a_2026-08,38,56,-18,120,2026-08,-13.043478260869565
2804805,SE,12m_2025-09_a_2026-08,11706,11833,-127,25364,2026-08,-0.4982150562943784
2804904,SE,12m_2025-09_a_2026-08,130,145,-15,379,2026-08,-3.807106598984772
2805000,SE,12m_2025-09_a_2026-08,64,29,35,79,2026-08,79.54545454545455
2805109,SE,12m_2025-09_a_2026-08,20,32,-12,201,2026-08,-5.633802816901409
2805208,SE,12m_2025-09_a_2026-08,64,52,12,158,2026-08,8.21917808219178
2805307,SE,12m_2025-09_a_2026-08,206,127,79,484,2026-08,19.50617283950617
2805406,SE,12m_2025-09_a_2026-08,392,307,85,591,2026-08,16.798418972332016
2805505,SE,12m_2025-09_a_2026-08,557,593,-36,1582,2026-08,-2.2249690976514214
2805604,SE,12m_2025-09_a_2026-08,161,158,3,410,2026-08,0.7371007371007371
2805703,SE,12m_2025-09_a_2026-08,1321,1299,22,3572,2026-08,0.6197183098591549
2805802,SE,12m_2025-09_a_2026-08,84,63,21,246,2026-08,9.333333333333334
2805901,SE,12m_2025-09_a_2026-08,159,515,-356,646,2026-08,-35.528942115768466
2806008,SE,12m_2025-09_a_2026-08,602,559,43,2023,2026-08,2.1717171717171717
2806107,SE,12m_2025-09_a_2026-08,529,396,133,1453,2026-08,10.075757575757576
2806206,SE,12m_2025-09_a_2026-08,435,273,162,919,2026-08,21.400264200792602
2806305,SE,12m_2025-09_a_2026-08,73,71,2,279,2026-08,0.7220216606498195
2806404,SE,12m_2025-09_a_2026-08,67,34,33,185,2026-08,21.710526315789476
2806503,SE,12m_2025-09_a_2026-08,156,34,122,286,2026-08,74.39024390243902
2806602,SE,12m_2025-09_a_2026-08,114,152,-38,467,2026-08,-7.524752475247524
2806701,SE,12m_2025-09_a_2026-08,5210,4605,605,12091,2026-08,5.267281908410239
2806800,SE,12m_2025-09_a_2026-08,180,197,-17,280,2026-08,-5.723905723905724
2806909,SE,12m_2025-09_a_2026-08,156,169,-13,79,2026-08,-14.130434782608695
2807006,SE,12m_2025-09_a_2026-08,31,38,-7,95,2026-08,-6.862745098039216
2807105,SE,12m_2025-09_a_2026-08,1918,1558,360,4966,2026-08,7.815892314372558
2807204,SE,12m_2025-09_a_2026-08,165,100,65,313,2026-08,26.209677419354836
2807303,SE,12m_2025-09_a_2026-08,51,74,-23,77,2026-08,-23
2807402,SE,12m_2025-09_a_2026-08,2065,1826,239,4521,2026-08,5.581503970107427
2807501,SE,12m_2025-09_a_2026-08,88,90,-2,339,2026-08,-0.5865102639296188
2807600,SE,12m_2025-09_a_2026-08,701,586,115,1938,2026-08,6.308283049917717
2900108,BA,12m_2025-09_a_2026-08,43,26,17,158,2026-08,12.056737588652481
2900207,BA,12m_2025-09_a_2026-08,313,213,100,748,2026-08,15.432098765432098
2900306,BA,12m_2025-09_a_2026-08,75,77,-2,273,2026-08,-0.7272727272727273
2900355,BA,12m_2025-09_a_2026-08,55,42,13,174,2026-08,8.074534161490684
2900405,BA,12m_2025-09_a_2026-08,148,125,23,504,2026-08,4.781704781704782
2900504,BA,12m_2025-09_a_2026-08,43,45,-2,151,2026-08,-1.3071895424836601
2900603,BA,12m_2025-09_a_2026-08,132,104,28,251,2026-08,12.556053811659194
2900702,BA,12m_2025-09_a_2026-08,10919,10131,788,27912,2026-08,2.90517622769503
2900801,BA,12m_2025-09_a_2026-08,674,562,112,1209,2026-08,10.209662716499544
2900900,BA,12m_2025-09_a_2026-08,37,49,-12,176,2026-08,-6.382978723404255
2901007,BA,12m_2025-09_a_2026-08,1598,1667,-69,4103,2026-08,-1.653883029721956
2901106,BA,12m_2025-09_a_2026-08,935,962,-27,2158,2026-08,-1.2356979405034325
2901155,BA,12m_2025-09_a_2026-08,44,35,9,142,2026-08,6.7669172932330826
2901205,BA,12m_2025-09_a_2026-08,220,265,-45,1432,2026-08,-3.046716316858497
2901304,BA,12m_2025-09_a_2026-08,227,215,12,516,2026-08,2.380952380952381
2901353,BA,12m_2025-09_a_2026-08,305,296,9,1677,2026-08,0.539568345323741
2901403,BA,12m_2025-09_a_2026-08,72,68,4,277,2026-08,1.465201465201465
2901502,BA,12m_2025-09_a_2026-08,139,190,-51,382,2026-08,-11.778290993071593
2901601,BA,12m_2025-09_a_2026-08,151,128,23,577,2026-08,4.1516245487364625
2901700,BA,12m_2025-09_a_2026-08,57,54,3,264,2026-08,1.1494252873563218
2901809,BA,12m_2025-09_a_2026-08,173,182,-9,346,2026-08,-2.535211267605634
2901908,BA,12m_2025-09_a_2026-08,68,64,4,283,2026-08,1.4336917562724014
2901957,BA,12m_2025-09_a_2026-08,109,47,62,184,2026-08,50.81967213114754
2902005,BA,12m_2025-09_a_2026-08,177,142,35,434,2026-08,8.771929824561402
2902054,BA,12m_2025-09_a_2026-08,142,103,39,362,2026-08,12.074303405572756
2902104,BA,12m_2025-09_a_2026-08,587,473,114,1196,2026-08,10.536044362292053
2902203,BA,12m_2025-09_a_2026-08,104,124,-20,308,2026-08,-6.097560975609756
2902252,BA,12m_2025-09_a_2026-08,211,246,-35,695,2026-08,-4.794520547945205
2902302,BA,12m_2025-09_a_2026-08,53,56,-3,213,2026-08,-1.3888888888888888
2902401,BA,12m_2025-09_a_2026-08,211,256,-45,442,2026-08,-9.240246406570842
2902500,BA,12m_2025-09_a_2026-08,298,278,20,653,2026-08,3.15955766192733
2902609,BA,12m_2025-09_a_2026-08,381,333,48,625,2026-08,8.31889081455806
2902658,BA,12m_2025-09_a_2026-08,43,30,13,127,2026-08,11.403508771929824
2902708,BA,12m_2025-09_a_2026-08,841,612,229,1660,2026-08,16.002795248078268
2902807,BA,12m_2025-09_a_2026-08,979,1258,-279,1756,2026-08,-13.710073710073711
2902906,BA,12m_2025-09_a_2026-08,1957,1925,32,2975,2026-08,1.0873258579680598
2903003,BA,12m_2025-09_a_2026-08,66,72,-6,232,2026-08,-2.5210084033613445
2903102,BA,12m_2025-09_a_2026-08,72,82,-10,190,2026-08,-5
2903201,BA,12m_2025-09_a_2026-08,21763,20850,913,38548,2026-08,2.4259333067623223
2903235,BA,12m_2025-09_a_2026-08,110,86,24,172,2026-08,16.216216216216218
2903276,BA,12m_2025-09_a_2026-08,609,527,82,1351,2026-08,6.461780929866036
2903300,BA,12m_2025-09_a_2026-08,95,87,8,668,2026-08,1.2121212121212122
2903409,BA,12m_2025-09_a_2026-08,361,415,-54,1149,2026-08,-4.488778054862843
2903508,BA,12m_2025-09_a_2026-08,1589,278,1311,1814,2026-08,260.6361829025845
2903607,BA,12m_2025-09_a_2026-08,134,78,56,338,2026-08,19.858156028368796
2903706,BA,12m_2025-09_a_2026-08,133,107,26,307,2026-08,9.252669039145907
2903805,BA,12m_2025-09_a_2026-08,79,106,-27,351,2026-08,-7.142857142857142
2903904,BA,12m_2025-09_a_2026-08,3197,3111,86,7484,2026-08,1.1624763449580968
2903953,BA,12m_2025-09_a_2026-08,8,12,-4,24,2026-08,-14.285714285714285
2904001,BA,12m_2025-09_a_2026-08,302,400,-98,432,2026-08,-18.49056603773585
2904050,BA,12m_2025-09_a_2026-08,239,190,49,557,2026-08,9.645669291338582
2904100,BA,12m_2025-09_a_2026-08,80,70,10,341,2026-08,3.0211480362537766
2904209,BA,12m_2025-09_a_2026-08,49,58,-9,250,2026-08,-3.474903474903475
2904308,BA,12m_2025-09_a_2026-08,157,147,10,320,2026-08,3.225806451612903
2904407,BA,12m_2025-09_a_2026-08,151,92,59,313,2026-08,23.228346456692915
2904506,BA,12m_2025-09_a_2026-08,96,113,-17,345,2026-08,-4.696132596685083
2904605,BA,12m_2025-09_a_2026-08,6888,5999,889,14834,2026-08,6.375044818931516
2904704,BA,12m_2025-09_a_2026-08,322,299,23,948,2026-08,2.4864864864864864
2904753,BA,12m_2025-09_a_2026-08,64,49,15,176,2026-08,9.316770186335404
2904803,BA,12m_2025-09_a_2026-08,181,177,4,416,2026-08,0.9708737864077669
2904852,BA,12m_2025-09_a_2026-08,148,133,15,459,2026-08,3.3783783783783785
2904902,BA,12m_2025-09_a_2026-08,754,950,-196,2851,2026-08,-6.432556613062028
2905008,BA,12m_2025-09_a_2026-08,1050,934,116,3469,2026-08,3.459588428273188
2905107,BA,12m_2025-09_a_2026-08,56,40,16,130,2026-08,14.035087719298245
2905156,BA,12m_2025-09_a_2026-08,26,27,-1,101,2026-08,-0.9803921568627451
2905206,BA,12m_2025-09_a_2026-08,2066,1872,194,5231,2026-08,3.8514989080802065
2905305,BA,12m_2025-09_a_2026-08,232,249,-17,500,2026-08,-3.2882011605415857
2905404,BA,12m_2025-09_a_2026-08,1786,1872,-86,2905,2026-08,-2.8752925442995654
2905503,BA,12m_2025-09_a_2026-08,81,45,36,112,2026-08,47.368421052631575
2905602,BA,12m_2025-09_a_2026-08,718,874,-156,2004,2026-08,-7.222222222222221
2905701,BA,12m_2025-09_a_2026-08,49528,40830,8698,87808,2026-08,10.994817342940209
2905800,BA,12m_2025-09_a_2026-08,600,610,-10,1805,2026-08,-0.5509641873278237
2905909,BA,12m_2025-09_a_2026-08,285,261,24,802,2026-08,3.0848329048843186
2906006,BA,12m_2025-09_a_2026-08,1618,1450,168,3878,2026-08,4.528301886792453
2906105,BA,12m_2025-09_a_2026-08,41,33,8,81,2026-08,10.95890410958904
2906204,BA,12m_2025-09_a_2026-08,151,132,19,443,2026-08,4.481132075471698
2906303,BA,12m_2025-09_a_2026-08,868,754,114,1850,2026-08,6.566820276497695
2906402,BA,12m_2025-09_a_2026-08,60,43,17,127,2026-08,15.454545454545453
2906501,BA,12m_2025-09_a_2026-08,5463,5644,-181,13522,2026-08,-1.3208786397139314
2906600,BA,12m_2025-09_a_2026-08,57,66,-9,302,2026-08,-2.8938906752411575
2906709,BA,12m_2025-09_a_2026-08,253,197,56,592,2026-08,10.44776119402985
2906808,BA,12m_2025-09_a_2026-08,500,405,95,1050,2026-08,9.947643979057592
2906824,BA,12m_2025-09_a_2026-08,149,96,53,374,2026-08,16.510903426791277
2906857,BA,12m_2025-09_a_2026-08,134,73,61,322,2026-08,23.371647509578544
2906873,BA,12m_2025-09_a_2026-08,2501,2270,231,5332,2026-08,4.528523818859047
2906899,BA,12m_2025-09_a_2026-08,75,47,28,206,2026-08,15.730337078651685
2906907,BA,12m_2025-09_a_2026-08,764,699,65,1496,2026-08,4.5422781271837875
2907004,BA,12m_2025-09_a_2026-08,237,288,-51,358,2026-08,-12.469437652811736
2907103,BA,12m_2025-09_a_2026-08,198,160,38,587,2026-08,6.9216757741347905
2907202,BA,12m_2025-09_a_2026-08,9421,9428,-7,10688,2026-08,-0.06545114539504442
2907301,BA,12m_2025-09_a_2026-08,717,700,17,2476,2026-08,0.6913379422529483
2907400,BA,12m_2025-09_a_2026-08,43,39,4,154,2026-08,2.666666666666667
2907509,BA,12m_2025-09_a_2026-08,4156,3564,592,9472,2026-08,6.666666666666667
2907558,BA,12m_2025-09_a_2026-08,53,29,24,156,2026-08,18.181818181818183
2907608,BA,12m_2025-09_a_2026-08,164,90,74,453,2026-08,19.525065963060687
2907707,BA,12m_2025-09_a_2026-08,25,15,10,175,2026-08,6.0606060606060606
2907806,BA,12m_2025-09_a_2026-08,777,556,221,1889,2026-08,13.249400479616307
2907905,BA,12m_2025-09_a_2026-08,144,121,23,426,2026-08,5.707196029776675
2908002,BA,12m_2025-09_a_2026-08,300,305,-5,694,2026-08,-0.7153075822603719
2908101,BA,12m_2025-09_a_2026-08,1398,1319,79,2608,2026-08,3.1237643337287464
2908200,BA,12m_2025-09_a_2026-08,870,954,-84,2519,2026-08,-3.2270457164809834
2908309,BA,12m_2025-09_a_2026-08,379,482,-103,1547,2026-08,-6.242424242424242
2908408,BA,12m_2025-09_a_2026-08,2872,2544,328,6121,2026-08,5.662005869152425
2908507,BA,12m_2025-09_a_2026-08,4986,5317,-331,12445,2026-08,-2.590795241077019
2908606,BA,12m_2025-09_a_2026-08,590,475,115,1335,2026-08,9.426229508196721
2908705,BA,12m_2025-09_a_2026-08,209,264,-55,807,2026-08,-6.380510440835267
2908804,BA,12m_2025-09_a_2026-08,30,28,2,110,2026-08,1.8518518518518516
2908903,BA,12m_2025-09_a_2026-08,659,701,-42,1576,2026-08,-2.595797280593325
2909000,BA,12m_2025-09_a_2026-08,73,68,5,213,2026-08,2.403846153846154
2909109,BA,12m_2025-09_a_2026-08,159,135,24,359,2026-08,7.164179104477612
2909208,BA,12m_2025-09_a_2026-08,153,134,19,286,2026-08,7.116104868913857
2909307,BA,12m_2025-09_a_2026-08,4471,4057,414,6537,2026-08,6.761391474767271
2909406,BA,12m_2025-09_a_2026-08,221,249,-28,527,2026-08,-5.045045045045045
2909505,BA,12m_2025-09_a_2026-08,81,52,29,122,2026-08,31.182795698924732
2909604,BA,12m_2025-09_a_2026-08,64,72,-8,267,2026-08,-2.909090909090909
2909703,BA,12m_2025-09_a_2026-08,90,87,3,280,2026-08,1.083032490974729
2909802,BA,12m_2025-09_a_2026-08,3715,3595,120,9884,2026-08,1.2290045063498567
2909901,BA,12m_2025-09_a_2026-08,895,678,217,1530,2026-08,16.527037319116527
2910008,BA,12m_2025-09_a_2026-08,146,93,53,338,2026-08,18.596491228070175
2910057,BA,12m_2025-09_a_2026-08,6216,6341,-125,10666,2026-08,-1.1583727180057455
2910107,BA,12m_2025-09_a_2026-08,84,107,-23,354,2026-08,-6.10079575596817
2910206,BA,12m_2025-09_a_2026-08,59,116,-57,175,2026-08,-24.568965517241377
2910305,BA,12m_2025-09_a_2026-08,77,61,16,256,2026-08,6.666666666666667
2910404,BA,12m_2025-09_a_2026-08,282,321,-39,750,2026-08,-4.942965779467681
2910503,BA,12m_2025-09_a_2026-08,1007,988,19,3001,2026-08,0.6371562709590879
2910602,BA,12m_2025-09_a_2026-08,1073,1355,-282,3743,2026-08,-7.0062111801242235
2910701,BA,12m_2025-09_a_2026-08,1223,1259,-36,3321,2026-08,-1.0723860589812333
2910727,BA,12m_2025-09_a_2026-08,12875,12528,347,24024,2026-08,1.465557291886641
2910750,BA,12m_2025-09_a_2026-08,155,130,25,526,2026-08,4.990019960079841
2910776,BA,12m_2025-09_a_2026-08,61,39,22,126,2026-08,21.153846153846153
2910800,BA,12m_2025-09_a_2026-08,70430,64700,5730,152062,2026-08,3.9157532187081427
2910859,BA,12m_2025-09_a_2026-08,146,172,-26,498,2026-08,-4.961832061068702
2910909,BA,12m_2025-09_a_2026-08,130,173,-43,555,2026-08,-7.190635451505016
2911006,BA,12m_2025-09_a_2026-08,115,133,-18,337,2026-08,-5.070422535211268
2911105,BA,12m_2025-09_a_2026-08,4660,4377,283,6191,2026-08,4.79011509817197
2911204,BA,12m_2025-09_a_2026-08,1068,1030,38,2883,2026-08,1.335676625659051
2911253,BA,12m_2025-09_a_2026-08,20,11,9,44,2026-08,25.71428571428571
2911303,BA,12m_2025-09_a_2026-08,163,1076,-913,636,2026-08,-58.941252420916726
2911402,BA,12m_2025-09_a_2026-08,310,122,188,531,2026-08,54.81049562682215
2911501,BA,12m_2025-09_a_2026-08,226,155,71,916,2026-08,8.402366863905325
2911600,BA,12m_2025-09_a_2026-08,1055,1013,42,2114,2026-08,2.027027027027027
2911659,BA,12m_2025-09_a_2026-08,28,24,4,96,2026-08,4.3478260869565215
2911709,BA,12m_2025-09_a_2026-08,5664,5139,525,13879,2026-08,3.931406320203684
2911808,BA,12m_2025-09_a_2026-08,473,357,116,827,2026-08,16.31504922644163
2911857,BA,12m_2025-09_a_2026-08,60,66,-6,190,2026-08,-3.061224489795918
2911907,BA,12m_2025-09_a_2026-08,674,683,-9,1364,2026-08,-0.6554989075018208
2912004,BA,12m_2025-09_a_2026-08,73,66,7,283,2026-08,2.536231884057971
2912103,BA,12m_2025-09_a_2026-08,438,420,18,1078,2026-08,1.6981132075471699
2912202,BA,12m_2025-09_a_2026-08,2555,2667,-112,3704,2026-08,-2.9350104821802936
2912301,BA,12m_2025-09_a_2026-08,502,304,198,1471,2026-08,15.553809897879026
2912400,BA,12m_2025-09_a_2026-08,88,117,-29,404,2026-08,-6.697459584295612
2912509,BA,12m_2025-09_a_2026-08,51,49,2,211,2026-08,0.9569377990430622
2912608,BA,12m_2025-09_a_2026-08,9,8,1,58,2026-08,1.7543859649122806
2912707,BA,12m_2025-09_a_2026-08,412,291,121,835,2026-08,16.946778711484594
2912806,BA,12m_2025-09_a_2026-08,951,1130,-179,2447,2026-08,-6.816450875856816
2912905,BA,12m_2025-09_a_2026-08,534,476,58,1559,2026-08,3.8640906062624913
2913002,BA,12m_2025-09_a_2026-08,83,102,-19,268,2026-08,-6.620209059233449
2913101,BA,12m_2025-09_a_2026-08,68,70,-2,167,2026-08,-1.183431952662722
2913200,BA,12m_2025-09_a_2026-08,1049,925,124,2306,2026-08,5.682859761686526
2913309,BA,12m_2025-09_a_2026-08,38,39,-1,121,2026-08,-0.819672131147541
2913408,BA,12m_2025-09_a_2026-08,90,97,-7,356,2026-08,-1.9283746556473829
2913457,BA,12m_2025-09_a_2026-08,211,325,-114,653,2026-08,-14.863102998696217
2913507,BA,12m_2025-09_a_2026-08,364,322,42,1393,2026-08,3.1088082901554404
2913606,BA,12m_2025-09_a_2026-08,14236,13604,632,29502,2026-08,2.1891236577762383
2913705,BA,12m_2025-09_a_2026-08,974,1053,-79,2510,2026-08,-3.0513711857860177
2913804,BA,12m_2025-09_a_2026-08,63,47,16,152,2026-08,11.76470588235294
2913903,BA,12m_2025-09_a_2026-08,2540,2407,133,5306,2026-08,2.571041948579161
2914000,BA,12m_2025-09_a_2026-08,1939,1762,177,5322,2026-08,3.4402332361516033
2914109,BA,12m_2025-09_a_2026-08,268,178,90,552,2026-08,19.480519480519483
2914208,BA,12m_2025-09_a_2026-08,27,121,-94,114,2026-08,-45.19230769230769
2914307,BA,12m_2025-09_a_2026-08,61,95,-34,217,2026-08,-13.545816733067728
2914406,BA,12m_2025-09_a_2026-08,353,282,71,1137,2026-08,6.660412757973734
2914505,BA,12m_2025-09_a_2026-08,532,406,126,1467,2026-08,9.395973154362416
2914604,BA,12m_2025-09_a_2026-08,6672,6193,479,14725,2026-08,3.362347325565071
2914653,BA,12m_2025-09_a_2026-08,1574,1471,103,3154,2026-08,3.3759423139954112
2914703,BA,12m_2025-09_a_2026-08,3452,3256,196,9807,2026-08,2.0393299344501092
2914802,BA,12m_2025-09_a_2026-08,15478,14349,1129,36625,2026-08,3.180640072120802
2914901,BA,12m_2025-09_a_2026-08,2263,2403,-140,4314,2026-08,-3.1432420296362817
2915007,BA,12m_2025-09_a_2026-08,73,81,-8,256,2026-08,-3.0303030303030303
2915106,BA,12m_2025-09_a_2026-08,143,110,33,395,2026-08,9.116022099447514
2915205,BA,12m_2025-09_a_2026-08,1093,654,439,2587,2026-08,20.43761638733706
2915304,BA,12m_2025-09_a_2026-08,188,167,21,464,2026-08,4.740406320541761
2915353,BA,12m_2025-09_a_2026-08,387,195,192,613,2026-08,45.605700712589076
2915403,BA,12m_2025-09_a_2026-08,111,116,-5,594,2026-08,-0.8347245409015025
2915502,BA,12m_2025-09_a_2026-08,371,448,-77,1209,2026-08,-5.9875583203732505
2915601,BA,12m_2025-09_a_2026-08,3538,3292,246,6834,2026-08,3.7340619307832426
2915700,BA,12m_2025-09_a_2026-08,147,99,48,229,2026-08,26.519337016574585
2915809,BA,12m_2025-09_a_2026-08,605,499,106,1640,2026-08,6.910039113428944
2915908,BA,12m_2025-09_a_2026-08,146,109,37,303,2026-08,13.909774436090224
2916005,BA,12m_2025-09_a_2026-08,202,249,-47,794,2026-08,-5.58858501783591
2916104,BA,12m_2025-09_a_2026-08,717,530,187,1480,2026-08,14.462490332559938
2916203,BA,12m_2025-09_a_2026-08,209,224,-15,642,2026-08,-2.28310502283105
2916302,BA,12m_2025-09_a_2026-08,555,354,201,771,2026-08,35.26315789473684
2916401,BA,12m_2025-09_a_2026-08,7365,7104,261,18357,2026-08,1.4423076923076923
2916500,BA,12m_2025-09_a_2026-08,647,959,-312,1770,2026-08,-14.985590778097983
2916609,BA,12m_2025-09_a_2026-08,156,126,30,376,2026-08,8.670520231213873
2916708,BA,12m_2025-09_a_2026-08,35,63,-28,139,2026-08,-16.766467065868262
2916807,BA,12m_2025-09_a_2026-08,413,458,-45,1670,2026-08,-2.623906705539359
2916856,BA,12m_2025-09_a_2026-08,837,756,81,2258,2026-08,3.720716582452917
2916906,BA,12m_2025-09_a_2026-08,117,194,-77,363,2026-08,-17.5
2917003,BA,12m_2025-09_a_2026-08,191,168,23,667,2026-08,3.571428571428571
2917102,BA,12m_2025-09_a_2026-08,335,529,-194,1491,2026-08,-11.513353115727003
2917201,BA,12m_2025-09_a_2026-08,248,192,56,593,2026-08,10.42830540037244
2917300,BA,12m_2025-09_a_2026-08,417,431,-14,1689,2026-08,-0.8220786846741044
2917334,BA,12m_2025-09_a_2026-08,55,71,-16,190,2026-08,-7.766990291262135
2917359,BA,12m_2025-09_a_2026-08,2909,2661,248,4077,2026-08,6.476886915643772
2917409,BA,12m_2025-09_a_2026-08,63,50,13,258,2026-08,5.3061224489795915
2917508,BA,12m_2025-09_a_2026-08,5005,4035,970,12273,2026-08,8.581792444483765
2917607,BA,12m_2025-09_a_2026-08,1199,1100,99,3233,2026-08,3.1589023611997447
2917706,BA,12m_2025-09_a_2026-08,3717,2267,1450,6532,2026-08,28.532073986619444
2917805,BA,12m_2025-09_a_2026-08,115,306,-191,376,2026-08,-33.68606701940035
2917904,BA,12m_2025-09_a_2026-08,223,262,-39,509,2026-08,-7.116788321167883
2918001,BA,12m_2025-09_a_2026-08,9730,9319,411,25356,2026-08,1.6476247745039085
2918100,BA,12m_2025-09_a_2026-08,630,483,147,1239,2026-08,13.461538461538462
2918209,BA,12m_2025-09_a_2026-08,88,67,21,249,2026-08,9.210526315789473
2918308,BA,12m_2025-09_a_2026-08,158,136,22,461,2026-08,5.0113895216400905
2918357,BA,12m_2025-09_a_2026-08,212,234,-22,662,2026-08,-3.216374269005848
2918407,BA,12m_2025-09_a_2026-08,22836,22331,505,40855,2026-08,1.2515489467162328
2918456,BA,12m_2025-09_a_2026-08,89,108,-19,290,2026-08,-6.148867313915858
2918506,BA,12m_2025-09_a_2026-08,51,50,1,170,2026-08,0.591715976331361
2918555,BA,12m_2025-09_a_2026-08,79,78,1,274,2026-08,0.3663003663003663
2918605,BA,12m_2025-09_a_2026-08,2361,441,1920,2263,2026-08,559.7667638483965
2918704,BA,12m_2025-09_a_2026-08,391,361,30,970,2026-08,3.1914893617021276
2918753,BA,12m_2025-09_a_2026-08,83,86,-3,260,2026-08,-1.1406844106463878
2918803,BA,12m_2025-09_a_2026-08,199,177,22,672,2026-08,3.3846153846153846
2918902,BA,12m_2025-09_a_2026-08,396,435,-39,567,2026-08,-6.435643564356436
2919009,BA,12m_2025-09_a_2026-08,151,97,54,198,2026-08,37.5
2919058,BA,12m_2025-09_a_2026-08,41,44,-3,117,2026-08,-2.5
2919108,BA,12m_2025-09_a_2026-08,23,32,-9,79,2026-08,-10.227272727272728
2919157,BA,12m_2025-09_a_2026-08,354,287,67,711,2026-08,10.403726708074535
2919207,BA,12m_2025-09_a_2026-08,61580,58529,3051,127372,2026-08,2.454130838715905
2919306,BA,12m_2025-09_a_2026-08,332,245,87,831,2026-08,11.693548387096774
2919405,BA,12m_2025-09_a_2026-08,334,401,-67,550,2026-08,-10.85899513776337
2919504,BA,12m_2025-09_a_2026-08,877,874,3,2687,2026-08,0.11177347242921014
2919553,BA,12m_2025-09_a_2026-08,29785,28882,903,39314,2026-08,2.3508890682356616
2919603,BA,12m_2025-09_a_2026-08,34,24,10,108,2026-08,10.204081632653061
2919702,BA,12m_2025-09_a_2026-08,356,381,-25,992,2026-08,-2.4582104228121926
2919801,BA,12m_2025-09_a_2026-08,666,474,192,1773,2026-08,12.144212523719165
2919900,BA,12m_2025-09_a_2026-08,16,19,-3,74,2026-08,-3.896103896103896
2919926,BA,12m_2025-09_a_2026-08,692,996,-304,1591,2026-08,-16.042216358839053
2919959,BA,12m_2025-09_a_2026-08,28,81,-53,109,2026-08,-32.71604938271605
2920007,BA,12m_2025-09_a_2026-08,244,261,-17,750,2026-08,-2.216427640156454
2920106,BA,12m_2025-09_a_2026-08,129,111,18,480,2026-08,3.896103896103896
2920205,BA,12m_2025-09_a_2026-08,154,272,-118,504,2026-08,-18.971061093247588
2920304,BA,12m_2025-09_a_2026-08,248,220,28,248,2026-08,12.727272727272727
2920403,BA,12m_2025-09_a_2026-08,146,175,-29,521,2026-08,-5.2727272727272725
2920452,BA,12m_2025-09_a_2026-08,13,18,-5,45,2026-08,-10
2920502,BA,12m_2025-09_a_2026-08,797,848,-51,2564,2026-08,-1.9502868068833654
2920601,BA,12m_2025-09_a_2026-08,856,450,406,1754,2026-08,30.118694362017806
2920700,BA,12m_2025-09_a_2026-08,970,1046,-76,1803,2026-08,-4.044704630122405
2920809,BA,12m_2025-09_a_2026-08,112,77,35,275,2026-08,14.583333333333334
2920908,BA,12m_2025-09_a_2026-08,298,317,-19,598,2026-08,-3.079416531604538
2921005,BA,12m_2025-09_a_2026-08,6538,6109,429,14822,2026-08,2.9806155770166054
2921054,BA,12m_2025-09_a_2026-08,45,24,21,92,2026-08,29.577464788732392
2921104,BA,12m_2025-09_a_2026-08,2145,2358,-213,4137,2026-08,-4.8965517241379315
2921203,BA,12m_2025-09_a_2026-08,512,368,144,2117,2026-08,7.298530157121136
2921302,BA,12m_2025-09_a_2026-08,254,322,-68,622,2026-08,-9.855072463768117
2921401,BA,12m_2025-09_a_2026-08,75,91,-16,301,2026-08,-5.047318611987381
2921450,BA,12m_2025-09_a_2026-08,45,45,0,102,2026-08,0
2921500,BA,12m_2025-09_a_2026-08,310,234,76,1072,2026-08,7.630522088353414
2921609,BA,12m_2025-09_a_2026-08,25,27,-2,82,2026-08,-2.380952380952381
2921708,BA,12m_2025-09_a_2026-08,701,679,22,1617,2026-08,1.3793103448275863
2921807,BA,12m_2025-09_a_2026-08,121,112,9,333,2026-08,2.7777777777777777
2921906,BA,12m_2025-09_a_2026-08,2474,3033,-559,3816,2026-08,-12.777142857142856
2922003,BA,12m_2025-09_a_2026-08,4835,4771,64,8166,2026-08,0.7899284127375956
2922052,BA,12m_2025-09_a_2026-08,96,75,21,195,2026-08,12.068965517241379
2922102,BA,12m_2025-09_a_2026-08,101,88,13,428,2026-08,3.132530120481928
2922201,BA,12m_2025-09_a_2026-08,58,53,5,178,2026-08,2.8901734104046244
2922250,BA,12m_2025-09_a_2026-08,412,449,-37,794,2026-08,-4.452466907340553
2922300,BA,12m_2025-09_a_2026-08,943,830,113,1971,2026-08,6.081808396124865
2922409,BA,12m_2025-09_a_2026-08,1064,625,439,2633,2026-08,20.00911577028259
2922508,BA,12m_2025-09_a_2026-08,837,717,120,1872,2026-08,6.8493150684931505
2922607,BA,12m_2025-09_a_2026-08,75,76,-1,277,2026-08,-0.3597122302158274
2922656,BA,12m_2025-09_a_2026-08,94,249,-155,183,2026-08,-45.857988165680474
2922706,BA,12m_2025-09_a_2026-08,138,106,32,478,2026-08,7.174887892376682
2922730,BA,12m_2025-09_a_2026-08,185,153,32,336,2026-08,10.526315789473683
2922755,BA,12m_2025-09_a_2026-08,59,55,4,149,2026-08,2.7586206896551726
2922805,BA,12m_2025-09_a_2026-08,114,92,22,183,2026-08,13.664596273291925
2922854,BA,12m_2025-09_a_2026-08,32,17,15,111,2026-08,15.625
2922904,BA,12m_2025-09_a_2026-08,458,306,152,1124,2026-08,15.637860082304528
2923001,BA,12m_2025-09_a_2026-08,2207,2625,-418,4082,2026-08,-9.288888888888888
2923035,BA,12m_2025-09_a_2026-08,54,47,7,71,2026-08,10.9375
2923050,BA,12m_2025-09_a_2026-08,19,19,0,63,2026-08,0
2923100,BA,12m_2025-09_a_2026-08,290,252,38,655,2026-08,6.158833063209076
2923209,BA,12m_2025-09_a_2026-08,2004,1257,747,2076,2026-08,56.20767494356659
2923308,BA,12m_2025-09_a_2026-08,61,69,-8,132,2026-08,-5.714285714285714
2923357,BA,12m_2025-09_a_2026-08,2856,1941,915,2647,2026-08,52.82909930715935
2923407,BA,12m_2025-09_a_2026-08,289,230,59,693,2026-08,9.305993690851736
2923506,BA,12m_2025-09_a_2026-08,179,223,-44,435,2026-08,-9.18580375782881
2923605,BA,12m_2025-09_a_2026-08,399,424,-25,1429,2026-08,-1.71939477303989
2923704,BA,12m_2025-09_a_2026-08,147,157,-10,545,2026-08,-1.8018018018018018
2923803,BA,12m_2025-09_a_2026-08,944,268,676,1739,2026-08,63.593603010348076
2923902,BA,12m_2025-09_a_2026-08,62,98,-36,201,2026-08,-15.18987341772152
2924009,BA,12m_2025-09_a_2026-08,5666,6044,-378,12847,2026-08,-2.8582230623818523
2924058,BA,12m_2025-09_a_2026-08,180,152,28,285,2026-08,10.894941634241246
2924108,BA,12m_2025-09_a_2026-08,67,50,17,156,2026-08,12.23021582733813
2924207,BA,12m_2025-09_a_2026-08,46,30,16,96,2026-08,20
2924306,BA,12m_2025-09_a_2026-08,359,345,14,831,2026-08,1.7135862913096693
2924405,BA,12m_2025-09_a_2026-08,111,80,31,361,2026-08,9.393939393939393
2924504,BA,12m_2025-09_a_2026-08,85,64,21,245,2026-08,9.375
2924603,BA,12m_2025-09_a_2026-08,173,142,31,423,2026-08,7.908163265306123
2924652,BA,12m_2025-09_a_2026-08,76,69,7,299,2026-08,2.3972602739726026
2924678,BA,12m_2025-09_a_2026-08,48,46,2,138,2026-08,1.4705882352941175
2924702,BA,12m_2025-09_a_2026-08,48,30,18,118,2026-08,18
2924801,BA,12m_2025-09_a_2026-08,218,151,67,514,2026-08,14.988814317673377
2924900,BA,12m_2025-09_a_2026-08,20,23,-3,80,2026-08,-3.614457831325301
2925006,BA,12m_2025-09_a_2026-08,868,887,-19,1694,2026-08,-1.1091652072387623
2925105,BA,12m_2025-09_a_2026-08,1227,1144,83,3061,2026-08,2.7871054398925454
2925204,BA,12m_2025-09_a_2026-08,2648,2799,-151,8038,2026-08,-1.8439369886433021
2925253,BA,12m_2025-09_a_2026-08,135,77,58,280,2026-08,26.126126126126124
2925303,BA,12m_2025-09_a_2026-08,26627,26548,79,36048,2026-08,0.21963357335483333
2925402,BA,12m_2025-09_a_2026-08,122,280,-158,353,2026-08,-30.919765166340508
2925501,BA,12m_2025-09_a_2026-08,2098,1957,141,3549,2026-08,4.137323943661972
2925600,BA,12m_2025-09_a_2026-08,97,102,-5,218,2026-08,-2.242152466367713
2925709,BA,12m_2025-09_a_2026-08,53,31,22,180,2026-08,13.924050632911392
2925758,BA,12m_2025-09_a_2026-08,463,499,-36,1187,2026-08,-2.9435813573180702
2925808,BA,12m_2025-09_a_2026-08,252,286,-34,678,2026-08,-4.775280898876404
2925907,BA,12m_2025-09_a_2026-08,134,124,10,300,2026-08,3.4482758620689653
2925931,BA,12m_2025-09_a_2026-08,72,60,12,168,2026-08,7.6923076923076925
2925956,BA,12m_2025-09_a_2026-08,209,143,66,671,2026-08,10.909090909090908
2926004,BA,12m_2025-09_a_2026-08,597,567,30,1777,2026-08,1.7172295363480254
2926103,BA,12m_2025-09_a_2026-08,202,185,17,649,2026-08,2.689873417721519
2926202,BA,12m_2025-09_a_2026-08,2450,2260,190,3109,2026-08,6.509078451524494
2926301,BA,12m_2025-09_a_2026-08,3703,2060,1643,5940,2026-08,38.23597858971375
2926400,BA,12m_2025-09_a_2026-08,313,289,24,668,2026-08,3.7267080745341614
2926509,BA,12m_2025-09_a_2026-08,1110,1126,-16,667,2026-08,-2.342606149341142
2926608,BA,12m_2025-09_a_2026-08,2050,1893,157,4977,2026-08,3.257261410788382
2926657,BA,12m_2025-09_a_2026-08,79,81,-2,285,2026-08,-0.6968641114982579
2926707,BA,12m_2025-09_a_2026-08,170,116,54,418,2026-08,14.835164835164836
2926806,BA,12m_2025-09_a_2026-08,68,59,9,201,2026-08,4.6875
2926905,BA,12m_2025-09_a_2026-08,88,74,14,234,2026-08,6.363636363636363
2927002,BA,12m_2025-09_a_2026-08,968,887,81,2461,2026-08,3.403361344537815
2927101,BA,12m_2025-09_a_2026-08,108,141,-33,213,2026-08,-13.414634146341465
2927200,BA,12m_2025-09_a_2026-08,1842,1183,659,4536,2026-08,16.99767861748775
2927309,BA,12m_2025-09_a_2026-08,236,200,36,473,2026-08,8.237986270022883
2927408,BA,12m_2025-09_a_2026-08,314346,287187,27159,685043,2026-08,4.128235372801284
2927507,BA,12m_2025-09_a_2026-08,146,231,-85,527,2026-08,-13.88888888888889
2927606,BA,12m_2025-09_a_2026-08,71,42,29,174,2026-08,20
2927705,BA,12m_2025-09_a_2026-08,3455,3198,257,4925,2026-08,5.505569837189374
2927804,BA,12m_2025-09_a_2026-08,80,51,29,253,2026-08,12.946428571428573
2927903,BA,12m_2025-09_a_2026-08,88,76,12,284,2026-08,4.411764705882353
2928000,BA,12m_2025-09_a_2026-08,1077,1022,55,3326,2026-08,1.681442983797004
2928059,BA,12m_2025-09_a_2026-08,176,182,-6,361,2026-08,-1.6348773841961852
2928109,BA,12m_2025-09_a_2026-08,1353,1440,-87,3629,2026-08,-2.3412271259418733
2928208,BA,12m_2025-09_a_2026-08,565,559,6,1946,2026-08,0.30927835051546393
2928307,BA,12m_2025-09_a_2026-08,78,108,-30,142,2026-08,-17.441860465116278
2928406,BA,12m_2025-09_a_2026-08,361,288,73,855,2026-08,9.335038363171355
2928505,BA,12m_2025-09_a_2026-08,200,220,-20,416,2026-08,-4.587155963302752
2928604,BA,12m_2025-09_a_2026-08,1584,2134,-550,4351,2026-08,-11.222199551112018
2928703,BA,12m_2025-09_a_2026-08,12068,11389,679,27447,2026-08,2.536610878661088
2928802,BA,12m_2025-09_a_2026-08,3277,3193,84,9845,2026-08,0.8605675647986887
2928901,BA,12m_2025-09_a_2026-08,7577,7202,375,10035,2026-08,3.881987577639751
2928950,BA,12m_2025-09_a_2026-08,134,114,20,202,2026-08,10.989010989010989
2929008,BA,12m_2025-09_a_2026-08,133,83,50,374,2026-08,15.432098765432098
2929057,BA,12m_2025-09_a_2026-08,782,671,111,2041,2026-08,5.751295336787565
2929107,BA,12m_2025-09_a_2026-08,292,239,53,918,2026-08,6.127167630057803
2929206,BA,12m_2025-09_a_2026-08,908,856,52,3462,2026-08,1.5249266862170088
2929255,BA,12m_2025-09_a_2026-08,150,145,5,306,2026-08,1.6611295681063125
2929305,BA,12m_2025-09_a_2026-08,3060,3014,46,8413,2026-08,0.5497788932711845
2929354,BA,12m_2025-09_a_2026-08,71,47,24,135,2026-08,21.62162162162162
2929370,BA,12m_2025-09_a_2026-08,342,242,100,595,2026-08,20.2020202020202
2929404,BA,12m_2025-09_a_2026-08,157,269,-112,386,2026-08,-22.48995983935743
2929503,BA,12m_2025-09_a_2026-08,1751,2042,-291,3876,2026-08,-6.983441324694025
2929602,BA,12m_2025-09_a_2026-08,975,992,-17,2286,2026-08,-0.7381676074685193
2929701,BA,12m_2025-09_a_2026-08,537,511,26,1385,2026-08,1.9131714495952907
2929750,BA,12m_2025-09_a_2026-08,167,132,35,198,2026-08,21.472392638036812
2929800,BA,12m_2025-09_a_2026-08,39,36,3,141,2026-08,2.1739130434782608
2929909,BA,12m_2025-09_a_2026-08,2344,1906,438,5044,2026-08,9.509335649153277
2930006,BA,12m_2025-09_a_2026-08,24,67,-43,159,2026-08,-21.287128712871286
2930105,BA,12m_2025-09_a_2026-08,3056,2703,353,7573,2026-08,4.889196675900277
2930154,BA,12m_2025-09_a_2026-08,493,450,43,1275,2026-08,3.49025974025974
2930204,BA,12m_2025-09_a_2026-08,1000,895,105,1509,2026-08,7.478632478632479
2930303,BA,12m_2025-09_a_2026-08,141,130,11,510,2026-08,2.2044088176352705
2930402,BA,12m_2025-09_a_2026-08,211,147,64,357,2026-08,21.843003412969285
2930501,BA,12m_2025-09_a_2026-08,5025,3930,1095,10352,2026-08,11.828886248244572
2930600,BA,12m_2025-09_a_2026-08,157,137,20,442,2026-08,4.739336492890995
2930709,BA,12m_2025-09_a_2026-08,22595,20870,1725,44748,2026-08,4.00948329963043
2930758,BA,12m_2025-09_a_2026-08,118,122,-4,344,2026-08,-1.1494252873563218
2930766,BA,12m_2025-09_a_2026-08,101,50,51,158,2026-08,47.66355140186916
2930774,BA,12m_2025-09_a_2026-08,707,687,20,1512,2026-08,1.3404825737265416
2930808,BA,12m_2025-09_a_2026-08,89,45,44,153,2026-08,40.36697247706422
2930907,BA,12m_2025-09_a_2026-08,216,256,-40,357,2026-08,-10.075566750629724
2931004,BA,12m_2025-09_a_2026-08,331,318,13,925,2026-08,1.425438596491228
2931053,BA,12m_2025-09_a_2026-08,110,88,22,485,2026-08,4.751619870410368
2931103,BA,12m_2025-09_a_2026-08,102,107,-5,238,2026-08,-2.05761316872428
2931202,BA,12m_2025-09_a_2026-08,228,216,12,510,2026-08,2.4096385542168677
2931301,BA,12m_2025-09_a_2026-08,87,103,-16,230,2026-08,-6.504065040650407
2931350,BA,12m_2025-09_a_2026-08,12682,12193,489,25563,2026-08,1.9502273271117494
2931400,BA,12m_2025-09_a_2026-08,212,194,18,547,2026-08,3.402646502835539
2931509,BA,12m_2025-09_a_2026-08,263,184,79,455,2026-08,21.01063829787234
2931608,BA,12m_2025-09_a_2026-08,113,88,25,283,2026-08,9.689922480620156
2931707,BA,12m_2025-09_a_2026-08,318,392,-74,1005,2026-08,-6.85820203892493
2931806,BA,12m_2025-09_a_2026-08,100,60,40,277,2026-08,16.877637130801688
2931905,BA,12m_2025-09_a_2026-08,859,609,250,1815,2026-08,15.974440894568689
2932002,BA,12m_2025-09_a_2026-08,230,253,-23,693,2026-08,-3.212290502793296
2932101,BA,12m_2025-09_a_2026-08,3143,777,2366,4089,2026-08,137.31863029599535
2932200,BA,12m_2025-09_a_2026-08,413,411,2,1437,2026-08,0.13937282229965156
2932309,BA,12m_2025-09_a_2026-08,360,291,69,1064,2026-08,6.934673366834171
2932408,BA,12m_2025-09_a_2026-08,213,1055,-842,453,2026-08,-65.01930501930502
2932457,BA,12m_2025-09_a_2026-08,257,239,18,396,2026-08,4.761904761904762
2932507,BA,12m_2025-09_a_2026-08,1021,908,113,2804,2026-08,4.199182460052025
2932606,BA,12m_2025-09_a_2026-08,204,266,-62,706,2026-08,-8.072916666666668
2932705,BA,12m_2025-09_a_2026-08,809,815,-6,1790,2026-08,-0.33407572383073497
2932804,BA,12m_2025-09_a_2026-08,1148,1115,33,1502,2026-08,2.24642614023145
2932903,BA,12m_2025-09_a_2026-08,5613,5016,597,11719,2026-08,5.367739615177126
2933000,BA,12m_2025-09_a_2026-08,1111,843,268,2698,2026-08,11.02880658436214
2933059,BA,12m_2025-09_a_2026-08,69,58,11,205,2026-08,5.670103092783505
2933109,BA,12m_2025-09_a_2026-08,357,300,57,890,2026-08,6.8427370948379345
2933158,BA,12m_2025-09_a_2026-08,188,103,85,624,2026-08,15.769944341372913
2933174,BA,12m_2025-09_a_2026-08,259,338,-79,725,2026-08,-9.82587064676617
2933208,BA,12m_2025-09_a_2026-08,1445,1336,109,3176,2026-08,3.5539615259210953
2933257,BA,12m_2025-09_a_2026-08,127,110,17,283,2026-08,6.390977443609022
2933307,BA,12m_2025-09_a_2026-08,41065,39217,1848,85595,2026-08,2.206646208222384
2933406,BA,12m_2025-09_a_2026-08,47,60,-13,198,2026-08,-6.161137440758294
2933455,BA,12m_2025-09_a_2026-08,208,188,20,438,2026-08,4.784688995215311
2933505,BA,12m_2025-09_a_2026-08,153,131,22,377,2026-08,6.197183098591549
2933604,BA,12m_2025-09_a_2026-08,686,603,83,1827,2026-08,4.759174311926605
3100104,MG,12m_2025-09_a_2026-08,311,397,-86,918,2026-08,-8.565737051792828
3100203,MG,12m_2025-09_a_2026-08,1673,1761,-88,3292,2026-08,-2.603550295857988
3100302,MG,12m_2025-09_a_2026-08,1116,973,143,1954,2026-08,7.8961899503037
3100401,MG,12m_2025-09_a_2026-08,107,116,-9,288,2026-08,-3.0303030303030303
3100500,MG,12m_2025-09_a_2026-08,113,101,12,270,2026-08,4.651162790697675
3100609,MG,12m_2025-09_a_2026-08,291,270,21,591,2026-08,3.684210526315789
3100708,MG,12m_2025-09_a_2026-08,225,195,30,452,2026-08,7.109004739336493
3100807,MG,12m_2025-09_a_2026-08,274,244,30,568,2026-08,5.5762081784386615
3100906,MG,12m_2025-09_a_2026-08,550,559,-9,1582,2026-08,-0.5656819610307983
3101003,MG,12m_2025-09_a_2026-08,560,378,182,1080,2026-08,20.26726057906459
3101102,MG,12m_2025-09_a_2026-08,2197,2274,-77,2438,2026-08,-3.0616302186878728
3101201,MG,12m_2025-09_a_2026-08,430,402,28,991,2026-08,2.907580477673936
3101300,MG,12m_2025-09_a_2026-08,82,79,3,189,2026-08,1.6129032258064515
3101409,MG,12m_2025-09_a_2026-08,252,193,59,325,2026-08,22.18045112781955
3101508,MG,12m_2025-09_a_2026-08,1599,1507,92,4522,2026-08,2.076749435665914
3101607,MG,12m_2025-09_a_2026-08,11934,11649,285,21871,2026-08,1.320300194570555
3101631,MG,12m_2025-09_a_2026-08,394,371,23,844,2026-08,2.8014616321559074
3101706,MG,12m_2025-09_a_2026-08,3346,2875,471,6652,2026-08,7.620126193172625
3101805,MG,12m_2025-09_a_2026-08,300,315,-15,576,2026-08,-2.5380710659898478
3101904,MG,12m_2025-09_a_2026-08,1554,1399,155,2770,2026-08,5.927342256214149
3102001,MG,12m_2025-09_a_2026-08,678,641,37,1290,2026-08,2.9529130087789306
3102050,MG,12m_2025-09_a_2026-08,334,296,38,410,2026-08,10.21505376344086
3102100,MG,12m_2025-09_a_2026-08,133,116,17,551,2026-08,3.1835205992509366
3102209,MG,12m_2025-09_a_2026-08,56,45,11,97,2026-08,12.790697674418606
3102308,MG,12m_2025-09_a_2026-08,566,561,5,2338,2026-08,0.21431633090441493
3102407,MG,12m_2025-09_a_2026-08,66,68,-2,191,2026-08,-1.0362694300518136
3102506,MG,12m_2025-09_a_2026-08,86,79,7,221,2026-08,3.2710280373831773
3102605,MG,12m_2025-09_a_2026-08,4998,5160,-162,10199,2026-08,-1.5635556413473604
3102704,MG,12m_2025-09_a_2026-08,68,74,-6,247,2026-08,-2.371541501976284
3102803,MG,12m_2025-09_a_2026-08,655,550,105,1535,2026-08,7.3426573426573425
3102852,MG,12m_2025-09_a_2026-08,426,353,73,745,2026-08,10.863095238095239
3102902,MG,12m_2025-09_a_2026-08,667,724,-57,1514,2026-08,-3.6282622533418207
3103009,MG,12m_2025-09_a_2026-08,858,799,59,2329,2026-08,2.5991189427312777
3103108,MG,12m_2025-09_a_2026-08,13,7,6,43,2026-08,16.216216216216218
3103207,MG,12m_2025-09_a_2026-08,75,74,1,276,2026-08,0.36363636363636365
3103306,MG,12m_2025-09_a_2026-08,49,37,12,61,2026-08,24.489795918367346
3103405,MG,12m_2025-09_a_2026-08,2325,2108,217,5083,2026-08,4.459515002055077
3103504,MG,12m_2025-09_a_2026-08,18963,18658,305,30272,2026-08,1.0177862315213402
3103603,MG,12m_2025-09_a_2026-08,138,134,4,222,2026-08,1.834862385321101
3103702,MG,12m_2025-09_a_2026-08,144,137,7,254,2026-08,2.834008097165992
3103751,MG,12m_2025-09_a_2026-08,1548,1600,-52,2735,2026-08,-1.8658055256548258
3103801,MG,12m_2025-09_a_2026-08,234,233,1,572,2026-08,0.17513134851138354
3103900,MG,12m_2025-09_a_2026-08,790,837,-47,1495,2026-08,-3.04798962386511
3104007,MG,12m_2025-09_a_2026-08,23133,20442,2691,34084,2026-08,8.571974644028924
3104106,MG,12m_2025-09_a_2026-08,958,948,10,2263,2026-08,0.4438526409232135
3104205,MG,12m_2025-09_a_2026-08,8264,8264,0,13998,2026-08,0
3104304,MG,12m_2025-09_a_2026-08,900,1041,-141,1676,2026-08,-7.760044028618602
3104403,MG,12m_2025-09_a_2026-08,114,100,14,254,2026-08,5.833333333333333
3104452,MG,12m_2025-09_a_2026-08,35,33,2,114,2026-08,1.7857142857142856
3104502,MG,12m_2025-09_a_2026-08,909,1640,-731,1810,2026-08,-28.768201495474223
3104601,MG,12m_2025-09_a_2026-08,1247,1408,-161,3153,2026-08,-4.858177429088715
3104700,MG,12m_2025-09_a_2026-08,275,286,-11,779,2026-08,-1.3924050632911391
3104809,MG,12m_2025-09_a_2026-08,388,372,16,554,2026-08,2.973977695167286
3104908,MG,12m_2025-09_a_2026-08,1461,1337,124,3565,2026-08,3.6036036036036037
3105004,MG,12m_2025-09_a_2026-08,440,430,10,825,2026-08,1.2269938650306749
3105103,MG,12m_2025-09_a_2026-08,1901,1916,-15,4381,2026-08,-0.34121929026387626
3105202,MG,12m_2025-09_a_2026-08,24,25,-1,120,2026-08,-0.8264462809917356
3105301,MG,12m_2025-09_a_2026-08,395,422,-27,662,2026-08,-3.9187227866473147
3105400,MG,12m_2025-09_a_2026-08,6060,6260,-200,8441,2026-08,-2.3145469274389536
3105509,MG,12m_2025-09_a_2026-08,45,57,-12,207,2026-08,-5.47945205479452
3105608,MG,12m_2025-09_a_2026-08,11818,11816,2,26798,2026-08,0.007463800567248842
3105707,MG,12m_2025-09_a_2026-08,100,150,-50,304,2026-08,-14.124293785310735
3105905,MG,12m_2025-09_a_2026-08,1666,1568,98,3477,2026-08,2.9002663509914175
3106002,MG,12m_2025-09_a_2026-08,535,611,-76,1542,2026-08,-4.697156983930779
3106101,MG,12m_2025-09_a_2026-08,142,119,23,512,2026-08,4.703476482617587
3106200,MG,12m_2025-09_a_2026-08,579064,571875,7189,1023842,2026-08,0.7071242597031633
3106309,MG,12m_2025-09_a_2026-08,3979,4122,-143,7681,2026-08,-1.8277096114519429
3106408,MG,12m_2025-09_a_2026-08,242,258,-16,707,2026-08,-2.2130013831258646
3106507,MG,12m_2025-09_a_2026-08,104,119,-15,283,2026-08,-5.033557046979865
3106606,MG,12m_2025-09_a_2026-08,34,26,8,95,2026-08,9.195402298850574
3106655,MG,12m_2025-09_a_2026-08,113,117,-4,244,2026-08,-1.6129032258064515
3106705,MG,12m_2025-09_a_2026-08,81248,74048,7200,135908,2026-08,5.594057867420829
3106804,MG,12m_2025-09_a_2026-08,34,32,2,85,2026-08,2.4096385542168677
3106903,MG,12m_2025-09_a_2026-08,857,909,-52,2286,2026-08,-2.2241231822070144
3107000,MG,12m_2025-09_a_2026-08,59,66,-7,133,2026-08,-5
3107109,MG,12m_2025-09_a_2026-08,4760,4539,221,8589,2026-08,2.641013384321224
3107208,MG,12m_2025-09_a_2026-08,142,134,8,376,2026-08,2.1739130434782608
3107307,MG,12m_2025-09_a_2026-08,3632,3633,-1,8643,2026-08,-0.01156871818602499
3107406,MG,12m_2025-09_a_2026-08,6500,6597,-97,11633,2026-08,-0.8269394714407503
3107505,MG,12m_2025-09_a_2026-08,363,344,19,948,2026-08,2.045209903121636
3107604,MG,12m_2025-09_a_2026-08,198,180,18,342,2026-08,5.555555555555555
3107703,MG,12m_2025-09_a_2026-08,525,481,44,1155,2026-08,3.9603960396039604
3107802,MG,12m_2025-09_a_2026-08,715,649,66,1105,2026-08,6.352261790182869
3107901,MG,12m_2025-09_a_2026-08,398,405,-7,701,2026-08,-0.9887005649717515
3108008,MG,12m_2025-09_a_2026-08,1079,963,116,2535,2026-08,4.795369987598181
3108107,MG,12m_2025-09_a_2026-08,184,225,-41,428,2026-08,-8.742004264392325
3108206,MG,12m_2025-09_a_2026-08,554,472,82,995,2026-08,8.981380065717415
3108255,MG,12m_2025-09_a_2026-08,91,115,-24,202,2026-08,-10.619469026548673
3108305,MG,12m_2025-09_a_2026-08,1341,1341,0,2514,2026-08,0
3108404,MG,12m_2025-09_a_2026-08,1222,1207,15,2198,2026-08,0.6871278057718736
3108503,MG,12m_2025-09_a_2026-08,132,216,-84,246,2026-08,-25.454545454545453
3108552,MG,12m_2025-09_a_2026-08,1148,1100,48,1964,2026-08,2.5052192066805845
3108602,MG,12m_2025-09_a_2026-08,709,724,-15,1898,2026-08,-0.7841087297438577
3108701,MG,12m_2025-09_a_2026-08,139,107,32,240,2026-08,15.384615384615385
3108800,MG,12m_2025-09_a_2026-08,54,47,7,147,2026-08,5
3108909,MG,12m_2025-09_a_2026-08,622,607,15,1507,2026-08,1.0053619302949062
3109006,MG,12m_2025-09_a_2026-08,6314,6761,-447,10607,2026-08,-4.043785055183644
3109105,MG,12m_2025-09_a_2026-08,349,351,-2,796,2026-08,-0.2506265664160401
3109204,MG,12m_2025-09_a_2026-08,361,332,29,691,2026-08,4.380664652567976
3109253,MG,12m_2025-09_a_2026-08,59,75,-16,102,2026-08,-13.559322033898304
3109303,MG,12m_2025-09_a_2026-08,2706,2502,204,4494,2026-08,4.755244755244755
3109402,MG,12m_2025-09_a_2026-08,2166,2188,-22,3653,2026-08,-0.5986394557823129
3109451,MG,12m_2025-09_a_2026-08,411,346,65,679,2026-08,10.586319218241043
3109501,MG,12m_2025-09_a_2026-08,1331,1389,-58,1699,2026-08,-3.3010813887307915
3109600,MG,12m_2025-09_a_2026-08,122,128,-6,346,2026-08,-1.7045454545454544
3109709,MG,12m_2025-09_a_2026-08,663,747,-84,1786,2026-08,-4.491978609625669
3109808,MG,12m_2025-09_a_2026-08,324,327,-3,243,2026-08,-1.2195121951219512
3109907,MG,12m_2025-09_a_2026-08,895,1170,-275,1893,2026-08,-12.68450184501845
3110004,MG,12m_2025-09_a_2026-08,3092,2885,207,5100,2026-08,4.230533415082771
3110103,MG,12m_2025-09_a_2026-08,126,99,27,241,2026-08,12.616822429906541
3110202,MG,12m_2025-09_a_2026-08,225,216,9,511,2026-08,1.7928286852589643
3110301,MG,12m_2025-09_a_2026-08,839,815,24,1966,2026-08,1.235839340885685
3110400,MG,12m_2025-09_a_2026-08,33,32,1,101,2026-08,1
3110509,MG,12m_2025-09_a_2026-08,4005,3962,43,6478,2026-08,0.6682206682206682
3110608,MG,12m_2025-09_a_2026-08,3910,4167,-257,6864,2026-08,-3.6090436736413425
3110707,MG,12m_2025-09_a_2026-08,767,630,137,1556,2026-08,9.654686398872446
3110806,MG,12m_2025-09_a_2026-08,69,59,10,187,2026-08,5.649717514124294
3110905,MG,12m_2025-09_a_2026-08,1847,1753,94,3442,2026-08,2.807646356033453
3111002,MG,12m_2025-09_a_2026-08,1954,1905,49,2506,2026-08,1.9943019943019942
3111101,MG,12m_2025-09_a_2026-08,2128,2088,40,3829,2026-08,1.0556875164951174
3111150,MG,12m_2025-09_a_2026-08,20,10,10,52,2026-08,23.809523809523807
3111200,MG,12m_2025-09_a_2026-08,6281,6156,125,12583,2026-08,1.0033713276609406
3111309,MG,12m_2025-09_a_2026-08,954,923,31,1691,2026-08,1.8674698795180724
3111408,MG,12m_2025-09_a_2026-08,1194,1215,-21,2930,2026-08,-0.711623178583531
3111507,MG,12m_2025-09_a_2026-08,3549,3333,216,2825,2026-08,8.279034112686853
3111606,MG,12m_2025-09_a_2026-08,2437,2389,48,4082,2026-08,1.189885969261279
3111705,MG,12m_2025-09_a_2026-08,65,84,-19,191,2026-08,-9.047619047619047
3111804,MG,12m_2025-09_a_2026-08,1039,962,77,2803,2026-08,2.8246515040352165
3111903,MG,12m_2025-09_a_2026-08,241,265,-24,548,2026-08,-4.195804195804196
3112000,MG,12m_2025-09_a_2026-08,1135,1089,46,2465,2026-08,1.901612236461348
3112059,MG,12m_2025-09_a_2026-08,76,83,-7,232,2026-08,-2.928870292887029
3112109,MG,12m_2025-09_a_2026-08,202,186,16,386,2026-08,4.324324324324325
3112208,MG,12m_2025-09_a_2026-08,89,66,23,249,2026-08,10.176991150442479
3112307,MG,12m_2025-09_a_2026-08,6652,8247,-1595,9706,2026-08,-14.113795239359348
3112406,MG,12m_2025-09_a_2026-08,1006,1022,-16,1218,2026-08,-1.2965964343598055
3112505,MG,12m_2025-09_a_2026-08,646,628,18,947,2026-08,1.9375672766415502
3112604,MG,12m_2025-09_a_2026-08,2300,2254,46,3985,2026-08,1.1678090886011678
3112653,MG,12m_2025-09_a_2026-08,81,76,5,186,2026-08,2.7624309392265194
3112703,MG,12m_2025-09_a_2026-08,921,740,181,2272,2026-08,8.656145384983262
3112802,MG,12m_2025-09_a_2026-08,2030,1800,230,3390,2026-08,7.2784810126582276
3112901,MG,12m_2025-09_a_2026-08,182,220,-38,321,2026-08,-10.584958217270195
3113008,MG,12m_2025-09_a_2026-08,253,164,89,534,2026-08,20
3113107,MG,12m_2025-09_a_2026-08,17,22,-5,89,2026-08,-5.319148936170213
3113206,MG,12m_2025-09_a_2026-08,2058,1861,197,3666,2026-08,5.6788699913519745
3113305,MG,12m_2025-09_a_2026-08,1983,1972,11,4524,2026-08,0.2437403057832927
3113404,MG,12m_2025-09_a_2026-08,11265,11519,-254,19743,2026-08,-1.270190528579287
3113503,MG,12m_2025-09_a_2026-08,525,498,27,1583,2026-08,1.7352185089974295
3113602,MG,12m_2025-09_a_2026-08,747,710,37,912,2026-08,4.228571428571429
3113701,MG,12m_2025-09_a_2026-08,1264,1320,-56,2914,2026-08,-1.8855218855218854
3113800,MG,12m_2025-09_a_2026-08,38,37,1,135,2026-08,0.7462686567164178
3113909,MG,12m_2025-09_a_2026-08,1884,1581,303,3267,2026-08,10.222672064777328
3114006,MG,12m_2025-09_a_2026-08,865,927,-62,2256,2026-08,-2.6747195858498705
3114105,MG,12m_2025-09_a_2026-08,1322,1255,67,2662,2026-08,2.581888246628131
3114204,MG,12m_2025-09_a_2026-08,3308,3171,137,5538,2026-08,2.5365673023514166
3114303,MG,12m_2025-09_a_2026-08,2723,2460,263,5144,2026-08,5.388240114730588
3114402,MG,12m_2025-09_a_2026-08,2178,2140,38,3734,2026-08,1.0281385281385282
3114501,MG,12m_2025-09_a_2026-08,1941,1798,143,3745,2026-08,3.9700166574125486
3114550,MG,12m_2025-09_a_2026-08,828,734,94,2807,2026-08,3.4647991153704387
3114600,MG,12m_2025-09_a_2026-08,236,276,-40,617,2026-08,-6.0882800608828
3114709,MG,12m_2025-09_a_2026-08,93,94,-1,194,2026-08,-0.5128205128205128
3114808,MG,12m_2025-09_a_2026-08,90,106,-16,333,2026-08,-4.584527220630372
3114907,MG,12m_2025-09_a_2026-08,47,45,2,154,2026-08,1.3157894736842104
3115003,MG,12m_2025-09_a_2026-08,369,631,-262,429,2026-08,-37.91606367583213
3115102,MG,12m_2025-09_a_2026-08,1458,1407,51,3398,2026-08,1.5237526142814461
3115201,MG,12m_2025-09_a_2026-08,58,53,5,189,2026-08,2.717391304347826
3115300,MG,12m_2025-09_a_2026-08,5374,5245,129,17570,2026-08,0.7396364887334442
3115359,MG,12m_2025-09_a_2026-08,424,493,-69,1255,2026-08,-5.211480362537765
3115409,MG,12m_2025-09_a_2026-08,39,41,-2,88,2026-08,-2.2222222222222223
3115458,MG,12m_2025-09_a_2026-08,184,190,-6,453,2026-08,-1.3071895424836601
3115474,MG,12m_2025-09_a_2026-08,26,17,9,78,2026-08,13.043478260869565
3115508,MG,12m_2025-09_a_2026-08,1236,1232,4,3167,2026-08,0.12646221941195068
3115607,MG,12m_2025-09_a_2026-08,16,18,-2,44,2026-08,-4.3478260869565215
3115706,MG,12m_2025-09_a_2026-08,144,136,8,365,2026-08,2.2408963585434174
3115805,MG,12m_2025-09_a_2026-08,484,423,61,987,2026-08,6.587473002159827
3115904,MG,12m_2025-09_a_2026-08,167,148,19,260,2026-08,7.883817427385892
3116001,MG,12m_2025-09_a_2026-08,74,64,10,189,2026-08,5.58659217877095
3116100,MG,12m_2025-09_a_2026-08,53,72,-19,157,2026-08,-10.795454545454545
3116159,MG,12m_2025-09_a_2026-08,507,500,7,1140,2026-08,0.617828773168579
3116209,MG,12m_2025-09_a_2026-08,19,38,-19,137,2026-08,-12.179487179487179
3116308,MG,12m_2025-09_a_2026-08,184,160,24,295,2026-08,8.856088560885608
3116407,MG,12m_2025-09_a_2026-08,401,372,29,759,2026-08,3.9726027397260277
3116506,MG,12m_2025-09_a_2026-08,209,170,39,421,2026-08,10.209424083769633
3116605,MG,12m_2025-09_a_2026-08,6439,6686,-247,11304,2026-08,-2.138343000606008
3116704,MG,12m_2025-09_a_2026-08,412,402,10,887,2026-08,1.1402508551881414
3116803,MG,12m_2025-09_a_2026-08,134,136,-2,372,2026-08,-0.53475935828877
3116902,MG,12m_2025-09_a_2026-08,4187,3977,210,3115,2026-08,7.228915662650602
3117009,MG,12m_2025-09_a_2026-08,36,28,8,112,2026-08,7.6923076923076925
3117108,MG,12m_2025-09_a_2026-08,964,872,92,1252,2026-08,7.931034482758621
3117207,MG,12m_2025-09_a_2026-08,79,85,-6,85,2026-08,-6.593406593406594
3117306,MG,12m_2025-09_a_2026-08,3223,3120,103,6726,2026-08,1.5551864713875887
3117405,MG,12m_2025-09_a_2026-08,23,37,-14,194,2026-08,-6.730769230769231
3117504,MG,12m_2025-09_a_2026-08,4906,6407,-1501,9237,2026-08,-13.978394486869064
3117603,MG,12m_2025-09_a_2026-08,604,696,-92,1745,2026-08,-5.008165487207403
3117702,MG,12m_2025-09_a_2026-08,1004,951,53,2166,2026-08,2.5082820634169427
3117801,MG,12m_2025-09_a_2026-08,953,1150,-197,1967,2026-08,-9.10351201478743
3117836,MG,12m_2025-09_a_2026-08,24,25,-1,87,2026-08,-1.1363636363636365
3117876,MG,12m_2025-09_a_2026-08,4060,3750,310,6788,2026-08,4.785427601111454
3117900,MG,12m_2025-09_a_2026-08,745,682,63,1426,2026-08,4.622157006603081
3118007,MG,12m_2025-09_a_2026-08,12741,11184,1557,21446,2026-08,7.828447885766002
3118106,MG,12m_2025-09_a_2026-08,53,49,4,141,2026-08,2.9197080291970803
3118205,MG,12m_2025-09_a_2026-08,244,260,-16,709,2026-08,-2.206896551724138
3118304,MG,12m_2025-09_a_2026-08,13557,13750,-193,24035,2026-08,-0.7965989763909526
3118403,MG,12m_2025-09_a_2026-08,1009,909,100,2012,2026-08,5.230125523012552
3118502,MG,12m_2025-09_a_2026-08,53,61,-8,87,2026-08,-8.421052631578947
3118601,MG,12m_2025-09_a_2026-08,143321,138866,4455,223486,2026-08,2.033958663385548
3118700,MG,12m_2025-09_a_2026-08,659,722,-63,1302,2026-08,-4.615384615384616
3118809,MG,12m_2025-09_a_2026-08,413,395,18,1110,2026-08,1.6483516483516485
3118908,MG,12m_2025-09_a_2026-08,358,316,42,773,2026-08,5.745554035567715
3119005,MG,12m_2025-09_a_2026-08,169,171,-2,319,2026-08,-0.6230529595015576
3119104,MG,12m_2025-09_a_2026-08,1401,1404,-3,2941,2026-08,-0.10190217391304347
3119203,MG,12m_2025-09_a_2026-08,135,123,12,279,2026-08,4.49438202247191
3119302,MG,12m_2025-09_a_2026-08,3348,3225,123,6166,2026-08,2.0354128744001323
3119401,MG,12m_2025-09_a_2026-08,10211,9915,296,17295,2026-08,1.7412788987587506
3119500,MG,12m_2025-09_a_2026-08,98,110,-12,330,2026-08,-3.508771929824561
3119609,MG,12m_2025-09_a_2026-08,153,204,-51,357,2026-08,-12.5
3119708,MG,12m_2025-09_a_2026-08,285,261,24,634,2026-08,3.934426229508197
3119807,MG,12m_2025-09_a_2026-08,812,718,94,709,2026-08,15.284552845528454
3119906,MG,12m_2025-09_a_2026-08,107,95,12,341,2026-08,3.64741641337386
3119955,MG,12m_2025-09_a_2026-08,1067,794,273,1801,2026-08,17.86649214659686
3120003,MG,12m_2025-09_a_2026-08,20,49,-29,93,2026-08,-23.770491803278688
3120102,MG,12m_2025-09_a_2026-08,134,132,2,330,2026-08,0.6097560975609756
3120151,MG,12m_2025-09_a_2026-08,77,68,9,195,2026-08,4.838709677419355
3120201,MG,12m_2025-09_a_2026-08,1607,1673,-66,2853,2026-08,-2.2610483042137717
3120300,MG,12m_2025-09_a_2026-08,104,87,17,274,2026-08,6.614785992217899
3120409,MG,12m_2025-09_a_2026-08,304,325,-21,605,2026-08,-3.3546325878594248
3120508,MG,12m_2025-09_a_2026-08,580,585,-5,1516,2026-08,-0.3287310979618672
3120607,MG,12m_2025-09_a_2026-08,256,188,68,554,2026-08,13.991769547325102
3120706,MG,12m_2025-09_a_2026-08,330,368,-38,538,2026-08,-6.597222222222222
3120805,MG,12m_2025-09_a_2026-08,1157,1105,52,2710,2026-08,1.9563581640331076
3120839,MG,12m_2025-09_a_2026-08,103,89,14,226,2026-08,6.60377358490566
3120870,MG,12m_2025-09_a_2026-08,146,198,-52,360,2026-08,-12.62135922330097
3120904,MG,12m_2025-09_a_2026-08,11667,11668,-1,20779,2026-08,-0.004812319538017324
3121001,MG,12m_2025-09_a_2026-08,141,144,-3,326,2026-08,-0.911854103343465
3121100,MG,12m_2025-09_a_2026-08,218,216,2,676,2026-08,0.2967359050445104
3121209,MG,12m_2025-09_a_2026-08,1140,1187,-47,2369,2026-08,-1.9453642384105958
3121258,MG,12m_2025-09_a_2026-08,1733,1866,-133,4291,2026-08,-3.0063291139240507
3121308,MG,12m_2025-09_a_2026-08,287,347,-60,736,2026-08,-7.537688442211055
3121407,MG,12m_2025-09_a_2026-08,216,191,25,660,2026-08,3.937007874015748
3121506,MG,12m_2025-09_a_2026-08,46,41,5,136,2026-08,3.816793893129771
3121605,MG,12m_2025-09_a_2026-08,3897,3739,158,8952,2026-08,1.7966795542415284
3121704,MG,12m_2025-09_a_2026-08,44,45,-1,110,2026-08,-0.9009009009009009
3121803,MG,12m_2025-09_a_2026-08,135,290,-155,378,2026-08,-29.080675422138835
3121902,MG,12m_2025-09_a_2026-08,296,197,99,468,2026-08,26.82926829268293
3122009,MG,12m_2025-09_a_2026-08,1194,1034,160,1839,2026-08,9.529481834425253
3122108,MG,12m_2025-09_a_2026-08,74,73,1,162,2026-08,0.6211180124223602
3122207,MG,12m_2025-09_a_2026-08,170,157,13,360,2026-08,3.7463976945244957
3122306,MG,12m_2025-09_a_2026-08,35984,36412,-428,61904,2026-08,-0.686645703651415
3122355,MG,12m_2025-09_a_2026-08,187,180,7,543,2026-08,1.3059701492537312
3122405,MG,12m_2025-09_a_2026-08,470,405,65,678,2026-08,10.60358890701468
3122454,MG,12m_2025-09_a_2026-08,152,152,0,408,2026-08,0
3122470,MG,12m_2025-09_a_2026-08,73,104,-31,178,2026-08,-14.832535885167463
3122504,MG,12m_2025-09_a_2026-08,163,162,1,355,2026-08,0.2824858757062147
3122603,MG,12m_2025-09_a_2026-08,243,221,22,348,2026-08,6.748466257668712
3122702,MG,12m_2025-09_a_2026-08,253,284,-31,779,2026-08,-3.8271604938271606
3122801,MG,12m_2025-09_a_2026-08,71,77,-6,162,2026-08,-3.571428571428571
3122900,MG,12m_2025-09_a_2026-08,676,611,65,1272,2026-08,5.385252692626347
3123007,MG,12m_2025-09_a_2026-08,1086,1002,84,3154,2026-08,2.736156351791531
3123106,MG,12m_2025-09_a_2026-08,71,96,-25,345,2026-08,-6.756756756756757
3123205,MG,12m_2025-09_a_2026-08,1024,923,101,1897,2026-08,5.6236080178173715
3123304,MG,12m_2025-09_a_2026-08,73,69,4,222,2026-08,1.834862385321101
3123403,MG,12m_2025-09_a_2026-08,52,36,16,147,2026-08,12.213740458015266
3123502,MG,12m_2025-09_a_2026-08,36,39,-3,124,2026-08,-2.3622047244094486
3123528,MG,12m_2025-09_a_2026-08,93,106,-13,183,2026-08,-6.63265306122449
3123601,MG,12m_2025-09_a_2026-08,3378,3220,158,5802,2026-08,2.799433026222537
3123700,MG,12m_2025-09_a_2026-08,460,489,-29,934,2026-08,-3.011422637590862
3123809,MG,12m_2025-09_a_2026-08,279,193,86,571,2026-08,17.7319587628866
3123858,MG,12m_2025-09_a_2026-08,84,89,-5,214,2026-08,-2.28310502283105
3123908,MG,12m_2025-09_a_2026-08,801,712,89,1936,2026-08,4.818624796968057
3124005,MG,12m_2025-09_a_2026-08,1039,952,87,2165,2026-08,4.186717998075072
3124104,MG,12m_2025-09_a_2026-08,3393,3505,-112,6687,2026-08,-1.6473010736873068
3124203,MG,12m_2025-09_a_2026-08,1956,1787,169,3413,2026-08,5.209617755856967
3124302,MG,12m_2025-09_a_2026-08,990,1043,-53,2251,2026-08,-2.3003472222222223
3124401,MG,12m_2025-09_a_2026-08,240,226,14,451,2026-08,3.203661327231121
3124500,MG,12m_2025-09_a_2026-08,904,815,89,2178,2026-08,4.260411680229775
3124609,MG,12m_2025-09_a_2026-08,61,43,18,184,2026-08,10.843373493975903
3124708,MG,12m_2025-09_a_2026-08,100,115,-15,273,2026-08,-5.208333333333334
3124807,MG,12m_2025-09_a_2026-08,449,431,18,826,2026-08,2.2277227722772275
3124906,MG,12m_2025-09_a_2026-08,559,470,89,1246,2026-08,7.6923076923076925
3125002,MG,12m_2025-09_a_2026-08,191,204,-13,452,2026-08,-2.795698924731183
3125101,MG,12m_2025-09_a_2026-08,38644,36097,2547,42704,2026-08,6.3426052742983785
3125200,MG,12m_2025-09_a_2026-08,126,142,-16,238,2026-08,-6.299212598425196
3125309,MG,12m_2025-09_a_2026-08,77,104,-27,260,2026-08,-9.40766550522648
3125408,MG,12m_2025-09_a_2026-08,113,101,12,294,2026-08,4.25531914893617
3125507,MG,12m_2025-09_a_2026-08,71,52,19,169,2026-08,12.666666666666668
3125606,MG,12m_2025-09_a_2026-08,84,65,19,267,2026-08,7.661290322580645
3125705,MG,12m_2025-09_a_2026-08,962,1159,-197,1893,2026-08,-9.425837320574162
3125804,MG,12m_2025-09_a_2026-08,62,59,3,172,2026-08,1.7751479289940828
3125903,MG,12m_2025-09_a_2026-08,201,214,-13,647,2026-08,-1.9696969696969695
3125952,MG,12m_2025-09_a_2026-08,300,250,50,515,2026-08,10.75268817204301
3126000,MG,12m_2025-09_a_2026-08,724,664,60,1222,2026-08,5.163511187607573
3126109,MG,12m_2025-09_a_2026-08,11096,10876,220,23438,2026-08,0.9475407011801188
3126208,MG,12m_2025-09_a_2026-08,451,382,69,834,2026-08,9.019607843137255
3126307,MG,12m_2025-09_a_2026-08,198,167,31,362,2026-08,9.365558912386707
3126406,MG,12m_2025-09_a_2026-08,131,141,-10,309,2026-08,-3.1347962382445136
3126505,MG,12m_2025-09_a_2026-08,57,64,-7,194,2026-08,-3.482587064676617
3126604,MG,12m_2025-09_a_2026-08,863,1007,-144,795,2026-08,-15.335463258785943
3126703,MG,12m_2025-09_a_2026-08,665,665,0,1749,2026-08,0
3126752,MG,12m_2025-09_a_2026-08,126,98,28,316,2026-08,9.722222222222223
3126802,MG,12m_2025-09_a_2026-08,71,68,3,258,2026-08,1.1764705882352942
3126901,MG,12m_2025-09_a_2026-08,289,308,-19,724,2026-08,-2.557200538358008
3126950,MG,12m_2025-09_a_2026-08,15,14,1,34,2026-08,3.0303030303030303
3127008,MG,12m_2025-09_a_2026-08,1129,1126,3,1406,2026-08,0.21382751247327159
3127057,MG,12m_2025-09_a_2026-08,47,40,7,96,2026-08,7.865168539325842
3127073,MG,12m_2025-09_a_2026-08,75,58,17,104,2026-08,19.54022988505747
3127107,MG,12m_2025-09_a_2026-08,10102,9583,519,16720,2026-08,3.203505956422443
3127206,MG,12m_2025-09_a_2026-08,536,547,-11,917,2026-08,-1.1853448275862069
3127305,MG,12m_2025-09_a_2026-08,302,305,-3,523,2026-08,-0.5703422053231939
3127339,MG,12m_2025-09_a_2026-08,14,13,1,77,2026-08,1.3157894736842104
3127354,MG,12m_2025-09_a_2026-08,69,50,19,163,2026-08,13.194444444444445
3127370,MG,12m_2025-09_a_2026-08,103,68,35,182,2026-08,23.809523809523807
3127388,MG,12m_2025-09_a_2026-08,213,175,38,502,2026-08,8.189655172413794
3127404,MG,12m_2025-09_a_2026-08,217,239,-22,464,2026-08,-4.526748971193416
3127503,MG,12m_2025-09_a_2026-08,194,151,43,324,2026-08,15.302491103202847
3127602,MG,12m_2025-09_a_2026-08,508,443,65,1538,2026-08,4.412763068567549
3127701,MG,12m_2025-09_a_2026-08,31863,30899,964,55840,2026-08,1.7566878052336174
3127800,MG,12m_2025-09_a_2026-08,499,532,-33,1266,2026-08,-2.5404157043879905
3127909,MG,12m_2025-09_a_2026-08,17,27,-10,114,2026-08,-8.064516129032258
3128006,MG,12m_2025-09_a_2026-08,3184,3273,-89,7170,2026-08,-1.2260641961702714
3128105,MG,12m_2025-09_a_2026-08,959,1000,-41,1769,2026-08,-2.2651933701657456
3128204,MG,12m_2025-09_a_2026-08,1542,961,581,2949,2026-08,24.535472972972975
3128253,MG,12m_2025-09_a_2026-08,38,42,-4,123,2026-08,-3.149606299212598
3128303,MG,12m_2025-09_a_2026-08,2997,2964,33,5744,2026-08,0.5778322535457888
3128402,MG,12m_2025-09_a_2026-08,390,426,-36,1104,2026-08,-3.1578947368421053
3128501,MG,12m_2025-09_a_2026-08,176,211,-35,371,2026-08,-8.620689655172415
3128600,MG,12m_2025-09_a_2026-08,1350,1417,-67,1883,2026-08,-3.4358974358974357
3128709,MG,12m_2025-09_a_2026-08,7350,7286,64,14551,2026-08,0.4417753848277767
3128808,MG,12m_2025-09_a_2026-08,576,619,-43,1008,2026-08,-4.0913415794481445
3128907,MG,12m_2025-09_a_2026-08,579,553,26,961,2026-08,2.7807486631016043
3129004,MG,12m_2025-09_a_2026-08,404,352,52,889,2026-08,6.212664277180406
3129103,MG,12m_2025-09_a_2026-08,219,244,-25,536,2026-08,-4.45632798573975
3129202,MG,12m_2025-09_a_2026-08,471,489,-18,861,2026-08,-2.04778156996587
3129301,MG,12m_2025-09_a_2026-08,398,379,19,821,2026-08,2.369077306733167
3129400,MG,12m_2025-09_a_2026-08,150,140,10,396,2026-08,2.5906735751295336
3129509,MG,12m_2025-09_a_2026-08,4296,4487,-191,5755,2026-08,-3.212243525058863
3129608,MG,12m_2025-09_a_2026-08,68,74,-6,219,2026-08,-2.666666666666667
3129657,MG,12m_2025-09_a_2026-08,34,25,9,38,2026-08,31.03448275862069
3129707,MG,12m_2025-09_a_2026-08,1526,1520,6,2268,2026-08,0.2652519893899204
3129806,MG,12m_2025-09_a_2026-08,10607,10314,293,16179,2026-08,1.844391287926476
3129905,MG,12m_2025-09_a_2026-08,109,112,-3,228,2026-08,-1.2987012987012987
3130002,MG,12m_2025-09_a_2026-08,132,115,17,248,2026-08,7.35930735930736
3130051,MG,12m_2025-09_a_2026-08,128,119,9,372,2026-08,2.479338842975207
3130101,MG,12m_2025-09_a_2026-08,5636,5465,171,8787,2026-08,1.9846796657381613
3130200,MG,12m_2025-09_a_2026-08,2120,2055,65,3278,2026-08,2.0230314347961404
3130309,MG,12m_2025-09_a_2026-08,461,416,45,999,2026-08,4.716981132075472
3130408,MG,12m_2025-09_a_2026-08,562,591,-29,1478,2026-08,-1.9243530192435303
3130507,MG,12m_2025-09_a_2026-08,1350,1284,66,1917,2026-08,3.565640194489465
3130556,MG,12m_2025-09_a_2026-08,124,142,-18,261,2026-08,-6.451612903225806
3130606,MG,12m_2025-09_a_2026-08,359,406,-47,747,2026-08,-5.919395465994962
3130655,MG,12m_2025-09_a_2026-08,138,103,35,265,2026-08,15.217391304347828
3130705,MG,12m_2025-09_a_2026-08,1526,1487,39,2996,2026-08,1.318904294893473
3130804,MG,12m_2025-09_a_2026-08,222,239,-17,416,2026-08,-3.9260969976905313
3130903,MG,12m_2025-09_a_2026-08,763,857,-94,1707,2026-08,-5.219322598556357
3131000,MG,12m_2025-09_a_2026-08,512,599,-87,1063,2026-08,-7.565217391304348
3131109,MG,12m_2025-09_a_2026-08,450,451,-1,661,2026-08,-0.1510574018126888
3131158,MG,12m_2025-09_a_2026-08,514,460,54,856,2026-08,6.733167082294264
3131208,MG,12m_2025-09_a_2026-08,1130,1036,94,2164,2026-08,4.541062801932367
3131307,MG,12m_2025-09_a_2026-08,36873,37452,-579,68196,2026-08,-0.8418756815703381
3131406,MG,12m_2025-09_a_2026-08,319,326,-7,506,2026-08,-1.364522417153996
3131505,MG,12m_2025-09_a_2026-08,566,550,16,1172,2026-08,1.384083044982699
3131604,MG,12m_2025-09_a_2026-08,757,851,-94,1282,2026-08,-6.831395348837209
3131703,MG,12m_2025-09_a_2026-08,19816,18512,1304,36637,2026-08,3.6906008547250444
3131802,MG,12m_2025-09_a_2026-08,418,375,43,818,2026-08,5.548387096774193
3131901,MG,12m_2025-09_a_2026-08,11388,11007,381,19302,2026-08,2.01363564293642
3132008,MG,12m_2025-09_a_2026-08,75,91,-16,354,2026-08,-4.324324324324325
3132107,MG,12m_2025-09_a_2026-08,592,576,16,1318,2026-08,1.228878648233487
3132206,MG,12m_2025-09_a_2026-08,1747,1764,-17,3147,2026-08,-0.5372945638432364
3132305,MG,12m_2025-09_a_2026-08,255,208,47,480,2026-08,10.854503464203233
3132404,MG,12m_2025-09_a_2026-08,11724,11323,401,24134,2026-08,1.6896304723380946
3132503,MG,12m_2025-09_a_2026-08,2290,2061,229,4928,2026-08,4.873377314322196
3132602,MG,12m_2025-09_a_2026-08,116,135,-19,312,2026-08,-5.740181268882175
3132701,MG,12m_2025-09_a_2026-08,1862,1244,618,3071,2026-08,25.19364044027721
3132800,MG,12m_2025-09_a_2026-08,22,36,-14,94,2026-08,-12.962962962962962
3132909,MG,12m_2025-09_a_2026-08,681,685,-4,1412,2026-08,-0.2824858757062147
3133006,MG,12m_2025-09_a_2026-08,1248,1191,57,3631,2026-08,1.594851706771125
3133105,MG,12m_2025-09_a_2026-08,1602,1633,-31,4206,2026-08,-0.7316497521831484
3133204,MG,12m_2025-09_a_2026-08,272,213,59,660,2026-08,9.816971713810316
3133303,MG,12m_2025-09_a_2026-08,974,926,48,2078,2026-08,2.3645320197044337
3133402,MG,12m_2025-09_a_2026-08,1084,1201,-117,2767,2026-08,-4.056865464632455
3133501,MG,12m_2025-09_a_2026-08,1746,1825,-79,4570,2026-08,-1.6992901699290168
3133600,MG,12m_2025-09_a_2026-08,3315,2895,420,3564,2026-08,13.358778625954198
3133709,MG,12m_2025-09_a_2026-08,2762,2830,-68,5923,2026-08,-1.1350358871640793
3133758,MG,12m_2025-09_a_2026-08,1703,1611,92,3338,2026-08,2.8342575477510783
3133808,MG,12m_2025-09_a_2026-08,17215,17342,-127,29862,2026-08,-0.42348861249124675
3133907,MG,12m_2025-09_a_2026-08,110,123,-13,263,2026-08,-4.710144927536232
3134004,MG,12m_2025-09_a_2026-08,261,927,-666,1086,2026-08,-38.013698630136986
3134103,MG,12m_2025-09_a_2026-08,176,169,7,349,2026-08,2.046783625730994
3134202,MG,12m_2025-09_a_2026-08,10717,10465,252,22160,2026-08,1.150264743472704
3134301,MG,12m_2025-09_a_2026-08,113,122,-9,266,2026-08,-3.272727272727273
3134400,MG,12m_2025-09_a_2026-08,5683,5528,155,11228,2026-08,1.3998013185225322
3134509,MG,12m_2025-09_a_2026-08,273,263,10,567,2026-08,1.7953321364452424
3134608,MG,12m_2025-09_a_2026-08,914,930,-16,2053,2026-08,-0.7733204446592556
3134707,MG,12m_2025-09_a_2026-08,152,127,25,533,2026-08,4.921259842519685
3134806,MG,12m_2025-09_a_2026-08,494,491,3,790,2026-08,0.3811944091486658
3134905,MG,12m_2025-09_a_2026-08,5040,4961,79,7870,2026-08,1.0139905018611217
3135001,MG,12m_2025-09_a_2026-08,344,307,37,544,2026-08,7.297830374753452
3135050,MG,12m_2025-09_a_2026-08,4771,4503,268,8336,2026-08,3.3217649975210706
3135076,MG,12m_2025-09_a_2026-08,50,71,-21,187,2026-08,-10.096153846153847
3135100,MG,12m_2025-09_a_2026-08,5917,5815,102,13243,2026-08,0.7761966364812419
3135209,MG,12m_2025-09_a_2026-08,2461,2316,145,5279,2026-08,2.8243085313595637
3135308,MG,12m_2025-09_a_2026-08,334,290,44,630,2026-08,7.508532423208192
3135357,MG,12m_2025-09_a_2026-08,94,78,16,214,2026-08,8.080808080808081
3135407,MG,12m_2025-09_a_2026-08,303,1195,-892,2436,2026-08,-26.802884615384613
3135456,MG,12m_2025-09_a_2026-08,90,98,-8,129,2026-08,-5.839416058394161
3135506,MG,12m_2025-09_a_2026-08,342,345,-3,1096,2026-08,-0.27297543221110104
3135605,MG,12m_2025-09_a_2026-08,213,218,-5,549,2026-08,-0.9025270758122743
3135704,MG,12m_2025-09_a_2026-08,358,468,-110,711,2026-08,-13.398294762484774
3135803,MG,12m_2025-09_a_2026-08,631,589,42,1535,2026-08,2.813127930341594
3135902,MG,12m_2025-09_a_2026-08,188,187,1,457,2026-08,0.21929824561403508
3136009,MG,12m_2025-09_a_2026-08,227,183,44,644,2026-08,7.333333333333333
3136108,MG,12m_2025-09_a_2026-08,27,23,4,112,2026-08,3.7037037037037033
3136207,MG,12m_2025-09_a_2026-08,13738,13911,-173,22603,2026-08,-0.759571478749561
3136306,MG,12m_2025-09_a_2026-08,7855,7913,-58,14352,2026-08,-0.4024982650936849
3136405,MG,12m_2025-09_a_2026-08,99,71,28,179,2026-08,18.543046357615893
3136504,MG,12m_2025-09_a_2026-08,165,152,13,418,2026-08,3.2098765432098766
3136520,MG,12m_2025-09_a_2026-08,30,45,-15,86,2026-08,-14.85148514851485
3136553,MG,12m_2025-09_a_2026-08,191,144,47,339,2026-08,16.095890410958905
3136579,MG,12m_2025-09_a_2026-08,140,113,27,430,2026-08,6.699751861042183
3136603,MG,12m_2025-09_a_2026-08,244,233,11,538,2026-08,2.0872865275142316
3136652,MG,12m_2025-09_a_2026-08,5551,5205,346,9348,2026-08,3.8435903132637192
3136702,MG,12m_2025-09_a_2026-08,72896,73181,-285,148645,2026-08,-0.19136507083864904
3136801,MG,12m_2025-09_a_2026-08,25,51,-26,171,2026-08,-13.19796954314721
3136900,MG,12m_2025-09_a_2026-08,1301,1387,-86,2024,2026-08,-4.075829383886256
3136959,MG,12m_2025-09_a_2026-08,39,49,-10,115,2026-08,-8
3137007,MG,12m_2025-09_a_2026-08,151,106,45,303,2026-08,17.441860465116278
3137106,MG,12m_2025-09_a_2026-08,365,366,-1,801,2026-08,-0.12468827930174563
3137205,MG,12m_2025-09_a_2026-08,7446,7004,442,15398,2026-08,2.955335651243648
3137304,MG,12m_2025-09_a_2026-08,110,75,35,163,2026-08,27.34375
3137403,MG,12m_2025-09_a_2026-08,851,863,-12,1805,2026-08,-0.6604292790313704
3137502,MG,12m_2025-09_a_2026-08,2836,2560,276,4344,2026-08,6.784660766961652
3137536,MG,12m_2025-09_a_2026-08,1369,1249,120,1746,2026-08,7.380073800738007
3137601,MG,12m_2025-09_a_2026-08,9794,9135,659,18176,2026-08,3.762059713421248
3137700,MG,12m_2025-09_a_2026-08,861,876,-15,1963,2026-08,-0.7583417593528816
3137809,MG,12m_2025-09_a_2026-08,1369,1288,81,2717,2026-08,3.0728376327769347
3137908,MG,12m_2025-09_a_2026-08,38,43,-5,139,2026-08,-3.4722222222222223
3138005,MG,12m_2025-09_a_2026-08,282,343,-61,782,2026-08,-7.236061684460261
3138104,MG,12m_2025-09_a_2026-08,1182,1223,-41,1786,2026-08,-2.2441160372194857
3138203,MG,12m_2025-09_a_2026-08,14907,14518,389,27280,2026-08,1.4465806403629469
3138302,MG,12m_2025-09_a_2026-08,107,104,3,273,2026-08,1.1111111111111112
3138351,MG,12m_2025-09_a_2026-08,126,132,-6,151,2026-08,-3.821656050955414
3138401,MG,12m_2025-09_a_2026-08,4107,3854,253,9957,2026-08,2.60717230008244
3138500,MG,12m_2025-09_a_2026-08,141,130,11,364,2026-08,3.1161473087818696
3138609,MG,12m_2025-09_a_2026-08,882,825,57,2463,2026-08,2.369077306733167
3138625,MG,12m_2025-09_a_2026-08,1322,1198,124,3384,2026-08,3.8036809815950923
3138658,MG,12m_2025-09_a_2026-08,199,255,-56,333,2026-08,-14.395886889460154
3138674,MG,12m_2025-09_a_2026-08,61,77,-16,146,2026-08,-9.876543209876543
3138682,MG,12m_2025-09_a_2026-08,32,29,3,110,2026-08,2.803738317757009
3138708,MG,12m_2025-09_a_2026-08,432,431,1,912,2026-08,0.10976948408342481
3138807,MG,12m_2025-09_a_2026-08,2033,1999,34,3930,2026-08,0.8726899383983572
3138906,MG,12m_2025-09_a_2026-08,119,88,31,339,2026-08,10.064935064935066
3139003,MG,12m_2025-09_a_2026-08,4984,4982,2,9167,2026-08,0.02182214948172395
3139102,MG,12m_2025-09_a_2026-08,430,378,52,984,2026-08,5.579399141630901
3139201,MG,12m_2025-09_a_2026-08,487,479,8,1088,2026-08,0.7407407407407408
3139250,MG,12m_2025-09_a_2026-08,56,39,17,179,2026-08,10.493827160493826
3139300,MG,12m_2025-09_a_2026-08,645,475,170,1401,2026-08,13.809910641754671
3139409,MG,12m_2025-09_a_2026-08,11881,11546,335,20246,2026-08,1.6824870674501533
3139508,MG,12m_2025-09_a_2026-08,1571,1496,75,2709,2026-08,2.847380410022779
3139607,MG,12m_2025-09_a_2026-08,1341,1499,-158,3183,2026-08,-4.72912301706076
3139706,MG,12m_2025-09_a_2026-08,803,775,28,1440,2026-08,1.9830028328611897
3139805,MG,12m_2025-09_a_2026-08,1502,1471,31,3383,2026-08,0.9248210023866348
3139904,MG,12m_2025-09_a_2026-08,695,658,37,1319,2026-08,2.886115444617785
3140001,MG,12m_2025-09_a_2026-08,10886,10782,104,18101,2026-08,0.5778740901261322
3140100,MG,12m_2025-09_a_2026-08,141,128,13,367,2026-08,3.672316384180791
3140159,MG,12m_2025-09_a_2026-08,980,971,9,1844,2026-08,0.4904632152588556
3140209,MG,12m_2025-09_a_2026-08,389,396,-7,798,2026-08,-0.8695652173913043
3140308,MG,12m_2025-09_a_2026-08,100,108,-8,210,2026-08,-3.669724770642202
3140407,MG,12m_2025-09_a_2026-08,63,47,16,148,2026-08,12.121212121212121
3140506,MG,12m_2025-09_a_2026-08,2532,2466,66,4405,2026-08,1.521087808250749
3140530,MG,12m_2025-09_a_2026-08,460,423,37,721,2026-08,5.409356725146199
3140555,MG,12m_2025-09_a_2026-08,56,65,-9,151,2026-08,-5.625
3140605,MG,12m_2025-09_a_2026-08,78,64,14,218,2026-08,6.862745098039216
3140704,MG,12m_2025-09_a_2026-08,4950,4992,-42,7076,2026-08,-0.5900533857825232
3140803,MG,12m_2025-09_a_2026-08,3658,3331,327,9278,2026-08,3.653223103563848
3140852,MG,12m_2025-09_a_2026-08,419,394,25,916,2026-08,2.8058361391694726
3140902,MG,12m_2025-09_a_2026-08,1072,1086,-14,2129,2026-08,-0.6532897806812878
3141009,MG,12m_2025-09_a_2026-08,358,283,75,856,2026-08,9.603072983354673
3141108,MG,12m_2025-09_a_2026-08,8369,9186,-817,16720,2026-08,-4.658721560130011
3141207,MG,12m_2025-09_a_2026-08,261,252,9,404,2026-08,2.278481012658228
3141306,MG,12m_2025-09_a_2026-08,664,513,151,823,2026-08,22.470238095238095
3141405,MG,12m_2025-09_a_2026-08,415,436,-21,1313,2026-08,-1.5742128935532234
3141504,MG,12m_2025-09_a_2026-08,106,112,-6,285,2026-08,-2.0618556701030926
3141603,MG,12m_2025-09_a_2026-08,368,313,55,977,2026-08,5.965292841648591
3141702,MG,12m_2025-09_a_2026-08,55,37,18,126,2026-08,16.666666666666664
3141801,MG,12m_2025-09_a_2026-08,1073,818,255,2105,2026-08,13.783783783783784
3141900,MG,12m_2025-09_a_2026-08,314,317,-3,773,2026-08,-0.3865979381443299
3142007,MG,12m_2025-09_a_2026-08,309,280,29,703,2026-08,4.302670623145401
3142106,MG,12m_2025-09_a_2026-08,430,408,22,922,2026-08,2.4444444444444446
3142205,MG,12m_2025-09_a_2026-08,987,943,44,2561,2026-08,1.7481128327373858
3142254,MG,12m_2025-09_a_2026-08,28,27,1,62,2026-08,1.639344262295082
3142304,MG,12m_2025-09_a_2026-08,331,283,48,618,2026-08,8.421052631578947
3142403,MG,12m_2025-09_a_2026-08,341,377,-36,775,2026-08,-4.438964241676942
3142502,MG,12m_2025-09_a_2026-08,37,36,1,121,2026-08,0.8333333333333334
3142601,MG,12m_2025-09_a_2026-08,913,970,-57,1604,2026-08,-3.431667670078266
3142700,MG,12m_2025-09_a_2026-08,256,217,39,762,2026-08,5.394190871369295
3142809,MG,12m_2025-09_a_2026-08,1703,1815,-112,3310,2026-08,-3.2729398012857978
3142908,MG,12m_2025-09_a_2026-08,268,247,21,956,2026-08,2.2459893048128343
3143005,MG,12m_2025-09_a_2026-08,2325,2355,-30,4662,2026-08,-0.639386189258312
3143104,MG,12m_2025-09_a_2026-08,6968,6714,254,10694,2026-08,2.432950191570881
3143153,MG,12m_2025-09_a_2026-08,28,31,-3,73,2026-08,-3.9473684210526314
3143203,MG,12m_2025-09_a_2026-08,1818,1874,-56,3874,2026-08,-1.424936386768448
3143302,MG,12m_2025-09_a_2026-08,54530,53058,1472,97005,2026-08,1.540828823547884
3143401,MG,12m_2025-09_a_2026-08,2367,2293,74,4769,2026-08,1.5761448349307774
3143450,MG,12m_2025-09_a_2026-08,99,90,9,357,2026-08,2.586206896551724
3143500,MG,12m_2025-09_a_2026-08,1446,1457,-11,2309,2026-08,-0.47413793103448276
3143609,MG,12m_2025-09_a_2026-08,113,121,-8,217,2026-08,-3.5555555555555554
3143708,MG,12m_2025-09_a_2026-08,43,37,6,116,2026-08,5.454545454545454
3143807,MG,12m_2025-09_a_2026-08,427,397,30,909,2026-08,3.4129692832764507
3143906,MG,12m_2025-09_a_2026-08,11675,11319,356,26106,2026-08,1.3825242718446602
3144003,MG,12m_2025-09_a_2026-08,1292,1147,145,2486,2026-08,6.193934216146946
3144102,MG,12m_2025-09_a_2026-08,2357,2386,-29,3765,2026-08,-0.7643647865050079
3144201,MG,12m_2025-09_a_2026-08,17,18,-1,37,2026-08,-2.631578947368421
3144300,MG,12m_2025-09_a_2026-08,3307,2907,400,6340,2026-08,6.7340067340067336
3144359,MG,12m_2025-09_a_2026-08,186,169,17,395,2026-08,4.497354497354497
3144375,MG,12m_2025-09_a_2026-08,176,141,35,314,2026-08,12.544802867383511
3144409,MG,12m_2025-09_a_2026-08,275,246,29,347,2026-08,9.119496855345911
3144508,MG,12m_2025-09_a_2026-08,872,710,162,2102,2026-08,8.350515463917525
3144607,MG,12m_2025-09_a_2026-08,1948,1881,67,3882,2026-08,1.7562254259501964
3144656,MG,12m_2025-09_a_2026-08,226,207,19,577,2026-08,3.405017921146954
3144672,MG,12m_2025-09_a_2026-08,20,11,9,46,2026-08,24.324324324324326
3144706,MG,12m_2025-09_a_2026-08,1238,1312,-74,3875,2026-08,-1.8738921245885034
3144805,MG,12m_2025-09_a_2026-08,32162,29567,2595,61835,2026-08,4.38048615800135
3144904,MG,12m_2025-09_a_2026-08,42,54,-12,203,2026-08,-5.5813953488372094
3145000,MG,12m_2025-09_a_2026-08,1848,1997,-149,3010,2026-08,-4.716682494460272
3145059,MG,12m_2025-09_a_2026-08,585,521,64,1183,2026-08,5.719392314566577
3145109,MG,12m_2025-09_a_2026-08,1250,1278,-28,1419,2026-08,-1.9350380096751902
3145208,MG,12m_2025-09_a_2026-08,18640,19576,-936,26937,2026-08,-3.358088472715531
3145307,MG,12m_2025-09_a_2026-08,623,519,104,1568,2026-08,7.103825136612022
3145356,MG,12m_2025-09_a_2026-08,159,135,24,422,2026-08,6.030150753768844
3145372,MG,12m_2025-09_a_2026-08,234,286,-52,332,2026-08,-13.541666666666666
3145406,MG,12m_2025-09_a_2026-08,46,44,2,119,2026-08,1.7094017094017095
3145455,MG,12m_2025-09_a_2026-08,567,542,25,1055,2026-08,2.4271844660194173
3145505,MG,12m_2025-09_a_2026-08,87,81,6,210,2026-08,2.941176470588235
3145604,MG,12m_2025-09_a_2026-08,5149,4874,275,10495,2026-08,2.690802348336595
3145703,MG,12m_2025-09_a_2026-08,18,19,-1,57,2026-08,-1.7241379310344827
3145802,MG,12m_2025-09_a_2026-08,174,178,-4,363,2026-08,-1.08991825613079
3145851,MG,12m_2025-09_a_2026-08,156,175,-19,368,2026-08,-4.909560723514212
3145877,MG,12m_2025-09_a_2026-08,66,77,-11,163,2026-08,-6.321839080459771
3145901,MG,12m_2025-09_a_2026-08,7816,8720,-904,16227,2026-08,-5.276983246745666
3146008,MG,12m_2025-09_a_2026-08,4066,3926,140,6814,2026-08,2.0976925382079714
3146107,MG,12m_2025-09_a_2026-08,12177,12938,-761,23347,2026-08,-3.156628505060561
3146206,MG,12m_2025-09_a_2026-08,53,54,-1,138,2026-08,-0.7194244604316548
3146255,MG,12m_2025-09_a_2026-08,79,91,-12,128,2026-08,-8.571428571428571
3146305,MG,12m_2025-09_a_2026-08,599,547,52,1067,2026-08,5.123152709359606
3146404,MG,12m_2025-09_a_2026-08,174,136,38,370,2026-08,11.44578313253012
3146503,MG,12m_2025-09_a_2026-08,1082,1108,-26,2637,2026-08,-0.976342470897484
3146552,MG,12m_2025-09_a_2026-08,41,25,16,96,2026-08,20
3146602,MG,12m_2025-09_a_2026-08,13,23,-10,71,2026-08,-12.345679012345679
3146701,MG,12m_2025-09_a_2026-08,92,76,16,363,2026-08,4.610951008645533
3146750,MG,12m_2025-09_a_2026-08,73,39,34,145,2026-08,30.630630630630627
3146909,MG,12m_2025-09_a_2026-08,1582,1500,82,3249,2026-08,2.5892011367224503
3147006,MG,12m_2025-09_a_2026-08,23737,24430,-693,28601,2026-08,-2.36567215129378
3147105,MG,12m_2025-09_a_2026-08,16872,16550,322,28316,2026-08,1.150246481388869
3147204,MG,12m_2025-09_a_2026-08,3801,3685,116,5683,2026-08,2.0837075624214116
3147303,MG,12m_2025-09_a_2026-08,2389,2639,-250,5695,2026-08,-4.205214465937763
3147402,MG,12m_2025-09_a_2026-08,2356,2471,-115,5562,2026-08,-2.025717808701779
3147501,MG,12m_2025-09_a_2026-08,25,17,8,79,2026-08,11.267605633802818
3147600,MG,12m_2025-09_a_2026-08,1341,1429,-88,3295,2026-08,-2.601241501625776
3147709,MG,12m_2025-09_a_2026-08,742,768,-26,1850,2026-08,-1.3859275053304905
3147808,MG,12m_2025-09_a_2026-08,135,130,5,226,2026-08,2.262443438914027
3147907,MG,12m_2025-09_a_2026-08,15722,15362,360,27512,2026-08,1.3258691809074838
3147956,MG,12m_2025-09_a_2026-08,20,15,5,52,2026-08,10.638297872340425
3148004,MG,12m_2025-09_a_2026-08,34008,33314,694,50947,2026-08,1.3810120788808629
3148103,MG,12m_2025-09_a_2026-08,16067,15744,323,23964,2026-08,1.3662704623323887
3148202,MG,12m_2025-09_a_2026-08,339,310,29,760,2026-08,3.9671682626538987
3148301,MG,12m_2025-09_a_2026-08,199,196,3,499,2026-08,0.6048387096774194
3148400,MG,12m_2025-09_a_2026-08,108,120,-12,283,2026-08,-4.067796610169491
3148509,MG,12m_2025-09_a_2026-08,122,115,7,430,2026-08,1.6548463356973995
3148608,MG,12m_2025-09_a_2026-08,560,492,68,1121,2026-08,6.457739791073125
3148707,MG,12m_2025-09_a_2026-08,718,643,75,2104,2026-08,3.6964021685559385
3148756,MG,12m_2025-09_a_2026-08,41,73,-32,83,2026-08,-27.82608695652174
3148806,MG,12m_2025-09_a_2026-08,55,44,11,200,2026-08,5.82010582010582
3148905,MG,12m_2025-09_a_2026-08,603,578,25,1377,2026-08,1.849112426035503
3149002,MG,12m_2025-09_a_2026-08,65,57,8,112,2026-08,7.6923076923076925
3149101,MG,12m_2025-09_a_2026-08,405,410,-5,1088,2026-08,-0.4574565416285453
3149150,MG,12m_2025-09_a_2026-08,171,174,-3,357,2026-08,-0.8333333333333334
3149200,MG,12m_2025-09_a_2026-08,262,238,24,448,2026-08,5.660377358490567
3149309,MG,12m_2025-09_a_2026-08,9561,10242,-681,18019,2026-08,-3.641711229946524
3149408,MG,12m_2025-09_a_2026-08,32,29,3,63,2026-08,5
3149507,MG,12m_2025-09_a_2026-08,160,209,-49,520,2026-08,-8.611599297012303
3149606,MG,12m_2025-09_a_2026-08,251,246,5,540,2026-08,0.9345794392523363
3149705,MG,12m_2025-09_a_2026-08,1390,1719,-329,2393,2026-08,-12.086700955180014
3149804,MG,12m_2025-09_a_2026-08,5756,5151,605,8191,2026-08,7.97521750593198
3149903,MG,12m_2025-09_a_2026-08,2174,2399,-225,4352,2026-08,-4.915883766659384
3149952,MG,12m_2025-09_a_2026-08,181,198,-17,373,2026-08,-4.358974358974359
3150000,MG,12m_2025-09_a_2026-08,75,52,23,187,2026-08,14.02439024390244
3150109,MG,12m_2025-09_a_2026-08,73,73,0,238,2026-08,0
3150158,MG,12m_2025-09_a_2026-08,415,425,-10,685,2026-08,-1.4388489208633095
3150208,MG,12m_2025-09_a_2026-08,220,196,24,611,2026-08,4.088586030664395
3150307,MG,12m_2025-09_a_2026-08,191,191,0,610,2026-08,0
3150406,MG,12m_2025-09_a_2026-08,93,76,17,227,2026-08,8.095238095238095
3150505,MG,12m_2025-09_a_2026-08,934,902,32,1461,2026-08,2.239328201539538
3150539,MG,12m_2025-09_a_2026-08,146,136,10,250,2026-08,4.166666666666666
3150570,MG,12m_2025-09_a_2026-08,99,75,24,266,2026-08,9.917355371900827
3150604,MG,12m_2025-09_a_2026-08,212,224,-12,645,2026-08,-1.82648401826484
3150703,MG,12m_2025-09_a_2026-08,1139,1196,-57,2997,2026-08,-1.8664047151277015
3150802,MG,12m_2025-09_a_2026-08,422,384,38,1195,2026-08,3.2843560933448575
3150901,MG,12m_2025-09_a_2026-08,231,252,-21,468,2026-08,-4.294478527607362
3151008,MG,12m_2025-09_a_2026-08,613,575,38,1026,2026-08,3.8461538461538463
3151107,MG,12m_2025-09_a_2026-08,643,609,34,2010,2026-08,1.7206477732793521
3151206,MG,12m_2025-09_a_2026-08,5570,6002,-432,13818,2026-08,-3.0315789473684207
3151305,MG,12m_2025-09_a_2026-08,1054,1147,-93,2152,2026-08,-4.142538975501114
3151404,MG,12m_2025-09_a_2026-08,2056,1964,92,4038,2026-08,2.331474911302585
3151503,MG,12m_2025-09_a_2026-08,5175,5162,13,8465,2026-08,0.15380974917179366
3151602,MG,12m_2025-09_a_2026-08,1389,1196,193,1489,2026-08,14.891975308641975
3151701,MG,12m_2025-09_a_2026-08,1354,1238,116,1876,2026-08,6.59090909090909
3151800,MG,12m_2025-09_a_2026-08,28431,28476,-45,52498,2026-08,-0.08564413908608187
3151909,MG,12m_2025-09_a_2026-08,134,116,18,345,2026-08,5.5045871559633035
3152006,MG,12m_2025-09_a_2026-08,3009,2771,238,6168,2026-08,4.013490725126475
3152105,MG,12m_2025-09_a_2026-08,8206,7592,614,17688,2026-08,3.596111046034907
3152131,MG,12m_2025-09_a_2026-08,66,53,13,143,2026-08,10
3152170,MG,12m_2025-09_a_2026-08,109,123,-14,289,2026-08,-4.62046204620462
3152204,MG,12m_2025-09_a_2026-08,1350,1023,327,2961,2026-08,12.414578587699317
3152303,MG,12m_2025-09_a_2026-08,235,178,57,498,2026-08,12.925170068027212
3152402,MG,12m_2025-09_a_2026-08,212,223,-11,574,2026-08,-1.8803418803418803
3152501,MG,12m_2025-09_a_2026-08,40425,38460,1965,63197,2026-08,3.209106349621113
3152600,MG,12m_2025-09_a_2026-08,807,792,15,1823,2026-08,0.8296460176991152
3152709,MG,12m_2025-09_a_2026-08,719,655,64,1792,2026-08,3.7037037037037033
3152808,MG,12m_2025-09_a_2026-08,4819,4761,58,7876,2026-08,0.7418777180864671
3152907,MG,12m_2025-09_a_2026-08,457,468,-11,1044,2026-08,-1.042654028436019
3153004,MG,12m_2025-09_a_2026-08,498,572,-74,623,2026-08,-10.616929698708752
3153103,MG,12m_2025-09_a_2026-08,87,70,17,265,2026-08,6.854838709677419
3153202,MG,12m_2025-09_a_2026-08,84,78,6,243,2026-08,2.5316455696202533
3153301,MG,12m_2025-09_a_2026-08,28,29,-1,75,2026-08,-1.3157894736842104
3153400,MG,12m_2025-09_a_2026-08,2155,1973,182,3371,2026-08,5.707118218877391
3153509,MG,12m_2025-09_a_2026-08,297,255,42,539,2026-08,8.450704225352112
3153608,MG,12m_2025-09_a_2026-08,885,784,101,1598,2026-08,6.74682698730795
3153707,MG,12m_2025-09_a_2026-08,171,163,8,245,2026-08,3.375527426160337
3153806,MG,12m_2025-09_a_2026-08,112,116,-4,192,2026-08,-2.0408163265306123
3153905,MG,12m_2025-09_a_2026-08,458,465,-7,759,2026-08,-0.9138381201044387
3154002,MG,12m_2025-09_a_2026-08,1242,1030,212,2547,2026-08,9.079229122055676
3154101,MG,12m_2025-09_a_2026-08,256,258,-2,742,2026-08,-0.2688172043010753
3154150,MG,12m_2025-09_a_2026-08,304,316,-12,630,2026-08,-1.8691588785046727
3154200,MG,12m_2025-09_a_2026-08,487,541,-54,1125,2026-08,-4.580152671755725
3154309,MG,12m_2025-09_a_2026-08,876,758,118,1774,2026-08,7.125603864734299
3154408,MG,12m_2025-09_a_2026-08,356,219,137,783,2026-08,21.207430340557277
3154457,MG,12m_2025-09_a_2026-08,292,317,-25,505,2026-08,-4.716981132075472
3154507,MG,12m_2025-09_a_2026-08,353,307,46,1097,2026-08,4.376784015223597
3154606,MG,12m_2025-09_a_2026-08,18175,18353,-178,29313,2026-08,-0.6035739717201858
3154705,MG,12m_2025-09_a_2026-08,395,434,-39,818,2026-08,-4.550758459743291
3154804,MG,12m_2025-09_a_2026-08,545,582,-37,1112,2026-08,-3.2201914708442123
3154903,MG,12m_2025-09_a_2026-08,804,783,21,1778,2026-08,1.1952191235059761
3155009,MG,12m_2025-09_a_2026-08,155,146,9,241,2026-08,3.8793103448275863
3155108,MG,12m_2025-09_a_2026-08,65,57,8,139,2026-08,6.106870229007633
3155207,MG,12m_2025-09_a_2026-08,55,34,21,154,2026-08,15.789473684210526
3155306,MG,12m_2025-09_a_2026-08,247,195,52,433,2026-08,13.648293963254593
3155405,MG,12m_2025-09_a_2026-08,443,394,49,899,2026-08,5.764705882352941
3155504,MG,12m_2025-09_a_2026-08,13881,13551,330,10335,2026-08,3.2983508245877062
3155603,MG,12m_2025-09_a_2026-08,496,432,64,1146,2026-08,5.914972273567468
3155702,MG,12m_2025-09_a_2026-08,1521,1176,345,2536,2026-08,15.746234596074851
3155801,MG,12m_2025-09_a_2026-08,1271,1213,58,3029,2026-08,1.9522046449007069
3155900,MG,12m_2025-09_a_2026-08,85,89,-4,359,2026-08,-1.1019283746556474
3156007,MG,12m_2025-09_a_2026-08,168,171,-3,514,2026-08,-0.5802707930367506
3156106,MG,12m_2025-09_a_2026-08,354,346,8,636,2026-08,1.2738853503184715
3156205,MG,12m_2025-09_a_2026-08,276,317,-41,421,2026-08,-8.874458874458876
3156304,MG,12m_2025-09_a_2026-08,2568,2358,210,4824,2026-08,4.551365409622886
3156403,MG,12m_2025-09_a_2026-08,720,580,140,944,2026-08,17.412935323383085
3156452,MG,12m_2025-09_a_2026-08,121,107,14,347,2026-08,4.2042042042042045
3156502,MG,12m_2025-09_a_2026-08,113,76,37,173,2026-08,27.205882352941174
3156601,MG,12m_2025-09_a_2026-08,103,123,-20,396,2026-08,-4.807692307692308
3156700,MG,12m_2025-09_a_2026-08,8798,9880,-1082,18442,2026-08,-5.541897152222905
3156809,MG,12m_2025-09_a_2026-08,449,484,-35,1191,2026-08,-2.8548123980424145
3156908,MG,12m_2025-09_a_2026-08,6856,6829,27,10001,2026-08,0.27070382995789055
3157005,MG,12m_2025-09_a_2026-08,3906,3270,636,8344,2026-08,8.251167618059158
3157104,MG,12m_2025-09_a_2026-08,166,141,25,518,2026-08,5.070993914807302
3157203,MG,12m_2025-09_a_2026-08,2211,2739,-528,4946,2026-08,-9.645597369382536
3157252,MG,12m_2025-09_a_2026-08,174,183,-9,344,2026-08,-2.5495750708215295
3157278,MG,12m_2025-09_a_2026-08,116,110,6,269,2026-08,2.2813688212927756
3157302,MG,12m_2025-09_a_2026-08,84,74,10,234,2026-08,4.464285714285714
3157336,MG,12m_2025-09_a_2026-08,601,521,80,1175,2026-08,7.30593607305936
3157377,MG,12m_2025-09_a_2026-08,34,26,8,69,2026-08,13.114754098360656
3157401,MG,12m_2025-09_a_2026-08,149,140,9,327,2026-08,2.8301886792452833
3157500,MG,12m_2025-09_a_2026-08,66,49,17,174,2026-08,10.828025477707007
3157609,MG,12m_2025-09_a_2026-08,272,238,34,425,2026-08,8.695652173913043
3157658,MG,12m_2025-09_a_2026-08,27,18,9,75,2026-08,13.636363636363635
3157708,MG,12m_2025-09_a_2026-08,3831,3799,32,5165,2026-08,0.6234171050068186
3157807,MG,12m_2025-09_a_2026-08,17910,16962,948,31500,2026-08,3.102906520031422
3157906,MG,12m_2025-09_a_2026-08,423,412,11,660,2026-08,1.694915254237288
3158003,MG,12m_2025-09_a_2026-08,799,698,101,1849,2026-08,5.778032036613272
3158102,MG,12m_2025-09_a_2026-08,18,20,-2,66,2026-08,-2.941176470588235
3158201,MG,12m_2025-09_a_2026-08,330,327,3,804,2026-08,0.37453183520599254
3158300,MG,12m_2025-09_a_2026-08,1014,897,117,1830,2026-08,6.830122591943957
3158409,MG,12m_2025-09_a_2026-08,120,95,25,260,2026-08,10.638297872340425
3158508,MG,12m_2025-09_a_2026-08,109,115,-6,290,2026-08,-2.027027027027027
3158607,MG,12m_2025-09_a_2026-08,75,88,-13,280,2026-08,-4.436860068259386
3158706,MG,12m_2025-09_a_2026-08,104,83,21,132,2026-08,18.91891891891892
3158805,MG,12m_2025-09_a_2026-08,234,268,-34,567,2026-08,-5.657237936772046
3158904,MG,12m_2025-09_a_2026-08,357,318,39,661,2026-08,6.270096463022508
3158953,MG,12m_2025-09_a_2026-08,2838,2947,-109,5427,2026-08,-1.9689306358381502
3159001,MG,12m_2025-09_a_2026-08,367,348,19,723,2026-08,2.6988636363636362
3159100,MG,12m_2025-09_a_2026-08,73,49,24,206,2026-08,13.186813186813188
3159209,MG,12m_2025-09_a_2026-08,396,489,-93,1377,2026-08,-6.326530612244897
3159308,MG,12m_2025-09_a_2026-08,92,107,-15,333,2026-08,-4.310344827586207
3159357,MG,12m_2025-09_a_2026-08,417,477,-60,720,2026-08,-7.6923076923076925
3159407,MG,12m_2025-09_a_2026-08,149,133,16,354,2026-08,4.733727810650888
3159506,MG,12m_2025-09_a_2026-08,176,188,-12,271,2026-08,-4.240282685512367
3159605,MG,12m_2025-09_a_2026-08,6503,6596,-93,13043,2026-08,-0.7079780755176613
3159704,MG,12m_2025-09_a_2026-08,186,216,-30,257,2026-08,-10.452961672473867
3159803,MG,12m_2025-09_a_2026-08,2255,2292,-37,5172,2026-08,-0.710309080437704
3159902,MG,12m_2025-09_a_2026-08,2056,1863,193,3238,2026-08,6.338259441707718
3160009,MG,12m_2025-09_a_2026-08,127,105,22,394,2026-08,5.913978494623656
3160108,MG,12m_2025-09_a_2026-08,156,158,-2,433,2026-08,-0.45977011494252873
3160207,MG,12m_2025-09_a_2026-08,37,28,9,109,2026-08,9
3160306,MG,12m_2025-09_a_2026-08,62,53,9,191,2026-08,4.945054945054945
3160405,MG,12m_2025-09_a_2026-08,3677,3374,303,6128,2026-08,5.201716738197424
3160454,MG,12m_2025-09_a_2026-08,35,53,-18,96,2026-08,-15.789473684210526
3160504,MG,12m_2025-09_a_2026-08,12,15,-3,47,2026-08,-6
3160603,MG,12m_2025-09_a_2026-08,70,65,5,246,2026-08,2.0746887966804977
3160702,MG,12m_2025-09_a_2026-08,1861,1916,-55,5234,2026-08,-1.0398941198714313
3160801,MG,12m_2025-09_a_2026-08,218,202,16,287,2026-08,5.904059040590406
3160900,MG,12m_2025-09_a_2026-08,223,226,-3,552,2026-08,-0.5405405405405406
3160959,MG,12m_2025-09_a_2026-08,230,218,12,428,2026-08,2.8846153846153846
3161007,MG,12m_2025-09_a_2026-08,835,842,-7,2048,2026-08,-0.34063260340632606
3161056,MG,12m_2025-09_a_2026-08,49,50,-1,115,2026-08,-0.8620689655172413
3161106,MG,12m_2025-09_a_2026-08,1598,1428,170,3618,2026-08,4.930394431554524
3161205,MG,12m_2025-09_a_2026-08,410,407,3,919,2026-08,0.32751091703056767
3161304,MG,12m_2025-09_a_2026-08,851,860,-9,1150,2026-08,-0.7765314926660914
3161403,MG,12m_2025-09_a_2026-08,181,140,41,357,2026-08,12.974683544303797
3161502,MG,12m_2025-09_a_2026-08,1391,1356,35,2879,2026-08,1.230661040787623
3161601,MG,12m_2025-09_a_2026-08,31,22,9,74,2026-08,13.846153846153847
3161650,MG,12m_2025-09_a_2026-08,79,63,16,162,2026-08,10.95890410958904
3161700,MG,12m_2025-09_a_2026-08,725,657,68,1238,2026-08,5.811965811965812
3161809,MG,12m_2025-09_a_2026-08,1426,1390,36,2077,2026-08,1.7638412542871142
3161908,MG,12m_2025-09_a_2026-08,2999,2577,422,6834,2026-08,6.581409856519027
3162005,MG,12m_2025-09_a_2026-08,3143,2928,215,5905,2026-08,3.7785588752196833
3162104,MG,12m_2025-09_a_2026-08,10468,10625,-157,11221,2026-08,-1.3798558621901915
3162203,MG,12m_2025-09_a_2026-08,644,625,19,1371,2026-08,1.4053254437869822
3162252,MG,12m_2025-09_a_2026-08,36,47,-11,144,2026-08,-7.096774193548387
3162302,MG,12m_2025-09_a_2026-08,111,113,-2,178,2026-08,-1.1111111111111112
3162401,MG,12m_2025-09_a_2026-08,377,322,55,1144,2026-08,5.05050505050505
3162450,MG,12m_2025-09_a_2026-08,19,30,-11,82,2026-08,-11.827956989247312
3162500,MG,12m_2025-09_a_2026-08,10183,9864,319,20356,2026-08,1.5920546988072066
3162559,MG,12m_2025-09_a_2026-08,387,449,-62,726,2026-08,-7.868020304568528
3162575,MG,12m_2025-09_a_2026-08,259,261,-2,633,2026-08,-0.31496062992125984
3162609,MG,12m_2025-09_a_2026-08,158,163,-5,371,2026-08,-1.3297872340425532
3162658,MG,12m_2025-09_a_2026-08,73,44,29,77,2026-08,60.416666666666664
3162708,MG,12m_2025-09_a_2026-08,790,718,72,1607,2026-08,4.690553745928339
3162807,MG,12m_2025-09_a_2026-08,650,563,87,1246,2026-08,7.506471095772217
3162906,MG,12m_2025-09_a_2026-08,2182,2095,87,5257,2026-08,1.6827852998065762
3162922,MG,12m_2025-09_a_2026-08,7088,6988,100,10948,2026-08,0.9218289085545722
3162948,MG,12m_2025-09_a_2026-08,482,465,17,1241,2026-08,1.3888888888888888
3162955,MG,12m_2025-09_a_2026-08,2741,2668,73,5394,2026-08,1.3719225709453111
3163003,MG,12m_2025-09_a_2026-08,90,80,10,237,2026-08,4.405286343612335
3163102,MG,12m_2025-09_a_2026-08,533,576,-43,858,2026-08,-4.772475027746948
3163201,MG,12m_2025-09_a_2026-08,113,123,-10,268,2026-08,-3.597122302158273
3163300,MG,12m_2025-09_a_2026-08,21,31,-10,65,2026-08,-13.333333333333334
3163409,MG,12m_2025-09_a_2026-08,171,129,42,346,2026-08,13.815789473684212
3163508,MG,12m_2025-09_a_2026-08,127,133,-6,251,2026-08,-2.3346303501945527
3163607,MG,12m_2025-09_a_2026-08,51,40,11,58,2026-08,23.404255319148938
3163706,MG,12m_2025-09_a_2026-08,4589,4632,-43,11023,2026-08,-0.3885776251581421
3163805,MG,12m_2025-09_a_2026-08,103,109,-6,299,2026-08,-1.9672131147540985
3163904,MG,12m_2025-09_a_2026-08,332,302,30,568,2026-08,5.5762081784386615
3164001,MG,12m_2025-09_a_2026-08,448,426,22,976,2026-08,2.3060796645702304
3164100,MG,12m_2025-09_a_2026-08,94,100,-6,280,2026-08,-2.097902097902098
3164209,MG,12m_2025-09_a_2026-08,160,119,41,590,2026-08,7.468123861566485
3164308,MG,12m_2025-09_a_2026-08,1205,1168,37,1520,2026-08,2.4949426837491573
3164407,MG,12m_2025-09_a_2026-08,1277,1207,70,1937,2026-08,3.7493304767005893
3164431,MG,12m_2025-09_a_2026-08,59,30,29,109,2026-08,36.25
3164472,MG,12m_2025-09_a_2026-08,76,67,9,162,2026-08,5.88235294117647
3164506,MG,12m_2025-09_a_2026-08,93,90,3,200,2026-08,1.5228426395939088
3164605,MG,12m_2025-09_a_2026-08,1993,2148,-155,4427,2026-08,-3.382802269751201
3164704,MG,12m_2025-09_a_2026-08,10329,10470,-141,18708,2026-08,-0.7480502944453287
3164803,MG,12m_2025-09_a_2026-08,22,21,1,42,2026-08,2.4390243902439024
3164902,MG,12m_2025-09_a_2026-08,167,146,21,270,2026-08,8.433734939759036
3165008,MG,12m_2025-09_a_2026-08,1006,892,114,1880,2026-08,6.455266138165346
3165107,MG,12m_2025-09_a_2026-08,677,646,31,1192,2026-08,2.670111972437554
3165206,MG,12m_2025-09_a_2026-08,580,583,-3,1231,2026-08,-0.24311183144246357
3165305,MG,12m_2025-09_a_2026-08,510,649,-139,1485,2026-08,-8.559113300492612
3165404,MG,12m_2025-09_a_2026-08,652,650,2,1352,2026-08,0.14814814814814814
3165503,MG,12m_2025-09_a_2026-08,167,164,3,348,2026-08,0.8695652173913043
3165537,MG,12m_2025-09_a_2026-08,5449,5419,30,10079,2026-08,0.2985371678774007
3165552,MG,12m_2025-09_a_2026-08,61,77,-16,169,2026-08,-8.64864864864865
3165560,MG,12m_2025-09_a_2026-08,38,39,-1,58,2026-08,-1.694915254237288
3165578,MG,12m_2025-09_a_2026-08,490,523,-33,795,2026-08,-3.985507246376811
3165602,MG,12m_2025-09_a_2026-08,87,83,4,243,2026-08,1.6736401673640167
3165701,MG,12m_2025-09_a_2026-08,474,436,38,893,2026-08,4.444444444444445
3165800,MG,12m_2025-09_a_2026-08,15,19,-4,38,2026-08,-9.523809523809524
3165909,MG,12m_2025-09_a_2026-08,47,80,-33,185,2026-08,-15.137614678899084
3166006,MG,12m_2025-09_a_2026-08,99,82,17,304,2026-08,5.923344947735192
3166105,MG,12m_2025-09_a_2026-08,28,55,-27,102,2026-08,-20.930232558139537
3166204,MG,12m_2025-09_a_2026-08,195,171,24,501,2026-08,5.031446540880504
3166303,MG,12m_2025-09_a_2026-08,109,120,-11,232,2026-08,-4.526748971193416
3166402,MG,12m_2025-09_a_2026-08,87,74,13,224,2026-08,6.161137440758294
3166501,MG,12m_2025-09_a_2026-08,30,26,4,78,2026-08,5.405405405405405
3166600,MG,12m_2025-09_a_2026-08,17,19,-2,105,2026-08,-1.8691588785046727
3166709,MG,12m_2025-09_a_2026-08,736,743,-7,1199,2026-08,-0.5804311774461027
3166808,MG,12m_2025-09_a_2026-08,3346,3691,-345,4547,2026-08,-7.0523303352412094
3166907,MG,12m_2025-09_a_2026-08,730,639,91,1154,2026-08,8.560677328316087
3166956,MG,12m_2025-09_a_2026-08,19,18,1,56,2026-08,1.8181818181818181
3167004,MG,12m_2025-09_a_2026-08,298,291,7,390,2026-08,1.8276762402088773
3167103,MG,12m_2025-09_a_2026-08,764,785,-21,1861,2026-08,-1.1158342189160468
3167202,MG,12m_2025-09_a_2026-08,32746,33926,-1180,64236,2026-08,-1.8038400391341567
3167301,MG,12m_2025-09_a_2026-08,75,75,0,133,2026-08,0
3167400,MG,12m_2025-09_a_2026-08,385,389,-4,756,2026-08,-0.5263157894736842
3167509,MG,12m_2025-09_a_2026-08,151,191,-40,355,2026-08,-10.126582278481013
3167608,MG,12m_2025-09_a_2026-08,484,431,53,767,2026-08,7.42296918767507
3167707,MG,12m_2025-09_a_2026-08,60,73,-13,163,2026-08,-7.386363636363637
3167806,MG,12m_2025-09_a_2026-08,240,224,16,538,2026-08,3.065134099616858
3167905,MG,12m_2025-09_a_2026-08,176,178,-2,397,2026-08,-0.5012531328320802
3168002,MG,12m_2025-09_a_2026-08,1918,1810,108,4509,2026-08,2.4539877300613497
3168051,MG,12m_2025-09_a_2026-08,39,40,-1,122,2026-08,-0.8130081300813009
3168101,MG,12m_2025-09_a_2026-08,2025,1797,228,2566,2026-08,9.751924721984603
3168200,MG,12m_2025-09_a_2026-08,456,449,7,344,2026-08,2.0771513353115725
3168309,MG,12m_2025-09_a_2026-08,77,85,-8,230,2026-08,-3.361344537815126
3168408,MG,12m_2025-09_a_2026-08,332,339,-7,826,2026-08,-0.8403361344537815
3168507,MG,12m_2025-09_a_2026-08,343,360,-17,1055,2026-08,-1.585820895522388
3168606,MG,12m_2025-09_a_2026-08,14984,13382,1602,30272,2026-08,5.587722357865364
3168705,MG,12m_2025-09_a_2026-08,8366,8437,-71,16632,2026-08,-0.4250733401185416
3168804,MG,12m_2025-09_a_2026-08,1744,1683,61,2696,2026-08,2.314990512333966
3168903,MG,12m_2025-09_a_2026-08,1283,1278,5,1545,2026-08,0.3246753246753247
3169000,MG,12m_2025-09_a_2026-08,1248,1207,41,2793,2026-08,1.489825581395349
3169059,MG,12m_2025-09_a_2026-08,55,34,21,147,2026-08,16.666666666666664
3169109,MG,12m_2025-09_a_2026-08,345,308,37,549,2026-08,7.2265625
3169208,MG,12m_2025-09_a_2026-08,228,276,-48,611,2026-08,-7.283763277693475
3169307,MG,12m_2025-09_a_2026-08,8308,8285,23,17122,2026-08,0.1345107901046845
3169356,MG,12m_2025-09_a_2026-08,3517,3507,10,6242,2026-08,0.16046213093709885
3169406,MG,12m_2025-09_a_2026-08,9189,9246,-57,15713,2026-08,-0.3614457831325301
3169505,MG,12m_2025-09_a_2026-08,113,118,-5,245,2026-08,-2
3169604,MG,12m_2025-09_a_2026-08,3292,3280,12,5921,2026-08,0.2030800473853444
3169703,MG,12m_2025-09_a_2026-08,1993,1574,419,4228,2026-08,11.000262536098713
3169802,MG,12m_2025-09_a_2026-08,404,362,42,735,2026-08,6.0606060606060606
3169901,MG,12m_2025-09_a_2026-08,15617,15731,-114,29975,2026-08,-0.37887600119645054
3170008,MG,12m_2025-09_a_2026-08,83,85,-2,204,2026-08,-0.9708737864077669
3170057,MG,12m_2025-09_a_2026-08,479,445,34,946,2026-08,3.7280701754385963
3170107,MG,12m_2025-09_a_2026-08,60796,60314,482,98228,2026-08,0.4931148077670698
3170206,MG,12m_2025-09_a_2026-08,145010,143496,1514,233524,2026-08,0.6525580793931296
3170305,MG,12m_2025-09_a_2026-08,69,50,19,144,2026-08,15.2
3170404,MG,12m_2025-09_a_2026-08,12336,12516,-180,18938,2026-08,-0.9415210796108379
3170438,MG,12m_2025-09_a_2026-08,737,679,58,1021,2026-08,6.022845275181724
3170479,MG,12m_2025-09_a_2026-08,106,98,8,205,2026-08,4.060913705583756
3170503,MG,12m_2025-09_a_2026-08,694,2121,-1427,2984,2026-08,-32.35094082974383
3170529,MG,12m_2025-09_a_2026-08,239,245,-6,489,2026-08,-1.2121212121212122
3170578,MG,12m_2025-09_a_2026-08,183,194,-11,366,2026-08,-2.9177718832891246
3170602,MG,12m_2025-09_a_2026-08,321,311,10,271,2026-08,3.8314176245210727
3170651,MG,12m_2025-09_a_2026-08,113,71,42,238,2026-08,21.428571428571427
3170701,MG,12m_2025-09_a_2026-08,29377,29188,189,46887,2026-08,0.4047282538866761
3170750,MG,12m_2025-09_a_2026-08,718,767,-49,1264,2026-08,-3.7319116527037317
3170800,MG,12m_2025-09_a_2026-08,3126,2978,148,6022,2026-08,2.519577800476677
3170909,MG,12m_2025-09_a_2026-08,178,156,22,502,2026-08,4.583333333333333
3171006,MG,12m_2025-09_a_2026-08,2324,2489,-165,5043,2026-08,-3.1682027649769586
3171030,MG,12m_2025-09_a_2026-08,308,266,42,725,2026-08,6.149341142020498
3171071,MG,12m_2025-09_a_2026-08,397,249,148,959,2026-08,18.249075215782984
3171105,MG,12m_2025-09_a_2026-08,259,249,10,667,2026-08,1.5220700152207
3171154,MG,12m_2025-09_a_2026-08,84,78,6,125,2026-08,5.042016806722689
3171204,MG,12m_2025-09_a_2026-08,10112,9708,404,19641,2026-08,2.100119561262151
3171303,MG,12m_2025-09_a_2026-08,8374,8031,343,18703,2026-08,1.8681917211328973
3171402,MG,12m_2025-09_a_2026-08,53,61,-8,185,2026-08,-4.145077720207254
3171501,MG,12m_2025-09_a_2026-08,217,150,67,772,2026-08,9.50354609929078
3171600,MG,12m_2025-09_a_2026-08,358,288,70,1700,2026-08,4.294478527607362
3171709,MG,12m_2025-09_a_2026-08,605,633,-28,1348,2026-08,-2.0348837209302326
3171808,MG,12m_2025-09_a_2026-08,442,447,-5,870,2026-08,-0.5714285714285714
3171907,MG,12m_2025-09_a_2026-08,36,23,13,105,2026-08,14.130434782608695
3172004,MG,12m_2025-09_a_2026-08,4899,4833,66,11548,2026-08,0.5748127503919178
3172103,MG,12m_2025-09_a_2026-08,327,317,10,841,2026-08,1.203369434416366
3172202,MG,12m_2025-09_a_2026-08,129,125,4,243,2026-08,1.6736401673640167
3200102,ES,12m_2025-09_a_2026-08,1363,1301,62,2690,2026-08,2.359208523592085
3200136,ES,12m_2025-09_a_2026-08,730,682,48,931,2026-08,5.436013590033975
3200169,ES,12m_2025-09_a_2026-08,292,299,-7,700,2026-08,-0.9900990099009901
3200201,ES,12m_2025-09_a_2026-08,1695,1345,350,3225,2026-08,12.173913043478262
3200300,ES,12m_2025-09_a_2026-08,1806,1731,75,3316,2026-08,2.3141005862388155
3200359,ES,12m_2025-09_a_2026-08,298,309,-11,755,2026-08,-1.4360313315926894
3200409,ES,12m_2025-09_a_2026-08,4173,4069,104,6969,2026-08,1.5149308084486526
3200508,ES,12m_2025-09_a_2026-08,197,226,-29,420,2026-08,-6.45879732739421
3200607,ES,12m_2025-09_a_2026-08,34131,33114,1017,35829,2026-08,2.921406411582213
3200706,ES,12m_2025-09_a_2026-08,1459,1298,161,3132,2026-08,5.419050824638169
3200805,ES,12m_2025-09_a_2026-08,2309,2371,-62,4305,2026-08,-1.4197389512250973
3200904,ES,12m_2025-09_a_2026-08,3596,3402,194,7346,2026-08,2.7125279642058167
3201001,ES,12m_2025-09_a_2026-08,996,1002,-6,1642,2026-08,-0.3640776699029126
3201100,ES,12m_2025-09_a_2026-08,642,710,-68,1211,2026-08,-5.3166536356528535
3201159,ES,12m_2025-09_a_2026-08,525,607,-82,854,2026-08,-8.76068376068376
3201209,ES,12m_2025-09_a_2026-08,23624,22990,634,49322,2026-08,1.3021689122576405
3201308,ES,12m_2025-09_a_2026-08,40809,38569,2240,63441,2026-08,3.6600709138739562
3201407,ES,12m_2025-09_a_2026-08,3866,3781,85,7569,2026-08,1.135756280064137
3201506,ES,12m_2025-09_a_2026-08,17812,18254,-442,32574,2026-08,-1.3387448509813424
3201605,ES,12m_2025-09_a_2026-08,1818,1699,119,3178,2026-08,3.8901601830663615
3201704,ES,12m_2025-09_a_2026-08,641,646,-5,1229,2026-08,-0.4051863857374392
3201803,ES,12m_2025-09_a_2026-08,202,136,66,333,2026-08,24.719101123595504
3201902,ES,12m_2025-09_a_2026-08,3933,3694,239,6492,2026-08,3.8221653606268986
3202009,ES,12m_2025-09_a_2026-08,338,313,25,674,2026-08,3.8520801232665636
3202108,ES,12m_2025-09_a_2026-08,932,896,36,1920,2026-08,1.910828025477707
3202207,ES,12m_2025-09_a_2026-08,1897,1832,65,3205,2026-08,2.0700636942675157
3202256,ES,12m_2025-09_a_2026-08,641,594,47,841,2026-08,5.919395465994962
3202306,ES,12m_2025-09_a_2026-08,1976,1818,158,4009,2026-08,4.102830433653597
3202405,ES,12m_2025-09_a_2026-08,15648,15346,302,23821,2026-08,1.284068200178579
3202454,ES,12m_2025-09_a_2026-08,1615,1467,148,2515,2026-08,6.252640473172792
3202504,ES,12m_2025-09_a_2026-08,3357,2747,610,3316,2026-08,22.54249815225425
3202553,ES,12m_2025-09_a_2026-08,192,198,-6,366,2026-08,-1.6129032258064515
3202603,ES,12m_2025-09_a_2026-08,1717,1631,86,3720,2026-08,2.3665382498624106
3202652,ES,12m_2025-09_a_2026-08,444,387,57,827,2026-08,7.402597402597403
3202702,ES,12m_2025-09_a_2026-08,830,876,-46,1589,2026-08,-2.8134556574923546
3202801,ES,12m_2025-09_a_2026-08,2946,3539,-593,5900,2026-08,-9.13291236716464
3202900,ES,12m_2025-09_a_2026-08,752,876,-124,1954,2026-08,-5.9672762271414825
3203007,ES,12m_2025-09_a_2026-08,1612,1543,69,2972,2026-08,2.3768515328970032
3203056,ES,12m_2025-09_a_2026-08,5249,4819,430,4446,2026-08,10.707171314741036
3203106,ES,12m_2025-09_a_2026-08,401,393,8,730,2026-08,1.10803324099723
3203130,ES,12m_2025-09_a_2026-08,3516,2768,748,3690,2026-08,25.424881033310676
3203163,ES,12m_2025-09_a_2026-08,220,198,22,607,2026-08,3.7606837606837606
3203205,ES,12m_2025-09_a_2026-08,40022,37990,2032,51778,2026-08,4.084750532706147
3203304,ES,12m_2025-09_a_2026-08,408,361,47,660,2026-08,7.6672104404567705
3203320,ES,12m_2025-09_a_2026-08,4201,3856,345,5783,2026-08,6.344244207429202
3203346,ES,12m_2025-09_a_2026-08,2315,2296,19,3801,2026-08,0.5023796932839768
3203353,ES,12m_2025-09_a_2026-08,1267,1347,-80,1763,2026-08,-4.3407487791644055
3203403,ES,12m_2025-09_a_2026-08,1138,1051,87,2558,2026-08,3.5208417644678267
3203502,ES,12m_2025-09_a_2026-08,1593,1580,13,3295,2026-08,0.39609993906154783
3203601,ES,12m_2025-09_a_2026-08,327,340,-13,639,2026-08,-1.9938650306748467
3203700,ES,12m_2025-09_a_2026-08,768,736,32,1555,2026-08,2.1011162179908074
3203809,ES,12m_2025-09_a_2026-08,462,436,26,1650,2026-08,1.600985221674877
3203908,ES,12m_2025-09_a_2026-08,6601,6341,260,8869,2026-08,3.020095249157858
3204005,ES,12m_2025-09_a_2026-08,711,715,-4,1204,2026-08,-0.33112582781456956
3204054,ES,12m_2025-09_a_2026-08,2049,1756,293,3427,2026-08,9.3490746649649
3204104,ES,12m_2025-09_a_2026-08,3651,3447,204,5682,2026-08,3.723986856516977
3204203,ES,12m_2025-09_a_2026-08,2019,1973,46,2796,2026-08,1.6727272727272726
3204252,ES,12m_2025-09_a_2026-08,251,269,-18,513,2026-08,-3.389830508474576
3204302,ES,12m_2025-09_a_2026-08,766,719,47,1168,2026-08,4.192685102586976
3204351,ES,12m_2025-09_a_2026-08,2063,1918,145,2270,2026-08,6.8235294117647065
3204401,ES,12m_2025-09_a_2026-08,700,589,111,1364,2026-08,8.85873902633679
3204500,ES,12m_2025-09_a_2026-08,460,407,53,809,2026-08,7.01058201058201
3204559,ES,12m_2025-09_a_2026-08,5351,5160,191,8272,2026-08,2.3635688652394506
3204609,ES,12m_2025-09_a_2026-08,2264,2129,135,4006,2026-08,3.4874709377421853
3204658,ES,12m_2025-09_a_2026-08,838,845,-7,1274,2026-08,-0.546448087431694
3204708,ES,12m_2025-09_a_2026-08,3257,3470,-213,5528,2026-08,-3.710155025256924
3204807,ES,12m_2025-09_a_2026-08,295,301,-6,731,2026-08,-0.8141112618724559
3204906,ES,12m_2025-09_a_2026-08,16679,16548,131,23719,2026-08,0.5553671358317789
3204955,ES,12m_2025-09_a_2026-08,818,801,17,1671,2026-08,1.0278113663845223
3205002,ES,12m_2025-09_a_2026-08,101507,102254,-747,162620,2026-08,-0.4572526887315064
3205010,ES,12m_2025-09_a_2026-08,6367,5830,537,5382,2026-08,11.08359133126935
3205036,ES,12m_2025-09_a_2026-08,1598,1582,16,3305,2026-08,0.486470051687443
3205069,ES,12m_2025-09_a_2026-08,2874,2898,-24,5406,2026-08,-0.44198895027624313
3205101,ES,12m_2025-09_a_2026-08,13313,12986,327,21094,2026-08,1.5746135696056243
3205150,ES,12m_2025-09_a_2026-08,467,427,40,591,2026-08,7.259528130671507
3205176,ES,12m_2025-09_a_2026-08,3273,3222,51,1977,2026-08,2.64797507788162
3205200,ES,12m_2025-09_a_2026-08,75862,74511,1351,117819,2026-08,1.1599752721777656
3205309,ES,12m_2025-09_a_2026-08,92775,89180,3595,168065,2026-08,2.1858089621207517
3300100,RJ,12m_2025-09_a_2026-08,19027,19595,-568,42553,2026-08,-1.3172236265392732
3300159,RJ,12m_2025-09_a_2026-08,569,546,23,1451,2026-08,1.610644257703081
3300209,RJ,12m_2025-09_a_2026-08,12677,12101,576,22857,2026-08,2.585162245859701
3300225,RJ,12m_2025-09_a_2026-08,2156,1892,264,3528,2026-08,8.088235294117647
3300233,RJ,12m_2025-09_a_2026-08,9664,9193,471,13587,2026-08,3.5910338517840805
3300258,RJ,12m_2025-09_a_2026-08,2945,3066,-121,4569,2026-08,-2.579957356076759
3300308,RJ,12m_2025-09_a_2026-08,8199,7749,450,16865,2026-08,2.741395065488882
3300407,RJ,12m_2025-09_a_2026-08,17819,16515,1304,34041,2026-08,3.983260530897761
3300456,RJ,12m_2025-09_a_2026-08,13659,11225,2434,26677,2026-08,10.040011549725694
3300506,RJ,12m_2025-09_a_2026-08,2480,2287,193,5322,2026-08,3.762916747904075
3300605,RJ,12m_2025-09_a_2026-08,2761,2580,181,7425,2026-08,2.498619547211485
3300704,RJ,12m_2025-09_a_2026-08,23911,22068,1843,40415,2026-08,4.7780773618168615
3300803,RJ,12m_2025-09_a_2026-08,3561,2976,585,7985,2026-08,7.905405405405405
3300902,RJ,12m_2025-09_a_2026-08,335,338,-3,945,2026-08,-0.31645569620253167
3300936,RJ,12m_2025-09_a_2026-08,629,553,76,1567,2026-08,5.097250167672703
3300951,RJ,12m_2025-09_a_2026-08,1236,1142,94,2389,2026-08,4.095860566448802
3301009,RJ,12m_2025-09_a_2026-08,37508,37125,383,87461,2026-08,0.43983554973701744
3301108,RJ,12m_2025-09_a_2026-08,1183,1047,136,3594,2026-08,3.9329091960670906
3301157,RJ,12m_2025-09_a_2026-08,588,616,-28,1192,2026-08,-2.2950819672131146
3301207,RJ,12m_2025-09_a_2026-08,921,902,19,2902,2026-08,0.6590357266736039
3301306,RJ,12m_2025-09_a_2026-08,3183,2673,510,5933,2026-08,9.404388714733543
3301405,RJ,12m_2025-09_a_2026-08,689,608,81,1588,2026-08,5.37491705374917
3301504,RJ,12m_2025-09_a_2026-08,2104,2215,-111,3906,2026-08,-2.7632561613144135
3301603,RJ,12m_2025-09_a_2026-08,486,443,43,1388,2026-08,3.197026022304833
3301702,RJ,12m_2025-09_a_2026-08,75144,70394,4750,167934,2026-08,2.9108245906461416
3301801,RJ,12m_2025-09_a_2026-08,343,305,38,1097,2026-08,3.588290840415486
3301850,RJ,12m_2025-09_a_2026-08,4511,3413,1098,8103,2026-08,15.674518201284796
3301876,RJ,12m_2025-09_a_2026-08,1282,1302,-20,2113,2026-08,-0.9376465072667605
3301900,RJ,12m_2025-09_a_2026-08,21047,14416,6631,35978,2026-08,22.595154530275664
3302007,RJ,12m_2025-09_a_2026-08,13057,11886,1171,27754,2026-08,4.405070909980062
3302056,RJ,12m_2025-09_a_2026-08,618,725,-107,1514,2026-08,-6.600863664404688
3302106,RJ,12m_2025-09_a_2026-08,1058,1023,35,2843,2026-08,1.2464387464387465
3302205,RJ,12m_2025-09_a_2026-08,11464,10748,716,28430,2026-08,2.583531788987515
3302254,RJ,12m_2025-09_a_2026-08,3480,3497,-17,8446,2026-08,-0.20087439442278152
3302270,RJ,12m_2025-09_a_2026-08,2778,2771,7,6576,2026-08,0.10656112041406607
3302304,RJ,12m_2025-09_a_2026-08,237,234,3,690,2026-08,0.43668122270742354
3302403,RJ,12m_2025-09_a_2026-08,61292,56101,5191,145059,2026-08,3.7113564217690964
3302452,RJ,12m_2025-09_a_2026-08,1650,1448,202,2014,2026-08,11.147902869757175
3302502,RJ,12m_2025-09_a_2026-08,9680,9039,641,20168,2026-08,3.282634301223946
3302601,RJ,12m_2025-09_a_2026-08,3674,3697,-23,6328,2026-08,-0.36214769327664936
3302700,RJ,12m_2025-09_a_2026-08,15324,14283,1041,27600,2026-08,3.919575285214052
3302809,RJ,12m_2025-09_a_2026-08,751,776,-25,1735,2026-08,-1.4204545454545454
3302858,RJ,12m_2025-09_a_2026-08,5483,5369,114,15741,2026-08,0.7295066231522365
3302908,RJ,12m_2025-09_a_2026-08,2452,2316,136,4743,2026-08,2.952029520295203
3303005,RJ,12m_2025-09_a_2026-08,1245,1248,-3,3068,2026-08,-0.09768804949527841
3303104,RJ,12m_2025-09_a_2026-08,535,477,58,1718,2026-08,3.493975903614458
3303203,RJ,12m_2025-09_a_2026-08,8551,8215,336,14760,2026-08,2.329450915141431
3303302,RJ,12m_2025-09_a_2026-08,81937,76371,5566,182771,2026-08,3.140994892920629
3303401,RJ,12m_2025-09_a_2026-08,25720,25252,468,51031,2026-08,0.9255779918121947
3303500,RJ,12m_2025-09_a_2026-08,44420,40401,4019,100065,2026-08,4.18445328280199
3303609,RJ,12m_2025-09_a_2026-08,3396,3439,-43,8166,2026-08,-0.5238153246436837
3303708,RJ,12m_2025-09_a_2026-08,2513,2294,219,6382,2026-08,3.5534642219698203
3303807,RJ,12m_2025-09_a_2026-08,5936,5731,205,8990,2026-08,2.333523050654525
3303856,RJ,12m_2025-09_a_2026-08,1388,1336,52,3276,2026-08,1.6129032258064515
3303906,RJ,12m_2025-09_a_2026-08,30363,29481,882,71131,2026-08,1.255533886603368
3303955,RJ,12m_2025-09_a_2026-08,1780,1570,210,3188,2026-08,7.0517125587642715
3304003,RJ,12m_2025-09_a_2026-08,2917,2444,473,7076,2026-08,7.163410570952597
3304102,RJ,12m_2025-09_a_2026-08,570,559,11,1393,2026-08,0.7959479015918958
3304110,RJ,12m_2025-09_a_2026-08,3991,2294,1697,8671,2026-08,24.333237740177804
3304128,RJ,12m_2025-09_a_2026-08,564,618,-54,1239,2026-08,-4.176334106728538
3304144,RJ,12m_2025-09_a_2026-08,5878,6333,-455,15189,2026-08,-2.908463308616722
3304151,RJ,12m_2025-09_a_2026-08,811,611,200,1661,2026-08,13.689253935660506
3304201,RJ,12m_2025-09_a_2026-08,17223,17016,207,39497,2026-08,0.526851616187325
3304300,RJ,12m_2025-09_a_2026-08,5635,5743,-108,13431,2026-08,-0.7976955461998672
3304409,RJ,12m_2025-09_a_2026-08,501,626,-125,1322,2026-08,-8.638562543192812
3304508,RJ,12m_2025-09_a_2026-08,1631,1353,278,2615,2026-08,11.895592640136927
3304524,RJ,12m_2025-09_a_2026-08,18883,17722,1161,33820,2026-08,3.554915949661655
3304557,RJ,12m_2025-09_a_2026-08,904167,861610,42557,2030390,2026-08,2.1408740070217163
3304607,RJ,12m_2025-09_a_2026-08,231,239,-8,855,2026-08,-0.9269988412514484
3304706,RJ,12m_2025-09_a_2026-08,3155,3019,136,7834,2026-08,1.766692647440894
3304755,RJ,12m_2025-09_a_2026-08,1644,2114,-470,3037,2026-08,-13.401767892785857
3304805,RJ,12m_2025-09_a_2026-08,1420,1297,123,3812,2026-08,3.334236920574681
3304904,RJ,12m_2025-09_a_2026-08,48087,46632,1455,102900,2026-08,1.434274730149342
3305000,RJ,12m_2025-09_a_2026-08,7883,6128,1755,19145,2026-08,10.09200690051754
3305109,RJ,12m_2025-09_a_2026-08,22840,23152,-312,51676,2026-08,-0.6001384934984997
3305133,RJ,12m_2025-09_a_2026-08,147,111,36,494,2026-08,7.860262008733625
3305158,RJ,12m_2025-09_a_2026-08,1898,1834,64,3846,2026-08,1.6922263352723426
3305208,RJ,12m_2025-09_a_2026-08,7678,7347,331,14269,2026-08,2.3748026976610705
3305307,RJ,12m_2025-09_a_2026-08,139,113,26,545,2026-08,5.009633911368015
3305406,RJ,12m_2025-09_a_2026-08,1334,1244,90,3956,2026-08,2.3279875840662183
3305505,RJ,12m_2025-09_a_2026-08,9864,8653,1211,16723,2026-08,7.806859205776173
3305554,RJ,12m_2025-09_a_2026-08,6386,5139,1247,16450,2026-08,8.20232848779846
3305604,RJ,12m_2025-09_a_2026-08,2355,2016,339,7695,2026-08,4.608482871125612
3305703,RJ,12m_2025-09_a_2026-08,765,737,28,1614,2026-08,1.7654476670870116
3305752,RJ,12m_2025-09_a_2026-08,1653,1520,133,3538,2026-08,3.9060205580029366
3305802,RJ,12m_2025-09_a_2026-08,20359,19262,1097,39412,2026-08,2.863108443168472
3305901,RJ,12m_2025-09_a_2026-08,129,114,15,450,2026-08,3.4482758620689653
3306008,RJ,12m_2025-09_a_2026-08,8410,8731,-321,20922,2026-08,-1.5110860048015817
3306107,RJ,12m_2025-09_a_2026-08,4764,4160,604,12091,2026-08,5.25811787237747
3306156,RJ,12m_2025-09_a_2026-08,355,314,41,693,2026-08,6.288343558282208
3306206,RJ,12m_2025-09_a_2026-08,2907,2340,567,7716,2026-08,7.931179185900127
3306305,RJ,12m_2025-09_a_2026-08,34148,35517,-1369,77040,2026-08,-1.7459730388093204
3500105,SP,12m_2025-09_a_2026-08,4565,4670,-105,12304,2026-08,-0.8461600451285358
3500204,SP,12m_2025-09_a_2026-08,404,377,27,1084,2026-08,2.554399243140965
3500303,SP,12m_2025-09_a_2026-08,5215,4984,231,9681,2026-08,2.4444444444444446
3500402,SP,12m_2025-09_a_2026-08,399,390,9,983,2026-08,0.9240246406570842
3500501,SP,12m_2025-09_a_2026-08,3033,3002,31,6178,2026-08,0.504311046038718
3500550,SP,12m_2025-09_a_2026-08,978,1096,-118,1436,2026-08,-7.5933075933075935
3500600,SP,12m_2025-09_a_2026-08,484,436,48,1053,2026-08,4.776119402985075
3500709,SP,12m_2025-09_a_2026-08,6116,6300,-184,10256,2026-08,-1.7624521072796935
3500758,SP,12m_2025-09_a_2026-08,368,346,22,797,2026-08,2.838709677419355
3500808,SP,12m_2025-09_a_2026-08,787,469,318,1654,2026-08,23.802395209580837
3500907,SP,12m_2025-09_a_2026-08,386,359,27,983,2026-08,2.8242677824267783
3501004,SP,12m_2025-09_a_2026-08,2097,2049,48,3189,2026-08,1.5281757402101241
3501103,SP,12m_2025-09_a_2026-08,304,279,25,760,2026-08,3.4013605442176873
3501152,SP,12m_2025-09_a_2026-08,2297,2196,101,8147,2026-08,1.2552821277653492
3501202,SP,12m_2025-09_a_2026-08,216,171,45,529,2026-08,9.297520661157025
3501301,SP,12m_2025-09_a_2026-08,1380,1332,48,3448,2026-08,1.411764705882353
3501400,SP,12m_2025-09_a_2026-08,201,253,-52,269,2026-08,-16.1993769470405
3501509,SP,12m_2025-09_a_2026-08,71,65,6,175,2026-08,3.5502958579881656
3501608,SP,12m_2025-09_a_2026-08,45863,46295,-432,80574,2026-08,-0.5332938300866602
3501707,SP,12m_2025-09_a_2026-08,5092,5161,-69,11043,2026-08,-0.6209503239740821
3501806,SP,12m_2025-09_a_2026-08,230,245,-15,387,2026-08,-3.731343283582089
3501905,SP,12m_2025-09_a_2026-08,11890,11744,146,27377,2026-08,0.5361536484154089
3502002,SP,12m_2025-09_a_2026-08,1069,623,446,1900,2026-08,30.674002751031637
3502101,SP,12m_2025-09_a_2026-08,8744,8480,264,19761,2026-08,1.354054469918449
3502200,SP,12m_2025-09_a_2026-08,2684,2648,36,6361,2026-08,0.5691699604743082
3502309,SP,12m_2025-09_a_2026-08,504,491,13,1144,2026-08,1.1494252873563218
3502408,SP,12m_2025-09_a_2026-08,107,124,-17,298,2026-08,-5.396825396825397
3502507,SP,12m_2025-09_a_2026-08,6515,6215,300,11954,2026-08,2.574223442594817
3502606,SP,12m_2025-09_a_2026-08,370,370,0,639,2026-08,0
3502705,SP,12m_2025-09_a_2026-08,3578,3117,461,6150,2026-08,8.103357356301636
3502754,SP,12m_2025-09_a_2026-08,6517,6792,-275,11407,2026-08,-2.354048964218456
3502804,SP,12m_2025-09_a_2026-08,30783,29899,884,59216,2026-08,1.5154632105876706
3502903,SP,12m_2025-09_a_2026-08,4719,4449,270,7859,2026-08,3.557780998814073
3503000,SP,12m_2025-09_a_2026-08,355,388,-33,816,2026-08,-3.8869257950530036
3503109,SP,12m_2025-09_a_2026-08,929,1013,-84,1323,2026-08,-5.970149253731343
3503158,SP,12m_2025-09_a_2026-08,83,57,26,378,2026-08,7.386363636363637
3503208,SP,12m_2025-09_a_2026-08,41948,42397,-449,81654,2026-08,-0.5468740484513356
3503307,SP,12m_2025-09_a_2026-08,20378,18941,1437,40067,2026-08,3.7199068081801707
3503356,SP,12m_2025-09_a_2026-08,79,83,-4,141,2026-08,-2.7586206896551726
3503406,SP,12m_2025-09_a_2026-08,571,568,3,1628,2026-08,0.1846153846153846
3503505,SP,12m_2025-09_a_2026-08,392,443,-51,1023,2026-08,-4.748603351955307
3503604,SP,12m_2025-09_a_2026-08,951,915,36,1803,2026-08,2.037351443123939
3503703,SP,12m_2025-09_a_2026-08,797,827,-30,2607,2026-08,-1.1376564277588168
3503802,SP,12m_2025-09_a_2026-08,6048,6276,-228,11340,2026-08,-1.970954356846473
3503901,SP,12m_2025-09_a_2026-08,16818,16028,790,33135,2026-08,2.4424176843407017
3503950,SP,12m_2025-09_a_2026-08,37,34,3,52,2026-08,6.122448979591836
3504008,SP,12m_2025-09_a_2026-08,12488,13051,-563,23143,2026-08,-2.3749261790264065
3504107,SP,12m_2025-09_a_2026-08,30791,30024,767,55052,2026-08,1.4129133278069448
3504206,SP,12m_2025-09_a_2026-08,1843,1649,194,2988,2026-08,6.9434502505368645
3504305,SP,12m_2025-09_a_2026-08,763,771,-8,1193,2026-08,-0.6661115736885929
3504404,SP,12m_2025-09_a_2026-08,1312,1271,41,2614,2026-08,1.5934706568208317
3504503,SP,12m_2025-09_a_2026-08,12748,13104,-356,22472,2026-08,-1.559488347643245
3504602,SP,12m_2025-09_a_2026-08,4770,4275,495,5901,2026-08,9.156492785793564
3504701,SP,12m_2025-09_a_2026-08,36,34,2,85,2026-08,2.4096385542168677
3504800,SP,12m_2025-09_a_2026-08,1312,1288,24,2136,2026-08,1.1363636363636365
3504909,SP,12m_2025-09_a_2026-08,488,509,-21,1941,2026-08,-1.0703363914373087
3505005,SP,12m_2025-09_a_2026-08,162,160,2,371,2026-08,0.5420054200542005
3505104,SP,12m_2025-09_a_2026-08,423,391,32,883,2026-08,3.7602820211515864
3505203,SP,12m_2025-09_a_2026-08,5576,5631,-55,10524,2026-08,-0.5198979109556668
3505302,SP,12m_2025-09_a_2026-08,4357,5225,-868,12392,2026-08,-6.546003016591253
3505351,SP,12m_2025-09_a_2026-08,58,63,-5,177,2026-08,-2.7472527472527473
3505401,SP,12m_2025-09_a_2026-08,225,232,-7,429,2026-08,-1.6055045871559634
3505500,SP,12m_2025-09_a_2026-08,17597,16893,704,35523,2026-08,2.0218846032338664
3505609,SP,12m_2025-09_a_2026-08,6227,5897,330,4709,2026-08,7.535967115779858
3505708,SP,12m_2025-09_a_2026-08,319045,315493,3552,386985,2026-08,0.9263678400137704
3505807,SP,12m_2025-09_a_2026-08,3138,3069,69,6523,2026-08,1.0691044313603966
3505906,SP,12m_2025-09_a_2026-08,7809,8093,-284,18234,2026-08,-1.533642942002376
3506003,SP,12m_2025-09_a_2026-08,99661,95546,4115,146583,2026-08,2.8883679141982763
3506102,SP,12m_2025-09_a_2026-08,18547,19301,-754,29659,2026-08,-2.4792029724131126
3506201,SP,12m_2025-09_a_2026-08,272,337,-65,1049,2026-08,-5.834829443447038
3506300,SP,12m_2025-09_a_2026-08,1365,1322,43,2947,2026-08,1.4807162534435263
3506359,SP,12m_2025-09_a_2026-08,8951,8588,363,15674,2026-08,2.3708444908889037
3506409,SP,12m_2025-09_a_2026-08,742,720,22,1532,2026-08,1.456953642384106
3506508,SP,12m_2025-09_a_2026-08,18886,19118,-232,32658,2026-08,-0.7053815749467923
3506607,SP,12m_2025-09_a_2026-08,1739,1984,-245,3367,2026-08,-6.782945736434108
3506706,SP,12m_2025-09_a_2026-08,1374,1432,-58,3355,2026-08,-1.69938470553765
3506805,SP,12m_2025-09_a_2026-08,1383,1557,-174,3624,2026-08,-4.581358609794629
3506904,SP,12m_2025-09_a_2026-08,1286,1231,55,2402,2026-08,2.343417128248828
3507001,SP,12m_2025-09_a_2026-08,14380,13860,520,26300,2026-08,2.017067494181536
3507100,SP,12m_2025-09_a_2026-08,3175,3341,-166,6335,2026-08,-2.5534533148746346
3507159,SP,12m_2025-09_a_2026-08,213,280,-67,478,2026-08,-12.293577981651376
3507209,SP,12m_2025-09_a_2026-08,493,515,-22,1331,2026-08,-1.6260162601626018
3507308,SP,12m_2025-09_a_2026-08,1408,1110,298,2427,2026-08,13.997181775481446
3507407,SP,12m_2025-09_a_2026-08,1626,1526,100,2910,2026-08,3.558718861209965
3507456,SP,12m_2025-09_a_2026-08,287,306,-19,497,2026-08,-3.6821705426356592
3507506,SP,12m_2025-09_a_2026-08,25503,24703,800,49312,2026-08,1.6490765171503958
3507605,SP,12m_2025-09_a_2026-08,34396,34624,-228,53003,2026-08,-0.42832184253536476
3507704,SP,12m_2025-09_a_2026-08,139,219,-80,493,2026-08,-13.961605584642234
3507753,SP,12m_2025-09_a_2026-08,133,119,14,480,2026-08,3.004291845493562
3507803,SP,12m_2025-09_a_2026-08,2823,2719,104,5519,2026-08,1.920590951061865
3507902,SP,12m_2025-09_a_2026-08,3324,3498,-174,7753,2026-08,-2.1950296455153273
3508009,SP,12m_2025-09_a_2026-08,3153,3400,-247,4669,2026-08,-5.024410089503661
3508108,SP,12m_2025-09_a_2026-08,2004,2408,-404,4585,2026-08,-8.097815193425536
3508207,SP,12m_2025-09_a_2026-08,908,1093,-185,2200,2026-08,-7.756813417190776
3508306,SP,12m_2025-09_a_2026-08,434,462,-28,867,2026-08,-3.128491620111732
3508405,SP,12m_2025-09_a_2026-08,13879,12646,1233,22992,2026-08,5.666620708672274
3508504,SP,12m_2025-09_a_2026-08,9524,8829,695,23728,2026-08,3.0174098033256636
3508603,SP,12m_2025-09_a_2026-08,1331,1444,-113,5257,2026-08,-2.1042830540037243
3508702,SP,12m_2025-09_a_2026-08,1353,1322,31,2598,2026-08,1.2076353720296065
3508801,SP,12m_2025-09_a_2026-08,2132,2346,-214,4149,2026-08,-4.904881961952785
3508900,SP,12m_2025-09_a_2026-08,101,98,3,390,2026-08,0.7751937984496124
3509007,SP,12m_2025-09_a_2026-08,14705,13407,1298,24791,2026-08,5.525050014898055
3509106,SP,12m_2025-09_a_2026-08,93,79,14,266,2026-08,5.555555555555555
3509205,SP,12m_2025-09_a_2026-08,45108,43289,1819,59386,2026-08,3.1597964111383257
3509254,SP,12m_2025-09_a_2026-08,3019,3144,-125,7128,2026-08,-1.7234247897421757
3509304,SP,12m_2025-09_a_2026-08,603,583,20,1351,2026-08,1.5026296018031555
3509403,SP,12m_2025-09_a_2026-08,3282,3403,-121,6554,2026-08,-1.8127340823970037
3509452,SP,12m_2025-09_a_2026-08,298,267,31,691,2026-08,4.696969696969696
3509502,SP,12m_2025-09_a_2026-08,256349,251513,4836,442881,2026-08,1.1039961647775913
3509601,SP,12m_2025-09_a_2026-08,5416,5339,77,11530,2026-08,0.6723129311097529
3509700,SP,12m_2025-09_a_2026-08,8256,8200,56,15389,2026-08,0.3652253309854562
3509809,SP,12m_2025-09_a_2026-08,400,399,1,652,2026-08,0.15360983102918588
3509908,SP,12m_2025-09_a_2026-08,480,500,-20,1114,2026-08,-1.763668430335097
3509957,SP,12m_2025-09_a_2026-08,379,437,-58,901,2026-08,-6.047966631908238
3510005,SP,12m_2025-09_a_2026-08,2460,2487,-27,6504,2026-08,-0.41341295360587965
3510104,SP,12m_2025-09_a_2026-08,476,451,25,668,2026-08,3.8880248833592534
3510153,SP,12m_2025-09_a_2026-08,232,183,49,590,2026-08,9.057301293900185
3510203,SP,12m_2025-09_a_2026-08,4753,4850,-97,10517,2026-08,-0.9138873186357641
3510302,SP,12m_2025-09_a_2026-08,6538,6121,417,7025,2026-08,6.310532687651333
3510401,SP,12m_2025-09_a_2026-08,6865,6678,187,15787,2026-08,1.1987179487179487
3510500,SP,12m_2025-09_a_2026-08,15920,16141,-221,26096,2026-08,-0.839761370976935
3510609,SP,12m_2025-09_a_2026-08,23353,23308,45,37438,2026-08,0.1203433797769636
3510708,SP,12m_2025-09_a_2026-08,721,555,166,1215,2026-08,15.824594852240228
3510807,SP,12m_2025-09_a_2026-08,3744,4087,-343,7659,2026-08,-4.286428392901775
3510906,SP,12m_2025-09_a_2026-08,283,219,64,652,2026-08,10.884353741496598
3511003,SP,12m_2025-09_a_2026-08,2219,2055,164,5117,2026-08,3.311124570967091
3511102,SP,12m_2025-09_a_2026-08,20102,23134,-3032,39879,2026-08,-7.065787327258745
3511201,SP,12m_2025-09_a_2026-08,399,360,39,645,2026-08,6.435643564356436
3511300,SP,12m_2025-09_a_2026-08,2274,2076,198,3673,2026-08,5.697841726618705
3511409,SP,12m_2025-09_a_2026-08,2826,2840,-14,5020,2026-08,-0.27810885975367505
3511508,SP,12m_2025-09_a_2026-08,6521,6733,-212,13401,2026-08,-1.5573349004627928
3511607,SP,12m_2025-09_a_2026-08,3872,3701,171,7801,2026-08,2.241153342070773
3511706,SP,12m_2025-09_a_2026-08,2052,1839,213,3783,2026-08,5.966386554621849
3511904,SP,12m_2025-09_a_2026-08,978,878,100,1567,2026-08,6.81663258350375
3512001,SP,12m_2025-09_a_2026-08,3241,2948,293,7451,2026-08,4.093322157027102
3512100,SP,12m_2025-09_a_2026-08,5376,4344,1032,6231,2026-08,19.849971148297747
3512209,SP,12m_2025-09_a_2026-08,3583,3386,197,5895,2026-08,3.4573534573534577
3512308,SP,12m_2025-09_a_2026-08,1532,1545,-13,3729,2026-08,-0.347407803313736
3512407,SP,12m_2025-09_a_2026-08,5443,5705,-262,12099,2026-08,-2.1195696141088907
3512506,SP,12m_2025-09_a_2026-08,730,657,73,1570,2026-08,4.876419505678023
3512605,SP,12m_2025-09_a_2026-08,468,641,-173,583,2026-08,-22.883597883597883
3512704,SP,12m_2025-09_a_2026-08,744,628,116,1419,2026-08,8.902532617037604
3512803,SP,12m_2025-09_a_2026-08,7828,6777,1051,13740,2026-08,8.2827645992592
3512902,SP,12m_2025-09_a_2026-08,873,716,157,2517,2026-08,6.652542372881356
3513009,SP,12m_2025-09_a_2026-08,46736,47330,-594,88390,2026-08,-0.667535736761665
3513108,SP,12m_2025-09_a_2026-08,7321,7227,94,13718,2026-08,0.6899588960657663
3513207,SP,12m_2025-09_a_2026-08,1207,1194,13,2204,2026-08,0.5933363760839799
3513306,SP,12m_2025-09_a_2026-08,83,123,-40,183,2026-08,-17.937219730941703
3513405,SP,12m_2025-09_a_2026-08,4778,4987,-209,17476,2026-08,-1.181792479502403
3513504,SP,12m_2025-09_a_2026-08,15281,14020,1261,30603,2026-08,4.297593892713516
3513603,SP,12m_2025-09_a_2026-08,1016,821,195,2980,2026-08,7.001795332136446
3513702,SP,12m_2025-09_a_2026-08,5200,5275,-75,12335,2026-08,-0.604351329572925
3513801,SP,12m_2025-09_a_2026-08,43431,43733,-302,96376,2026-08,-0.3123771695732224
3513850,SP,12m_2025-09_a_2026-08,201,171,30,329,2026-08,10.033444816053512
3513900,SP,12m_2025-09_a_2026-08,1238,1204,34,2653,2026-08,1.2982054219167622
3514007,SP,12m_2025-09_a_2026-08,262,294,-32,818,2026-08,-3.7647058823529407
3514106,SP,12m_2025-09_a_2026-08,3755,3666,89,7068,2026-08,1.275254334431867
3514205,SP,12m_2025-09_a_2026-08,53,65,-12,121,2026-08,-9.022556390977442
3514304,SP,12m_2025-09_a_2026-08,1173,1147,26,3360,2026-08,0.7798440311937612
3514403,SP,12m_2025-09_a_2026-08,5206,5042,164,11327,2026-08,1.469139120308161
3514502,SP,12m_2025-09_a_2026-08,1016,1040,-24,2575,2026-08,-0.923432089265102
3514601,SP,12m_2025-09_a_2026-08,856,907,-51,2437,2026-08,-2.04983922829582
3514700,SP,12m_2025-09_a_2026-08,694,549,145,1025,2026-08,16.477272727272727
3514809,SP,12m_2025-09_a_2026-08,991,936,55,2099,2026-08,2.690802348336595
3514908,SP,12m_2025-09_a_2026-08,4399,4512,-113,7342,2026-08,-1.5157612340710933
3514924,SP,12m_2025-09_a_2026-08,255,213,42,650,2026-08,6.907894736842106
3514957,SP,12m_2025-09_a_2026-08,120,132,-12,218,2026-08,-5.217391304347826
3515004,SP,12m_2025-09_a_2026-08,24910,24355,555,46842,2026-08,1.1990407673860912
3515103,SP,12m_2025-09_a_2026-08,3866,3745,121,10274,2026-08,1.191765980498375
3515129,SP,12m_2025-09_a_2026-08,451,236,215,639,2026-08,50.70754716981132
3515152,SP,12m_2025-09_a_2026-08,2067,2004,63,4636,2026-08,1.3776514323201399
3515186,SP,12m_2025-09_a_2026-08,16924,17035,-111,16546,2026-08,-0.6663865041724201
3515194,SP,12m_2025-09_a_2026-08,560,564,-4,891,2026-08,-0.44692737430167595
3515202,SP,12m_2025-09_a_2026-08,2868,2611,257,4178,2026-08,6.554450395307319
3515301,SP,12m_2025-09_a_2026-08,29,27,2,94,2026-08,2.1739130434782608
3515350,SP,12m_2025-09_a_2026-08,129,137,-8,356,2026-08,-2.197802197802198
3515400,SP,12m_2025-09_a_2026-08,1872,1819,53,3604,2026-08,1.4925373134328357
3515509,SP,12m_2025-09_a_2026-08,8967,8758,209,17313,2026-08,1.2219363891487371
3515608,SP,12m_2025-09_a_2026-08,1146,1074,72,1788,2026-08,4.195804195804196
3515657,SP,12m_2025-09_a_2026-08,201,247,-46,249,2026-08,-15.593220338983052
3515707,SP,12m_2025-09_a_2026-08,10962,10764,198,21335,2026-08,0.9367459904432985
3515806,SP,12m_2025-09_a_2026-08,13,19,-6,70,2026-08,-7.894736842105263
3515905,SP,12m_2025-09_a_2026-08,105,108,-3,245,2026-08,-1.2096774193548387
3516002,SP,12m_2025-09_a_2026-08,1194,1132,62,1413,2026-08,4.58919319022946
3516101,SP,12m_2025-09_a_2026-08,84,99,-15,214,2026-08,-6.550218340611353
3516200,SP,12m_2025-09_a_2026-08,63789,63927,-138,102782,2026-08,-0.13408472600077728
3516309,SP,12m_2025-09_a_2026-08,5197,5162,35,8558,2026-08,0.4106535257538425
3516408,SP,12m_2025-09_a_2026-08,13611,11368,2243,20486,2026-08,12.295126897988268
3516507,SP,12m_2025-09_a_2026-08,366,396,-30,749,2026-08,-3.8510911424903727
3516606,SP,12m_2025-09_a_2026-08,480,522,-42,1485,2026-08,-2.75049115913556
3516705,SP,12m_2025-09_a_2026-08,6697,4858,1839,12442,2026-08,17.344147882674715
3516804,SP,12m_2025-09_a_2026-08,225,236,-11,259,2026-08,-4.074074074074074
3516853,SP,12m_2025-09_a_2026-08,1193,820,373,4857,2026-08,8.318465655664586
3516903,SP,12m_2025-09_a_2026-08,637,654,-17,1337,2026-08,-1.255539143279173
3517000,SP,12m_2025-09_a_2026-08,723,835,-112,1458,2026-08,-7.13375796178344
3517109,SP,12m_2025-09_a_2026-08,287,311,-24,916,2026-08,-2.553191489361702
3517208,SP,12m_2025-09_a_2026-08,793,967,-174,1739,2026-08,-9.09566126502875
3517307,SP,12m_2025-09_a_2026-08,175,160,15,411,2026-08,3.787878787878788
3517406,SP,12m_2025-09_a_2026-08,4904,4734,170,15547,2026-08,1.105547245886714
3517505,SP,12m_2025-09_a_2026-08,3879,4053,-174,5679,2026-08,-2.972834443874936
3517604,SP,12m_2025-09_a_2026-08,683,664,19,2160,2026-08,0.8874357776739842
3517703,SP,12m_2025-09_a_2026-08,1542,1696,-154,3527,2026-08,-4.183645748437924
3517802,SP,12m_2025-09_a_2026-08,364,377,-13,1218,2026-08,-1.0560519902518277
3517901,SP,12m_2025-09_a_2026-08,761,713,48,2501,2026-08,1.9567876070118222
3518008,SP,12m_2025-09_a_2026-08,161,152,9,225,2026-08,4.166666666666666
3518107,SP,12m_2025-09_a_2026-08,335,345,-10,815,2026-08,-1.2121212121212122
3518206,SP,12m_2025-09_a_2026-08,2682,2613,69,7429,2026-08,0.9375
3518305,SP,12m_2025-09_a_2026-08,4743,4365,378,9878,2026-08,3.9789473684210526
3518404,SP,12m_2025-09_a_2026-08,12728,12553,175,31307,2026-08,0.5621225748426056
3518503,SP,12m_2025-09_a_2026-08,1104,1161,-57,2865,2026-08,-1.9507186858316223
3518602,SP,12m_2025-09_a_2026-08,4979,4847,132,9627,2026-08,1.3902053712480253
3518701,SP,12m_2025-09_a_2026-08,19502,19611,-109,48125,2026-08,-0.22598167267902308
3518800,SP,12m_2025-09_a_2026-08,250412,247385,3027,409312,2026-08,0.7450435039442755
3518859,SP,12m_2025-09_a_2026-08,658,664,-6,1793,2026-08,-0.33351862145636463
3518909,SP,12m_2025-09_a_2026-08,272,274,-2,428,2026-08,-0.46511627906976744
3519006,SP,12m_2025-09_a_2026-08,1300,1423,-123,1437,2026-08,-7.884615384615384
3519055,SP,12m_2025-09_a_2026-08,9733,8826,907,13675,2026-08,7.1036967418546375
3519071,SP,12m_2025-09_a_2026-08,32723,31755,968,56888,2026-08,1.7310443490701002
3519105,SP,12m_2025-09_a_2026-08,1736,1747,-11,3459,2026-08,-0.3170028818443804
3519204,SP,12m_2025-09_a_2026-08,519,471,48,990,2026-08,5.095541401273886
3519253,SP,12m_2025-09_a_2026-08,454,570,-116,1640,2026-08,-6.605922551252847
3519303,SP,12m_2025-09_a_2026-08,3685,3924,-239,7874,2026-08,-2.9458893134475534
3519402,SP,12m_2025-09_a_2026-08,1498,1378,120,2359,2026-08,5.359535506922733
3519501,SP,12m_2025-09_a_2026-08,965,856,109,1631,2026-08,7.1616294349540075
3519600,SP,12m_2025-09_a_2026-08,12854,12622,232,19021,2026-08,1.2347650220873916
3519709,SP,12m_2025-09_a_2026-08,10413,9952,461,19942,2026-08,2.36640829526205
3519808,SP,12m_2025-09_a_2026-08,412,429,-17,1304,2026-08,-1.2869038607115821
3519907,SP,12m_2025-09_a_2026-08,325,368,-43,807,2026-08,-5.0588235294117645
3520004,SP,12m_2025-09_a_2026-08,1002,993,9,2170,2026-08,0.41647385469689957
3520103,SP,12m_2025-09_a_2026-08,3603,3919,-316,6173,2026-08,-4.86977962706118
3520202,SP,12m_2025-09_a_2026-08,847,758,89,2042,2026-08,4.5570916538658475
3520301,SP,12m_2025-09_a_2026-08,1005,1003,2,2292,2026-08,0.08733624454148471
3520400,SP,12m_2025-09_a_2026-08,4800,4611,189,8653,2026-08,2.2329867674858224
3520426,SP,12m_2025-09_a_2026-08,1099,909,190,1487,2026-08,14.649190439475712
3520442,SP,12m_2025-09_a_2026-08,2091,1939,152,4357,2026-08,3.61474435196195
3520509,SP,12m_2025-09_a_2026-08,58483,57112,1371,93371,2026-08,1.490217391304348
3520608,SP,12m_2025-09_a_2026-08,373,274,99,932,2026-08,11.884753901560623
3520707,SP,12m_2025-09_a_2026-08,190,271,-81,435,2026-08,-15.69767441860465
3520806,SP,12m_2025-09_a_2026-08,227,254,-27,906,2026-08,-2.8938906752411575
3520905,SP,12m_2025-09_a_2026-08,1289,1365,-76,3225,2026-08,-2.3023326264768254
3521002,SP,12m_2025-09_a_2026-08,3336,3306,30,6888,2026-08,0.4374453193350831
3521101,SP,12m_2025-09_a_2026-08,972,989,-17,2131,2026-08,-0.7914338919925512
3521150,SP,12m_2025-09_a_2026-08,753,728,25,1206,2026-08,2.1168501270110074
3521200,SP,12m_2025-09_a_2026-08,78,100,-22,470,2026-08,-4.471544715447155
3521309,SP,12m_2025-09_a_2026-08,1794,1743,51,3152,2026-08,1.6446307642695903
3521408,SP,12m_2025-09_a_2026-08,5414,4414,1000,9076,2026-08,12.382367508667658
3521507,SP,12m_2025-09_a_2026-08,605,539,66,993,2026-08,7.119741100323624
3521606,SP,12m_2025-09_a_2026-08,111,180,-69,446,2026-08,-13.398058252427184
3521705,SP,12m_2025-09_a_2026-08,1493,1519,-26,3091,2026-08,-0.8341353865896696
3521804,SP,12m_2025-09_a_2026-08,2931,3004,-73,4910,2026-08,-1.4649809351796108
3521903,SP,12m_2025-09_a_2026-08,2837,2749,88,4374,2026-08,2.053196453569762
3522000,SP,12m_2025-09_a_2026-08,482,505,-23,707,2026-08,-3.1506849315068495
3522109,SP,12m_2025-09_a_2026-08,6820,6281,539,12984,2026-08,4.3310566492567295
3522158,SP,12m_2025-09_a_2026-08,79,54,25,237,2026-08,11.79245283018868
3522208,SP,12m_2025-09_a_2026-08,15799,15884,-85,24927,2026-08,-0.33983687829841674
3522307,SP,12m_2025-09_a_2026-08,24356,24334,22,42606,2026-08,0.051662596280293065
3522406,SP,12m_2025-09_a_2026-08,10273,10287,-14,19483,2026-08,-0.07180591885931169
3522505,SP,12m_2025-09_a_2026-08,23184,22990,194,39382,2026-08,0.49504950495049505
3522604,SP,12m_2025-09_a_2026-08,11471,11624,-153,23998,2026-08,-0.6335141402012339
3522653,SP,12m_2025-09_a_2026-08,365,301,64,756,2026-08,9.248554913294797
3522703,SP,12m_2025-09_a_2026-08,5824,6183,-359,11694,2026-08,-2.978511573882021
3522802,SP,12m_2025-09_a_2026-08,900,866,34,1873,2026-08,1.8488308863512777
3522901,SP,12m_2025-09_a_2026-08,3709,3292,417,5360,2026-08,8.436172364960552
3523008,SP,12m_2025-09_a_2026-08,292,299,-7,386,2026-08,-1.7811704834605597
3523107,SP,12m_2025-09_a_2026-08,35394,34021,1373,57364,2026-08,2.452179814613063
3523206,SP,12m_2025-09_a_2026-08,3650,3577,73,8166,2026-08,0.9020140862473743
3523305,SP,12m_2025-09_a_2026-08,518,627,-109,1350,2026-08,-7.470870459218642
3523404,SP,12m_2025-09_a_2026-08,23412,22284,1128,43612,2026-08,2.6551172206006965
3523503,SP,12m_2025-09_a_2026-08,2049,2084,-35,3003,2026-08,-1.1520737327188941
3523602,SP,12m_2025-09_a_2026-08,2391,1964,427,6022,2026-08,7.631814119749776
3523701,SP,12m_2025-09_a_2026-08,553,454,99,924,2026-08,12
3523800,SP,12m_2025-09_a_2026-08,760,673,87,1198,2026-08,7.830783078307831
3523909,SP,12m_2025-09_a_2026-08,29139,29265,-126,59343,2026-08,-0.2118750945870958
3524006,SP,12m_2025-09_a_2026-08,20648,19290,1358,34092,2026-08,4.1485916783772225
3524105,SP,12m_2025-09_a_2026-08,4536,4455,81,8023,2026-08,1.019894233190632
3524204,SP,12m_2025-09_a_2026-08,348,371,-23,568,2026-08,-3.8917089678511
3524303,SP,12m_2025-09_a_2026-08,10716,11729,-1013,21296,2026-08,-4.540768299789322
3524402,SP,12m_2025-09_a_2026-08,31293,31906,-613,54386,2026-08,-1.114565719376716
3524501,SP,12m_2025-09_a_2026-08,2439,2348,91,4322,2026-08,2.1507917749940915
3524600,SP,12m_2025-09_a_2026-08,1649,1681,-32,4026,2026-08,-0.7885657959586003
3524709,SP,12m_2025-09_a_2026-08,18624,18309,315,38123,2026-08,0.8331570038087177
3524808,SP,12m_2025-09_a_2026-08,5828,5667,161,12631,2026-08,1.2910986367281476
3524907,SP,12m_2025-09_a_2026-08,1114,1364,-250,3093,2026-08,-7.478312892611427
3525003,SP,12m_2025-09_a_2026-08,10484,11403,-919,20447,2026-08,-4.301226247308809
3525102,SP,12m_2025-09_a_2026-08,5934,5911,23,10505,2026-08,0.21942377408891434
3525201,SP,12m_2025-09_a_2026-08,6280,6246,34,12029,2026-08,0.28345143809920803
3525300,SP,12m_2025-09_a_2026-08,20805,20765,40,40451,2026-08,0.09898295018683032
3525409,SP,12m_2025-09_a_2026-08,706,669,37,878,2026-08,4.399524375743162
3525508,SP,12m_2025-09_a_2026-08,1237,1153,84,2869,2026-08,3.016157989228007
3525607,SP,12m_2025-09_a_2026-08,234,222,12,290,2026-08,4.316546762589928
3525706,SP,12m_2025-09_a_2026-08,6232,6219,13,11769,2026-08,0.11058183055461042
3525805,SP,12m_2025-09_a_2026-08,58,77,-19,153,2026-08,-11.046511627906977
3525854,SP,12m_2025-09_a_2026-08,959,938,21,1527,2026-08,1.394422310756972
3525904,SP,12m_2025-09_a_2026-08,116631,119051,-2420,190378,2026-08,-1.2551997427359205
3526001,SP,12m_2025-09_a_2026-08,1848,2005,-157,5330,2026-08,-2.861308547475852
3526100,SP,12m_2025-09_a_2026-08,1073,1141,-68,1987,2026-08,-3.309002433090024
3526209,SP,12m_2025-09_a_2026-08,1843,1569,274,3985,2026-08,7.383454594448935
3526308,SP,12m_2025-09_a_2026-08,287,286,1,910,2026-08,0.11001100110011
3526407,SP,12m_2025-09_a_2026-08,6092,6185,-93,11330,2026-08,-0.8141468966120984
3526506,SP,12m_2025-09_a_2026-08,106,92,14,394,2026-08,3.684210526315789
3526605,SP,12m_2025-09_a_2026-08,259,255,4,1034,2026-08,0.3883495145631068
3526704,SP,12m_2025-09_a_2026-08,12918,12405,513,25224,2026-08,2.075998543158917
3526803,SP,12m_2025-09_a_2026-08,16052,16638,-586,31946,2026-08,-1.8013033321037746
3526902,SP,12m_2025-09_a_2026-08,49963,49316,647,95787,2026-08,0.6800504519655245
3527009,SP,12m_2025-09_a_2026-08,1081,1105,-24,2146,2026-08,-1.1059907834101383
3527108,SP,12m_2025-09_a_2026-08,12876,12216,660,29218,2026-08,2.311086210518944
3527207,SP,12m_2025-09_a_2026-08,8063,7448,615,18825,2026-08,3.3772652388797364
3527256,SP,12m_2025-09_a_2026-08,41,45,-4,149,2026-08,-2.6143790849673203
3527306,SP,12m_2025-09_a_2026-08,10751,10721,30,19952,2026-08,0.15058729043268748
3527405,SP,12m_2025-09_a_2026-08,1365,1630,-265,3609,2026-08,-6.840474961280331
3527504,SP,12m_2025-09_a_2026-08,759,824,-65,1188,2026-08,-5.18754988028731
3527603,SP,12m_2025-09_a_2026-08,4695,4507,188,8363,2026-08,2.2996941896024468
3527702,SP,12m_2025-09_a_2026-08,179,209,-30,629,2026-08,-4.552352048558421
3527801,SP,12m_2025-09_a_2026-08,292,196,96,825,2026-08,13.168724279835391
3527900,SP,12m_2025-09_a_2026-08,78,86,-8,216,2026-08,-3.571428571428571
3528007,SP,12m_2025-09_a_2026-08,1632,1753,-121,3804,2026-08,-3.082802547770701
3528106,SP,12m_2025-09_a_2026-08,766,728,38,1400,2026-08,2.7900146842878124
3528205,SP,12m_2025-09_a_2026-08,165,180,-15,322,2026-08,-4.451038575667656
3528304,SP,12m_2025-09_a_2026-08,265,260,5,510,2026-08,0.9900990099009901
3528403,SP,12m_2025-09_a_2026-08,4977,5203,-226,10530,2026-08,-2.1011528449237633
3528502,SP,12m_2025-09_a_2026-08,10066,9924,142,15629,2026-08,0.9168980435203719
3528601,SP,12m_2025-09_a_2026-08,1091,1152,-61,2431,2026-08,-2.4478330658105936
3528700,SP,12m_2025-09_a_2026-08,96,143,-47,541,2026-08,-7.993197278911565
3528809,SP,12m_2025-09_a_2026-08,1588,1571,17,4256,2026-08,0.4010379806558151
3528858,SP,12m_2025-09_a_2026-08,714,974,-260,1513,2026-08,-14.664410603496897
3528908,SP,12m_2025-09_a_2026-08,100,91,9,399,2026-08,2.307692307692308
3529005,SP,12m_2025-09_a_2026-08,38800,38794,6,71107,2026-08,0.008438699877638851
3529104,SP,12m_2025-09_a_2026-08,54,53,1,164,2026-08,0.6134969325153374
3529203,SP,12m_2025-09_a_2026-08,1615,1393,222,2883,2026-08,8.342728297632469
3529302,SP,12m_2025-09_a_2026-08,21918,22332,-414,38392,2026-08,-1.0668453331958976
3529401,SP,12m_2025-09_a_2026-08,41133,40276,857,78212,2026-08,1.107879257966518
3529500,SP,12m_2025-09_a_2026-08,1952,1940,12,3009,2026-08,0.40040040040040037
3529609,SP,12m_2025-09_a_2026-08,702,729,-27,2099,2026-08,-1.2699905926622765
3529658,SP,12m_2025-09_a_2026-08,61,61,0,115,2026-08,0
3529708,SP,12m_2025-09_a_2026-08,1263,1310,-47,2171,2026-08,-2.1190261496844007
3529807,SP,12m_2025-09_a_2026-08,730,765,-35,1495,2026-08,-2.287581699346405
3529906,SP,12m_2025-09_a_2026-08,1367,1283,84,3087,2026-08,2.797202797202797
3530003,SP,12m_2025-09_a_2026-08,102,107,-5,210,2026-08,-2.3255813953488373
3530102,SP,12m_2025-09_a_2026-08,1557,1563,-6,3787,2026-08,-0.15818613234906406
3530201,SP,12m_2025-09_a_2026-08,1006,1026,-20,3196,2026-08,-0.6218905472636816
3530300,SP,12m_2025-09_a_2026-08,11758,10920,838,19340,2026-08,4.529240082153281
3530409,SP,12m_2025-09_a_2026-08,985,812,173,1444,2026-08,13.611329661683714
3530508,SP,12m_2025-09_a_2026-08,9462,9403,59,20879,2026-08,0.28338136407300674
3530607,SP,12m_2025-09_a_2026-08,77673,76691,982,123176,2026-08,0.8036401132625169
3530706,SP,12m_2025-09_a_2026-08,27497,26896,601,50472,2026-08,1.205109181688757
3530805,SP,12m_2025-09_a_2026-08,16701,16935,-234,35175,2026-08,-0.6608489367110058
3530904,SP,12m_2025-09_a_2026-08,431,444,-13,986,2026-08,-1.3013013013013013
3531001,SP,12m_2025-09_a_2026-08,109,74,35,254,2026-08,15.981735159817351
3531100,SP,12m_2025-09_a_2026-08,4597,4407,190,7869,2026-08,2.474280505274124
3531209,SP,12m_2025-09_a_2026-08,891,934,-43,1904,2026-08,-2.2085259373394965
3531308,SP,12m_2025-09_a_2026-08,7365,7195,170,15705,2026-08,1.0943031863533954
3531407,SP,12m_2025-09_a_2026-08,2909,3267,-358,4563,2026-08,-7.27494411704938
3531506,SP,12m_2025-09_a_2026-08,4702,4252,450,7732,2026-08,6.179620983246361
3531605,SP,12m_2025-09_a_2026-08,527,482,45,663,2026-08,7.281553398058252
3531704,SP,12m_2025-09_a_2026-08,182,187,-5,679,2026-08,-0.7309941520467835
3531803,SP,12m_2025-09_a_2026-08,13142,12227,915,19131,2026-08,5.023056653491436
3531902,SP,12m_2025-09_a_2026-08,3548,4011,-463,7439,2026-08,-5.859276132624652
3532009,SP,12m_2025-09_a_2026-08,1401,1557,-156,4241,2026-08,-3.547873550147828
3532058,SP,12m_2025-09_a_2026-08,427,333,94,846,2026-08,12.5
3532108,SP,12m_2025-09_a_2026-08,90,67,23,259,2026-08,9.745762711864407
3532157,SP,12m_2025-09_a_2026-08,180,225,-45,433,2026-08,-9.414225941422593
3532207,SP,12m_2025-09_a_2026-08,791,824,-33,3379,2026-08,-0.9671746776084409
3532306,SP,12m_2025-09_a_2026-08,237,236,1,869,2026-08,0.1152073732718894
3532405,SP,12m_2025-09_a_2026-08,2000,1841,159,3801,2026-08,4.365733113673806
3532504,SP,12m_2025-09_a_2026-08,1002,880,122,1798,2026-08,7.279236276849642
3532603,SP,12m_2025-09_a_2026-08,636,697,-61,1501,2026-08,-3.905249679897567
3532702,SP,12m_2025-09_a_2026-08,345,294,51,407,2026-08,14.325842696629213
3532801,SP,12m_2025-09_a_2026-08,1207,1170,37,1985,2026-08,1.8993839835728954
3532827,SP,12m_2025-09_a_2026-08,541,574,-33,1628,2026-08,-1.9867549668874174
3532843,SP,12m_2025-09_a_2026-08,23,31,-8,38,2026-08,-17.391304347826086
3532868,SP,12m_2025-09_a_2026-08,92,272,-180,155,2026-08,-53.73134328358209
3532900,SP,12m_2025-09_a_2026-08,645,721,-76,3186,2026-08,-2.3298589822194975
3533007,SP,12m_2025-09_a_2026-08,1562,1445,117,3205,2026-08,3.788860103626943
3533106,SP,12m_2025-09_a_2026-08,99,114,-15,148,2026-08,-9.202453987730062
3533205,SP,12m_2025-09_a_2026-08,533,563,-30,2095,2026-08,-1.411764705882353
3533254,SP,12m_2025-09_a_2026-08,580,595,-15,676,2026-08,-2.170767004341534
3533304,SP,12m_2025-09_a_2026-08,192,193,-1,147,2026-08,-0.6756756756756757
3533403,SP,12m_2025-09_a_2026-08,18724,18736,-12,27943,2026-08,-0.04292613128241817
3533502,SP,12m_2025-09_a_2026-08,5995,6008,-13,11804,2026-08,-0.11001100110011
3533601,SP,12m_2025-09_a_2026-08,2529,2393,136,4447,2026-08,3.1547204824866624
3533700,SP,12m_2025-09_a_2026-08,662,603,59,1060,2026-08,5.894105894105895
3533809,SP,12m_2025-09_a_2026-08,107,115,-8,241,2026-08,-3.2128514056224895
3533908,SP,12m_2025-09_a_2026-08,9945,9678,267,18979,2026-08,1.426891834117144
3534005,SP,12m_2025-09_a_2026-08,1090,1109,-19,2609,2026-08,-0.7229832572298325
3534104,SP,12m_2025-09_a_2026-08,253,279,-26,665,2026-08,-3.762662807525326
3534203,SP,12m_2025-09_a_2026-08,1339,1266,73,2885,2026-08,2.59601706970128
3534302,SP,12m_2025-09_a_2026-08,5542,6015,-473,12574,2026-08,-3.6253544876216757
3534401,SP,12m_2025-09_a_2026-08,183730,147344,36386,254579,2026-08,16.67606201848822
3534500,SP,12m_2025-09_a_2026-08,101,115,-14,223,2026-08,-5.9071729957805905
3534609,SP,12m_2025-09_a_2026-08,3917,3873,44,8009,2026-08,0.5524168236032643
3534708,SP,12m_2025-09_a_2026-08,14160,14511,-351,29250,2026-08,-1.185770750988142
3534757,SP,12m_2025-09_a_2026-08,1652,1554,98,2655,2026-08,3.832616347281971
3534807,SP,12m_2025-09_a_2026-08,325,331,-6,606,2026-08,-0.9803921568627451
3534906,SP,12m_2025-09_a_2026-08,543,586,-43,1081,2026-08,-3.8256227758007118
3535002,SP,12m_2025-09_a_2026-08,1050,1080,-30,3036,2026-08,-0.9784735812133072
3535101,SP,12m_2025-09_a_2026-08,629,669,-40,1074,2026-08,-3.5906642728904847
3535200,SP,12m_2025-09_a_2026-08,381,351,30,1067,2026-08,2.892960462873674
3535309,SP,12m_2025-09_a_2026-08,1995,1892,103,4596,2026-08,2.2924549298909414
3535408,SP,12m_2025-09_a_2026-08,1374,1393,-19,3160,2026-08,-0.5976722239698019
3535507,SP,12m_2025-09_a_2026-08,4980,4679,301,10601,2026-08,2.9223300970873787
3535606,SP,12m_2025-09_a_2026-08,938,929,9,2153,2026-08,0.4197761194029851
3535705,SP,12m_2025-09_a_2026-08,680,738,-58,2016,2026-08,-2.796528447444552
3535804,SP,12m_2025-09_a_2026-08,3095,3167,-72,5477,2026-08,-1.2975310866822851
3535903,SP,12m_2025-09_a_2026-08,322,348,-26,724,2026-08,-3.4666666666666663
3536000,SP,12m_2025-09_a_2026-08,1126,1212,-86,3118,2026-08,-2.6841448189762795
3536109,SP,12m_2025-09_a_2026-08,1657,1718,-61,2629,2026-08,-2.2676579925650557
3536208,SP,12m_2025-09_a_2026-08,1768,1582,186,3591,2026-08,5.462555066079295
3536257,SP,12m_2025-09_a_2026-08,134,125,9,188,2026-08,5.027932960893855
3536307,SP,12m_2025-09_a_2026-08,2804,2828,-24,5846,2026-08,-0.40885860306643956
3536406,SP,12m_2025-09_a_2026-08,971,861,110,2132,2026-08,5.440158259149357
3536505,SP,12m_2025-09_a_2026-08,32856,34769,-1913,56999,2026-08,-3.2472161868549705
3536570,SP,12m_2025-09_a_2026-08,242,330,-88,331,2026-08,-21.002386634844868
3536604,SP,12m_2025-09_a_2026-08,195,219,-24,623,2026-08,-3.7094281298299845
3536703,SP,12m_2025-09_a_2026-08,5746,6308,-562,14131,2026-08,-3.8249506567753353
3536802,SP,12m_2025-09_a_2026-08,337,368,-31,1110,2026-08,-2.716914986853637
3536901,SP,12m_2025-09_a_2026-08,85,93,-8,191,2026-08,-4.0201005025125625
3537008,SP,12m_2025-09_a_2026-08,2000,1957,43,3916,2026-08,1.110250451846114
3537107,SP,12m_2025-09_a_2026-08,8179,8324,-145,13886,2026-08,-1.033425985318224
3537156,SP,12m_2025-09_a_2026-08,192,166,26,477,2026-08,5.764966740576496
3537206,SP,12m_2025-09_a_2026-08,358,318,40,1125,2026-08,3.686635944700461
3537305,SP,12m_2025-09_a_2026-08,9039,9031,8,18105,2026-08,0.04420622202575013
3537404,SP,12m_2025-09_a_2026-08,1880,1778,102,5181,2026-08,2.008269344359126
3537503,SP,12m_2025-09_a_2026-08,1464,1373,91,2879,2026-08,3.2639885222381633
3537602,SP,12m_2025-09_a_2026-08,4995,4720,275,9702,2026-08,2.9171528588098017
3537701,SP,12m_2025-09_a_2026-08,275,271,4,992,2026-08,0.4048582995951417
3537800,SP,12m_2025-09_a_2026-08,3918,3815,103,8585,2026-08,1.2143362414524876
3537909,SP,12m_2025-09_a_2026-08,3836,3565,271,7428,2026-08,3.786502724605281
3538006,SP,12m_2025-09_a_2026-08,16392,16507,-115,39336,2026-08,-0.2915008491546476
3538105,SP,12m_2025-09_a_2026-08,1348,1539,-191,3432,2026-08,-5.271874137455148
3538204,SP,12m_2025-09_a_2026-08,1099,1060,39,2552,2026-08,1.5519299641862316
3538303,SP,12m_2025-09_a_2026-08,316,143,173,560,2026-08,44.70284237726098
3538501,SP,12m_2025-09_a_2026-08,489,394,95,1625,2026-08,6.209150326797386
3538600,SP,12m_2025-09_a_2026-08,2778,2446,332,5428,2026-08,6.5149136577708004
3538709,SP,12m_2025-09_a_2026-08,75798,75632,166,150419,2026-08,0.11048032318822254
3538808,SP,12m_2025-09_a_2026-08,3145,3267,-122,6243,2026-08,-1.9167321288295365
3538907,SP,12m_2025-09_a_2026-08,1776,1688,88,3569,2026-08,2.528009192760701
3539004,SP,12m_2025-09_a_2026-08,1518,1508,10,2986,2026-08,0.33602150537634407
3539103,SP,12m_2025-09_a_2026-08,1193,1089,104,2141,2026-08,5.10554737358861
3539202,SP,12m_2025-09_a_2026-08,2824,2774,50,5413,2026-08,0.9323140033563304
3539301,SP,12m_2025-09_a_2026-08,8640,9117,-477,21881,2026-08,-2.1334645317112444
3539400,SP,12m_2025-09_a_2026-08,1573,1433,140,2401,2026-08,6.191950464396285
3539509,SP,12m_2025-09_a_2026-08,4178,4291,-113,9441,2026-08,-1.1827506803433117
3539608,SP,12m_2025-09_a_2026-08,1446,1396,50,3355,2026-08,1.5128593040847202
3539707,SP,12m_2025-09_a_2026-08,224,152,72,629,2026-08,12.926391382405743
3539806,SP,12m_2025-09_a_2026-08,18672,20023,-1351,25397,2026-08,-5.050844922984896
3539905,SP,12m_2025-09_a_2026-08,1179,1169,10,1416,2026-08,0.7112375533428165
3540002,SP,12m_2025-09_a_2026-08,2664,2789,-125,9965,2026-08,-1.2388503468780971
3540101,SP,12m_2025-09_a_2026-08,96,117,-21,250,2026-08,-7.7490774907749085
3540200,SP,12m_2025-09_a_2026-08,4534,4954,-420,11928,2026-08,-3.4013605442176873
3540259,SP,12m_2025-09_a_2026-08,201,162,39,241,2026-08,19.306930693069308
3540309,SP,12m_2025-09_a_2026-08,234,321,-87,924,2026-08,-8.605341246290802
3540408,SP,12m_2025-09_a_2026-08,306,230,76,464,2026-08,19.587628865979383
3540507,SP,12m_2025-09_a_2026-08,827,664,163,1761,2026-08,10.200250312891114
3540606,SP,12m_2025-09_a_2026-08,11138,9962,1176,19960,2026-08,6.260647359454855
3540705,SP,12m_2025-09_a_2026-08,8428,8448,-20,16702,2026-08,-0.1196029183112068
3540754,SP,12m_2025-09_a_2026-08,631,584,47,1803,2026-08,2.6765375854214124
3540804,SP,12m_2025-09_a_2026-08,2289,2231,58,5504,2026-08,1.0650018362100624
3540853,SP,12m_2025-09_a_2026-08,30,31,-1,303,2026-08,-0.3289473684210526
3540903,SP,12m_2025-09_a_2026-08,3601,3442,159,8801,2026-08,1.8398518861374682
3541000,SP,12m_2025-09_a_2026-08,30555,28935,1620,54909,2026-08,3.040027022462422
3541059,SP,12m_2025-09_a_2026-08,935,882,53,1331,2026-08,4.147104851330203
3541109,SP,12m_2025-09_a_2026-08,198,318,-120,602,2026-08,-16.62049861495845
3541208,SP,12m_2025-09_a_2026-08,794,735,59,2439,2026-08,2.4789915966386555
3541307,SP,12m_2025-09_a_2026-08,2591,2420,171,5493,2026-08,3.2130777903043963
3541406,SP,12m_2025-09_a_2026-08,37031,35124,1907,73038,2026-08,2.6809689165061648
3541505,SP,12m_2025-09_a_2026-08,3406,3828,-422,6161,2026-08,-6.410451162084156
3541604,SP,12m_2025-09_a_2026-08,5696,5826,-130,11174,2026-08,-1.1500353857041754
3541653,SP,12m_2025-09_a_2026-08,210,215,-5,669,2026-08,-0.741839762611276
3541703,SP,12m_2025-09_a_2026-08,1437,1361,76,3916,2026-08,1.9791666666666665
3541802,SP,12m_2025-09_a_2026-08,654,612,42,2550,2026-08,1.674641148325359
3541901,SP,12m_2025-09_a_2026-08,626,678,-52,2171,2026-08,-2.3391812865497075
3542008,SP,12m_2025-09_a_2026-08,571,638,-67,1573,2026-08,-4.085365853658537
3542107,SP,12m_2025-09_a_2026-08,982,999,-17,2683,2026-08,-0.6296296296296297
3542206,SP,12m_2025-09_a_2026-08,3469,3487,-18,7233,2026-08,-0.24824162184526274
3542305,SP,12m_2025-09_a_2026-08,228,196,32,515,2026-08,6.625258799171843
3542404,SP,12m_2025-09_a_2026-08,2768,2605,163,5689,2026-08,2.949692363373145
3542503,SP,12m_2025-09_a_2026-08,1284,1305,-21,2123,2026-08,-0.9794776119402986
3542602,SP,12m_2025-09_a_2026-08,7065,6777,288,14941,2026-08,1.965467822288951
3542701,SP,12m_2025-09_a_2026-08,1530,1248,282,2198,2026-08,14.718162839248434
3542800,SP,12m_2025-09_a_2026-08,316,271,45,602,2026-08,8.07899461400359
3542909,SP,12m_2025-09_a_2026-08,1152,1221,-69,2662,2026-08,-2.5265470523617726
3543006,SP,12m_2025-09_a_2026-08,2412,2323,89,2448,2026-08,3.7727850784230603
3543105,SP,12m_2025-09_a_2026-08,669,529,140,1041,2026-08,15.538290788013317
3543204,SP,12m_2025-09_a_2026-08,272,293,-21,870,2026-08,-2.356902356902357
3543238,SP,12m_2025-09_a_2026-08,37,43,-6,115,2026-08,-4.958677685950414
3543253,SP,12m_2025-09_a_2026-08,144,135,9,391,2026-08,2.356020942408377
3543303,SP,12m_2025-09_a_2026-08,9482,9318,164,21540,2026-08,0.7672155688622754
3543402,SP,12m_2025-09_a_2026-08,155386,152193,3193,263011,2026-08,1.2289371791022947
3543501,SP,12m_2025-09_a_2026-08,185,138,47,438,2026-08,12.020460358056265
3543600,SP,12m_2025-09_a_2026-08,632,676,-44,1086,2026-08,-3.893805309734513
3543709,SP,12m_2025-09_a_2026-08,526,539,-13,1725,2026-08,-0.7479861910241657
3543808,SP,12m_2025-09_a_2026-08,1086,996,90,1990,2026-08,4.736842105263158
3543907,SP,12m_2025-09_a_2026-08,36702,36610,92,68832,2026-08,0.13383764911259818
3544004,SP,12m_2025-09_a_2026-08,4238,4657,-419,10074,2026-08,-3.9931382826646336
3544103,SP,12m_2025-09_a_2026-08,1059,1041,18,2718,2026-08,0.6666666666666667
3544202,SP,12m_2025-09_a_2026-08,574,512,62,954,2026-08,6.950672645739911
3544251,SP,12m_2025-09_a_2026-08,1033,993,40,1985,2026-08,2.056555269922879
3544301,SP,12m_2025-09_a_2026-08,1137,1295,-158,2312,2026-08,-6.396761133603239
3544400,SP,12m_2025-09_a_2026-08,130,122,8,496,2026-08,1.639344262295082
3544509,SP,12m_2025-09_a_2026-08,265,276,-11,514,2026-08,-2.0952380952380953
3544608,SP,12m_2025-09_a_2026-08,150,156,-6,409,2026-08,-1.4457831325301205
3544707,SP,12m_2025-09_a_2026-08,103,111,-8,185,2026-08,-4.145077720207254
3544806,SP,12m_2025-09_a_2026-08,314,359,-45,694,2026-08,-6.089309878213803
3544905,SP,12m_2025-09_a_2026-08,1891,1601,290,3164,2026-08,10.090466249130133
3545001,SP,12m_2025-09_a_2026-08,917,842,75,2399,2026-08,3.2271944922547333
3545100,SP,12m_2025-09_a_2026-08,388,450,-62,453,2026-08,-12.03883495145631
3545159,SP,12m_2025-09_a_2026-08,966,966,0,2028,2026-08,0
3545209,SP,12m_2025-09_a_2026-08,19797,19365,432,37449,2026-08,1.1670313639679066
3545308,SP,12m_2025-09_a_2026-08,4291,3668,623,8208,2026-08,8.213579433091628
3545407,SP,12m_2025-09_a_2026-08,668,614,54,1848,2026-08,3.0100334448160537
3545506,SP,12m_2025-09_a_2026-08,1009,1189,-180,1822,2026-08,-8.991008991008991
3545605,SP,12m_2025-09_a_2026-08,1380,1463,-83,3992,2026-08,-2.03680981595092
3545704,SP,12m_2025-09_a_2026-08,827,715,112,2127,2026-08,5.558312655086849
3545803,SP,12m_2025-09_a_2026-08,29259,29345,-86,55457,2026-08,-0.1548349927083521
3546009,SP,12m_2025-09_a_2026-08,870,831,39,2490,2026-08,1.591187270501836
3546108,SP,12m_2025-09_a_2026-08,457,411,46,658,2026-08,7.516339869281046
3546207,SP,12m_2025-09_a_2026-08,486,552,-66,1276,2026-08,-4.918032786885246
3546256,SP,12m_2025-09_a_2026-08,135,176,-41,546,2026-08,-6.984667802385008
3546306,SP,12m_2025-09_a_2026-08,2674,2588,86,5867,2026-08,1.4876318975955716
3546405,SP,12m_2025-09_a_2026-08,8827,8383,444,18069,2026-08,2.519148936170213
3546504,SP,12m_2025-09_a_2026-08,345,287,58,766,2026-08,8.192090395480225
3546603,SP,12m_2025-09_a_2026-08,4472,4501,-29,8630,2026-08,-0.3349116526157755
3546702,SP,12m_2025-09_a_2026-08,4204,4019,185,11045,2026-08,1.7034990791896871
3546801,SP,12m_2025-09_a_2026-08,5253,5395,-142,12138,2026-08,-1.1563517915309447
3546900,SP,12m_2025-09_a_2026-08,467,414,53,794,2026-08,7.152496626180836
3547007,SP,12m_2025-09_a_2026-08,521,553,-32,1182,2026-08,-2.6359143327841847
3547106,SP,12m_2025-09_a_2026-08,771,535,236,959,2026-08,32.6417704011065
3547205,SP,12m_2025-09_a_2026-08,28,30,-2,70,2026-08,-2.7777777777777777
3547304,SP,12m_2025-09_a_2026-08,32874,33096,-222,58194,2026-08,-0.3800328677074774
3547403,SP,12m_2025-09_a_2026-08,46,62,-16,133,2026-08,-10.738255033557047
3547502,SP,12m_2025-09_a_2026-08,4934,10122,-5188,7871,2026-08,-39.72739107129183
3547601,SP,12m_2025-09_a_2026-08,2189,2082,107,5303,2026-08,2.0592763664357197
3547650,SP,12m_2025-09_a_2026-08,130,125,5,155,2026-08,3.3333333333333335
3547700,SP,12m_2025-09_a_2026-08,1704,1275,429,3381,2026-08,14.532520325203253
3547809,SP,12m_2025-09_a_2026-08,160377,157015,3362,229013,2026-08,1.4899114118705434
3547908,SP,12m_2025-09_a_2026-08,838,730,108,1623,2026-08,7.128712871287128
3548005,SP,12m_2025-09_a_2026-08,4549,4224,325,8897,2026-08,3.791413905739617
3548054,SP,12m_2025-09_a_2026-08,726,762,-36,1439,2026-08,-2.440677966101695
3548104,SP,12m_2025-09_a_2026-08,526,480,46,1328,2026-08,3.58814352574103
3548203,SP,12m_2025-09_a_2026-08,550,543,7,1388,2026-08,0.5068790731354091
3548302,SP,12m_2025-09_a_2026-08,113,108,5,188,2026-08,2.73224043715847
3548401,SP,12m_2025-09_a_2026-08,211,219,-8,399,2026-08,-1.9656019656019657
3548500,SP,12m_2025-09_a_2026-08,79399,75651,3748,186970,2026-08,2.0456058770235015
3548609,SP,12m_2025-09_a_2026-08,656,579,77,2007,2026-08,3.989637305699482
3548708,SP,12m_2025-09_a_2026-08,166563,163025,3538,282219,2026-08,1.2695519249607976
3548807,SP,12m_2025-09_a_2026-08,65644,67407,-1763,121965,2026-08,-1.424899780162938
3548906,SP,12m_2025-09_a_2026-08,48035,46263,1772,91065,2026-08,1.9844780665897663
3549003,SP,12m_2025-09_a_2026-08,21,25,-4,78,2026-08,-4.878048780487805
3549102,SP,12m_2025-09_a_2026-08,10685,10708,-23,24994,2026-08,-0.0919374825118919
3549201,SP,12m_2025-09_a_2026-08,66,81,-15,120,2026-08,-11.11111111111111
3549250,SP,12m_2025-09_a_2026-08,17,11,6,68,2026-08,9.67741935483871
3549300,SP,12m_2025-09_a_2026-08,134,105,29,376,2026-08,8.357348703170029
3549409,SP,12m_2025-09_a_2026-08,4974,5056,-82,14981,2026-08,-0.5443802695346213
3549508,SP,12m_2025-09_a_2026-08,331,377,-46,1001,2026-08,-4.393505253104107
3549607,SP,12m_2025-09_a_2026-08,95,113,-18,577,2026-08,-3.0252100840336134
3549706,SP,12m_2025-09_a_2026-08,9734,9722,12,17540,2026-08,0.06846188954815154
3549805,SP,12m_2025-09_a_2026-08,95826,93123,2703,164604,2026-08,1.6695387922248783
3549904,SP,12m_2025-09_a_2026-08,117917,115894,2023,215122,2026-08,0.9493240231066312
3549953,SP,12m_2025-09_a_2026-08,2903,2747,156,4267,2026-08,3.794697153977135
3550001,SP,12m_2025-09_a_2026-08,603,614,-11,1899,2026-08,-0.5759162303664921
3550100,SP,12m_2025-09_a_2026-08,4865,4600,265,8870,2026-08,3.0796048808832075
3550209,SP,12m_2025-09_a_2026-08,2511,2450,61,5847,2026-08,1.0542689249913584
3550308,SP,12m_2025-09_a_2026-08,2951444,2888507,62937,4955653,2026-08,1.2863407563406501
3550407,SP,12m_2025-09_a_2026-08,5166,4713,453,9144,2026-08,5.212288574387297
3550506,SP,12m_2025-09_a_2026-08,1172,1129,43,1941,2026-08,2.265542676501581
3550605,SP,12m_2025-09_a_2026-08,15461,15315,146,25989,2026-08,0.5649498897186859
3550704,SP,12m_2025-09_a_2026-08,10014,9783,231,19773,2026-08,1.1820693890082898
3550803,SP,12m_2025-09_a_2026-08,1910,1745,165,3116,2026-08,5.591324974584887
3550902,SP,12m_2025-09_a_2026-08,1582,1537,45,4248,2026-08,1.070663811563169
3551009,SP,12m_2025-09_a_2026-08,17114,16606,508,35239,2026-08,1.4626702369640956
3551108,SP,12m_2025-09_a_2026-08,1217,1402,-185,2773,2026-08,-6.25422582826234
3551207,SP,12m_2025-09_a_2026-08,205,239,-34,452,2026-08,-6.995884773662551
3551306,SP,12m_2025-09_a_2026-08,927,799,128,2567,2026-08,5.248052480524805
3551405,SP,12m_2025-09_a_2026-08,431,464,-33,927,2026-08,-3.4375000000000004
3551504,SP,12m_2025-09_a_2026-08,4715,4491,224,8463,2026-08,2.7187765505522514
3551603,SP,12m_2025-09_a_2026-08,3051,3069,-18,7047,2026-08,-0.25477707006369427
3551702,SP,12m_2025-09_a_2026-08,28206,28842,-636,48347,2026-08,-1.2984096523283588
3551801,SP,12m_2025-09_a_2026-08,698,757,-59,2065,2026-08,-2.7777777777777777
3551900,SP,12m_2025-09_a_2026-08,1603,1822,-219,1734,2026-08,-11.213517665130567
3552007,SP,12m_2025-09_a_2026-08,204,192,12,915,2026-08,1.3289036544850499
3552106,SP,12m_2025-09_a_2026-08,4203,4063,140,9281,2026-08,1.5315610983481018
3552205,SP,12m_2025-09_a_2026-08,144245,142272,1973,238602,2026-08,0.8337946743636663
3552304,SP,12m_2025-09_a_2026-08,714,645,69,1142,2026-08,6.430568499534017
3552403,SP,12m_2025-09_a_2026-08,43552,41710,1842,67739,2026-08,2.7952714084100947
3552502,SP,12m_2025-09_a_2026-08,31722,32286,-564,60187,2026-08,-0.9283797797567118
3552551,SP,12m_2025-09_a_2026-08,562,643,-81,1911,2026-08,-4.066265060240964
3552601,SP,12m_2025-09_a_2026-08,1138,1137,1,1807,2026-08,0.05537098560354374
3552700,SP,12m_2025-09_a_2026-08,2083,2158,-75,3403,2026-08,-2.156411730879816
3552809,SP,12m_2025-09_a_2026-08,42516,41754,762,63754,2026-08,1.2096774193548387
3552908,SP,12m_2025-09_a_2026-08,493,428,65,674,2026-08,10.673234811165845
3553005,SP,12m_2025-09_a_2026-08,2441,2422,19,4155,2026-08,0.4593810444874275
3553104,SP,12m_2025-09_a_2026-08,254,255,-1,492,2026-08,-0.2028397565922921
3553203,SP,12m_2025-09_a_2026-08,294,330,-36,849,2026-08,-4.067796610169491
3553302,SP,12m_2025-09_a_2026-08,3229,2860,369,6107,2026-08,6.430812129661903
3553401,SP,12m_2025-09_a_2026-08,2568,2495,73,5640,2026-08,1.3112987246272678
3553500,SP,12m_2025-09_a_2026-08,322,312,10,1135,2026-08,0.8888888888888888
3553609,SP,12m_2025-09_a_2026-08,956,914,42,2399,2026-08,1.7819261773440815
3553658,SP,12m_2025-09_a_2026-08,214,209,5,475,2026-08,1.0638297872340425
3553708,SP,12m_2025-09_a_2026-08,6019,6116,-97,11371,2026-08,-0.8458318800139518
3553807,SP,12m_2025-09_a_2026-08,3343,3253,90,5395,2026-08,1.6965127238454287
3553856,SP,12m_2025-09_a_2026-08,1085,1152,-67,1757,2026-08,-3.673245614035088
3553906,SP,12m_2025-09_a_2026-08,654,592,62,1318,2026-08,4.936305732484077
3553955,SP,12m_2025-09_a_2026-08,3162,3057,105,5110,2026-08,2.097902097902098
3554003,SP,12m_2025-09_a_2026-08,20678,17888,2790,36407,2026-08,8.2993723413749
3554102,SP,12m_2025-09_a_2026-08,48961,46558,2403,90344,2026-08,2.732513844509387
3554201,SP,12m_2025-09_a_2026-08,417,457,-40,585,2026-08,-6.4
3554300,SP,12m_2025-09_a_2026-08,1543,1493,50,3052,2026-08,1.6655562958027983
3554409,SP,12m_2025-09_a_2026-08,778,735,43,930,2026-08,4.8478015783540025
3554508,SP,12m_2025-09_a_2026-08,8624,8694,-70,16691,2026-08,-0.4176361792255832
3554607,SP,12m_2025-09_a_2026-08,123,139,-16,243,2026-08,-6.177606177606178
3554656,SP,12m_2025-09_a_2026-08,51,59,-8,270,2026-08,-2.877697841726619
3554706,SP,12m_2025-09_a_2026-08,1423,1339,84,2553,2026-08,3.402187120291616
3554755,SP,12m_2025-09_a_2026-08,173,184,-11,419,2026-08,-2.558139534883721
3554805,SP,12m_2025-09_a_2026-08,5193,4898,295,8640,2026-08,3.5350509286998206
3554904,SP,12m_2025-09_a_2026-08,427,475,-48,1733,2026-08,-2.695115103874228
3554953,SP,12m_2025-09_a_2026-08,245,245,0,778,2026-08,0
3555000,SP,12m_2025-09_a_2026-08,7138,7113,25,15718,2026-08,0.15930669725355254
3555109,SP,12m_2025-09_a_2026-08,1207,1504,-297,2674,2026-08,-9.996634129922585
3555208,SP,12m_2025-09_a_2026-08,82,88,-6,132,2026-08,-4.3478260869565215
3555307,SP,12m_2025-09_a_2026-08,87,81,6,186,2026-08,3.3333333333333335
3555356,SP,12m_2025-09_a_2026-08,536,563,-27,1400,2026-08,-1.89208128941836
3555406,SP,12m_2025-09_a_2026-08,13120,13005,115,21232,2026-08,0.5445849315717195
3555505,SP,12m_2025-09_a_2026-08,579,685,-106,1495,2026-08,-6.620861961274203
3555604,SP,12m_2025-09_a_2026-08,887,771,116,1269,2026-08,10.060711188204683
3555703,SP,12m_2025-09_a_2026-08,409,98,311,493,2026-08,170.87912087912088
3555802,SP,12m_2025-09_a_2026-08,394,424,-30,1172,2026-08,-2.4958402662229617
3555901,SP,12m_2025-09_a_2026-08,22,46,-24,232,2026-08,-9.375
3556008,SP,12m_2025-09_a_2026-08,1973,1949,24,3641,2026-08,0.6635333149018523
3556107,SP,12m_2025-09_a_2026-08,3109,2768,341,4177,2026-08,8.889468196037539
3556206,SP,12m_2025-09_a_2026-08,25422,24719,703,47904,2026-08,1.4893752251011632
3556305,SP,12m_2025-09_a_2026-08,3304,3072,232,7662,2026-08,3.1224764468371466
3556354,SP,12m_2025-09_a_2026-08,637,608,29,1332,2026-08,2.225633154259401
3556404,SP,12m_2025-09_a_2026-08,5869,5762,107,9368,2026-08,1.1553827880358492
3556453,SP,12m_2025-09_a_2026-08,8880,8846,34,16243,2026-08,0.20976000987105928
3556503,SP,12m_2025-09_a_2026-08,12062,11051,1011,20955,2026-08,5.069193742478941
3556602,SP,12m_2025-09_a_2026-08,451,526,-75,1187,2026-08,-5.942947702060222
3556701,SP,12m_2025-09_a_2026-08,20076,20494,-418,43600,2026-08,-0.9496115225589531
3556800,SP,12m_2025-09_a_2026-08,1381,1464,-83,2547,2026-08,-3.155893536121673
3556909,SP,12m_2025-09_a_2026-08,1779,1978,-199,4345,2026-08,-4.379401408450704
3556958,SP,12m_2025-09_a_2026-08,55,41,14,94,2026-08,17.5
3557006,SP,12m_2025-09_a_2026-08,15158,15195,-37,21631,2026-08,-0.1707587225401514
3557105,SP,12m_2025-09_a_2026-08,16155,15512,643,28746,2026-08,2.2880119560189303
3557154,SP,12m_2025-09_a_2026-08,244,237,7,493,2026-08,1.440329218106996
3557204,SP,12m_2025-09_a_2026-08,2032,1396,636,2527,2026-08,33.63299841353781
3557303,SP,12m_2025-09_a_2026-08,1754,1192,562,2978,2026-08,23.26158940397351
4100103,PR,12m_2025-09_a_2026-08,343,306,37,676,2026-08,5.790297339593114
4100202,PR,12m_2025-09_a_2026-08,407,382,25,1110,2026-08,2.3041474654377883
4100301,PR,12m_2025-09_a_2026-08,814,722,92,1210,2026-08,8.228980322003578
4100400,PR,12m_2025-09_a_2026-08,9968,9923,45,15829,2026-08,0.28509883426254434
4100459,PR,12m_2025-09_a_2026-08,85,85,0,304,2026-08,0
4100509,PR,12m_2025-09_a_2026-08,1470,1375,95,3243,2026-08,3.0177890724269374
4100608,PR,12m_2025-09_a_2026-08,1344,1439,-95,1974,2026-08,-4.59159014016433
4100707,PR,12m_2025-09_a_2026-08,371,387,-16,871,2026-08,-1.8038331454340473
4100806,PR,12m_2025-09_a_2026-08,594,616,-22,1295,2026-08,-1.6704631738800304
4100905,PR,12m_2025-09_a_2026-08,213,227,-14,501,2026-08,-2.7184466019417477
4101002,PR,12m_2025-09_a_2026-08,3514,3224,290,6349,2026-08,4.786268361115695
4101051,PR,12m_2025-09_a_2026-08,158,168,-10,370,2026-08,-2.631578947368421
4101101,PR,12m_2025-09_a_2026-08,1704,1765,-61,4028,2026-08,-1.491807287845439
4101150,PR,12m_2025-09_a_2026-08,159,174,-15,407,2026-08,-3.5545023696682465
4101200,PR,12m_2025-09_a_2026-08,1242,1130,112,2232,2026-08,5.283018867924529
4101309,PR,12m_2025-09_a_2026-08,409,374,35,465,2026-08,8.13953488372093
4101408,PR,12m_2025-09_a_2026-08,18822,19288,-466,34196,2026-08,-1.344411747735272
4101507,PR,12m_2025-09_a_2026-08,26209,25332,877,40397,2026-08,2.2191295546558703
4101606,PR,12m_2025-09_a_2026-08,3841,3602,239,7071,2026-08,3.4982435597189694
4101655,PR,12m_2025-09_a_2026-08,160,154,6,308,2026-08,1.9867549668874174
4101705,PR,12m_2025-09_a_2026-08,1319,1273,46,2800,2026-08,1.670297748729121
4101804,PR,12m_2025-09_a_2026-08,31230,29285,1945,50147,2026-08,4.035102277913779
4101853,PR,12m_2025-09_a_2026-08,48,41,7,131,2026-08,5.64516129032258
4101903,PR,12m_2025-09_a_2026-08,681,659,22,1660,2026-08,1.3431013431013432
4102000,PR,12m_2025-09_a_2026-08,7034,6337,697,10554,2026-08,7.07111697270975
4102109,PR,12m_2025-09_a_2026-08,2590,2727,-137,5047,2026-08,-2.642746913580247
4102208,PR,12m_2025-09_a_2026-08,311,301,10,767,2026-08,1.321003963011889
4102307,PR,12m_2025-09_a_2026-08,2989,2405,584,4509,2026-08,14.878980891719745
4102406,PR,12m_2025-09_a_2026-08,3674,3967,-293,7715,2026-08,-3.658841158841159
4102505,PR,12m_2025-09_a_2026-08,546,533,13,1226,2026-08,1.0717230008244023
4102604,PR,12m_2025-09_a_2026-08,1138,1144,-6,2114,2026-08,-0.2830188679245283
4102703,PR,12m_2025-09_a_2026-08,80,84,-4,205,2026-08,-1.9138755980861244
4102752,PR,12m_2025-09_a_2026-08,92,98,-6,244,2026-08,-2.4
4102802,PR,12m_2025-09_a_2026-08,982,985,-3,2308,2026-08,-0.1298139333621809
4102901,PR,12m_2025-09_a_2026-08,2214,2257,-43,3791,2026-08,-1.1215440792905582
4103008,PR,12m_2025-09_a_2026-08,144,162,-18,436,2026-08,-3.9647577092511015
4103024,PR,12m_2025-09_a_2026-08,135,141,-6,259,2026-08,-2.2641509433962264
4103040,PR,12m_2025-09_a_2026-08,552,531,21,1241,2026-08,1.7213114754098362
4103057,PR,12m_2025-09_a_2026-08,441,446,-5,810,2026-08,-0.6134969325153374
4103107,PR,12m_2025-09_a_2026-08,1918,1991,-73,2512,2026-08,-2.8239845261121856
4103156,PR,12m_2025-09_a_2026-08,311,281,30,546,2026-08,5.813953488372093
4103206,PR,12m_2025-09_a_2026-08,468,436,32,870,2026-08,3.8186157517899764
4103222,PR,12m_2025-09_a_2026-08,434,428,6,752,2026-08,0.8042895442359249
4103305,PR,12m_2025-09_a_2026-08,356,320,36,1210,2026-08,3.0664395229982966
4103354,PR,12m_2025-09_a_2026-08,246,215,31,545,2026-08,6.031128404669261
4103370,PR,12m_2025-09_a_2026-08,148,147,1,371,2026-08,0.2702702702702703
4103404,PR,12m_2025-09_a_2026-08,53,52,1,135,2026-08,0.7462686567164178
4103453,PR,12m_2025-09_a_2026-08,5783,5197,586,11732,2026-08,5.257491476762964
4103479,PR,12m_2025-09_a_2026-08,180,222,-42,424,2026-08,-9.012875536480687
4103503,PR,12m_2025-09_a_2026-08,633,708,-75,1773,2026-08,-4.058441558441558
4103602,PR,12m_2025-09_a_2026-08,3574,2187,1387,5589,2026-08,33.00809138505474
4103701,PR,12m_2025-09_a_2026-08,15638,15652,-14,26060,2026-08,-0.05369333435606351
4103800,PR,12m_2025-09_a_2026-08,787,747,40,1601,2026-08,2.5624599615631007
4103909,PR,12m_2025-09_a_2026-08,1007,865,142,2007,2026-08,7.613941018766757
4103958,PR,12m_2025-09_a_2026-08,341,366,-25,626,2026-08,-3.840245775729647
4104006,PR,12m_2025-09_a_2026-08,10110,9054,1056,12394,2026-08,9.313811959781267
4104055,PR,12m_2025-09_a_2026-08,167,185,-18,321,2026-08,-5.3097345132743365
4104105,PR,12m_2025-09_a_2026-08,828,809,19,1046,2026-08,1.8500486854917235
4104204,PR,12m_2025-09_a_2026-08,20286,19202,1084,34529,2026-08,3.2411421737180444
4104253,PR,12m_2025-09_a_2026-08,2540,2324,216,4350,2026-08,5.2249637155297535
4104303,PR,12m_2025-09_a_2026-08,15127,15011,116,29155,2026-08,0.39946279141843727
4104402,PR,12m_2025-09_a_2026-08,429,408,21,1184,2026-08,1.8056749785038695
4104428,PR,12m_2025-09_a_2026-08,1973,2113,-140,3445,2026-08,-3.905160390516039
4104451,PR,12m_2025-09_a_2026-08,733,746,-13,1312,2026-08,-0.9811320754716981
4104501,PR,12m_2025-09_a_2026-08,3346,4630,-1284,6107,2026-08,-17.3724800432959
4104600,PR,12m_2025-09_a_2026-08,2037,2013,24,3159,2026-08,0.7655502392344498
4104659,PR,12m_2025-09_a_2026-08,5031,4823,208,11642,2026-08,1.81913591044254
4104709,PR,12m_2025-09_a_2026-08,1445,1417,28,2824,2026-08,1.0014306151645207
4104808,PR,12m_2025-09_a_2026-08,81781,80689,1092,121196,2026-08,0.9092120162525811
4104907,PR,12m_2025-09_a_2026-08,12459,12079,380,20955,2026-08,1.8469015795868773
4105003,PR,12m_2025-09_a_2026-08,885,830,55,1456,2026-08,3.9257673090649536
4105102,PR,12m_2025-09_a_2026-08,475,512,-37,1476,2026-08,-2.4454725710508924
4105201,PR,12m_2025-09_a_2026-08,498,536,-38,1302,2026-08,-2.8358208955223883
4105300,PR,12m_2025-09_a_2026-08,1541,1399,142,2829,2026-08,5.284704131001117
4105409,PR,12m_2025-09_a_2026-08,3053,2922,131,5325,2026-08,2.5221409318444357
4105508,PR,12m_2025-09_a_2026-08,12665,12750,-85,24602,2026-08,-0.3443107708510552
4105607,PR,12m_2025-09_a_2026-08,2708,2344,364,4290,2026-08,9.271523178807946
4105706,PR,12m_2025-09_a_2026-08,3000,2325,675,3855,2026-08,21.22641509433962
4105805,PR,12m_2025-09_a_2026-08,38171,36995,1176,46885,2026-08,2.572797479708591
4105904,PR,12m_2025-09_a_2026-08,2624,3092,-468,6923,2026-08,-6.332025436341496
4106001,PR,12m_2025-09_a_2026-08,363,358,5,868,2026-08,0.5793742757821553
4106100,PR,12m_2025-09_a_2026-08,256,282,-26,387,2026-08,-6.2953995157385
4106209,PR,12m_2025-09_a_2026-08,1539,1460,79,2393,2026-08,3.41400172860847
4106308,PR,12m_2025-09_a_2026-08,1778,1699,79,3425,2026-08,2.3610280932456664
4106407,PR,12m_2025-09_a_2026-08,10133,10022,111,18838,2026-08,0.5927270785496876
4106456,PR,12m_2025-09_a_2026-08,525,523,2,930,2026-08,0.21551724137931033
4106506,PR,12m_2025-09_a_2026-08,2848,2814,34,4845,2026-08,0.7067137809187279
4106555,PR,12m_2025-09_a_2026-08,111,102,9,297,2026-08,3.125
4106571,PR,12m_2025-09_a_2026-08,418,398,20,707,2026-08,2.911208151382824
4106605,PR,12m_2025-09_a_2026-08,3141,2794,347,5289,2026-08,7.021448806151357
4106704,PR,12m_2025-09_a_2026-08,209,225,-16,536,2026-08,-2.898550724637681
4106803,PR,12m_2025-09_a_2026-08,868,905,-37,1605,2026-08,-2.253349573690621
4106852,PR,12m_2025-09_a_2026-08,115,122,-7,338,2026-08,-2.0289855072463765
4106902,PR,12m_2025-09_a_2026-08,567863,558468,9395,815311,2026-08,1.165754247340914
4107009,PR,12m_2025-09_a_2026-08,1429,1260,169,1928,2026-08,9.60773166571916
4107108,PR,12m_2025-09_a_2026-08,207,216,-9,563,2026-08,-1.5734265734265735
4107124,PR,12m_2025-09_a_2026-08,73,56,17,157,2026-08,12.142857142857142
4107157,PR,12m_2025-09_a_2026-08,118,130,-12,301,2026-08,-3.8338658146964857
4107207,PR,12m_2025-09_a_2026-08,11940,10953,987,18259,2026-08,5.714451134784623
4107256,PR,12m_2025-09_a_2026-08,1094,990,104,3749,2026-08,2.853223593964335
4107306,PR,12m_2025-09_a_2026-08,400,323,77,716,2026-08,12.050078247261347
4107405,PR,12m_2025-09_a_2026-08,527,510,17,1098,2026-08,1.572617946345976
4107504,PR,12m_2025-09_a_2026-08,715,736,-21,2012,2026-08,-1.0329562223315296
4107520,PR,12m_2025-09_a_2026-08,64,64,0,163,2026-08,0
4107538,PR,12m_2025-09_a_2026-08,547,599,-52,1222,2026-08,-4.081632653061225
4107546,PR,12m_2025-09_a_2026-08,250,269,-19,574,2026-08,-3.204047217537943
4107553,PR,12m_2025-09_a_2026-08,74,87,-13,245,2026-08,-5.038759689922481
4107603,PR,12m_2025-09_a_2026-08,1273,1250,23,2643,2026-08,0.8778625954198473
4107652,PR,12m_2025-09_a_2026-08,16476,16042,434,24165,2026-08,1.8288314862416248
4107702,PR,12m_2025-09_a_2026-08,134,130,4,409,2026-08,0.9876543209876543
4107736,PR,12m_2025-09_a_2026-08,482,434,48,846,2026-08,6.015037593984962
4107751,PR,12m_2025-09_a_2026-08,429,406,23,921,2026-08,2.5612472160356345
4107801,PR,12m_2025-09_a_2026-08,422,447,-25,795,2026-08,-3.048780487804878
4107850,PR,12m_2025-09_a_2026-08,314,339,-25,611,2026-08,-3.930817610062893
4107900,PR,12m_2025-09_a_2026-08,658,593,65,1038,2026-08,6.680369989722508
4108007,PR,12m_2025-09_a_2026-08,729,731,-2,2857,2026-08,-0.06995452955578874
4108106,PR,12m_2025-09_a_2026-08,265,244,21,423,2026-08,5.223880597014925
4108205,PR,12m_2025-09_a_2026-08,293,289,4,927,2026-08,0.43336944745395445
4108304,PR,12m_2025-09_a_2026-08,44723,42697,2026,70942,2026-08,2.9398107841430146
4108320,PR,12m_2025-09_a_2026-08,350,453,-103,763,2026-08,-11.893764434180138
4108403,PR,12m_2025-09_a_2026-08,18507,18380,127,29907,2026-08,0.4264607118871726
4108452,PR,12m_2025-09_a_2026-08,253,249,4,624,2026-08,0.6451612903225806
4108502,PR,12m_2025-09_a_2026-08,1045,1075,-30,1713,2026-08,-1.7211703958691909
4108551,PR,12m_2025-09_a_2026-08,36,24,12,127,2026-08,10.434782608695652
4108601,PR,12m_2025-09_a_2026-08,2072,2149,-77,4921,2026-08,-1.5406162464985995
4108650,PR,12m_2025-09_a_2026-08,289,203,86,550,2026-08,18.53448275862069
4108700,PR,12m_2025-09_a_2026-08,287,248,39,606,2026-08,6.878306878306878
4108809,PR,12m_2025-09_a_2026-08,2890,2894,-4,5127,2026-08,-0.07795751315533034
4108908,PR,12m_2025-09_a_2026-08,1153,974,179,1426,2026-08,14.354450681635928
4108957,PR,12m_2025-09_a_2026-08,345,330,15,657,2026-08,2.336448598130841
4109005,PR,12m_2025-09_a_2026-08,271,260,11,564,2026-08,1.9891500904159132
4109104,PR,12m_2025-09_a_2026-08,92,103,-11,180,2026-08,-5.7591623036649215
4109203,PR,12m_2025-09_a_2026-08,216,217,-1,526,2026-08,-0.18975332068311196
4109302,PR,12m_2025-09_a_2026-08,1441,1469,-28,2347,2026-08,-1.1789473684210527
4109401,PR,12m_2025-09_a_2026-08,28165,27906,259,45912,2026-08,0.5673230674873502
4109500,PR,12m_2025-09_a_2026-08,70,109,-39,388,2026-08,-9.133489461358314
4109609,PR,12m_2025-09_a_2026-08,5107,5717,-610,6364,2026-08,-8.74677373100086
4109658,PR,12m_2025-09_a_2026-08,351,338,13,749,2026-08,1.766304347826087
4109708,PR,12m_2025-09_a_2026-08,3800,3833,-33,7105,2026-08,-0.46231437377416645
4109757,PR,12m_2025-09_a_2026-08,673,607,66,1153,2026-08,6.071757129714812
4109807,PR,12m_2025-09_a_2026-08,10558,10411,147,15752,2026-08,0.9420057673822493
4109906,PR,12m_2025-09_a_2026-08,579,517,62,1264,2026-08,5.158069883527454
4110003,PR,12m_2025-09_a_2026-08,563,798,-235,987,2026-08,-19.230769230769234
4110052,PR,12m_2025-09_a_2026-08,82,63,19,147,2026-08,14.84375
4110078,PR,12m_2025-09_a_2026-08,844,830,14,1405,2026-08,1.00647016534867
4110102,PR,12m_2025-09_a_2026-08,5944,6124,-180,8371,2026-08,-2.105016957081043
4110201,PR,12m_2025-09_a_2026-08,1008,945,63,1561,2026-08,4.205607476635514
4110300,PR,12m_2025-09_a_2026-08,61,66,-5,105,2026-08,-4.545454545454546
4110409,PR,12m_2025-09_a_2026-08,811,661,150,1332,2026-08,12.690355329949238
4110508,PR,12m_2025-09_a_2026-08,1122,1078,44,2133,2026-08,2.106270943034945
4110607,PR,12m_2025-09_a_2026-08,3312,2941,371,4326,2026-08,9.380530973451327
4110656,PR,12m_2025-09_a_2026-08,133,124,9,294,2026-08,3.1578947368421053
4110706,PR,12m_2025-09_a_2026-08,7393,7519,-126,13318,2026-08,-0.9372210651591788
4110805,PR,12m_2025-09_a_2026-08,720,650,70,1598,2026-08,4.5811518324607325
4110904,PR,12m_2025-09_a_2026-08,173,182,-9,320,2026-08,-2.735562310030395
4110953,PR,12m_2025-09_a_2026-08,1819,1728,91,3617,2026-08,2.580828133862734
4111001,PR,12m_2025-09_a_2026-08,328,326,2,678,2026-08,0.2958579881656805
4111100,PR,12m_2025-09_a_2026-08,333,289,44,682,2026-08,6.896551724137931
4111209,PR,12m_2025-09_a_2026-08,2746,2623,123,4128,2026-08,3.0711610486891385
4111258,PR,12m_2025-09_a_2026-08,2972,2847,125,4763,2026-08,2.695127210004312
4111308,PR,12m_2025-09_a_2026-08,165,168,-3,297,2026-08,-1
4111407,PR,12m_2025-09_a_2026-08,653,641,12,1678,2026-08,0.7202881152460985
4111506,PR,12m_2025-09_a_2026-08,3235,2975,260,6858,2026-08,3.9405880569869653
4111555,PR,12m_2025-09_a_2026-08,280,370,-90,1545,2026-08,-5.5045871559633035
4111605,PR,12m_2025-09_a_2026-08,604,612,-8,1070,2026-08,-0.7421150278293136
4111704,PR,12m_2025-09_a_2026-08,208,193,15,524,2026-08,2.9469548133595285
4111803,PR,12m_2025-09_a_2026-08,4604,4323,281,10615,2026-08,2.7191794077801434
4111902,PR,12m_2025-09_a_2026-08,3881,3569,312,6753,2026-08,4.843968327899394
4112009,PR,12m_2025-09_a_2026-08,5001,5008,-7,9814,2026-08,-0.07127583749109052
4112108,PR,12m_2025-09_a_2026-08,2712,2841,-129,6135,2026-08,-2.0593869731800765
4112207,PR,12m_2025-09_a_2026-08,247,239,8,551,2026-08,1.4732965009208103
4112306,PR,12m_2025-09_a_2026-08,237,175,62,437,2026-08,16.53333333333333
4112405,PR,12m_2025-09_a_2026-08,1065,1031,34,2316,2026-08,1.4899211218229622
4112504,PR,12m_2025-09_a_2026-08,1065,862,203,1814,2026-08,12.60086902545003
4112603,PR,12m_2025-09_a_2026-08,65,50,15,133,2026-08,12.711864406779661
4112702,PR,12m_2025-09_a_2026-08,600,749,-149,1113,2026-08,-11.806656101426308
4112751,PR,12m_2025-09_a_2026-08,550,592,-42,1245,2026-08,-3.263403263403263
4112801,PR,12m_2025-09_a_2026-08,2831,2575,256,5712,2026-08,4.69208211143695
4112900,PR,12m_2025-09_a_2026-08,178,210,-32,333,2026-08,-8.767123287671232
4112959,PR,12m_2025-09_a_2026-08,496,480,16,1125,2026-08,1.4427412082957618
4113007,PR,12m_2025-09_a_2026-08,806,863,-57,2383,2026-08,-2.336065573770492
4113106,PR,12m_2025-09_a_2026-08,187,189,-2,489,2026-08,-0.40733197556008144
4113205,PR,12m_2025-09_a_2026-08,5714,5347,367,9902,2026-08,3.848977451494494
4113254,PR,12m_2025-09_a_2026-08,123,110,13,319,2026-08,4.248366013071895
4113304,PR,12m_2025-09_a_2026-08,4019,3811,208,6368,2026-08,3.3766233766233764
4113403,PR,12m_2025-09_a_2026-08,90,163,-73,351,2026-08,-17.21698113207547
4113429,PR,12m_2025-09_a_2026-08,138,115,23,368,2026-08,6.666666666666667
4113452,PR,12m_2025-09_a_2026-08,400,387,13,692,2026-08,1.914580265095729
4113502,PR,12m_2025-09_a_2026-08,3594,3667,-73,6655,2026-08,-1.0850178359096314
4113601,PR,12m_2025-09_a_2026-08,287,271,16,725,2026-08,2.2566995768688294
4113700,PR,12m_2025-09_a_2026-08,113259,111024,2235,179368,2026-08,1.2617637594350009
4113734,PR,12m_2025-09_a_2026-08,468,467,1,1056,2026-08,0.09478672985781991
4113759,PR,12m_2025-09_a_2026-08,200,181,19,492,2026-08,4.0169133192389
4113809,PR,12m_2025-09_a_2026-08,360,328,32,693,2026-08,4.841149773071105
4113908,PR,12m_2025-09_a_2026-08,1238,1358,-120,3029,2026-08,-3.810733566211496
4114005,PR,12m_2025-09_a_2026-08,663,677,-14,1892,2026-08,-0.7345225603357817
4114104,PR,12m_2025-09_a_2026-08,2975,2937,38,4932,2026-08,0.7764609726195342
4114203,PR,12m_2025-09_a_2026-08,6563,6646,-83,13494,2026-08,-0.6113279811445828
4114302,PR,12m_2025-09_a_2026-08,2905,2833,72,5173,2026-08,1.4114879435404821
4114351,PR,12m_2025-09_a_2026-08,264,256,8,404,2026-08,2.0202020202020203
4114401,PR,12m_2025-09_a_2026-08,2218,1648,570,3718,2026-08,18.106734434561627
4114500,PR,12m_2025-09_a_2026-08,770,798,-28,1875,2026-08,-1.4713610089332634
4114609,PR,12m_2025-09_a_2026-08,11623,11593,30,18812,2026-08,0.15972739857310192
4114708,PR,12m_2025-09_a_2026-08,326,290,36,646,2026-08,5.901639344262295
4114807,PR,12m_2025-09_a_2026-08,5466,5262,204,10286,2026-08,2.023408053957548
4114906,PR,12m_2025-09_a_2026-08,475,439,36,1196,2026-08,3.103448275862069
4115002,PR,12m_2025-09_a_2026-08,503,478,25,797,2026-08,3.2383419689119166
4115101,PR,12m_2025-09_a_2026-08,325,297,28,663,2026-08,4.409448818897638
4115200,PR,12m_2025-09_a_2026-08,108167,106650,1517,170855,2026-08,0.895841453188298
4115309,PR,12m_2025-09_a_2026-08,804,798,6,1269,2026-08,0.4750593824228029
4115358,PR,12m_2025-09_a_2026-08,624,617,7,1290,2026-08,0.5455962587685114
4115408,PR,12m_2025-09_a_2026-08,1842,1864,-22,3023,2026-08,-0.722495894909688
4115457,PR,12m_2025-09_a_2026-08,101,91,10,210,2026-08,5
4115507,PR,12m_2025-09_a_2026-08,247,245,2,848,2026-08,0.2364066193853428
4115606,PR,12m_2025-09_a_2026-08,4872,4764,108,11940,2026-08,0.9127789046653144
4115705,PR,12m_2025-09_a_2026-08,4848,4771,77,6242,2026-08,1.248986212489862
4115739,PR,12m_2025-09_a_2026-08,83,88,-5,210,2026-08,-2.3255813953488373
4115754,PR,12m_2025-09_a_2026-08,1007,1019,-12,1930,2026-08,-0.6179196704428425
4115804,PR,12m_2025-09_a_2026-08,13143,13167,-24,21979,2026-08,-0.10907603508612462
4115853,PR,12m_2025-09_a_2026-08,530,536,-6,972,2026-08,-0.6134969325153374
4115903,PR,12m_2025-09_a_2026-08,80,85,-5,232,2026-08,-2.109704641350211
4116000,PR,12m_2025-09_a_2026-08,63,61,2,315,2026-08,0.6389776357827476
4116059,PR,12m_2025-09_a_2026-08,699,678,21,1412,2026-08,1.509705248023005
4116109,PR,12m_2025-09_a_2026-08,539,502,37,1630,2026-08,2.322661644695543
4116208,PR,12m_2025-09_a_2026-08,1141,1279,-138,2172,2026-08,-5.974025974025974
4116307,PR,12m_2025-09_a_2026-08,192,216,-24,341,2026-08,-6.575342465753424
4116406,PR,12m_2025-09_a_2026-08,77,89,-12,186,2026-08,-6.0606060606060606
4116505,PR,12m_2025-09_a_2026-08,194,273,-79,174,2026-08,-31.225296442687743
4116604,PR,12m_2025-09_a_2026-08,77,114,-37,289,2026-08,-11.349693251533742
4116703,PR,12m_2025-09_a_2026-08,1647,1599,48,3512,2026-08,1.3856812933025404
4116802,PR,12m_2025-09_a_2026-08,171,173,-2,583,2026-08,-0.3418803418803419
4116901,PR,12m_2025-09_a_2026-08,2883,2850,33,5335,2026-08,0.6224066390041494
4116950,PR,12m_2025-09_a_2026-08,622,594,28,1196,2026-08,2.3972602739726026
4117008,PR,12m_2025-09_a_2026-08,327,384,-57,887,2026-08,-6.038135593220339
4117057,PR,12m_2025-09_a_2026-08,369,375,-6,749,2026-08,-0.7947019867549668
4117107,PR,12m_2025-09_a_2026-08,1885,1991,-106,4181,2026-08,-2.472591555866573
4117206,PR,12m_2025-09_a_2026-08,313,337,-24,841,2026-08,-2.7745664739884393
4117214,PR,12m_2025-09_a_2026-08,135,104,31,316,2026-08,10.87719298245614
4117222,PR,12m_2025-09_a_2026-08,1078,1056,22,1930,2026-08,1.1530398322851152
4117255,PR,12m_2025-09_a_2026-08,1317,1197,120,2051,2026-08,6.214396685655101
4117271,PR,12m_2025-09_a_2026-08,293,225,68,535,2026-08,14.5610278372591
4117297,PR,12m_2025-09_a_2026-08,222,193,29,532,2026-08,5.7654075546719685
4117305,PR,12m_2025-09_a_2026-08,2710,2567,143,6064,2026-08,2.4151325789562574
4117404,PR,12m_2025-09_a_2026-08,93,125,-32,217,2026-08,-12.851405622489958
4117453,PR,12m_2025-09_a_2026-08,617,612,5,965,2026-08,0.5208333333333333
4117503,PR,12m_2025-09_a_2026-08,4297,4437,-140,7142,2026-08,-1.9225487503433125
4117602,PR,12m_2025-09_a_2026-08,8296,7824,472,12400,2026-08,3.9570757880617036
4117701,PR,12m_2025-09_a_2026-08,4659,4400,259,8392,2026-08,3.184556744128858
4117800,PR,12m_2025-09_a_2026-08,730,720,10,1302,2026-08,0.7739938080495357
4117909,PR,12m_2025-09_a_2026-08,9026,8944,82,20155,2026-08,0.40850894236038454
4118006,PR,12m_2025-09_a_2026-08,2309,2239,70,5204,2026-08,1.3634592910011687
4118105,PR,12m_2025-09_a_2026-08,927,939,-12,2325,2026-08,-0.5134788189987163
4118204,PR,12m_2025-09_a_2026-08,19499,19292,207,38156,2026-08,0.5454689188120899
4118303,PR,12m_2025-09_a_2026-08,143,111,32,336,2026-08,10.526315789473683
4118402,PR,12m_2025-09_a_2026-08,12788,12720,68,24210,2026-08,0.28166680473862976
4118451,PR,12m_2025-09_a_2026-08,734,716,18,1321,2026-08,1.3814274750575595
4118501,PR,12m_2025-09_a_2026-08,25000,23936,1064,35695,2026-08,3.0723917877046576
4118600,PR,12m_2025-09_a_2026-08,610,624,-14,1157,2026-08,-1.1955593509820666
4118709,PR,12m_2025-09_a_2026-08,299,324,-25,850,2026-08,-2.857142857142857
4118808,PR,12m_2025-09_a_2026-08,781,767,14,1639,2026-08,0.8615384615384615
4118857,PR,12m_2025-09_a_2026-08,462,437,25,912,2026-08,2.818489289740699
4118907,PR,12m_2025-09_a_2026-08,898,826,72,1737,2026-08,4.324324324324325
4119004,PR,12m_2025-09_a_2026-08,276,260,16,717,2026-08,2.282453637660485
4119103,PR,12m_2025-09_a_2026-08,1581,1437,144,2760,2026-08,5.5045871559633035
4119152,PR,12m_2025-09_a_2026-08,32668,32507,161,53100,2026-08,0.30412361397079657
4119202,PR,12m_2025-09_a_2026-08,351,373,-22,733,2026-08,-2.913907284768212
4119251,PR,12m_2025-09_a_2026-08,227,244,-17,341,2026-08,-4.748603351955307
4119301,PR,12m_2025-09_a_2026-08,1937,1920,17,3182,2026-08,0.537124802527646
4119400,PR,12m_2025-09_a_2026-08,2797,2725,72,4719,2026-08,1.5493867010974822
4119509,PR,12m_2025-09_a_2026-08,6546,6460,86,9368,2026-08,0.9265244559362207
4119608,PR,12m_2025-09_a_2026-08,2969,2840,129,6019,2026-08,2.1901528013582343
4119657,PR,12m_2025-09_a_2026-08,147,163,-16,309,2026-08,-4.923076923076923
4119707,PR,12m_2025-09_a_2026-08,374,340,34,839,2026-08,4.22360248447205
4119806,PR,12m_2025-09_a_2026-08,1207,1202,5,2110,2026-08,0.23752969121140144
4119905,PR,12m_2025-09_a_2026-08,67889,67240,649,107270,2026-08,0.6086980988735803
4119954,PR,12m_2025-09_a_2026-08,2991,3034,-43,4038,2026-08,-1.0536633178142611
4120002,PR,12m_2025-09_a_2026-08,467,508,-41,1549,2026-08,-2.578616352201258
4120101,PR,12m_2025-09_a_2026-08,961,1226,-265,1206,2026-08,-18.014955812372534
4120150,PR,12m_2025-09_a_2026-08,77,80,-3,183,2026-08,-1.6129032258064515
4120200,PR,12m_2025-09_a_2026-08,548,448,100,748,2026-08,15.432098765432098
4120309,PR,12m_2025-09_a_2026-08,556,290,266,713,2026-08,59.50782997762863
4120333,PR,12m_2025-09_a_2026-08,283,257,26,913,2026-08,2.931228861330327
4120358,PR,12m_2025-09_a_2026-08,488,538,-50,1231,2026-08,-3.9032006245121003
4120408,PR,12m_2025-09_a_2026-08,273,256,17,561,2026-08,3.125
4120507,PR,12m_2025-09_a_2026-08,440,471,-31,1257,2026-08,-2.406832298136646
4120606,PR,12m_2025-09_a_2026-08,4144,4106,38,8104,2026-08,0.4711133151500124
4120655,PR,12m_2025-09_a_2026-08,237,262,-25,636,2026-08,-3.7821482602118004
4120705,PR,12m_2025-09_a_2026-08,673,640,33,1400,2026-08,2.414045354791514
4120804,PR,12m_2025-09_a_2026-08,5318,5011,307,10754,2026-08,2.9386426725375707
4120853,PR,12m_2025-09_a_2026-08,777,682,95,1320,2026-08,7.755102040816326
4120903,PR,12m_2025-09_a_2026-08,3089,2936,153,4993,2026-08,3.161157024793389
4121000,PR,12m_2025-09_a_2026-08,457,456,1,1179,2026-08,0.08488964346349745
4121109,PR,12m_2025-09_a_2026-08,166,163,3,515,2026-08,0.5859375
4121208,PR,12m_2025-09_a_2026-08,871,743,128,1657,2026-08,8.371484630477436
4121257,PR,12m_2025-09_a_2026-08,115,135,-20,218,2026-08,-8.403361344537815
4121307,PR,12m_2025-09_a_2026-08,60,63,-3,300,2026-08,-0.9900990099009901
4121356,PR,12m_2025-09_a_2026-08,78,78,0,305,2026-08,0
4121406,PR,12m_2025-09_a_2026-08,2590,2481,109,4426,2026-08,2.524901552003706
4121505,PR,12m_2025-09_a_2026-08,1009,943,66,1878,2026-08,3.642384105960265
4121604,PR,12m_2025-09_a_2026-08,788,792,-4,1302,2026-08,-0.3062787136294028
4121703,PR,12m_2025-09_a_2026-08,1998,1814,184,3547,2026-08,5.471305382099316
4121752,PR,12m_2025-09_a_2026-08,437,558,-121,626,2026-08,-16.198125836680052
4121802,PR,12m_2025-09_a_2026-08,1278,1244,34,3130,2026-08,1.0981912144702841
4121901,PR,12m_2025-09_a_2026-08,708,622,86,1558,2026-08,5.842391304347826
4122008,PR,12m_2025-09_a_2026-08,1267,1242,25,1976,2026-08,1.2813941568426448
4122107,PR,12m_2025-09_a_2026-08,136,93,43,346,2026-08,14.19141914191419
4122156,PR,12m_2025-09_a_2026-08,405,476,-71,797,2026-08,-8.179723502304148
4122172,PR,12m_2025-09_a_2026-08,108,94,14,331,2026-08,4.416403785488959
4122206,PR,12m_2025-09_a_2026-08,3481,3115,366,6278,2026-08,6.190798376184032
4122305,PR,12m_2025-09_a_2026-08,3934,4037,-103,7387,2026-08,-1.3751668891855808
4122404,PR,12m_2025-09_a_2026-08,14897,14654,243,26102,2026-08,0.9397115124328087
4122503,PR,12m_2025-09_a_2026-08,615,638,-23,1485,2026-08,-1.5251989389920424
4122602,PR,12m_2025-09_a_2026-08,1623,1660,-37,3319,2026-08,-1.102502979737783
4122651,PR,12m_2025-09_a_2026-08,202,192,10,513,2026-08,1.9880715705765408
4122701,PR,12m_2025-09_a_2026-08,3128,3050,78,3998,2026-08,1.9897959183673468
4122800,PR,12m_2025-09_a_2026-08,246,246,0,561,2026-08,0
4122909,PR,12m_2025-09_a_2026-08,209,227,-18,448,2026-08,-3.862660944206009
4123006,PR,12m_2025-09_a_2026-08,1595,1574,21,2328,2026-08,0.9102730819245773
4123105,PR,12m_2025-09_a_2026-08,115,144,-29,239,2026-08,-10.820895522388058
4123204,PR,12m_2025-09_a_2026-08,135,108,27,291,2026-08,10.227272727272728
4123303,PR,12m_2025-09_a_2026-08,637,542,95,1293,2026-08,7.929883138564274
4123402,PR,12m_2025-09_a_2026-08,1360,1379,-19,2455,2026-08,-0.7679870654810024
4123501,PR,12m_2025-09_a_2026-08,2954,2900,54,5378,2026-08,1.0142749812171301
4123600,PR,12m_2025-09_a_2026-08,40,19,21,83,2026-08,33.87096774193548
4123709,PR,12m_2025-09_a_2026-08,463,501,-38,1230,2026-08,-2.996845425867508
4123808,PR,12m_2025-09_a_2026-08,1696,1689,7,2402,2026-08,0.29227557411273486
4123824,PR,12m_2025-09_a_2026-08,257,233,24,439,2026-08,5.783132530120482
4123857,PR,12m_2025-09_a_2026-08,631,573,58,811,2026-08,7.702523240371846
4123907,PR,12m_2025-09_a_2026-08,795,823,-28,1436,2026-08,-1.912568306010929
4123956,PR,12m_2025-09_a_2026-08,193,237,-44,404,2026-08,-9.821428571428571
4124004,PR,12m_2025-09_a_2026-08,265,263,2,597,2026-08,0.33613445378151263
4124020,PR,12m_2025-09_a_2026-08,1727,1639,88,3033,2026-08,2.98811544991511
4124053,PR,12m_2025-09_a_2026-08,1797,1737,60,3304,2026-08,1.8495684340320593
4124103,PR,12m_2025-09_a_2026-08,5765,5995,-230,11366,2026-08,-1.9834425664022075
4124202,PR,12m_2025-09_a_2026-08,80,63,17,212,2026-08,8.717948717948717
4124301,PR,12m_2025-09_a_2026-08,175,140,35,350,2026-08,11.11111111111111
4124400,PR,12m_2025-09_a_2026-08,2826,2565,261,4813,2026-08,5.733743409490335
4124509,PR,12m_2025-09_a_2026-08,1432,1394,38,4771,2026-08,0.8028734417916754
4124608,PR,12m_2025-09_a_2026-08,769,761,8,1890,2026-08,0.4250797024442083
4124707,PR,12m_2025-09_a_2026-08,253,247,6,683,2026-08,0.8862629246676514
4124806,PR,12m_2025-09_a_2026-08,3414,3388,26,4469,2026-08,0.5851901868107134
4124905,PR,12m_2025-09_a_2026-08,476,433,43,748,2026-08,6.0992907801418434
4125001,PR,12m_2025-09_a_2026-08,502,452,50,1317,2026-08,3.946329913180742
4125100,PR,12m_2025-09_a_2026-08,506,474,32,992,2026-08,3.3333333333333335
4125209,PR,12m_2025-09_a_2026-08,1583,1358,225,2375,2026-08,10.465116279069768
4125308,PR,12m_2025-09_a_2026-08,277,276,1,767,2026-08,0.13054830287206268
4125357,PR,12m_2025-09_a_2026-08,382,364,18,846,2026-08,2.1739130434782608
4125407,PR,12m_2025-09_a_2026-08,231,246,-15,496,2026-08,-2.935420743639922
4125456,PR,12m_2025-09_a_2026-08,250,214,36,371,2026-08,10.746268656716417
4125506,PR,12m_2025-09_a_2026-08,76716,74141,2575,133815,2026-08,1.9620542517525146
4125555,PR,12m_2025-09_a_2026-08,170,171,-1,373,2026-08,-0.267379679144385
4125605,PR,12m_2025-09_a_2026-08,4992,4836,156,8496,2026-08,1.870503597122302
4125704,PR,12m_2025-09_a_2026-08,5421,4814,607,8017,2026-08,8.191632928475032
4125753,PR,12m_2025-09_a_2026-08,572,554,18,895,2026-08,2.0524515393386547
4125803,PR,12m_2025-09_a_2026-08,939,856,83,1891,2026-08,4.59070796460177
4125902,PR,12m_2025-09_a_2026-08,236,213,23,620,2026-08,3.8525963149078724
4126009,PR,12m_2025-09_a_2026-08,285,294,-9,804,2026-08,-1.107011070110701
4126108,PR,12m_2025-09_a_2026-08,381,380,1,764,2026-08,0.1310615989515072
4126207,PR,12m_2025-09_a_2026-08,748,724,24,1290,2026-08,1.8957345971563981
4126256,PR,12m_2025-09_a_2026-08,8418,8640,-222,13524,2026-08,-1.6150152771715407
4126272,PR,12m_2025-09_a_2026-08,473,447,26,904,2026-08,2.9612756264236904
4126306,PR,12m_2025-09_a_2026-08,1686,1819,-133,4106,2026-08,-3.1375324368954938
4126355,PR,12m_2025-09_a_2026-08,253,255,-2,517,2026-08,-0.3853564547206166
4126405,PR,12m_2025-09_a_2026-08,369,408,-39,787,2026-08,-4.721549636803874
4126504,PR,12m_2025-09_a_2026-08,1485,1554,-69,3536,2026-08,-1.9140083217753119
4126603,PR,12m_2025-09_a_2026-08,4285,3926,359,7574,2026-08,4.975744975744976
4126652,PR,12m_2025-09_a_2026-08,172,208,-36,363,2026-08,-9.022556390977442
4126678,PR,12m_2025-09_a_2026-08,558,610,-52,1326,2026-08,-3.7735849056603774
4126702,PR,12m_2025-09_a_2026-08,344,289,55,825,2026-08,7.142857142857142
4126801,PR,12m_2025-09_a_2026-08,1899,1959,-60,3868,2026-08,-1.5274949083503055
4126900,PR,12m_2025-09_a_2026-08,301,306,-5,768,2026-08,-0.646830530401035
4127007,PR,12m_2025-09_a_2026-08,982,989,-7,1800,2026-08,-0.387382401770891
4127106,PR,12m_2025-09_a_2026-08,11667,11271,396,21475,2026-08,1.8786469946392146
4127205,PR,12m_2025-09_a_2026-08,2884,2728,156,4974,2026-08,3.23785803237858
4127304,PR,12m_2025-09_a_2026-08,1355,1209,146,2818,2026-08,5.4640718562874255
4127403,PR,12m_2025-09_a_2026-08,1347,1346,1,2999,2026-08,0.033355570380253496
4127502,PR,12m_2025-09_a_2026-08,1559,1563,-4,3512,2026-08,-0.11376564277588168
4127601,PR,12m_2025-09_a_2026-08,1083,963,120,2177,2026-08,5.83373845405931
4127700,PR,12m_2025-09_a_2026-08,41164,38015,3149,65691,2026-08,5.035016468932877
4127809,PR,12m_2025-09_a_2026-08,703,567,136,1357,2026-08,11.138411138411138
4127858,PR,12m_2025-09_a_2026-08,850,823,27,1486,2026-08,1.8505825908156273
4127882,PR,12m_2025-09_a_2026-08,799,741,58,1277,2026-08,4.7579983593109105
4127908,PR,12m_2025-09_a_2026-08,343,314,29,576,2026-08,5.301645338208409
4127957,PR,12m_2025-09_a_2026-08,371,367,4,1074,2026-08,0.3738317757009346
4127965,PR,12m_2025-09_a_2026-08,1554,1253,301,2433,2026-08,14.118198874296436
4128005,PR,12m_2025-09_a_2026-08,4446,4205,241,8700,2026-08,2.8490365291405606
4128104,PR,12m_2025-09_a_2026-08,19070,18359,711,35335,2026-08,2.053488909426987
4128203,PR,12m_2025-09_a_2026-08,8680,8667,13,15458,2026-08,0.08416963418582066
4128302,PR,12m_2025-09_a_2026-08,99,55,44,210,2026-08,26.506024096385545
4128401,PR,12m_2025-09_a_2026-08,451,471,-20,1391,2026-08,-1.4174344436569808
4128500,PR,12m_2025-09_a_2026-08,1885,1852,33,3479,2026-08,0.9576320371445154
4128534,PR,12m_2025-09_a_2026-08,955,904,51,2098,2026-08,2.4914509037616024
4128559,PR,12m_2025-09_a_2026-08,503,448,55,990,2026-08,5.88235294117647
4128609,PR,12m_2025-09_a_2026-08,673,694,-21,1395,2026-08,-1.4830508474576272
4128625,PR,12m_2025-09_a_2026-08,340,298,42,609,2026-08,7.4074074074074066
4128633,PR,12m_2025-09_a_2026-08,261,252,9,392,2026-08,2.3498694516971277
4128658,PR,12m_2025-09_a_2026-08,272,269,3,481,2026-08,0.6276150627615062
4128708,PR,12m_2025-09_a_2026-08,1689,1553,136,2526,2026-08,5.690376569037657
4128807,PR,12m_2025-09_a_2026-08,281,277,4,585,2026-08,0.6884681583476765
4200051,SC,12m_2025-09_a_2026-08,86,98,-12,294,2026-08,-3.9215686274509802
4200101,SC,12m_2025-09_a_2026-08,2654,2502,152,4510,2026-08,3.4878384580082606
4200200,SC,12m_2025-09_a_2026-08,3029,2782,247,3964,2026-08,6.645143933279527
4200309,SC,12m_2025-09_a_2026-08,561,583,-22,1106,2026-08,-1.950354609929078
4200408,SC,12m_2025-09_a_2026-08,1450,1398,52,1850,2026-08,2.8921023359288096
4200507,SC,12m_2025-09_a_2026-08,161,196,-35,450,2026-08,-7.216494845360824
4200556,SC,12m_2025-09_a_2026-08,311,299,12,633,2026-08,1.932367149758454
4200606,SC,12m_2025-09_a_2026-08,583,543,40,1268,2026-08,3.257328990228013
4200705,SC,12m_2025-09_a_2026-08,1103,1165,-62,1230,2026-08,-4.798761609907121
4200754,SC,12m_2025-09_a_2026-08,61,65,-4,194,2026-08,-2.0202020202020203
4200804,SC,12m_2025-09_a_2026-08,330,393,-63,980,2026-08,-6.0402684563758395
4200903,SC,12m_2025-09_a_2026-08,235,268,-33,521,2026-08,-5.956678700361011
4201000,SC,12m_2025-09_a_2026-08,267,311,-44,942,2026-08,-4.462474645030426
4201109,SC,12m_2025-09_a_2026-08,223,218,5,490,2026-08,1.0309278350515463
4201208,SC,12m_2025-09_a_2026-08,1539,1412,127,3134,2026-08,4.223478550049883
4201257,SC,12m_2025-09_a_2026-08,1559,1632,-73,2670,2026-08,-2.6613197229310974
4201273,SC,12m_2025-09_a_2026-08,594,526,68,1063,2026-08,6.834170854271357
4201307,SC,12m_2025-09_a_2026-08,14122,14067,55,20836,2026-08,0.26466483807324
4201406,SC,12m_2025-09_a_2026-08,10741,11346,-605,17673,2026-08,-3.3099901520954154
4201505,SC,12m_2025-09_a_2026-08,1655,1613,42,2942,2026-08,1.4482758620689655
4201604,SC,12m_2025-09_a_2026-08,380,375,5,831,2026-08,0.6053268765133172
4201653,SC,12m_2025-09_a_2026-08,217,213,4,328,2026-08,1.2345679012345678
4201703,SC,12m_2025-09_a_2026-08,1689,1749,-60,2676,2026-08,-2.1929824561403506
4201802,SC,12m_2025-09_a_2026-08,266,256,10,402,2026-08,2.5510204081632653
4201901,SC,12m_2025-09_a_2026-08,1453,1498,-45,2182,2026-08,-2.020655590480467
4201950,SC,12m_2025-09_a_2026-08,1013,1012,1,968,2026-08,0.1034126163391934
4202008,SC,12m_2025-09_a_2026-08,45336,44935,401,53580,2026-08,0.7540570525959496
4202057,SC,12m_2025-09_a_2026-08,918,780,138,1079,2026-08,14.665249734325187
4202073,SC,12m_2025-09_a_2026-08,1135,1140,-5,1259,2026-08,-0.39556962025316456
4202081,SC,12m_2025-09_a_2026-08,207,180,27,319,2026-08,9.246575342465754
4202099,SC,12m_2025-09_a_2026-08,31,50,-19,68,2026-08,-21.839080459770116
4202107,SC,12m_2025-09_a_2026-08,8633,8161,472,10345,2026-08,4.780715081535501
4202131,SC,12m_2025-09_a_2026-08,194,189,5,296,2026-08,1.718213058419244
4202156,SC,12m_2025-09_a_2026-08,144,161,-17,243,2026-08,-6.538461538461539
4202206,SC,12m_2025-09_a_2026-08,1325,1426,-101,3055,2026-08,-3.200253485424588
4202305,SC,12m_2025-09_a_2026-08,13671,13286,385,19438,2026-08,2.020679158137826
4202404,SC,12m_2025-09_a_2026-08,87133,86738,395,140423,2026-08,0.2820864398548862
4202438,SC,12m_2025-09_a_2026-08,141,166,-25,316,2026-08,-7.331378299120235
4202453,SC,12m_2025-09_a_2026-08,5534,5791,-257,5506,2026-08,-4.459482908207531
4202503,SC,12m_2025-09_a_2026-08,1121,983,138,878,2026-08,18.64864864864865
4202537,SC,12m_2025-09_a_2026-08,294,262,32,474,2026-08,7.239819004524888
4202578,SC,12m_2025-09_a_2026-08,126,112,14,209,2026-08,7.179487179487179
4202602,SC,12m_2025-09_a_2026-08,1333,1182,151,1789,2026-08,9.21855921855922
4202701,SC,12m_2025-09_a_2026-08,1432,1373,59,2793,2026-08,2.1580102414045355
4202800,SC,12m_2025-09_a_2026-08,9619,9388,231,15401,2026-08,1.5227422544495715
4202859,SC,12m_2025-09_a_2026-08,402,422,-20,1146,2026-08,-1.7152658662092626
4202875,SC,12m_2025-09_a_2026-08,132,144,-12,327,2026-08,-3.5398230088495577
4202909,SC,12m_2025-09_a_2026-08,36084,34979,1105,57010,2026-08,1.9765673911099186
4203006,SC,12m_2025-09_a_2026-08,16368,15675,693,27854,2026-08,2.551452450204337
4203105,SC,12m_2025-09_a_2026-08,1001,933,68,1873,2026-08,3.7673130193905813
4203154,SC,12m_2025-09_a_2026-08,445,442,3,446,2026-08,0.6772009029345373
4203204,SC,12m_2025-09_a_2026-08,14837,14042,795,16393,2026-08,5.096807282984998
4203253,SC,12m_2025-09_a_2026-08,279,252,27,571,2026-08,4.963235294117647
4203303,SC,12m_2025-09_a_2026-08,3043,3410,-367,6200,2026-08,-5.588548804629206
4203402,SC,12m_2025-09_a_2026-08,360,488,-128,1023,2026-08,-11.120764552562989
4203501,SC,12m_2025-09_a_2026-08,1099,1193,-94,2134,2026-08,-4.21903052064632
4203600,SC,12m_2025-09_a_2026-08,6943,7049,-106,12089,2026-08,-0.8692086920869209
4203709,SC,12m_2025-09_a_2026-08,1813,1767,46,3675,2026-08,1.267566822816203
4203808,SC,12m_2025-09_a_2026-08,8160,7533,627,13399,2026-08,4.909176323207015
4203907,SC,12m_2025-09_a_2026-08,5563,5400,163,10160,2026-08,1.630489146744023
4203956,SC,12m_2025-09_a_2026-08,3923,3830,93,4608,2026-08,2.0598006644518274
4204004,SC,12m_2025-09_a_2026-08,2336,2384,-48,4074,2026-08,-1.1644832605531297
4204103,SC,12m_2025-09_a_2026-08,403,313,90,670,2026-08,15.517241379310345
4204152,SC,12m_2025-09_a_2026-08,205,158,47,370,2026-08,14.551083591331269
4204178,SC,12m_2025-09_a_2026-08,42,53,-11,134,2026-08,-7.586206896551724
4204194,SC,12m_2025-09_a_2026-08,135,134,1,134,2026-08,0.7518796992481203
4204202,SC,12m_2025-09_a_2026-08,68723,67359,1364,109965,2026-08,1.2559737018996142
4204251,SC,12m_2025-09_a_2026-08,2455,2529,-74,5444,2026-08,-1.3410656034795214
4204301,SC,12m_2025-09_a_2026-08,19774,19068,706,33984,2026-08,2.1215217260652683
4204350,SC,12m_2025-09_a_2026-08,1403,1367,36,2395,2026-08,1.526070368800339
4204400,SC,12m_2025-09_a_2026-08,1160,1170,-10,2157,2026-08,-0.46146746654360865
4204459,SC,12m_2025-09_a_2026-08,59,56,3,138,2026-08,2.2222222222222223
4204509,SC,12m_2025-09_a_2026-08,2846,3062,-216,5406,2026-08,-3.84204909284952
4204558,SC,12m_2025-09_a_2026-08,2213,2093,120,3226,2026-08,3.8634900193174504
4204608,SC,12m_2025-09_a_2026-08,44966,45920,-954,77609,2026-08,-1.2143120807504804
4204707,SC,12m_2025-09_a_2026-08,1830,1706,124,3581,2026-08,3.5869250795487417
4204756,SC,12m_2025-09_a_2026-08,86,105,-19,277,2026-08,-6.418918918918918
4204806,SC,12m_2025-09_a_2026-08,5489,5452,37,10607,2026-08,0.3500473036896878
4204905,SC,12m_2025-09_a_2026-08,542,535,7,1182,2026-08,0.5957446808510638
4205001,SC,12m_2025-09_a_2026-08,1481,1381,100,2647,2026-08,3.9261876717707103
4205100,SC,12m_2025-09_a_2026-08,889,838,51,1346,2026-08,3.9382239382239383
4205159,SC,12m_2025-09_a_2026-08,500,495,5,1086,2026-08,0.46253469010175763
4205175,SC,12m_2025-09_a_2026-08,64,75,-11,142,2026-08,-7.18954248366013
4205191,SC,12m_2025-09_a_2026-08,297,376,-79,603,2026-08,-11.58357771260997
4205209,SC,12m_2025-09_a_2026-08,507,528,-21,933,2026-08,-2.20125786163522
4205308,SC,12m_2025-09_a_2026-08,2000,2043,-43,3979,2026-08,-1.0691198408751865
4205357,SC,12m_2025-09_a_2026-08,170,160,10,408,2026-08,2.512562814070352
4205407,SC,12m_2025-09_a_2026-08,143649,139827,3822,224468,2026-08,1.7321863981218784
4205431,SC,12m_2025-09_a_2026-08,128,121,7,245,2026-08,2.941176470588235
4205456,SC,12m_2025-09_a_2026-08,6102,6053,49,9077,2026-08,0.5427558706247231
4205506,SC,12m_2025-09_a_2026-08,10140,9699,441,9830,2026-08,4.696985834487165
4205555,SC,12m_2025-09_a_2026-08,89,134,-45,120,2026-08,-27.27272727272727
4205605,SC,12m_2025-09_a_2026-08,153,140,13,382,2026-08,3.523035230352303
4205704,SC,12m_2025-09_a_2026-08,3960,4238,-278,5747,2026-08,-4.614107883817428
4205803,SC,12m_2025-09_a_2026-08,4694,4434,260,6375,2026-08,4.251839738348324
4205902,SC,12m_2025-09_a_2026-08,19022,19470,-448,28798,2026-08,-1.5318334131163236
4206009,SC,12m_2025-09_a_2026-08,8208,6595,1613,7014,2026-08,29.864839844473245
4206108,SC,12m_2025-09_a_2026-08,1415,1372,43,2037,2026-08,2.156469408224674
4206207,SC,12m_2025-09_a_2026-08,1701,1598,103,3064,2026-08,3.4785545423843294
4206306,SC,12m_2025-09_a_2026-08,4595,4549,46,7814,2026-08,0.592173017507724
4206405,SC,12m_2025-09_a_2026-08,1178,1166,12,2369,2026-08,0.5091217649554518
4206504,SC,12m_2025-09_a_2026-08,11517,11336,181,17341,2026-08,1.0547785547785549
4206603,SC,12m_2025-09_a_2026-08,672,642,30,1200,2026-08,2.564102564102564
4206652,SC,12m_2025-09_a_2026-08,3742,3160,582,6096,2026-08,10.55495103373232
4206702,SC,12m_2025-09_a_2026-08,1627,1616,11,3740,2026-08,0.2949852507374631
4206751,SC,12m_2025-09_a_2026-08,152,136,16,255,2026-08,6.694560669456067
4206801,SC,12m_2025-09_a_2026-08,298,291,7,641,2026-08,1.1041009463722398
4206900,SC,12m_2025-09_a_2026-08,3419,3547,-128,6138,2026-08,-2.042770507500798
4207007,SC,12m_2025-09_a_2026-08,14902,14260,642,22966,2026-08,2.875828704533238
4207106,SC,12m_2025-09_a_2026-08,2870,2862,8,4332,2026-08,0.18501387604070307
4207205,SC,12m_2025-09_a_2026-08,723,634,89,1011,2026-08,9.652928416485901
4207304,SC,12m_2025-09_a_2026-08,8712,8544,168,13686,2026-08,1.2427873945849977
4207403,SC,12m_2025-09_a_2026-08,780,784,-4,801,2026-08,-0.4968944099378882
4207502,SC,12m_2025-09_a_2026-08,16158,16774,-616,25042,2026-08,-2.4008106633408683
4207577,SC,12m_2025-09_a_2026-08,501,484,17,881,2026-08,1.9675925925925926
4207601,SC,12m_2025-09_a_2026-08,168,160,8,384,2026-08,2.127659574468085
4207650,SC,12m_2025-09_a_2026-08,946,902,44,1976,2026-08,2.2774327122153206
4207684,SC,12m_2025-09_a_2026-08,1533,1456,77,1511,2026-08,5.369595536959554
4207700,SC,12m_2025-09_a_2026-08,1421,1492,-71,3116,2026-08,-2.227800439284594
4207759,SC,12m_2025-09_a_2026-08,237,214,23,448,2026-08,5.411764705882352
4207809,SC,12m_2025-09_a_2026-08,1167,1147,20,1887,2026-08,1.0712372790573113
4207858,SC,12m_2025-09_a_2026-08,196,187,9,306,2026-08,3.0303030303030303
4207908,SC,12m_2025-09_a_2026-08,509,495,14,993,2026-08,1.4300306435137897
4208005,SC,12m_2025-09_a_2026-08,838,828,10,1586,2026-08,0.6345177664974619
4208104,SC,12m_2025-09_a_2026-08,2442,2300,142,4780,2026-08,3.0616645105648987
4208203,SC,12m_2025-09_a_2026-08,99298,95807,3491,132118,2026-08,2.714049149867446
4208302,SC,12m_2025-09_a_2026-08,25954,25372,582,28116,2026-08,2.113750272390499
4208401,SC,12m_2025-09_a_2026-08,3332,3260,72,7683,2026-08,0.9459992116673236
4208450,SC,12m_2025-09_a_2026-08,5082,4501,581,7575,2026-08,8.307120388904774
4208500,SC,12m_2025-09_a_2026-08,8143,8038,105,7433,2026-08,1.4328602620087336
4208609,SC,12m_2025-09_a_2026-08,411,415,-4,795,2026-08,-0.5006257822277848
4208708,SC,12m_2025-09_a_2026-08,918,947,-29,2112,2026-08,-1.35450723960766
4208807,SC,12m_2025-09_a_2026-08,5577,5227,350,7673,2026-08,4.779461969138332
4208906,SC,12m_2025-09_a_2026-08,37969,37743,226,75018,2026-08,0.3021713552251578
4208955,SC,12m_2025-09_a_2026-08,89,95,-6,181,2026-08,-3.2085561497326207
4209003,SC,12m_2025-09_a_2026-08,8504,8144,360,15892,2026-08,2.3177955189286634
4209102,SC,12m_2025-09_a_2026-08,171450,166174,5276,247544,2026-08,2.1777535621708193
4209151,SC,12m_2025-09_a_2026-08,498,467,31,928,2026-08,3.455964325529543
4209177,SC,12m_2025-09_a_2026-08,107,111,-4,246,2026-08,-1.6
4209201,SC,12m_2025-09_a_2026-08,327,310,17,605,2026-08,2.891156462585034
4209300,SC,12m_2025-09_a_2026-08,25473,24877,596,48564,2026-08,1.242494996664443
4209409,SC,12m_2025-09_a_2026-08,4654,4508,146,6903,2026-08,2.160722214000296
4209458,SC,12m_2025-09_a_2026-08,87,81,6,161,2026-08,3.870967741935484
4209508,SC,12m_2025-09_a_2026-08,1109,1076,33,2006,2026-08,1.6725798276735937
4209607,SC,12m_2025-09_a_2026-08,2184,2506,-322,3472,2026-08,-8.487084870848708
4209706,SC,12m_2025-09_a_2026-08,2215,2192,23,1463,2026-08,1.597222222222222
4209805,SC,12m_2025-09_a_2026-08,126,119,7,257,2026-08,2.8000000000000003
4209854,SC,12m_2025-09_a_2026-08,252,244,8,580,2026-08,1.3986013986013985
4209904,SC,12m_2025-09_a_2026-08,2214,2271,-57,3355,2026-08,-1.6705744431418523
4210001,SC,12m_2025-09_a_2026-08,2789,2954,-165,5140,2026-08,-3.1102733270499527
4210035,SC,12m_2025-09_a_2026-08,980,886,94,1820,2026-08,5.44611819235226
4210050,SC,12m_2025-09_a_2026-08,131,135,-4,189,2026-08,-2.072538860103627
4210100,SC,12m_2025-09_a_2026-08,7686,8181,-495,12985,2026-08,-3.672106824925816
4210209,SC,12m_2025-09_a_2026-08,272,277,-5,479,2026-08,-1.0330578512396695
4210308,SC,12m_2025-09_a_2026-08,683,656,27,953,2026-08,2.915766738660907
4210407,SC,12m_2025-09_a_2026-08,1444,1472,-28,1942,2026-08,-1.4213197969543148
4210506,SC,12m_2025-09_a_2026-08,7175,6843,332,11109,2026-08,3.0806346849772663
4210555,SC,12m_2025-09_a_2026-08,88,73,15,184,2026-08,8.875739644970414
4210605,SC,12m_2025-09_a_2026-08,2684,2754,-70,5000,2026-08,-1.3806706114398422
4210704,SC,12m_2025-09_a_2026-08,165,185,-20,224,2026-08,-8.19672131147541
4210803,SC,12m_2025-09_a_2026-08,934,979,-45,1631,2026-08,-2.6849642004773266
4210852,SC,12m_2025-09_a_2026-08,284,289,-5,432,2026-08,-1.1441647597254003
4210902,SC,12m_2025-09_a_2026-08,451,443,8,963,2026-08,0.8376963350785341
4211009,SC,12m_2025-09_a_2026-08,1699,1575,124,3132,2026-08,4.122340425531915
4211058,SC,12m_2025-09_a_2026-08,2391,2346,45,1764,2026-08,2.6178010471204187
4211108,SC,12m_2025-09_a_2026-08,546,542,4,980,2026-08,0.4098360655737705
4211207,SC,12m_2025-09_a_2026-08,3743,3714,29,6500,2026-08,0.44815329933549686
4211256,SC,12m_2025-09_a_2026-08,147,149,-2,325,2026-08,-0.6116207951070336
4211306,SC,12m_2025-09_a_2026-08,25183,21627,3556,30688,2026-08,13.106295149638802
4211405,SC,12m_2025-09_a_2026-08,803,614,189,1229,2026-08,18.173076923076923
4211454,SC,12m_2025-09_a_2026-08,370,313,57,749,2026-08,8.236994219653178
4211504,SC,12m_2025-09_a_2026-08,6169,6550,-381,6947,2026-08,-5.199235807860262
4211603,SC,12m_2025-09_a_2026-08,4300,4224,76,7902,2026-08,0.9711219013544594
4211652,SC,12m_2025-09_a_2026-08,205,193,12,394,2026-08,3.1413612565445024
4211702,SC,12m_2025-09_a_2026-08,5015,4730,285,8945,2026-08,3.2909930715935336
4211751,SC,12m_2025-09_a_2026-08,4059,3605,454,6942,2026-08,6.997533908754624
4211801,SC,12m_2025-09_a_2026-08,747,726,21,1079,2026-08,1.9848771266540641
4211850,SC,12m_2025-09_a_2026-08,127,121,6,195,2026-08,3.1746031746031744
4211876,SC,12m_2025-09_a_2026-08,78,83,-5,166,2026-08,-2.923976608187134
4211892,SC,12m_2025-09_a_2026-08,291,268,23,319,2026-08,7.77027027027027
4211900,SC,12m_2025-09_a_2026-08,42839,40464,2375,62492,2026-08,3.9506296056024084
4212007,SC,12m_2025-09_a_2026-08,721,716,5,1494,2026-08,0.33579583613163194
4212056,SC,12m_2025-09_a_2026-08,290,281,9,777,2026-08,1.171875
4212106,SC,12m_2025-09_a_2026-08,3186,2904,282,6369,2026-08,4.632824051256777
4212205,SC,12m_2025-09_a_2026-08,2499,2418,81,4109,2026-08,2.0109235352532275
4212239,SC,12m_2025-09_a_2026-08,539,450,89,892,2026-08,11.083437110834371
4212254,SC,12m_2025-09_a_2026-08,1181,1164,17,1430,2026-08,1.203113941967445
4212270,SC,12m_2025-09_a_2026-08,458,447,11,700,2026-08,1.5965166908563133
4212304,SC,12m_2025-09_a_2026-08,1870,1822,48,2491,2026-08,1.9647973802701595
4212403,SC,12m_2025-09_a_2026-08,1017,887,130,1780,2026-08,7.878787878787878
4212502,SC,12m_2025-09_a_2026-08,9370,9553,-183,11406,2026-08,-1.57908361377168
4212601,SC,12m_2025-09_a_2026-08,312,296,16,687,2026-08,2.384500745156483
4212650,SC,12m_2025-09_a_2026-08,818,742,76,816,2026-08,10.27027027027027
4212700,SC,12m_2025-09_a_2026-08,748,759,-11,1026,2026-08,-1.0607521697203472
4212809,SC,12m_2025-09_a_2026-08,5626,5474,152,6639,2026-08,2.343147834129798
4212908,SC,12m_2025-09_a_2026-08,5584,5090,494,9448,2026-08,5.517087335269154
4213005,SC,12m_2025-09_a_2026-08,1102,1104,-2,1704,2026-08,-0.11723329425556857
4213104,SC,12m_2025-09_a_2026-08,873,801,72,1520,2026-08,4.972375690607735
4213153,SC,12m_2025-09_a_2026-08,296,303,-7,530,2026-08,-1.303538175046555
4213203,SC,12m_2025-09_a_2026-08,7747,7885,-138,15911,2026-08,-0.8598666583587763
4213302,SC,12m_2025-09_a_2026-08,473,468,5,789,2026-08,0.6377551020408163
4213351,SC,12m_2025-09_a_2026-08,385,409,-24,713,2026-08,-3.2564450474898234
4213401,SC,12m_2025-09_a_2026-08,1354,1372,-18,2114,2026-08,-0.8442776735459663
4213500,SC,12m_2025-09_a_2026-08,12141,11453,688,11830,2026-08,6.174833961586789
4213609,SC,12m_2025-09_a_2026-08,4351,4443,-92,7359,2026-08,-1.2347335928063348
4213708,SC,12m_2025-09_a_2026-08,3394,3741,-347,4961,2026-08,-6.5373021853805575
4213807,SC,12m_2025-09_a_2026-08,844,852,-8,1622,2026-08,-0.49079754601227
4213906,SC,12m_2025-09_a_2026-08,73,84,-11,143,2026-08,-7.142857142857142
4214003,SC,12m_2025-09_a_2026-08,4844,4835,9,8385,2026-08,0.10744985673352436
4214102,SC,12m_2025-09_a_2026-08,175,175,0,221,2026-08,0
4214151,SC,12m_2025-09_a_2026-08,301,329,-28,696,2026-08,-3.867403314917127
4214201,SC,12m_2025-09_a_2026-08,1745,1534,211,3626,2026-08,6.178623718887262
4214300,SC,12m_2025-09_a_2026-08,281,254,27,630,2026-08,4.477611940298507
4214409,SC,12m_2025-09_a_2026-08,1050,1041,9,1262,2026-08,0.7182761372705506
4214508,SC,12m_2025-09_a_2026-08,552,567,-15,1026,2026-08,-1.440922190201729
4214607,SC,12m_2025-09_a_2026-08,938,888,50,1532,2026-08,3.3738191632928474
4214706,SC,12m_2025-09_a_2026-08,1856,1891,-35,3551,2026-08,-0.9760178471834913
4214805,SC,12m_2025-09_a_2026-08,20354,19174,1180,33136,2026-08,3.692577293778946
4214904,SC,12m_2025-09_a_2026-08,536,509,27,1292,2026-08,2.1343873517786562
4215000,SC,12m_2025-09_a_2026-08,7462,7821,-359,12612,2026-08,-2.767712589623005
4215059,SC,12m_2025-09_a_2026-08,194,183,11,256,2026-08,4.489795918367347
4215075,SC,12m_2025-09_a_2026-08,433,460,-27,796,2026-08,-3.2806804374240586
4215109,SC,12m_2025-09_a_2026-08,1196,1329,-133,2487,2026-08,-5.076335877862595
4215208,SC,12m_2025-09_a_2026-08,59,67,-8,209,2026-08,-3.686635944700461
4215307,SC,12m_2025-09_a_2026-08,977,1017,-40,2186,2026-08,-1.7969451931716083
4215356,SC,12m_2025-09_a_2026-08,216,210,6,408,2026-08,1.4925373134328357
4215406,SC,12m_2025-09_a_2026-08,967,937,30,1881,2026-08,1.6207455429497568
4215455,SC,12m_2025-09_a_2026-08,3071,3240,-169,5016,2026-08,-3.259402121504339
4215505,SC,12m_2025-09_a_2026-08,4069,4137,-68,5339,2026-08,-1.2576289994451637
4215554,SC,12m_2025-09_a_2026-08,198,176,22,430,2026-08,5.392156862745098
4215604,SC,12m_2025-09_a_2026-08,141,134,7,314,2026-08,2.2801302931596092
4215653,SC,12m_2025-09_a_2026-08,653,672,-19,1122,2026-08,-1.6652059596844873
4215679,SC,12m_2025-09_a_2026-08,326,354,-28,599,2026-08,-4.4657097288676235
4215687,SC,12m_2025-09_a_2026-08,78,87,-9,158,2026-08,-5.389221556886228
4215695,SC,12m_2025-09_a_2026-08,71,59,12,156,2026-08,8.333333333333332
4215703,SC,12m_2025-09_a_2026-08,7462,6199,1263,9868,2026-08,14.677513073794305
4215752,SC,12m_2025-09_a_2026-08,217,198,19,306,2026-08,6.620209059233449
4215802,SC,12m_2025-09_a_2026-08,15616,15512,104,28358,2026-08,0.3680894740567707
4215901,SC,12m_2025-09_a_2026-08,264,238,26,503,2026-08,5.450733752620545
4216008,SC,12m_2025-09_a_2026-08,1527,1527,0,2816,2026-08,0
4216057,SC,12m_2025-09_a_2026-08,938,1031,-93,1535,2026-08,-5.712530712530713
4216107,SC,12m_2025-09_a_2026-08,640,695,-55,1500,2026-08,-3.536977491961415
4216206,SC,12m_2025-09_a_2026-08,7133,7291,-158,12484,2026-08,-1.2498022464799874
4216255,SC,12m_2025-09_a_2026-08,839,766,73,1661,2026-08,4.596977329974812
4216305,SC,12m_2025-09_a_2026-08,6200,6361,-161,9269,2026-08,-1.707317073170732
4216354,SC,12m_2025-09_a_2026-08,1365,1280,85,2040,2026-08,4.3478260869565215
4216404,SC,12m_2025-09_a_2026-08,642,663,-21,1122,2026-08,-1.837270341207349
4216503,SC,12m_2025-09_a_2026-08,9216,8825,391,7719,2026-08,5.335698689956332
4216602,SC,12m_2025-09_a_2026-08,91786,89060,2726,139695,2026-08,1.9902313662215536
4216701,SC,12m_2025-09_a_2026-08,1548,1490,58,2782,2026-08,2.129221732745962
4216800,SC,12m_2025-09_a_2026-08,230,220,10,931,2026-08,1.0857763300760044
4216909,SC,12m_2025-09_a_2026-08,6019,5568,451,10916,2026-08,4.309603440038223
4217006,SC,12m_2025-09_a_2026-08,4195,3935,260,6600,2026-08,4.100946372239748
4217105,SC,12m_2025-09_a_2026-08,377,322,55,850,2026-08,6.918238993710692
4217154,SC,12m_2025-09_a_2026-08,37,38,-1,84,2026-08,-1.1764705882352942
4217204,SC,12m_2025-09_a_2026-08,9436,9132,304,16935,2026-08,1.8279117311045638
4217253,SC,12m_2025-09_a_2026-08,438,444,-6,885,2026-08,-0.6734006734006733
4217303,SC,12m_2025-09_a_2026-08,977,1137,-160,2806,2026-08,-5.394470667565745
4217402,SC,12m_2025-09_a_2026-08,2888,2918,-30,5277,2026-08,-0.5652911249293386
4217501,SC,12m_2025-09_a_2026-08,4109,3936,173,7907,2026-08,2.2368761313679855
4217550,SC,12m_2025-09_a_2026-08,229,257,-28,655,2026-08,-4.099560761346998
4217600,SC,12m_2025-09_a_2026-08,1438,1835,-397,3737,2026-08,-9.603289791969036
4217709,SC,12m_2025-09_a_2026-08,5799,5352,447,8349,2026-08,5.6567957479119215
4217758,SC,12m_2025-09_a_2026-08,106,113,-7,269,2026-08,-2.536231884057971
4217808,SC,12m_2025-09_a_2026-08,2547,2591,-44,5034,2026-08,-0.866482867270579
4217907,SC,12m_2025-09_a_2026-08,1618,1546,72,2650,2026-08,2.7928626842513578
4217956,SC,12m_2025-09_a_2026-08,52,57,-5,151,2026-08,-3.205128205128205
4218004,SC,12m_2025-09_a_2026-08,15915,15248,667,21244,2026-08,3.241483209408563
4218103,SC,12m_2025-09_a_2026-08,307,320,-13,662,2026-08,-1.925925925925926
4218202,SC,12m_2025-09_a_2026-08,11131,10991,140,19147,2026-08,0.736570737096859
4218251,SC,12m_2025-09_a_2026-08,702,738,-36,1275,2026-08,-2.745995423340961
4218301,SC,12m_2025-09_a_2026-08,3234,3052,182,6573,2026-08,2.8477546549835706
4218350,SC,12m_2025-09_a_2026-08,340,362,-22,1219,2026-08,-1.7727639000805804
4218400,SC,12m_2025-09_a_2026-08,1586,1526,60,2340,2026-08,2.631578947368421
4218509,SC,12m_2025-09_a_2026-08,3106,2763,343,4958,2026-08,7.43228602383532
4218608,SC,12m_2025-09_a_2026-08,985,957,28,2061,2026-08,1.3772749631087065
4218707,SC,12m_2025-09_a_2026-08,28605,28057,548,42886,2026-08,1.294345505219897
4218756,SC,12m_2025-09_a_2026-08,681,630,51,1110,2026-08,4.815864022662889
4218806,SC,12m_2025-09_a_2026-08,2065,2107,-42,4136,2026-08,-1.0052656773575874
4218855,SC,12m_2025-09_a_2026-08,156,158,-2,269,2026-08,-0.7380073800738007
4218905,SC,12m_2025-09_a_2026-08,1488,1440,48,1954,2026-08,2.5183630640083945
4218954,SC,12m_2025-09_a_2026-08,659,605,54,426,2026-08,14.516129032258066
4219002,SC,12m_2025-09_a_2026-08,3859,3861,-2,7020,2026-08,-0.02848191398461977
4219101,SC,12m_2025-09_a_2026-08,1031,908,123,1342,2026-08,10.090237899917966
4219150,SC,12m_2025-09_a_2026-08,85,83,2,213,2026-08,0.9478672985781991
4219176,SC,12m_2025-09_a_2026-08,663,619,44,1789,2026-08,2.5214899713467047
4219200,SC,12m_2025-09_a_2026-08,610,547,63,891,2026-08,7.608695652173914
4219309,SC,12m_2025-09_a_2026-08,15769,15232,537,24261,2026-08,2.2635306019221044
4219358,SC,12m_2025-09_a_2026-08,415,408,7,791,2026-08,0.8928571428571428
4219408,SC,12m_2025-09_a_2026-08,694,664,30,1363,2026-08,2.250562640660165
4219507,SC,12m_2025-09_a_2026-08,9731,9674,57,15590,2026-08,0.36696066439193975
4219606,SC,12m_2025-09_a_2026-08,277,239,38,542,2026-08,7.5396825396825395
4219705,SC,12m_2025-09_a_2026-08,7564,7323,241,12759,2026-08,1.9252276721521009
4219853,SC,12m_2025-09_a_2026-08,133,130,3,187,2026-08,1.6304347826086956
4220000,SC,12m_2025-09_a_2026-08,2351,2016,335,3338,2026-08,11.155511155511155
4300034,RS,12m_2025-09_a_2026-08,471,433,38,1124,2026-08,3.4990791896869244
4300059,RS,12m_2025-09_a_2026-08,299,294,5,611,2026-08,0.825082508250825
4300109,RS,12m_2025-09_a_2026-08,964,1047,-83,2309,2026-08,-3.4698996655518393
4300208,RS,12m_2025-09_a_2026-08,568,598,-30,1159,2026-08,-2.5231286795626575
4300307,RS,12m_2025-09_a_2026-08,134,133,1,405,2026-08,0.24752475247524752
4300406,RS,12m_2025-09_a_2026-08,4970,5143,-173,12649,2026-08,-1.3492434877554205
4300455,RS,12m_2025-09_a_2026-08,116,107,9,253,2026-08,3.6885245901639343
4300471,RS,12m_2025-09_a_2026-08,524,409,115,724,2026-08,18.88341543513957
4300505,RS,12m_2025-09_a_2026-08,218,248,-30,613,2026-08,-4.665629860031104
4300554,RS,12m_2025-09_a_2026-08,36,42,-6,128,2026-08,-4.477611940298507
4300570,RS,12m_2025-09_a_2026-08,282,289,-7,751,2026-08,-0.9234828496042217
4300604,RS,12m_2025-09_a_2026-08,11253,11194,59,17723,2026-08,0.3340126811594203
4300638,RS,12m_2025-09_a_2026-08,48,40,8,162,2026-08,5.194805194805195
4300646,RS,12m_2025-09_a_2026-08,591,572,19,1271,2026-08,1.5175718849840254
4300661,RS,12m_2025-09_a_2026-08,80,81,-1,179,2026-08,-0.5555555555555556
4300703,RS,12m_2025-09_a_2026-08,576,551,25,1359,2026-08,1.8740629685157422
4300802,RS,12m_2025-09_a_2026-08,1997,1949,48,3964,2026-08,1.2257405515832482
4300851,RS,12m_2025-09_a_2026-08,176,181,-5,459,2026-08,-1.0775862068965518
4300877,RS,12m_2025-09_a_2026-08,1511,1374,137,2506,2026-08,5.7830308146897424
4300901,RS,12m_2025-09_a_2026-08,401,363,38,1057,2026-08,3.729146221786065
4301008,RS,12m_2025-09_a_2026-08,4322,4180,142,8200,2026-08,1.7622238768925294
4301057,RS,12m_2025-09_a_2026-08,1092,1060,32,1269,2026-08,2.5869037995149555
4301073,RS,12m_2025-09_a_2026-08,45,47,-2,144,2026-08,-1.36986301369863
4301107,RS,12m_2025-09_a_2026-08,558,627,-69,1393,2026-08,-4.719562243502052
4301206,RS,12m_2025-09_a_2026-08,673,632,41,1626,2026-08,2.5867507886435335
4301305,RS,12m_2025-09_a_2026-08,1115,1061,54,2321,2026-08,2.3820026466696076
4301404,RS,12m_2025-09_a_2026-08,746,765,-19,1581,2026-08,-1.1875
4301503,RS,12m_2025-09_a_2026-08,407,398,9,1024,2026-08,0.8866995073891626
4301552,RS,12m_2025-09_a_2026-08,60,76,-16,242,2026-08,-6.2015503875969
4301602,RS,12m_2025-09_a_2026-08,6289,6783,-494,17399,2026-08,-2.760856200748896
4301636,RS,12m_2025-09_a_2026-08,854,743,111,1228,2026-08,9.937332139659803
4301651,RS,12m_2025-09_a_2026-08,846,818,28,1965,2026-08,1.4455343314403717
4301701,RS,12m_2025-09_a_2026-08,607,625,-18,1318,2026-08,-1.347305389221557
4301750,RS,12m_2025-09_a_2026-08,93,105,-12,222,2026-08,-5.128205128205128
4301800,RS,12m_2025-09_a_2026-08,171,152,19,486,2026-08,4.068522483940043
4301859,RS,12m_2025-09_a_2026-08,58,51,7,126,2026-08,5.88235294117647
4301875,RS,12m_2025-09_a_2026-08,582,586,-4,862,2026-08,-0.4618937644341801
4301909,RS,12m_2025-09_a_2026-08,1297,1266,31,2334,2026-08,1.3460703430308294
4301925,RS,12m_2025-09_a_2026-08,62,84,-22,119,2026-08,-15.602836879432624
4301958,RS,12m_2025-09_a_2026-08,550,489,61,838,2026-08,7.850707850707852
4302006,RS,12m_2025-09_a_2026-08,307,269,38,712,2026-08,5.637982195845697
4302055,RS,12m_2025-09_a_2026-08,21,17,4,70,2026-08,6.0606060606060606
4302105,RS,12m_2025-09_a_2026-08,28068,27798,270,45267,2026-08,0.6000400026668444
4302154,RS,12m_2025-09_a_2026-08,102,105,-3,235,2026-08,-1.2605042016806722
4302204,RS,12m_2025-09_a_2026-08,759,715,44,1613,2026-08,2.804333970681963
4302220,RS,12m_2025-09_a_2026-08,149,133,16,354,2026-08,4.733727810650888
4302238,RS,12m_2025-09_a_2026-08,133,142,-9,244,2026-08,-3.557312252964427
4302253,RS,12m_2025-09_a_2026-08,554,485,69,707,2026-08,10.815047021943574
4302303,RS,12m_2025-09_a_2026-08,5949,5854,95,2739,2026-08,3.59304084720121
4302352,RS,12m_2025-09_a_2026-08,2696,2688,8,6025,2026-08,0.1329566229017783
4302378,RS,12m_2025-09_a_2026-08,74,73,1,180,2026-08,0.5586592178770949
4302402,RS,12m_2025-09_a_2026-08,1607,1651,-44,3149,2026-08,-1.37801440651425
4302451,RS,12m_2025-09_a_2026-08,160,170,-10,420,2026-08,-2.3255813953488373
4302501,RS,12m_2025-09_a_2026-08,303,336,-33,744,2026-08,-4.247104247104247
4302584,RS,12m_2025-09_a_2026-08,43,58,-15,107,2026-08,-12.295081967213115
4302600,RS,12m_2025-09_a_2026-08,53,49,4,187,2026-08,2.185792349726776
4302659,RS,12m_2025-09_a_2026-08,248,319,-71,620,2026-08,-10.274963820549928
4302709,RS,12m_2025-09_a_2026-08,1807,1519,288,3959,2026-08,7.84527376736584
4302808,RS,12m_2025-09_a_2026-08,2167,2221,-54,5552,2026-08,-0.9632536567962896
4302907,RS,12m_2025-09_a_2026-08,486,538,-52,1248,2026-08,-4
4303004,RS,12m_2025-09_a_2026-08,5606,5832,-226,13672,2026-08,-1.6261332565836812
4303103,RS,12m_2025-09_a_2026-08,27640,27589,51,40611,2026-08,0.1257396449704142
4303202,RS,12m_2025-09_a_2026-08,81,88,-7,247,2026-08,-2.7559055118110236
4303301,RS,12m_2025-09_a_2026-08,217,211,6,829,2026-08,0.7290400972053462
4303400,RS,12m_2025-09_a_2026-08,116,108,8,312,2026-08,2.631578947368421
4303509,RS,12m_2025-09_a_2026-08,4557,4782,-225,11205,2026-08,-1.968503937007874
4303558,RS,12m_2025-09_a_2026-08,345,217,128,727,2026-08,21.368948247078464
4303608,RS,12m_2025-09_a_2026-08,612,595,17,1187,2026-08,1.452991452991453
4303673,RS,12m_2025-09_a_2026-08,407,436,-29,337,2026-08,-7.923497267759563
4303707,RS,12m_2025-09_a_2026-08,217,190,27,627,2026-08,4.5
4303806,RS,12m_2025-09_a_2026-08,257,253,4,722,2026-08,0.5571030640668524
4303905,RS,12m_2025-09_a_2026-08,11030,11989,-959,21774,2026-08,-4.218536928693969
4304002,RS,12m_2025-09_a_2026-08,417,450,-33,1010,2026-08,-3.1639501438159154
4304101,RS,12m_2025-09_a_2026-08,145,154,-9,382,2026-08,-2.3017902813299234
4304200,RS,12m_2025-09_a_2026-08,2973,2992,-19,5282,2026-08,-0.35842293906810035
4304309,RS,12m_2025-09_a_2026-08,312,412,-100,1075,2026-08,-8.51063829787234
4304358,RS,12m_2025-09_a_2026-08,798,793,5,2479,2026-08,0.20210185933710592
4304408,RS,12m_2025-09_a_2026-08,9199,8947,252,10306,2026-08,2.5064650885219812
4304507,RS,12m_2025-09_a_2026-08,1812,1819,-7,4620,2026-08,-0.15128593040847202
4304606,RS,12m_2025-09_a_2026-08,55182,52465,2717,91105,2026-08,3.0739466895958727
4304614,RS,12m_2025-09_a_2026-08,40,31,9,168,2026-08,5.660377358490567
4304622,RS,12m_2025-09_a_2026-08,122,140,-18,216,2026-08,-7.6923076923076925
4304630,RS,12m_2025-09_a_2026-08,10023,9853,170,12317,2026-08,1.3995225158475344
4304655,RS,12m_2025-09_a_2026-08,155,165,-10,358,2026-08,-2.717391304347826
4304663,RS,12m_2025-09_a_2026-08,1674,1774,-100,3049,2026-08,-3.1756113051762465
4304671,RS,12m_2025-09_a_2026-08,658,676,-18,1209,2026-08,-1.466992665036675
4304689,RS,12m_2025-09_a_2026-08,575,621,-46,1057,2026-08,-4.170444242973708
4304697,RS,12m_2025-09_a_2026-08,199,167,32,384,2026-08,9.090909090909092
4304705,RS,12m_2025-09_a_2026-08,7273,7832,-559,14578,2026-08,-3.6929378344453987
4304713,RS,12m_2025-09_a_2026-08,365,389,-24,807,2026-08,-2.888086642599278
4304804,RS,12m_2025-09_a_2026-08,5697,5132,565,14871,2026-08,3.9493918635537537
4304853,RS,12m_2025-09_a_2026-08,8,7,1,37,2026-08,2.7777777777777777
4304903,RS,12m_2025-09_a_2026-08,1446,1480,-34,3132,2026-08,-1.0739102969046115
4304952,RS,12m_2025-09_a_2026-08,185,148,37,395,2026-08,10.335195530726256
4305009,RS,12m_2025-09_a_2026-08,439,424,15,1064,2026-08,1.4299332697807436
4305108,RS,12m_2025-09_a_2026-08,97048,95235,1813,172937,2026-08,1.0594656506393025
4305116,RS,12m_2025-09_a_2026-08,56,68,-12,163,2026-08,-6.857142857142858
4305124,RS,12m_2025-09_a_2026-08,94,74,20,290,2026-08,7.4074074074074066
4305132,RS,12m_2025-09_a_2026-08,106,89,17,225,2026-08,8.173076923076923
4305157,RS,12m_2025-09_a_2026-08,36,37,-1,115,2026-08,-0.8620689655172413
4305173,RS,12m_2025-09_a_2026-08,353,333,20,876,2026-08,2.336448598130841
4305207,RS,12m_2025-09_a_2026-08,1297,1284,13,3180,2026-08,0.4104831070413641
4305306,RS,12m_2025-09_a_2026-08,706,934,-228,1887,2026-08,-10.78014184397163
4305355,RS,12m_2025-09_a_2026-08,2425,2757,-332,5741,2026-08,-5.466820352379384
4305371,RS,12m_2025-09_a_2026-08,69,50,19,173,2026-08,12.337662337662337
4305405,RS,12m_2025-09_a_2026-08,297,294,3,749,2026-08,0.40214477211796246
4305439,RS,12m_2025-09_a_2026-08,1458,1380,78,1985,2026-08,4.0901940220241215
4305447,RS,12m_2025-09_a_2026-08,93,89,4,205,2026-08,1.9900497512437811
4305454,RS,12m_2025-09_a_2026-08,890,922,-32,1105,2026-08,-2.8144239226033423
4305504,RS,12m_2025-09_a_2026-08,388,321,67,579,2026-08,13.0859375
4305587,RS,12m_2025-09_a_2026-08,143,143,0,304,2026-08,0
4305603,RS,12m_2025-09_a_2026-08,140,145,-5,375,2026-08,-1.3157894736842104
4305702,RS,12m_2025-09_a_2026-08,964,1167,-203,1858,2026-08,-9.84958757884522
4305801,RS,12m_2025-09_a_2026-08,894,843,51,1946,2026-08,2.691292875989446
4305835,RS,12m_2025-09_a_2026-08,9,6,3,44,2026-08,7.317073170731707
4305850,RS,12m_2025-09_a_2026-08,60,77,-17,162,2026-08,-9.497206703910614
4305871,RS,12m_2025-09_a_2026-08,129,109,20,349,2026-08,6.079027355623101
4305900,RS,12m_2025-09_a_2026-08,271,283,-12,746,2026-08,-1.58311345646438
4305934,RS,12m_2025-09_a_2026-08,210,205,5,94,2026-08,5.617977528089887
4305959,RS,12m_2025-09_a_2026-08,500,471,29,734,2026-08,4.113475177304964
4305975,RS,12m_2025-09_a_2026-08,328,318,10,759,2026-08,1.335113484646195
4306007,RS,12m_2025-09_a_2026-08,765,842,-77,2084,2026-08,-3.5631652012956962
4306056,RS,12m_2025-09_a_2026-08,355,543,-188,936,2026-08,-16.72597864768683
4306072,RS,12m_2025-09_a_2026-08,49,61,-12,89,2026-08,-11.881188118811881
4306106,RS,12m_2025-09_a_2026-08,6222,6229,-7,12607,2026-08,-0.05549389567147614
4306130,RS,12m_2025-09_a_2026-08,24,16,8,68,2026-08,13.333333333333334
4306205,RS,12m_2025-09_a_2026-08,1321,1230,91,2837,2026-08,3.3139111434814272
4306304,RS,12m_2025-09_a_2026-08,116,134,-18,374,2026-08,-4.591836734693878
4306320,RS,12m_2025-09_a_2026-08,184,138,46,267,2026-08,20.81447963800905
4306353,RS,12m_2025-09_a_2026-08,18,26,-8,75,2026-08,-9.63855421686747
4306379,RS,12m_2025-09_a_2026-08,109,106,3,300,2026-08,1.0101010101010102
4306403,RS,12m_2025-09_a_2026-08,4321,4660,-339,11200,2026-08,-2.937862899731346
4306429,RS,12m_2025-09_a_2026-08,100,109,-9,246,2026-08,-3.5294117647058822
4306452,RS,12m_2025-09_a_2026-08,267,286,-19,564,2026-08,-3.2590051457975986
4306502,RS,12m_2025-09_a_2026-08,263,258,5,709,2026-08,0.7102272727272727
4306551,RS,12m_2025-09_a_2026-08,144,177,-33,208,2026-08,-13.692946058091287
4306601,RS,12m_2025-09_a_2026-08,2736,2929,-193,6110,2026-08,-3.062033952086308
4306700,RS,12m_2025-09_a_2026-08,76,85,-9,214,2026-08,-4.0358744394618835
4306734,RS,12m_2025-09_a_2026-08,156,159,-3,356,2026-08,-0.8356545961002786
4306759,RS,12m_2025-09_a_2026-08,92,105,-13,237,2026-08,-5.2
4306767,RS,12m_2025-09_a_2026-08,5252,5561,-309,14925,2026-08,-2.0283576211106733
4306809,RS,12m_2025-09_a_2026-08,4057,4002,55,8069,2026-08,0.6862989767906164
4306908,RS,12m_2025-09_a_2026-08,2316,2299,17,3631,2026-08,0.47039291643608194
4306924,RS,12m_2025-09_a_2026-08,28,28,0,73,2026-08,0
4306932,RS,12m_2025-09_a_2026-08,761,778,-17,1455,2026-08,-1.154891304347826
4306957,RS,12m_2025-09_a_2026-08,124,109,15,201,2026-08,8.064516129032258
4306973,RS,12m_2025-09_a_2026-08,81,75,6,202,2026-08,3.061224489795918
4307005,RS,12m_2025-09_a_2026-08,24624,23582,1042,42937,2026-08,2.487170306719179
4307054,RS,12m_2025-09_a_2026-08,147,194,-47,361,2026-08,-11.519607843137255
4307104,RS,12m_2025-09_a_2026-08,143,136,7,474,2026-08,1.4989293361884368
4307203,RS,12m_2025-09_a_2026-08,278,241,37,602,2026-08,6.548672566371681
4307302,RS,12m_2025-09_a_2026-08,282,244,38,644,2026-08,6.270627062706271
4307401,RS,12m_2025-09_a_2026-08,410,384,26,439,2026-08,6.2953995157385
4307450,RS,12m_2025-09_a_2026-08,118,90,28,264,2026-08,11.864406779661017
4307500,RS,12m_2025-09_a_2026-08,1432,1430,2,3224,2026-08,0.06207324643078833
4307559,RS,12m_2025-09_a_2026-08,982,933,49,2076,2026-08,2.4173655648741983
4307609,RS,12m_2025-09_a_2026-08,7430,7846,-416,13167,2026-08,-3.062651844217036
4307708,RS,12m_2025-09_a_2026-08,11870,12012,-142,19752,2026-08,-0.7137830501658792
4307807,RS,12m_2025-09_a_2026-08,6987,6812,175,11739,2026-08,1.513317191283293
4307815,RS,12m_2025-09_a_2026-08,78,90,-12,257,2026-08,-4.4609665427509295
4307831,RS,12m_2025-09_a_2026-08,151,136,15,302,2026-08,5.2264808362369335
4307864,RS,12m_2025-09_a_2026-08,227,242,-15,432,2026-08,-3.3557046979865772
4307906,RS,12m_2025-09_a_2026-08,15674,15592,82,27798,2026-08,0.2958579881656805
4308003,RS,12m_2025-09_a_2026-08,546,551,-5,1382,2026-08,-0.3604902667627974
4308052,RS,12m_2025-09_a_2026-08,56,50,6,168,2026-08,3.7037037037037033
4308078,RS,12m_2025-09_a_2026-08,846,811,35,904,2026-08,4.027617951668585
4308102,RS,12m_2025-09_a_2026-08,1858,1893,-35,3783,2026-08,-0.9167103195390257
4308201,RS,12m_2025-09_a_2026-08,8650,8689,-39,13212,2026-08,-0.29431741000679196
4308250,RS,12m_2025-09_a_2026-08,19,23,-4,57,2026-08,-6.557377049180328
4308300,RS,12m_2025-09_a_2026-08,418,415,3,969,2026-08,0.3105590062111801
4308409,RS,12m_2025-09_a_2026-08,233,233,0,600,2026-08,0
4308433,RS,12m_2025-09_a_2026-08,58,58,0,189,2026-08,0
4308458,RS,12m_2025-09_a_2026-08,210,253,-43,611,2026-08,-6.574923547400611
4308508,RS,12m_2025-09_a_2026-08,5078,4956,122,9775,2026-08,1.2638557961255568
4308607,RS,12m_2025-09_a_2026-08,11710,11497,213,17143,2026-08,1.25812167749557
4308656,RS,12m_2025-09_a_2026-08,65,80,-15,237,2026-08,-5.952380952380952
4308706,RS,12m_2025-09_a_2026-08,258,332,-74,736,2026-08,-9.135802469135802
4308805,RS,12m_2025-09_a_2026-08,178,186,-8,399,2026-08,-1.9656019656019657
4308854,RS,12m_2025-09_a_2026-08,168,167,1,244,2026-08,0.411522633744856
4308904,RS,12m_2025-09_a_2026-08,1672,1664,8,4105,2026-08,0.1952648279228704
4309001,RS,12m_2025-09_a_2026-08,980,978,2,2554,2026-08,0.07836990595611285
4309050,RS,12m_2025-09_a_2026-08,820,752,68,1816,2026-08,3.8901601830663615
4309100,RS,12m_2025-09_a_2026-08,15054,14836,218,20892,2026-08,1.054464544838928
4309126,RS,12m_2025-09_a_2026-08,62,68,-6,103,2026-08,-5.5045871559633035
4309159,RS,12m_2025-09_a_2026-08,157,138,19,219,2026-08,9.5
4309209,RS,12m_2025-09_a_2026-08,35268,34636,632,61802,2026-08,1.0331862023867908
4309258,RS,12m_2025-09_a_2026-08,95,103,-8,234,2026-08,-3.3057851239669422
4309308,RS,12m_2025-09_a_2026-08,9903,10720,-817,17961,2026-08,-4.350836084780061
4309407,RS,12m_2025-09_a_2026-08,3482,4406,-924,7980,2026-08,-10.377358490566039
4309506,RS,12m_2025-09_a_2026-08,968,633,335,1318,2026-08,34.0793489318413
4309555,RS,12m_2025-09_a_2026-08,763,721,42,1612,2026-08,2.67515923566879
4309571,RS,12m_2025-09_a_2026-08,50,47,3,103,2026-08,3
4309605,RS,12m_2025-09_a_2026-08,1578,1835,-257,5039,2026-08,-4.852719033232629
4309654,RS,12m_2025-09_a_2026-08,662,597,65,2157,2026-08,3.107074569789675
4309704,RS,12m_2025-09_a_2026-08,311,319,-8,760,2026-08,-1.0416666666666665
4309753,RS,12m_2025-09_a_2026-08,96,99,-3,168,2026-08,-1.7543859649122806
4309803,RS,12m_2025-09_a_2026-08,265,267,-2,595,2026-08,-0.33500837520938026
4309902,RS,12m_2025-09_a_2026-08,349,336,13,1011,2026-08,1.3026052104208417
4309951,RS,12m_2025-09_a_2026-08,83,98,-15,252,2026-08,-5.617977528089887
4310009,RS,12m_2025-09_a_2026-08,2747,3087,-340,6706,2026-08,-4.825432869713313
4310108,RS,12m_2025-09_a_2026-08,6686,7202,-516,12087,2026-08,-4.094263270649845
4310207,RS,12m_2025-09_a_2026-08,13824,13650,174,24815,2026-08,0.7061401728825941
4310306,RS,12m_2025-09_a_2026-08,207,217,-10,600,2026-08,-1.639344262295082
4310330,RS,12m_2025-09_a_2026-08,2790,2732,58,2960,2026-08,1.9986216402481045
4310363,RS,12m_2025-09_a_2026-08,477,497,-20,1208,2026-08,-1.6286644951140066
4310405,RS,12m_2025-09_a_2026-08,374,380,-6,1006,2026-08,-0.592885375494071
4310413,RS,12m_2025-09_a_2026-08,39,35,4,104,2026-08,4
4310439,RS,12m_2025-09_a_2026-08,1012,994,18,1144,2026-08,1.5985790408525755
4310462,RS,12m_2025-09_a_2026-08,47,47,0,161,2026-08,0
4310504,RS,12m_2025-09_a_2026-08,424,444,-20,680,2026-08,-2.857142857142857
4310538,RS,12m_2025-09_a_2026-08,349,359,-10,1036,2026-08,-0.9560229445506693
4310553,RS,12m_2025-09_a_2026-08,119,96,23,254,2026-08,9.956709956709958
4310579,RS,12m_2025-09_a_2026-08,24,24,0,57,2026-08,0
4310603,RS,12m_2025-09_a_2026-08,2980,3267,-287,7053,2026-08,-3.91008174386921
4310652,RS,12m_2025-09_a_2026-08,56,42,14,208,2026-08,7.216494845360824
4310702,RS,12m_2025-09_a_2026-08,162,167,-5,172,2026-08,-2.824858757062147
4310751,RS,12m_2025-09_a_2026-08,22,22,0,87,2026-08,0
4310801,RS,12m_2025-09_a_2026-08,4158,4161,-3,7895,2026-08,-0.03798429982273994
4310850,RS,12m_2025-09_a_2026-08,116,106,10,270,2026-08,3.8461538461538463
4310876,RS,12m_2025-09_a_2026-08,50,55,-5,150,2026-08,-3.225806451612903
4310900,RS,12m_2025-09_a_2026-08,200,219,-19,558,2026-08,-3.2928942807625647
4311007,RS,12m_2025-09_a_2026-08,1677,1642,35,3930,2026-08,0.8985879332477535
4311106,RS,12m_2025-09_a_2026-08,356,396,-40,1174,2026-08,-3.2948929159802307
4311122,RS,12m_2025-09_a_2026-08,419,380,39,660,2026-08,6.280193236714976
4311130,RS,12m_2025-09_a_2026-08,170,165,5,324,2026-08,1.5673981191222568
4311155,RS,12m_2025-09_a_2026-08,297,278,19,668,2026-08,2.9275808936825887
4311205,RS,12m_2025-09_a_2026-08,1232,1231,1,2885,2026-08,0.03467406380027739
4311239,RS,12m_2025-09_a_2026-08,24,33,-9,52,2026-08,-14.754098360655737
4311254,RS,12m_2025-09_a_2026-08,75,56,19,151,2026-08,14.393939393939394
4311270,RS,12m_2025-09_a_2026-08,65,77,-12,176,2026-08,-6.382978723404255
4311304,RS,12m_2025-09_a_2026-08,3247,3497,-250,5818,2026-08,-4.119973632168754
4311403,RS,12m_2025-09_a_2026-08,25238,24462,776,41322,2026-08,1.9138755980861244
4311429,RS,12m_2025-09_a_2026-08,76,60,16,116,2026-08,16
4311502,RS,12m_2025-09_a_2026-08,358,379,-21,893,2026-08,-2.297592997811816
4311601,RS,12m_2025-09_a_2026-08,107,111,-4,345,2026-08,-1.146131805157593
4311627,RS,12m_2025-09_a_2026-08,1140,1291,-151,2108,2026-08,-6.684373616644533
4311643,RS,12m_2025-09_a_2026-08,51,73,-22,140,2026-08,-13.580246913580247
4311700,RS,12m_2025-09_a_2026-08,368,351,17,686,2026-08,2.5411061285500747
4311718,RS,12m_2025-09_a_2026-08,303,339,-36,497,2026-08,-6.75422138836773
4311734,RS,12m_2025-09_a_2026-08,207,180,27,222,2026-08,13.846153846153847
4311759,RS,12m_2025-09_a_2026-08,255,278,-23,614,2026-08,-3.610675039246468
4311775,RS,12m_2025-09_a_2026-08,406,484,-78,781,2026-08,-9.080325960419092
4311791,RS,12m_2025-09_a_2026-08,148,140,8,214,2026-08,3.8834951456310676
4311809,RS,12m_2025-09_a_2026-08,9747,9300,447,17534,2026-08,2.6160238778018376
4311908,RS,12m_2025-09_a_2026-08,218,234,-16,556,2026-08,-2.797202797202797
4311981,RS,12m_2025-09_a_2026-08,132,114,18,223,2026-08,8.780487804878048
4312005,RS,12m_2025-09_a_2026-08,66,71,-5,167,2026-08,-2.9069767441860463
4312054,RS,12m_2025-09_a_2026-08,297,279,18,533,2026-08,3.4951456310679614
4312104,RS,12m_2025-09_a_2026-08,148,127,21,393,2026-08,5.64516129032258
4312138,RS,12m_2025-09_a_2026-08,100,91,9,213,2026-08,4.411764705882353
4312153,RS,12m_2025-09_a_2026-08,967,939,28,1179,2026-08,2.4326672458731537
4312179,RS,12m_2025-09_a_2026-08,36,34,2,89,2026-08,2.2988505747126435
4312203,RS,12m_2025-09_a_2026-08,140,131,9,420,2026-08,2.18978102189781
4312252,RS,12m_2025-09_a_2026-08,722,598,124,1351,2026-08,10.105949470252648
4312302,RS,12m_2025-09_a_2026-08,2233,1790,443,2163,2026-08,25.75581395348837
4312351,RS,12m_2025-09_a_2026-08,139,100,39,330,2026-08,13.402061855670103
4312377,RS,12m_2025-09_a_2026-08,541,474,67,287,2026-08,30.454545454545457
4312385,RS,12m_2025-09_a_2026-08,920,921,-1,300,2026-08,-0.33222591362126247
4312401,RS,12m_2025-09_a_2026-08,10837,11051,-214,19564,2026-08,-1.0820103144908484
4312427,RS,12m_2025-09_a_2026-08,66,65,1,208,2026-08,0.4830917874396135
4312443,RS,12m_2025-09_a_2026-08,104,89,15,215,2026-08,7.5
4312450,RS,12m_2025-09_a_2026-08,670,724,-54,464,2026-08,-10.424710424710424
4312476,RS,12m_2025-09_a_2026-08,1137,1094,43,1772,2026-08,2.4869866975130135
4312500,RS,12m_2025-09_a_2026-08,1332,1335,-3,2491,2026-08,-0.12028869286287089
4312609,RS,12m_2025-09_a_2026-08,786,1021,-235,1961,2026-08,-10.701275045537342
4312617,RS,12m_2025-09_a_2026-08,1217,1185,32,686,2026-08,4.892966360856269
4312625,RS,12m_2025-09_a_2026-08,91,85,6,124,2026-08,5.084745762711865
4312658,RS,12m_2025-09_a_2026-08,2824,3921,-1097,8698,2026-08,-11.199591628381828
4312674,RS,12m_2025-09_a_2026-08,69,66,3,182,2026-08,1.675977653631285
4312708,RS,12m_2025-09_a_2026-08,831,803,28,1823,2026-08,1.5598885793871866
4312757,RS,12m_2025-09_a_2026-08,420,386,34,1007,2026-08,3.494347379239465
4312807,RS,12m_2025-09_a_2026-08,1134,1035,99,1958,2026-08,5.325443786982249
4312906,RS,12m_2025-09_a_2026-08,2303,2010,293,3797,2026-08,8.361872146118722
4312955,RS,12m_2025-09_a_2026-08,321,327,-6,639,2026-08,-0.9302325581395349
4313003,RS,12m_2025-09_a_2026-08,269,254,15,520,2026-08,2.9702970297029703
4313011,RS,12m_2025-09_a_2026-08,228,250,-22,746,2026-08,-2.864583333333333
4313037,RS,12m_2025-09_a_2026-08,541,577,-36,1492,2026-08,-2.356020942408377
4313060,RS,12m_2025-09_a_2026-08,3189,3295,-106,6986,2026-08,-1.4946418499717993
4313086,RS,12m_2025-09_a_2026-08,798,795,3,344,2026-08,0.8797653958944283
4313102,RS,12m_2025-09_a_2026-08,259,302,-43,788,2026-08,-5.174488567990373
4313201,RS,12m_2025-09_a_2026-08,2960,3019,-59,6388,2026-08,-0.9151543353497752
4313300,RS,12m_2025-09_a_2026-08,3331,3341,-10,8092,2026-08,-0.12342631449024932
4313334,RS,12m_2025-09_a_2026-08,100,97,3,205,2026-08,1.4851485148514851
4313359,RS,12m_2025-09_a_2026-08,167,194,-27,436,2026-08,-5.831533477321814
4313375,RS,12m_2025-09_a_2026-08,6106,5909,197,10759,2026-08,1.8651770498011742
4313391,RS,12m_2025-09_a_2026-08,158,140,18,323,2026-08,5.901639344262295
4313409,RS,12m_2025-09_a_2026-08,42217,43736,-1519,74312,2026-08,-2.0031385581094803
4313425,RS,12m_2025-09_a_2026-08,59,63,-4,191,2026-08,-2.051282051282051
4313441,RS,12m_2025-09_a_2026-08,29,46,-17,119,2026-08,-12.5
4313466,RS,12m_2025-09_a_2026-08,31,36,-5,102,2026-08,-4.672897196261682
4313490,RS,12m_2025-09_a_2026-08,135,121,14,288,2026-08,5.109489051094891
4313508,RS,12m_2025-09_a_2026-08,6361,6377,-16,10834,2026-08,-0.14746543778801843
4313607,RS,12m_2025-09_a_2026-08,127,132,-5,398,2026-08,-1.240694789081886
4313656,RS,12m_2025-09_a_2026-08,725,790,-65,1474,2026-08,-4.223521767381416
4313706,RS,12m_2025-09_a_2026-08,2368,2386,-18,5311,2026-08,-0.3377744417339088
4313805,RS,12m_2025-09_a_2026-08,599,553,46,1185,2026-08,4.038630377524144
4313904,RS,12m_2025-09_a_2026-08,5665,6495,-830,13992,2026-08,-5.599784104709216
4313953,RS,12m_2025-09_a_2026-08,992,1133,-141,2468,2026-08,-5.40436949022614
4314001,RS,12m_2025-09_a_2026-08,1599,1547,52,3144,2026-08,1.6817593790426906
4314027,RS,12m_2025-09_a_2026-08,316,319,-3,501,2026-08,-0.5952380952380952
4314035,RS,12m_2025-09_a_2026-08,351,323,28,690,2026-08,4.229607250755287
4314050,RS,12m_2025-09_a_2026-08,7516,8157,-641,14983,2026-08,-4.102662570404505
4314068,RS,12m_2025-09_a_2026-08,82,69,13,125,2026-08,11.607142857142858
4314076,RS,12m_2025-09_a_2026-08,629,664,-35,1082,2026-08,-3.133393017009848
4314100,RS,12m_2025-09_a_2026-08,45775,45882,-107,76640,2026-08,-0.13941913038946147
4314134,RS,12m_2025-09_a_2026-08,232,220,12,564,2026-08,2.1739130434782608
4314159,RS,12m_2025-09_a_2026-08,1106,1003,103,1641,2026-08,6.697009102730819
4314175,RS,12m_2025-09_a_2026-08,93,95,-2,240,2026-08,-0.8264462809917356
4314209,RS,12m_2025-09_a_2026-08,614,675,-61,1031,2026-08,-5.586080586080587
4314308,RS,12m_2025-09_a_2026-08,149,165,-16,491,2026-08,-3.155818540433925
4314407,RS,12m_2025-09_a_2026-08,32758,32722,36,65042,2026-08,0.05537950343045257
4314423,RS,12m_2025-09_a_2026-08,503,885,-382,1644,2026-08,-18.85488647581441
4314456,RS,12m_2025-09_a_2026-08,443,403,40,881,2026-08,4.756242568370987
4314464,RS,12m_2025-09_a_2026-08,129,127,2,283,2026-08,0.7117437722419928
4314472,RS,12m_2025-09_a_2026-08,65,72,-7,225,2026-08,-3.0172413793103448
4314498,RS,12m_2025-09_a_2026-08,196,171,25,508,2026-08,5.175983436853002
4314506,RS,12m_2025-09_a_2026-08,744,758,-14,1246,2026-08,-1.1111111111111112
4314548,RS,12m_2025-09_a_2026-08,1164,1116,48,352,2026-08,15.789473684210526
4314555,RS,12m_2025-09_a_2026-08,35,29,6,110,2026-08,5.769230769230769
4314605,RS,12m_2025-09_a_2026-08,771,879,-108,1929,2026-08,-5.3019145802650955
4314704,RS,12m_2025-09_a_2026-08,539,612,-73,1388,2026-08,-4.996577686516085
4314753,RS,12m_2025-09_a_2026-08,152,148,4,294,2026-08,1.3793103448275863
4314779,RS,12m_2025-09_a_2026-08,176,195,-19,394,2026-08,-4.600484261501211
4314787,RS,12m_2025-09_a_2026-08,28,43,-15,101,2026-08,-12.931034482758621
4314803,RS,12m_2025-09_a_2026-08,5316,5396,-80,10150,2026-08,-0.7820136852394917
4314902,RS,12m_2025-09_a_2026-08,293011,288033,4978,554525,2026-08,0.9058369893748851
4315008,RS,12m_2025-09_a_2026-08,89,84,5,341,2026-08,1.488095238095238
4315057,RS,12m_2025-09_a_2026-08,136,85,51,224,2026-08,29.47976878612717
4315073,RS,12m_2025-09_a_2026-08,27,31,-4,61,2026-08,-6.153846153846154
4315107,RS,12m_2025-09_a_2026-08,736,743,-7,1320,2026-08,-0.5275056518462697
4315131,RS,12m_2025-09_a_2026-08,105,87,18,227,2026-08,8.61244019138756
4315149,RS,12m_2025-09_a_2026-08,1501,1591,-90,2468,2026-08,-3.5183737294761532
4315156,RS,12m_2025-09_a_2026-08,322,312,10,641,2026-08,1.5847860538827259
4315172,RS,12m_2025-09_a_2026-08,219,221,-2,267,2026-08,-0.7434944237918215
4315206,RS,12m_2025-09_a_2026-08,138,141,-3,456,2026-08,-0.6535947712418301
4315305,RS,12m_2025-09_a_2026-08,1867,1790,77,3573,2026-08,2.2025171624713957
4315313,RS,12m_2025-09_a_2026-08,61,71,-10,137,2026-08,-6.802721088435375
4315321,RS,12m_2025-09_a_2026-08,103,101,2,214,2026-08,0.9433962264150944
4315354,RS,12m_2025-09_a_2026-08,283,296,-13,642,2026-08,-1.984732824427481
4315404,RS,12m_2025-09_a_2026-08,187,167,20,408,2026-08,5.154639175257731
4315453,RS,12m_2025-09_a_2026-08,53,52,1,141,2026-08,0.7142857142857143
4315503,RS,12m_2025-09_a_2026-08,1279,1361,-82,2551,2026-08,-3.114318268135207
4315552,RS,12m_2025-09_a_2026-08,35,29,6,94,2026-08,6.8181818181818175
4315602,RS,12m_2025-09_a_2026-08,20037,20252,-215,40879,2026-08,-0.523190733440405
4315701,RS,12m_2025-09_a_2026-08,2582,2738,-156,5037,2026-08,-3.004043905257077
4315750,RS,12m_2025-09_a_2026-08,448,463,-15,1283,2026-08,-1.155624036979969
4315800,RS,12m_2025-09_a_2026-08,1657,1624,33,2680,2026-08,1.2466943709860219
4315909,RS,12m_2025-09_a_2026-08,820,671,149,1707,2026-08,9.563543003851091
4315958,RS,12m_2025-09_a_2026-08,81,68,13,198,2026-08,7.027027027027027
4316006,RS,12m_2025-09_a_2026-08,3877,4041,-164,7168,2026-08,-2.2367703218767048
4316105,RS,12m_2025-09_a_2026-08,629,658,-29,1338,2026-08,-2.121433796634967
4316204,RS,12m_2025-09_a_2026-08,251,215,36,565,2026-08,6.805293005671078
4316303,RS,12m_2025-09_a_2026-08,209,210,-1,627,2026-08,-0.15923566878980894
4316402,RS,12m_2025-09_a_2026-08,2032,2111,-79,5575,2026-08,-1.3972408914043155
4316428,RS,12m_2025-09_a_2026-08,122,135,-13,204,2026-08,-5.990783410138248
4316436,RS,12m_2025-09_a_2026-08,88,114,-26,289,2026-08,-8.253968253968253
4316451,RS,12m_2025-09_a_2026-08,676,698,-22,1350,2026-08,-1.6034985422740524
4316477,RS,12m_2025-09_a_2026-08,407,394,13,756,2026-08,1.7496635262449527
4316501,RS,12m_2025-09_a_2026-08,1266,1099,167,2543,2026-08,7.0286195286195285
4316600,RS,12m_2025-09_a_2026-08,4053,3427,626,5863,2026-08,11.953408439946536
4316709,RS,12m_2025-09_a_2026-08,510,513,-3,1523,2026-08,-0.19659239842726078
4316733,RS,12m_2025-09_a_2026-08,53,46,7,118,2026-08,6.306306306306306
4316758,RS,12m_2025-09_a_2026-08,1532,1484,48,2106,2026-08,2.3323615160349855
4316808,RS,12m_2025-09_a_2026-08,36231,34177,2054,49543,2026-08,4.3252121543936495
4316907,RS,12m_2025-09_a_2026-08,32018,32713,-695,62918,2026-08,-1.0925439768600758
4316956,RS,12m_2025-09_a_2026-08,470,588,-118,1424,2026-08,-7.652399481193256
4316972,RS,12m_2025-09_a_2026-08,181,170,11,373,2026-08,3.0386740331491713
4317004,RS,12m_2025-09_a_2026-08,153,141,12,396,2026-08,3.125
4317103,RS,12m_2025-09_a_2026-08,7457,7108,349,14179,2026-08,2.5234996384671007
4317202,RS,12m_2025-09_a_2026-08,14613,14259,354,25392,2026-08,1.413850946561227
4317251,RS,12m_2025-09_a_2026-08,208,209,-1,110,2026-08,-0.9009009009009009
4317301,RS,12m_2025-09_a_2026-08,2972,3073,-101,5583,2026-08,-1.776917663617171
4317400,RS,12m_2025-09_a_2026-08,3406,3519,-113,8012,2026-08,-1.3907692307692308
4317509,RS,12m_2025-09_a_2026-08,9285,9263,22,18789,2026-08,0.11722704747695423
4317558,RS,12m_2025-09_a_2026-08,143,141,2,325,2026-08,0.6191950464396285
4317608,RS,12m_2025-09_a_2026-08,6053,5995,58,10698,2026-08,0.5451127819548872
4317707,RS,12m_2025-09_a_2026-08,444,416,28,1276,2026-08,2.2435897435897436
4317756,RS,12m_2025-09_a_2026-08,155,208,-53,368,2026-08,-12.589073634204276
4317806,RS,12m_2025-09_a_2026-08,1333,1332,1,2945,2026-08,0.033967391304347824
4317905,RS,12m_2025-09_a_2026-08,1452,1312,140,3784,2026-08,3.841931942919868
4317954,RS,12m_2025-09_a_2026-08,25,32,-7,90,2026-08,-7.216494845360824
4318002,RS,12m_2025-09_a_2026-08,5516,5377,139,11474,2026-08,1.2262902514336127
4318051,RS,12m_2025-09_a_2026-08,162,164,-2,405,2026-08,-0.4914004914004914
4318101,RS,12m_2025-09_a_2026-08,523,577,-54,1521,2026-08,-3.428571428571429
4318200,RS,12m_2025-09_a_2026-08,4535,4627,-92,4898,2026-08,-1.8436873747494988
4318309,RS,12m_2025-09_a_2026-08,3227,3449,-222,9150,2026-08,-2.3687580025608197
4318408,RS,12m_2025-09_a_2026-08,1178,1240,-62,3296,2026-08,-1.846337105419893
4318424,RS,12m_2025-09_a_2026-08,232,154,78,604,2026-08,14.82889733840304
4318432,RS,12m_2025-09_a_2026-08,291,316,-25,672,2026-08,-3.5868005738880915
4318440,RS,12m_2025-09_a_2026-08,140,179,-39,295,2026-08,-11.676646706586826
4318457,RS,12m_2025-09_a_2026-08,50,37,13,130,2026-08,11.11111111111111
4318465,RS,12m_2025-09_a_2026-08,129,184,-55,266,2026-08,-17.133956386292834
4318481,RS,12m_2025-09_a_2026-08,383,413,-30,772,2026-08,-3.7406483790523692
4318499,RS,12m_2025-09_a_2026-08,148,224,-76,586,2026-08,-11.48036253776435
4318507,RS,12m_2025-09_a_2026-08,1311,1431,-120,2646,2026-08,-4.3383947939262475
4318606,RS,12m_2025-09_a_2026-08,584,544,40,1477,2026-08,2.783576896311761
4318614,RS,12m_2025-09_a_2026-08,216,203,13,388,2026-08,3.4666666666666663
4318622,RS,12m_2025-09_a_2026-08,1374,1392,-18,1064,2026-08,-1.6635859519408502
4318705,RS,12m_2025-09_a_2026-08,27246,28189,-943,56418,2026-08,-1.6439741287634455
4318804,RS,12m_2025-09_a_2026-08,1984,1967,17,5254,2026-08,0.3246133282413596
4318903,RS,12m_2025-09_a_2026-08,2990,2890,100,6694,2026-08,1.5165301789505612
4319000,RS,12m_2025-09_a_2026-08,4128,4230,-102,8033,2026-08,-1.253841425937308
4319109,RS,12m_2025-09_a_2026-08,433,415,18,1035,2026-08,1.7699115044247788
4319125,RS,12m_2025-09_a_2026-08,75,67,8,179,2026-08,4.678362573099415
4319158,RS,12m_2025-09_a_2026-08,498,490,8,1145,2026-08,0.7036059806508356
4319208,RS,12m_2025-09_a_2026-08,95,98,-3,334,2026-08,-0.8902077151335311
4319307,RS,12m_2025-09_a_2026-08,171,163,8,511,2026-08,1.5904572564612325
4319356,RS,12m_2025-09_a_2026-08,388,393,-5,704,2026-08,-0.7052186177715092
4319364,RS,12m_2025-09_a_2026-08,21,18,3,85,2026-08,3.6585365853658534
4319372,RS,12m_2025-09_a_2026-08,256,272,-16,655,2026-08,-2.384500745156483
4319406,RS,12m_2025-09_a_2026-08,673,653,20,1668,2026-08,1.2135922330097086
4319505,RS,12m_2025-09_a_2026-08,3611,3659,-48,6760,2026-08,-0.7050528789659225
4319604,RS,12m_2025-09_a_2026-08,1195,1254,-59,3144,2026-08,-1.8420231033406183
4319703,RS,12m_2025-09_a_2026-08,306,207,99,630,2026-08,18.64406779661017
4319711,RS,12m_2025-09_a_2026-08,278,282,-4,419,2026-08,-0.9456264775413712
4319737,RS,12m_2025-09_a_2026-08,33,30,3,56,2026-08,5.660377358490567
4319752,RS,12m_2025-09_a_2026-08,200,209,-9,541,2026-08,-1.6363636363636365
4319802,RS,12m_2025-09_a_2026-08,394,420,-26,1014,2026-08,-2.5
4319901,RS,12m_2025-09_a_2026-08,12747,13155,-408,21282,2026-08,-1.8810511756569848
4320008,RS,12m_2025-09_a_2026-08,12904,12834,70,22074,2026-08,0.3181239774586439
4320107,RS,12m_2025-09_a_2026-08,3403,3356,47,7531,2026-08,0.6280064136825227
4320206,RS,12m_2025-09_a_2026-08,1800,1831,-31,4177,2026-08,-0.7366920152091254
4320230,RS,12m_2025-09_a_2026-08,116,101,15,217,2026-08,7.425742574257425
4320263,RS,12m_2025-09_a_2026-08,83,76,7,276,2026-08,2.6022304832713754
4320305,RS,12m_2025-09_a_2026-08,273,287,-14,838,2026-08,-1.643192488262911
4320321,RS,12m_2025-09_a_2026-08,53,74,-21,186,2026-08,-10.144927536231885
4320354,RS,12m_2025-09_a_2026-08,204,174,30,550,2026-08,5.769230769230769
4320404,RS,12m_2025-09_a_2026-08,3286,3283,3,6375,2026-08,0.047080979284369114
4320453,RS,12m_2025-09_a_2026-08,50,49,1,141,2026-08,0.7142857142857143
4320503,RS,12m_2025-09_a_2026-08,235,215,20,621,2026-08,3.3277870216306153
4320552,RS,12m_2025-09_a_2026-08,189,214,-25,638,2026-08,-3.770739064856712
4320578,RS,12m_2025-09_a_2026-08,30,28,2,74,2026-08,2.7777777777777777
4320602,RS,12m_2025-09_a_2026-08,107,112,-5,361,2026-08,-1.366120218579235
4320651,RS,12m_2025-09_a_2026-08,74,70,4,201,2026-08,2.030456852791878
4320677,RS,12m_2025-09_a_2026-08,269,281,-12,640,2026-08,-1.8404907975460123
4320701,RS,12m_2025-09_a_2026-08,1012,1073,-61,2267,2026-08,-2.620274914089347
4320800,RS,12m_2025-09_a_2026-08,4345,4779,-434,8483,2026-08,-4.867107771672087
4320859,RS,12m_2025-09_a_2026-08,465,454,11,788,2026-08,1.4157014157014158
4320909,RS,12m_2025-09_a_2026-08,6257,5788,469,9983,2026-08,4.929577464788732
4321006,RS,12m_2025-09_a_2026-08,975,1073,-98,2226,2026-08,-4.216867469879518
4321105,RS,12m_2025-09_a_2026-08,883,947,-64,1855,2026-08,-3.3350703491401767
4321204,RS,12m_2025-09_a_2026-08,5432,5808,-376,10378,2026-08,-3.4963734424400226
4321303,RS,12m_2025-09_a_2026-08,2645,2727,-82,5296,2026-08,-1.5247303830420231
4321329,RS,12m_2025-09_a_2026-08,120,132,-12,351,2026-08,-3.3057851239669422
4321352,RS,12m_2025-09_a_2026-08,189,201,-12,328,2026-08,-3.5294117647058822
4321402,RS,12m_2025-09_a_2026-08,1371,1338,33,2961,2026-08,1.1270491803278688
4321436,RS,12m_2025-09_a_2026-08,1142,1059,83,1879,2026-08,4.621380846325167
4321451,RS,12m_2025-09_a_2026-08,5972,5965,7,11029,2026-08,0.0635093449464707
4321469,RS,12m_2025-09_a_2026-08,253,260,-7,568,2026-08,-1.2173913043478262
4321477,RS,12m_2025-09_a_2026-08,91,98,-7,300,2026-08,-2.2801302931596092
4321493,RS,12m_2025-09_a_2026-08,58,53,5,148,2026-08,3.4965034965034967
4321501,RS,12m_2025-09_a_2026-08,7468,7260,208,9782,2026-08,2.1725506580321707
4321600,RS,12m_2025-09_a_2026-08,6168,6062,106,8322,2026-08,1.2901655306718598
4321626,RS,12m_2025-09_a_2026-08,240,213,27,409,2026-08,7.068062827225131
4321634,RS,12m_2025-09_a_2026-08,442,385,57,607,2026-08,10.363636363636363
4321667,RS,12m_2025-09_a_2026-08,1842,1726,116,2998,2026-08,4.02498265093685
4321709,RS,12m_2025-09_a_2026-08,3989,3930,59,7112,2026-08,0.836523465192117
4321808,RS,12m_2025-09_a_2026-08,2524,2627,-103,6147,2026-08,-1.6480000000000001
4321832,RS,12m_2025-09_a_2026-08,52,54,-2,105,2026-08,-1.8691588785046727
4321857,RS,12m_2025-09_a_2026-08,201,181,20,514,2026-08,4.048582995951417
4321907,RS,12m_2025-09_a_2026-08,2807,2869,-62,6484,2026-08,-0.9471432936144211
4321956,RS,12m_2025-09_a_2026-08,1411,1416,-5,2650,2026-08,-0.18832391713747645
4322004,RS,12m_2025-09_a_2026-08,9455,7813,1642,16568,2026-08,11.000937960605654
4322103,RS,12m_2025-09_a_2026-08,199,215,-16,700,2026-08,-2.2346368715083798
4322152,RS,12m_2025-09_a_2026-08,53,50,3,164,2026-08,1.8633540372670807
4322186,RS,12m_2025-09_a_2026-08,25,22,3,73,2026-08,4.285714285714286
4322202,RS,12m_2025-09_a_2026-08,1551,1555,-4,3529,2026-08,-0.11321822813472968
4322251,RS,12m_2025-09_a_2026-08,1385,1468,-83,3384,2026-08,-2.394000576867609
4322301,RS,12m_2025-09_a_2026-08,530,563,-33,1155,2026-08,-2.7777777777777777
4322327,RS,12m_2025-09_a_2026-08,135,169,-34,316,2026-08,-9.714285714285714
4322343,RS,12m_2025-09_a_2026-08,24,28,-4,102,2026-08,-3.7735849056603774
4322350,RS,12m_2025-09_a_2026-08,63,76,-13,88,2026-08,-12.871287128712872
4322376,RS,12m_2025-09_a_2026-08,54,60,-6,121,2026-08,-4.724409448818897
4322400,RS,12m_2025-09_a_2026-08,9630,9964,-334,20450,2026-08,-1.607005388760585
4322509,RS,12m_2025-09_a_2026-08,32854,31877,977,21641,2026-08,4.728029423151375
4322525,RS,12m_2025-09_a_2026-08,101,101,0,253,2026-08,0
4322533,RS,12m_2025-09_a_2026-08,211,200,11,498,2026-08,2.2587268993839835
4322541,RS,12m_2025-09_a_2026-08,571,554,17,1400,2026-08,1.2292118582791034
4322558,RS,12m_2025-09_a_2026-08,129,185,-56,207,2026-08,-21.292775665399237
4322608,RS,12m_2025-09_a_2026-08,17717,16515,1202,20888,2026-08,6.105862033932744
4322707,RS,12m_2025-09_a_2026-08,3226,3130,96,4910,2026-08,1.9941836310760284
4322806,RS,12m_2025-09_a_2026-08,3309,3323,-14,7343,2026-08,-0.19029495718363465
4322855,RS,12m_2025-09_a_2026-08,146,156,-10,294,2026-08,-3.289473684210526
4322905,RS,12m_2025-09_a_2026-08,94,73,21,303,2026-08,7.446808510638298
4323002,RS,12m_2025-09_a_2026-08,14772,13909,863,22423,2026-08,4.002782931354361
4323101,RS,12m_2025-09_a_2026-08,73,64,9,342,2026-08,2.7027027027027026
4323200,RS,12m_2025-09_a_2026-08,182,226,-44,490,2026-08,-8.239700374531834
4323309,RS,12m_2025-09_a_2026-08,692,638,54,1468,2026-08,3.818953323903819
4323358,RS,12m_2025-09_a_2026-08,230,184,46,378,2026-08,13.855421686746988
4323408,RS,12m_2025-09_a_2026-08,1722,1502,220,2476,2026-08,9.75177304964539
4323457,RS,12m_2025-09_a_2026-08,163,161,2,462,2026-08,0.43478260869565216
4323507,RS,12m_2025-09_a_2026-08,178,162,16,357,2026-08,4.69208211143695
4323606,RS,12m_2025-09_a_2026-08,61,57,4,130,2026-08,3.1746031746031744
4323705,RS,12m_2025-09_a_2026-08,147,138,9,389,2026-08,2.368421052631579
4323754,RS,12m_2025-09_a_2026-08,49,43,6,147,2026-08,4.25531914893617
4323770,RS,12m_2025-09_a_2026-08,877,893,-16,1470,2026-08,-1.0767160161507403
4323804,RS,12m_2025-09_a_2026-08,3583,3549,34,4374,2026-08,0.783410138248848
5000203,MS,12m_2025-09_a_2026-08,5867,5821,46,7230,2026-08,0.6403118040089086
5000252,MS,12m_2025-09_a_2026-08,461,465,-4,790,2026-08,-0.5037783375314862
5000609,MS,12m_2025-09_a_2026-08,2585,2669,-84,5541,2026-08,-1.4933333333333334
5000708,MS,12m_2025-09_a_2026-08,1539,1480,59,3333,2026-08,1.8020769700671961
5000807,MS,12m_2025-09_a_2026-08,1042,1090,-48,2274,2026-08,-2.0671834625323
5000856,MS,12m_2025-09_a_2026-08,1572,1611,-39,6878,2026-08,-0.5638282492410004
5000906,MS,12m_2025-09_a_2026-08,375,365,10,859,2026-08,1.1778563015312131
5001003,MS,12m_2025-09_a_2026-08,7577,7088,489,12291,2026-08,4.1433655312658875
5001102,MS,12m_2025-09_a_2026-08,3475,3507,-32,6592,2026-08,-0.4830917874396135
5001243,MS,12m_2025-09_a_2026-08,710,947,-237,1417,2026-08,-14.328899637243047
5001508,MS,12m_2025-09_a_2026-08,983,912,71,1793,2026-08,4.123112659698026
5001904,MS,12m_2025-09_a_2026-08,4557,4477,80,7600,2026-08,1.0638297872340425
5002001,MS,12m_2025-09_a_2026-08,1784,1728,56,2991,2026-08,1.9080068143100513
5002100,MS,12m_2025-09_a_2026-08,1174,1198,-24,3065,2026-08,-0.7769504694075753
5002159,MS,12m_2025-09_a_2026-08,695,636,59,1308,2026-08,4.723779023218575
5002209,MS,12m_2025-09_a_2026-08,4589,4577,12,6404,2026-08,0.18773466833541927
5002308,MS,12m_2025-09_a_2026-08,1579,1646,-67,3056,2026-08,-2.145373038744797
5002407,MS,12m_2025-09_a_2026-08,2933,2751,182,7052,2026-08,2.6491994177583695
5002605,MS,12m_2025-09_a_2026-08,1293,1299,-6,2559,2026-08,-0.23391812865497078
5002704,MS,12m_2025-09_a_2026-08,145028,144820,208,236926,2026-08,0.08786826519318344
5002803,MS,12m_2025-09_a_2026-08,326,338,-12,741,2026-08,-1.593625498007968
5002902,MS,12m_2025-09_a_2026-08,2936,2658,278,4323,2026-08,6.872682323856613
5002951,MS,12m_2025-09_a_2026-08,8736,7796,940,11590,2026-08,8.826291079812206
5003108,MS,12m_2025-09_a_2026-08,988,930,58,1212,2026-08,5.025996533795494
5003157,MS,12m_2025-09_a_2026-08,333,305,28,637,2026-08,4.597701149425287
5003207,MS,12m_2025-09_a_2026-08,9970,9781,189,19537,2026-08,0.9768451519536903
5003256,MS,12m_2025-09_a_2026-08,4285,4325,-40,6778,2026-08,-0.5866823115283074
5003306,MS,12m_2025-09_a_2026-08,2853,2971,-118,5719,2026-08,-2.0215864313859857
5003454,MS,12m_2025-09_a_2026-08,1590,1341,249,2086,2026-08,13.554708764289602
5003488,MS,12m_2025-09_a_2026-08,589,638,-49,1409,2026-08,-3.3607681755829906
5003504,MS,12m_2025-09_a_2026-08,282,227,55,533,2026-08,11.506276150627615
5003702,MS,12m_2025-09_a_2026-08,40619,38966,1653,67626,2026-08,2.5055704606429905
5003751,MS,12m_2025-09_a_2026-08,1521,1639,-118,2525,2026-08,-4.464623533863034
5003801,MS,12m_2025-09_a_2026-08,1761,1636,125,3537,2026-08,3.663540445486518
5003900,MS,12m_2025-09_a_2026-08,659,605,54,878,2026-08,6.553398058252427
5004007,MS,12m_2025-09_a_2026-08,612,543,69,1180,2026-08,6.210621062106211
5004106,MS,12m_2025-09_a_2026-08,698,689,9,1459,2026-08,0.6206896551724138
5004304,MS,12m_2025-09_a_2026-08,1341,1490,-149,2661,2026-08,-5.302491103202847
5004403,MS,12m_2025-09_a_2026-08,14453,9985,4468,13027,2026-08,52.202360088795416
5004502,MS,12m_2025-09_a_2026-08,1453,1382,71,2991,2026-08,2.4315068493150687
5004601,MS,12m_2025-09_a_2026-08,3254,3184,70,5342,2026-08,1.3277693474962062
5004700,MS,12m_2025-09_a_2026-08,3296,3200,96,4557,2026-08,2.151983860121049
5004809,MS,12m_2025-09_a_2026-08,81,69,12,215,2026-08,5.911330049261084
5004908,MS,12m_2025-09_a_2026-08,794,719,75,1303,2026-08,6.107491856677524
5005004,MS,12m_2025-09_a_2026-08,1905,1854,51,3819,2026-08,1.3535031847133758
5005103,MS,12m_2025-09_a_2026-08,603,589,14,990,2026-08,1.4344262295081966
5005152,MS,12m_2025-09_a_2026-08,364,322,42,656,2026-08,6.840390879478828
5005202,MS,12m_2025-09_a_2026-08,424,437,-13,959,2026-08,-1.337448559670782
5005251,MS,12m_2025-09_a_2026-08,693,682,11,1573,2026-08,0.7042253521126761
5005400,MS,12m_2025-09_a_2026-08,5337,5271,66,10851,2026-08,0.611961057023644
5005608,MS,12m_2025-09_a_2026-08,1993,1905,88,3778,2026-08,2.3848238482384825
5005681,MS,12m_2025-09_a_2026-08,2460,2007,453,3600,2026-08,14.394661582459486
5005707,MS,12m_2025-09_a_2026-08,7330,7284,46,12152,2026-08,0.3799768709730712
5005806,MS,12m_2025-09_a_2026-08,981,1330,-349,1435,2026-08,-19.562780269058297
5006002,MS,12m_2025-09_a_2026-08,4476,5145,-669,5933,2026-08,-10.133292941532869
5006200,MS,12m_2025-09_a_2026-08,8445,8774,-329,13127,2026-08,-2.4450059453032105
5006259,MS,12m_2025-09_a_2026-08,283,275,8,528,2026-08,1.5384615384615385
5006275,MS,12m_2025-09_a_2026-08,1258,1273,-15,1976,2026-08,-0.7533902561526872
5006309,MS,12m_2025-09_a_2026-08,6805,7432,-627,10440,2026-08,-5.665492003252915
5006358,MS,12m_2025-09_a_2026-08,189,196,-7,551,2026-08,-1.2544802867383513
5006408,MS,12m_2025-09_a_2026-08,499,559,-60,1004,2026-08,-5.639097744360902
5006606,MS,12m_2025-09_a_2026-08,6826,6647,179,13835,2026-08,1.3107791446983013
5006903,MS,12m_2025-09_a_2026-08,1493,1501,-8,2386,2026-08,-0.3341687552213868
5007109,MS,12m_2025-09_a_2026-08,9381,9431,-50,11551,2026-08,-0.4309973278165675
5007208,MS,12m_2025-09_a_2026-08,5482,5408,74,11077,2026-08,0.6725438516768154
5007307,MS,12m_2025-09_a_2026-08,368,349,19,706,2026-08,2.7656477438136826
5007406,MS,12m_2025-09_a_2026-08,2101,2100,1,3499,2026-08,0.02858776443682104
5007505,MS,12m_2025-09_a_2026-08,922,889,33,1890,2026-08,1.7770597738287561
5007554,MS,12m_2025-09_a_2026-08,1496,1789,-293,2125,2026-08,-12.117452440033086
5007695,MS,12m_2025-09_a_2026-08,7319,7023,296,11480,2026-08,2.6466380543633763
5007703,MS,12m_2025-09_a_2026-08,341,308,33,871,2026-08,3.9379474940334127
5007802,MS,12m_2025-09_a_2026-08,771,974,-203,1979,2026-08,-9.303391384051329
5007901,MS,12m_2025-09_a_2026-08,6847,7201,-354,11479,2026-08,-2.9916335671427365
5007935,MS,12m_2025-09_a_2026-08,2125,1981,144,4360,2026-08,3.415559772296015
5007950,MS,12m_2025-09_a_2026-08,491,389,102,838,2026-08,13.858695652173914
5007976,MS,12m_2025-09_a_2026-08,120,107,13,344,2026-08,3.927492447129909
5008008,MS,12m_2025-09_a_2026-08,1870,1781,89,3595,2026-08,2.538505419281232
5008305,MS,12m_2025-09_a_2026-08,32045,29305,2740,46917,2026-08,6.202322475496299
5008404,MS,12m_2025-09_a_2026-08,758,752,6,1216,2026-08,0.49586776859504134
5100102,MT,12m_2025-09_a_2026-08,148,146,2,461,2026-08,0.4357298474945534
5100201,MT,12m_2025-09_a_2026-08,5421,5636,-215,7136,2026-08,-2.924772139844919
5100250,MT,12m_2025-09_a_2026-08,8879,8775,104,13612,2026-08,0.769914124962985
5100300,MT,12m_2025-09_a_2026-08,1616,1535,81,2761,2026-08,3.0223880597014925
5100359,MT,12m_2025-09_a_2026-08,365,359,6,455,2026-08,1.3363028953229399
5100409,MT,12m_2025-09_a_2026-08,1692,1645,47,3393,2026-08,1.404662283323371
5100508,MT,12m_2025-09_a_2026-08,224,235,-11,424,2026-08,-2.528735632183908
5100607,MT,12m_2025-09_a_2026-08,1651,1670,-19,2967,2026-08,-0.6363027461486939
5100805,MT,12m_2025-09_a_2026-08,677,723,-46,1066,2026-08,-4.136690647482014
5101001,MT,12m_2025-09_a_2026-08,425,416,9,679,2026-08,1.3432835820895521
5101209,MT,12m_2025-09_a_2026-08,42,36,6,45,2026-08,15.384615384615385
5101258,MT,12m_2025-09_a_2026-08,1339,1338,1,3678,2026-08,0.027196083763937992
5101308,MT,12m_2025-09_a_2026-08,735,596,139,1358,2026-08,11.40278917145201
5101407,MT,12m_2025-09_a_2026-08,3752,3367,385,5537,2026-08,7.4728260869565215
5101605,MT,12m_2025-09_a_2026-08,210,253,-43,402,2026-08,-9.662921348314606
5101704,MT,12m_2025-09_a_2026-08,3830,3804,26,7339,2026-08,0.3555312457267879
5101803,MT,12m_2025-09_a_2026-08,9691,11692,-2001,15346,2026-08,-11.535135758344381
5101837,MT,12m_2025-09_a_2026-08,622,463,159,1202,2026-08,15.244487056567593
5101852,MT,12m_2025-09_a_2026-08,1013,990,23,1488,2026-08,1.5699658703071673
5101902,MT,12m_2025-09_a_2026-08,3945,3959,-14,4895,2026-08,-0.2851904664901202
5102504,MT,12m_2025-09_a_2026-08,7487,6775,712,13489,2026-08,5.572513109493622
5102603,MT,12m_2025-09_a_2026-08,626,690,-64,978,2026-08,-6.142034548944338
5102637,MT,12m_2025-09_a_2026-08,14943,14763,180,19507,2026-08,0.9313395767579034
5102678,MT,12m_2025-09_a_2026-08,11932,11838,94,15112,2026-08,0.6259155679850845
5102686,MT,12m_2025-09_a_2026-08,3043,3035,8,4139,2026-08,0.19365770999757928
5102694,MT,12m_2025-09_a_2026-08,531,440,91,676,2026-08,15.555555555555555
5102702,MT,12m_2025-09_a_2026-08,5019,4768,251,6572,2026-08,3.970890681854137
5102793,MT,12m_2025-09_a_2026-08,853,810,43,1254,2026-08,3.5507844756399667
5102850,MT,12m_2025-09_a_2026-08,592,557,35,1018,2026-08,3.560528992878942
5103007,MT,12m_2025-09_a_2026-08,2380,2188,192,3915,2026-08,5.157131345688961
5103056,MT,12m_2025-09_a_2026-08,1307,1219,88,2151,2026-08,4.265632573921473
5103106,MT,12m_2025-09_a_2026-08,3103,2681,422,3007,2026-08,16.32495164410058
5103205,MT,12m_2025-09_a_2026-08,5258,5010,248,8132,2026-08,3.145611364789447
5103254,MT,12m_2025-09_a_2026-08,2342,2240,102,3355,2026-08,3.135567168767292
5103304,MT,12m_2025-09_a_2026-08,2736,2803,-67,3828,2026-08,-1.7201540436456997
5103353,MT,12m_2025-09_a_2026-08,5362,5281,81,6523,2026-08,1.2573734864948773
5103361,MT,12m_2025-09_a_2026-08,274,276,-2,409,2026-08,-0.48661800486618007
5103379,MT,12m_2025-09_a_2026-08,445,458,-13,1033,2026-08,-1.24282982791587
5103403,MT,12m_2025-09_a_2026-08,142443,134804,7639,231613,2026-08,3.4106637377552755
5103437,MT,12m_2025-09_a_2026-08,217,192,25,495,2026-08,5.319148936170213
5103452,MT,12m_2025-09_a_2026-08,566,573,-7,813,2026-08,-0.853658536585366
5103502,MT,12m_2025-09_a_2026-08,6715,6548,167,9738,2026-08,1.7448542472050985
5103601,MT,12m_2025-09_a_2026-08,879,751,128,1629,2026-08,8.527648234510327
5103700,MT,12m_2025-09_a_2026-08,1368,1323,45,2056,2026-08,2.2376926902038785
5103809,MT,12m_2025-09_a_2026-08,159,187,-28,407,2026-08,-6.436781609195402
5103858,MT,12m_2025-09_a_2026-08,1553,1500,53,1856,2026-08,2.939545202440377
5103908,MT,12m_2025-09_a_2026-08,714,697,17,843,2026-08,2.0581113801452786
5103957,MT,12m_2025-09_a_2026-08,95,88,7,255,2026-08,2.82258064516129
5104104,MT,12m_2025-09_a_2026-08,4233,4336,-103,6039,2026-08,-1.6769781830022794
5104203,MT,12m_2025-09_a_2026-08,849,850,-1,1402,2026-08,-0.07127583749109052
5104500,MT,12m_2025-09_a_2026-08,105,91,14,191,2026-08,7.909604519774012
5104526,MT,12m_2025-09_a_2026-08,2699,2581,118,3195,2026-08,3.8349041273968156
5104542,MT,12m_2025-09_a_2026-08,673,676,-3,918,2026-08,-0.32573289902280134
5104559,MT,12m_2025-09_a_2026-08,1117,1079,38,1517,2026-08,2.5693035835023665
5104609,MT,12m_2025-09_a_2026-08,2207,2178,29,3604,2026-08,0.8111888111888113
5104807,MT,12m_2025-09_a_2026-08,4326,4976,-650,8988,2026-08,-6.744137787922806
5104906,MT,12m_2025-09_a_2026-08,381,438,-57,742,2026-08,-7.133917396745932
5105002,MT,12m_2025-09_a_2026-08,260,235,25,700,2026-08,3.7037037037037033
5105101,MT,12m_2025-09_a_2026-08,5246,5147,99,7758,2026-08,1.2925969447708578
5105150,MT,12m_2025-09_a_2026-08,5220,5302,-82,8862,2026-08,-0.9168157423971377
5105176,MT,12m_2025-09_a_2026-08,1078,1479,-401,1451,2026-08,-21.652267818574515
5105200,MT,12m_2025-09_a_2026-08,888,868,20,1606,2026-08,1.2610340479192939
5105234,MT,12m_2025-09_a_2026-08,836,759,77,1787,2026-08,4.502923976608187
5105259,MT,12m_2025-09_a_2026-08,29748,28068,1680,35893,2026-08,4.910414170052319
5105309,MT,12m_2025-09_a_2026-08,28,31,-3,78,2026-08,-3.7037037037037033
5105507,MT,12m_2025-09_a_2026-08,2128,2306,-178,2955,2026-08,-5.681455473986595
5105580,MT,12m_2025-09_a_2026-08,1505,1508,-3,2351,2026-08,-0.1274426508071368
5105606,MT,12m_2025-09_a_2026-08,3646,3812,-166,5480,2026-08,-2.9401346085724405
5105622,MT,12m_2025-09_a_2026-08,3297,2948,349,6302,2026-08,5.862590290609777
5105903,MT,12m_2025-09_a_2026-08,2345,2396,-51,4229,2026-08,-1.191588785046729
5106000,MT,12m_2025-09_a_2026-08,547,553,-6,851,2026-08,-0.7001166861143524
5106109,MT,12m_2025-09_a_2026-08,1820,1615,205,2849,2026-08,7.75340393343419
5106158,MT,12m_2025-09_a_2026-08,1259,1296,-37,1765,2026-08,-2.0532741398446173
5106174,MT,12m_2025-09_a_2026-08,184,169,15,263,2026-08,6.048387096774194
5106182,MT,12m_2025-09_a_2026-08,853,899,-46,1293,2026-08,-3.4353995519044065
5106190,MT,12m_2025-09_a_2026-08,594,574,20,723,2026-08,2.844950213371266
5106208,MT,12m_2025-09_a_2026-08,290,251,39,525,2026-08,8.024691358024691
5106216,MT,12m_2025-09_a_2026-08,1342,1312,30,2080,2026-08,1.4634146341463417
5106224,MT,12m_2025-09_a_2026-08,17659,17515,144,23216,2026-08,0.624133148404993
5106232,MT,12m_2025-09_a_2026-08,3069,3128,-59,5234,2026-08,-1.1146797657283203
5106240,MT,12m_2025-09_a_2026-08,3112,2889,223,3326,2026-08,7.1865936190783115
5106257,MT,12m_2025-09_a_2026-08,2754,2530,224,4175,2026-08,5.669450771956467
5106265,MT,12m_2025-09_a_2026-08,831,922,-91,1218,2026-08,-6.951871657754011
5106273,MT,12m_2025-09_a_2026-08,225,180,45,306,2026-08,17.24137931034483
5106281,MT,12m_2025-09_a_2026-08,1079,1076,3,1552,2026-08,0.19367333763718528
5106299,MT,12m_2025-09_a_2026-08,777,830,-53,1552,2026-08,-3.3021806853582554
5106307,MT,12m_2025-09_a_2026-08,4916,4765,151,6302,2026-08,2.4548853844903267
5106315,MT,12m_2025-09_a_2026-08,116,43,73,188,2026-08,63.47826086956522
5106372,MT,12m_2025-09_a_2026-08,4246,4300,-54,6139,2026-08,-0.8719522041014048
5106422,MT,12m_2025-09_a_2026-08,3289,3043,246,4249,2026-08,6.145390956782413
5106455,MT,12m_2025-09_a_2026-08,468,427,41,681,2026-08,6.406249999999999
5106505,MT,12m_2025-09_a_2026-08,2351,1936,415,4940,2026-08,9.171270718232044
5106653,MT,12m_2025-09_a_2026-08,545,445,100,731,2026-08,15.847860538827257
5106703,MT,12m_2025-09_a_2026-08,29,25,4,73,2026-08,5.797101449275362
5106752,MT,12m_2025-09_a_2026-08,7917,7758,159,12564,2026-08,1.2817412333736395
5106778,MT,12m_2025-09_a_2026-08,2410,2321,89,1814,2026-08,5.159420289855072
5106802,MT,12m_2025-09_a_2026-08,1924,1978,-54,2460,2026-08,-2.1479713603818613
5106828,MT,12m_2025-09_a_2026-08,603,598,5,1412,2026-08,0.35536602700781805
5106851,MT,12m_2025-09_a_2026-08,113,125,-12,321,2026-08,-3.6036036036036037
5107008,MT,12m_2025-09_a_2026-08,1749,1655,94,2990,2026-08,3.24585635359116
5107040,MT,12m_2025-09_a_2026-08,23249,23526,-277,30502,2026-08,-0.8999642613470223
5107065,MT,12m_2025-09_a_2026-08,6151,6246,-95,7788,2026-08,-1.2051249524292782
5107107,MT,12m_2025-09_a_2026-08,1152,1153,-1,2834,2026-08,-0.035273368606701945
5107156,MT,12m_2025-09_a_2026-08,102,104,-2,115,2026-08,-1.7094017094017095
5107180,MT,12m_2025-09_a_2026-08,1245,1229,16,1654,2026-08,0.9768009768009768
5107198,MT,12m_2025-09_a_2026-08,176,151,25,310,2026-08,8.771929824561402
5107206,MT,12m_2025-09_a_2026-08,237,220,17,475,2026-08,3.711790393013101
5107248,MT,12m_2025-09_a_2026-08,1113,1067,46,1548,2026-08,3.062583222370173
5107263,MT,12m_2025-09_a_2026-08,349,294,55,530,2026-08,11.578947368421053
5107297,MT,12m_2025-09_a_2026-08,34,37,-3,131,2026-08,-2.2388059701492535
5107305,MT,12m_2025-09_a_2026-08,1807,1898,-91,3194,2026-08,-2.7701674277016743
5107354,MT,12m_2025-09_a_2026-08,1678,1827,-149,1949,2026-08,-7.1020019065776925
5107404,MT,12m_2025-09_a_2026-08,59,51,8,181,2026-08,4.624277456647398
5107578,MT,12m_2025-09_a_2026-08,644,606,38,718,2026-08,5.588235294117648
5107602,MT,12m_2025-09_a_2026-08,51496,52751,-1255,76799,2026-08,-1.6078612242806263
5107701,MT,12m_2025-09_a_2026-08,1200,1129,71,1865,2026-08,3.9576365663322184
5107743,MT,12m_2025-09_a_2026-08,412,407,5,514,2026-08,0.9823182711198428
5107750,MT,12m_2025-09_a_2026-08,165,186,-21,347,2026-08,-5.706521739130435
5107768,MT,12m_2025-09_a_2026-08,1286,1299,-13,1505,2026-08,-0.8563899868247694
5107776,MT,12m_2025-09_a_2026-08,289,290,-1,511,2026-08,-0.1953125
5107792,MT,12m_2025-09_a_2026-08,1333,1457,-124,1828,2026-08,-6.352459016393443
5107800,MT,12m_2025-09_a_2026-08,1262,1185,77,2228,2026-08,3.5797303579730357
5107859,MT,12m_2025-09_a_2026-08,2099,2325,-226,2546,2026-08,-8.152958152958153
5107875,MT,12m_2025-09_a_2026-08,12395,11771,624,15190,2026-08,4.2839489221474665
5107883,MT,12m_2025-09_a_2026-08,79,87,-8,143,2026-08,-5.298013245033113
5107909,MT,12m_2025-09_a_2026-08,47600,45902,1698,59430,2026-08,2.941176470588235
5107925,MT,12m_2025-09_a_2026-08,31084,31052,32,39569,2026-08,0.08093684396894049
5107941,MT,12m_2025-09_a_2026-08,2120,1965,155,2709,2026-08,6.068911511354737
5107958,MT,12m_2025-09_a_2026-08,17928,17670,258,26871,2026-08,0.9694510201781085
5108006,MT,12m_2025-09_a_2026-08,3931,3860,71,5586,2026-08,1.2873980054397098
5108055,MT,12m_2025-09_a_2026-08,932,928,4,1514,2026-08,0.26490066225165565
5108105,MT,12m_2025-09_a_2026-08,467,494,-27,578,2026-08,-4.462809917355372
5108204,MT,12m_2025-09_a_2026-08,294,250,44,627,2026-08,7.547169811320755
5108303,MT,12m_2025-09_a_2026-08,549,622,-73,926,2026-08,-7.307307307307307
5108352,MT,12m_2025-09_a_2026-08,89,72,17,151,2026-08,12.686567164179104
5108402,MT,12m_2025-09_a_2026-08,37048,35285,1763,57819,2026-08,3.145069216497788
5108501,MT,12m_2025-09_a_2026-08,2654,2538,116,3235,2026-08,3.719140750240461
5108600,MT,12m_2025-09_a_2026-08,1988,2033,-45,3048,2026-08,-1.454898157129001
5108808,MT,12m_2025-09_a_2026-08,231,253,-22,509,2026-08,-4.143126177024483
5108857,MT,12m_2025-09_a_2026-08,1272,1267,5,2498,2026-08,0.20056157240272765
5108907,MT,12m_2025-09_a_2026-08,1664,1557,107,1875,2026-08,6.052036199095022
5108956,MT,12m_2025-09_a_2026-08,1361,1360,1,1811,2026-08,0.05524861878453039
5200050,GO,12m_2025-09_a_2026-08,1923,1760,163,2284,2026-08,7.685054219707685
5200100,GO,12m_2025-09_a_2026-08,1660,1490,170,2582,2026-08,7.048092868988391
5200134,GO,12m_2025-09_a_2026-08,2107,2016,91,3529,2026-08,2.646887725421757
5200159,GO,12m_2025-09_a_2026-08,93,103,-10,139,2026-08,-6.7114093959731544
5200175,GO,12m_2025-09_a_2026-08,1237,1309,-72,1466,2026-08,-4.681404421326398
5200209,GO,12m_2025-09_a_2026-08,86,79,7,201,2026-08,3.608247422680412
5200258,GO,12m_2025-09_a_2026-08,10617,9521,1096,15624,2026-08,7.544052863436123
5200308,GO,12m_2025-09_a_2026-08,2508,2685,-177,5031,2026-08,-3.398617511520737
5200506,GO,12m_2025-09_a_2026-08,31,29,2,107,2026-08,1.9047619047619049
5200555,GO,12m_2025-09_a_2026-08,1353,1197,156,2855,2026-08,5.7799184883290105
5200605,GO,12m_2025-09_a_2026-08,1203,1116,87,1929,2026-08,4.723127035830619
5200803,GO,12m_2025-09_a_2026-08,458,458,0,934,2026-08,0
5200829,GO,12m_2025-09_a_2026-08,80,103,-23,175,2026-08,-11.616161616161616
5200852,GO,12m_2025-09_a_2026-08,468,634,-166,505,2026-08,-24.739195230998508
5200902,GO,12m_2025-09_a_2026-08,57,58,-1,162,2026-08,-0.6134969325153374
5201108,GO,12m_2025-09_a_2026-08,71260,68297,2963,117629,2026-08,2.58402665131774
5201207,GO,12m_2025-09_a_2026-08,17,10,7,42,2026-08,20
5201306,GO,12m_2025-09_a_2026-08,1792,1825,-33,3536,2026-08,-0.9246287475483329
5201405,GO,12m_2025-09_a_2026-08,87640,87891,-251,127134,2026-08,-0.19704046787298346
5201454,GO,12m_2025-09_a_2026-08,347,385,-38,497,2026-08,-7.102803738317758
5201504,GO,12m_2025-09_a_2026-08,959,1093,-134,1957,2026-08,-6.408417025346724
5201603,GO,12m_2025-09_a_2026-08,84,109,-25,290,2026-08,-7.936507936507936
5201702,GO,12m_2025-09_a_2026-08,672,706,-34,982,2026-08,-3.346456692913386
5201801,GO,12m_2025-09_a_2026-08,648,570,78,943,2026-08,9.017341040462428
5202155,GO,12m_2025-09_a_2026-08,564,605,-41,730,2026-08,-5.317769130998703
5202353,GO,12m_2025-09_a_2026-08,235,222,13,358,2026-08,3.768115942028986
5202502,GO,12m_2025-09_a_2026-08,1263,1211,52,1707,2026-08,3.141993957703928
5202601,GO,12m_2025-09_a_2026-08,164,180,-16,314,2026-08,-4.848484848484849
5202809,GO,12m_2025-09_a_2026-08,155,136,19,245,2026-08,8.4070796460177
5203104,GO,12m_2025-09_a_2026-08,163,140,23,169,2026-08,15.753424657534246
5203203,GO,12m_2025-09_a_2026-08,1732,1587,145,4184,2026-08,3.5899975241396382
5203302,GO,12m_2025-09_a_2026-08,4360,3774,586,6470,2026-08,9.959211420802175
5203401,GO,12m_2025-09_a_2026-08,388,352,36,790,2026-08,4.774535809018567
5203500,GO,12m_2025-09_a_2026-08,2872,2895,-23,3462,2026-08,-0.6599713055954088
5203559,GO,12m_2025-09_a_2026-08,510,544,-34,871,2026-08,-3.7569060773480665
5203575,GO,12m_2025-09_a_2026-08,266,270,-4,470,2026-08,-0.8438818565400843
5203609,GO,12m_2025-09_a_2026-08,327,324,3,494,2026-08,0.6109979633401221
5203807,GO,12m_2025-09_a_2026-08,411,349,62,786,2026-08,8.56353591160221
5203906,GO,12m_2025-09_a_2026-08,1477,1106,371,2588,2026-08,16.734325665313488
5203939,GO,12m_2025-09_a_2026-08,144,183,-39,277,2026-08,-12.341772151898734
5203962,GO,12m_2025-09_a_2026-08,69,76,-7,143,2026-08,-4.666666666666667
5204003,GO,12m_2025-09_a_2026-08,774,770,4,1343,2026-08,0.2987303958177745
5204102,GO,12m_2025-09_a_2026-08,1254,1154,100,1665,2026-08,6.3897763578274756
5204201,GO,12m_2025-09_a_2026-08,54,54,0,99,2026-08,0
5204250,GO,12m_2025-09_a_2026-08,1126,1206,-80,2203,2026-08,-3.5041611914148048
5204300,GO,12m_2025-09_a_2026-08,1835,1599,236,3915,2026-08,6.414786626800762
5204409,GO,12m_2025-09_a_2026-08,1549,1573,-24,2563,2026-08,-0.9277155005798222
5204508,GO,12m_2025-09_a_2026-08,14730,14968,-238,24106,2026-08,-0.9776536312849162
5204557,GO,12m_2025-09_a_2026-08,179,179,0,288,2026-08,0
5204607,GO,12m_2025-09_a_2026-08,130,122,8,224,2026-08,3.7037037037037033
5204656,GO,12m_2025-09_a_2026-08,133,118,15,247,2026-08,6.4655172413793105
5204706,GO,12m_2025-09_a_2026-08,583,540,43,1115,2026-08,4.0111940298507465
5204805,GO,12m_2025-09_a_2026-08,1797,1703,94,2043,2026-08,4.822986146741919
5204854,GO,12m_2025-09_a_2026-08,916,770,146,1863,2026-08,8.50320326150262
5204904,GO,12m_2025-09_a_2026-08,794,809,-15,1733,2026-08,-0.8581235697940504
5204953,GO,12m_2025-09_a_2026-08,77,80,-3,247,2026-08,-1.2
5205000,GO,12m_2025-09_a_2026-08,920,1009,-89,2445,2026-08,-3.51223362273086
5205059,GO,12m_2025-09_a_2026-08,217,197,20,225,2026-08,9.75609756097561
5205109,GO,12m_2025-09_a_2026-08,15526,15125,401,27724,2026-08,1.4676280057094755
5205208,GO,12m_2025-09_a_2026-08,206,227,-21,401,2026-08,-4.976303317535545
5205307,GO,12m_2025-09_a_2026-08,279,236,43,458,2026-08,10.361445783132531
5205406,GO,12m_2025-09_a_2026-08,4723,4141,582,8101,2026-08,7.740391009442744
5205455,GO,12m_2025-09_a_2026-08,1854,2095,-241,2705,2026-08,-8.180583842498303
5205471,GO,12m_2025-09_a_2026-08,2680,2596,84,5431,2026-08,1.5709743781559753
5205497,GO,12m_2025-09_a_2026-08,3415,3535,-120,5255,2026-08,-2.2325581395348837
5205513,GO,12m_2025-09_a_2026-08,1478,1431,47,1847,2026-08,2.611111111111111
5205521,GO,12m_2025-09_a_2026-08,93,88,5,150,2026-08,3.4482758620689653
5205703,GO,12m_2025-09_a_2026-08,79,93,-14,169,2026-08,-7.650273224043716
5205802,GO,12m_2025-09_a_2026-08,702,606,96,1398,2026-08,7.373271889400922
5205901,GO,12m_2025-09_a_2026-08,1104,1140,-36,2345,2026-08,-1.5119697606047877
5206206,GO,12m_2025-09_a_2026-08,17155,17372,-217,21464,2026-08,-1.0008763433420969
5206305,GO,12m_2025-09_a_2026-08,200,135,65,376,2026-08,20.90032154340836
5206404,GO,12m_2025-09_a_2026-08,1629,1458,171,3218,2026-08,5.612077453232688
5206503,GO,12m_2025-09_a_2026-08,173,166,7,319,2026-08,2.2435897435897436
5206602,GO,12m_2025-09_a_2026-08,136,128,8,236,2026-08,3.508771929824561
5206701,GO,12m_2025-09_a_2026-08,47,44,3,105,2026-08,2.941176470588235
5206800,GO,12m_2025-09_a_2026-08,121,91,30,225,2026-08,15.384615384615385
5206909,GO,12m_2025-09_a_2026-08,89,82,7,180,2026-08,4.046242774566474
5207105,GO,12m_2025-09_a_2026-08,73,83,-10,172,2026-08,-5.4945054945054945
5207253,GO,12m_2025-09_a_2026-08,744,659,85,1085,2026-08,8.5
5207352,GO,12m_2025-09_a_2026-08,244,257,-13,626,2026-08,-2.0344287949921753
5207402,GO,12m_2025-09_a_2026-08,1405,1485,-80,3051,2026-08,-2.5550942190993293
5207501,GO,12m_2025-09_a_2026-08,180,210,-30,328,2026-08,-8.379888268156424
5207535,GO,12m_2025-09_a_2026-08,237,231,6,433,2026-08,1.405152224824356
5207600,GO,12m_2025-09_a_2026-08,153,162,-9,636,2026-08,-1.3953488372093024
5207808,GO,12m_2025-09_a_2026-08,412,403,9,890,2026-08,1.0215664018161181
5207907,GO,12m_2025-09_a_2026-08,426,345,81,713,2026-08,12.81645569620253
5208004,GO,12m_2025-09_a_2026-08,17240,17499,-259,20131,2026-08,-1.270230505149583
5208103,GO,12m_2025-09_a_2026-08,111,138,-27,233,2026-08,-10.384615384615385
5208152,GO,12m_2025-09_a_2026-08,193,156,37,457,2026-08,8.80952380952381
5208301,GO,12m_2025-09_a_2026-08,81,69,12,234,2026-08,5.405405405405405
5208400,GO,12m_2025-09_a_2026-08,1083,1016,67,2018,2026-08,3.4341363403382883
5208509,GO,12m_2025-09_a_2026-08,843,535,308,1108,2026-08,38.5
5208608,GO,12m_2025-09_a_2026-08,14952,14524,428,21132,2026-08,2.0672333848531683
5208707,GO,12m_2025-09_a_2026-08,331541,330454,1087,524671,2026-08,0.2076075663121868
5208806,GO,12m_2025-09_a_2026-08,4772,4547,225,6441,2026-08,3.6196911196911192
5208905,GO,12m_2025-09_a_2026-08,1552,1541,11,3250,2026-08,0.33961099104661935
5209101,GO,12m_2025-09_a_2026-08,5007,5229,-222,9730,2026-08,-2.230707395498392
5209150,GO,12m_2025-09_a_2026-08,120,112,8,311,2026-08,2.6402640264026402
5209200,GO,12m_2025-09_a_2026-08,875,832,43,1411,2026-08,3.143274853801169
5209291,GO,12m_2025-09_a_2026-08,130,84,46,139,2026-08,49.46236559139785
5209408,GO,12m_2025-09_a_2026-08,104,210,-106,245,2026-08,-30.1994301994302
5209457,GO,12m_2025-09_a_2026-08,17,20,-3,36,2026-08,-7.6923076923076925
5209606,GO,12m_2025-09_a_2026-08,69,76,-7,146,2026-08,-4.57516339869281
5209705,GO,12m_2025-09_a_2026-08,5180,4757,423,7083,2026-08,6.351351351351352
5209804,GO,12m_2025-09_a_2026-08,123,129,-6,233,2026-08,-2.510460251046025
5209903,GO,12m_2025-09_a_2026-08,592,553,39,1180,2026-08,3.4180543382997373
5209937,GO,12m_2025-09_a_2026-08,247,265,-18,525,2026-08,-3.314917127071823
5209952,GO,12m_2025-09_a_2026-08,1669,1589,80,2886,2026-08,2.851033499643621
5210000,GO,12m_2025-09_a_2026-08,7186,7328,-142,10859,2026-08,-1.2907917462048903
5210109,GO,12m_2025-09_a_2026-08,3338,3423,-85,6004,2026-08,-1.3959599277385448
5210158,GO,12m_2025-09_a_2026-08,116,82,34,133,2026-08,34.34343434343434
5210208,GO,12m_2025-09_a_2026-08,2641,2397,244,4913,2026-08,5.225958449346755
5210307,GO,12m_2025-09_a_2026-08,109,147,-38,274,2026-08,-12.179487179487179
5210406,GO,12m_2025-09_a_2026-08,8768,8441,327,12949,2026-08,2.590714625257487
5210562,GO,12m_2025-09_a_2026-08,272,263,9,579,2026-08,1.5789473684210527
5210604,GO,12m_2025-09_a_2026-08,169,197,-28,387,2026-08,-6.746987951807229
5210802,GO,12m_2025-09_a_2026-08,365,351,14,606,2026-08,2.364864864864865
5210901,GO,12m_2025-09_a_2026-08,1899,1898,1,3491,2026-08,0.028653295128939826
5211008,GO,12m_2025-09_a_2026-08,375,397,-22,843,2026-08,-2.5433526011560694
5211206,GO,12m_2025-09_a_2026-08,1708,1811,-103,3224,2026-08,-3.0958821761346558
5211305,GO,12m_2025-09_a_2026-08,677,669,8,1155,2026-08,0.6974716652136007
5211404,GO,12m_2025-09_a_2026-08,719,725,-6,1183,2026-08,-0.5046257359125316
5211503,GO,12m_2025-09_a_2026-08,19136,19153,-17,30953,2026-08,-0.05489183080400387
5211602,GO,12m_2025-09_a_2026-08,108,110,-2,222,2026-08,-0.8928571428571428
5211701,GO,12m_2025-09_a_2026-08,894,819,75,1999,2026-08,3.898128898128898
5211800,GO,12m_2025-09_a_2026-08,2665,2538,127,5411,2026-08,2.4034822104466316
5211909,GO,12m_2025-09_a_2026-08,20852,19884,968,29189,2026-08,3.4300698061727077
5212006,GO,12m_2025-09_a_2026-08,94,110,-16,195,2026-08,-7.5829383886255926
5212055,GO,12m_2025-09_a_2026-08,53,44,9,145,2026-08,6.61764705882353
5212105,GO,12m_2025-09_a_2026-08,326,402,-76,802,2026-08,-8.656036446469248
5212204,GO,12m_2025-09_a_2026-08,1572,1667,-95,3152,2026-08,-2.9257776408992915
5212253,GO,12m_2025-09_a_2026-08,119,103,16,160,2026-08,11.11111111111111
5212303,GO,12m_2025-09_a_2026-08,704,690,14,1829,2026-08,0.7713498622589532
5212501,GO,12m_2025-09_a_2026-08,18469,17808,661,30222,2026-08,2.236054260681303
5212600,GO,12m_2025-09_a_2026-08,223,260,-37,355,2026-08,-9.438775510204081
5212709,GO,12m_2025-09_a_2026-08,575,593,-18,797,2026-08,-2.208588957055215
5212808,GO,12m_2025-09_a_2026-08,1596,1317,279,2266,2026-08,14.041268243583291
5212907,GO,12m_2025-09_a_2026-08,102,127,-25,212,2026-08,-10.548523206751055
5212956,GO,12m_2025-09_a_2026-08,222,259,-37,476,2026-08,-7.212475633528265
5213004,GO,12m_2025-09_a_2026-08,450,498,-48,986,2026-08,-4.642166344294004
5213053,GO,12m_2025-09_a_2026-08,98,101,-3,285,2026-08,-1.0416666666666665
5213087,GO,12m_2025-09_a_2026-08,2833,1805,1028,4180,2026-08,32.61421319796954
5213103,GO,12m_2025-09_a_2026-08,10782,11012,-230,19033,2026-08,-1.1939988579141358
5213400,GO,12m_2025-09_a_2026-08,39,50,-11,109,2026-08,-9.166666666666666
5213509,GO,12m_2025-09_a_2026-08,149,153,-4,348,2026-08,-1.1363636363636365
5213707,GO,12m_2025-09_a_2026-08,1343,1204,139,2132,2026-08,6.974410436527847
5213756,GO,12m_2025-09_a_2026-08,1831,1781,50,3273,2026-08,1.5513496742165684
5213772,GO,12m_2025-09_a_2026-08,63,83,-20,176,2026-08,-10.204081632653061
5213806,GO,12m_2025-09_a_2026-08,9398,9525,-127,11171,2026-08,-1.1240927597804922
5213855,GO,12m_2025-09_a_2026-08,26,35,-9,89,2026-08,-9.183673469387756
5213905,GO,12m_2025-09_a_2026-08,322,318,4,613,2026-08,0.6568144499178982
5214002,GO,12m_2025-09_a_2026-08,2348,2316,32,4152,2026-08,0.7766990291262136
5214051,GO,12m_2025-09_a_2026-08,552,510,42,818,2026-08,5.412371134020619
5214101,GO,12m_2025-09_a_2026-08,91,93,-2,174,2026-08,-1.1363636363636365
5214408,GO,12m_2025-09_a_2026-08,716,651,65,1455,2026-08,4.676258992805756
5214507,GO,12m_2025-09_a_2026-08,4767,4608,159,7816,2026-08,2.07653127856863
5214606,GO,12m_2025-09_a_2026-08,5003,3537,1466,10298,2026-08,16.598731884057973
5214705,GO,12m_2025-09_a_2026-08,37,31,6,91,2026-08,7.0588235294117645
5214804,GO,12m_2025-09_a_2026-08,33,31,2,114,2026-08,1.7857142857142856
5214838,GO,12m_2025-09_a_2026-08,2191,2111,80,3089,2026-08,2.6586905948820205
5214861,GO,12m_2025-09_a_2026-08,158,142,16,389,2026-08,4.289544235924933
5214879,GO,12m_2025-09_a_2026-08,97,225,-128,359,2026-08,-26.283367556468175
5214903,GO,12m_2025-09_a_2026-08,114,124,-10,282,2026-08,-3.4246575342465753
5215009,GO,12m_2025-09_a_2026-08,2649,2566,83,3132,2026-08,2.7222040013119053
5215207,GO,12m_2025-09_a_2026-08,97,95,2,266,2026-08,0.7575757575757576
5215231,GO,12m_2025-09_a_2026-08,3327,2975,352,5316,2026-08,7.0910556003223215
5215256,GO,12m_2025-09_a_2026-08,234,219,15,382,2026-08,4.087193460490464
5215306,GO,12m_2025-09_a_2026-08,1342,1338,4,2810,2026-08,0.14255167498218105
5215405,GO,12m_2025-09_a_2026-08,93,105,-12,227,2026-08,-5.02092050209205
5215504,GO,12m_2025-09_a_2026-08,769,954,-185,2255,2026-08,-7.581967213114754
5215603,GO,12m_2025-09_a_2026-08,1861,1733,128,3386,2026-08,3.9287906691221606
5215652,GO,12m_2025-09_a_2026-08,123,104,19,256,2026-08,8.016877637130802
5215702,GO,12m_2025-09_a_2026-08,5306,5124,182,8288,2026-08,2.2452504317789295
5215801,GO,12m_2025-09_a_2026-08,96,85,11,161,2026-08,7.333333333333333
5215900,GO,12m_2025-09_a_2026-08,261,269,-8,523,2026-08,-1.5065913370998116
5216007,GO,12m_2025-09_a_2026-08,529,337,192,683,2026-08,39.103869653767816
5216304,GO,12m_2025-09_a_2026-08,437,470,-33,822,2026-08,-3.8596491228070176
5216403,GO,12m_2025-09_a_2026-08,2002,1935,67,3448,2026-08,1.981662230109435
5216452,GO,12m_2025-09_a_2026-08,924,835,89,1926,2026-08,4.844855743059336
5216809,GO,12m_2025-09_a_2026-08,501,465,36,1005,2026-08,3.7151702786377707
5216908,GO,12m_2025-09_a_2026-08,103,54,49,205,2026-08,31.41025641025641
5217104,GO,12m_2025-09_a_2026-08,1552,1448,104,3169,2026-08,3.3931484502446985
5217203,GO,12m_2025-09_a_2026-08,1062,1100,-38,1677,2026-08,-2.2157434402332363
5217302,GO,12m_2025-09_a_2026-08,3317,3173,144,4839,2026-08,3.0670926517571884
5217401,GO,12m_2025-09_a_2026-08,5456,5352,104,9318,2026-08,1.1287171695246365
5217609,GO,12m_2025-09_a_2026-08,5504,5308,196,8320,2026-08,2.4126046282619398
5217708,GO,12m_2025-09_a_2026-08,1247,1486,-239,2800,2026-08,-7.864429088515959
5218003,GO,12m_2025-09_a_2026-08,4555,4030,525,7755,2026-08,7.261410788381744
5218052,GO,12m_2025-09_a_2026-08,442,468,-26,491,2026-08,-5.029013539651837
5218102,GO,12m_2025-09_a_2026-08,413,453,-40,704,2026-08,-5.376344086021505
5218300,GO,12m_2025-09_a_2026-08,3053,3041,12,4961,2026-08,0.2424732269145282
5218391,GO,12m_2025-09_a_2026-08,193,272,-79,405,2026-08,-16.32231404958678
5218508,GO,12m_2025-09_a_2026-08,6198,6447,-249,12896,2026-08,-1.8942563712438192
5218607,GO,12m_2025-09_a_2026-08,1060,1003,57,1883,2026-08,3.12157721796276
5218706,GO,12m_2025-09_a_2026-08,180,169,11,342,2026-08,3.3232628398791544
5218789,GO,12m_2025-09_a_2026-08,1832,1633,199,3817,2026-08,5.5002763957987835
5218805,GO,12m_2025-09_a_2026-08,54472,51070,3402,74559,2026-08,4.780977275601838
5218904,GO,12m_2025-09_a_2026-08,2184,2337,-153,4471,2026-08,-3.308823529411765
5219001,GO,12m_2025-09_a_2026-08,838,828,10,1330,2026-08,0.7575757575757576
5219100,GO,12m_2025-09_a_2026-08,509,470,39,819,2026-08,5
5219209,GO,12m_2025-09_a_2026-08,161,173,-12,339,2026-08,-3.418803418803419
5219258,GO,12m_2025-09_a_2026-08,730,678,52,1221,2026-08,4.448246364414029
5219308,GO,12m_2025-09_a_2026-08,5197,5082,115,7113,2026-08,1.6433266647613602
5219357,GO,12m_2025-09_a_2026-08,143,149,-6,253,2026-08,-2.3166023166023164
5219407,GO,12m_2025-09_a_2026-08,455,499,-44,677,2026-08,-6.102635228848821
5219456,GO,12m_2025-09_a_2026-08,330,557,-227,502,2026-08,-31.13854595336077
5219506,GO,12m_2025-09_a_2026-08,177,114,63,259,2026-08,32.142857142857146
5219605,GO,12m_2025-09_a_2026-08,109,113,-4,163,2026-08,-2.3952095808383236
5219704,GO,12m_2025-09_a_2026-08,3284,3081,203,3656,2026-08,5.878945844193455
5219712,GO,12m_2025-09_a_2026-08,472,543,-71,1332,2026-08,-5.0605844618674265
5219738,GO,12m_2025-09_a_2026-08,1019,1053,-34,1761,2026-08,-1.894150417827298
5219753,GO,12m_2025-09_a_2026-08,2004,1865,139,4184,2026-08,3.4363411619283064
5219803,GO,12m_2025-09_a_2026-08,402,277,125,636,2026-08,24.46183953033268
5219902,GO,12m_2025-09_a_2026-08,402,403,-1,802,2026-08,-0.12453300124533001
5220009,GO,12m_2025-09_a_2026-08,1196,1145,51,1646,2026-08,3.197492163009404
5220058,GO,12m_2025-09_a_2026-08,71,76,-5,155,2026-08,-3.125
5220108,GO,12m_2025-09_a_2026-08,3410,3344,66,6871,2026-08,0.9698750918442322
5220157,GO,12m_2025-09_a_2026-08,235,219,16,355,2026-08,4.71976401179941
5220207,GO,12m_2025-09_a_2026-08,1929,1917,12,3345,2026-08,0.36003600360036003
5220264,GO,12m_2025-09_a_2026-08,643,644,-1,814,2026-08,-0.1226993865030675
5220280,GO,12m_2025-09_a_2026-08,69,88,-19,128,2026-08,-12.925170068027212
5220405,GO,12m_2025-09_a_2026-08,1946,1911,35,2890,2026-08,1.2259194395796849
5220454,GO,12m_2025-09_a_2026-08,12545,12450,95,19517,2026-08,0.48913603130470595
5220504,GO,12m_2025-09_a_2026-08,1572,1600,-28,2751,2026-08,-1.0075566750629723
5220603,GO,12m_2025-09_a_2026-08,2166,1938,228,4128,2026-08,5.846153846153846
5220686,GO,12m_2025-09_a_2026-08,256,253,3,692,2026-08,0.43541364296081275
5220702,GO,12m_2025-09_a_2026-08,108,116,-8,203,2026-08,-3.7914691943127963
5221007,GO,12m_2025-09_a_2026-08,197,204,-7,414,2026-08,-1.66270783847981
5221080,GO,12m_2025-09_a_2026-08,66,59,7,125,2026-08,5.932203389830509
5221197,GO,12m_2025-09_a_2026-08,695,598,97,1142,2026-08,9.282296650717702
5221304,GO,12m_2025-09_a_2026-08,103,120,-17,219,2026-08,-7.203389830508475
5221403,GO,12m_2025-09_a_2026-08,12670,11478,1192,19534,2026-08,6.498746047323084
5221452,GO,12m_2025-09_a_2026-08,54,49,5,152,2026-08,3.4013605442176873
5221502,GO,12m_2025-09_a_2026-08,279,282,-3,613,2026-08,-0.487012987012987
5221551,GO,12m_2025-09_a_2026-08,729,705,24,2401,2026-08,1.0096760622633572
5221577,GO,12m_2025-09_a_2026-08,77,81,-4,156,2026-08,-2.5
5221601,GO,12m_2025-09_a_2026-08,6468,6524,-56,9723,2026-08,-0.5726556907659269
5221700,GO,12m_2025-09_a_2026-08,396,324,72,616,2026-08,13.23529411764706
5221809,GO,12m_2025-09_a_2026-08,397,353,44,844,2026-08,5.5
5221858,GO,12m_2025-09_a_2026-08,14165,12560,1605,20449,2026-08,8.517299936319253
5221908,GO,12m_2025-09_a_2026-08,129,121,8,302,2026-08,2.7210884353741496
5222005,GO,12m_2025-09_a_2026-08,1615,1704,-89,2824,2026-08,-3.0552694816340544
5222054,GO,12m_2025-09_a_2026-08,1905,1888,17,2790,2026-08,0.6130544536602958
5222203,GO,12m_2025-09_a_2026-08,625,956,-331,1425,2026-08,-18.849658314350798
5222302,GO,12m_2025-09_a_2026-08,686,730,-44,1162,2026-08,-3.6484245439469323
5300108,DF,12m_2025-09_a_2026-08,506047,458240,47807,1070795,2026-08,4.673270849706937
1100015,RO,ano_2025,1357,1278,79,2372,2025-12,
1100023,RO,ano_2025,12858,12699,159,19300,2025-12,
1100031,RO,ano_2025,181,215,-34,486,2025-12,
1100049,RO,ano_2025,12006,11711,295,18675,2025-12,
1100056,RO,ano_2025,1395,1400,-5,2418,2025-12,
1100064,RO,ano_2025,931,873,58,2076,2025-12,
1100072,RO,ano_2025,1099,1062,37,1676,2025-12,
1100080,RO,ano_2025,324,303,21,549,2025-12,
1100098,RO,ano_2025,2925,2966,-41,4745,2025-12,
1100106,RO,ano_2025,2398,1833,565,4946,2025-12,
1100114,RO,ano_2025,6233,5772,461,10969,2025-12,
1100122,RO,ano_2025,20409,19392,1017,30488,2025-12,
1100130,RO,ano_2025,2140,1923,217,3097,2025-12,
1100148,RO,ano_2025,1064,939,125,1721,2025-12,
1100155,RO,ano_2025,2844,2901,-57,5090,2025-12,
1100189,RO,ano_2025,5516,5218,298,10114,2025-12,
1100205,RO,ano_2025,55968,50852,5116,102973,2025-12,
1100254,RO,ano_2025,1303,1338,-35,2822,2025-12,
1100262,RO,ano_2025,350,375,-25,606,2025-12,
1100288,RO,ano_2025,8556,8029,527,13467,2025-12,
1100296,RO,ano_2025,326,320,6,743,2025-12,
1100304,RO,ano_2025,17321,16395,926,27694,2025-12,
1100320,RO,ano_2025,1899,1789,110,3209,2025-12,
1100338,RO,ano_2025,886,858,28,1433,2025-12,
1100346,RO,ano_2025,460,363,97,819,2025-12,
1100379,RO,ano_2025,491,439,52,821,2025-12,
1100403,RO,ano_2025,627,585,42,1146,2025-12,
1100452,RO,ano_2025,1912,1769,143,3029,2025-12,
1100502,RO,ano_2025,392,294,98,648,2025-12,
1100601,RO,ano_2025,151,126,25,315,2025-12,
1100700,RO,ano_2025,253,294,-41,468,2025-12,
1100809,RO,ano_2025,1467,1292,175,2080,2025-12,
1100908,RO,ano_2025,107,94,13,258,2025-12,
1100924,RO,ano_2025,2068,2032,36,2684,2025-12,
1100940,RO,ano_2025,619,813,-194,1150,2025-12,
1101005,RO,ano_2025,235,231,4,564,2025-12,
1101104,RO,ano_2025,949,869,80,1345,2025-12,
1101203,RO,ano_2025,554,555,-1,875,2025-12,
1101302,RO,ano_2025,381,347,34,959,2025-12,
1101401,RO,ano_2025,381,337,44,828,2025-12,
1101435,RO,ano_2025,220,171,49,523,2025-12,
1101450,RO,ano_2025,295,331,-36,542,2025-12,
1101468,RO,ano_2025,219,245,-26,387,2025-12,
1101476,RO,ano_2025,150,130,20,261,2025-12,
1101484,RO,ano_2025,137,140,-3,351,2025-12,
1101492,RO,ano_2025,939,859,80,1501,2025-12,
1101500,RO,ano_2025,466,430,36,824,2025-12,
1101559,RO,ano_2025,128,126,2,259,2025-12,
1101609,RO,ano_2025,223,214,9,407,2025-12,
1101708,RO,ano_2025,541,532,9,1139,2025-12,
1101757,RO,ano_2025,328,314,14,431,2025-12,
1101807,RO,ano_2025,323,329,-6,443,2025-12,
1200013,AC,ano_2025,616,577,39,1129,2025-12,
1200054,AC,ano_2025,138,105,33,197,2025-12,
1200104,AC,ano_2025,1782,1570,212,2800,2025-12,
1200138,AC,ano_2025,1065,1268,-203,1532,2025-12,
1200179,AC,ano_2025,235,167,68,526,2025-12,
1200203,AC,ano_2025,4781,4044,737,9359,2025-12,
1200252,AC,ano_2025,1541,1128,413,3004,2025-12,
1200302,AC,ano_2025,531,507,24,1613,2025-12,
1200328,AC,ano_2025,160,89,71,633,2025-12,
1200336,AC,ano_2025,221,196,25,402,2025-12,
1200344,AC,ano_2025,251,284,-33,587,2025-12,
1200351,AC,ano_2025,18,15,3,88,2025-12,
1200385,AC,ano_2025,1015,1307,-292,1967,2025-12,
1200393,AC,ano_2025,30,14,16,61,2025-12,
1200401,AC,ano_2025,37940,35975,1965,74402,2025-12,
1200427,AC,ano_2025,233,66,167,218,2025-12,
1200435,AC,ano_2025,6,10,-4,225,2025-12,
1200450,AC,ano_2025,1673,1511,162,2788,2025-12,
1200500,AC,ano_2025,3581,1917,1664,4126,2025-12,
1200609,AC,ano_2025,882,710,172,1503,2025-12,
1200708,AC,ano_2025,635,593,42,840,2025-12,
1200807,AC,ano_2025,344,316,28,731,2025-12,
1300029,AM,ano_2025,33,13,20,84,2025-12,
1300060,AM,ano_2025,9,7,2,19,2025-12,
1300086,AM,ano_2025,8,6,2,24,2025-12,
1300102,AM,ano_2025,15,7,8,52,2025-12,
1300144,AM,ano_2025,307,293,14,475,2025-12,
1300201,AM,ano_2025,26,21,5,83,2025-12,
1300300,AM,ano_2025,670,559,111,1054,2025-12,
1300409,AM,ano_2025,118,84,34,210,2025-12,
1300508,AM,ano_2025,143,94,49,212,2025-12,
1300607,AM,ano_2025,145,141,4,326,2025-12,
1300631,AM,ano_2025,5,6,-1,31,2025-12,
1300680,AM,ano_2025,54,35,19,128,2025-12,
1300706,AM,ano_2025,646,572,74,1563,2025-12,
1300805,AM,ano_2025,115,102,13,295,2025-12,
1300839,AM,ano_2025,11,6,5,25,2025-12,
1300904,AM,ano_2025,41,61,-20,97,2025-12,
1301001,AM,ano_2025,131,102,29,331,2025-12,
1301100,AM,ano_2025,222,173,49,430,2025-12,
1301159,AM,ano_2025,48,32,16,57,2025-12,
1301209,AM,ano_2025,759,617,142,1961,2025-12,
1301308,AM,ano_2025,172,178,-6,224,2025-12,
1301407,AM,ano_2025,86,74,12,253,2025-12,
1301506,AM,ano_2025,51,39,12,168,2025-12,
1301605,AM,ano_2025,52,44,8,87,2025-12,
1301654,AM,ano_2025,16,23,-7,91,2025-12,
1301704,AM,ano_2025,1502,1497,5,2941,2025-12,
1301803,AM,ano_2025,11,5,6,67,2025-12,
1301852,AM,ano_2025,3357,2272,1085,5589,2025-12,
1301902,AM,ano_2025,3010,2593,417,5624,2025-12,
1301951,AM,ano_2025,8,3,5,30,2025-12,
1302009,AM,ano_2025,363,324,39,289,2025-12,
1302108,AM,ano_2025,11,6,5,53,2025-12,
1302207,AM,ano_2025,17,10,7,68,2025-12,
1302306,AM,ano_2025,55,33,22,112,2025-12,
1302405,AM,ano_2025,598,488,110,1878,2025-12,
1302504,AM,ano_2025,2763,2287,476,4411,2025-12,
1302553,AM,ano_2025,67,54,13,119,2025-12,
1302603,AM,ano_2025,285825,267542,18283,510038,2025-12,
1302702,AM,ano_2025,543,635,-92,1510,2025-12,
1302801,AM,ano_2025,15,14,1,56,2025-12,
1302900,AM,ano_2025,599,467,132,1045,2025-12,
1303007,AM,ano_2025,47,51,-4,146,2025-12,
1303106,AM,ano_2025,149,139,10,377,2025-12,
1303205,AM,ano_2025,193,146,47,502,2025-12,
1303304,AM,ano_2025,95,92,3,250,2025-12,
1303403,AM,ano_2025,1994,1761,233,4986,2025-12,
1303502,AM,ano_2025,11,6,5,34,2025-12,
1303536,AM,ano_2025,1523,1542,-19,3582,2025-12,
1303569,AM,ano_2025,1079,851,228,1398,2025-12,
1303601,AM,ano_2025,8,8,0,32,2025-12,
1303700,AM,ano_2025,353,89,264,980,2025-12,
1303809,AM,ano_2025,219,225,-6,1636,2025-12,
1303908,AM,ano_2025,131,100,31,190,2025-12,
1303957,AM,ano_2025,38,33,5,143,2025-12,
1304005,AM,ano_2025,416,280,136,482,2025-12,
1304062,AM,ano_2025,860,1839,-979,3354,2025-12,
1304104,AM,ano_2025,17,9,8,55,2025-12,
1304203,AM,ano_2025,1083,933,150,2334,2025-12,
1304237,AM,ano_2025,42,26,16,88,2025-12,
1304260,AM,ano_2025,78,34,44,106,2025-12,
1304302,AM,ano_2025,22,14,8,84,2025-12,
1304401,AM,ano_2025,37,35,2,113,2025-12,
1400027,RR,ano_2025,282,296,-14,433,2025-12,
1400050,RR,ano_2025,345,333,12,473,2025-12,
1400100,RR,ano_2025,45958,43327,2631,75245,2025-12,
1400159,RR,ano_2025,534,509,25,759,2025-12,
1400175,RR,ano_2025,499,508,-9,812,2025-12,
1400209,RR,ano_2025,395,331,64,672,2025-12,
1400233,RR,ano_2025,184,160,24,178,2025-12,
1400282,RR,ano_2025,219,186,33,295,2025-12,
1400308,RR,ano_2025,368,410,-42,663,2025-12,
1400407,RR,ano_2025,24,30,-6,416,2025-12,
1400456,RR,ano_2025,267,281,-14,1236,2025-12,
1400472,RR,ano_2025,1434,1245,189,1840,2025-12,
1400506,RR,ano_2025,264,478,-214,624,2025-12,
1400605,RR,ano_2025,275,243,32,230,2025-12,
1400704,RR,ano_2025,31,20,11,49,2025-12,
1500107,PA,ano_2025,4649,3430,1219,8690,2025-12,
1500131,PA,ano_2025,170,181,-11,413,2025-12,
1500206,PA,ano_2025,1142,1726,-584,2048,2025-12,
1500305,PA,ano_2025,142,146,-4,384,2025-12,
1500347,PA,ano_2025,1771,1745,26,3050,2025-12,
1500404,PA,ano_2025,404,332,72,1073,2025-12,
1500503,PA,ano_2025,750,597,153,1831,2025-12,
1500602,PA,ano_2025,9707,8388,1319,15792,2025-12,
1500701,PA,ano_2025,77,52,25,201,2025-12,
1500800,PA,ano_2025,33207,31610,1597,72080,2025-12,
1500859,PA,ano_2025,1040,1052,-12,1549,2025-12,
1500909,PA,ano_2025,120,114,6,331,2025-12,
1500958,PA,ano_2025,282,243,39,469,2025-12,
1501006,PA,ano_2025,26,48,-22,69,2025-12,
1501105,PA,ano_2025,36,28,8,76,2025-12,
1501204,PA,ano_2025,130,90,40,357,2025-12,
1501253,PA,ano_2025,268,298,-30,442,2025-12,
1501303,PA,ano_2025,21637,20185,1452,33972,2025-12,
1501402,PA,ano_2025,139880,132758,7122,303569,2025-12,
1501451,PA,ano_2025,449,413,36,948,2025-12,
1501501,PA,ano_2025,7325,6845,480,13789,2025-12,
1501576,PA,ano_2025,435,460,-25,829,2025-12,
1501600,PA,ano_2025,160,349,-189,844,2025-12,
1501709,PA,ano_2025,2993,2356,637,7409,2025-12,
1501725,PA,ano_2025,656,511,145,842,2025-12,
1501758,PA,ano_2025,106,103,3,314,2025-12,
1501782,PA,ano_2025,1265,1074,191,2388,2025-12,
1501808,PA,ano_2025,1239,1060,179,2964,2025-12,
1501907,PA,ano_2025,177,135,42,395,2025-12,
1501956,PA,ano_2025,66,51,15,165,2025-12,
1502004,PA,ano_2025,81,99,-18,259,2025-12,
1502103,PA,ano_2025,781,536,245,2230,2025-12,
1502152,PA,ano_2025,23333,21513,1820,32490,2025-12,
1502202,PA,ano_2025,3464,3510,-46,8542,2025-12,
1502301,PA,ano_2025,1511,1274,237,3302,2025-12,
1502400,PA,ano_2025,19434,18172,1262,38263,2025-12,
1502509,PA,ano_2025,68,57,11,347,2025-12,
1502608,PA,ano_2025,54,44,10,116,2025-12,
1502707,PA,ano_2025,1738,1614,124,3384,2025-12,
1502756,PA,ano_2025,720,1749,-1029,1479,2025-12,
1502764,PA,ano_2025,1758,1670,88,1859,2025-12,
1502772,PA,ano_2025,1882,1166,716,2948,2025-12,
1502806,PA,ano_2025,11,10,1,60,2025-12,
1502855,PA,ano_2025,36,12,24,81,2025-12,
1502905,PA,ano_2025,547,379,168,858,2025-12,
1502939,PA,ano_2025,2423,2467,-44,4399,2025-12,
1502954,PA,ano_2025,697,688,9,1194,2025-12,
1503002,PA,ano_2025,21,12,9,56,2025-12,
1503044,PA,ano_2025,436,414,22,822,2025-12,
1503077,PA,ano_2025,563,402,161,1184,2025-12,
1503093,PA,ano_2025,922,909,13,1596,2025-12,
1503101,PA,ano_2025,42,30,12,114,2025-12,
1503200,PA,ano_2025,916,711,205,2178,2025-12,
1503309,PA,ano_2025,969,786,183,1357,2025-12,
1503408,PA,ano_2025,269,272,-3,617,2025-12,
1503457,PA,ano_2025,1367,1130,237,1923,2025-12,
1503507,PA,ano_2025,315,215,100,698,2025-12,
1503606,PA,ano_2025,8477,7466,1011,15953,2025-12,
1503705,PA,ano_2025,683,677,6,1495,2025-12,
1503754,PA,ano_2025,442,402,40,543,2025-12,
1503804,PA,ano_2025,1142,983,159,2479,2025-12,
1503903,PA,ano_2025,1974,1814,160,3636,2025-12,
1504000,PA,ano_2025,10,11,-1,45,2025-12,
1504059,PA,ano_2025,790,644,146,1940,2025-12,
1504109,PA,ano_2025,43,41,2,66,2025-12,
1504208,PA,ano_2025,32145,29131,3014,58351,2025-12,
1504307,PA,ano_2025,199,145,54,562,2025-12,
1504406,PA,ano_2025,180,119,61,396,2025-12,
1504422,PA,ano_2025,8271,6684,1587,15519,2025-12,
1504455,PA,ano_2025,546,446,100,840,2025-12,
1504505,PA,ano_2025,74,44,30,180,2025-12,
1504604,PA,ano_2025,190,164,26,394,2025-12,
1504703,PA,ano_2025,3130,3680,-550,6358,2025-12,
1504752,PA,ano_2025,422,344,78,572,2025-12,
1504802,PA,ano_2025,575,445,130,1345,2025-12,
1504901,PA,ano_2025,99,90,9,216,2025-12,
1504950,PA,ano_2025,137,111,26,340,2025-12,
1504976,PA,ano_2025,508,460,48,528,2025-12,
1505007,PA,ano_2025,180,138,42,506,2025-12,
1505031,PA,ano_2025,3701,3470,231,4754,2025-12,
1505064,PA,ano_2025,1520,1322,198,2624,2025-12,
1505106,PA,ano_2025,842,778,64,1785,2025-12,
1505205,PA,ano_2025,24,25,-1,87,2025-12,
1505304,PA,ano_2025,2942,3050,-108,8168,2025-12,
1505403,PA,ano_2025,185,106,79,410,2025-12,
1505437,PA,ano_2025,2964,3517,-553,4579,2025-12,
1505486,PA,ano_2025,695,669,26,1401,2025-12,
1505494,PA,ano_2025,104,102,2,215,2025-12,
1505502,PA,ano_2025,12366,12645,-279,22535,2025-12,
1505536,PA,ano_2025,43256,39440,3816,74359,2025-12,
1505551,PA,ano_2025,471,377,94,521,2025-12,
1505601,PA,ano_2025,39,114,-75,302,2025-12,
1505635,PA,ano_2025,357,353,4,851,2025-12,
1505650,PA,ano_2025,233,145,88,398,2025-12,
1505700,PA,ano_2025,56,47,9,215,2025-12,
1505809,PA,ano_2025,731,586,145,1423,2025-12,
1505908,PA,ano_2025,165,133,32,286,2025-12,
1506005,PA,ano_2025,154,152,2,273,2025-12,
1506104,PA,ano_2025,123,100,23,328,2025-12,
1506112,PA,ano_2025,14,14,0,45,2025-12,
1506138,PA,ano_2025,9462,8962,500,15336,2025-12,
1506161,PA,ano_2025,1717,1692,25,2978,2025-12,
1506187,PA,ano_2025,2293,1741,552,3862,2025-12,
1506195,PA,ano_2025,556,471,85,1141,2025-12,
1506203,PA,ano_2025,2511,2545,-34,5226,2025-12,
1506302,PA,ano_2025,175,120,55,554,2025-12,
1506351,PA,ano_2025,824,669,155,1518,2025-12,
1506401,PA,ano_2025,13,10,3,42,2025-12,
1506500,PA,ano_2025,4832,4368,464,11182,2025-12,
1506559,PA,ano_2025,108,93,15,310,2025-12,
1506583,PA,ano_2025,2219,2136,83,2663,2025-12,
1506609,PA,ano_2025,882,702,180,1879,2025-12,
1506708,PA,ano_2025,4871,4170,701,5184,2025-12,
1506807,PA,ano_2025,20647,17985,2662,42354,2025-12,
1506906,PA,ano_2025,16,13,3,42,2025-12,
1507003,PA,ano_2025,1049,751,298,2346,2025-12,
1507102,PA,ano_2025,211,201,10,388,2025-12,
1507151,PA,ano_2025,521,447,74,1171,2025-12,
1507201,PA,ano_2025,318,238,80,546,2025-12,
1507300,PA,ano_2025,4432,4312,120,5452,2025-12,
1507409,PA,ano_2025,275,240,35,666,2025-12,
1507458,PA,ano_2025,1199,1085,114,2592,2025-12,
1507466,PA,ano_2025,38,25,13,67,2025-12,
1507474,PA,ano_2025,81,66,15,277,2025-12,
1507508,PA,ano_2025,346,317,29,533,2025-12,
1507607,PA,ano_2025,2270,2040,230,4873,2025-12,
1507706,PA,ano_2025,21,12,9,44,2025-12,
1507755,PA,ano_2025,530,514,16,730,2025-12,
1507805,PA,ano_2025,135,77,58,259,2025-12,
1507904,PA,ano_2025,297,250,47,768,2025-12,
1507953,PA,ano_2025,5461,5546,-85,11856,2025-12,
1507961,PA,ano_2025,128,117,11,225,2025-12,
1507979,PA,ano_2025,524,353,171,696,2025-12,
1508001,PA,ano_2025,5380,5757,-377,8417,2025-12,
1508035,PA,ano_2025,142,120,22,348,2025-12,
1508050,PA,ano_2025,308,298,10,503,2025-12,
1508084,PA,ano_2025,3624,3112,512,5415,2025-12,
1508100,PA,ano_2025,3203,3095,108,7094,2025-12,
1508126,PA,ano_2025,2530,2466,64,4430,2025-12,
1508159,PA,ano_2025,1514,1307,207,2276,2025-12,
1508209,PA,ano_2025,480,424,56,1250,2025-12,
1508308,PA,ano_2025,186,151,35,497,2025-12,
1508357,PA,ano_2025,342,487,-145,708,2025-12,
1508407,PA,ano_2025,6292,5778,514,10197,2025-12,
1600055,AP,ano_2025,46,46,0,88,2025-12,
1600105,AP,ano_2025,95,90,5,234,2025-12,
1600154,AP,ano_2025,470,138,332,793,2025-12,
1600204,AP,ano_2025,199,147,52,319,2025-12,
1600212,AP,ano_2025,38,72,-34,78,2025-12,
1600238,AP,ano_2025,120,104,16,252,2025-12,
1600253,AP,ano_2025,26,22,4,34,2025-12,
1600279,AP,ano_2025,637,550,87,1291,2025-12,
1600303,AP,ano_2025,44371,38083,6288,86146,2025-12,
1600402,AP,ano_2025,856,693,163,1082,2025-12,
1600501,AP,ano_2025,1006,922,84,1389,2025-12,
1600535,AP,ano_2025,772,695,77,1339,2025-12,
1600550,AP,ano_2025,7,6,1,14,2025-12,
1600600,AP,ano_2025,5598,4663,935,10149,2025-12,
1600709,AP,ano_2025,164,110,54,281,2025-12,
1600808,AP,ano_2025,104,82,22,192,2025-12,
1700251,TO,ano_2025,168,140,28,232,2025-12,
1700301,TO,ano_2025,749,760,-11,1620,2025-12,
1700350,TO,ano_2025,247,219,28,554,2025-12,
1700400,TO,ano_2025,1003,713,290,1470,2025-12,
1700707,TO,ano_2025,988,912,76,1767,2025-12,
1701002,TO,ano_2025,219,220,-1,472,2025-12,
1701051,TO,ano_2025,49,31,18,103,2025-12,
1701101,TO,ano_2025,279,209,70,468,2025-12,
1701309,TO,ano_2025,86,64,22,244,2025-12,
1701903,TO,ano_2025,205,175,30,416,2025-12,
1702000,TO,ano_2025,614,567,47,1009,2025-12,
1702109,TO,ano_2025,22609,20775,1834,41434,2025-12,
1702158,TO,ano_2025,120,99,21,334,2025-12,
1702208,TO,ano_2025,1928,1585,343,2053,2025-12,
1702307,TO,ano_2025,275,231,44,621,2025-12,
1702406,TO,ano_2025,337,309,28,658,2025-12,
1702554,TO,ano_2025,843,739,104,1756,2025-12,
1702703,TO,ano_2025,43,21,22,94,2025-12,
1702901,TO,ano_2025,114,109,5,281,2025-12,
1703008,TO,ano_2025,360,331,29,621,2025-12,
1703057,TO,ano_2025,280,316,-36,674,2025-12,
1703073,TO,ano_2025,120,83,37,164,2025-12,
1703107,TO,ano_2025,119,117,2,255,2025-12,
1703206,TO,ano_2025,123,115,8,308,2025-12,
1703305,TO,ano_2025,122,105,17,190,2025-12,
1703602,TO,ano_2025,72,51,21,142,2025-12,
1703701,TO,ano_2025,219,187,32,404,2025-12,
1703800,TO,ano_2025,77,68,9,239,2025-12,
1703826,TO,ano_2025,39,54,-15,24,2025-12,
1703842,TO,ano_2025,782,799,-17,1119,2025-12,
1703867,TO,ano_2025,597,709,-112,1080,2025-12,
1703883,TO,ano_2025,106,124,-18,153,2025-12,
1703891,TO,ano_2025,12,14,-2,29,2025-12,
1703909,TO,ano_2025,463,492,-29,800,2025-12,
1704105,TO,ano_2025,133,119,14,71,2025-12,
1704600,TO,ano_2025,27,31,-4,79,2025-12,
1705102,TO,ano_2025,74,80,-6,175,2025-12,
1705508,TO,ano_2025,2690,2463,227,4324,2025-12,
1705557,TO,ano_2025,66,38,28,223,2025-12,
1705607,TO,ano_2025,81,64,17,176,2025-12,
1706001,TO,ano_2025,218,179,39,465,2025-12,
1706100,TO,ano_2025,233,199,34,455,2025-12,
1706258,TO,ano_2025,37,32,5,97,2025-12,
1706506,TO,ano_2025,361,371,-10,689,2025-12,
1707009,TO,ano_2025,1427,1328,99,2278,2025-12,
1707108,TO,ano_2025,542,503,39,822,2025-12,
1707207,TO,ano_2025,251,203,48,530,2025-12,
1707306,TO,ano_2025,344,337,7,625,2025-12,
1707405,TO,ano_2025,38,28,10,91,2025-12,
1707553,TO,ano_2025,243,257,-14,317,2025-12,
1707652,TO,ano_2025,214,212,2,474,2025-12,
1707702,TO,ano_2025,141,141,0,259,2025-12,
1708205,TO,ano_2025,1461,1332,129,2413,2025-12,
1708254,TO,ano_2025,157,157,0,408,2025-12,
1708304,TO,ano_2025,115,86,29,265,2025-12,
1709005,TO,ano_2025,330,288,42,564,2025-12,
1709302,TO,ano_2025,1659,1529,130,3055,2025-12,
1709500,TO,ano_2025,9473,9113,360,16553,2025-12,
1709807,TO,ano_2025,27,40,-13,88,2025-12,
1710508,TO,ano_2025,134,111,23,267,2025-12,
1710706,TO,ano_2025,198,152,46,265,2025-12,
1710904,TO,ano_2025,64,48,16,175,2025-12,
1711100,TO,ano_2025,145,145,0,276,2025-12,
1711506,TO,ano_2025,85,80,5,193,2025-12,
1711803,TO,ano_2025,20,41,-21,56,2025-12,
1711902,TO,ano_2025,1828,1840,-12,2307,2025-12,
1711951,TO,ano_2025,72,73,-1,118,2025-12,
1712009,TO,ano_2025,175,198,-23,221,2025-12,
1712157,TO,ano_2025,11,15,-4,34,2025-12,
1712405,TO,ano_2025,58,42,16,127,2025-12,
1712454,TO,ano_2025,217,227,-10,86,2025-12,
1712504,TO,ano_2025,414,404,10,631,2025-12,
1712702,TO,ano_2025,408,406,2,415,2025-12,
1712801,TO,ano_2025,37,32,5,102,2025-12,
1713205,TO,ano_2025,991,957,34,1681,2025-12,
1713304,TO,ano_2025,1028,905,123,1467,2025-12,
1713601,TO,ano_2025,243,241,2,555,2025-12,
1713700,TO,ano_2025,95,80,15,148,2025-12,
1713809,TO,ano_2025,90,75,15,178,2025-12,
1713957,TO,ano_2025,117,111,6,279,2025-12,
1714203,TO,ano_2025,400,417,-17,969,2025-12,
1714302,TO,ano_2025,30,21,9,85,2025-12,
1714880,TO,ano_2025,555,494,61,1277,2025-12,
1715002,TO,ano_2025,174,191,-17,220,2025-12,
1715101,TO,ano_2025,222,275,-53,363,2025-12,
1715150,TO,ano_2025,18,15,3,44,2025-12,
1715259,TO,ano_2025,48,49,-1,97,2025-12,
1715507,TO,ano_2025,35,18,17,60,2025-12,
1715705,TO,ano_2025,380,256,124,580,2025-12,
1715754,TO,ano_2025,396,363,33,755,2025-12,
1716109,TO,ano_2025,6414,5953,461,9977,2025-12,
1716208,TO,ano_2025,320,317,3,532,2025-12,
1716307,TO,ano_2025,150,123,27,270,2025-12,
1716505,TO,ano_2025,1215,1179,36,2361,2025-12,
1716604,TO,ano_2025,443,425,18,963,2025-12,
1716653,TO,ano_2025,70,73,-3,197,2025-12,
1716703,TO,ano_2025,281,270,11,610,2025-12,
1717008,TO,ano_2025,85,87,-2,130,2025-12,
1717206,TO,ano_2025,169,150,19,412,2025-12,
1717503,TO,ano_2025,746,695,51,832,2025-12,
1717800,TO,ano_2025,176,194,-18,186,2025-12,
1717909,TO,ano_2025,220,194,26,347,2025-12,
1718006,TO,ano_2025,29,31,-2,101,2025-12,
1718204,TO,ano_2025,6144,5737,407,10452,2025-12,
1718303,TO,ano_2025,29,14,15,61,2025-12,
1718402,TO,ano_2025,149,123,26,210,2025-12,
1718451,TO,ano_2025,117,91,26,175,2025-12,
1718501,TO,ano_2025,102,110,-8,123,2025-12,
1718550,TO,ano_2025,74,80,-6,110,2025-12,
1718659,TO,ano_2025,214,260,-46,219,2025-12,
1718709,TO,ano_2025,80,71,9,142,2025-12,
1718758,TO,ano_2025,126,119,7,228,2025-12,
1718808,TO,ano_2025,9,12,-3,30,2025-12,
1718840,TO,ano_2025,226,216,10,557,2025-12,
1718865,TO,ano_2025,368,353,15,640,2025-12,
1718881,TO,ano_2025,63,70,-7,137,2025-12,
1718899,TO,ano_2025,166,219,-53,317,2025-12,
1718907,TO,ano_2025,263,195,68,472,2025-12,
1719004,TO,ano_2025,66,33,33,84,2025-12,
1720002,TO,ano_2025,24,24,0,37,2025-12,
1720101,TO,ano_2025,143,94,49,320,2025-12,
1720150,TO,ano_2025,332,255,77,215,2025-12,
1720200,TO,ano_2025,81,56,25,241,2025-12,
1720259,TO,ano_2025,49,37,12,129,2025-12,
1720309,TO,ano_2025,45,37,8,112,2025-12,
1720499,TO,ano_2025,142,136,6,287,2025-12,
1720655,TO,ano_2025,268,243,25,623,2025-12,
1720804,TO,ano_2025,89,100,-11,273,2025-12,
1720853,TO,ano_2025,99,88,11,202,2025-12,
1720903,TO,ano_2025,477,469,8,922,2025-12,
1720937,TO,ano_2025,37,39,-2,51,2025-12,
1720978,TO,ano_2025,249,245,4,362,2025-12,
1721000,TO,ano_2025,55172,53839,1333,79874,2025-12,
1721109,TO,ano_2025,107,94,13,172,2025-12,
1721208,TO,ano_2025,1185,972,213,2250,2025-12,
1721257,TO,ano_2025,305,289,16,104,2025-12,
1721307,TO,ano_2025,34,24,10,80,2025-12,
1722081,TO,ano_2025,325,295,30,593,2025-12,
1722107,TO,ano_2025,647,685,-38,1178,2025-12,
2100055,MA,ano_2025,9471,9992,-521,17217,2025-12,
2100105,MA,ano_2025,158,218,-60,226,2025-12,
2100154,MA,ano_2025,136,95,41,89,2025-12,
2100204,MA,ano_2025,24,24,0,86,2025-12,
2100303,MA,ano_2025,1186,1363,-177,649,2025-12,
2100402,MA,ano_2025,34,50,-16,141,2025-12,
2100436,MA,ano_2025,264,308,-44,702,2025-12,
2100477,MA,ano_2025,341,223,118,495,2025-12,
2100501,MA,ano_2025,740,792,-52,940,2025-12,
2100550,MA,ano_2025,31,53,-22,94,2025-12,
2100600,MA,ano_2025,197,190,7,619,2025-12,
2100709,MA,ano_2025,106,78,28,383,2025-12,
2100808,MA,ano_2025,311,310,1,445,2025-12,
2100832,MA,ano_2025,16,14,2,93,2025-12,
2100873,MA,ano_2025,14,7,7,39,2025-12,
2100907,MA,ano_2025,224,153,71,411,2025-12,
2100956,MA,ano_2025,1121,1077,44,261,2025-12,
2101004,MA,ano_2025,282,289,-7,749,2025-12,
2101103,MA,ano_2025,48,40,8,142,2025-12,
2101202,MA,ano_2025,5379,3920,1459,11071,2025-12,
2101251,MA,ano_2025,522,309,213,1676,2025-12,
2101301,MA,ano_2025,44,26,18,82,2025-12,
2101350,MA,ano_2025,72,9,63,11,2025-12,
2101400,MA,ano_2025,15585,14818,767,23723,2025-12,
2101509,MA,ano_2025,481,445,36,1516,2025-12,
2101608,MA,ano_2025,2212,1734,478,4513,2025-12,
2101707,MA,ano_2025,1751,1463,288,3648,2025-12,
2101731,MA,ano_2025,18,11,7,69,2025-12,
2101772,MA,ano_2025,138,103,35,397,2025-12,
2101806,MA,ano_2025,42,75,-33,112,2025-12,
2101905,MA,ano_2025,79,71,8,175,2025-12,
2101939,MA,ano_2025,198,289,-91,191,2025-12,
2101970,MA,ano_2025,39,17,22,99,2025-12,
2102002,MA,ano_2025,219,192,27,569,2025-12,
2102036,MA,ano_2025,457,563,-106,797,2025-12,
2102077,MA,ano_2025,41,25,16,130,2025-12,
2102101,MA,ano_2025,320,266,54,834,2025-12,
2102150,MA,ano_2025,6,8,-2,20,2025-12,
2102200,MA,ano_2025,158,151,7,392,2025-12,
2102309,MA,ano_2025,272,300,-28,353,2025-12,
2102325,MA,ano_2025,870,742,128,1966,2025-12,
2102358,MA,ano_2025,28,31,-3,115,2025-12,
2102374,MA,ano_2025,6,2,4,40,2025-12,
2102408,MA,ano_2025,4,1,3,25,2025-12,
2102507,MA,ano_2025,4,11,-7,37,2025-12,
2102556,MA,ano_2025,731,778,-47,1069,2025-12,
2102606,MA,ano_2025,104,131,-27,185,2025-12,
2102705,MA,ano_2025,64,42,22,168,2025-12,
2102754,MA,ano_2025,70,73,-3,245,2025-12,
2102804,MA,ano_2025,1086,929,157,2467,2025-12,
2102903,MA,ano_2025,228,175,53,481,2025-12,
2103000,MA,ano_2025,3938,3544,394,11066,2025-12,
2103109,MA,ano_2025,25,29,-4,42,2025-12,
2103125,MA,ano_2025,0,0,0,5,2025-12,
2103158,MA,ano_2025,15,11,4,52,2025-12,
2103174,MA,ano_2025,80,65,15,161,2025-12,
2103208,MA,ano_2025,1523,1348,175,3631,2025-12,
2103257,MA,ano_2025,338,302,36,563,2025-12,
2103307,MA,ano_2025,2704,2413,291,7637,2025-12,
2103406,MA,ano_2025,342,316,26,1408,2025-12,
2103505,MA,ano_2025,1569,1107,462,2947,2025-12,
2103554,MA,ano_2025,20,16,4,74,2025-12,
2103604,MA,ano_2025,714,600,114,1805,2025-12,
2103703,MA,ano_2025,198,177,21,695,2025-12,
2103752,MA,ano_2025,950,769,181,2229,2025-12,
2103802,MA,ano_2025,264,265,-1,828,2025-12,
2103901,MA,ano_2025,45,25,20,118,2025-12,
2104008,MA,ano_2025,84,77,7,232,2025-12,
2104057,MA,ano_2025,1413,1097,316,2740,2025-12,
2104073,MA,ano_2025,33,24,9,107,2025-12,
2104081,MA,ano_2025,42,55,-13,93,2025-12,
2104099,MA,ano_2025,133,133,0,272,2025-12,
2104107,MA,ano_2025,269,308,-39,628,2025-12,
2104206,MA,ano_2025,50,42,8,139,2025-12,
2104305,MA,ano_2025,276,233,43,1007,2025-12,
2104404,MA,ano_2025,61,114,-53,224,2025-12,
2104503,MA,ano_2025,91,69,22,158,2025-12,
2104552,MA,ano_2025,1007,1291,-284,2072,2025-12,
2104602,MA,ano_2025,94,94,0,178,2025-12,
2104628,MA,ano_2025,128,58,70,155,2025-12,
2104651,MA,ano_2025,18,8,10,59,2025-12,
2104677,MA,ano_2025,202,188,14,398,2025-12,
2104701,MA,ano_2025,13,12,1,30,2025-12,
2104800,MA,ano_2025,3388,3201,187,5257,2025-12,
2104909,MA,ano_2025,50,22,28,168,2025-12,
2105005,MA,ano_2025,86,46,40,219,2025-12,
2105104,MA,ano_2025,60,20,40,150,2025-12,
2105153,MA,ano_2025,227,237,-10,899,2025-12,
2105203,MA,ano_2025,50,47,3,198,2025-12,
2105302,MA,ano_2025,29677,28380,1297,60214,2025-12,
2105351,MA,ano_2025,175,96,79,154,2025-12,
2105401,MA,ano_2025,1449,1253,196,3502,2025-12,
2105427,MA,ano_2025,979,1081,-102,2037,2025-12,
2105450,MA,ano_2025,41,45,-4,19,2025-12,
2105476,MA,ano_2025,7,9,-2,73,2025-12,
2105500,MA,ano_2025,435,455,-20,866,2025-12,
2105609,MA,ano_2025,43,35,8,136,2025-12,
2105658,MA,ano_2025,9,8,1,20,2025-12,
2105708,MA,ano_2025,908,765,143,1870,2025-12,
2105807,MA,ano_2025,57,45,12,71,2025-12,
2105906,MA,ano_2025,29,23,6,113,2025-12,
2105922,MA,ano_2025,67,81,-14,131,2025-12,
2105948,MA,ano_2025,97,89,8,151,2025-12,
2105963,MA,ano_2025,19,26,-7,58,2025-12,
2105989,MA,ano_2025,58,70,-12,168,2025-12,
2106003,MA,ano_2025,140,122,18,228,2025-12,
2106102,MA,ano_2025,482,494,-12,1170,2025-12,
2106201,MA,ano_2025,9,4,5,27,2025-12,
2106300,MA,ano_2025,198,187,11,269,2025-12,
2106326,MA,ano_2025,166,194,-28,472,2025-12,
2106359,MA,ano_2025,18,12,6,18,2025-12,
2106375,MA,ano_2025,10,12,-2,45,2025-12,
2106409,MA,ano_2025,106,99,7,230,2025-12,
2106508,MA,ano_2025,119,92,27,357,2025-12,
2106607,MA,ano_2025,155,115,40,388,2025-12,
2106631,MA,ano_2025,44,32,12,73,2025-12,
2106672,MA,ano_2025,12,5,7,28,2025-12,
2106706,MA,ano_2025,368,354,14,767,2025-12,
2106755,MA,ano_2025,541,415,126,1070,2025-12,
2106805,MA,ano_2025,28,48,-20,155,2025-12,
2106904,MA,ano_2025,60,58,2,172,2025-12,
2107001,MA,ano_2025,30,34,-4,125,2025-12,
2107100,MA,ano_2025,81,92,-11,274,2025-12,
2107209,MA,ano_2025,370,323,47,458,2025-12,
2107258,MA,ano_2025,33,27,6,100,2025-12,
2107308,MA,ano_2025,56,53,3,99,2025-12,
2107357,MA,ano_2025,45,32,13,132,2025-12,
2107407,MA,ano_2025,115,82,33,298,2025-12,
2107456,MA,ano_2025,7,14,-7,54,2025-12,
2107506,MA,ano_2025,4296,4188,108,8561,2025-12,
2107605,MA,ano_2025,53,33,20,124,2025-12,
2107704,MA,ano_2025,375,294,81,417,2025-12,
2107803,MA,ano_2025,452,398,54,987,2025-12,
2107902,MA,ano_2025,476,487,-11,707,2025-12,
2108009,MA,ano_2025,497,469,28,812,2025-12,
2108058,MA,ano_2025,93,32,61,227,2025-12,
2108108,MA,ano_2025,113,109,4,289,2025-12,
2108207,MA,ano_2025,1691,1335,356,4287,2025-12,
2108256,MA,ano_2025,21,17,4,67,2025-12,
2108306,MA,ano_2025,92,84,8,282,2025-12,
2108405,MA,ano_2025,85,81,4,117,2025-12,
2108454,MA,ano_2025,308,242,66,591,2025-12,
2108504,MA,ano_2025,529,337,192,1170,2025-12,
2108603,MA,ano_2025,1797,1449,348,4763,2025-12,
2108702,MA,ano_2025,59,69,-10,181,2025-12,
2108801,MA,ano_2025,34,17,17,115,2025-12,
2108900,MA,ano_2025,95,54,41,162,2025-12,
2109007,MA,ano_2025,1505,1134,371,2257,2025-12,
2109056,MA,ano_2025,5,0,5,20,2025-12,
2109106,MA,ano_2025,2735,2763,-28,5084,2025-12,
2109205,MA,ano_2025,37,20,17,88,2025-12,
2109239,MA,ano_2025,9,11,-2,29,2025-12,
2109270,MA,ano_2025,21,23,-2,80,2025-12,
2109304,MA,ano_2025,35,4,31,43,2025-12,
2109403,MA,ano_2025,14,24,-10,67,2025-12,
2109452,MA,ano_2025,677,618,59,1481,2025-12,
2109502,MA,ano_2025,680,619,61,1315,2025-12,
2109551,MA,ano_2025,133,115,18,257,2025-12,
2109601,MA,ano_2025,970,871,99,2090,2025-12,
2109700,MA,ano_2025,314,336,-22,713,2025-12,
2109759,MA,ano_2025,4,5,-1,21,2025-12,
2109809,MA,ano_2025,333,217,116,732,2025-12,
2109908,MA,ano_2025,3858,3368,490,8657,2025-12,
2110005,MA,ano_2025,687,704,-17,1594,2025-12,
2110039,MA,ano_2025,1193,780,413,1516,2025-12,
2110104,MA,ano_2025,258,209,49,439,2025-12,
2110203,MA,ano_2025,438,469,-31,1598,2025-12,
2110237,MA,ano_2025,22,17,5,79,2025-12,
2110278,MA,ano_2025,181,94,87,328,2025-12,
2110302,MA,ano_2025,596,469,127,1177,2025-12,
2110401,MA,ano_2025,348,328,20,297,2025-12,
2110500,MA,ano_2025,301,214,87,816,2025-12,
2110609,MA,ano_2025,379,277,102,817,2025-12,
2110658,MA,ano_2025,264,166,98,550,2025-12,
2110708,MA,ano_2025,560,447,113,1070,2025-12,
2110807,MA,ano_2025,91,82,9,186,2025-12,
2110856,MA,ano_2025,84,116,-32,234,2025-12,
2110906,MA,ano_2025,64,45,19,85,2025-12,
2111003,MA,ano_2025,20,21,-1,79,2025-12,
2111029,MA,ano_2025,31,25,6,75,2025-12,
2111052,MA,ano_2025,44,56,-12,192,2025-12,
2111078,MA,ano_2025,71,73,-2,123,2025-12,
2111102,MA,ano_2025,1175,1088,87,1694,2025-12,
2111201,MA,ano_2025,7568,7260,308,16897,2025-12,
2111250,MA,ano_2025,29,25,4,63,2025-12,
2111300,MA,ano_2025,137080,117156,19924,315518,2025-12,
2111409,MA,ano_2025,43,41,2,176,2025-12,
2111508,MA,ano_2025,811,644,167,1368,2025-12,
2111532,MA,ano_2025,249,257,-8,397,2025-12,
2111573,MA,ano_2025,48,34,14,87,2025-12,
2111607,MA,ano_2025,1325,1331,-6,2175,2025-12,
2111631,MA,ano_2025,18,4,14,36,2025-12,
2111672,MA,ano_2025,15,7,8,28,2025-12,
2111706,MA,ano_2025,47,36,11,126,2025-12,
2111722,MA,ano_2025,23,24,-1,95,2025-12,
2111748,MA,ano_2025,75,105,-30,174,2025-12,
2111763,MA,ano_2025,254,166,88,339,2025-12,
2111789,MA,ano_2025,6,4,2,36,2025-12,
2111805,MA,ano_2025,219,176,43,354,2025-12,
2111904,MA,ano_2025,133,115,18,392,2025-12,
2111953,MA,ano_2025,43,39,4,61,2025-12,
2112001,MA,ano_2025,1278,1305,-27,1558,2025-12,
2112100,MA,ano_2025,102,96,6,373,2025-12,
2112209,MA,ano_2025,7002,6070,932,13838,2025-12,
2112233,MA,ano_2025,336,293,43,741,2025-12,
2112274,MA,ano_2025,44,1,43,57,2025-12,
2112308,MA,ano_2025,284,284,0,734,2025-12,
2112407,MA,ano_2025,68,71,-3,193,2025-12,
2112456,MA,ano_2025,55,33,22,102,2025-12,
2112506,MA,ano_2025,785,663,122,1847,2025-12,
2112605,MA,ano_2025,655,543,112,1647,2025-12,
2112704,MA,ano_2025,439,418,21,1287,2025-12,
2112803,MA,ano_2025,558,510,48,1404,2025-12,
2112852,MA,ano_2025,274,301,-27,621,2025-12,
2112902,MA,ano_2025,194,160,34,568,2025-12,
2113009,MA,ano_2025,280,223,57,739,2025-12,
2114007,MA,ano_2025,553,513,40,1362,2025-12,
2200053,PI,ano_2025,39,36,3,108,2025-12,
2200103,PI,ano_2025,29,26,3,94,2025-12,
2200202,PI,ano_2025,710,541,169,1739,2025-12,
2200251,PI,ano_2025,38,23,15,58,2025-12,
2200277,PI,ano_2025,33,11,22,43,2025-12,
2200301,PI,ano_2025,141,124,17,421,2025-12,
2200400,PI,ano_2025,1857,1350,507,3529,2025-12,
2200459,PI,ano_2025,62,47,15,90,2025-12,
2200509,PI,ano_2025,270,259,11,530,2025-12,
2200608,PI,ano_2025,90,54,36,245,2025-12,
2200707,PI,ano_2025,102,79,23,210,2025-12,
2200806,PI,ano_2025,163,148,15,331,2025-12,
2200905,PI,ano_2025,38,84,-46,85,2025-12,
2200954,PI,ano_2025,20,12,8,70,2025-12,
2201002,PI,ano_2025,13,14,-1,45,2025-12,
2201051,PI,ano_2025,25,37,-12,35,2025-12,
2201101,PI,ano_2025,31,39,-8,90,2025-12,
2201150,PI,ano_2025,2845,2657,188,3428,2025-12,
2201176,PI,ano_2025,30,29,1,40,2025-12,
2201200,PI,ano_2025,530,470,60,1481,2025-12,
2201309,PI,ano_2025,137,116,21,162,2025-12,
2201408,PI,ano_2025,235,181,54,257,2025-12,
2201507,PI,ano_2025,345,186,159,641,2025-12,
2201556,PI,ano_2025,4,4,0,40,2025-12,
2201572,PI,ano_2025,51,49,2,111,2025-12,
2201606,PI,ano_2025,114,62,52,215,2025-12,
2201705,PI,ano_2025,39,47,-8,111,2025-12,
2201739,PI,ano_2025,134,118,16,104,2025-12,
2201770,PI,ano_2025,24,18,6,57,2025-12,
2201804,PI,ano_2025,9,7,2,37,2025-12,
2201903,PI,ano_2025,2858,2294,564,4616,2025-12,
2201919,PI,ano_2025,18,15,3,62,2025-12,
2201929,PI,ano_2025,15,13,2,63,2025-12,
2201945,PI,ano_2025,7,8,-1,34,2025-12,
2201960,PI,ano_2025,41,39,2,99,2025-12,
2201988,PI,ano_2025,15,13,2,51,2025-12,
2202000,PI,ano_2025,342,318,24,790,2025-12,
2202026,PI,ano_2025,39,25,14,91,2025-12,
2202059,PI,ano_2025,62,39,23,146,2025-12,
2202075,PI,ano_2025,15,11,4,39,2025-12,
2202083,PI,ano_2025,629,595,34,1178,2025-12,
2202091,PI,ano_2025,7,15,-8,25,2025-12,
2202109,PI,ano_2025,6,7,-1,42,2025-12,
2202117,PI,ano_2025,35,24,11,56,2025-12,
2202133,PI,ano_2025,74,36,38,102,2025-12,
2202174,PI,ano_2025,11,4,7,37,2025-12,
2202208,PI,ano_2025,1531,1319,212,4288,2025-12,
2202251,PI,ano_2025,8,11,-3,38,2025-12,
2202307,PI,ano_2025,573,1007,-434,1391,2025-12,
2202406,PI,ano_2025,115,94,21,235,2025-12,
2202455,PI,ano_2025,128,186,-58,429,2025-12,
2202505,PI,ano_2025,90,52,38,195,2025-12,
2202539,PI,ano_2025,37,27,10,72,2025-12,
2202554,PI,ano_2025,14,37,-23,34,2025-12,
2202604,PI,ano_2025,189,176,13,557,2025-12,
2202653,PI,ano_2025,32,26,6,47,2025-12,
2202703,PI,ano_2025,439,304,135,702,2025-12,
2202711,PI,ano_2025,52,41,11,105,2025-12,
2202729,PI,ano_2025,15,8,7,27,2025-12,
2202737,PI,ano_2025,47,56,-9,57,2025-12,
2202752,PI,ano_2025,170,141,29,186,2025-12,
2202778,PI,ano_2025,115,29,86,173,2025-12,
2202802,PI,ano_2025,25,36,-11,22,2025-12,
2202851,PI,ano_2025,106,71,35,205,2025-12,
2202901,PI,ano_2025,992,870,122,2287,2025-12,
2203008,PI,ano_2025,55,26,29,99,2025-12,
2203107,PI,ano_2025,667,836,-169,526,2025-12,
2203206,PI,ano_2025,108,115,-7,360,2025-12,
2203230,PI,ano_2025,379,307,72,528,2025-12,
2203255,PI,ano_2025,20,66,-46,83,2025-12,
2203271,PI,ano_2025,50,16,34,82,2025-12,
2203305,PI,ano_2025,495,342,153,1022,2025-12,
2203354,PI,ano_2025,38,48,-10,105,2025-12,
2203404,PI,ano_2025,46,40,6,198,2025-12,
2203420,PI,ano_2025,26,9,17,19,2025-12,
2203453,PI,ano_2025,28,28,0,105,2025-12,
2203503,PI,ano_2025,264,305,-41,759,2025-12,
2203602,PI,ano_2025,61,56,5,127,2025-12,
2203701,PI,ano_2025,824,754,70,2014,2025-12,
2203750,PI,ano_2025,10,12,-2,31,2025-12,
2203800,PI,ano_2025,16,9,7,46,2025-12,
2203859,PI,ano_2025,6,1,5,19,2025-12,
2203909,PI,ano_2025,4441,3856,585,10914,2025-12,
2204006,PI,ano_2025,21,11,10,77,2025-12,
2204105,PI,ano_2025,6,10,-4,29,2025-12,
2204154,PI,ano_2025,9,9,0,11,2025-12,
2204204,PI,ano_2025,30,15,15,92,2025-12,
2204303,PI,ano_2025,166,115,51,439,2025-12,
2204352,PI,ano_2025,67,47,20,83,2025-12,
2204402,PI,ano_2025,437,389,48,574,2025-12,
2204501,PI,ano_2025,388,305,83,766,2025-12,
2204550,PI,ano_2025,1,4,-3,42,2025-12,
2204600,PI,ano_2025,15,12,3,39,2025-12,
2204659,PI,ano_2025,125,142,-17,285,2025-12,
2204709,PI,ano_2025,165,174,-9,402,2025-12,
2204808,PI,ano_2025,33,23,10,153,2025-12,
2204907,PI,ano_2025,64,52,12,140,2025-12,
2205003,PI,ano_2025,71,76,-5,151,2025-12,
2205102,PI,ano_2025,220,180,40,310,2025-12,
2205151,PI,ano_2025,89,53,36,148,2025-12,
2205201,PI,ano_2025,151,136,15,381,2025-12,
2205250,PI,ano_2025,9,17,-8,19,2025-12,
2205276,PI,ano_2025,13,7,6,32,2025-12,
2205300,PI,ano_2025,85,74,11,218,2025-12,
2205359,PI,ano_2025,16,18,-2,51,2025-12,
2205409,PI,ano_2025,113,89,24,252,2025-12,
2205458,PI,ano_2025,1,0,1,12,2025-12,
2205508,PI,ano_2025,827,618,209,1818,2025-12,
2205516,PI,ano_2025,22,24,-2,78,2025-12,
2205524,PI,ano_2025,29,21,8,48,2025-12,
2205532,PI,ano_2025,12,10,2,73,2025-12,
2205540,PI,ano_2025,14,15,-1,69,2025-12,
2205557,PI,ano_2025,54,48,6,129,2025-12,
2205565,PI,ano_2025,341,116,225,572,2025-12,
2205573,PI,ano_2025,13,9,4,32,2025-12,
2205581,PI,ano_2025,160,87,73,326,2025-12,
2205599,PI,ano_2025,1,3,-2,28,2025-12,
2205607,PI,ano_2025,33,33,0,84,2025-12,
2205706,PI,ano_2025,623,664,-41,1620,2025-12,
2205805,PI,ano_2025,194,222,-28,559,2025-12,
2205854,PI,ano_2025,5,9,-4,23,2025-12,
2205904,PI,ano_2025,73,93,-20,139,2025-12,
2205953,PI,ano_2025,145,136,9,367,2025-12,
2206001,PI,ano_2025,38,41,-3,106,2025-12,
2206050,PI,ano_2025,11,12,-1,24,2025-12,
2206100,PI,ano_2025,43,46,-3,132,2025-12,
2206209,PI,ano_2025,188,155,33,534,2025-12,
2206308,PI,ano_2025,44,79,-35,195,2025-12,
2206357,PI,ano_2025,3,5,-2,15,2025-12,
2206407,PI,ano_2025,97,86,11,428,2025-12,
2206506,PI,ano_2025,11,20,-9,40,2025-12,
2206605,PI,ano_2025,467,438,29,764,2025-12,
2206654,PI,ano_2025,20,34,-14,61,2025-12,
2206670,PI,ano_2025,12,11,1,37,2025-12,
2206696,PI,ano_2025,18,29,-11,47,2025-12,
2206704,PI,ano_2025,131,124,7,204,2025-12,
2206720,PI,ano_2025,281,271,10,644,2025-12,
2206753,PI,ano_2025,43,36,7,31,2025-12,
2206803,PI,ano_2025,26,29,-3,61,2025-12,
2206902,PI,ano_2025,17,12,5,65,2025-12,
2206951,PI,ano_2025,4,7,-3,26,2025-12,
2207009,PI,ano_2025,1556,1440,116,3246,2025-12,
2207108,PI,ano_2025,5,10,-5,96,2025-12,
2207207,PI,ano_2025,28,28,0,94,2025-12,
2207306,PI,ano_2025,34,15,19,68,2025-12,
2207355,PI,ano_2025,724,145,579,74,2025-12,
2207405,PI,ano_2025,215,204,11,226,2025-12,
2207504,PI,ano_2025,128,91,37,210,2025-12,
2207553,PI,ano_2025,6,5,1,26,2025-12,
2207603,PI,ano_2025,87,65,22,242,2025-12,
2207702,PI,ano_2025,9247,8151,1096,23713,2025-12,
2207751,PI,ano_2025,34,4,30,61,2025-12,
2207777,PI,ano_2025,132,63,69,125,2025-12,
2207793,PI,ano_2025,12,2,10,19,2025-12,
2207801,PI,ano_2025,495,384,111,1133,2025-12,
2207850,PI,ano_2025,8,4,4,50,2025-12,
2207900,PI,ano_2025,675,482,193,1449,2025-12,
2207934,PI,ano_2025,25,18,7,33,2025-12,
2207959,PI,ano_2025,4,7,-3,16,2025-12,
2208007,PI,ano_2025,6434,4811,1623,15010,2025-12,
2208106,PI,ano_2025,58,36,22,130,2025-12,
2208205,PI,ano_2025,124,105,19,306,2025-12,
2208304,PI,ano_2025,671,654,17,1457,2025-12,
2208403,PI,ano_2025,3184,2119,1065,6290,2025-12,
2208502,PI,ano_2025,60,66,-6,180,2025-12,
2208551,PI,ano_2025,27,32,-5,36,2025-12,
2208601,PI,ano_2025,10,15,-5,38,2025-12,
2208650,PI,ano_2025,100,111,-11,271,2025-12,
2208700,PI,ano_2025,72,72,0,133,2025-12,
2208809,PI,ano_2025,574,441,133,1082,2025-12,
2208858,PI,ano_2025,28,18,10,51,2025-12,
2208874,PI,ano_2025,34,110,-76,83,2025-12,
2208908,PI,ano_2025,729,573,156,654,2025-12,
2209005,PI,ano_2025,19,20,-1,78,2025-12,
2209104,PI,ano_2025,48,36,12,110,2025-12,
2209153,PI,ano_2025,9,6,3,54,2025-12,
2209203,PI,ano_2025,939,849,90,1055,2025-12,
2209302,PI,ano_2025,367,111,256,229,2025-12,
2209351,PI,ano_2025,5,1,4,21,2025-12,
2209377,PI,ano_2025,14,28,-14,80,2025-12,
2209401,PI,ano_2025,102,58,44,287,2025-12,
2209450,PI,ano_2025,1,1,0,1,2025-12,
2209500,PI,ano_2025,19,21,-2,81,2025-12,
2209559,PI,ano_2025,18,21,-3,46,2025-12,
2209609,PI,ano_2025,6,9,-3,33,2025-12,
2209658,PI,ano_2025,15,25,-10,76,2025-12,
2209708,PI,ano_2025,24,20,4,51,2025-12,
2209757,PI,ano_2025,40,27,13,109,2025-12,
2209807,PI,ano_2025,48,59,-11,139,2025-12,
2209856,PI,ano_2025,4,6,-2,27,2025-12,
2209872,PI,ano_2025,25,14,11,62,2025-12,
2209906,PI,ano_2025,15,9,6,80,2025-12,
2209955,PI,ano_2025,12,8,4,23,2025-12,
2209971,PI,ano_2025,25,26,-1,81,2025-12,
2210003,PI,ano_2025,757,531,226,1461,2025-12,
2210052,PI,ano_2025,39,45,-6,92,2025-12,
2210102,PI,ano_2025,27,34,-7,67,2025-12,
2210201,PI,ano_2025,33,16,17,115,2025-12,
2210300,PI,ano_2025,13,18,-5,68,2025-12,
2210359,PI,ano_2025,9,6,3,33,2025-12,
2210375,PI,ano_2025,13,6,7,3,2025-12,
2210383,PI,ano_2025,1,7,-6,10,2025-12,
2210391,PI,ano_2025,3,1,2,12,2025-12,
2210409,PI,ano_2025,111,80,31,263,2025-12,
2210508,PI,ano_2025,138,171,-33,340,2025-12,
2210607,PI,ano_2025,2298,1602,696,3848,2025-12,
2210623,PI,ano_2025,31,42,-11,69,2025-12,
2210631,PI,ano_2025,437,404,33,1018,2025-12,
2210656,PI,ano_2025,20,12,8,46,2025-12,
2210706,PI,ano_2025,149,189,-40,365,2025-12,
2210805,PI,ano_2025,179,165,14,568,2025-12,
2210904,PI,ano_2025,44,39,5,58,2025-12,
2210938,PI,ano_2025,124,70,54,188,2025-12,
2210953,PI,ano_2025,9,4,5,18,2025-12,
2210979,PI,ano_2025,6,2,4,33,2025-12,
2211001,PI,ano_2025,98187,89030,9157,224466,2025-12,
2211100,PI,ano_2025,3226,2862,364,4631,2025-12,
2211209,PI,ano_2025,3138,2855,283,5095,2025-12,
2211308,PI,ano_2025,801,552,249,1921,2025-12,
2211357,PI,ano_2025,6,7,-1,18,2025-12,
2211407,PI,ano_2025,11,13,-2,54,2025-12,
2211506,PI,ano_2025,17,8,9,29,2025-12,
2211605,PI,ano_2025,41,24,17,63,2025-12,
2211704,PI,ano_2025,13,6,7,22,2025-12,
2300101,CE,ano_2025,71,51,20,122,2025-12,
2300150,CE,ano_2025,428,378,50,1025,2025-12,
2300200,CE,ano_2025,1415,1286,129,3515,2025-12,
2300309,CE,ano_2025,436,464,-28,1433,2025-12,
2300408,CE,ano_2025,62,35,27,106,2025-12,
2300507,CE,ano_2025,66,41,25,130,2025-12,
2300606,CE,ano_2025,29,24,5,55,2025-12,
2300705,CE,ano_2025,133,136,-3,570,2025-12,
2300754,CE,ano_2025,1043,1025,18,2046,2025-12,
2300804,CE,ano_2025,58,120,-62,147,2025-12,
2300903,CE,ano_2025,194,95,99,291,2025-12,
2301000,CE,ano_2025,11110,10525,585,20126,2025-12,
2301109,CE,ano_2025,3633,3547,86,9160,2025-12,
2301208,CE,ano_2025,529,527,2,983,2025-12,
2301257,CE,ano_2025,82,71,11,144,2025-12,
2301307,CE,ano_2025,172,111,61,250,2025-12,
2301406,CE,ano_2025,130,120,10,255,2025-12,
2301505,CE,ano_2025,10,8,2,29,2025-12,
2301604,CE,ano_2025,216,165,51,494,2025-12,
2301703,CE,ano_2025,106,93,13,432,2025-12,
2301802,CE,ano_2025,11,9,2,16,2025-12,
2301851,CE,ano_2025,650,282,368,882,2025-12,
2301901,CE,ano_2025,4277,4042,235,11348,2025-12,
2301950,CE,ano_2025,297,315,-18,568,2025-12,
2302008,CE,ano_2025,246,129,117,513,2025-12,
2302057,CE,ano_2025,118,75,43,269,2025-12,
2302107,CE,ano_2025,967,821,146,2452,2025-12,
2302206,CE,ano_2025,2229,1820,409,5606,2025-12,
2302305,CE,ano_2025,228,230,-2,715,2025-12,
2302404,CE,ano_2025,635,644,-9,1494,2025-12,
2302503,CE,ano_2025,2960,2874,86,6970,2025-12,
2302602,CE,ano_2025,1561,1629,-68,4664,2025-12,
2302701,CE,ano_2025,374,383,-9,1423,2025-12,
2302800,CE,ano_2025,2709,2301,408,5843,2025-12,
2302909,CE,ano_2025,150,90,60,247,2025-12,
2303006,CE,ano_2025,554,221,333,930,2025-12,
2303105,CE,ano_2025,87,101,-14,372,2025-12,
2303204,CE,ano_2025,107,88,19,276,2025-12,
2303303,CE,ano_2025,98,86,12,282,2025-12,
2303402,CE,ano_2025,129,112,17,1157,2025-12,
2303501,CE,ano_2025,3369,3222,147,7582,2025-12,
2303600,CE,ano_2025,31,26,5,102,2025-12,
2303659,CE,ano_2025,37,32,5,114,2025-12,
2303709,CE,ano_2025,22700,19607,3093,41467,2025-12,
2303808,CE,ano_2025,220,165,55,696,2025-12,
2303907,CE,ano_2025,35,44,-9,145,2025-12,
2303931,CE,ano_2025,16,16,0,49,2025-12,
2303956,CE,ano_2025,320,393,-73,966,2025-12,
2304004,CE,ano_2025,268,172,96,439,2025-12,
2304103,CE,ano_2025,2511,2053,458,6273,2025-12,
2304202,CE,ano_2025,6696,5945,751,16930,2025-12,
2304236,CE,ano_2025,118,86,32,796,2025-12,
2304251,CE,ano_2025,2041,2102,-61,2894,2025-12,
2304269,CE,ano_2025,63,59,4,132,2025-12,
2304277,CE,ano_2025,18,15,3,52,2025-12,
2304285,CE,ano_2025,24871,24680,191,45746,2025-12,
2304301,CE,ano_2025,140,100,40,290,2025-12,
2304350,CE,ano_2025,525,439,86,1276,2025-12,
2304400,CE,ano_2025,365264,346571,18693,722076,2025-12,
2304459,CE,ano_2025,559,656,-97,1458,2025-12,
2304509,CE,ano_2025,1152,1086,66,3221,2025-12,
2304608,CE,ano_2025,39,43,-4,134,2025-12,
2304657,CE,ano_2025,33,25,8,76,2025-12,
2304707,CE,ano_2025,821,625,196,1210,2025-12,
2304806,CE,ano_2025,4,9,-5,25,2025-12,
2304905,CE,ano_2025,238,173,65,550,2025-12,
2304954,CE,ano_2025,702,533,169,1502,2025-12,
2305001,CE,ano_2025,518,432,86,1396,2025-12,
2305100,CE,ano_2025,155,153,2,436,2025-12,
2305209,CE,ano_2025,232,115,117,423,2025-12,
2305233,CE,ano_2025,11566,8694,2872,24530,2025-12,
2305266,CE,ano_2025,48,84,-36,143,2025-12,
2305308,CE,ano_2025,196,191,5,594,2025-12,
2305332,CE,ano_2025,42,31,11,115,2025-12,
2305357,CE,ano_2025,2470,2282,188,3071,2025-12,
2305407,CE,ano_2025,1649,1343,306,2727,2025-12,
2305506,CE,ano_2025,5165,4722,443,12722,2025-12,
2305605,CE,ano_2025,377,187,190,614,2025-12,
2305654,CE,ano_2025,94,60,34,142,2025-12,
2305704,CE,ano_2025,917,361,556,1142,2025-12,
2305803,CE,ano_2025,863,739,124,2169,2025-12,
2305902,CE,ano_2025,196,161,35,440,2025-12,
2306009,CE,ano_2025,67,67,0,283,2025-12,
2306108,CE,ano_2025,357,289,68,775,2025-12,
2306207,CE,ano_2025,64,58,6,214,2025-12,
2306256,CE,ano_2025,6384,5218,1166,11714,2025-12,
2306306,CE,ano_2025,1901,1165,736,3985,2025-12,
2306405,CE,ano_2025,3472,3896,-424,11607,2025-12,
2306504,CE,ano_2025,83,54,29,169,2025-12,
2306553,CE,ano_2025,499,490,9,1535,2025-12,
2306603,CE,ano_2025,79,56,23,179,2025-12,
2306702,CE,ano_2025,186,119,67,413,2025-12,
2306801,CE,ano_2025,125,117,8,427,2025-12,
2306900,CE,ano_2025,1107,970,137,2766,2025-12,
2307007,CE,ano_2025,1203,1065,138,2627,2025-12,
2307106,CE,ano_2025,111,117,-6,357,2025-12,
2307205,CE,ano_2025,31,20,11,90,2025-12,
2307254,CE,ano_2025,2529,2290,239,4039,2025-12,
2307304,CE,ano_2025,26827,22950,3877,54987,2025-12,
2307403,CE,ano_2025,407,377,30,1048,2025-12,
2307502,CE,ano_2025,2178,408,1770,2759,2025-12,
2307601,CE,ano_2025,4550,4224,326,9524,2025-12,
2307635,CE,ano_2025,213,269,-56,615,2025-12,
2307650,CE,ano_2025,31375,29800,1575,62927,2025-12,
2307700,CE,ano_2025,4799,4528,271,11270,2025-12,
2307809,CE,ano_2025,1093,952,141,2452,2025-12,
2307908,CE,ano_2025,118,122,-4,86,2025-12,
2308005,CE,ano_2025,768,559,209,1296,2025-12,
2308104,CE,ano_2025,1008,1093,-85,2022,2025-12,
2308203,CE,ano_2025,112,96,16,293,2025-12,
2308302,CE,ano_2025,603,506,97,933,2025-12,
2308351,CE,ano_2025,85,52,33,289,2025-12,
2308377,CE,ano_2025,40,40,0,93,2025-12,
2308401,CE,ano_2025,753,683,70,3177,2025-12,
2308500,CE,ano_2025,676,552,124,1259,2025-12,
2308609,CE,ano_2025,113,137,-24,585,2025-12,
2308708,CE,ano_2025,4269,4096,173,8020,2025-12,
2308807,CE,ano_2025,51,41,10,76,2025-12,
2308906,CE,ano_2025,205,161,44,424,2025-12,
2309003,CE,ano_2025,59,49,10,230,2025-12,
2309102,CE,ano_2025,76,54,22,204,2025-12,
2309201,CE,ano_2025,272,290,-18,746,2025-12,
2309300,CE,ano_2025,812,534,278,1266,2025-12,
2309409,CE,ano_2025,614,511,103,630,2025-12,
2309458,CE,ano_2025,179,131,48,357,2025-12,
2309508,CE,ano_2025,215,132,83,363,2025-12,
2309607,CE,ano_2025,3316,3099,217,7079,2025-12,
2309706,CE,ano_2025,4576,4090,486,8171,2025-12,
2309805,CE,ano_2025,142,106,36,345,2025-12,
2309904,CE,ano_2025,23,15,8,57,2025-12,
2310001,CE,ano_2025,72,78,-6,236,2025-12,
2310100,CE,ano_2025,32,30,2,140,2025-12,
2310209,CE,ano_2025,1328,1139,189,2605,2025-12,
2310258,CE,ano_2025,1540,1264,276,3141,2025-12,
2310308,CE,ano_2025,89,95,-6,250,2025-12,
2310407,CE,ano_2025,45,50,-5,163,2025-12,
2310506,CE,ano_2025,397,349,48,735,2025-12,
2310605,CE,ano_2025,48,53,-5,179,2025-12,
2310704,CE,ano_2025,944,842,102,2279,2025-12,
2310803,CE,ano_2025,1004,1021,-17,4134,2025-12,
2310852,CE,ano_2025,653,696,-43,1304,2025-12,
2310902,CE,ano_2025,50,50,0,183,2025-12,
2310951,CE,ano_2025,21,19,2,53,2025-12,
2311009,CE,ano_2025,121,82,39,186,2025-12,
2311108,CE,ano_2025,381,314,67,612,2025-12,
2311207,CE,ano_2025,57,39,18,129,2025-12,
2311231,CE,ano_2025,3,8,-5,26,2025-12,
2311264,CE,ano_2025,106,118,-12,146,2025-12,
2311306,CE,ano_2025,3095,2587,508,7262,2025-12,
2311355,CE,ano_2025,139,107,32,313,2025-12,
2311405,CE,ano_2025,5714,5076,638,12144,2025-12,
2311504,CE,ano_2025,1549,1510,39,3065,2025-12,
2311603,CE,ano_2025,365,422,-57,1297,2025-12,
2311702,CE,ano_2025,212,157,55,399,2025-12,
2311801,CE,ano_2025,4980,5165,-185,10301,2025-12,
2311900,CE,ano_2025,50,42,8,160,2025-12,
2311959,CE,ano_2025,42,41,1,95,2025-12,
2312007,CE,ano_2025,311,173,138,622,2025-12,
2312106,CE,ano_2025,75,80,-5,220,2025-12,
2312205,CE,ano_2025,1178,1324,-146,3752,2025-12,
2312304,CE,ano_2025,1065,959,106,3216,2025-12,
2312403,CE,ano_2025,6419,6193,226,13196,2025-12,
2312502,CE,ano_2025,24,31,-7,76,2025-12,
2312601,CE,ano_2025,223,98,125,373,2025-12,
2312700,CE,ano_2025,650,848,-198,2079,2025-12,
2312809,CE,ano_2025,71,23,48,140,2025-12,
2312908,CE,ano_2025,15831,16635,-804,48887,2025-12,
2313005,CE,ano_2025,654,750,-96,1062,2025-12,
2313104,CE,ano_2025,957,844,113,1927,2025-12,
2313203,CE,ano_2025,89,76,13,230,2025-12,
2313252,CE,ano_2025,18,14,4,32,2025-12,
2313302,CE,ano_2025,2466,1760,706,4545,2025-12,
2313351,CE,ano_2025,105,81,24,540,2025-12,
2313401,CE,ano_2025,4748,3625,1123,9493,2025-12,
2313500,CE,ano_2025,1564,1450,114,2941,2025-12,
2313559,CE,ano_2025,180,101,79,344,2025-12,
2313609,CE,ano_2025,1540,1227,313,2545,2025-12,
2313708,CE,ano_2025,22,23,-1,58,2025-12,
2313757,CE,ano_2025,112,164,-52,401,2025-12,
2313807,CE,ano_2025,454,361,93,1567,2025-12,
2313906,CE,ano_2025,682,409,273,1101,2025-12,
2313955,CE,ano_2025,734,506,228,1243,2025-12,
2314003,CE,ano_2025,631,502,129,1999,2025-12,
2314102,CE,ano_2025,534,442,92,1534,2025-12,
2400109,RN,ano_2025,578,497,81,1109,2025-12,
2400208,RN,ano_2025,3269,4547,-1278,6969,2025-12,
2400307,RN,ano_2025,571,531,40,761,2025-12,
2400406,RN,ano_2025,6,4,2,35,2025-12,
2400505,RN,ano_2025,96,96,0,489,2025-12,
2400604,RN,ano_2025,11,19,-8,47,2025-12,
2400703,RN,ano_2025,1320,1212,108,1901,2025-12,
2400802,RN,ano_2025,409,307,102,794,2025-12,
2400901,RN,ano_2025,49,32,17,123,2025-12,
2401008,RN,ano_2025,2424,2002,422,3341,2025-12,
2401107,RN,ano_2025,1383,1293,90,3460,2025-12,
2401206,RN,ano_2025,1326,1297,29,1222,2025-12,
2401305,RN,ano_2025,97,33,64,159,2025-12,
2401404,RN,ano_2025,1562,1476,86,2814,2025-12,
2401453,RN,ano_2025,2575,2271,304,3995,2025-12,
2401503,RN,ano_2025,14,16,-2,54,2025-12,
2401602,RN,ano_2025,64,20,44,76,2025-12,
2401651,RN,ano_2025,54,31,23,90,2025-12,
2401701,RN,ano_2025,90,62,28,276,2025-12,
2401800,RN,ano_2025,224,240,-16,574,2025-12,
2401859,RN,ano_2025,165,101,64,388,2025-12,
2401909,RN,ano_2025,27,19,8,80,2025-12,
2402006,RN,ano_2025,4727,4352,375,10232,2025-12,
2402105,RN,ano_2025,38,33,5,109,2025-12,
2402204,RN,ano_2025,1075,942,133,2362,2025-12,
2402303,RN,ano_2025,716,440,276,1514,2025-12,
2402402,RN,ano_2025,447,380,67,1119,2025-12,
2402501,RN,ano_2025,219,164,55,432,2025-12,
2402600,RN,ano_2025,2450,2143,307,5442,2025-12,
2402709,RN,ano_2025,145,111,34,455,2025-12,
2402808,RN,ano_2025,13,3,10,45,2025-12,
2402907,RN,ano_2025,36,9,27,49,2025-12,
2403004,RN,ano_2025,281,244,37,691,2025-12,
2403103,RN,ano_2025,3189,3899,-710,6058,2025-12,
2403202,RN,ano_2025,51,41,10,94,2025-12,
2403251,RN,ano_2025,25690,23575,2115,50695,2025-12,
2403301,RN,ano_2025,33,19,14,109,2025-12,
2403400,RN,ano_2025,88,77,11,352,2025-12,
2403509,RN,ano_2025,725,896,-171,949,2025-12,
2403608,RN,ano_2025,3764,3218,546,5128,2025-12,
2403707,RN,ano_2025,85,57,28,122,2025-12,
2403756,RN,ano_2025,20,19,1,39,2025-12,
2403806,RN,ano_2025,228,250,-22,458,2025-12,
2403905,RN,ano_2025,3,2,1,20,2025-12,
2404002,RN,ano_2025,61,39,22,73,2025-12,
2404101,RN,ano_2025,334,293,41,606,2025-12,
2404200,RN,ano_2025,1597,1510,87,5103,2025-12,
2404309,RN,ano_2025,546,518,28,869,2025-12,
2404408,RN,ano_2025,344,298,46,1002,2025-12,
2404507,RN,ano_2025,412,409,3,1773,2025-12,
2404606,RN,ano_2025,93,135,-42,286,2025-12,
2404705,RN,ano_2025,1441,1176,265,1535,2025-12,
2404804,RN,ano_2025,11,5,6,41,2025-12,
2404853,RN,ano_2025,345,360,-15,1094,2025-12,
2404903,RN,ano_2025,89,70,19,150,2025-12,
2405009,RN,ano_2025,27,19,8,101,2025-12,
2405108,RN,ano_2025,503,473,30,687,2025-12,
2405207,RN,ano_2025,529,421,108,174,2025-12,
2405306,RN,ano_2025,40,30,10,75,2025-12,
2405405,RN,ano_2025,15,6,9,36,2025-12,
2405504,RN,ano_2025,20,11,9,59,2025-12,
2405603,RN,ano_2025,356,351,5,949,2025-12,
2405702,RN,ano_2025,670,574,96,1348,2025-12,
2405801,RN,ano_2025,1424,1331,93,3029,2025-12,
2405900,RN,ano_2025,189,148,41,255,2025-12,
2406007,RN,ano_2025,10,9,1,46,2025-12,
2406106,RN,ano_2025,1020,876,144,2313,2025-12,
2406155,RN,ano_2025,1,9,-8,20,2025-12,
2406205,RN,ano_2025,15,30,-15,80,2025-12,
2406304,RN,ano_2025,40,31,9,92,2025-12,
2406403,RN,ano_2025,44,43,1,88,2025-12,
2406502,RN,ano_2025,660,507,153,1194,2025-12,
2406601,RN,ano_2025,108,83,25,202,2025-12,
2406700,RN,ano_2025,553,582,-29,824,2025-12,
2406809,RN,ano_2025,19,21,-2,38,2025-12,
2406908,RN,ano_2025,358,395,-37,82,2025-12,
2407005,RN,ano_2025,14,12,2,92,2025-12,
2407104,RN,ano_2025,5907,4836,1071,12872,2025-12,
2407203,RN,ano_2025,1251,1357,-106,3216,2025-12,
2407252,RN,ano_2025,10,1,9,46,2025-12,
2407302,RN,ano_2025,33,12,21,83,2025-12,
2407401,RN,ano_2025,243,218,25,632,2025-12,
2407500,RN,ano_2025,216,132,84,545,2025-12,
2407609,RN,ano_2025,86,44,42,265,2025-12,
2407708,RN,ano_2025,128,99,29,366,2025-12,
2407807,RN,ano_2025,422,422,0,1066,2025-12,
2407906,RN,ano_2025,40,24,16,62,2025-12,
2408003,RN,ano_2025,38560,39967,-1407,73056,2025-12,
2408102,RN,ano_2025,106931,100007,6924,231257,2025-12,
2408201,RN,ano_2025,1158,1048,110,2271,2025-12,
2408300,RN,ano_2025,686,590,96,1953,2025-12,
2408409,RN,ano_2025,189,119,70,273,2025-12,
2408508,RN,ano_2025,120,99,21,245,2025-12,
2408607,RN,ano_2025,0,0,0,12,2025-12,
2408706,RN,ano_2025,13,4,9,35,2025-12,
2408805,RN,ano_2025,225,127,98,243,2025-12,
2408904,RN,ano_2025,1493,1354,139,3074,2025-12,
2408953,RN,ano_2025,171,187,-16,286,2025-12,
2409100,RN,ano_2025,160,154,6,515,2025-12,
2409209,RN,ano_2025,19,13,6,50,2025-12,
2409308,RN,ano_2025,309,154,155,533,2025-12,
2409332,RN,ano_2025,65,52,13,184,2025-12,
2409407,RN,ano_2025,1646,1540,106,4619,2025-12,
2409506,RN,ano_2025,14,22,-8,90,2025-12,
2409605,RN,ano_2025,3,3,0,14,2025-12,
2409704,RN,ano_2025,39,37,2,120,2025-12,
2409803,RN,ano_2025,255,237,18,517,2025-12,
2409902,RN,ano_2025,666,674,-8,1573,2025-12,
2410009,RN,ano_2025,17,3,14,61,2025-12,
2410108,RN,ano_2025,179,100,79,311,2025-12,
2410207,RN,ano_2025,123,71,52,295,2025-12,
2410256,RN,ano_2025,285,281,4,594,2025-12,
2410306,RN,ano_2025,550,208,342,525,2025-12,
2410405,RN,ano_2025,170,111,59,370,2025-12,
2410504,RN,ano_2025,38,24,14,89,2025-12,
2410603,RN,ano_2025,18,12,6,59,2025-12,
2410702,RN,ano_2025,1,4,-3,30,2025-12,
2410801,RN,ano_2025,7,4,3,16,2025-12,
2410900,RN,ano_2025,516,446,70,283,2025-12,
2411007,RN,ano_2025,15,10,5,69,2025-12,
2411056,RN,ano_2025,439,395,44,680,2025-12,
2411106,RN,ano_2025,3,1,2,14,2025-12,
2411205,RN,ano_2025,1536,1227,309,3200,2025-12,
2411403,RN,ano_2025,70,71,-1,264,2025-12,
2411429,RN,ano_2025,70,74,-4,228,2025-12,
2411502,RN,ano_2025,592,449,143,1345,2025-12,
2411601,RN,ano_2025,281,249,32,559,2025-12,
2411700,RN,ano_2025,15,9,6,46,2025-12,
2411809,RN,ano_2025,182,146,36,338,2025-12,
2411908,RN,ano_2025,23,35,-12,191,2025-12,
2412005,RN,ano_2025,8152,6353,1799,15936,2025-12,
2412104,RN,ano_2025,66,66,0,125,2025-12,
2412203,RN,ano_2025,3143,2865,278,7216,2025-12,
2412302,RN,ano_2025,117,77,40,212,2025-12,
2412401,RN,ano_2025,321,529,-208,699,2025-12,
2412500,RN,ano_2025,432,350,82,1037,2025-12,
2412559,RN,ano_2025,524,524,0,1069,2025-12,
2412609,RN,ano_2025,385,362,23,1022,2025-12,
2412708,RN,ano_2025,39,46,-7,113,2025-12,
2412807,RN,ano_2025,43,31,12,155,2025-12,
2412906,RN,ano_2025,106,123,-17,278,2025-12,
2413003,RN,ano_2025,170,148,22,252,2025-12,
2413102,RN,ano_2025,19,17,2,53,2025-12,
2413201,RN,ano_2025,25,19,6,105,2025-12,
2413300,RN,ano_2025,64,53,11,260,2025-12,
2413359,RN,ano_2025,353,356,-3,676,2025-12,
2413409,RN,ano_2025,756,711,45,1123,2025-12,
2413508,RN,ano_2025,46,38,8,55,2025-12,
2413557,RN,ano_2025,41,34,7,144,2025-12,
2413607,RN,ano_2025,58,48,10,173,2025-12,
2413706,RN,ano_2025,12,16,-4,33,2025-12,
2413805,RN,ano_2025,27,12,15,42,2025-12,
2413904,RN,ano_2025,97,106,-9,366,2025-12,
2414001,RN,ano_2025,316,256,60,802,2025-12,
2414100,RN,ano_2025,87,65,22,295,2025-12,
2414159,RN,ano_2025,49,57,-8,180,2025-12,
2414209,RN,ano_2025,2151,1967,184,3939,2025-12,
2414308,RN,ano_2025,68,46,22,86,2025-12,
2414407,RN,ano_2025,803,845,-42,2233,2025-12,
2414456,RN,ano_2025,20,39,-19,31,2025-12,
2414506,RN,ano_2025,466,60,406,369,2025-12,
2414605,RN,ano_2025,667,589,78,926,2025-12,
2414704,RN,ano_2025,34,29,5,104,2025-12,
2414753,RN,ano_2025,0,2,-2,2,2025-12,
2414803,RN,ano_2025,272,247,25,525,2025-12,
2414902,RN,ano_2025,1,0,1,19,2025-12,
2415008,RN,ano_2025,38,66,-28,46,2025-12,
2500106,PB,ano_2025,31,24,7,79,2025-12,
2500205,PB,ano_2025,180,110,70,284,2025-12,
2500304,PB,ano_2025,331,238,93,1004,2025-12,
2500403,PB,ano_2025,352,316,36,944,2025-12,
2500502,PB,ano_2025,151,107,44,289,2025-12,
2500536,PB,ano_2025,33,45,-12,89,2025-12,
2500577,PB,ano_2025,2,12,-10,25,2025-12,
2500601,PB,ano_2025,1858,1648,210,4154,2025-12,
2500700,PB,ano_2025,288,278,10,774,2025-12,
2500734,PB,ano_2025,16,18,-2,36,2025-12,
2500775,PB,ano_2025,251,147,104,471,2025-12,
2500809,PB,ano_2025,57,59,-2,185,2025-12,
2500908,PB,ano_2025,411,164,247,511,2025-12,
2501005,PB,ano_2025,165,153,12,599,2025-12,
2501104,PB,ano_2025,441,400,41,1227,2025-12,
2501153,PB,ano_2025,48,37,11,12,2025-12,
2501203,PB,ano_2025,38,28,10,87,2025-12,
2501302,PB,ano_2025,54,50,4,228,2025-12,
2501351,PB,ano_2025,33,14,19,75,2025-12,
2501401,PB,ano_2025,71,73,-2,131,2025-12,
2501500,PB,ano_2025,450,416,34,1224,2025-12,
2501534,PB,ano_2025,34,21,13,97,2025-12,
2501575,PB,ano_2025,116,51,65,222,2025-12,
2501609,PB,ano_2025,103,78,25,277,2025-12,
2501708,PB,ano_2025,41,36,5,74,2025-12,
2501807,PB,ano_2025,3859,3826,33,8884,2025-12,
2501906,PB,ano_2025,299,255,44,922,2025-12,
2502003,PB,ano_2025,64,68,-4,176,2025-12,
2502052,PB,ano_2025,8,7,1,24,2025-12,
2502102,PB,ano_2025,5,12,-7,18,2025-12,
2502151,PB,ano_2025,183,176,7,744,2025-12,
2502201,PB,ano_2025,15,22,-7,53,2025-12,
2502300,PB,ano_2025,3,4,-1,18,2025-12,
2502409,PB,ano_2025,27,31,-4,79,2025-12,
2502508,PB,ano_2025,271,300,-29,590,2025-12,
2502607,PB,ano_2025,12,14,-2,48,2025-12,
2502706,PB,ano_2025,3,30,-27,28,2025-12,
2502805,PB,ano_2025,66,80,-14,340,2025-12,
2502904,PB,ano_2025,64,40,24,84,2025-12,
2503001,PB,ano_2025,2012,2022,-10,4435,2025-12,
2503100,PB,ano_2025,99,56,43,185,2025-12,
2503209,PB,ano_2025,11107,10550,557,21580,2025-12,
2503308,PB,ano_2025,62,54,8,153,2025-12,
2503407,PB,ano_2025,28,27,1,23,2025-12,
2503506,PB,ano_2025,93,62,31,195,2025-12,
2503555,PB,ano_2025,20,23,-3,44,2025-12,
2503605,PB,ano_2025,96,90,6,165,2025-12,
2503704,PB,ano_2025,3519,3248,271,9317,2025-12,
2503753,PB,ano_2025,0,1,-1,8,2025-12,
2503803,PB,ano_2025,87,54,33,250,2025-12,
2503902,PB,ano_2025,45,31,14,89,2025-12,
2504009,PB,ano_2025,52836,45235,7601,113742,2025-12,
2504033,PB,ano_2025,56,50,6,126,2025-12,
2504074,PB,ano_2025,15,50,-35,30,2025-12,
2504108,PB,ano_2025,8,2,6,13,2025-12,
2504157,PB,ano_2025,28,25,3,125,2025-12,
2504207,PB,ano_2025,201,157,44,106,2025-12,
2504306,PB,ano_2025,1320,1275,45,3268,2025-12,
2504355,PB,ano_2025,88,81,7,137,2025-12,
2504405,PB,ano_2025,312,235,77,679,2025-12,
2504504,PB,ano_2025,17,33,-16,89,2025-12,
2504603,PB,ano_2025,3385,2909,476,6997,2025-12,
2504702,PB,ano_2025,26,44,-18,114,2025-12,
2504801,PB,ano_2025,246,75,171,253,2025-12,
2504850,PB,ano_2025,11,4,7,44,2025-12,
2504900,PB,ano_2025,321,327,-6,742,2025-12,
2505006,PB,ano_2025,36,42,-6,83,2025-12,
2505105,PB,ano_2025,361,220,141,750,2025-12,
2505204,PB,ano_2025,51,50,1,172,2025-12,
2505238,PB,ano_2025,24,24,0,81,2025-12,
2505279,PB,ano_2025,27,11,16,50,2025-12,
2505303,PB,ano_2025,0,1,-1,3,2025-12,
2505352,PB,ano_2025,13,6,7,47,2025-12,
2505402,PB,ano_2025,117,93,24,109,2025-12,
2505501,PB,ano_2025,10,9,1,35,2025-12,
2505600,PB,ano_2025,23,22,1,46,2025-12,
2505709,PB,ano_2025,24,35,-11,92,2025-12,
2505808,PB,ano_2025,10,17,-7,35,2025-12,
2505907,PB,ano_2025,2,5,-3,42,2025-12,
2506004,PB,ano_2025,1158,998,160,3442,2025-12,
2506103,PB,ano_2025,50,67,-17,217,2025-12,
2506202,PB,ano_2025,8,9,-1,23,2025-12,
2506251,PB,ano_2025,9,7,2,29,2025-12,
2506301,PB,ano_2025,3645,3302,343,10814,2025-12,
2506400,PB,ano_2025,343,332,11,704,2025-12,
2506509,PB,ano_2025,24,32,-8,71,2025-12,
2506608,PB,ano_2025,24,15,9,93,2025-12,
2506707,PB,ano_2025,11,19,-8,60,2025-12,
2506806,PB,ano_2025,453,345,108,1078,2025-12,
2506905,PB,ano_2025,586,473,113,1565,2025-12,
2507002,PB,ano_2025,1051,829,222,2371,2025-12,
2507101,PB,ano_2025,436,421,15,894,2025-12,
2507200,PB,ano_2025,190,149,41,602,2025-12,
2507309,PB,ano_2025,193,160,33,380,2025-12,
2507408,PB,ano_2025,27,30,-3,88,2025-12,
2507507,PB,ano_2025,126254,111293,14961,234710,2025-12,
2507606,PB,ano_2025,63,46,17,109,2025-12,
2507705,PB,ano_2025,196,157,39,530,2025-12,
2507804,PB,ano_2025,74,57,17,265,2025-12,
2507903,PB,ano_2025,304,253,51,495,2025-12,
2508000,PB,ano_2025,40,51,-11,66,2025-12,
2508109,PB,ano_2025,98,60,38,110,2025-12,
2508208,PB,ano_2025,32,33,-1,230,2025-12,
2508307,PB,ano_2025,609,461,148,1467,2025-12,
2508406,PB,ano_2025,5,2,3,12,2025-12,
2508505,PB,ano_2025,21,9,12,53,2025-12,
2508554,PB,ano_2025,43,19,24,61,2025-12,
2508604,PB,ano_2025,772,546,226,1406,2025-12,
2508703,PB,ano_2025,5,19,-14,23,2025-12,
2508802,PB,ano_2025,119,84,35,243,2025-12,
2508901,PB,ano_2025,3854,3509,345,7827,2025-12,
2509008,PB,ano_2025,51,81,-30,45,2025-12,
2509057,PB,ano_2025,37,85,-48,72,2025-12,
2509107,PB,ano_2025,216,150,66,602,2025-12,
2509156,PB,ano_2025,47,39,8,152,2025-12,
2509206,PB,ano_2025,148,95,53,351,2025-12,
2509305,PB,ano_2025,533,701,-168,650,2025-12,
2509339,PB,ano_2025,10,6,4,23,2025-12,
2509370,PB,ano_2025,3,7,-4,16,2025-12,
2509396,PB,ano_2025,33,37,-4,84,2025-12,
2509404,PB,ano_2025,100,100,0,348,2025-12,
2509503,PB,ano_2025,113,85,28,215,2025-12,
2509602,PB,ano_2025,8,10,-2,23,2025-12,
2509701,PB,ano_2025,1763,990,773,2926,2025-12,
2509800,PB,ano_2025,132,105,27,446,2025-12,
2509909,PB,ano_2025,11,8,3,41,2025-12,
2510006,PB,ano_2025,63,66,-3,67,2025-12,
2510105,PB,ano_2025,119,118,1,183,2025-12,
2510204,PB,ano_2025,11,23,-12,29,2025-12,
2510303,PB,ano_2025,16,11,5,89,2025-12,
2510402,PB,ano_2025,3,6,-3,24,2025-12,
2510501,PB,ano_2025,10,7,3,28,2025-12,
2510600,PB,ano_2025,17,10,7,40,2025-12,
2510659,PB,ano_2025,14,12,2,23,2025-12,
2510709,PB,ano_2025,43,31,12,51,2025-12,
2510808,PB,ano_2025,7296,5912,1384,15342,2025-12,
2510907,PB,ano_2025,117,76,41,185,2025-12,
2511004,PB,ano_2025,125,71,54,118,2025-12,
2511103,PB,ano_2025,200,834,-634,301,2025-12,
2511202,PB,ano_2025,2063,1860,203,4456,2025-12,
2511301,PB,ano_2025,213,182,31,557,2025-12,
2511400,PB,ano_2025,231,281,-50,762,2025-12,
2511509,PB,ano_2025,625,770,-145,863,2025-12,
2511608,PB,ano_2025,49,43,6,159,2025-12,
2511707,PB,ano_2025,21,27,-6,47,2025-12,
2511806,PB,ano_2025,134,136,-2,298,2025-12,
2511905,PB,ano_2025,389,323,66,924,2025-12,
2512002,PB,ano_2025,624,707,-83,1089,2025-12,
2512036,PB,ano_2025,9,5,4,21,2025-12,
2512077,PB,ano_2025,26,16,10,55,2025-12,
2512101,PB,ano_2025,585,463,122,1662,2025-12,
2512200,PB,ano_2025,13,17,-4,62,2025-12,
2512309,PB,ano_2025,534,504,30,1147,2025-12,
2512408,PB,ano_2025,317,291,26,628,2025-12,
2512507,PB,ano_2025,1061,930,131,3022,2025-12,
2512606,PB,ano_2025,22,8,14,121,2025-12,
2512705,PB,ano_2025,160,153,7,639,2025-12,
2512721,PB,ano_2025,22,17,5,52,2025-12,
2512747,PB,ano_2025,14,20,-6,16,2025-12,
2512754,PB,ano_2025,81,47,34,97,2025-12,
2512762,PB,ano_2025,95,82,13,96,2025-12,
2512788,PB,ano_2025,3,3,0,9,2025-12,
2512804,PB,ano_2025,39,32,7,139,2025-12,
2512903,PB,ano_2025,2233,2134,99,3132,2025-12,
2513000,PB,ano_2025,6,6,0,17,2025-12,
2513109,PB,ano_2025,33,87,-54,127,2025-12,
2513158,PB,ano_2025,32,23,9,62,2025-12,
2513208,PB,ano_2025,11,18,-7,116,2025-12,
2513307,PB,ano_2025,73,61,12,97,2025-12,
2513356,PB,ano_2025,4,0,4,6,2025-12,
2513406,PB,ano_2025,515,475,40,1163,2025-12,
2513505,PB,ano_2025,0,0,0,5,2025-12,
2513604,PB,ano_2025,5,8,-3,40,2025-12,
2513653,PB,ano_2025,11,4,7,18,2025-12,
2513703,PB,ano_2025,8466,7946,520,21283,2025-12,
2513802,PB,ano_2025,160,169,-9,174,2025-12,
2513851,PB,ano_2025,17,23,-6,37,2025-12,
2513901,PB,ano_2025,1284,1084,200,2749,2025-12,
2513927,PB,ano_2025,4,5,-1,43,2025-12,
2513943,PB,ano_2025,23,20,3,23,2025-12,
2513968,PB,ano_2025,18,15,3,50,2025-12,
2513984,PB,ano_2025,17,15,2,46,2025-12,
2514008,PB,ano_2025,87,170,-83,208,2025-12,
2514107,PB,ano_2025,11,15,-4,42,2025-12,
2514206,PB,ano_2025,27,19,8,108,2025-12,
2514305,PB,ano_2025,5,4,1,23,2025-12,
2514404,PB,ano_2025,54,57,-3,82,2025-12,
2514453,PB,ano_2025,23,14,9,61,2025-12,
2514503,PB,ano_2025,137,136,1,418,2025-12,
2514552,PB,ano_2025,0,0,0,3,2025-12,
2514602,PB,ano_2025,7,8,-1,21,2025-12,
2514651,PB,ano_2025,0,0,0,0,2025-12,
2514701,PB,ano_2025,35,42,-7,106,2025-12,
2514800,PB,ano_2025,55,115,-60,98,2025-12,
2514909,PB,ano_2025,66,44,22,152,2025-12,
2515005,PB,ano_2025,130,74,56,284,2025-12,
2515104,PB,ano_2025,70,58,12,210,2025-12,
2515203,PB,ano_2025,14,16,-2,19,2025-12,
2515302,PB,ano_2025,1202,1078,124,3161,2025-12,
2515401,PB,ano_2025,74,50,24,92,2025-12,
2515500,PB,ano_2025,190,135,55,758,2025-12,
2515609,PB,ano_2025,17,9,8,60,2025-12,
2515708,PB,ano_2025,2,1,1,13,2025-12,
2515807,PB,ano_2025,97,55,42,157,2025-12,
2515906,PB,ano_2025,19,9,10,60,2025-12,
2515930,PB,ano_2025,69,78,-9,290,2025-12,
2515971,PB,ano_2025,79,52,27,259,2025-12,
2516003,PB,ano_2025,496,418,78,1577,2025-12,
2516102,PB,ano_2025,271,198,73,820,2025-12,
2516151,PB,ano_2025,5,12,-7,25,2025-12,
2516201,PB,ano_2025,3324,2990,334,9019,2025-12,
2516300,PB,ano_2025,375,300,75,878,2025-12,
2516409,PB,ano_2025,28,48,-20,75,2025-12,
2516508,PB,ano_2025,154,106,48,347,2025-12,
2516607,PB,ano_2025,74,70,4,155,2025-12,
2516706,PB,ano_2025,475,501,-26,344,2025-12,
2516755,PB,ano_2025,28,20,8,56,2025-12,
2516805,PB,ano_2025,51,28,23,106,2025-12,
2516904,PB,ano_2025,176,148,28,624,2025-12,
2517001,PB,ano_2025,23,14,9,88,2025-12,
2517100,PB,ano_2025,21,10,11,56,2025-12,
2517209,PB,ano_2025,38,33,5,120,2025-12,
2517407,PB,ano_2025,11,13,-2,17,2025-12,
2600054,PE,ano_2025,4364,3848,516,10973,2025-12,
2600104,PE,ano_2025,1379,1120,259,3531,2025-12,
2600203,PE,ano_2025,263,259,4,680,2025-12,
2600302,PE,ano_2025,614,521,93,1278,2025-12,
2600401,PE,ano_2025,480,447,33,1269,2025-12,
2600500,PE,ano_2025,1121,641,480,2161,2025-12,
2600609,PE,ano_2025,75,69,6,192,2025-12,
2600708,PE,ano_2025,2161,2172,-11,3420,2025-12,
2600807,PE,ano_2025,294,183,111,673,2025-12,
2600906,PE,ano_2025,570,562,8,756,2025-12,
2601003,PE,ano_2025,203,168,35,351,2025-12,
2601052,PE,ano_2025,282,261,21,505,2025-12,
2601102,PE,ano_2025,2519,2402,117,6107,2025-12,
2601201,PE,ano_2025,3942,3206,736,9587,2025-12,
2601300,PE,ano_2025,111,94,17,356,2025-12,
2601409,PE,ano_2025,1323,1184,139,3245,2025-12,
2601508,PE,ano_2025,152,27,125,192,2025-12,
2601607,PE,ano_2025,915,715,200,1980,2025-12,
2601706,PE,ano_2025,4766,3981,785,12868,2025-12,
2601805,PE,ano_2025,33,29,4,59,2025-12,
2601904,PE,ano_2025,3456,2565,891,7579,2025-12,
2602001,PE,ano_2025,166,132,34,460,2025-12,
2602100,PE,ano_2025,723,540,183,1871,2025-12,
2602209,PE,ano_2025,557,487,70,1497,2025-12,
2602308,PE,ano_2025,1820,1197,623,3976,2025-12,
2602407,PE,ano_2025,165,164,1,504,2025-12,
2602506,PE,ano_2025,603,530,73,267,2025-12,
2602605,PE,ano_2025,875,732,143,1990,2025-12,
2602704,PE,ano_2025,168,146,22,557,2025-12,
2602803,PE,ano_2025,502,312,190,1564,2025-12,
2602902,PE,ano_2025,25859,20089,5770,44285,2025-12,
2603009,PE,ano_2025,568,514,54,1465,2025-12,
2603108,PE,ano_2025,252,220,32,700,2025-12,
2603207,PE,ano_2025,305,175,130,677,2025-12,
2603306,PE,ano_2025,32,24,8,82,2025-12,
2603405,PE,ano_2025,25,24,1,41,2025-12,
2603454,PE,ano_2025,6059,5670,389,13186,2025-12,
2603504,PE,ano_2025,159,162,-3,576,2025-12,
2603603,PE,ano_2025,1976,1651,325,4293,2025-12,
2603702,PE,ano_2025,426,314,112,1347,2025-12,
2603801,PE,ano_2025,241,189,52,572,2025-12,
2603900,PE,ano_2025,374,281,93,621,2025-12,
2603926,PE,ano_2025,12,8,4,35,2025-12,
2604007,PE,ano_2025,5085,3798,1287,12904,2025-12,
2604106,PE,ano_2025,40752,36404,4348,84233,2025-12,
2604155,PE,ano_2025,29,61,-32,91,2025-12,
2604205,PE,ano_2025,323,241,82,891,2025-12,
2604304,PE,ano_2025,42,38,4,94,2025-12,
2604403,PE,ano_2025,198,180,18,487,2025-12,
2604502,PE,ano_2025,306,270,36,818,2025-12,
2604601,PE,ano_2025,724,669,55,1533,2025-12,
2604700,PE,ano_2025,80,66,14,289,2025-12,
2604809,PE,ano_2025,208,186,22,543,2025-12,
2604908,PE,ano_2025,81,83,-2,200,2025-12,
2605004,PE,ano_2025,840,647,193,1793,2025-12,
2605103,PE,ano_2025,1844,1604,240,2859,2025-12,
2605152,PE,ano_2025,850,825,25,1594,2025-12,
2605202,PE,ano_2025,4370,3709,661,7405,2025-12,
2605301,PE,ano_2025,331,244,87,689,2025-12,
2605400,PE,ano_2025,573,283,290,889,2025-12,
2605459,PE,ano_2025,1875,1642,233,2648,2025-12,
2605509,PE,ano_2025,637,588,49,975,2025-12,
2605608,PE,ano_2025,247,196,51,991,2025-12,
2605707,PE,ano_2025,980,733,247,2839,2025-12,
2605806,PE,ano_2025,110,106,4,207,2025-12,
2605905,PE,ano_2025,247,190,57,513,2025-12,
2606002,PE,ano_2025,9460,8487,973,21789,2025-12,
2606101,PE,ano_2025,914,783,131,2103,2025-12,
2606200,PE,ano_2025,11189,8916,2273,27238,2025-12,
2606309,PE,ano_2025,9,9,0,87,2025-12,
2606408,PE,ano_2025,3872,3684,188,9732,2025-12,
2606507,PE,ano_2025,99,111,-12,260,2025-12,
2606606,PE,ano_2025,329,265,64,618,2025-12,
2606705,PE,ano_2025,21,9,12,49,2025-12,
2606804,PE,ano_2025,11149,10598,551,24073,2025-12,
2606903,PE,ano_2025,63,57,6,107,2025-12,
2607000,PE,ano_2025,611,660,-49,655,2025-12,
2607109,PE,ano_2025,10,9,1,24,2025-12,
2607208,PE,ano_2025,20015,19601,414,36577,2025-12,
2607307,PE,ano_2025,423,255,168,1031,2025-12,
2607406,PE,ano_2025,50,26,24,95,2025-12,
2607505,PE,ano_2025,152,115,37,358,2025-12,
2607604,PE,ano_2025,286,231,55,998,2025-12,
2607653,PE,ano_2025,1575,1550,25,4566,2025-12,
2607703,PE,ano_2025,291,273,18,387,2025-12,
2607752,PE,ano_2025,1065,1071,-6,5039,2025-12,
2607802,PE,ano_2025,348,224,124,525,2025-12,
2607901,PE,ano_2025,48874,43224,5650,106206,2025-12,
2607950,PE,ano_2025,89,74,15,221,2025-12,
2608008,PE,ano_2025,133,85,48,340,2025-12,
2608057,PE,ano_2025,185,338,-153,498,2025-12,
2608107,PE,ano_2025,437,333,104,1044,2025-12,
2608206,PE,ano_2025,483,477,6,818,2025-12,
2608255,PE,ano_2025,85,51,34,160,2025-12,
2608305,PE,ano_2025,199,183,16,601,2025-12,
2608404,PE,ano_2025,78,80,-2,228,2025-12,
2608453,PE,ano_2025,285,281,4,820,2025-12,
2608503,PE,ano_2025,2147,2065,82,5838,2025-12,
2608602,PE,ano_2025,44,45,-1,127,2025-12,
2608701,PE,ano_2025,41,62,-21,165,2025-12,
2608750,PE,ano_2025,2462,2385,77,2796,2025-12,
2608800,PE,ano_2025,1204,1094,110,3043,2025-12,
2608909,PE,ano_2025,1945,1801,144,7537,2025-12,
2609006,PE,ano_2025,375,375,0,1286,2025-12,
2609105,PE,ano_2025,419,373,46,889,2025-12,
2609154,PE,ano_2025,33,30,3,107,2025-12,
2609204,PE,ano_2025,61,59,2,331,2025-12,
2609303,PE,ano_2025,127,74,53,237,2025-12,
2609402,PE,ano_2025,3850,3295,555,9073,2025-12,
2609501,PE,ano_2025,1514,1332,182,4434,2025-12,
2609600,PE,ano_2025,34055,31691,2364,78712,2025-12,
2609709,PE,ano_2025,697,488,209,1547,2025-12,
2609808,PE,ano_2025,49,40,9,166,2025-12,
2609907,PE,ano_2025,1151,826,325,3561,2025-12,
2610004,PE,ano_2025,5209,2670,2539,8617,2025-12,
2610103,PE,ano_2025,19,15,4,60,2025-12,
2610202,PE,ano_2025,196,132,64,535,2025-12,
2610301,PE,ano_2025,69,49,20,194,2025-12,
2610400,PE,ano_2025,195,120,75,403,2025-12,
2610509,PE,ano_2025,333,312,21,1372,2025-12,
2610608,PE,ano_2025,2353,2143,210,5135,2025-12,
2610707,PE,ano_2025,24200,21761,2439,53313,2025-12,
2610806,PE,ano_2025,186,151,35,477,2025-12,
2610905,PE,ano_2025,1772,1428,344,4241,2025-12,
2611002,PE,ano_2025,1157,927,230,4514,2025-12,
2611101,PE,ano_2025,56484,54275,2209,85774,2025-12,
2611200,PE,ano_2025,69,79,-10,283,2025-12,
2611309,PE,ano_2025,1183,947,236,2734,2025-12,
2611408,PE,ano_2025,1955,2237,-282,3493,2025-12,
2611507,PE,ano_2025,123,143,-20,351,2025-12,
2611533,PE,ano_2025,16,15,1,41,2025-12,
2611606,PE,ano_2025,243069,219258,23811,552144,2025-12,
2611705,PE,ano_2025,848,387,461,926,2025-12,
2611804,PE,ano_2025,1395,1366,29,3512,2025-12,
2611903,PE,ano_2025,3320,3199,121,6444,2025-12,
2612000,PE,ano_2025,290,245,45,799,2025-12,
2612109,PE,ano_2025,30,35,-5,104,2025-12,
2612208,PE,ano_2025,2743,2434,309,6694,2025-12,
2612307,PE,ano_2025,152,129,23,428,2025-12,
2612406,PE,ano_2025,201,209,-8,619,2025-12,
2612455,PE,ano_2025,43,46,-3,131,2025-12,
2612471,PE,ano_2025,245,117,128,445,2025-12,
2612505,PE,ano_2025,7958,7178,780,15067,2025-12,
2612554,PE,ano_2025,26,28,-2,116,2025-12,
2612604,PE,ano_2025,517,447,70,1247,2025-12,
2612703,PE,ano_2025,87,95,-8,315,2025-12,
2612802,PE,ano_2025,85,95,-10,170,2025-12,
2612901,PE,ano_2025,52,38,14,168,2025-12,
2613008,PE,ano_2025,2686,2373,313,5334,2025-12,
2613107,PE,ano_2025,1250,1069,181,2682,2025-12,
2613206,PE,ano_2025,342,235,107,888,2025-12,
2613305,PE,ano_2025,111,98,13,375,2025-12,
2613404,PE,ano_2025,671,609,62,2158,2025-12,
2613503,PE,ano_2025,2362,1646,716,3057,2025-12,
2613602,PE,ano_2025,1326,1084,242,2279,2025-12,
2613701,PE,ano_2025,3462,3297,165,8926,2025-12,
2613800,PE,ano_2025,278,265,13,1074,2025-12,
2613909,PE,ano_2025,4813,3939,874,11747,2025-12,
2614006,PE,ano_2025,54,73,-19,145,2025-12,
2614105,PE,ano_2025,326,307,19,740,2025-12,
2614204,PE,ano_2025,4262,3766,496,7719,2025-12,
2614303,PE,ano_2025,23,25,-2,94,2025-12,
2614402,PE,ano_2025,11,10,1,24,2025-12,
2614501,PE,ano_2025,2909,2372,537,6875,2025-12,
2614600,PE,ano_2025,559,473,86,1284,2025-12,
2614709,PE,ano_2025,276,246,30,957,2025-12,
2614808,PE,ano_2025,133,54,79,429,2025-12,
2614857,PE,ano_2025,4039,3465,574,5571,2025-12,
2615003,PE,ano_2025,867,908,-41,1925,2025-12,
2615102,PE,ano_2025,13,17,-4,41,2025-12,
2615201,PE,ano_2025,16,88,-72,79,2025-12,
2615300,PE,ano_2025,3196,3015,181,6192,2025-12,
2615409,PE,ano_2025,2696,2340,356,5529,2025-12,
2615508,PE,ano_2025,315,218,97,530,2025-12,
2615607,PE,ano_2025,868,807,61,2193,2025-12,
2615706,PE,ano_2025,337,237,100,833,2025-12,
2615805,PE,ano_2025,130,100,30,262,2025-12,
2615904,PE,ano_2025,101,60,41,241,2025-12,
2616001,PE,ano_2025,179,139,40,482,2025-12,
2616100,PE,ano_2025,42,60,-18,148,2025-12,
2616183,PE,ano_2025,45,40,5,232,2025-12,
2616209,PE,ano_2025,515,289,226,612,2025-12,
2616308,PE,ano_2025,2215,2842,-627,2623,2025-12,
2616407,PE,ano_2025,9378,8253,1125,26966,2025-12,
2616506,PE,ano_2025,352,377,-25,623,2025-12,
2700102,AL,ano_2025,95,70,25,239,2025-12,
2700201,AL,ano_2025,122,109,13,343,2025-12,
2700300,AL,ano_2025,21176,19265,1911,46768,2025-12,
2700409,AL,ano_2025,2268,2329,-61,3743,2025-12,
2700508,AL,ano_2025,557,542,15,1071,2025-12,
2700607,AL,ano_2025,948,947,1,1832,2025-12,
2700706,AL,ano_2025,299,279,20,763,2025-12,
2700805,AL,ano_2025,133,108,25,225,2025-12,
2700904,AL,ano_2025,15,14,1,104,2025-12,
2701001,AL,ano_2025,694,627,67,1191,2025-12,
2701100,AL,ano_2025,34,88,-54,82,2025-12,
2701209,AL,ano_2025,149,79,70,348,2025-12,
2701308,AL,ano_2025,235,278,-43,661,2025-12,
2701357,AL,ano_2025,69,58,11,145,2025-12,
2701407,AL,ano_2025,2744,3162,-418,4666,2025-12,
2701506,AL,ano_2025,43,28,15,77,2025-12,
2701605,AL,ano_2025,351,78,273,147,2025-12,
2701704,AL,ano_2025,695,541,154,900,2025-12,
2701803,AL,ano_2025,38,42,-4,58,2025-12,
2701902,AL,ano_2025,110,86,24,217,2025-12,
2702009,AL,ano_2025,101,93,8,199,2025-12,
2702108,AL,ano_2025,287,325,-38,840,2025-12,
2702207,AL,ano_2025,39,33,6,67,2025-12,
2702306,AL,ano_2025,4728,5026,-298,10544,2025-12,
2702355,AL,ano_2025,469,741,-272,1113,2025-12,
2702405,AL,ano_2025,3106,1651,1455,5078,2025-12,
2702504,AL,ano_2025,54,57,-3,83,2025-12,
2702553,AL,ano_2025,382,225,157,720,2025-12,
2702603,AL,ano_2025,153,158,-5,303,2025-12,
2702702,AL,ano_2025,59,87,-28,206,2025-12,
2702801,AL,ano_2025,166,117,49,372,2025-12,
2702900,AL,ano_2025,246,269,-23,462,2025-12,
2703007,AL,ano_2025,120,109,11,291,2025-12,
2703106,AL,ano_2025,128,153,-25,246,2025-12,
2703205,AL,ano_2025,1190,1487,-297,2927,2025-12,
2703304,AL,ano_2025,53,91,-38,135,2025-12,
2703403,AL,ano_2025,20,51,-31,47,2025-12,
2703502,AL,ano_2025,45,43,2,166,2025-12,
2703601,AL,ano_2025,747,591,156,1822,2025-12,
2703700,AL,ano_2025,23,13,10,46,2025-12,
2703759,AL,ano_2025,250,181,69,488,2025-12,
2703809,AL,ano_2025,135,236,-101,440,2025-12,
2703908,AL,ano_2025,42,35,7,90,2025-12,
2704005,AL,ano_2025,1390,1307,83,1910,2025-12,
2704104,AL,ano_2025,355,308,47,775,2025-12,
2704203,AL,ano_2025,508,470,38,1446,2025-12,
2704302,AL,ano_2025,111155,102168,8987,244442,2025-12,
2704401,AL,ano_2025,154,153,1,416,2025-12,
2704500,AL,ano_2025,3489,2926,563,6551,2025-12,
2704609,AL,ano_2025,54,40,14,104,2025-12,
2704708,AL,ano_2025,6449,5653,796,13130,2025-12,
2704807,AL,ano_2025,158,121,37,546,2025-12,
2704906,AL,ano_2025,67,26,41,119,2025-12,
2705002,AL,ano_2025,79,63,16,257,2025-12,
2705101,AL,ano_2025,1383,1527,-144,3074,2025-12,
2705200,AL,ano_2025,537,536,1,998,2025-12,
2705309,AL,ano_2025,18,9,9,27,2025-12,
2705408,AL,ano_2025,452,146,306,687,2025-12,
2705507,AL,ano_2025,1518,1468,50,3160,2025-12,
2705606,AL,ano_2025,242,278,-36,404,2025-12,
2705705,AL,ano_2025,572,433,139,1207,2025-12,
2705804,AL,ano_2025,21,27,-6,88,2025-12,
2705903,AL,ano_2025,4,3,1,8,2025-12,
2706000,AL,ano_2025,46,32,14,97,2025-12,
2706109,AL,ano_2025,113,86,27,225,2025-12,
2706208,AL,ano_2025,5,2,3,9,2025-12,
2706307,AL,ano_2025,3521,2067,1454,7011,2025-12,
2706406,AL,ano_2025,140,109,31,405,2025-12,
2706422,AL,ano_2025,45,44,1,85,2025-12,
2706448,AL,ano_2025,569,537,32,1234,2025-12,
2706505,AL,ano_2025,535,472,63,1014,2025-12,
2706604,AL,ano_2025,32,37,-5,100,2025-12,
2706703,AL,ano_2025,3253,2699,554,6537,2025-12,
2706802,AL,ano_2025,153,223,-70,282,2025-12,
2706901,AL,ano_2025,1648,1451,197,3992,2025-12,
2707008,AL,ano_2025,17,11,6,56,2025-12,
2707107,AL,ano_2025,697,511,186,1303,2025-12,
2707206,AL,ano_2025,44,30,14,69,2025-12,
2707305,AL,ano_2025,673,528,145,1483,2025-12,
2707404,AL,ano_2025,1749,1398,351,2001,2025-12,
2707503,AL,ano_2025,101,146,-45,302,2025-12,
2707602,AL,ano_2025,49,37,12,176,2025-12,
2707701,AL,ano_2025,7376,7339,37,14553,2025-12,
2707800,AL,ano_2025,202,174,28,495,2025-12,
2707909,AL,ano_2025,278,223,55,563,2025-12,
2708006,AL,ano_2025,1529,1436,93,4173,2025-12,
2708105,AL,ano_2025,38,41,-3,129,2025-12,
2708204,AL,ano_2025,27,27,0,40,2025-12,
2708303,AL,ano_2025,3412,3390,22,5264,2025-12,
2708402,AL,ano_2025,866,382,484,1375,2025-12,
2708501,AL,ano_2025,2097,2593,-496,6425,2025-12,
2708600,AL,ano_2025,4978,5237,-259,10122,2025-12,
2708709,AL,ano_2025,1292,1028,264,2042,2025-12,
2708808,AL,ano_2025,1147,1028,119,1620,2025-12,
2708907,AL,ano_2025,630,528,102,1209,2025-12,
2708956,AL,ano_2025,83,64,19,121,2025-12,
2709004,AL,ano_2025,5,14,-9,59,2025-12,
2709103,AL,ano_2025,208,146,62,540,2025-12,
2709152,AL,ano_2025,2168,1928,240,3055,2025-12,
2709202,AL,ano_2025,18,28,-10,63,2025-12,
2709301,AL,ano_2025,1484,1386,98,4021,2025-12,
2709400,AL,ano_2025,455,347,108,1653,2025-12,
2800100,SE,ano_2025,19,16,3,47,2025-12,
2800209,SE,ano_2025,265,249,16,830,2025-12,
2800308,SE,ano_2025,86668,79062,7606,188993,2025-12,
2800407,SE,ano_2025,103,111,-8,346,2025-12,
2800506,SE,ano_2025,530,505,25,889,2025-12,
2800605,SE,ano_2025,2889,2530,359,4637,2025-12,
2800670,SE,ano_2025,585,414,171,1537,2025-12,
2800704,SE,ano_2025,57,45,12,130,2025-12,
2801009,SE,ano_2025,981,899,82,1407,2025-12,
2801108,SE,ano_2025,18,18,0,45,2025-12,
2801207,SE,ano_2025,867,933,-66,1283,2025-12,
2801306,SE,ano_2025,1986,2096,-110,3640,2025-12,
2801405,SE,ano_2025,618,443,175,904,2025-12,
2801504,SE,ano_2025,966,1291,-325,2112,2025-12,
2801603,SE,ano_2025,36,23,13,136,2025-12,
2801702,SE,ano_2025,392,349,43,984,2025-12,
2801900,SE,ano_2025,70,52,18,174,2025-12,
2802007,SE,ano_2025,30,33,-3,70,2025-12,
2802106,SE,ano_2025,4260,3519,741,11157,2025-12,
2802205,SE,ano_2025,62,39,23,137,2025-12,
2802304,SE,ano_2025,521,587,-66,1196,2025-12,
2802403,SE,ano_2025,25,22,3,114,2025-12,
2802502,SE,ano_2025,28,25,3,59,2025-12,
2802601,SE,ano_2025,93,59,34,131,2025-12,
2802700,SE,ano_2025,108,97,11,221,2025-12,
2802809,SE,ano_2025,226,202,24,486,2025-12,
2802908,SE,ano_2025,8005,6795,1210,18134,2025-12,
2803005,SE,ano_2025,1003,758,245,2936,2025-12,
2803104,SE,ano_2025,41,30,11,109,2025-12,
2803203,SE,ano_2025,1063,904,159,3240,2025-12,
2803302,SE,ano_2025,517,503,14,1300,2025-12,
2803401,SE,ano_2025,350,360,-10,1063,2025-12,
2803500,SE,ano_2025,6520,4895,1625,14914,2025-12,
2803609,SE,ano_2025,3322,3297,25,5889,2025-12,
2803708,SE,ano_2025,139,118,21,302,2025-12,
2803807,SE,ano_2025,91,99,-8,263,2025-12,
2803906,SE,ano_2025,131,104,27,286,2025-12,
2804003,SE,ano_2025,600,426,174,1079,2025-12,
2804102,SE,ano_2025,187,137,50,408,2025-12,
2804201,SE,ano_2025,242,212,30,406,2025-12,
2804300,SE,ano_2025,335,226,109,596,2025-12,
2804409,SE,ano_2025,547,561,-14,2098,2025-12,
2804458,SE,ano_2025,291,132,159,314,2025-12,
2804508,SE,ano_2025,3471,2784,687,6771,2025-12,
2804607,SE,ano_2025,963,1623,-660,2092,2025-12,
2804706,SE,ano_2025,39,42,-3,134,2025-12,
2804805,SE,ano_2025,11810,11034,776,25627,2025-12,
2804904,SE,ano_2025,163,128,35,383,2025-12,
2805000,SE,ano_2025,24,10,14,59,2025-12,
2805109,SE,ano_2025,54,45,9,212,2025-12,
2805208,SE,ano_2025,61,36,25,162,2025-12,
2805307,SE,ano_2025,157,136,21,431,2025-12,
2805406,SE,ano_2025,377,321,56,531,2025-12,
2805505,SE,ano_2025,602,627,-25,1559,2025-12,
2805604,SE,ano_2025,208,216,-8,387,2025-12,
2805703,SE,ano_2025,1339,1120,219,3663,2025-12,
2805802,SE,ano_2025,68,62,6,224,2025-12,
2805901,SE,ano_2025,188,268,-80,1016,2025-12,
2806008,SE,ano_2025,660,533,127,2019,2025-12,
2806107,SE,ano_2025,533,464,69,1441,2025-12,
2806206,SE,ano_2025,360,261,99,796,2025-12,
2806305,SE,ano_2025,91,58,33,270,2025-12,
2806404,SE,ano_2025,62,90,-28,150,2025-12,
2806503,SE,ano_2025,69,15,54,166,2025-12,
2806602,SE,ano_2025,235,279,-44,501,2025-12,
2806701,SE,ano_2025,5790,4833,957,11440,2025-12,
2806800,SE,ano_2025,197,226,-29,258,2025-12,
2806909,SE,ano_2025,167,260,-93,111,2025-12,
2807006,SE,ano_2025,35,30,5,97,2025-12,
2807105,SE,ano_2025,1538,1468,70,4688,2025-12,
2807204,SE,ano_2025,115,110,5,253,2025-12,
2807303,SE,ano_2025,78,32,46,111,2025-12,
2807402,SE,ano_2025,2037,1527,510,4401,2025-12,
2807501,SE,ano_2025,126,112,14,316,2025-12,
2807600,SE,ano_2025,657,626,31,1826,2025-12,
2900108,BA,ano_2025,59,41,18,144,2025-12,
2900207,BA,ano_2025,263,245,18,646,2025-12,
2900306,BA,ano_2025,86,90,-4,274,2025-12,
2900355,BA,ano_2025,61,56,5,165,2025-12,
2900405,BA,ano_2025,131,108,23,484,2025-12,
2900504,BA,ano_2025,55,44,11,138,2025-12,
2900603,BA,ano_2025,123,72,51,259,2025-12,
2900702,BA,ano_2025,10991,10268,723,27297,2025-12,
2900801,BA,ano_2025,650,518,132,1117,2025-12,
2900900,BA,ano_2025,73,71,2,181,2025-12,
2901007,BA,ano_2025,1764,1739,25,4133,2025-12,
2901106,BA,ano_2025,1228,1049,179,2127,2025-12,
2901155,BA,ano_2025,39,43,-4,132,2025-12,
2901205,BA,ano_2025,264,258,6,1476,2025-12,
2901304,BA,ano_2025,235,287,-52,463,2025-12,
2901353,BA,ano_2025,344,312,32,1702,2025-12,
2901403,BA,ano_2025,99,96,3,280,2025-12,
2901502,BA,ano_2025,172,358,-186,392,2025-12,
2901601,BA,ano_2025,254,118,136,566,2025-12,
2901700,BA,ano_2025,68,44,24,265,2025-12,
2901809,BA,ano_2025,216,197,19,344,2025-12,
2901908,BA,ano_2025,109,80,29,276,2025-12,
2901957,BA,ano_2025,48,38,10,121,2025-12,
2902005,BA,ano_2025,190,105,85,437,2025-12,
2902054,BA,ano_2025,156,116,40,335,2025-12,
2902104,BA,ano_2025,495,523,-28,1134,2025-12,
2902203,BA,ano_2025,118,104,14,334,2025-12,
2902252,BA,ano_2025,424,264,160,731,2025-12,
2902302,BA,ano_2025,59,59,0,214,2025-12,
2902401,BA,ano_2025,269,231,38,485,2025-12,
2902500,BA,ano_2025,409,380,29,614,2025-12,
2902609,BA,ano_2025,406,351,55,586,2025-12,
2902658,BA,ano_2025,38,51,-13,111,2025-12,
2902708,BA,ano_2025,616,593,23,1427,2025-12,
2902807,BA,ano_2025,1107,987,120,1999,2025-12,
2902906,BA,ano_2025,2182,1982,200,2509,2025-12,
2903003,BA,ano_2025,83,63,20,236,2025-12,
2903102,BA,ano_2025,79,76,3,202,2025-12,
2903201,BA,ano_2025,22710,20310,2400,37329,2025-12,
2903235,BA,ano_2025,102,40,62,189,2025-12,
2903276,BA,ano_2025,563,605,-42,1251,2025-12,
2903300,BA,ano_2025,250,101,149,659,2025-12,
2903409,BA,ano_2025,578,618,-40,1151,2025-12,
2903508,BA,ano_2025,231,143,88,541,2025-12,
2903607,BA,ano_2025,100,95,5,293,2025-12,
2903706,BA,ano_2025,115,123,-8,285,2025-12,
2903805,BA,ano_2025,87,96,-9,358,2025-12,
2903904,BA,ano_2025,3240,2918,322,7419,2025-12,
2903953,BA,ano_2025,14,22,-8,27,2025-12,
2904001,BA,ano_2025,437,346,91,528,2025-12,
2904050,BA,ano_2025,209,192,17,526,2025-12,
2904100,BA,ano_2025,87,112,-25,324,2025-12,
2904209,BA,ano_2025,76,58,18,256,2025-12,
2904308,BA,ano_2025,164,143,21,282,2025-12,
2904407,BA,ano_2025,100,58,42,250,2025-12,
2904506,BA,ano_2025,133,124,9,349,2025-12,
2904605,BA,ano_2025,6398,6052,346,13961,2025-12,
2904704,BA,ano_2025,396,291,105,934,2025-12,
2904753,BA,ano_2025,56,51,5,166,2025-12,
2904803,BA,ano_2025,177,142,35,446,2025-12,
2904852,BA,ano_2025,161,139,22,422,2025-12,
2904902,BA,ano_2025,896,943,-47,2915,2025-12,
2905008,BA,ano_2025,1120,962,158,3409,2025-12,
2905107,BA,ano_2025,49,24,25,124,2025-12,
2905156,BA,ano_2025,28,43,-15,101,2025-12,
2905206,BA,ano_2025,2344,2146,198,4915,2025-12,
2905305,BA,ano_2025,251,263,-12,500,2025-12,
2905404,BA,ano_2025,1909,1734,175,3186,2025-12,
2905503,BA,ano_2025,40,16,24,81,2025-12,
2905602,BA,ano_2025,776,945,-169,2104,2025-12,
2905701,BA,ano_2025,45537,39191,6346,81984,2025-12,
2905800,BA,ano_2025,798,770,28,1827,2025-12,
2905909,BA,ano_2025,336,301,35,844,2025-12,
2906006,BA,ano_2025,1786,1514,272,3746,2025-12,
2906105,BA,ano_2025,34,49,-15,67,2025-12,
2906204,BA,ano_2025,161,181,-20,423,2025-12,
2906303,BA,ano_2025,743,728,15,1735,2025-12,
2906402,BA,ano_2025,32,29,3,116,2025-12,
2906501,BA,ano_2025,5696,5911,-215,13269,2025-12,
2906600,BA,ano_2025,82,74,8,313,2025-12,
2906709,BA,ano_2025,228,244,-16,553,2025-12,
2906808,BA,ano_2025,450,312,138,1033,2025-12,
2906824,BA,ano_2025,92,135,-43,316,2025-12,
2906857,BA,ano_2025,80,82,-2,267,2025-12,
2906873,BA,ano_2025,2794,2400,394,5250,2025-12,
2906899,BA,ano_2025,61,56,5,183,2025-12,
2906907,BA,ano_2025,755,669,86,1445,2025-12,
2907004,BA,ano_2025,169,109,60,440,2025-12,
2907103,BA,ano_2025,181,200,-19,537,2025-12,
2907202,BA,ano_2025,9835,9332,503,10034,2025-12,
2907301,BA,ano_2025,858,716,142,2415,2025-12,
2907400,BA,ano_2025,45,38,7,145,2025-12,
2907509,BA,ano_2025,4713,3886,827,9379,2025-12,
2907558,BA,ano_2025,48,24,24,135,2025-12,
2907608,BA,ano_2025,435,76,359,433,2025-12,
2907707,BA,ano_2025,26,26,0,168,2025-12,
2907806,BA,ano_2025,659,496,163,1715,2025-12,
2907905,BA,ano_2025,183,146,37,390,2025-12,
2908002,BA,ano_2025,288,234,54,712,2025-12,
2908101,BA,ano_2025,1587,1526,61,2424,2025-12,
2908200,BA,ano_2025,1005,861,144,2614,2025-12,
2908309,BA,ano_2025,373,505,-132,1470,2025-12,
2908408,BA,ano_2025,2553,2109,444,5988,2025-12,
2908507,BA,ano_2025,6018,5236,782,12255,2025-12,
2908606,BA,ano_2025,469,439,30,1211,2025-12,
2908705,BA,ano_2025,224,177,47,849,2025-12,
2908804,BA,ano_2025,26,31,-5,106,2025-12,
2908903,BA,ano_2025,775,752,23,1540,2025-12,
2909000,BA,ano_2025,87,71,16,219,2025-12,
2909109,BA,ano_2025,146,120,26,344,2025-12,
2909208,BA,ano_2025,142,120,22,284,2025-12,
2909307,BA,ano_2025,4589,4452,137,5772,2025-12,
2909406,BA,ano_2025,216,181,35,559,2025-12,
2909505,BA,ano_2025,56,51,5,103,2025-12,
2909604,BA,ano_2025,58,67,-9,261,2025-12,
2909703,BA,ano_2025,82,70,12,282,2025-12,
2909802,BA,ano_2025,3823,3516,307,9432,2025-12,
2909901,BA,ano_2025,714,579,135,1296,2025-12,
2910008,BA,ano_2025,121,115,6,291,2025-12,
2910057,BA,ano_2025,5530,5372,158,11261,2025-12,
2910107,BA,ano_2025,102,100,2,371,2025-12,
2910206,BA,ano_2025,140,113,27,207,2025-12,
2910305,BA,ano_2025,82,56,26,248,2025-12,
2910404,BA,ano_2025,260,298,-38,768,2025-12,
2910503,BA,ano_2025,1091,933,158,3069,2025-12,
2910602,BA,ano_2025,1736,1393,343,3968,2025-12,
2910701,BA,ano_2025,1420,1278,142,3229,2025-12,
2910727,BA,ano_2025,12684,12633,51,23564,2025-12,
2910750,BA,ano_2025,141,98,43,514,2025-12,
2910776,BA,ano_2025,54,50,4,114,2025-12,
2910800,BA,ano_2025,67089,60841,6248,147548,2025-12,
2910859,BA,ano_2025,163,198,-35,513,2025-12,
2910909,BA,ano_2025,173,111,62,606,2025-12,
2911006,BA,ano_2025,126,151,-25,332,2025-12,
2911105,BA,ano_2025,4541,4152,389,5837,2025-12,
2911204,BA,ano_2025,1311,1090,221,2878,2025-12,
2911253,BA,ano_2025,11,12,-1,38,2025-12,
2911303,BA,ano_2025,808,1768,-960,856,2025-12,
2911402,BA,ano_2025,115,99,16,360,2025-12,
2911501,BA,ano_2025,393,169,224,858,2025-12,
2911600,BA,ano_2025,1082,1010,72,2358,2025-12,
2911659,BA,ano_2025,24,22,2,91,2025-12,
2911709,BA,ano_2025,5448,4807,641,13366,2025-12,
2911808,BA,ano_2025,328,299,29,727,2025-12,
2911857,BA,ano_2025,89,100,-11,198,2025-12,
2911907,BA,ano_2025,1556,1406,150,1486,2025-12,
2912004,BA,ano_2025,64,66,-2,283,2025-12,
2912103,BA,ano_2025,422,490,-68,1075,2025-12,
2912202,BA,ano_2025,3076,2384,692,4360,2025-12,
2912301,BA,ano_2025,219,255,-36,1278,2025-12,
2912400,BA,ano_2025,89,92,-3,436,2025-12,
2912509,BA,ano_2025,72,73,-1,202,2025-12,
2912608,BA,ano_2025,10,14,-4,57,2025-12,
2912707,BA,ano_2025,474,330,144,754,2025-12,
2912806,BA,ano_2025,1152,1183,-31,2198,2025-12,
2912905,BA,ano_2025,793,453,340,1559,2025-12,
2913002,BA,ano_2025,133,527,-394,284,2025-12,
2913101,BA,ano_2025,104,65,39,170,2025-12,
2913200,BA,ano_2025,2005,3266,-1261,2240,2025-12,
2913309,BA,ano_2025,50,39,11,117,2025-12,
2913408,BA,ano_2025,109,94,15,368,2025-12,
2913457,BA,ano_2025,300,249,51,789,2025-12,
2913507,BA,ano_2025,546,320,226,1397,2025-12,
2913606,BA,ano_2025,13987,13850,137,29089,2025-12,
2913705,BA,ano_2025,1104,942,162,2475,2025-12,
2913804,BA,ano_2025,53,40,13,134,2025-12,
2913903,BA,ano_2025,2580,2287,293,5119,2025-12,
2914000,BA,ano_2025,2741,1847,894,5065,2025-12,
2914109,BA,ano_2025,186,154,32,468,2025-12,
2914208,BA,ano_2025,138,137,1,150,2025-12,
2914307,BA,ano_2025,111,104,7,241,2025-12,
2914406,BA,ano_2025,363,326,37,1074,2025-12,
2914505,BA,ano_2025,619,503,116,1387,2025-12,
2914604,BA,ano_2025,7606,6486,1120,14380,2025-12,
2914653,BA,ano_2025,1543,1376,167,3078,2025-12,
2914703,BA,ano_2025,3529,3229,300,9785,2025-12,
2914802,BA,ano_2025,15424,14050,1374,36211,2025-12,
2914901,BA,ano_2025,2286,2225,61,4383,2025-12,
2915007,BA,ano_2025,63,68,-5,257,2025-12,
2915106,BA,ano_2025,132,99,33,365,2025-12,
2915205,BA,ano_2025,797,682,115,2157,2025-12,
2915304,BA,ano_2025,198,495,-297,432,2025-12,
2915353,BA,ano_2025,233,64,169,502,2025-12,
2915403,BA,ano_2025,148,137,11,589,2025-12,
2915502,BA,ano_2025,450,459,-9,1240,2025-12,
2915601,BA,ano_2025,3261,3090,171,6614,2025-12,
2915700,BA,ano_2025,65,37,28,195,2025-12,
2915809,BA,ano_2025,503,481,22,1537,2025-12,
2915908,BA,ano_2025,98,114,-16,259,2025-12,
2916005,BA,ano_2025,191,260,-69,816,2025-12,
2916104,BA,ano_2025,756,607,149,1451,2025-12,
2916203,BA,ano_2025,248,217,31,678,2025-12,
2916302,BA,ano_2025,418,274,144,685,2025-12,
2916401,BA,ano_2025,7887,6157,1730,18211,2025-12,
2916500,BA,ano_2025,860,670,190,2088,2025-12,
2916609,BA,ano_2025,153,91,62,373,2025-12,
2916708,BA,ano_2025,86,105,-19,139,2025-12,
2916807,BA,ano_2025,471,446,25,1682,2025-12,
2916856,BA,ano_2025,971,701,270,2228,2025-12,
2916906,BA,ano_2025,162,198,-36,373,2025-12,
2917003,BA,ano_2025,191,169,22,642,2025-12,
2917102,BA,ano_2025,480,402,78,1671,2025-12,
2917201,BA,ano_2025,264,198,66,572,2025-12,
2917300,BA,ano_2025,452,452,0,1702,2025-12,
2917334,BA,ano_2025,80,64,16,197,2025-12,
2917359,BA,ano_2025,2651,2609,42,3578,2025-12,
2917409,BA,ano_2025,66,52,14,255,2025-12,
2917508,BA,ano_2025,5227,4001,1226,11553,2025-12,
2917607,BA,ano_2025,1138,941,197,3236,2025-12,
2917706,BA,ano_2025,2138,1698,440,5005,2025-12,
2917805,BA,ano_2025,455,473,-18,344,2025-12,
2917904,BA,ano_2025,265,272,-7,513,2025-12,
2918001,BA,ano_2025,9869,8928,941,24981,2025-12,
2918100,BA,ano_2025,555,522,33,1097,2025-12,
2918209,BA,ano_2025,125,79,46,246,2025-12,
2918308,BA,ano_2025,168,115,53,492,2025-12,
2918357,BA,ano_2025,341,372,-31,676,2025-12,
2918407,BA,ano_2025,22826,22260,566,38403,2025-12,
2918456,BA,ano_2025,100,121,-21,303,2025-12,
2918506,BA,ano_2025,43,61,-18,166,2025-12,
2918555,BA,ano_2025,121,111,10,270,2025-12,
2918605,BA,ano_2025,571,67,504,721,2025-12,
2918704,BA,ano_2025,566,408,158,741,2025-12,
2918753,BA,ano_2025,119,89,30,261,2025-12,
2918803,BA,ano_2025,202,172,30,653,2025-12,
2918902,BA,ano_2025,529,350,179,516,2025-12,
2919009,BA,ano_2025,97,65,32,138,2025-12,
2919058,BA,ano_2025,41,53,-12,115,2025-12,
2919108,BA,ano_2025,27,26,1,82,2025-12,
2919157,BA,ano_2025,316,269,47,699,2025-12,
2919207,BA,ano_2025,62268,56755,5513,125450,2025-12,
2919306,BA,ano_2025,294,232,62,767,2025-12,
2919405,BA,ano_2025,460,390,70,658,2025-12,
2919504,BA,ano_2025,902,848,54,2647,2025-12,
2919553,BA,ano_2025,32163,29640,2523,37046,2025-12,
2919603,BA,ano_2025,28,28,0,99,2025-12,
2919702,BA,ano_2025,371,380,-9,1001,2025-12,
2919801,BA,ano_2025,534,420,114,1589,2025-12,
2919900,BA,ano_2025,22,21,1,74,2025-12,
2919926,BA,ano_2025,837,985,-148,1648,2025-12,
2919959,BA,ano_2025,81,70,11,155,2025-12,
2920007,BA,ano_2025,297,282,15,738,2025-12,
2920106,BA,ano_2025,125,102,23,483,2025-12,
2920205,BA,ano_2025,246,428,-182,469,2025-12,
2920304,BA,ano_2025,200,125,75,220,2025-12,
2920403,BA,ano_2025,311,140,171,567,2025-12,
2920452,BA,ano_2025,14,14,0,46,2025-12,
2920502,BA,ano_2025,1047,773,274,2661,2025-12,
2920601,BA,ano_2025,1070,281,789,1598,2025-12,
2920700,BA,ano_2025,1176,1072,104,1979,2025-12,
2920809,BA,ano_2025,82,159,-77,234,2025-12,
2920908,BA,ano_2025,403,314,89,631,2025-12,
2921005,BA,ano_2025,6525,6005,520,14904,2025-12,
2921054,BA,ano_2025,31,31,0,74,2025-12,
2921104,BA,ano_2025,2458,2272,186,3273,2025-12,
2921203,BA,ano_2025,498,355,143,1975,2025-12,
2921302,BA,ano_2025,373,306,67,680,2025-12,
2921401,BA,ano_2025,133,97,36,313,2025-12,
2921450,BA,ano_2025,56,42,14,107,2025-12,
2921500,BA,ano_2025,424,331,93,1049,2025-12,
2921609,BA,ano_2025,30,32,-2,87,2025-12,
2921708,BA,ano_2025,724,600,124,1688,2025-12,
2921807,BA,ano_2025,119,149,-30,328,2025-12,
2921906,BA,ano_2025,2923,2958,-35,3978,2025-12,
2922003,BA,ano_2025,4536,4539,-3,7800,2025-12,
2922052,BA,ano_2025,95,80,15,143,2025-12,
2922102,BA,ano_2025,79,86,-7,397,2025-12,
2922201,BA,ano_2025,61,52,9,175,2025-12,
2922250,BA,ano_2025,530,447,83,730,2025-12,
2922300,BA,ano_2025,919,939,-20,1693,2025-12,
2922409,BA,ano_2025,941,853,88,2406,2025-12,
2922508,BA,ano_2025,762,618,144,1834,2025-12,
2922607,BA,ano_2025,85,63,22,284,2025-12,
2922656,BA,ano_2025,108,100,8,342,2025-12,
2922706,BA,ano_2025,157,119,38,458,2025-12,
2922730,BA,ano_2025,187,202,-15,291,2025-12,
2922755,BA,ano_2025,60,52,8,148,2025-12,
2922805,BA,ano_2025,95,53,42,158,2025-12,
2922854,BA,ano_2025,42,33,9,101,2025-12,
2922904,BA,ano_2025,484,270,214,1059,2025-12,
2923001,BA,ano_2025,2248,2429,-181,4433,2025-12,
2923035,BA,ano_2025,69,73,-4,60,2025-12,
2923050,BA,ano_2025,20,16,4,62,2025-12,
2923100,BA,ano_2025,278,200,78,650,2025-12,
2923209,BA,ano_2025,1084,391,693,1803,2025-12,
2923308,BA,ano_2025,65,32,33,141,2025-12,
2923357,BA,ano_2025,1349,1303,46,1106,2025-12,
2923407,BA,ano_2025,311,204,107,686,2025-12,
2923506,BA,ano_2025,280,331,-51,441,2025-12,
2923605,BA,ano_2025,478,476,2,1389,2025-12,
2923704,BA,ano_2025,182,175,7,549,2025-12,
2923803,BA,ano_2025,390,245,145,1181,2025-12,
2923902,BA,ano_2025,97,107,-10,215,2025-12,
2924009,BA,ano_2025,6093,5937,156,12942,2025-12,
2924058,BA,ano_2025,161,117,44,259,2025-12,
2924108,BA,ano_2025,53,41,12,133,2025-12,
2924207,BA,ano_2025,27,24,3,85,2025-12,
2924306,BA,ano_2025,182,167,15,826,2025-12,
2924405,BA,ano_2025,125,72,53,347,2025-12,
2924504,BA,ano_2025,72,55,17,237,2025-12,
2924603,BA,ano_2025,142,145,-3,389,2025-12,
2924652,BA,ano_2025,84,62,22,286,2025-12,
2924678,BA,ano_2025,77,47,30,144,2025-12,
2924702,BA,ano_2025,34,21,13,105,2025-12,
2924801,BA,ano_2025,190,111,79,477,2025-12,
2924900,BA,ano_2025,21,28,-7,85,2025-12,
2925006,BA,ano_2025,963,817,146,1726,2025-12,
2925105,BA,ano_2025,1176,943,233,3031,2025-12,
2925204,BA,ano_2025,2965,3313,-348,7891,2025-12,
2925253,BA,ano_2025,80,79,1,227,2025-12,
2925303,BA,ano_2025,26062,26269,-207,36259,2025-12,
2925402,BA,ano_2025,247,222,25,458,2025-12,
2925501,BA,ano_2025,1985,1845,140,3459,2025-12,
2925600,BA,ano_2025,88,119,-31,198,2025-12,
2925709,BA,ano_2025,27,47,-20,160,2025-12,
2925758,BA,ano_2025,588,471,117,1210,2025-12,
2925808,BA,ano_2025,423,284,139,671,2025-12,
2925907,BA,ano_2025,118,90,28,295,2025-12,
2925931,BA,ano_2025,90,50,40,165,2025-12,
2925956,BA,ano_2025,199,153,46,602,2025-12,
2926004,BA,ano_2025,651,550,101,1702,2025-12,
2926103,BA,ano_2025,271,305,-34,606,2025-12,
2926202,BA,ano_2025,2223,2092,131,2802,2025-12,
2926301,BA,ano_2025,3668,1551,2117,4799,2025-12,
2926400,BA,ano_2025,261,192,69,671,2025-12,
2926509,BA,ano_2025,527,878,-351,1021,2025-12,
2926608,BA,ano_2025,2173,1741,432,4846,2025-12,
2926657,BA,ano_2025,103,100,3,283,2025-12,
2926707,BA,ano_2025,97,97,0,375,2025-12,
2926806,BA,ano_2025,64,46,18,217,2025-12,
2926905,BA,ano_2025,85,68,17,227,2025-12,
2927002,BA,ano_2025,1051,883,168,2469,2025-12,
2927101,BA,ano_2025,139,199,-60,233,2025-12,
2927200,BA,ano_2025,1633,1249,384,3780,2025-12,
2927309,BA,ano_2025,206,165,41,444,2025-12,
2927408,BA,ano_2025,304076,273606,30470,662858,2025-12,
2927507,BA,ano_2025,132,208,-76,566,2025-12,
2927606,BA,ano_2025,31,40,-9,148,2025-12,
2927705,BA,ano_2025,3279,3136,143,4191,2025-12,
2927804,BA,ano_2025,66,54,12,233,2025-12,
2927903,BA,ano_2025,96,67,29,268,2025-12,
2928000,BA,ano_2025,1247,983,264,3216,2025-12,
2928059,BA,ano_2025,179,187,-8,363,2025-12,
2928109,BA,ano_2025,1281,1325,-44,3583,2025-12,
2928208,BA,ano_2025,646,589,57,1957,2025-12,
2928307,BA,ano_2025,155,165,-10,157,2025-12,
2928406,BA,ano_2025,314,303,11,795,2025-12,
2928505,BA,ano_2025,250,142,108,453,2025-12,
2928604,BA,ano_2025,1755,1733,22,5013,2025-12,
2928703,BA,ano_2025,11804,10507,1297,27111,2025-12,
2928802,BA,ano_2025,3518,2741,777,9961,2025-12,
2928901,BA,ano_2025,7391,7473,-82,8808,2025-12,
2928950,BA,ano_2025,138,67,71,211,2025-12,
2929008,BA,ano_2025,162,103,59,361,2025-12,
2929057,BA,ano_2025,859,817,42,1993,2025-12,
2929107,BA,ano_2025,316,203,113,881,2025-12,
2929206,BA,ano_2025,875,976,-101,3369,2025-12,
2929255,BA,ano_2025,167,143,24,300,2025-12,
2929305,BA,ano_2025,3238,2837,401,8460,2025-12,
2929354,BA,ano_2025,67,52,15,114,2025-12,
2929370,BA,ano_2025,262,213,49,489,2025-12,
2929404,BA,ano_2025,257,217,40,452,2025-12,
2929503,BA,ano_2025,1895,1872,23,3919,2025-12,
2929602,BA,ano_2025,1271,996,275,2061,2025-12,
2929701,BA,ano_2025,664,543,121,1346,2025-12,
2929750,BA,ano_2025,246,169,77,194,2025-12,
2929800,BA,ano_2025,51,44,7,135,2025-12,
2929909,BA,ano_2025,1908,1627,281,4756,2025-12,
2930006,BA,ano_2025,38,55,-17,186,2025-12,
2930105,BA,ano_2025,2827,2487,340,7411,2025-12,
2930154,BA,ano_2025,533,475,58,1240,2025-12,
2930204,BA,ano_2025,928,1076,-148,1263,2025-12,
2930303,BA,ano_2025,179,122,57,494,2025-12,
2930402,BA,ano_2025,225,180,45,326,2025-12,
2930501,BA,ano_2025,4477,3694,783,9569,2025-12,
2930600,BA,ano_2025,143,130,13,418,2025-12,
2930709,BA,ano_2025,20011,19547,464,43505,2025-12,
2930758,BA,ano_2025,117,113,4,349,2025-12,
2930766,BA,ano_2025,50,35,15,111,2025-12,
2930774,BA,ano_2025,660,688,-28,1427,2025-12,
2930808,BA,ano_2025,57,43,14,114,2025-12,
2930907,BA,ano_2025,254,158,96,416,2025-12,
2931004,BA,ano_2025,425,327,98,933,2025-12,
2931053,BA,ano_2025,100,115,-15,460,2025-12,
2931103,BA,ano_2025,107,110,-3,266,2025-12,
2931202,BA,ano_2025,245,227,18,482,2025-12,
2931301,BA,ano_2025,93,112,-19,239,2025-12,
2931350,BA,ano_2025,12883,11823,1060,25169,2025-12,
2931400,BA,ano_2025,268,168,100,514,2025-12,
2931509,BA,ano_2025,212,194,18,409,2025-12,
2931608,BA,ano_2025,113,81,32,279,2025-12,
2931707,BA,ano_2025,421,354,67,948,2025-12,
2931806,BA,ano_2025,119,95,24,252,2025-12,
2931905,BA,ano_2025,646,716,-70,1609,2025-12,
2932002,BA,ano_2025,342,219,123,710,2025-12,
2932101,BA,ano_2025,2100,1270,830,2584,2025-12,
2932200,BA,ano_2025,531,463,68,1441,2025-12,
2932309,BA,ano_2025,364,312,52,1043,2025-12,
2932408,BA,ano_2025,1061,1282,-221,507,2025-12,
2932457,BA,ano_2025,226,211,15,394,2025-12,
2932507,BA,ano_2025,989,899,90,2671,2025-12,
2932606,BA,ano_2025,195,796,-601,722,2025-12,
2932705,BA,ano_2025,856,819,37,1800,2025-12,
2932804,BA,ano_2025,1109,1843,-734,740,2025-12,
2932903,BA,ano_2025,5869,5314,555,10838,2025-12,
2933000,BA,ano_2025,819,692,127,2462,2025-12,
2933059,BA,ano_2025,52,49,3,184,2025-12,
2933109,BA,ano_2025,326,302,24,873,2025-12,
2933158,BA,ano_2025,178,135,43,565,2025-12,
2933174,BA,ano_2025,328,319,9,762,2025-12,
2933208,BA,ano_2025,1360,1315,45,3206,2025-12,
2933257,BA,ano_2025,117,116,1,272,2025-12,
2933307,BA,ano_2025,41831,38410,3421,84051,2025-12,
2933406,BA,ano_2025,58,56,2,205,2025-12,
2933455,BA,ano_2025,229,142,87,428,2025-12,
2933505,BA,ano_2025,168,146,22,367,2025-12,
2933604,BA,ano_2025,699,523,176,1764,2025-12,
3100104,MG,ano_2025,328,370,-42,970,2025-12,
3100203,MG,ano_2025,1762,1875,-113,3304,2025-12,
3100302,MG,ano_2025,935,869,66,1842,2025-12,
3100401,MG,ano_2025,106,108,-2,287,2025-12,
3100500,MG,ano_2025,121,104,17,271,2025-12,
3100609,MG,ano_2025,242,233,9,512,2025-12,
3100708,MG,ano_2025,203,191,12,401,2025-12,
3100807,MG,ano_2025,287,280,7,531,2025-12,
3100906,MG,ano_2025,608,546,62,1602,2025-12,
3101003,MG,ano_2025,472,451,21,888,2025-12,
3101102,MG,ano_2025,1967,2023,-56,2505,2025-12,
3101201,MG,ano_2025,407,385,22,963,2025-12,
3101300,MG,ano_2025,83,91,-8,184,2025-12,
3101409,MG,ano_2025,195,189,6,265,2025-12,
3101508,MG,ano_2025,1751,1611,140,4432,2025-12,
3101607,MG,ano_2025,12008,11356,652,21446,2025-12,
3101631,MG,ano_2025,415,385,30,808,2025-12,
3101706,MG,ano_2025,3179,2538,641,6357,2025-12,
3101805,MG,ano_2025,314,308,6,585,2025-12,
3101904,MG,ano_2025,1615,1485,130,2657,2025-12,
3102001,MG,ano_2025,632,689,-57,1209,2025-12,
3102050,MG,ano_2025,241,215,26,390,2025-12,
3102100,MG,ano_2025,158,119,39,539,2025-12,
3102209,MG,ano_2025,58,43,15,86,2025-12,
3102308,MG,ano_2025,586,593,-7,2293,2025-12,
3102407,MG,ano_2025,78,76,2,188,2025-12,
3102506,MG,ano_2025,93,78,15,217,2025-12,
3102605,MG,ano_2025,5473,5399,74,10255,2025-12,
3102704,MG,ano_2025,79,65,14,259,2025-12,
3102803,MG,ano_2025,630,576,54,1454,2025-12,
3102852,MG,ano_2025,287,276,11,631,2025-12,
3102902,MG,ano_2025,810,645,165,1581,2025-12,
3103009,MG,ano_2025,927,823,104,2338,2025-12,
3103108,MG,ano_2025,14,12,2,36,2025-12,
3103207,MG,ano_2025,70,77,-7,274,2025-12,
3103306,MG,ano_2025,52,17,35,52,2025-12,
3103405,MG,ano_2025,2326,2055,271,4944,2025-12,
3103504,MG,ano_2025,19739,18136,1603,30213,2025-12,
3103603,MG,ano_2025,81,76,5,211,2025-12,
3103702,MG,ano_2025,104,116,-12,237,2025-12,
3103751,MG,ano_2025,1704,1663,41,2688,2025-12,
3103801,MG,ano_2025,191,177,14,556,2025-12,
3103900,MG,ano_2025,823,749,74,1515,2025-12,
3104007,MG,ano_2025,19434,18135,1299,31238,2025-12,
3104106,MG,ano_2025,1015,873,142,2271,2025-12,
3104205,MG,ano_2025,8532,8400,132,13714,2025-12,
3104304,MG,ano_2025,1050,1088,-38,1672,2025-12,
3104403,MG,ano_2025,89,64,25,245,2025-12,
3104452,MG,ano_2025,32,40,-8,102,2025-12,
3104502,MG,ano_2025,2107,1996,111,2046,2025-12,
3104601,MG,ano_2025,1579,1512,67,3205,2025-12,
3104700,MG,ano_2025,332,309,23,785,2025-12,
3104809,MG,ano_2025,242,250,-8,527,2025-12,
3104908,MG,ano_2025,1422,1350,72,3386,2025-12,
3105004,MG,ano_2025,396,323,73,823,2025-12,
3105103,MG,ano_2025,2083,1942,141,4288,2025-12,
3105202,MG,ano_2025,28,28,0,120,2025-12,
3105301,MG,ano_2025,388,378,10,663,2025-12,
3105400,MG,ano_2025,6609,6538,71,8519,2025-12,
3105509,MG,ano_2025,52,67,-15,208,2025-12,
3105608,MG,ano_2025,12249,11727,522,26969,2025-12,
3105707,MG,ano_2025,151,137,14,345,2025-12,
3105905,MG,ano_2025,1497,1416,81,3389,2025-12,
3106002,MG,ano_2025,553,624,-71,1554,2025-12,
3106101,MG,ano_2025,142,99,43,503,2025-12,
3106200,MG,ano_2025,579012,567859,11153,1007012,2025-12,
3106309,MG,ano_2025,3298,3254,44,7727,2025-12,
3106408,MG,ano_2025,290,377,-87,691,2025-12,
3106507,MG,ano_2025,122,126,-4,274,2025-12,
3106606,MG,ano_2025,15,28,-13,82,2025-12,
3106655,MG,ano_2025,94,105,-11,236,2025-12,
3106705,MG,ano_2025,72218,68670,3548,128188,2025-12,
3106804,MG,ano_2025,35,24,11,87,2025-12,
3106903,MG,ano_2025,944,960,-16,2302,2025-12,
3107000,MG,ano_2025,72,75,-3,135,2025-12,
3107109,MG,ano_2025,4461,4192,269,8465,2025-12,
3107208,MG,ano_2025,145,146,-1,376,2025-12,
3107307,MG,ano_2025,3897,3664,233,8510,2025-12,
3107406,MG,ano_2025,6749,6779,-30,11469,2025-12,
3107505,MG,ano_2025,377,314,63,918,2025-12,
3107604,MG,ano_2025,344,306,38,337,2025-12,
3107703,MG,ano_2025,482,576,-94,1099,2025-12,
3107802,MG,ano_2025,795,698,97,922,2025-12,
3107901,MG,ano_2025,412,409,3,711,2025-12,
3108008,MG,ano_2025,1069,1031,38,2372,2025-12,
3108107,MG,ano_2025,178,177,1,481,2025-12,
3108206,MG,ano_2025,466,441,25,888,2025-12,
3108255,MG,ano_2025,109,109,0,215,2025-12,
3108305,MG,ano_2025,1419,1356,63,2489,2025-12,
3108404,MG,ano_2025,1435,1401,34,2091,2025-12,
3108503,MG,ano_2025,174,215,-41,280,2025-12,
3108552,MG,ano_2025,1126,1229,-103,1867,2025-12,
3108602,MG,ano_2025,727,718,9,1884,2025-12,
3108701,MG,ano_2025,106,75,31,210,2025-12,
3108800,MG,ano_2025,54,46,8,151,2025-12,
3108909,MG,ano_2025,690,688,2,1526,2025-12,
3109006,MG,ano_2025,6521,6572,-51,10625,2025-12,
3109105,MG,ano_2025,375,371,4,803,2025-12,
3109204,MG,ano_2025,314,243,71,645,2025-12,
3109253,MG,ano_2025,71,93,-22,112,2025-12,
3109303,MG,ano_2025,2557,2620,-63,4211,2025-12,
3109402,MG,ano_2025,2167,2283,-116,3588,2025-12,
3109451,MG,ano_2025,294,272,22,609,2025-12,
3109501,MG,ano_2025,1538,1452,86,1573,2025-12,
3109600,MG,ano_2025,155,148,7,340,2025-12,
3109709,MG,ano_2025,721,760,-39,1807,2025-12,
3109808,MG,ano_2025,353,366,-13,369,2025-12,
3109907,MG,ano_2025,1023,956,67,2121,2025-12,
3110004,MG,ano_2025,2898,2735,163,4958,2025-12,
3110103,MG,ano_2025,131,107,24,222,2025-12,
3110202,MG,ano_2025,221,185,36,509,2025-12,
3110301,MG,ano_2025,890,868,22,1929,2025-12,
3110400,MG,ano_2025,35,26,9,98,2025-12,
3110509,MG,ano_2025,4001,4034,-33,6234,2025-12,
3110608,MG,ano_2025,4127,4299,-172,6857,2025-12,
3110707,MG,ano_2025,781,727,54,1424,2025-12,
3110806,MG,ano_2025,58,62,-4,177,2025-12,
3110905,MG,ano_2025,2000,1872,128,3353,2025-12,
3111002,MG,ano_2025,1816,1822,-6,2324,2025-12,
3111101,MG,ano_2025,2381,2176,205,3750,2025-12,
3111150,MG,ano_2025,11,14,-3,40,2025-12,
3111200,MG,ano_2025,6433,6303,130,12361,2025-12,
3111309,MG,ano_2025,914,943,-29,1563,2025-12,
3111408,MG,ano_2025,1278,1197,81,2815,2025-12,
3111507,MG,ano_2025,3203,2976,227,2383,2025-12,
3111606,MG,ano_2025,2305,2178,127,3956,2025-12,
3111705,MG,ano_2025,66,70,-4,205,2025-12,
3111804,MG,ano_2025,1073,958,115,2738,2025-12,
3111903,MG,ano_2025,303,228,75,574,2025-12,
3112000,MG,ano_2025,1137,1116,21,2415,2025-12,
3112059,MG,ano_2025,97,76,21,249,2025-12,
3112109,MG,ano_2025,160,158,2,364,2025-12,
3112208,MG,ano_2025,103,99,4,229,2025-12,
3112307,MG,ano_2025,8223,8032,191,9615,2025-12,
3112406,MG,ano_2025,1024,988,36,1218,2025-12,
3112505,MG,ano_2025,645,582,63,914,2025-12,
3112604,MG,ano_2025,2074,1923,151,3852,2025-12,
3112653,MG,ano_2025,93,105,-12,171,2025-12,
3112703,MG,ano_2025,749,945,-196,2061,2025-12,
3112802,MG,ano_2025,1900,1714,186,3254,2025-12,
3112901,MG,ano_2025,218,217,1,344,2025-12,
3113008,MG,ano_2025,225,172,53,482,2025-12,
3113107,MG,ano_2025,26,32,-6,95,2025-12,
3113206,MG,ano_2025,1825,1835,-10,3452,2025-12,
3113305,MG,ano_2025,2125,1994,131,4513,2025-12,
3113404,MG,ano_2025,11475,11588,-113,19980,2025-12,
3113503,MG,ano_2025,554,491,63,1563,2025-12,
3113602,MG,ano_2025,570,578,-8,828,2025-12,
3113701,MG,ano_2025,1394,1368,26,2919,2025-12,
3113800,MG,ano_2025,40,28,12,131,2025-12,
3113909,MG,ano_2025,1704,1609,95,2804,2025-12,
3114006,MG,ano_2025,963,995,-32,2241,2025-12,
3114105,MG,ano_2025,1502,1320,182,2462,2025-12,
3114204,MG,ano_2025,2665,2637,28,5355,2025-12,
3114303,MG,ano_2025,2909,2812,97,4716,2025-12,
3114402,MG,ano_2025,2127,1986,141,3568,2025-12,
3114501,MG,ano_2025,1965,1881,84,3638,2025-12,
3114550,MG,ano_2025,1095,839,256,2689,2025-12,
3114600,MG,ano_2025,310,312,-2,638,2025-12,
3114709,MG,ano_2025,76,87,-11,189,2025-12,
3114808,MG,ano_2025,107,119,-12,342,2025-12,
3114907,MG,ano_2025,55,44,11,162,2025-12,
3115003,MG,ano_2025,842,811,31,540,2025-12,
3115102,MG,ano_2025,1601,1465,136,3278,2025-12,
3115201,MG,ano_2025,47,64,-17,183,2025-12,
3115300,MG,ano_2025,5334,5092,242,17291,2025-12,
3115359,MG,ano_2025,440,477,-37,1257,2025-12,
3115409,MG,ano_2025,41,22,19,99,2025-12,
3115458,MG,ano_2025,233,215,18,452,2025-12,
3115474,MG,ano_2025,29,14,15,76,2025-12,
3115508,MG,ano_2025,1278,1225,53,3136,2025-12,
3115607,MG,ano_2025,12,11,1,42,2025-12,
3115706,MG,ano_2025,129,135,-6,354,2025-12,
3115805,MG,ano_2025,452,410,42,959,2025-12,
3115904,MG,ano_2025,146,131,15,253,2025-12,
3116001,MG,ano_2025,76,74,2,182,2025-12,
3116100,MG,ano_2025,79,93,-14,153,2025-12,
3116159,MG,ano_2025,598,551,47,1042,2025-12,
3116209,MG,ano_2025,65,64,1,147,2025-12,
3116308,MG,ano_2025,215,235,-20,263,2025-12,
3116407,MG,ano_2025,366,444,-78,750,2025-12,
3116506,MG,ano_2025,176,163,13,380,2025-12,
3116605,MG,ano_2025,6724,6699,25,11275,2025-12,
3116704,MG,ano_2025,446,415,31,864,2025-12,
3116803,MG,ano_2025,152,125,27,377,2025-12,
3116902,MG,ano_2025,3788,3337,451,2863,2025-12,
3117009,MG,ano_2025,18,27,-9,97,2025-12,
3117108,MG,ano_2025,1009,883,126,1031,2025-12,
3117207,MG,ano_2025,91,87,4,93,2025-12,
3117306,MG,ano_2025,3642,3297,345,6379,2025-12,
3117405,MG,ano_2025,37,34,3,209,2025-12,
3117504,MG,ano_2025,6884,7941,-1057,8705,2025-12,
3117603,MG,ano_2025,688,656,32,1746,2025-12,
3117702,MG,ano_2025,1040,978,62,1916,2025-12,
3117801,MG,ano_2025,1150,1089,61,2110,2025-12,
3117836,MG,ano_2025,43,31,12,92,2025-12,
3117876,MG,ano_2025,3933,3676,257,6637,2025-12,
3117900,MG,ano_2025,835,728,107,1364,2025-12,
3118007,MG,ano_2025,11323,10999,324,19769,2025-12,
3118106,MG,ano_2025,72,72,0,127,2025-12,
3118205,MG,ano_2025,316,312,4,720,2025-12,
3118304,MG,ano_2025,13482,13699,-217,23888,2025-12,
3118403,MG,ano_2025,1020,1037,-17,1906,2025-12,
3118502,MG,ano_2025,66,66,0,85,2025-12,
3118601,MG,ano_2025,140396,137434,2962,217022,2025-12,
3118700,MG,ano_2025,768,720,48,1314,2025-12,
3118809,MG,ano_2025,477,431,46,1090,2025-12,
3118908,MG,ano_2025,319,293,26,736,2025-12,
3119005,MG,ano_2025,173,173,0,304,2025-12,
3119104,MG,ano_2025,1465,1605,-140,2876,2025-12,
3119203,MG,ano_2025,140,115,25,274,2025-12,
3119302,MG,ano_2025,3458,3267,191,5829,2025-12,
3119401,MG,ano_2025,9968,9600,368,16804,2025-12,
3119500,MG,ano_2025,117,98,19,340,2025-12,
3119609,MG,ano_2025,206,183,23,387,2025-12,
3119708,MG,ano_2025,268,212,56,582,2025-12,
3119807,MG,ano_2025,859,858,1,527,2025-12,
3119906,MG,ano_2025,132,106,26,341,2025-12,
3119955,MG,ano_2025,983,776,207,1759,2025-12,
3120003,MG,ano_2025,23,45,-22,112,2025-12,
3120102,MG,ano_2025,140,143,-3,326,2025-12,
3120151,MG,ano_2025,67,78,-11,190,2025-12,
3120201,MG,ano_2025,2003,1797,206,2938,2025-12,
3120300,MG,ano_2025,106,107,-1,257,2025-12,
3120409,MG,ano_2025,300,310,-10,603,2025-12,
3120508,MG,ano_2025,642,604,38,1485,2025-12,
3120607,MG,ano_2025,228,186,42,520,2025-12,
3120706,MG,ano_2025,340,323,17,576,2025-12,
3120805,MG,ano_2025,1138,1076,62,2657,2025-12,
3120839,MG,ano_2025,109,89,20,233,2025-12,
3120870,MG,ano_2025,225,154,71,406,2025-12,
3120904,MG,ano_2025,12328,11691,637,20955,2025-12,
3121001,MG,ano_2025,128,140,-12,321,2025-12,
3121100,MG,ano_2025,229,240,-11,682,2025-12,
3121209,MG,ano_2025,1174,1181,-7,2302,2025-12,
3121258,MG,ano_2025,1826,2143,-317,4374,2025-12,
3121308,MG,ano_2025,280,291,-11,786,2025-12,
3121407,MG,ano_2025,222,460,-238,643,2025-12,
3121506,MG,ano_2025,52,47,5,129,2025-12,
3121605,MG,ano_2025,3845,3616,229,8777,2025-12,
3121704,MG,ano_2025,44,34,10,106,2025-12,
3121803,MG,ano_2025,146,186,-40,519,2025-12,
3121902,MG,ano_2025,252,208,44,421,2025-12,
3122009,MG,ano_2025,1028,813,215,1814,2025-12,
3122108,MG,ano_2025,81,89,-8,152,2025-12,
3122207,MG,ano_2025,183,152,31,347,2025-12,
3122306,MG,ano_2025,37046,37014,32,61218,2025-12,
3122355,MG,ano_2025,198,184,14,537,2025-12,
3122405,MG,ano_2025,440,350,90,601,2025-12,
3122454,MG,ano_2025,124,104,20,414,2025-12,
3122470,MG,ano_2025,87,100,-13,189,2025-12,
3122504,MG,ano_2025,197,187,10,361,2025-12,
3122603,MG,ano_2025,190,233,-43,269,2025-12,
3122702,MG,ano_2025,307,288,19,789,2025-12,
3122801,MG,ano_2025,83,78,5,156,2025-12,
3122900,MG,ano_2025,666,600,66,1214,2025-12,
3123007,MG,ano_2025,1035,996,39,3028,2025-12,
3123106,MG,ano_2025,86,122,-36,348,2025-12,
3123205,MG,ano_2025,1219,1043,176,1895,2025-12,
3123304,MG,ano_2025,69,75,-6,212,2025-12,
3123403,MG,ano_2025,43,42,1,124,2025-12,
3123502,MG,ano_2025,47,52,-5,121,2025-12,
3123528,MG,ano_2025,102,108,-6,190,2025-12,
3123601,MG,ano_2025,3265,3057,208,5697,2025-12,
3123700,MG,ano_2025,493,510,-17,932,2025-12,
3123809,MG,ano_2025,240,236,4,522,2025-12,
3123858,MG,ano_2025,101,97,4,213,2025-12,
3123908,MG,ano_2025,801,797,4,1846,2025-12,
3124005,MG,ano_2025,984,947,37,2072,2025-12,
3124104,MG,ano_2025,3557,3434,123,6656,2025-12,
3124203,MG,ano_2025,1740,1625,115,3252,2025-12,
3124302,MG,ano_2025,1158,1080,78,2363,2025-12,
3124401,MG,ano_2025,262,255,7,436,2025-12,
3124500,MG,ano_2025,885,861,24,2101,2025-12,
3124609,MG,ano_2025,51,51,0,161,2025-12,
3124708,MG,ano_2025,93,95,-2,270,2025-12,
3124807,MG,ano_2025,482,349,133,799,2025-12,
3124906,MG,ano_2025,467,508,-41,1134,2025-12,
3125002,MG,ano_2025,207,222,-15,406,2025-12,
3125101,MG,ano_2025,33718,32257,1461,40193,2025-12,
3125200,MG,ano_2025,143,127,16,245,2025-12,
3125309,MG,ano_2025,94,81,13,288,2025-12,
3125408,MG,ano_2025,122,94,28,273,2025-12,
3125507,MG,ano_2025,47,45,2,154,2025-12,
3125606,MG,ano_2025,88,88,0,259,2025-12,
3125705,MG,ano_2025,1006,1183,-177,1990,2025-12,
3125804,MG,ano_2025,55,68,-13,161,2025-12,
3125903,MG,ano_2025,214,229,-15,638,2025-12,
3125952,MG,ano_2025,280,264,16,476,2025-12,
3126000,MG,ano_2025,657,650,7,1146,2025-12,
3126109,MG,ano_2025,13032,12952,80,22809,2025-12,
3126208,MG,ano_2025,420,377,43,799,2025-12,
3126307,MG,ano_2025,191,201,-10,298,2025-12,
3126406,MG,ano_2025,148,155,-7,317,2025-12,
3126505,MG,ano_2025,62,46,16,208,2025-12,
3126604,MG,ano_2025,904,855,49,794,2025-12,
3126703,MG,ano_2025,662,659,3,1760,2025-12,
3126752,MG,ano_2025,92,107,-15,268,2025-12,
3126802,MG,ano_2025,85,86,-1,256,2025-12,
3126901,MG,ano_2025,313,388,-75,694,2025-12,
3126950,MG,ano_2025,26,16,10,31,2025-12,
3127008,MG,ano_2025,1246,1120,126,1352,2025-12,
3127057,MG,ano_2025,56,30,26,97,2025-12,
3127073,MG,ano_2025,64,60,4,91,2025-12,
3127107,MG,ano_2025,10159,9420,739,16149,2025-12,
3127206,MG,ano_2025,577,474,103,851,2025-12,
3127305,MG,ano_2025,252,230,22,535,2025-12,
3127339,MG,ano_2025,18,11,7,77,2025-12,
3127354,MG,ano_2025,54,41,13,146,2025-12,
3127370,MG,ano_2025,59,60,-1,152,2025-12,
3127388,MG,ano_2025,170,156,14,477,2025-12,
3127404,MG,ano_2025,240,243,-3,480,2025-12,
3127503,MG,ano_2025,165,150,15,286,2025-12,
3127602,MG,ano_2025,435,459,-24,1456,2025-12,
3127701,MG,ano_2025,31611,32571,-960,53969,2025-12,
3127800,MG,ano_2025,547,529,18,1268,2025-12,
3127909,MG,ano_2025,23,43,-20,118,2025-12,
3128006,MG,ano_2025,3375,3260,115,7233,2025-12,
3128105,MG,ano_2025,1105,1120,-15,1756,2025-12,
3128204,MG,ano_2025,1077,1067,10,2369,2025-12,
3128253,MG,ano_2025,31,80,-49,116,2025-12,
3128303,MG,ano_2025,3185,2977,208,5628,2025-12,
3128402,MG,ano_2025,451,586,-135,1111,2025-12,
3128501,MG,ano_2025,214,247,-33,380,2025-12,
3128600,MG,ano_2025,1411,1377,34,1483,2025-12,
3128709,MG,ano_2025,7639,7598,41,14323,2025-12,
3128808,MG,ano_2025,636,590,46,1043,2025-12,
3128907,MG,ano_2025,686,625,61,917,2025-12,
3129004,MG,ano_2025,406,363,43,862,2025-12,
3129103,MG,ano_2025,290,307,-17,529,2025-12,
3129202,MG,ano_2025,472,521,-49,813,2025-12,
3129301,MG,ano_2025,427,398,29,813,2025-12,
3129400,MG,ano_2025,182,187,-5,358,2025-12,
3129509,MG,ano_2025,4962,5043,-81,5222,2025-12,
3129608,MG,ano_2025,111,95,16,230,2025-12,
3129657,MG,ano_2025,17,16,1,28,2025-12,
3129707,MG,ano_2025,1601,1557,44,2147,2025-12,
3129806,MG,ano_2025,9631,10119,-488,15255,2025-12,
3129905,MG,ano_2025,113,109,4,240,2025-12,
3130002,MG,ano_2025,111,84,27,227,2025-12,
3130051,MG,ano_2025,135,154,-19,331,2025-12,
3130101,MG,ano_2025,5830,5307,523,8585,2025-12,
3130200,MG,ano_2025,2013,2014,-1,3204,2025-12,
3130309,MG,ano_2025,459,560,-101,1005,2025-12,
3130408,MG,ano_2025,638,666,-28,1486,2025-12,
3130507,MG,ano_2025,1333,1319,14,1781,2025-12,
3130556,MG,ano_2025,125,114,11,276,2025-12,
3130606,MG,ano_2025,388,376,12,799,2025-12,
3130655,MG,ano_2025,112,99,13,217,2025-12,
3130705,MG,ano_2025,1460,1354,106,2758,2025-12,
3130804,MG,ano_2025,269,232,37,452,2025-12,
3130903,MG,ano_2025,835,874,-39,1769,2025-12,
3131000,MG,ano_2025,582,587,-5,1133,2025-12,
3131109,MG,ano_2025,472,396,76,678,2025-12,
3131158,MG,ano_2025,480,483,-3,798,2025-12,
3131208,MG,ano_2025,903,842,61,2060,2025-12,
3131307,MG,ano_2025,38522,38237,285,67555,2025-12,
3131406,MG,ano_2025,717,513,204,538,2025-12,
3131505,MG,ano_2025,518,533,-15,1101,2025-12,
3131604,MG,ano_2025,972,989,-17,1026,2025-12,
3131703,MG,ano_2025,18687,18087,600,34991,2025-12,
3131802,MG,ano_2025,385,387,-2,743,2025-12,
3131901,MG,ano_2025,10433,11698,-1265,18386,2025-12,
3132008,MG,ano_2025,113,94,19,355,2025-12,
3132107,MG,ano_2025,610,621,-11,1219,2025-12,
3132206,MG,ano_2025,1782,1627,155,3122,2025-12,
3132305,MG,ano_2025,252,230,22,421,2025-12,
3132404,MG,ano_2025,10652,10776,-124,23506,2025-12,
3132503,MG,ano_2025,2396,1972,424,4704,2025-12,
3132602,MG,ano_2025,119,129,-10,334,2025-12,
3132701,MG,ano_2025,1200,1034,166,2245,2025-12,
3132800,MG,ano_2025,21,27,-6,100,2025-12,
3132909,MG,ano_2025,797,772,25,1329,2025-12,
3133006,MG,ano_2025,1240,1165,75,3528,2025-12,
3133105,MG,ano_2025,1709,1658,51,4182,2025-12,
3133204,MG,ano_2025,261,198,63,639,2025-12,
3133303,MG,ano_2025,899,783,116,2055,2025-12,
3133402,MG,ano_2025,1178,1043,135,2787,2025-12,
3133501,MG,ano_2025,1767,1672,95,4453,2025-12,
3133600,MG,ano_2025,2470,2339,131,3153,2025-12,
3133709,MG,ano_2025,3371,3284,87,5865,2025-12,
3133758,MG,ano_2025,1714,1784,-70,3213,2025-12,
3133808,MG,ano_2025,17642,19738,-2096,28959,2025-12,
3133907,MG,ano_2025,119,104,15,277,2025-12,
3134004,MG,ano_2025,388,1212,-824,1055,2025-12,
3134103,MG,ano_2025,191,161,30,335,2025-12,
3134202,MG,ano_2025,11038,10376,662,21844,2025-12,
3134301,MG,ano_2025,115,134,-19,263,2025-12,
3134400,MG,ano_2025,5871,5778,93,10720,2025-12,
3134509,MG,ano_2025,313,272,41,553,2025-12,
3134608,MG,ano_2025,1046,953,93,2101,2025-12,
3134707,MG,ano_2025,139,112,27,504,2025-12,
3134806,MG,ano_2025,532,560,-28,722,2025-12,
3134905,MG,ano_2025,5100,4930,170,7745,2025-12,
3135001,MG,ano_2025,309,295,14,514,2025-12,
3135050,MG,ano_2025,4672,4889,-217,7789,2025-12,
3135076,MG,ano_2025,78,72,6,196,2025-12,
3135100,MG,ano_2025,6544,5815,729,13038,2025-12,
3135209,MG,ano_2025,2991,3048,-57,5165,2025-12,
3135308,MG,ano_2025,279,230,49,607,2025-12,
3135357,MG,ano_2025,85,71,14,193,2025-12,
3135407,MG,ano_2025,554,795,-241,3190,2025-12,
3135456,MG,ano_2025,81,81,0,136,2025-12,
3135506,MG,ano_2025,357,330,27,1079,2025-12,
3135605,MG,ano_2025,219,235,-16,546,2025-12,
3135704,MG,ano_2025,440,489,-49,771,2025-12,
3135803,MG,ano_2025,614,573,41,1488,2025-12,
3135902,MG,ano_2025,236,212,24,423,2025-12,
3136009,MG,ano_2025,191,151,40,619,2025-12,
3136108,MG,ano_2025,36,35,1,108,2025-12,
3136207,MG,ano_2025,13935,13733,202,21882,2025-12,
3136306,MG,ano_2025,8422,8564,-142,13685,2025-12,
3136405,MG,ano_2025,59,75,-16,155,2025-12,
3136504,MG,ano_2025,145,112,33,427,2025-12,
3136520,MG,ano_2025,38,44,-6,78,2025-12,
3136553,MG,ano_2025,194,134,60,317,2025-12,
3136579,MG,ano_2025,152,146,6,401,2025-12,
3136603,MG,ano_2025,230,221,9,524,2025-12,
3136652,MG,ano_2025,6615,6802,-187,8782,2025-12,
3136702,MG,ano_2025,77381,72217,5164,147697,2025-12,
3136801,MG,ano_2025,46,53,-7,190,2025-12,
3136900,MG,ano_2025,1639,1631,8,2092,2025-12,
3136959,MG,ano_2025,49,48,1,121,2025-12,
3137007,MG,ano_2025,149,126,23,276,2025-12,
3137106,MG,ano_2025,375,362,13,788,2025-12,
3137205,MG,ano_2025,7105,7010,95,15012,2025-12,
3137304,MG,ano_2025,68,51,17,143,2025-12,
3137403,MG,ano_2025,905,724,181,1868,2025-12,
3137502,MG,ano_2025,3012,2655,357,3800,2025-12,
3137536,MG,ano_2025,1200,1122,78,1586,2025-12,
3137601,MG,ano_2025,9578,8814,764,17748,2025-12,
3137700,MG,ano_2025,956,854,102,2004,2025-12,
3137809,MG,ano_2025,1285,1295,-10,2657,2025-12,
3137908,MG,ano_2025,48,43,5,138,2025-12,
3138005,MG,ano_2025,371,352,19,853,2025-12,
3138104,MG,ano_2025,1203,1052,151,1830,2025-12,
3138203,MG,ano_2025,14611,13994,617,27036,2025-12,
3138302,MG,ano_2025,114,93,21,268,2025-12,
3138351,MG,ano_2025,134,101,33,184,2025-12,
3138401,MG,ano_2025,3869,3747,122,9503,2025-12,
3138500,MG,ano_2025,148,143,5,382,2025-12,
3138609,MG,ano_2025,898,806,92,2438,2025-12,
3138625,MG,ano_2025,1296,1158,138,3154,2025-12,
3138658,MG,ano_2025,242,261,-19,367,2025-12,
3138674,MG,ano_2025,82,84,-2,158,2025-12,
3138682,MG,ano_2025,27,33,-6,104,2025-12,
3138708,MG,ano_2025,467,475,-8,883,2025-12,
3138807,MG,ano_2025,2120,2098,22,3856,2025-12,
3138906,MG,ano_2025,137,106,31,321,2025-12,
3139003,MG,ano_2025,5111,4770,341,8955,2025-12,
3139102,MG,ano_2025,386,374,12,929,2025-12,
3139201,MG,ano_2025,471,463,8,1078,2025-12,
3139250,MG,ano_2025,86,42,44,167,2025-12,
3139300,MG,ano_2025,438,375,63,1254,2025-12,
3139409,MG,ano_2025,12152,11443,709,19934,2025-12,
3139508,MG,ano_2025,1456,1518,-62,2641,2025-12,
3139607,MG,ano_2025,1534,1482,52,3298,2025-12,
3139706,MG,ano_2025,883,793,90,1459,2025-12,
3139805,MG,ano_2025,1533,1455,78,3269,2025-12,
3139904,MG,ano_2025,599,522,77,1275,2025-12,
3140001,MG,ano_2025,12383,14459,-2076,17271,2025-12,
3140100,MG,ano_2025,155,137,18,360,2025-12,
3140159,MG,ano_2025,954,1037,-83,1765,2025-12,
3140209,MG,ano_2025,418,378,40,781,2025-12,
3140308,MG,ano_2025,89,102,-13,199,2025-12,
3140407,MG,ano_2025,64,57,7,146,2025-12,
3140506,MG,ano_2025,2388,2303,85,4276,2025-12,
3140530,MG,ano_2025,473,398,75,717,2025-12,
3140555,MG,ano_2025,48,55,-7,150,2025-12,
3140605,MG,ano_2025,95,65,30,206,2025-12,
3140704,MG,ano_2025,5450,5148,302,6938,2025-12,
3140803,MG,ano_2025,4386,4594,-208,8685,2025-12,
3140852,MG,ano_2025,337,354,-17,876,2025-12,
3140902,MG,ano_2025,1028,983,45,2155,2025-12,
3141009,MG,ano_2025,328,346,-18,802,2025-12,
3141108,MG,ano_2025,11174,10221,953,17124,2025-12,
3141207,MG,ano_2025,216,202,14,373,2025-12,
3141306,MG,ano_2025,463,403,60,677,2025-12,
3141405,MG,ano_2025,451,390,61,1349,2025-12,
3141504,MG,ano_2025,129,116,13,274,2025-12,
3141603,MG,ano_2025,329,306,23,937,2025-12,
3141702,MG,ano_2025,39,39,0,118,2025-12,
3141801,MG,ano_2025,828,737,91,1874,2025-12,
3141900,MG,ano_2025,351,399,-48,706,2025-12,
3142007,MG,ano_2025,254,248,6,677,2025-12,
3142106,MG,ano_2025,386,379,7,923,2025-12,
3142205,MG,ano_2025,933,871,62,2488,2025-12,
3142254,MG,ano_2025,19,22,-3,57,2025-12,
3142304,MG,ano_2025,308,329,-21,557,2025-12,
3142403,MG,ano_2025,416,394,22,799,2025-12,
3142502,MG,ano_2025,39,54,-15,126,2025-12,
3142601,MG,ano_2025,992,894,98,1724,2025-12,
3142700,MG,ano_2025,256,245,11,722,2025-12,
3142809,MG,ano_2025,2094,2018,76,3333,2025-12,
3142908,MG,ano_2025,281,250,31,933,2025-12,
3143005,MG,ano_2025,2204,2299,-95,4151,2025-12,
3143104,MG,ano_2025,6650,6275,375,10190,2025-12,
3143153,MG,ano_2025,23,36,-13,74,2025-12,
3143203,MG,ano_2025,2087,2076,11,3693,2025-12,
3143302,MG,ano_2025,53204,51930,1274,94739,2025-12,
3143401,MG,ano_2025,2287,2228,59,4615,2025-12,
3143450,MG,ano_2025,89,94,-5,354,2025-12,
3143500,MG,ano_2025,1530,1522,8,2279,2025-12,
3143609,MG,ano_2025,138,116,22,204,2025-12,
3143708,MG,ano_2025,27,21,6,116,2025-12,
3143807,MG,ano_2025,402,366,36,883,2025-12,
3143906,MG,ano_2025,12101,10798,1303,25887,2025-12,
3144003,MG,ano_2025,1196,1034,162,2422,2025-12,
3144102,MG,ano_2025,2638,2712,-74,3510,2025-12,
3144201,MG,ano_2025,24,24,0,35,2025-12,
3144300,MG,ano_2025,2966,2789,177,5943,2025-12,
3144359,MG,ano_2025,202,190,12,372,2025-12,
3144375,MG,ano_2025,147,109,38,264,2025-12,
3144409,MG,ano_2025,182,203,-21,314,2025-12,
3144508,MG,ano_2025,787,733,54,1923,2025-12,
3144607,MG,ano_2025,1930,1796,134,3757,2025-12,
3144656,MG,ano_2025,225,202,23,548,2025-12,
3144672,MG,ano_2025,26,16,10,45,2025-12,
3144706,MG,ano_2025,1205,1267,-62,3926,2025-12,
3144805,MG,ano_2025,31609,30256,1353,58909,2025-12,
3144904,MG,ano_2025,52,67,-15,204,2025-12,
3145000,MG,ano_2025,2152,2376,-224,2976,2025-12,
3145059,MG,ano_2025,573,525,48,1149,2025-12,
3145109,MG,ano_2025,1381,1426,-45,1376,2025-12,
3145208,MG,ano_2025,19260,18866,394,25155,2025-12,
3145307,MG,ano_2025,604,564,40,1416,2025-12,
3145356,MG,ano_2025,158,140,18,400,2025-12,
3145372,MG,ano_2025,292,320,-28,387,2025-12,
3145406,MG,ano_2025,64,62,2,116,2025-12,
3145455,MG,ano_2025,539,587,-48,968,2025-12,
3145505,MG,ano_2025,87,90,-3,185,2025-12,
3145604,MG,ano_2025,5204,5099,105,9825,2025-12,
3145703,MG,ano_2025,25,18,7,57,2025-12,
3145802,MG,ano_2025,187,152,35,369,2025-12,
3145851,MG,ano_2025,193,197,-4,363,2025-12,
3145877,MG,ano_2025,96,91,5,169,2025-12,
3145901,MG,ano_2025,9468,9455,13,16370,2025-12,
3146008,MG,ano_2025,3289,3471,-182,6512,2025-12,
3146107,MG,ano_2025,14144,12519,1625,23373,2025-12,
3146206,MG,ano_2025,58,54,4,141,2025-12,
3146255,MG,ano_2025,64,83,-19,131,2025-12,
3146305,MG,ano_2025,595,600,-5,1008,2025-12,
3146404,MG,ano_2025,150,149,1,328,2025-12,
3146503,MG,ano_2025,1208,1147,61,2599,2025-12,
3146552,MG,ano_2025,30,26,4,83,2025-12,
3146602,MG,ano_2025,111,19,92,84,2025-12,
3146701,MG,ano_2025,95,106,-11,360,2025-12,
3146750,MG,ano_2025,44,44,0,112,2025-12,
3146909,MG,ano_2025,1585,1415,170,3193,2025-12,
3147006,MG,ano_2025,25065,25258,-193,28169,2025-12,
3147105,MG,ano_2025,17383,16675,708,27705,2025-12,
3147204,MG,ano_2025,3679,3613,66,5412,2025-12,
3147303,MG,ano_2025,3983,2782,1201,5843,2025-12,
3147402,MG,ano_2025,2609,2842,-233,5563,2025-12,
3147501,MG,ano_2025,32,29,3,71,2025-12,
3147600,MG,ano_2025,1283,1267,16,3316,2025-12,
3147709,MG,ano_2025,924,757,167,1826,2025-12,
3147808,MG,ano_2025,120,87,33,233,2025-12,
3147907,MG,ano_2025,15537,15118,419,26748,2025-12,
3147956,MG,ano_2025,14,11,3,49,2025-12,
3148004,MG,ano_2025,33978,33161,817,50207,2025-12,
3148103,MG,ano_2025,15555,15498,57,22779,2025-12,
3148202,MG,ano_2025,344,275,69,739,2025-12,
3148301,MG,ano_2025,230,222,8,490,2025-12,
3148400,MG,ano_2025,135,115,20,286,2025-12,
3148509,MG,ano_2025,144,131,13,433,2025-12,
3148608,MG,ano_2025,522,407,115,1063,2025-12,
3148707,MG,ano_2025,748,670,78,2061,2025-12,
3148756,MG,ano_2025,90,66,24,111,2025-12,
3148806,MG,ano_2025,82,67,15,185,2025-12,
3148905,MG,ano_2025,622,580,42,1316,2025-12,
3149002,MG,ano_2025,65,59,6,118,2025-12,
3149101,MG,ano_2025,385,460,-75,1085,2025-12,
3149150,MG,ano_2025,187,162,25,362,2025-12,
3149200,MG,ano_2025,250,209,41,449,2025-12,
3149309,MG,ano_2025,11378,9844,1534,18591,2025-12,
3149408,MG,ano_2025,30,30,0,58,2025-12,
3149507,MG,ano_2025,180,206,-26,544,2025-12,
3149606,MG,ano_2025,287,263,24,528,2025-12,
3149705,MG,ano_2025,1552,1485,67,2450,2025-12,
3149804,MG,ano_2025,5839,5192,647,6688,2025-12,
3149903,MG,ano_2025,2250,2292,-42,4482,2025-12,
3149952,MG,ano_2025,204,203,1,370,2025-12,
3150000,MG,ano_2025,55,65,-10,173,2025-12,
3150109,MG,ano_2025,64,63,1,228,2025-12,
3150158,MG,ano_2025,454,459,-5,687,2025-12,
3150208,MG,ano_2025,305,236,69,606,2025-12,
3150307,MG,ano_2025,205,186,19,612,2025-12,
3150406,MG,ano_2025,88,82,6,223,2025-12,
3150505,MG,ano_2025,1016,930,86,1365,2025-12,
3150539,MG,ano_2025,148,150,-2,235,2025-12,
3150570,MG,ano_2025,92,93,-1,245,2025-12,
3150604,MG,ano_2025,230,251,-21,649,2025-12,
3150703,MG,ano_2025,1272,1301,-29,2775,2025-12,
3150802,MG,ano_2025,435,421,14,1147,2025-12,
3150901,MG,ano_2025,278,263,15,496,2025-12,
3151008,MG,ano_2025,736,652,84,972,2025-12,
3151107,MG,ano_2025,566,488,78,1961,2025-12,
3151206,MG,ano_2025,6135,6421,-286,13905,2025-12,
3151305,MG,ano_2025,1136,1101,35,2164,2025-12,
3151404,MG,ano_2025,1858,1973,-115,3876,2025-12,
3151503,MG,ano_2025,5208,4971,237,8180,2025-12,
3151602,MG,ano_2025,1196,1035,161,1381,2025-12,
3151701,MG,ano_2025,1386,1256,130,1823,2025-12,
3151800,MG,ano_2025,28635,29553,-918,51899,2025-12,
3151909,MG,ano_2025,134,107,27,341,2025-12,
3152006,MG,ano_2025,2932,2730,202,5881,2025-12,
3152105,MG,ano_2025,7558,6684,874,17408,2025-12,
3152131,MG,ano_2025,29,40,-11,127,2025-12,
3152170,MG,ano_2025,124,112,12,303,2025-12,
3152204,MG,ano_2025,1309,1102,207,2730,2025-12,
3152303,MG,ano_2025,194,185,9,447,2025-12,
3152402,MG,ano_2025,258,220,38,583,2025-12,
3152501,MG,ano_2025,38511,35908,2603,61285,2025-12,
3152600,MG,ano_2025,737,667,70,1805,2025-12,
3152709,MG,ano_2025,802,723,79,1749,2025-12,
3152808,MG,ano_2025,5000,4482,518,7749,2025-12,
3152907,MG,ano_2025,518,628,-110,1033,2025-12,
3153004,MG,ano_2025,564,647,-83,527,2025-12,
3153103,MG,ano_2025,80,79,1,257,2025-12,
3153202,MG,ano_2025,89,84,5,244,2025-12,
3153301,MG,ano_2025,27,34,-7,63,2025-12,
3153400,MG,ano_2025,2098,2151,-53,3040,2025-12,
3153509,MG,ano_2025,288,268,20,505,2025-12,
3153608,MG,ano_2025,888,849,39,1530,2025-12,
3153707,MG,ano_2025,144,151,-7,230,2025-12,
3153806,MG,ano_2025,131,109,22,208,2025-12,
3153905,MG,ano_2025,412,539,-127,757,2025-12,
3154002,MG,ano_2025,1097,930,167,2385,2025-12,
3154101,MG,ano_2025,252,239,13,735,2025-12,
3154150,MG,ano_2025,316,266,50,636,2025-12,
3154200,MG,ano_2025,513,498,15,1181,2025-12,
3154309,MG,ano_2025,786,731,55,1662,2025-12,
3154408,MG,ano_2025,224,195,29,660,2025-12,
3154457,MG,ano_2025,375,332,43,519,2025-12,
3154507,MG,ano_2025,519,367,152,1022,2025-12,
3154606,MG,ano_2025,17761,17334,427,28929,2025-12,
3154705,MG,ano_2025,380,384,-4,849,2025-12,
3154804,MG,ano_2025,499,619,-120,1095,2025-12,
3154903,MG,ano_2025,806,814,-8,1746,2025-12,
3155009,MG,ano_2025,125,152,-27,194,2025-12,
3155108,MG,ano_2025,47,58,-11,129,2025-12,
3155207,MG,ano_2025,41,31,10,142,2025-12,
3155306,MG,ano_2025,226,181,45,394,2025-12,
3155405,MG,ano_2025,400,331,69,861,2025-12,
3155504,MG,ano_2025,13853,13188,665,7197,2025-12,
3155603,MG,ano_2025,519,568,-49,983,2025-12,
3155702,MG,ano_2025,1420,1202,218,2291,2025-12,
3155801,MG,ano_2025,1346,1263,83,2995,2025-12,
3155900,MG,ano_2025,89,81,8,373,2025-12,
3156007,MG,ano_2025,200,179,21,513,2025-12,
3156106,MG,ano_2025,323,309,14,622,2025-12,
3156205,MG,ano_2025,300,299,1,437,2025-12,
3156304,MG,ano_2025,2593,2230,363,4614,2025-12,
3156403,MG,ano_2025,522,513,9,833,2025-12,
3156452,MG,ano_2025,129,128,1,346,2025-12,
3156502,MG,ano_2025,88,75,13,143,2025-12,
3156601,MG,ano_2025,121,107,14,416,2025-12,
3156700,MG,ano_2025,10183,10032,151,18448,2025-12,
3156809,MG,ano_2025,476,550,-74,1170,2025-12,
3156908,MG,ano_2025,6944,6532,412,9088,2025-12,
3157005,MG,ano_2025,4332,3198,1134,7880,2025-12,
3157104,MG,ano_2025,118,118,0,483,2025-12,
3157203,MG,ano_2025,2579,2770,-191,5110,2025-12,
3157252,MG,ano_2025,193,178,15,363,2025-12,
3157278,MG,ano_2025,171,130,41,265,2025-12,
3157302,MG,ano_2025,73,84,-11,230,2025-12,
3157336,MG,ano_2025,695,575,120,1094,2025-12,
3157377,MG,ano_2025,26,22,4,60,2025-12,
3157401,MG,ano_2025,130,131,-1,323,2025-12,
3157500,MG,ano_2025,58,58,0,156,2025-12,
3157609,MG,ano_2025,345,278,67,384,2025-12,
3157658,MG,ano_2025,38,20,18,68,2025-12,
3157708,MG,ano_2025,3526,3527,-1,4180,2025-12,
3157807,MG,ano_2025,17674,16208,1466,30862,2025-12,
3157906,MG,ano_2025,403,429,-26,605,2025-12,
3158003,MG,ano_2025,713,637,76,1778,2025-12,
3158102,MG,ano_2025,27,25,2,68,2025-12,
3158201,MG,ano_2025,355,304,51,794,2025-12,
3158300,MG,ano_2025,1003,891,112,1706,2025-12,
3158409,MG,ano_2025,104,58,46,261,2025-12,
3158508,MG,ano_2025,128,121,7,302,2025-12,
3158607,MG,ano_2025,104,90,14,285,2025-12,
3158706,MG,ano_2025,106,52,54,152,2025-12,
3158805,MG,ano_2025,294,245,49,590,2025-12,
3158904,MG,ano_2025,313,300,13,653,2025-12,
3158953,MG,ano_2025,2857,2799,58,5452,2025-12,
3159001,MG,ano_2025,378,331,47,708,2025-12,
3159100,MG,ano_2025,69,68,1,189,2025-12,
3159209,MG,ano_2025,502,490,12,1456,2025-12,
3159308,MG,ano_2025,135,106,29,341,2025-12,
3159357,MG,ano_2025,487,480,7,769,2025-12,
3159407,MG,ano_2025,168,120,48,346,2025-12,
3159506,MG,ano_2025,196,221,-25,264,2025-12,
3159605,MG,ano_2025,6383,6607,-224,12497,2025-12,
3159704,MG,ano_2025,238,233,5,194,2025-12,
3159803,MG,ano_2025,2562,2398,164,4924,2025-12,
3159902,MG,ano_2025,2019,2006,13,2796,2025-12,
3160009,MG,ano_2025,150,105,45,375,2025-12,
3160108,MG,ano_2025,163,132,31,434,2025-12,
3160207,MG,ano_2025,40,31,9,104,2025-12,
3160306,MG,ano_2025,79,73,6,178,2025-12,
3160405,MG,ano_2025,3662,3384,278,5793,2025-12,
3160454,MG,ano_2025,47,44,3,115,2025-12,
3160504,MG,ano_2025,12,18,-6,50,2025-12,
3160603,MG,ano_2025,54,95,-41,240,2025-12,
3160702,MG,ano_2025,1986,2068,-82,5323,2025-12,
3160801,MG,ano_2025,184,207,-23,261,2025-12,
3160900,MG,ano_2025,202,205,-3,556,2025-12,
3160959,MG,ano_2025,256,261,-5,424,2025-12,
3161007,MG,ano_2025,854,891,-37,2030,2025-12,
3161056,MG,ano_2025,54,43,11,113,2025-12,
3161106,MG,ano_2025,1461,1223,238,3449,2025-12,
3161205,MG,ano_2025,411,410,1,880,2025-12,
3161304,MG,ano_2025,859,871,-12,857,2025-12,
3161403,MG,ano_2025,166,142,24,319,2025-12,
3161502,MG,ano_2025,1413,1354,59,2777,2025-12,
3161601,MG,ano_2025,28,19,9,71,2025-12,
3161650,MG,ano_2025,74,78,-4,147,2025-12,
3161700,MG,ano_2025,566,623,-57,1122,2025-12,
3161809,MG,ano_2025,1443,1362,81,2061,2025-12,
3161908,MG,ano_2025,2717,2476,241,6179,2025-12,
3162005,MG,ano_2025,3067,2972,95,5516,2025-12,
3162104,MG,ano_2025,11554,11054,500,9029,2025-12,
3162203,MG,ano_2025,656,577,79,1378,2025-12,
3162252,MG,ano_2025,67,58,9,156,2025-12,
3162302,MG,ano_2025,95,117,-22,147,2025-12,
3162401,MG,ano_2025,334,309,25,1097,2025-12,
3162450,MG,ano_2025,29,17,12,89,2025-12,
3162500,MG,ano_2025,9947,9369,578,20003,2025-12,
3162559,MG,ano_2025,560,491,69,724,2025-12,
3162575,MG,ano_2025,281,272,9,617,2025-12,
3162609,MG,ano_2025,186,184,2,369,2025-12,
3162658,MG,ano_2025,43,31,12,68,2025-12,
3162708,MG,ano_2025,685,664,21,1566,2025-12,
3162807,MG,ano_2025,670,509,161,1277,2025-12,
3162906,MG,ano_2025,2181,2265,-84,5149,2025-12,
3162922,MG,ano_2025,8477,7287,1190,10533,2025-12,
3162948,MG,ano_2025,512,479,33,1234,2025-12,
3162955,MG,ano_2025,2829,2608,221,5311,2025-12,
3163003,MG,ano_2025,90,97,-7,221,2025-12,
3163102,MG,ano_2025,628,544,84,880,2025-12,
3163201,MG,ano_2025,94,123,-29,286,2025-12,
3163300,MG,ano_2025,19,24,-5,72,2025-12,
3163409,MG,ano_2025,123,148,-25,293,2025-12,
3163508,MG,ano_2025,107,117,-10,249,2025-12,
3163607,MG,ano_2025,48,48,0,55,2025-12,
3163706,MG,ano_2025,4546,4426,120,11015,2025-12,
3163805,MG,ano_2025,101,96,5,300,2025-12,
3163904,MG,ano_2025,411,362,49,494,2025-12,
3164001,MG,ano_2025,425,409,16,960,2025-12,
3164100,MG,ano_2025,103,82,21,277,2025-12,
3164209,MG,ano_2025,186,284,-98,558,2025-12,
3164308,MG,ano_2025,1289,1248,41,1388,2025-12,
3164407,MG,ano_2025,1321,1083,238,1854,2025-12,
3164431,MG,ano_2025,52,23,29,106,2025-12,
3164472,MG,ano_2025,78,99,-21,141,2025-12,
3164506,MG,ano_2025,71,75,-4,186,2025-12,
3164605,MG,ano_2025,2293,1980,313,4483,2025-12,
3164704,MG,ano_2025,10635,10262,373,18548,2025-12,
3164803,MG,ano_2025,22,21,1,44,2025-12,
3164902,MG,ano_2025,149,145,4,251,2025-12,
3165008,MG,ano_2025,877,824,53,1764,2025-12,
3165107,MG,ano_2025,649,651,-2,1122,2025-12,
3165206,MG,ano_2025,655,626,29,1255,2025-12,
3165305,MG,ano_2025,575,576,-1,1557,2025-12,
3165404,MG,ano_2025,673,577,96,1339,2025-12,
3165503,MG,ano_2025,183,147,36,353,2025-12,
3165537,MG,ano_2025,5923,4912,1011,9996,2025-12,
3165552,MG,ano_2025,57,73,-16,179,2025-12,
3165560,MG,ano_2025,28,37,-9,58,2025-12,
3165578,MG,ano_2025,495,466,29,819,2025-12,
3165602,MG,ano_2025,75,88,-13,236,2025-12,
3165701,MG,ano_2025,469,433,36,859,2025-12,
3165800,MG,ano_2025,23,15,8,42,2025-12,
3165909,MG,ano_2025,96,117,-21,195,2025-12,
3166006,MG,ano_2025,88,81,7,284,2025-12,
3166105,MG,ano_2025,61,56,5,113,2025-12,
3166204,MG,ano_2025,188,210,-22,475,2025-12,
3166303,MG,ano_2025,109,99,10,236,2025-12,
3166402,MG,ano_2025,89,83,6,206,2025-12,
3166501,MG,ano_2025,33,27,6,78,2025-12,
3166600,MG,ano_2025,36,21,15,108,2025-12,
3166709,MG,ano_2025,845,1026,-181,1120,2025-12,
3166808,MG,ano_2025,4277,3895,382,4393,2025-12,
3166907,MG,ano_2025,698,692,6,1028,2025-12,
3166956,MG,ano_2025,25,18,7,58,2025-12,
3167004,MG,ano_2025,347,324,23,219,2025-12,
3167103,MG,ano_2025,727,735,-8,1851,2025-12,
3167202,MG,ano_2025,34208,34007,201,63984,2025-12,
3167301,MG,ano_2025,71,75,-4,109,2025-12,
3167400,MG,ano_2025,368,329,39,723,2025-12,
3167509,MG,ano_2025,113,189,-76,322,2025-12,
3167608,MG,ano_2025,502,404,98,777,2025-12,
3167707,MG,ano_2025,50,60,-10,167,2025-12,
3167806,MG,ano_2025,284,268,16,525,2025-12,
3167905,MG,ano_2025,212,197,15,398,2025-12,
3168002,MG,ano_2025,1916,1745,171,4543,2025-12,
3168051,MG,ano_2025,41,43,-2,119,2025-12,
3168101,MG,ano_2025,1480,1196,284,2241,2025-12,
3168200,MG,ano_2025,473,389,84,196,2025-12,
3168309,MG,ano_2025,79,85,-6,238,2025-12,
3168408,MG,ano_2025,381,350,31,831,2025-12,
3168507,MG,ano_2025,417,351,66,1067,2025-12,
3168606,MG,ano_2025,14990,13593,1397,28962,2025-12,
3168705,MG,ano_2025,9517,9480,37,16826,2025-12,
3168804,MG,ano_2025,1771,1779,-8,2586,2025-12,
3168903,MG,ano_2025,1520,1494,26,1281,2025-12,
3169000,MG,ano_2025,1255,1220,35,2711,2025-12,
3169059,MG,ano_2025,52,38,14,134,2025-12,
3169109,MG,ano_2025,320,289,31,515,2025-12,
3169208,MG,ano_2025,245,230,15,649,2025-12,
3169307,MG,ano_2025,7800,8136,-336,16438,2025-12,
3169356,MG,ano_2025,3767,3658,109,6196,2025-12,
3169406,MG,ano_2025,9168,9060,108,15294,2025-12,
3169505,MG,ano_2025,145,156,-11,240,2025-12,
3169604,MG,ano_2025,3392,3373,19,5638,2025-12,
3169703,MG,ano_2025,1667,1377,290,3893,2025-12,
3169802,MG,ano_2025,368,345,23,692,2025-12,
3169901,MG,ano_2025,16379,15686,693,29842,2025-12,
3170008,MG,ano_2025,79,50,29,213,2025-12,
3170057,MG,ano_2025,464,423,41,933,2025-12,
3170107,MG,ano_2025,62393,61295,1098,96681,2025-12,
3170206,MG,ano_2025,148435,146531,1904,230668,2025-12,
3170305,MG,ano_2025,40,50,-10,116,2025-12,
3170404,MG,ano_2025,13518,12948,570,18829,2025-12,
3170438,MG,ano_2025,822,572,250,910,2025-12,
3170479,MG,ano_2025,91,96,-5,205,2025-12,
3170503,MG,ano_2025,1230,2123,-893,3017,2025-12,
3170529,MG,ano_2025,282,243,39,482,2025-12,
3170578,MG,ano_2025,173,158,15,382,2025-12,
3170602,MG,ano_2025,214,216,-2,238,2025-12,
3170651,MG,ano_2025,85,101,-16,213,2025-12,
3170701,MG,ano_2025,29186,28493,693,46321,2025-12,
3170750,MG,ano_2025,720,695,25,1251,2025-12,
3170800,MG,ano_2025,2943,3127,-184,5747,2025-12,
3170909,MG,ano_2025,161,121,40,485,2025-12,
3171006,MG,ano_2025,2541,2801,-260,4957,2025-12,
3171030,MG,ano_2025,326,305,21,679,2025-12,
3171071,MG,ano_2025,340,320,20,837,2025-12,
3171105,MG,ano_2025,382,394,-12,644,2025-12,
3171154,MG,ano_2025,79,64,15,124,2025-12,
3171204,MG,ano_2025,9237,9352,-115,18974,2025-12,
3171303,MG,ano_2025,8196,7466,730,18320,2025-12,
3171402,MG,ano_2025,56,58,-2,188,2025-12,
3171501,MG,ano_2025,196,145,51,711,2025-12,
3171600,MG,ano_2025,359,396,-37,1660,2025-12,
3171709,MG,ano_2025,625,617,8,1350,2025-12,
3171808,MG,ano_2025,456,380,76,899,2025-12,
3171907,MG,ano_2025,29,21,8,96,2025-12,
3172004,MG,ano_2025,5074,4829,245,11556,2025-12,
3172103,MG,ano_2025,369,295,74,814,2025-12,
3172202,MG,ano_2025,107,100,7,240,2025-12,
3200102,ES,ano_2025,1322,1340,-18,2636,2025-12,
3200136,ES,ano_2025,662,681,-19,787,2025-12,
3200169,ES,ano_2025,316,283,33,710,2025-12,
3200201,ES,ano_2025,1182,1199,-17,2900,2025-12,
3200300,ES,ano_2025,1817,1704,113,3151,2025-12,
3200359,ES,ano_2025,398,332,66,670,2025-12,
3200409,ES,ano_2025,5094,3914,1180,7016,2025-12,
3200508,ES,ano_2025,235,187,48,458,2025-12,
3200607,ES,ano_2025,33489,30965,2524,33002,2025-12,
3200706,ES,ano_2025,1368,1264,104,2975,2025-12,
3200805,ES,ano_2025,2457,2571,-114,4311,2025-12,
3200904,ES,ano_2025,3571,3550,21,7180,2025-12,
3201001,ES,ano_2025,1176,1225,-49,1630,2025-12,
3201100,ES,ano_2025,666,633,33,1261,2025-12,
3201159,ES,ano_2025,549,555,-6,880,2025-12,
3201209,ES,ano_2025,23476,22314,1162,48336,2025-12,
3201308,ES,ano_2025,40690,39396,1294,61633,2025-12,
3201407,ES,ano_2025,3900,3712,188,7482,2025-12,
3201506,ES,ano_2025,18580,19246,-666,32174,2025-12,
3201605,ES,ano_2025,1764,1796,-32,3014,2025-12,
3201704,ES,ano_2025,618,635,-17,1243,2025-12,
3201803,ES,ano_2025,163,164,-1,288,2025-12,
3201902,ES,ano_2025,3515,3462,53,6304,2025-12,
3202009,ES,ano_2025,365,315,50,688,2025-12,
3202108,ES,ano_2025,920,986,-66,1870,2025-12,
3202207,ES,ano_2025,2080,1929,151,3131,2025-12,
3202256,ES,ano_2025,568,555,13,806,2025-12,
3202306,ES,ano_2025,1789,1708,81,3921,2025-12,
3202405,ES,ano_2025,15417,14342,1075,24310,2025-12,
3202454,ES,ano_2025,1443,1358,85,2342,2025-12,
3202504,ES,ano_2025,2344,2330,14,2715,2025-12,
3202553,ES,ano_2025,222,189,33,371,2025-12,
3202603,ES,ano_2025,1751,1798,-47,3637,2025-12,
3202652,ES,ano_2025,435,406,29,784,2025-12,
3202702,ES,ano_2025,1075,937,138,1497,2025-12,
3202801,ES,ano_2025,3908,4387,-479,5608,2025-12,
3202900,ES,ano_2025,867,771,96,2067,2025-12,
3203007,ES,ano_2025,1695,1654,41,2877,2025-12,
3203056,ES,ano_2025,4658,4614,44,4144,2025-12,
3203106,ES,ano_2025,438,407,31,754,2025-12,
3203130,ES,ano_2025,2798,2526,272,3076,2025-12,
3203163,ES,ano_2025,243,226,17,598,2025-12,
3203205,ES,ano_2025,37990,36895,1095,49888,2025-12,
3203304,ES,ano_2025,373,348,25,597,2025-12,
3203320,ES,ano_2025,3768,3534,234,5542,2025-12,
3203346,ES,ano_2025,2361,2329,32,3731,2025-12,
3203353,ES,ano_2025,1264,1176,88,1880,2025-12,
3203403,ES,ano_2025,1151,929,222,2641,2025-12,
3203502,ES,ano_2025,1509,1518,-9,3203,2025-12,
3203601,ES,ano_2025,380,303,77,650,2025-12,
3203700,ES,ano_2025,731,740,-9,1544,2025-12,
3203809,ES,ano_2025,561,523,38,1645,2025-12,
3203908,ES,ano_2025,6223,6597,-374,8212,2025-12,
3204005,ES,ano_2025,833,829,4,1174,2025-12,
3204054,ES,ano_2025,2028,1838,190,3272,2025-12,
3204104,ES,ano_2025,3701,3300,401,5148,2025-12,
3204203,ES,ano_2025,1909,1860,49,2815,2025-12,
3204252,ES,ano_2025,318,293,25,533,2025-12,
3204302,ES,ano_2025,754,603,151,1173,2025-12,
3204351,ES,ano_2025,2056,1989,67,2155,2025-12,
3204401,ES,ano_2025,637,515,122,1297,2025-12,
3204500,ES,ano_2025,473,473,0,755,2025-12,
3204559,ES,ano_2025,5030,4907,123,8143,2025-12,
3204609,ES,ano_2025,2194,2194,0,3849,2025-12,
3204658,ES,ano_2025,875,889,-14,1287,2025-12,
3204708,ES,ano_2025,3480,3964,-484,5390,2025-12,
3204807,ES,ano_2025,311,344,-33,721,2025-12,
3204906,ES,ano_2025,16091,16390,-299,23343,2025-12,
3204955,ES,ano_2025,798,811,-13,1642,2025-12,
3205002,ES,ano_2025,103795,102604,1191,161230,2025-12,
3205010,ES,ano_2025,6234,5996,238,4938,2025-12,
3205036,ES,ano_2025,1673,1581,92,3250,2025-12,
3205069,ES,ano_2025,3057,2903,154,5431,2025-12,
3205101,ES,ano_2025,12740,11841,899,20988,2025-12,
3205150,ES,ano_2025,505,501,4,557,2025-12,
3205176,ES,ano_2025,2924,2902,22,1819,2025-12,
3205200,ES,ano_2025,72747,71944,803,116965,2025-12,
3205309,ES,ano_2025,89434,88324,1110,163561,2025-12,
3300100,RJ,ano_2025,23278,19426,3852,43187,2025-12,
3300159,RJ,ano_2025,532,526,6,1395,2025-12,
3300209,RJ,ano_2025,11858,10501,1357,22092,2025-12,
3300225,RJ,ano_2025,2158,1448,710,3421,2025-12,
3300233,RJ,ano_2025,9404,8565,839,13735,2025-12,
3300258,RJ,ano_2025,2866,2348,518,5048,2025-12,
3300308,RJ,ano_2025,8344,7739,605,16606,2025-12,
3300407,RJ,ano_2025,16948,16449,499,32454,2025-12,
3300456,RJ,ano_2025,10278,9696,582,24039,2025-12,
3300506,RJ,ano_2025,2270,1942,328,5167,2025-12,
3300605,RJ,ano_2025,2560,2265,295,7303,2025-12,
3300704,RJ,ano_2025,23329,21787,1542,39441,2025-12,
3300803,RJ,ano_2025,3253,2621,632,7665,2025-12,
3300902,RJ,ano_2025,408,359,49,950,2025-12,
3300936,RJ,ano_2025,854,724,130,1440,2025-12,
3300951,RJ,ano_2025,1217,1166,51,2343,2025-12,
3301009,RJ,ano_2025,37826,36792,1034,84831,2025-12,
3301108,RJ,ano_2025,1180,973,207,3529,2025-12,
3301157,RJ,ano_2025,642,575,67,1211,2025-12,
3301207,RJ,ano_2025,843,879,-36,2872,2025-12,
3301306,RJ,ano_2025,2975,2821,154,5572,2025-12,
3301405,RJ,ano_2025,675,657,18,1535,2025-12,
3301504,RJ,ano_2025,1986,1772,214,4035,2025-12,
3301603,RJ,ano_2025,707,385,322,1331,2025-12,
3301702,RJ,ano_2025,74382,68116,6266,164310,2025-12,
3301801,RJ,ano_2025,382,368,14,1074,2025-12,
3301850,RJ,ano_2025,3674,2946,728,7445,2025-12,
3301876,RJ,ano_2025,1298,1060,238,2153,2025-12,
3301900,RJ,ano_2025,15019,12907,2112,30845,2025-12,
3302007,RJ,ano_2025,14129,12260,1869,26792,2025-12,
3302056,RJ,ano_2025,722,656,66,1601,2025-12,
3302106,RJ,ano_2025,1118,996,122,2872,2025-12,
3302205,RJ,ano_2025,13079,11279,1800,27635,2025-12,
3302254,RJ,ano_2025,3651,3646,5,8471,2025-12,
3302270,RJ,ano_2025,3367,3885,-518,6425,2025-12,
3302304,RJ,ano_2025,280,244,36,687,2025-12,
3302403,RJ,ano_2025,61746,53953,7793,140919,2025-12,
3302452,RJ,ano_2025,1532,900,632,2230,2025-12,
3302502,RJ,ano_2025,9398,8980,418,19739,2025-12,
3302601,RJ,ano_2025,3791,3797,-6,6503,2025-12,
3302700,RJ,ano_2025,14904,14147,757,27038,2025-12,
3302809,RJ,ano_2025,865,695,170,1795,2025-12,
3302858,RJ,ano_2025,6501,6251,250,15623,2025-12,
3302908,RJ,ano_2025,1898,1927,-29,4680,2025-12,
3303005,RJ,ano_2025,1272,1063,209,3170,2025-12,
3303104,RJ,ano_2025,479,415,64,1669,2025-12,
3303203,RJ,ano_2025,8939,8371,568,14555,2025-12,
3303302,RJ,ano_2025,77319,75542,1777,178316,2025-12,
3303401,RJ,ano_2025,25041,25232,-191,49878,2025-12,
3303500,RJ,ano_2025,41846,40584,1262,95986,2025-12,
3303609,RJ,ano_2025,4133,3036,1097,8345,2025-12,
3303708,RJ,ano_2025,2433,2478,-45,6455,2025-12,
3303807,RJ,ano_2025,6102,5620,482,8988,2025-12,
3303856,RJ,ano_2025,1551,1385,166,3221,2025-12,
3303906,RJ,ano_2025,29721,29187,534,70129,2025-12,
3303955,RJ,ano_2025,1818,1674,144,3040,2025-12,
3304003,RJ,ano_2025,2601,2704,-103,6652,2025-12,
3304102,RJ,ano_2025,584,498,86,1424,2025-12,
3304110,RJ,ano_2025,2532,2323,209,7008,2025-12,
3304128,RJ,ano_2025,639,704,-65,1251,2025-12,
3304144,RJ,ano_2025,7267,7051,216,15415,2025-12,
3304151,RJ,ano_2025,661,581,80,1534,2025-12,
3304201,RJ,ano_2025,17019,16881,138,38592,2025-12,
3304300,RJ,ano_2025,5683,5299,384,13478,2025-12,
3304409,RJ,ano_2025,601,557,44,1427,2025-12,
3304508,RJ,ano_2025,1662,1146,516,2744,2025-12,
3304524,RJ,ano_2025,18894,17112,1782,32874,2025-12,
3304557,RJ,ano_2025,882591,840731,41860,1995795,2025-12,
3304607,RJ,ano_2025,314,227,87,887,2025-12,
3304706,RJ,ano_2025,3238,3030,208,7691,2025-12,
3304755,RJ,ano_2025,2077,2215,-138,2608,2025-12,
3304805,RJ,ano_2025,1328,1182,146,3748,2025-12,
3304904,RJ,ano_2025,46458,43342,3116,102409,2025-12,
3305000,RJ,ano_2025,7220,6158,1062,17764,2025-12,
3305109,RJ,ano_2025,23381,21206,2175,52520,2025-12,
3305133,RJ,ano_2025,136,105,31,478,2025-12,
3305158,RJ,ano_2025,2033,1854,179,3810,2025-12,
3305208,RJ,ano_2025,7775,7172,603,14254,2025-12,
3305307,RJ,ano_2025,138,106,32,528,2025-12,
3305406,RJ,ano_2025,1304,1268,36,3886,2025-12,
3305505,RJ,ano_2025,9303,8616,687,16190,2025-12,
3305554,RJ,ano_2025,7071,4782,2289,14898,2025-12,
3305604,RJ,ano_2025,1217,1225,-8,7345,2025-12,
3305703,RJ,ano_2025,818,782,36,1534,2025-12,
3305752,RJ,ano_2025,1636,1351,285,3500,2025-12,
3305802,RJ,ano_2025,20134,18131,2003,38866,2025-12,
3305901,RJ,ano_2025,135,189,-54,426,2025-12,
3306008,RJ,ano_2025,8752,8269,483,21075,2025-12,
3306107,RJ,ano_2025,4595,3963,632,11548,2025-12,
3306156,RJ,ano_2025,382,287,95,670,2025-12,
3306206,RJ,ano_2025,2659,2626,33,7310,2025-12,
3306305,RJ,ano_2025,34071,35296,-1225,78969,2025-12,
3500105,SP,ano_2025,5168,4594,574,12222,2025-12,
3500204,SP,ano_2025,446,401,45,1065,2025-12,
3500303,SP,ano_2025,5224,5012,212,9251,2025-12,
3500402,SP,ano_2025,410,441,-31,933,2025-12,
3500501,SP,ano_2025,3042,3078,-36,6020,2025-12,
3500550,SP,ano_2025,1088,986,102,1540,2025-12,
3500600,SP,ano_2025,512,480,32,1051,2025-12,
3500709,SP,ano_2025,6675,6171,504,10056,2025-12,
3500758,SP,ano_2025,398,381,17,793,2025-12,
3500808,SP,ano_2025,547,532,15,1554,2025-12,
3500907,SP,ano_2025,350,265,85,995,2025-12,
3501004,SP,ano_2025,2439,2342,97,2995,2025-12,
3501103,SP,ano_2025,265,252,13,621,2025-12,
3501152,SP,ano_2025,2231,2001,230,8028,2025-12,
3501202,SP,ano_2025,189,164,25,495,2025-12,
3501301,SP,ano_2025,1324,1238,86,3368,2025-12,
3501400,SP,ano_2025,234,269,-35,316,2025-12,
3501509,SP,ano_2025,79,76,3,170,2025-12,
3501608,SP,ano_2025,46481,45981,500,79988,2025-12,
3501707,SP,ano_2025,5352,5466,-114,11147,2025-12,
3501806,SP,ano_2025,182,192,-10,371,2025-12,
3501905,SP,ano_2025,11372,11446,-74,27042,2025-12,
3502002,SP,ano_2025,607,563,44,1458,2025-12,
3502101,SP,ano_2025,9443,9273,170,18901,2025-12,
3502200,SP,ano_2025,2861,2300,561,6345,2025-12,
3502309,SP,ano_2025,472,483,-11,1114,2025-12,
3502408,SP,ano_2025,156,114,42,312,2025-12,
3502507,SP,ano_2025,6504,6162,342,11453,2025-12,
3502606,SP,ano_2025,382,358,24,621,2025-12,
3502705,SP,ano_2025,3446,2919,527,6522,2025-12,
3502754,SP,ano_2025,7114,6589,525,11554,2025-12,
3502804,SP,ano_2025,30750,29392,1358,57818,2025-12,
3502903,SP,ano_2025,4463,4157,306,7311,2025-12,
3503000,SP,ano_2025,366,359,7,806,2025-12,
3503109,SP,ano_2025,1158,944,214,1233,2025-12,
3503158,SP,ano_2025,84,71,13,364,2025-12,
3503208,SP,ano_2025,43643,43345,298,80283,2025-12,
3503307,SP,ano_2025,19574,18504,1070,37999,2025-12,
3503356,SP,ano_2025,73,67,6,150,2025-12,
3503406,SP,ano_2025,623,630,-7,1600,2025-12,
3503505,SP,ano_2025,465,565,-100,1000,2025-12,
3503604,SP,ano_2025,862,913,-51,1654,2025-12,
3503703,SP,ano_2025,1010,887,123,2447,2025-12,
3503802,SP,ano_2025,6425,6150,275,11326,2025-12,
3503901,SP,ano_2025,15831,15201,630,32264,2025-12,
3503950,SP,ano_2025,42,45,-3,47,2025-12,
3504008,SP,ano_2025,13266,13261,5,23316,2025-12,
3504107,SP,ano_2025,29974,27341,2633,54293,2025-12,
3504206,SP,ano_2025,1766,1553,213,2700,2025-12,
3504305,SP,ano_2025,822,771,51,1065,2025-12,
3504404,SP,ano_2025,1263,1239,24,2363,2025-12,
3504503,SP,ano_2025,13067,12904,163,22427,2025-12,
3504602,SP,ano_2025,5210,5210,0,5391,2025-12,
3504701,SP,ano_2025,51,35,16,89,2025-12,
3504800,SP,ano_2025,1261,1599,-338,1915,2025-12,
3504909,SP,ano_2025,684,537,147,1943,2025-12,
3505005,SP,ano_2025,148,166,-18,362,2025-12,
3505104,SP,ano_2025,465,397,68,815,2025-12,
3505203,SP,ano_2025,5396,4930,466,10307,2025-12,
3505302,SP,ano_2025,5192,6446,-1254,12561,2025-12,
3505351,SP,ano_2025,78,102,-24,171,2025-12,
3505401,SP,ano_2025,204,216,-12,426,2025-12,
3505500,SP,ano_2025,17820,16970,850,34821,2025-12,
3505609,SP,ano_2025,5899,5294,605,4919,2025-12,
3505708,SP,ano_2025,293119,284276,8843,386869,2025-12,
3505807,SP,ano_2025,3124,3042,82,6401,2025-12,
3505906,SP,ano_2025,8276,7950,326,18101,2025-12,
3506003,SP,ano_2025,94689,92899,1790,137948,2025-12,
3506102,SP,ano_2025,18318,17119,1199,28228,2025-12,
3506201,SP,ano_2025,301,393,-92,977,2025-12,
3506300,SP,ano_2025,1893,1239,654,2824,2025-12,
3506359,SP,ano_2025,9056,8003,1053,16032,2025-12,
3506409,SP,ano_2025,681,706,-25,1474,2025-12,
3506508,SP,ano_2025,19949,18355,1594,31940,2025-12,
3506607,SP,ano_2025,1744,1914,-170,3435,2025-12,
3506706,SP,ano_2025,1473,1463,10,3375,2025-12,
3506805,SP,ano_2025,1347,1627,-280,3596,2025-12,
3506904,SP,ano_2025,1279,1049,230,2332,2025-12,
3507001,SP,ano_2025,14277,14036,241,25132,2025-12,
3507100,SP,ano_2025,3214,3176,38,6298,2025-12,
3507159,SP,ano_2025,363,365,-2,481,2025-12,
3507209,SP,ano_2025,555,513,42,1215,2025-12,
3507308,SP,ano_2025,979,925,54,2091,2025-12,
3507407,SP,ano_2025,1755,1428,327,2780,2025-12,
3507456,SP,ano_2025,354,384,-30,529,2025-12,
3507506,SP,ano_2025,24743,23165,1578,48379,2025-12,
3507605,SP,ano_2025,33809,33904,-95,52183,2025-12,
3507704,SP,ano_2025,177,173,4,556,2025-12,
3507753,SP,ano_2025,56,69,-13,453,2025-12,
3507803,SP,ano_2025,2874,2610,264,5316,2025-12,
3507902,SP,ano_2025,3493,3638,-145,7724,2025-12,
3508009,SP,ano_2025,3221,2855,366,4716,2025-12,
3508108,SP,ano_2025,2311,1984,327,4683,2025-12,
3508207,SP,ano_2025,1084,1021,63,1933,2025-12,
3508306,SP,ano_2025,469,495,-26,851,2025-12,
3508405,SP,ano_2025,13469,12071,1398,21844,2025-12,
3508504,SP,ano_2025,9045,8331,714,22961,2025-12,
3508603,SP,ano_2025,1281,1297,-16,5336,2025-12,
3508702,SP,ano_2025,1333,1303,30,2472,2025-12,
3508801,SP,ano_2025,2535,2516,19,4114,2025-12,
3508900,SP,ano_2025,122,92,30,394,2025-12,
3509007,SP,ano_2025,13487,12560,927,23460,2025-12,
3509106,SP,ano_2025,95,89,6,262,2025-12,
3509205,SP,ano_2025,50670,47544,3126,57434,2025-12,
3509254,SP,ano_2025,2944,3025,-81,7110,2025-12,
3509304,SP,ano_2025,699,544,155,1337,2025-12,
3509403,SP,ano_2025,3544,3316,228,6511,2025-12,
3509452,SP,ano_2025,305,280,25,674,2025-12,
3509502,SP,ano_2025,258527,255118,3409,432557,2025-12,
3509601,SP,ano_2025,5035,5170,-135,11285,2025-12,
3509700,SP,ano_2025,8259,8012,247,15215,2025-12,
3509809,SP,ano_2025,416,394,22,707,2025-12,
3509908,SP,ano_2025,477,501,-24,1116,2025-12,
3509957,SP,ano_2025,526,564,-38,952,2025-12,
3510005,SP,ano_2025,2732,2623,109,6585,2025-12,
3510104,SP,ano_2025,421,483,-62,556,2025-12,
3510153,SP,ano_2025,175,147,28,495,2025-12,
3510203,SP,ano_2025,4950,4701,249,10299,2025-12,
3510302,SP,ano_2025,6223,4915,1308,6108,2025-12,
3510401,SP,ano_2025,7254,7566,-312,14998,2025-12,
3510500,SP,ano_2025,16391,16233,158,26974,2025-12,
3510609,SP,ano_2025,24229,23217,1012,36547,2025-12,
3510708,SP,ano_2025,591,483,108,1118,2025-12,
3510807,SP,ano_2025,4124,3924,200,7606,2025-12,
3510906,SP,ano_2025,229,199,30,598,2025-12,
3511003,SP,ano_2025,2364,2111,253,4215,2025-12,
3511102,SP,ano_2025,22057,22167,-110,41208,2025-12,
3511201,SP,ano_2025,405,369,36,517,2025-12,
3511300,SP,ano_2025,2304,2189,115,3501,2025-12,
3511409,SP,ano_2025,2830,2720,110,4791,2025-12,
3511508,SP,ano_2025,6590,6669,-79,13068,2025-12,
3511607,SP,ano_2025,4164,3863,301,7583,2025-12,
3511706,SP,ano_2025,1792,1678,114,3361,2025-12,
3511904,SP,ano_2025,857,723,134,1471,2025-12,
3512001,SP,ano_2025,3212,3715,-503,6998,2025-12,
3512100,SP,ano_2025,4303,3296,1007,4703,2025-12,
3512209,SP,ano_2025,3436,3260,176,5621,2025-12,
3512308,SP,ano_2025,1730,1633,97,3646,2025-12,
3512407,SP,ano_2025,5536,5525,11,12053,2025-12,
3512506,SP,ano_2025,807,792,15,1455,2025-12,
3512605,SP,ano_2025,676,643,33,745,2025-12,
3512704,SP,ano_2025,719,628,91,1374,2025-12,
3512803,SP,ano_2025,7126,5974,1152,12740,2025-12,
3512902,SP,ano_2025,558,867,-309,2283,2025-12,
3513009,SP,ano_2025,48952,47157,1795,87774,2025-12,
3513108,SP,ano_2025,7441,6835,606,13559,2025-12,
3513207,SP,ano_2025,1250,1239,11,2049,2025-12,
3513306,SP,ano_2025,132,167,-35,202,2025-12,
3513405,SP,ano_2025,4647,5313,-666,16951,2025-12,
3513504,SP,ano_2025,14762,13817,945,29572,2025-12,
3513603,SP,ano_2025,983,821,162,2841,2025-12,
3513702,SP,ano_2025,5264,5364,-100,12050,2025-12,
3513801,SP,ano_2025,44850,43327,1523,95360,2025-12,
3513850,SP,ano_2025,191,170,21,293,2025-12,
3513900,SP,ano_2025,1349,1290,59,2601,2025-12,
3514007,SP,ano_2025,380,385,-5,811,2025-12,
3514106,SP,ano_2025,3976,3485,491,6573,2025-12,
3514205,SP,ano_2025,40,51,-11,120,2025-12,
3514304,SP,ano_2025,1249,1204,45,3335,2025-12,
3514403,SP,ano_2025,5295,5217,78,11166,2025-12,
3514502,SP,ano_2025,1140,995,145,2527,2025-12,
3514601,SP,ano_2025,986,969,17,2438,2025-12,
3514700,SP,ano_2025,483,552,-69,823,2025-12,
3514809,SP,ano_2025,1028,984,44,2065,2025-12,
3514908,SP,ano_2025,4337,4601,-264,6646,2025-12,
3514924,SP,ano_2025,273,293,-20,555,2025-12,
3514957,SP,ano_2025,132,149,-17,152,2025-12,
3515004,SP,ano_2025,24713,23345,1368,45946,2025-12,
3515103,SP,ano_2025,3920,3699,221,10113,2025-12,
3515129,SP,ano_2025,203,99,104,507,2025-12,
3515152,SP,ano_2025,1996,1891,105,4310,2025-12,
3515186,SP,ano_2025,16993,16309,684,17053,2025-12,
3515194,SP,ano_2025,624,601,23,844,2025-12,
3515202,SP,ano_2025,2775,2409,366,4035,2025-12,
3515301,SP,ano_2025,31,24,7,100,2025-12,
3515350,SP,ano_2025,132,138,-6,342,2025-12,
3515400,SP,ano_2025,1880,1730,150,3507,2025-12,
3515509,SP,ano_2025,8800,8719,81,16769,2025-12,
3515608,SP,ano_2025,1191,1160,31,1616,2025-12,
3515657,SP,ano_2025,254,212,42,277,2025-12,
3515707,SP,ano_2025,11252,10776,476,21013,2025-12,
3515806,SP,ano_2025,14,14,0,73,2025-12,
3515905,SP,ano_2025,141,99,42,257,2025-12,
3516002,SP,ano_2025,1189,1120,69,1316,2025-12,
3516101,SP,ano_2025,81,70,11,229,2025-12,
3516200,SP,ano_2025,61290,61864,-574,97889,2025-12,
3516309,SP,ano_2025,5285,5051,234,8340,2025-12,
3516408,SP,ano_2025,11609,9963,1646,18701,2025-12,
3516507,SP,ano_2025,412,373,39,758,2025-12,
3516606,SP,ano_2025,572,590,-18,1485,2025-12,
3516705,SP,ano_2025,5340,4876,464,10619,2025-12,
3516804,SP,ano_2025,384,346,38,247,2025-12,
3516853,SP,ano_2025,1272,732,540,4563,2025-12,
3516903,SP,ano_2025,655,651,4,1264,2025-12,
3517000,SP,ano_2025,890,823,67,1466,2025-12,
3517109,SP,ano_2025,307,279,28,916,2025-12,
3517208,SP,ano_2025,1024,1080,-56,1794,2025-12,
3517307,SP,ano_2025,155,164,-9,404,2025-12,
3517406,SP,ano_2025,4861,4685,176,14987,2025-12,
3517505,SP,ano_2025,3927,3956,-29,5490,2025-12,
3517604,SP,ano_2025,595,574,21,2236,2025-12,
3517703,SP,ano_2025,2007,1936,71,3505,2025-12,
3517802,SP,ano_2025,375,370,5,1185,2025-12,
3517901,SP,ano_2025,844,639,205,2408,2025-12,
3518008,SP,ano_2025,215,163,52,236,2025-12,
3518107,SP,ano_2025,331,337,-6,803,2025-12,
3518206,SP,ano_2025,2563,2345,218,7261,2025-12,
3518305,SP,ano_2025,4554,4286,268,9461,2025-12,
3518404,SP,ano_2025,12797,11821,976,30623,2025-12,
3518503,SP,ano_2025,1092,1119,-27,2851,2025-12,
3518602,SP,ano_2025,4819,5218,-399,9295,2025-12,
3518701,SP,ano_2025,19714,19111,603,48951,2025-12,
3518800,SP,ano_2025,246662,234039,12623,403319,2025-12,
3518859,SP,ano_2025,789,1227,-438,1755,2025-12,
3518909,SP,ano_2025,218,220,-2,429,2025-12,
3519006,SP,ano_2025,1459,861,598,1947,2025-12,
3519055,SP,ano_2025,9218,8566,652,13034,2025-12,
3519071,SP,ano_2025,31879,31465,414,54746,2025-12,
3519105,SP,ano_2025,1567,1450,117,3333,2025-12,
3519204,SP,ano_2025,591,455,136,966,2025-12,
3519253,SP,ano_2025,546,549,-3,1675,2025-12,
3519303,SP,ano_2025,3987,3776,211,7844,2025-12,
3519402,SP,ano_2025,1417,1322,95,2236,2025-12,
3519501,SP,ano_2025,877,778,99,1293,2025-12,
3519600,SP,ano_2025,12694,12494,200,18298,2025-12,
3519709,SP,ano_2025,9845,9290,555,19346,2025-12,
3519808,SP,ano_2025,422,444,-22,1292,2025-12,
3519907,SP,ano_2025,347,327,20,806,2025-12,
3520004,SP,ano_2025,969,1001,-32,2010,2025-12,
3520103,SP,ano_2025,3767,3850,-83,6179,2025-12,
3520202,SP,ano_2025,875,874,1,1836,2025-12,
3520301,SP,ano_2025,1048,943,105,2357,2025-12,
3520400,SP,ano_2025,4692,4419,273,8725,2025-12,
3520426,SP,ano_2025,933,892,41,1458,2025-12,
3520442,SP,ano_2025,2293,2026,267,4127,2025-12,
3520509,SP,ano_2025,57705,56761,944,91164,2025-12,
3520608,SP,ano_2025,294,260,34,831,2025-12,
3520707,SP,ano_2025,257,266,-9,446,2025-12,
3520806,SP,ano_2025,271,246,25,925,2025-12,
3520905,SP,ano_2025,1253,1294,-41,2996,2025-12,
3521002,SP,ano_2025,3515,3461,54,6564,2025-12,
3521101,SP,ano_2025,981,953,28,2039,2025-12,
3521150,SP,ano_2025,725,650,75,1196,2025-12,
3521200,SP,ano_2025,161,154,7,475,2025-12,
3521309,SP,ano_2025,1773,1744,29,2799,2025-12,
3521408,SP,ano_2025,4732,3929,803,8140,2025-12,
3521507,SP,ano_2025,613,481,132,979,2025-12,
3521606,SP,ano_2025,130,127,3,508,2025-12,
3521705,SP,ano_2025,1735,1594,141,3051,2025-12,
3521804,SP,ano_2025,3031,3162,-131,5168,2025-12,
3521903,SP,ano_2025,2946,2724,222,4158,2025-12,
3522000,SP,ano_2025,494,450,44,737,2025-12,
3522109,SP,ano_2025,6474,5919,555,13000,2025-12,
3522158,SP,ano_2025,71,41,30,213,2025-12,
3522208,SP,ano_2025,16769,16024,745,24674,2025-12,
3522307,SP,ano_2025,24889,24285,604,41802,2025-12,
3522406,SP,ano_2025,10099,10117,-18,19349,2025-12,
3522505,SP,ano_2025,21620,20885,735,38767,2025-12,
3522604,SP,ano_2025,11711,11523,188,23838,2025-12,
3522653,SP,ano_2025,310,300,10,668,2025-12,
3522703,SP,ano_2025,6390,5645,745,11908,2025-12,
3522802,SP,ano_2025,932,891,41,1819,2025-12,
3522901,SP,ano_2025,3168,3050,118,5066,2025-12,
3523008,SP,ano_2025,261,355,-94,334,2025-12,
3523107,SP,ano_2025,34734,33322,1412,55490,2025-12,
3523206,SP,ano_2025,3672,3519,153,7954,2025-12,
3523305,SP,ano_2025,654,645,9,1420,2025-12,
3523404,SP,ano_2025,20888,20441,447,41682,2025-12,
3523503,SP,ano_2025,2217,1884,333,3082,2025-12,
3523602,SP,ano_2025,2066,1812,254,5735,2025-12,
3523701,SP,ano_2025,457,426,31,829,2025-12,
3523800,SP,ano_2025,674,604,70,1098,2025-12,
3523909,SP,ano_2025,28630,27815,815,58863,2025-12,
3524006,SP,ano_2025,19905,19909,-4,32608,2025-12,
3524105,SP,ano_2025,4496,4339,157,7529,2025-12,
3524204,SP,ano_2025,393,380,13,536,2025-12,
3524303,SP,ano_2025,11713,12659,-946,21222,2025-12,
3524402,SP,ano_2025,32085,30630,1455,54812,2025-12,
3524501,SP,ano_2025,2454,2151,303,4133,2025-12,
3524600,SP,ano_2025,1519,1520,-1,3988,2025-12,
3524709,SP,ano_2025,17412,17322,90,37791,2025-12,
3524808,SP,ano_2025,6146,5834,312,12358,2025-12,
3524907,SP,ano_2025,1616,1906,-290,3074,2025-12,
3525003,SP,ano_2025,11941,11719,222,20372,2025-12,
3525102,SP,ano_2025,6054,5931,123,10461,2025-12,
3525201,SP,ano_2025,6538,5798,740,11935,2025-12,
3525300,SP,ano_2025,21447,20684,763,39670,2025-12,
3525409,SP,ano_2025,684,723,-39,561,2025-12,
3525508,SP,ano_2025,1254,1153,101,2740,2025-12,
3525607,SP,ano_2025,185,207,-22,266,2025-12,
3525706,SP,ano_2025,6323,5935,388,11455,2025-12,
3525805,SP,ano_2025,47,85,-38,131,2025-12,
3525854,SP,ano_2025,891,744,147,1580,2025-12,
3525904,SP,ano_2025,117991,114895,3096,190796,2025-12,
3526001,SP,ano_2025,1794,1713,81,5455,2025-12,
3526100,SP,ano_2025,1112,1054,58,2059,2025-12,
3526209,SP,ano_2025,1723,1705,18,3743,2025-12,
3526308,SP,ano_2025,328,277,51,903,2025-12,
3526407,SP,ano_2025,6731,6650,81,10335,2025-12,
3526506,SP,ano_2025,122,131,-9,384,2025-12,
3526605,SP,ano_2025,315,270,45,980,2025-12,
3526704,SP,ano_2025,12396,11911,485,24442,2025-12,
3526803,SP,ano_2025,17939,16943,996,32509,2025-12,
3526902,SP,ano_2025,51055,49789,1266,93073,2025-12,
3527009,SP,ano_2025,1127,1099,28,2180,2025-12,
3527108,SP,ano_2025,11898,11723,175,28452,2025-12,
3527207,SP,ano_2025,7323,7020,303,18302,2025-12,
3527256,SP,ano_2025,72,43,29,148,2025-12,
3527306,SP,ano_2025,11865,10657,1208,19659,2025-12,
3527405,SP,ano_2025,1579,1530,49,3716,2025-12,
3527504,SP,ano_2025,829,615,214,1209,2025-12,
3527603,SP,ano_2025,4788,3628,1160,7820,2025-12,
3527702,SP,ano_2025,234,225,9,632,2025-12,
3527801,SP,ano_2025,258,203,55,735,2025-12,
3527900,SP,ano_2025,79,74,5,228,2025-12,
3528007,SP,ano_2025,1988,1829,159,3868,2025-12,
3528106,SP,ano_2025,704,1025,-321,1306,2025-12,
3528205,SP,ano_2025,175,159,16,318,2025-12,
3528304,SP,ano_2025,133,161,-28,513,2025-12,
3528403,SP,ano_2025,4886,4781,105,10709,2025-12,
3528502,SP,ano_2025,11344,10731,613,15708,2025-12,
3528601,SP,ano_2025,1238,1278,-40,2307,2025-12,
3528700,SP,ano_2025,133,190,-57,546,2025-12,
3528809,SP,ano_2025,1691,1554,137,4138,2025-12,
3528858,SP,ano_2025,875,1157,-282,1396,2025-12,
3528908,SP,ano_2025,93,68,25,381,2025-12,
3529005,SP,ano_2025,38602,37449,1153,70688,2025-12,
3529104,SP,ano_2025,48,48,0,160,2025-12,
3529203,SP,ano_2025,1400,1191,209,2719,2025-12,
3529302,SP,ano_2025,24345,20082,4263,36312,2025-12,
3529401,SP,ano_2025,41320,38965,2355,76630,2025-12,
3529500,SP,ano_2025,2013,1937,76,2767,2025-12,
3529609,SP,ano_2025,716,712,4,1996,2025-12,
3529658,SP,ano_2025,63,98,-35,118,2025-12,
3529708,SP,ano_2025,1382,1740,-358,2380,2025-12,
3529807,SP,ano_2025,732,795,-63,1436,2025-12,
3529906,SP,ano_2025,1349,1243,106,2904,2025-12,
3530003,SP,ano_2025,128,135,-7,210,2025-12,
3530102,SP,ano_2025,1511,1581,-70,3639,2025-12,
3530201,SP,ano_2025,931,747,184,3168,2025-12,
3530300,SP,ano_2025,10851,10092,759,18755,2025-12,
3530409,SP,ano_2025,922,830,92,1328,2025-12,
3530508,SP,ano_2025,9696,9241,455,20709,2025-12,
3530607,SP,ano_2025,74712,72909,1803,121652,2025-12,
3530706,SP,ano_2025,28155,25629,2526,49385,2025-12,
3530805,SP,ano_2025,17205,17004,201,34784,2025-12,
3530904,SP,ano_2025,484,479,5,895,2025-12,
3531001,SP,ano_2025,83,75,8,210,2025-12,
3531100,SP,ano_2025,5030,4430,600,8161,2025-12,
3531209,SP,ano_2025,932,815,117,1874,2025-12,
3531308,SP,ano_2025,7455,7230,225,14906,2025-12,
3531407,SP,ano_2025,3769,4077,-308,4736,2025-12,
3531506,SP,ano_2025,5138,2663,2475,8067,2025-12,
3531605,SP,ano_2025,419,434,-15,366,2025-12,
3531704,SP,ano_2025,184,171,13,670,2025-12,
3531803,SP,ano_2025,13037,11709,1328,17843,2025-12,
3531902,SP,ano_2025,3806,5469,-1663,7112,2025-12,
3532009,SP,ano_2025,1728,1646,82,4282,2025-12,
3532058,SP,ano_2025,359,372,-13,730,2025-12,
3532108,SP,ano_2025,79,76,3,233,2025-12,
3532157,SP,ano_2025,138,123,15,445,2025-12,
3532207,SP,ano_2025,946,613,333,3468,2025-12,
3532306,SP,ano_2025,224,239,-15,837,2025-12,
3532405,SP,ano_2025,1979,1701,278,3713,2025-12,
3532504,SP,ano_2025,932,788,144,1685,2025-12,
3532603,SP,ano_2025,700,740,-40,1516,2025-12,
3532702,SP,ano_2025,391,340,51,363,2025-12,
3532801,SP,ano_2025,1067,1127,-60,1897,2025-12,
3532827,SP,ano_2025,600,600,0,1657,2025-12,
3532843,SP,ano_2025,27,27,0,45,2025-12,
3532868,SP,ano_2025,239,355,-116,155,2025-12,
3532900,SP,ano_2025,864,889,-25,3214,2025-12,
3533007,SP,ano_2025,1568,1515,53,3101,2025-12,
3533106,SP,ano_2025,95,95,0,123,2025-12,
3533205,SP,ano_2025,677,718,-41,2127,2025-12,
3533254,SP,ano_2025,710,689,21,455,2025-12,
3533304,SP,ano_2025,156,158,-2,128,2025-12,
3533403,SP,ano_2025,17980,17439,541,27315,2025-12,
3533502,SP,ano_2025,5873,5674,199,11006,2025-12,
3533601,SP,ano_2025,2442,2379,63,4280,2025-12,
3533700,SP,ano_2025,619,490,129,1114,2025-12,
3533809,SP,ano_2025,153,149,4,205,2025-12,
3533908,SP,ano_2025,10097,10109,-12,18481,2025-12,
3534005,SP,ano_2025,1199,1139,60,2512,2025-12,
3534104,SP,ano_2025,332,322,10,682,2025-12,
3534203,SP,ano_2025,1294,1320,-26,2719,2025-12,
3534302,SP,ano_2025,6612,6812,-200,12960,2025-12,
3534401,SP,ano_2025,146656,121780,24876,227017,2025-12,
3534500,SP,ano_2025,114,113,1,225,2025-12,
3534609,SP,ano_2025,4322,3898,424,7919,2025-12,
3534708,SP,ano_2025,14980,14768,212,28604,2025-12,
3534757,SP,ano_2025,1706,1784,-78,2314,2025-12,
3534807,SP,ano_2025,358,353,5,551,2025-12,
3534906,SP,ano_2025,535,488,47,1123,2025-12,
3535002,SP,ano_2025,1133,1109,24,2975,2025-12,
3535101,SP,ano_2025,681,755,-74,993,2025-12,
3535200,SP,ano_2025,474,369,105,1053,2025-12,
3535309,SP,ano_2025,2066,1978,88,4284,2025-12,
3535408,SP,ano_2025,1502,1397,105,3121,2025-12,
3535507,SP,ano_2025,4695,3867,828,10104,2025-12,
3535606,SP,ano_2025,1016,928,88,2134,2025-12,
3535705,SP,ano_2025,756,739,17,1857,2025-12,
3535804,SP,ano_2025,3179,3109,70,5245,2025-12,
3535903,SP,ano_2025,380,341,39,723,2025-12,
3536000,SP,ano_2025,1344,1304,40,3064,2025-12,
3536109,SP,ano_2025,1549,1438,111,2743,2025-12,
3536208,SP,ano_2025,1800,1896,-96,3357,2025-12,
3536257,SP,ano_2025,150,163,-13,191,2025-12,
3536307,SP,ano_2025,2946,2739,207,5883,2025-12,
3536406,SP,ano_2025,902,889,13,1945,2025-12,
3536505,SP,ano_2025,38887,39213,-326,56869,2025-12,
3536570,SP,ano_2025,362,314,48,356,2025-12,
3536604,SP,ano_2025,337,313,24,639,2025-12,
3536703,SP,ano_2025,6518,6490,28,14187,2025-12,
3536802,SP,ano_2025,385,409,-24,1090,2025-12,
3536901,SP,ano_2025,129,132,-3,195,2025-12,
3537008,SP,ano_2025,2079,1883,196,3773,2025-12,
3537107,SP,ano_2025,8388,8061,327,13799,2025-12,
3537156,SP,ano_2025,179,162,17,464,2025-12,
3537206,SP,ano_2025,388,317,71,1075,2025-12,
3537305,SP,ano_2025,9418,8558,860,17507,2025-12,
3537404,SP,ano_2025,2138,1894,244,5052,2025-12,
3537503,SP,ano_2025,1426,1399,27,2750,2025-12,
3537602,SP,ano_2025,4984,4542,442,9868,2025-12,
3537701,SP,ano_2025,332,315,17,968,2025-12,
3537800,SP,ano_2025,4119,3837,282,8410,2025-12,
3537909,SP,ano_2025,3717,3592,125,7190,2025-12,
3538006,SP,ano_2025,16425,16073,352,38984,2025-12,
3538105,SP,ano_2025,1661,1489,172,3448,2025-12,
3538204,SP,ano_2025,1299,1178,121,2460,2025-12,
3538303,SP,ano_2025,183,157,26,412,2025-12,
3538501,SP,ano_2025,444,373,71,1538,2025-12,
3538600,SP,ano_2025,2570,2414,156,5082,2025-12,
3538709,SP,ano_2025,77335,76112,1223,147971,2025-12,
3538808,SP,ano_2025,3286,3185,101,6027,2025-12,
3538907,SP,ano_2025,1809,1927,-118,3428,2025-12,
3539004,SP,ano_2025,1457,1466,-9,2702,2025-12,
3539103,SP,ano_2025,1045,1122,-77,2001,2025-12,
3539202,SP,ano_2025,2731,2634,97,5352,2025-12,
3539301,SP,ano_2025,9670,9646,24,22059,2025-12,
3539400,SP,ano_2025,2191,2018,173,2227,2025-12,
3539509,SP,ano_2025,4296,4352,-56,8170,2025-12,
3539608,SP,ano_2025,1430,1274,156,3084,2025-12,
3539707,SP,ano_2025,184,150,34,524,2025-12,
3539806,SP,ano_2025,18438,18733,-295,26920,2025-12,
3539905,SP,ano_2025,545,924,-379,925,2025-12,
3540002,SP,ano_2025,3246,2927,319,9862,2025-12,
3540101,SP,ano_2025,107,134,-27,259,2025-12,
3540200,SP,ano_2025,5356,5241,115,10470,2025-12,
3540259,SP,ano_2025,210,212,-2,187,2025-12,
3540309,SP,ano_2025,495,574,-79,926,2025-12,
3540408,SP,ano_2025,262,206,56,428,2025-12,
3540507,SP,ano_2025,751,665,86,1661,2025-12,
3540606,SP,ano_2025,10702,9811,891,18468,2025-12,
3540705,SP,ano_2025,8326,8247,79,16150,2025-12,
3540754,SP,ano_2025,644,548,96,1739,2025-12,
3540804,SP,ano_2025,2427,2290,137,5332,2025-12,
3540853,SP,ano_2025,42,42,0,304,2025-12,
3540903,SP,ano_2025,3811,3510,301,8615,2025-12,
3541000,SP,ano_2025,29316,29045,271,54041,2025-12,
3541059,SP,ano_2025,800,755,45,1268,2025-12,
3541109,SP,ano_2025,192,222,-30,689,2025-12,
3541208,SP,ano_2025,814,723,91,2313,2025-12,
3541307,SP,ano_2025,2624,2427,197,5417,2025-12,
3541406,SP,ano_2025,36427,34202,2225,70831,2025-12,
3541505,SP,ano_2025,4052,3618,434,6526,2025-12,
3541604,SP,ano_2025,6299,5640,659,10955,2025-12,
3541653,SP,ano_2025,239,228,11,670,2025-12,
3541703,SP,ano_2025,1437,1302,135,3781,2025-12,
3541802,SP,ano_2025,638,621,17,2488,2025-12,
3541901,SP,ano_2025,832,654,178,2197,2025-12,
3542008,SP,ano_2025,664,640,24,1626,2025-12,
3542107,SP,ano_2025,1019,1034,-15,2654,2025-12,
3542206,SP,ano_2025,3533,3211,322,7270,2025-12,
3542305,SP,ano_2025,243,230,13,477,2025-12,
3542404,SP,ano_2025,2633,2238,395,5538,2025-12,
3542503,SP,ano_2025,1303,1113,190,2060,2025-12,
3542602,SP,ano_2025,6738,6702,36,14655,2025-12,
3542701,SP,ano_2025,1179,1135,44,1886,2025-12,
3542800,SP,ano_2025,178,175,3,550,2025-12,
3542909,SP,ano_2025,1352,1052,300,2677,2025-12,
3543006,SP,ano_2025,2427,2510,-83,3121,2025-12,
3543105,SP,ano_2025,618,466,152,909,2025-12,
3543204,SP,ano_2025,324,282,42,803,2025-12,
3543238,SP,ano_2025,49,39,10,117,2025-12,
3543253,SP,ano_2025,108,115,-7,369,2025-12,
3543303,SP,ano_2025,9917,9496,421,21322,2025-12,
3543402,SP,ano_2025,154912,151286,3626,257981,2025-12,
3543501,SP,ano_2025,167,150,17,407,2025-12,
3543600,SP,ano_2025,597,567,30,1130,2025-12,
3543709,SP,ano_2025,562,514,48,1695,2025-12,
3543808,SP,ano_2025,1132,1052,80,1922,2025-12,
3543907,SP,ano_2025,37139,36670,469,67430,2025-12,
3544004,SP,ano_2025,3796,3963,-167,9696,2025-12,
3544103,SP,ano_2025,986,1041,-55,2661,2025-12,
3544202,SP,ano_2025,511,438,73,910,2025-12,
3544251,SP,ano_2025,998,947,51,1952,2025-12,
3544301,SP,ano_2025,1379,1302,77,2305,2025-12,
3544400,SP,ano_2025,109,117,-8,473,2025-12,
3544509,SP,ano_2025,296,278,18,498,2025-12,
3544608,SP,ano_2025,182,193,-11,404,2025-12,
3544707,SP,ano_2025,88,76,12,190,2025-12,
3544806,SP,ano_2025,333,327,6,720,2025-12,
3544905,SP,ano_2025,1974,1697,277,2957,2025-12,
3545001,SP,ano_2025,919,849,70,2340,2025-12,
3545100,SP,ano_2025,330,314,16,459,2025-12,
3545159,SP,ano_2025,997,987,10,1940,2025-12,
3545209,SP,ano_2025,20024,19080,944,36682,2025-12,
3545308,SP,ano_2025,3834,3290,544,7788,2025-12,
3545407,SP,ano_2025,606,647,-41,1755,2025-12,
3545506,SP,ano_2025,1151,1083,68,1781,2025-12,
3545605,SP,ano_2025,1433,1744,-311,3964,2025-12,
3545704,SP,ano_2025,710,731,-21,2009,2025-12,
3545803,SP,ano_2025,29039,29117,-78,54349,2025-12,
3546009,SP,ano_2025,896,886,10,2432,2025-12,
3546108,SP,ano_2025,495,481,14,629,2025-12,
3546207,SP,ano_2025,473,430,43,1326,2025-12,
3546256,SP,ano_2025,161,171,-10,551,2025-12,
3546306,SP,ano_2025,2786,2668,118,5296,2025-12,
3546405,SP,ano_2025,8807,7869,938,17823,2025-12,
3546504,SP,ano_2025,225,222,3,674,2025-12,
3546603,SP,ano_2025,4789,4688,101,8525,2025-12,
3546702,SP,ano_2025,4338,4036,302,10726,2025-12,
3546801,SP,ano_2025,5054,5146,-92,12198,2025-12,
3546900,SP,ano_2025,370,344,26,786,2025-12,
3547007,SP,ano_2025,519,494,25,1209,2025-12,
3547106,SP,ano_2025,565,501,64,553,2025-12,
3547205,SP,ano_2025,25,22,3,70,2025-12,
3547304,SP,ano_2025,33700,33925,-225,57529,2025-12,
3547403,SP,ano_2025,57,68,-11,135,2025-12,
3547502,SP,ano_2025,8391,12337,-3946,7656,2025-12,
3547601,SP,ano_2025,2236,2230,6,5098,2025-12,
3547650,SP,ano_2025,122,80,42,174,2025-12,
3547700,SP,ano_2025,1407,1302,105,2983,2025-12,
3547809,SP,ano_2025,156538,151498,5040,224343,2025-12,
3547908,SP,ano_2025,760,718,42,1386,2025-12,
3548005,SP,ano_2025,4208,3968,240,8617,2025-12,
3548054,SP,ano_2025,748,665,83,1447,2025-12,
3548104,SP,ano_2025,544,481,63,1322,2025-12,
3548203,SP,ano_2025,574,567,7,1320,2025-12,
3548302,SP,ano_2025,131,111,20,169,2025-12,
3548401,SP,ano_2025,246,224,22,359,2025-12,
3548500,SP,ano_2025,78805,72474,6331,183878,2025-12,
3548609,SP,ano_2025,683,598,85,1975,2025-12,
3548708,SP,ano_2025,166957,162753,4204,277527,2025-12,
3548807,SP,ano_2025,67781,64999,2782,122945,2025-12,
3548906,SP,ano_2025,47541,45716,1825,88437,2025-12,
3549003,SP,ano_2025,28,30,-2,77,2025-12,
3549102,SP,ano_2025,11439,11638,-199,24720,2025-12,
3549201,SP,ano_2025,75,66,9,133,2025-12,
3549250,SP,ano_2025,14,22,-8,56,2025-12,
3549300,SP,ano_2025,126,93,33,329,2025-12,
3549409,SP,ano_2025,5434,5156,278,14744,2025-12,
3549508,SP,ano_2025,377,328,49,1036,2025-12,
3549607,SP,ano_2025,110,106,4,573,2025-12,
3549706,SP,ano_2025,10127,10007,120,14981,2025-12,
3549805,SP,ano_2025,93447,91275,2172,159951,2025-12,
3549904,SP,ano_2025,119017,112711,6306,211330,2025-12,
3549953,SP,ano_2025,2549,2722,-173,4217,2025-12,
3550001,SP,ano_2025,600,610,-10,1873,2025-12,
3550100,SP,ano_2025,4354,4300,54,8280,2025-12,
3550209,SP,ano_2025,2708,2557,151,5787,2025-12,
3550308,SP,ano_2025,2913186,2818071,95115,4879045,2025-12,
3550407,SP,ano_2025,5181,4485,696,8547,2025-12,
3550506,SP,ano_2025,1156,1090,66,1755,2025-12,
3550605,SP,ano_2025,16772,15841,931,25623,2025-12,
3550704,SP,ano_2025,10694,10501,193,20102,2025-12,
3550803,SP,ano_2025,1841,1781,60,2838,2025-12,
3550902,SP,ano_2025,1399,1475,-76,4085,2025-12,
3551009,SP,ano_2025,16609,15590,1019,35102,2025-12,
3551108,SP,ano_2025,1379,1436,-57,2731,2025-12,
3551207,SP,ano_2025,220,230,-10,466,2025-12,
3551306,SP,ano_2025,985,755,230,2409,2025-12,
3551405,SP,ano_2025,432,456,-24,910,2025-12,
3551504,SP,ano_2025,4714,4700,14,8115,2025-12,
3551603,SP,ano_2025,3225,3007,218,7051,2025-12,
3551702,SP,ano_2025,32366,33700,-1334,48471,2025-12,
3551801,SP,ano_2025,771,824,-53,2097,2025-12,
3551900,SP,ano_2025,1996,1858,138,1972,2025-12,
3552007,SP,ano_2025,201,198,3,922,2025-12,
3552106,SP,ano_2025,4049,3811,238,9134,2025-12,
3552205,SP,ano_2025,146037,140594,5443,233365,2025-12,
3552304,SP,ano_2025,608,555,53,1086,2025-12,
3552403,SP,ano_2025,40832,39608,1224,64436,2025-12,
3552502,SP,ano_2025,32326,32564,-238,59932,2025-12,
3552551,SP,ano_2025,530,600,-70,1931,2025-12,
3552601,SP,ano_2025,1027,876,151,1788,2025-12,
3552700,SP,ano_2025,2312,1965,347,3375,2025-12,
3552809,SP,ano_2025,39605,39462,143,62633,2025-12,
3552908,SP,ano_2025,399,403,-4,595,2025-12,
3553005,SP,ano_2025,2281,2410,-129,4071,2025-12,
3553104,SP,ano_2025,263,246,17,463,2025-12,
3553203,SP,ano_2025,372,331,41,858,2025-12,
3553302,SP,ano_2025,2776,2535,241,5800,2025-12,
3553401,SP,ano_2025,2583,2676,-93,5392,2025-12,
3553500,SP,ano_2025,338,353,-15,1116,2025-12,
3553609,SP,ano_2025,993,1028,-35,2337,2025-12,
3553658,SP,ano_2025,199,172,27,488,2025-12,
3553708,SP,ano_2025,6460,6375,85,11027,2025-12,
3553807,SP,ano_2025,3465,3151,314,5031,2025-12,
3553856,SP,ano_2025,1149,1229,-80,1732,2025-12,
3553906,SP,ano_2025,582,556,26,1249,2025-12,
3553955,SP,ano_2025,3302,3311,-9,5350,2025-12,
3554003,SP,ano_2025,18531,15642,2889,33860,2025-12,
3554102,SP,ano_2025,47630,44968,2662,86997,2025-12,
3554201,SP,ano_2025,493,418,75,610,2025-12,
3554300,SP,ano_2025,1491,1325,166,3040,2025-12,
3554409,SP,ano_2025,833,866,-33,820,2025-12,
3554508,SP,ano_2025,8492,8415,77,16021,2025-12,
3554607,SP,ano_2025,161,159,2,251,2025-12,
3554656,SP,ano_2025,60,65,-5,274,2025-12,
3554706,SP,ano_2025,1305,1155,150,2516,2025-12,
3554755,SP,ano_2025,242,224,18,403,2025-12,
3554805,SP,ano_2025,4823,5931,-1108,7219,2025-12,
3554904,SP,ano_2025,477,427,50,1768,2025-12,
3554953,SP,ano_2025,285,269,16,766,2025-12,
3555000,SP,ano_2025,7654,7122,532,15569,2025-12,
3555109,SP,ano_2025,1251,1439,-188,2719,2025-12,
3555208,SP,ano_2025,101,98,3,135,2025-12,
3555307,SP,ano_2025,119,87,32,163,2025-12,
3555356,SP,ano_2025,625,642,-17,1252,2025-12,
3555406,SP,ano_2025,13601,13128,473,21919,2025-12,
3555505,SP,ano_2025,792,618,174,1537,2025-12,
3555604,SP,ano_2025,771,664,107,1182,2025-12,
3555703,SP,ano_2025,185,82,103,242,2025-12,
3555802,SP,ano_2025,422,526,-104,1159,2025-12,
3555901,SP,ano_2025,23,59,-36,234,2025-12,
3556008,SP,ano_2025,1881,1810,71,3523,2025-12,
3556107,SP,ano_2025,2880,2504,376,3964,2025-12,
3556206,SP,ano_2025,24975,25066,-91,46289,2025-12,
3556305,SP,ano_2025,3168,2852,316,7126,2025-12,
3556354,SP,ano_2025,612,584,28,1329,2025-12,
3556404,SP,ano_2025,5668,5872,-204,7616,2025-12,
3556453,SP,ano_2025,9111,8952,159,15880,2025-12,
3556503,SP,ano_2025,10895,10408,487,19663,2025-12,
3556602,SP,ano_2025,565,517,48,1231,2025-12,
3556701,SP,ano_2025,20308,20140,168,43342,2025-12,
3556800,SP,ano_2025,1309,1384,-75,2515,2025-12,
3556909,SP,ano_2025,1864,1955,-91,3876,2025-12,
3556958,SP,ano_2025,45,42,3,79,2025-12,
3557006,SP,ano_2025,16265,15533,732,21372,2025-12,
3557105,SP,ano_2025,15863,15155,708,27640,2025-12,
3557154,SP,ano_2025,267,320,-53,429,2025-12,
3557204,SP,ano_2025,2246,1471,775,2081,2025-12,
3557303,SP,ano_2025,1300,1128,172,2380,2025-12,
4100103,PR,ano_2025,305,277,28,617,2025-12,
4100202,PR,ano_2025,449,356,93,1130,2025-12,
4100301,PR,ano_2025,820,589,231,1169,2025-12,
4100400,PR,ano_2025,10384,9503,881,15539,2025-12,
4100459,PR,ano_2025,119,93,26,312,2025-12,
4100509,PR,ano_2025,1489,1307,182,3100,2025-12,
4100608,PR,ano_2025,1357,1186,171,1965,2025-12,
4100707,PR,ano_2025,374,402,-28,857,2025-12,
4100806,PR,ano_2025,585,587,-2,1297,2025-12,
4100905,PR,ano_2025,283,213,70,508,2025-12,
4101002,PR,ano_2025,3398,3174,224,5991,2025-12,
4101051,PR,ano_2025,146,162,-16,380,2025-12,
4101101,PR,ano_2025,1779,1665,114,3937,2025-12,
4101150,PR,ano_2025,217,158,59,439,2025-12,
4101200,PR,ano_2025,812,721,91,2149,2025-12,
4101309,PR,ano_2025,407,391,16,519,2025-12,
4101408,PR,ano_2025,19451,19084,367,33830,2025-12,
4101507,PR,ano_2025,25693,24383,1310,38807,2025-12,
4101606,PR,ano_2025,3909,3614,295,6897,2025-12,
4101655,PR,ano_2025,151,188,-37,259,2025-12,
4101705,PR,ano_2025,1333,1229,104,2729,2025-12,
4101804,PR,ano_2025,30443,28873,1570,47931,2025-12,
4101853,PR,ano_2025,39,38,1,127,2025-12,
4101903,PR,ano_2025,594,641,-47,1614,2025-12,
4102000,PR,ano_2025,7077,6126,951,9981,2025-12,
4102109,PR,ano_2025,2612,2690,-78,4984,2025-12,
4102208,PR,ano_2025,373,327,46,760,2025-12,
4102307,PR,ano_2025,2221,2147,74,3917,2025-12,
4102406,PR,ano_2025,3820,3333,487,7682,2025-12,
4102505,PR,ano_2025,534,518,16,1193,2025-12,
4102604,PR,ano_2025,1294,1221,73,2114,2025-12,
4102703,PR,ano_2025,105,92,13,216,2025-12,
4102752,PR,ano_2025,134,115,19,238,2025-12,
4102802,PR,ano_2025,1088,1080,8,2269,2025-12,
4102901,PR,ano_2025,2317,2399,-82,3674,2025-12,
4103008,PR,ano_2025,168,144,24,462,2025-12,
4103024,PR,ano_2025,139,121,18,268,2025-12,
4103040,PR,ano_2025,542,493,49,1256,2025-12,
4103057,PR,ano_2025,474,429,45,812,2025-12,
4103107,PR,ano_2025,1620,1432,188,2630,2025-12,
4103156,PR,ano_2025,303,276,27,521,2025-12,
4103206,PR,ano_2025,540,402,138,842,2025-12,
4103222,PR,ano_2025,421,399,22,750,2025-12,
4103305,PR,ano_2025,334,345,-11,1167,2025-12,
4103354,PR,ano_2025,241,259,-18,500,2025-12,
4103370,PR,ano_2025,207,207,0,365,2025-12,
4103404,PR,ano_2025,43,46,-3,133,2025-12,
4103453,PR,ano_2025,5654,5130,524,11344,2025-12,
4103479,PR,ano_2025,214,263,-49,424,2025-12,
4103503,PR,ano_2025,817,795,22,1766,2025-12,
4103602,PR,ano_2025,1726,1608,118,4019,2025-12,
4103701,PR,ano_2025,16070,15544,526,25814,2025-12,
4103800,PR,ano_2025,687,666,21,1537,2025-12,
4103909,PR,ano_2025,886,826,60,1887,2025-12,
4103958,PR,ano_2025,340,349,-9,670,2025-12,
4104006,PR,ano_2025,10157,10608,-451,11225,2025-12,
4104055,PR,ano_2025,217,252,-35,316,2025-12,
4104105,PR,ano_2025,808,703,105,1227,2025-12,
4104204,PR,ano_2025,20881,20149,732,33676,2025-12,
4104253,PR,ano_2025,2426,2219,207,4149,2025-12,
4104303,PR,ano_2025,15218,15181,37,28734,2025-12,
4104402,PR,ano_2025,446,420,26,1146,2025-12,
4104428,PR,ano_2025,2296,2083,213,3441,2025-12,
4104451,PR,ano_2025,795,702,93,1319,2025-12,
4104501,PR,ano_2025,4648,4448,200,7324,2025-12,
4104600,PR,ano_2025,2009,1980,29,3047,2025-12,
4104659,PR,ano_2025,5325,4947,378,11508,2025-12,
4104709,PR,ano_2025,1686,1352,334,2828,2025-12,
4104808,PR,ano_2025,82546,79321,3225,118526,2025-12,
4104907,PR,ano_2025,12294,11713,581,20411,2025-12,
4105003,PR,ano_2025,851,790,61,1327,2025-12,
4105102,PR,ano_2025,421,426,-5,1478,2025-12,
4105201,PR,ano_2025,574,493,81,1364,2025-12,
4105300,PR,ano_2025,1473,1403,70,2681,2025-12,
4105409,PR,ano_2025,3158,2832,326,5229,2025-12,
4105508,PR,ano_2025,13325,13313,12,23903,2025-12,
4105607,PR,ano_2025,2505,2196,309,3945,2025-12,
4105706,PR,ano_2025,2594,2197,397,3402,2025-12,
4105805,PR,ano_2025,32124,29814,2310,45663,2025-12,
4105904,PR,ano_2025,3076,2844,232,7267,2025-12,
4106001,PR,ano_2025,400,321,79,847,2025-12,
4106100,PR,ano_2025,240,224,16,417,2025-12,
4106209,PR,ano_2025,1481,1493,-12,2332,2025-12,
4106308,PR,ano_2025,1974,1880,94,3308,2025-12,
4106407,PR,ano_2025,10434,10552,-118,18694,2025-12,
4106456,PR,ano_2025,551,532,19,913,2025-12,
4106506,PR,ano_2025,2814,2739,75,4765,2025-12,
4106555,PR,ano_2025,119,94,25,287,2025-12,
4106571,PR,ano_2025,382,367,15,643,2025-12,
4106605,PR,ano_2025,3011,2538,473,5095,2025-12,
4106704,PR,ano_2025,249,200,49,555,2025-12,
4106803,PR,ano_2025,924,808,116,1652,2025-12,
4106852,PR,ano_2025,153,116,37,329,2025-12,
4106902,PR,ano_2025,574568,560143,14425,797084,2025-12,
4107009,PR,ano_2025,1213,1119,94,1814,2025-12,
4107108,PR,ano_2025,211,212,-1,559,2025-12,
4107124,PR,ano_2025,51,45,6,146,2025-12,
4107157,PR,ano_2025,142,137,5,303,2025-12,
4107207,PR,ano_2025,11425,9935,1490,17220,2025-12,
4107256,PR,ano_2025,1243,1048,195,3576,2025-12,
4107306,PR,ano_2025,356,310,46,653,2025-12,
4107405,PR,ano_2025,553,544,9,1046,2025-12,
4107504,PR,ano_2025,797,696,101,2049,2025-12,
4107520,PR,ano_2025,70,62,8,165,2025-12,
4107538,PR,ano_2025,646,576,70,1258,2025-12,
4107546,PR,ano_2025,235,227,8,577,2025-12,
4107553,PR,ano_2025,75,60,15,262,2025-12,
4107603,PR,ano_2025,1344,1220,124,2652,2025-12,
4107652,PR,ano_2025,16421,14925,1496,23450,2025-12,
4107702,PR,ano_2025,148,109,39,411,2025-12,
4107736,PR,ano_2025,522,445,77,807,2025-12,
4107751,PR,ano_2025,358,348,10,902,2025-12,
4107801,PR,ano_2025,393,315,78,803,2025-12,
4107850,PR,ano_2025,388,308,80,617,2025-12,
4107900,PR,ano_2025,598,566,32,989,2025-12,
4108007,PR,ano_2025,682,687,-5,2827,2025-12,
4108106,PR,ano_2025,229,215,14,392,2025-12,
4108205,PR,ano_2025,270,253,17,921,2025-12,
4108304,PR,ano_2025,44549,42333,2216,68854,2025-12,
4108320,PR,ano_2025,516,363,153,838,2025-12,
4108403,PR,ano_2025,18669,18426,243,29417,2025-12,
4108452,PR,ano_2025,312,317,-5,584,2025-12,
4108502,PR,ano_2025,1152,1122,30,1715,2025-12,
4108551,PR,ano_2025,38,24,14,117,2025-12,
4108601,PR,ano_2025,2165,2155,10,4892,2025-12,
4108650,PR,ano_2025,204,188,16,448,2025-12,
4108700,PR,ano_2025,268,236,32,572,2025-12,
4108809,PR,ano_2025,2891,2669,222,5028,2025-12,
4108908,PR,ano_2025,905,826,79,1196,2025-12,
4108957,PR,ano_2025,359,385,-26,634,2025-12,
4109005,PR,ano_2025,302,328,-26,539,2025-12,
4109104,PR,ano_2025,107,121,-14,175,2025-12,
4109203,PR,ano_2025,243,335,-92,525,2025-12,
4109302,PR,ano_2025,1446,1397,49,2284,2025-12,
4109401,PR,ano_2025,28030,28407,-377,45592,2025-12,
4109500,PR,ano_2025,79,110,-31,403,2025-12,
4109609,PR,ano_2025,5616,5335,281,7288,2025-12,
4109658,PR,ano_2025,277,246,31,778,2025-12,
4109708,PR,ano_2025,4170,3799,371,7008,2025-12,
4109757,PR,ano_2025,649,664,-15,1064,2025-12,
4109807,PR,ano_2025,10145,10064,81,15069,2025-12,
4109906,PR,ano_2025,602,532,70,1209,2025-12,
4110003,PR,ano_2025,816,877,-61,1021,2025-12,
4110052,PR,ano_2025,75,83,-8,133,2025-12,
4110078,PR,ano_2025,859,794,65,1434,2025-12,
4110102,PR,ano_2025,6267,6006,261,8259,2025-12,
4110201,PR,ano_2025,894,803,91,1493,2025-12,
4110300,PR,ano_2025,47,60,-13,93,2025-12,
4110409,PR,ano_2025,639,617,22,1140,2025-12,
4110508,PR,ano_2025,1289,1135,154,2081,2025-12,
4110607,PR,ano_2025,2889,2330,559,4257,2025-12,
4110656,PR,ano_2025,116,118,-2,282,2025-12,
4110706,PR,ano_2025,7742,7582,160,12956,2025-12,
4110805,PR,ano_2025,749,732,17,1564,2025-12,
4110904,PR,ano_2025,178,160,18,316,2025-12,
4110953,PR,ano_2025,1887,1852,35,3507,2025-12,
4111001,PR,ano_2025,302,295,7,550,2025-12,
4111100,PR,ano_2025,325,272,53,651,2025-12,
4111209,PR,ano_2025,2645,2588,57,3931,2025-12,
4111258,PR,ano_2025,3274,3030,244,4574,2025-12,
4111308,PR,ano_2025,196,179,17,299,2025-12,
4111407,PR,ano_2025,674,647,27,1635,2025-12,
4111506,PR,ano_2025,3418,3037,381,6638,2025-12,
4111555,PR,ano_2025,357,438,-81,1591,2025-12,
4111605,PR,ano_2025,446,409,37,1010,2025-12,
4111704,PR,ano_2025,198,216,-18,498,2025-12,
4111803,PR,ano_2025,4299,4057,242,10314,2025-12,
4111902,PR,ano_2025,4143,3725,418,6583,2025-12,
4112009,PR,ano_2025,4900,4837,63,9652,2025-12,
4112108,PR,ano_2025,2943,2755,188,6015,2025-12,
4112207,PR,ano_2025,258,196,62,562,2025-12,
4112306,PR,ano_2025,185,162,23,387,2025-12,
4112405,PR,ano_2025,1022,1134,-112,2193,2025-12,
4112504,PR,ano_2025,919,775,144,1633,2025-12,
4112603,PR,ano_2025,72,99,-27,124,2025-12,
4112702,PR,ano_2025,756,842,-86,1240,2025-12,
4112751,PR,ano_2025,600,551,49,1292,2025-12,
4112801,PR,ano_2025,2863,2534,329,5526,2025-12,
4112900,PR,ano_2025,200,155,45,354,2025-12,
4112959,PR,ano_2025,481,451,30,1100,2025-12,
4113007,PR,ano_2025,748,828,-80,2325,2025-12,
4113106,PR,ano_2025,221,210,11,489,2025-12,
4113205,PR,ano_2025,5113,4740,373,9718,2025-12,
4113254,PR,ano_2025,127,90,37,310,2025-12,
4113304,PR,ano_2025,4273,3692,581,6211,2025-12,
4113403,PR,ano_2025,124,128,-4,392,2025-12,
4113429,PR,ano_2025,130,102,28,344,2025-12,
4113452,PR,ano_2025,425,385,40,679,2025-12,
4113502,PR,ano_2025,3713,3589,124,6526,2025-12,
4113601,PR,ano_2025,319,256,63,710,2025-12,
4113700,PR,ano_2025,115771,109294,6477,175791,2025-12,
4113734,PR,ano_2025,438,434,4,1024,2025-12,
4113759,PR,ano_2025,221,172,49,479,2025-12,
4113809,PR,ano_2025,295,331,-36,647,2025-12,
4113908,PR,ano_2025,1375,1349,26,3064,2025-12,
4114005,PR,ano_2025,674,625,49,1891,2025-12,
4114104,PR,ano_2025,2988,2854,134,4804,2025-12,
4114203,PR,ano_2025,6352,6981,-629,13075,2025-12,
4114302,PR,ano_2025,2883,2809,74,5013,2025-12,
4114351,PR,ano_2025,276,253,23,394,2025-12,
4114401,PR,ano_2025,1844,1711,133,3120,2025-12,
4114500,PR,ano_2025,793,740,53,1868,2025-12,
4114609,PR,ano_2025,11876,11671,205,18276,2025-12,
4114708,PR,ano_2025,291,295,-4,584,2025-12,
4114807,PR,ano_2025,5676,5377,299,10055,2025-12,
4114906,PR,ano_2025,513,463,50,1160,2025-12,
4115002,PR,ano_2025,480,460,20,778,2025-12,
4115101,PR,ano_2025,297,278,19,610,2025-12,
4115200,PR,ano_2025,108194,105492,2702,167491,2025-12,
4115309,PR,ano_2025,767,732,35,1243,2025-12,
4115358,PR,ano_2025,677,663,14,1252,2025-12,
4115408,PR,ano_2025,1999,1979,20,2985,2025-12,
4115457,PR,ano_2025,100,78,22,203,2025-12,
4115507,PR,ano_2025,257,257,0,837,2025-12,
4115606,PR,ano_2025,5034,4973,61,11550,2025-12,
4115705,PR,ano_2025,4858,4726,132,6503,2025-12,
4115739,PR,ano_2025,111,78,33,215,2025-12,
4115754,PR,ano_2025,1052,1046,6,1881,2025-12,
4115804,PR,ano_2025,13481,13248,233,21540,2025-12,
4115853,PR,ano_2025,584,497,87,986,2025-12,
4115903,PR,ano_2025,66,76,-10,245,2025-12,
4116000,PR,ano_2025,89,79,10,315,2025-12,
4116059,PR,ano_2025,697,709,-12,1398,2025-12,
4116109,PR,ano_2025,534,534,0,1607,2025-12,
4116208,PR,ano_2025,1322,1200,122,2297,2025-12,
4116307,PR,ano_2025,285,212,73,379,2025-12,
4116406,PR,ano_2025,81,70,11,185,2025-12,
4116505,PR,ano_2025,254,273,-19,211,2025-12,
4116604,PR,ano_2025,137,134,3,295,2025-12,
4116703,PR,ano_2025,1622,1511,111,3454,2025-12,
4116802,PR,ano_2025,183,164,19,586,2025-12,
4116901,PR,ano_2025,2961,2922,39,5166,2025-12,
4116950,PR,ano_2025,718,679,39,1156,2025-12,
4117008,PR,ano_2025,447,371,76,844,2025-12,
4117057,PR,ano_2025,410,366,44,739,2025-12,
4117107,PR,ano_2025,2034,1938,96,4228,2025-12,
4117206,PR,ano_2025,307,312,-5,829,2025-12,
4117214,PR,ano_2025,121,109,12,300,2025-12,
4117222,PR,ano_2025,948,1013,-65,1860,2025-12,
4117255,PR,ano_2025,1327,1189,138,1942,2025-12,
4117271,PR,ano_2025,196,157,39,497,2025-12,
4117297,PR,ano_2025,186,178,8,524,2025-12,
4117305,PR,ano_2025,2406,2575,-169,5914,2025-12,
4117404,PR,ano_2025,112,81,31,247,2025-12,
4117453,PR,ano_2025,615,602,13,909,2025-12,
4117503,PR,ano_2025,4585,4484,101,7127,2025-12,
4117602,PR,ano_2025,8075,8359,-284,12102,2025-12,
4117701,PR,ano_2025,4475,4436,39,8106,2025-12,
4117800,PR,ano_2025,809,712,97,1325,2025-12,
4117909,PR,ano_2025,9097,8596,501,20038,2025-12,
4118006,PR,ano_2025,2201,1934,267,5133,2025-12,
4118105,PR,ano_2025,779,845,-66,2258,2025-12,
4118204,PR,ano_2025,19610,18445,1165,37867,2025-12,
4118303,PR,ano_2025,106,94,12,301,2025-12,
4118402,PR,ano_2025,13441,13143,298,23933,2025-12,
4118451,PR,ano_2025,771,755,16,1249,2025-12,
4118501,PR,ano_2025,23719,22942,777,34327,2025-12,
4118600,PR,ano_2025,488,580,-92,1108,2025-12,
4118709,PR,ano_2025,300,291,9,825,2025-12,
4118808,PR,ano_2025,738,742,-4,1619,2025-12,
4118857,PR,ano_2025,483,479,4,865,2025-12,
4118907,PR,ano_2025,789,825,-36,1625,2025-12,
4119004,PR,ano_2025,303,278,25,701,2025-12,
4119103,PR,ano_2025,1582,1574,8,2567,2025-12,
4119152,PR,ano_2025,31712,30232,1480,52876,2025-12,
4119202,PR,ano_2025,454,381,73,736,2025-12,
4119251,PR,ano_2025,289,272,17,349,2025-12,
4119301,PR,ano_2025,2034,2082,-48,3360,2025-12,
4119400,PR,ano_2025,2802,2583,219,4674,2025-12,
4119509,PR,ano_2025,6533,6108,425,9206,2025-12,
4119608,PR,ano_2025,2998,2819,179,5842,2025-12,
4119657,PR,ano_2025,185,158,27,301,2025-12,
4119707,PR,ano_2025,366,353,13,778,2025-12,
4119806,PR,ano_2025,1203,1105,98,2110,2025-12,
4119905,PR,ano_2025,67227,64941,2286,106680,2025-12,
4119954,PR,ano_2025,3284,3221,63,4231,2025-12,
4120002,PR,ano_2025,475,491,-16,1535,2025-12,
4120101,PR,ano_2025,1270,1472,-202,1265,2025-12,
4120150,PR,ano_2025,95,102,-7,188,2025-12,
4120200,PR,ano_2025,484,469,15,686,2025-12,
4120309,PR,ano_2025,298,262,36,479,2025-12,
4120333,PR,ano_2025,226,196,30,884,2025-12,
4120358,PR,ano_2025,586,557,29,1219,2025-12,
4120408,PR,ano_2025,256,259,-3,533,2025-12,
4120507,PR,ano_2025,518,487,31,1298,2025-12,
4120606,PR,ano_2025,4052,3902,150,7990,2025-12,
4120655,PR,ano_2025,294,284,10,656,2025-12,
4120705,PR,ano_2025,671,650,21,1359,2025-12,
4120804,PR,ano_2025,5328,5060,268,10266,2025-12,
4120853,PR,ano_2025,741,683,58,1229,2025-12,
4120903,PR,ano_2025,3030,2843,187,4727,2025-12,
4121000,PR,ano_2025,479,431,48,1169,2025-12,
4121109,PR,ano_2025,220,207,13,502,2025-12,
4121208,PR,ano_2025,938,712,226,1563,2025-12,
4121257,PR,ano_2025,111,154,-43,217,2025-12,
4121307,PR,ano_2025,67,65,2,302,2025-12,
4121356,PR,ano_2025,81,84,-3,309,2025-12,
4121406,PR,ano_2025,2584,2475,109,4237,2025-12,
4121505,PR,ano_2025,1028,1042,-14,1741,2025-12,
4121604,PR,ano_2025,870,765,105,1315,2025-12,
4121703,PR,ano_2025,1955,1853,102,3413,2025-12,
4121752,PR,ano_2025,522,633,-111,725,2025-12,
4121802,PR,ano_2025,1546,1283,263,3111,2025-12,
4121901,PR,ano_2025,756,620,136,1484,2025-12,
4122008,PR,ano_2025,1182,1123,59,1885,2025-12,
4122107,PR,ano_2025,113,96,17,314,2025-12,
4122156,PR,ano_2025,393,436,-43,797,2025-12,
4122172,PR,ano_2025,114,100,14,311,2025-12,
4122206,PR,ano_2025,3639,3487,152,5851,2025-12,
4122305,PR,ano_2025,4528,4353,175,7415,2025-12,
4122404,PR,ano_2025,14206,14466,-260,25249,2025-12,
4122503,PR,ano_2025,697,644,53,1504,2025-12,
4122602,PR,ano_2025,1712,1702,10,3336,2025-12,
4122651,PR,ano_2025,230,225,5,513,2025-12,
4122701,PR,ano_2025,3151,2936,215,4065,2025-12,
4122800,PR,ano_2025,313,267,46,587,2025-12,
4122909,PR,ano_2025,238,240,-2,455,2025-12,
4123006,PR,ano_2025,1665,1456,209,2351,2025-12,
4123105,PR,ano_2025,105,141,-36,227,2025-12,
4123204,PR,ano_2025,128,85,43,276,2025-12,
4123303,PR,ano_2025,538,483,55,1197,2025-12,
4123402,PR,ano_2025,1281,1175,106,2500,2025-12,
4123501,PR,ano_2025,2883,2900,-17,5119,2025-12,
4123600,PR,ano_2025,46,22,24,85,2025-12,
4123709,PR,ano_2025,583,582,1,1273,2025-12,
4123808,PR,ano_2025,1669,1753,-84,2258,2025-12,
4123824,PR,ano_2025,194,174,20,413,2025-12,
4123857,PR,ano_2025,522,421,101,805,2025-12,
4123907,PR,ano_2025,720,594,126,1473,2025-12,
4123956,PR,ano_2025,220,191,29,442,2025-12,
4124004,PR,ano_2025,265,284,-19,551,2025-12,
4124020,PR,ano_2025,1843,1642,201,2894,2025-12,
4124053,PR,ano_2025,1685,1604,81,3230,2025-12,
4124103,PR,ano_2025,6044,6262,-218,10876,2025-12,
4124202,PR,ano_2025,84,68,16,213,2025-12,
4124301,PR,ano_2025,145,119,26,324,2025-12,
4124400,PR,ano_2025,3142,2656,486,4446,2025-12,
4124509,PR,ano_2025,1342,1286,56,4662,2025-12,
4124608,PR,ano_2025,853,796,57,1759,2025-12,
4124707,PR,ano_2025,257,267,-10,678,2025-12,
4124806,PR,ano_2025,3522,2983,539,4501,2025-12,
4124905,PR,ano_2025,428,371,57,706,2025-12,
4125001,PR,ano_2025,558,558,0,1251,2025-12,
4125100,PR,ano_2025,558,512,46,888,2025-12,
4125209,PR,ano_2025,1515,1301,214,2244,2025-12,
4125308,PR,ano_2025,273,267,6,769,2025-12,
4125357,PR,ano_2025,421,357,64,823,2025-12,
4125407,PR,ano_2025,232,252,-20,508,2025-12,
4125456,PR,ano_2025,197,177,20,317,2025-12,
4125506,PR,ano_2025,73647,68602,5045,131170,2025-12,
4125555,PR,ano_2025,179,178,1,364,2025-12,
4125605,PR,ano_2025,5285,5586,-301,8215,2025-12,
4125704,PR,ano_2025,5267,4484,783,7451,2025-12,
4125753,PR,ano_2025,596,486,110,870,2025-12,
4125803,PR,ano_2025,964,719,245,1829,2025-12,
4125902,PR,ano_2025,230,223,7,596,2025-12,
4126009,PR,ano_2025,265,264,1,766,2025-12,
4126108,PR,ano_2025,440,353,87,770,2025-12,
4126207,PR,ano_2025,840,714,126,1310,2025-12,
4126256,PR,ano_2025,8584,8822,-238,13410,2025-12,
4126272,PR,ano_2025,500,463,37,852,2025-12,
4126306,PR,ano_2025,2097,2059,38,4141,2025-12,
4126355,PR,ano_2025,278,232,46,518,2025-12,
4126405,PR,ano_2025,336,364,-28,783,2025-12,
4126504,PR,ano_2025,1693,1665,28,3565,2025-12,
4126603,PR,ano_2025,4111,3647,464,7286,2025-12,
4126652,PR,ano_2025,215,207,8,415,2025-12,
4126678,PR,ano_2025,461,437,24,1361,2025-12,
4126702,PR,ano_2025,332,271,61,753,2025-12,
4126801,PR,ano_2025,1881,1863,18,4057,2025-12,
4126900,PR,ano_2025,314,310,4,776,2025-12,
4127007,PR,ano_2025,999,910,89,1799,2025-12,
4127106,PR,ano_2025,10486,10346,140,21068,2025-12,
4127205,PR,ano_2025,3134,2802,332,4860,2025-12,
4127304,PR,ano_2025,1159,1012,147,2664,2025-12,
4127403,PR,ano_2025,1464,1288,176,2984,2025-12,
4127502,PR,ano_2025,1698,1574,124,3489,2025-12,
4127601,PR,ano_2025,1172,983,189,2058,2025-12,
4127700,PR,ano_2025,40401,38370,2031,60836,2025-12,
4127809,PR,ano_2025,614,610,4,1186,2025-12,
4127858,PR,ano_2025,943,865,78,1460,2025-12,
4127882,PR,ano_2025,732,654,78,1246,2025-12,
4127908,PR,ano_2025,359,298,61,561,2025-12,
4127957,PR,ano_2025,374,341,33,1068,2025-12,
4127965,PR,ano_2025,1103,974,129,2138,2025-12,
4128005,PR,ano_2025,4154,4027,127,8422,2025-12,
4128104,PR,ano_2025,19049,18009,1040,34656,2025-12,
4128203,PR,ano_2025,8785,8405,380,15298,2025-12,
4128302,PR,ano_2025,75,111,-36,178,2025-12,
4128401,PR,ano_2025,541,639,-98,1355,2025-12,
4128500,PR,ano_2025,1873,1929,-56,3322,2025-12,
4128534,PR,ano_2025,969,978,-9,2064,2025-12,
4128559,PR,ano_2025,471,419,52,931,2025-12,
4128609,PR,ano_2025,716,701,15,1382,2025-12,
4128625,PR,ano_2025,300,252,48,559,2025-12,
4128633,PR,ano_2025,346,212,134,403,2025-12,
4128658,PR,ano_2025,249,218,31,474,2025-12,
4128708,PR,ano_2025,1564,1436,128,2395,2025-12,
4128807,PR,ano_2025,272,243,29,577,2025-12,
4200051,SC,ano_2025,120,101,19,289,2025-12,
4200101,SC,ano_2025,2618,2476,142,4377,2025-12,
4200200,SC,ano_2025,3099,2634,465,3727,2025-12,
4200309,SC,ano_2025,585,565,20,1097,2025-12,
4200408,SC,ano_2025,1671,1557,114,1844,2025-12,
4200507,SC,ano_2025,217,236,-19,456,2025-12,
4200556,SC,ano_2025,317,320,-3,597,2025-12,
4200606,SC,ano_2025,581,561,20,1233,2025-12,
4200705,SC,ano_2025,1290,1242,48,1404,2025-12,
4200754,SC,ano_2025,81,92,-11,185,2025-12,
4200804,SC,ano_2025,477,419,58,1030,2025-12,
4200903,SC,ano_2025,297,294,3,543,2025-12,
4201000,SC,ano_2025,337,353,-16,950,2025-12,
4201109,SC,ano_2025,210,198,12,465,2025-12,
4201208,SC,ano_2025,1343,1383,-40,3021,2025-12,
4201257,SC,ano_2025,1567,1544,23,2662,2025-12,
4201273,SC,ano_2025,597,510,87,973,2025-12,
4201307,SC,ano_2025,14249,13679,570,20448,2025-12,
4201406,SC,ano_2025,11057,10833,224,17935,2025-12,
4201505,SC,ano_2025,1668,1476,192,2918,2025-12,
4201604,SC,ano_2025,412,369,43,804,2025-12,
4201653,SC,ano_2025,255,234,21,331,2025-12,
4201703,SC,ano_2025,1931,1857,74,2663,2025-12,
4201802,SC,ano_2025,268,257,11,445,2025-12,
4201901,SC,ano_2025,1627,1827,-200,2158,2025-12,
4201950,SC,ano_2025,1266,1172,94,1051,2025-12,
4202008,SC,ano_2025,45879,45114,765,54151,2025-12,
4202057,SC,ano_2025,685,659,26,995,2025-12,
4202073,SC,ano_2025,1125,1055,70,1328,2025-12,
4202081,SC,ano_2025,169,185,-16,287,2025-12,
4202099,SC,ano_2025,53,72,-19,69,2025-12,
4202107,SC,ano_2025,8167,7632,535,9879,2025-12,
4202131,SC,ano_2025,180,183,-3,301,2025-12,
4202156,SC,ano_2025,143,165,-22,257,2025-12,
4202206,SC,ano_2025,1458,1477,-19,2981,2025-12,
4202305,SC,ano_2025,13763,12894,869,18976,2025-12,
4202404,SC,ano_2025,88258,85900,2358,137960,2025-12,
4202438,SC,ano_2025,145,145,0,331,2025-12,
4202453,SC,ano_2025,6098,5716,382,6721,2025-12,
4202503,SC,ano_2025,863,791,72,791,2025-12,
4202537,SC,ano_2025,239,203,36,438,2025-12,
4202578,SC,ano_2025,134,147,-13,197,2025-12,
4202602,SC,ano_2025,1050,1074,-24,1679,2025-12,
4202701,SC,ano_2025,1533,1293,240,2694,2025-12,
4202800,SC,ano_2025,9530,9565,-35,14497,2025-12,
4202859,SC,ano_2025,449,415,34,1108,2025-12,
4202875,SC,ano_2025,170,170,0,331,2025-12,
4202909,SC,ano_2025,35011,34002,1009,54488,2025-12,
4203006,SC,ano_2025,16032,15993,39,26392,2025-12,
4203105,SC,ano_2025,996,981,15,1764,2025-12,
4203154,SC,ano_2025,379,368,11,504,2025-12,
4203204,SC,ano_2025,14163,13162,1001,15592,2025-12,
4203253,SC,ano_2025,240,230,10,542,2025-12,
4203303,SC,ano_2025,3175,3140,35,6054,2025-12,
4203402,SC,ano_2025,449,509,-60,1044,2025-12,
4203501,SC,ano_2025,1180,1143,37,2160,2025-12,
4203600,SC,ano_2025,7705,7348,357,12026,2025-12,
4203709,SC,ano_2025,1789,1729,60,3524,2025-12,
4203808,SC,ano_2025,7473,7419,54,12517,2025-12,
4203907,SC,ano_2025,5694,5338,356,9921,2025-12,
4203956,SC,ano_2025,3441,3312,129,4520,2025-12,
4204004,SC,ano_2025,2631,2440,191,4027,2025-12,
4204103,SC,ano_2025,330,296,34,604,2025-12,
4204152,SC,ano_2025,168,149,19,333,2025-12,
4204178,SC,ano_2025,49,39,10,146,2025-12,
4204194,SC,ano_2025,160,153,7,142,2025-12,
4204202,SC,ano_2025,69894,67119,2775,107126,2025-12,
4204251,SC,ano_2025,2615,2547,68,5451,2025-12,
4204301,SC,ano_2025,19606,18768,838,32401,2025-12,
4204350,SC,ano_2025,1534,1524,10,2192,2025-12,
4204400,SC,ano_2025,1338,1282,56,2163,2025-12,
4204459,SC,ano_2025,56,58,-2,133,2025-12,
4204509,SC,ano_2025,3735,3446,289,5438,2025-12,
4204558,SC,ano_2025,2075,1931,144,3093,2025-12,
4204608,SC,ano_2025,47118,46422,696,77687,2025-12,
4204707,SC,ano_2025,1874,1668,206,3463,2025-12,
4204756,SC,ano_2025,124,118,6,299,2025-12,
4204806,SC,ano_2025,5643,5636,7,10344,2025-12,
4204905,SC,ano_2025,586,553,33,1142,2025-12,
4205001,SC,ano_2025,1573,1449,124,2576,2025-12,
4205100,SC,ano_2025,773,700,73,1240,2025-12,
4205159,SC,ano_2025,515,455,60,1037,2025-12,
4205175,SC,ano_2025,64,55,9,149,2025-12,
4205191,SC,ano_2025,318,483,-165,638,2025-12,
4205209,SC,ano_2025,636,597,39,940,2025-12,
4205308,SC,ano_2025,2246,2255,-9,3967,2025-12,
4205357,SC,ano_2025,260,202,58,395,2025-12,
4205407,SC,ano_2025,146447,140192,6255,223712,2025-12,
4205431,SC,ano_2025,126,129,-3,242,2025-12,
4205456,SC,ano_2025,6579,6237,342,8856,2025-12,
4205506,SC,ano_2025,8394,7903,491,9368,2025-12,
4205555,SC,ano_2025,75,96,-21,159,2025-12,
4205605,SC,ano_2025,165,160,5,364,2025-12,
4205704,SC,ano_2025,4356,4483,-127,6279,2025-12,
4205803,SC,ano_2025,4696,4196,500,6240,2025-12,
4205902,SC,ano_2025,19705,19148,557,27543,2025-12,
4206009,SC,ano_2025,5899,4625,1274,6135,2025-12,
4206108,SC,ano_2025,1477,1359,118,1928,2025-12,
4206207,SC,ano_2025,1630,1596,34,2975,2025-12,
4206306,SC,ano_2025,4773,4673,100,7504,2025-12,
4206405,SC,ano_2025,1142,1131,11,2274,2025-12,
4206504,SC,ano_2025,11603,11092,511,16907,2025-12,
4206603,SC,ano_2025,646,654,-8,1132,2025-12,
4206652,SC,ano_2025,3463,2815,648,5596,2025-12,
4206702,SC,ano_2025,1633,1625,8,3680,2025-12,
4206751,SC,ano_2025,141,150,-9,226,2025-12,
4206801,SC,ano_2025,298,306,-8,626,2025-12,
4206900,SC,ano_2025,3746,3762,-16,5991,2025-12,
4207007,SC,ano_2025,14741,14009,732,22429,2025-12,
4207106,SC,ano_2025,3229,3173,56,4199,2025-12,
4207205,SC,ano_2025,649,690,-41,901,2025-12,
4207304,SC,ano_2025,8836,8641,195,13241,2025-12,
4207403,SC,ano_2025,764,689,75,1055,2025-12,
4207502,SC,ano_2025,16319,18028,-1709,25073,2025-12,
4207577,SC,ano_2025,417,443,-26,829,2025-12,
4207601,SC,ano_2025,166,165,1,383,2025-12,
4207650,SC,ano_2025,1025,925,100,1963,2025-12,
4207684,SC,ano_2025,1364,1299,65,1459,2025-12,
4207700,SC,ano_2025,1547,1725,-178,3047,2025-12,
4207759,SC,ano_2025,246,211,35,426,2025-12,
4207809,SC,ano_2025,1195,1083,112,1883,2025-12,
4207858,SC,ano_2025,186,180,6,292,2025-12,
4207908,SC,ano_2025,511,469,42,1001,2025-12,
4208005,SC,ano_2025,770,755,15,1567,2025-12,
4208104,SC,ano_2025,2314,2454,-140,4554,2025-12,
4208203,SC,ano_2025,100591,97029,3562,127739,2025-12,
4208302,SC,ano_2025,27248,26179,1069,26603,2025-12,
4208401,SC,ano_2025,3193,3289,-96,7598,2025-12,
4208450,SC,ano_2025,4648,4203,445,6974,2025-12,
4208500,SC,ano_2025,8430,7873,557,7799,2025-12,
4208609,SC,ano_2025,474,493,-19,794,2025-12,
4208708,SC,ano_2025,1053,928,125,2122,2025-12,
4208807,SC,ano_2025,6971,4572,2399,7506,2025-12,
4208906,SC,ano_2025,38166,37274,892,73732,2025-12,
4208955,SC,ano_2025,106,87,19,188,2025-12,
4209003,SC,ano_2025,8465,8141,324,15472,2025-12,
4209102,SC,ano_2025,170728,167772,2956,239325,2025-12,
4209151,SC,ano_2025,508,468,40,863,2025-12,
4209177,SC,ano_2025,129,133,-4,251,2025-12,
4209201,SC,ano_2025,347,301,46,593,2025-12,
4209300,SC,ano_2025,25881,25894,-13,47332,2025-12,
4209409,SC,ano_2025,4633,4685,-52,6639,2025-12,
4209458,SC,ano_2025,99,105,-6,158,2025-12,
4209508,SC,ano_2025,1015,1060,-45,1899,2025-12,
4209607,SC,ano_2025,2491,2477,14,3681,2025-12,
4209706,SC,ano_2025,2131,2132,-1,1972,2025-12,
4209805,SC,ano_2025,148,138,10,254,2025-12,
4209854,SC,ano_2025,256,221,35,584,2025-12,
4209904,SC,ano_2025,2275,2246,29,3289,2025-12,
4210001,SC,ano_2025,2927,2911,16,4951,2025-12,
4210035,SC,ano_2025,865,825,40,1686,2025-12,
4210050,SC,ano_2025,136,154,-18,219,2025-12,
4210100,SC,ano_2025,8203,8560,-357,13046,2025-12,
4210209,SC,ano_2025,291,212,79,473,2025-12,
4210308,SC,ano_2025,777,659,118,952,2025-12,
4210407,SC,ano_2025,1432,1399,33,1965,2025-12,
4210506,SC,ano_2025,7089,6748,341,10748,2025-12,
4210555,SC,ano_2025,81,86,-5,173,2025-12,
4210605,SC,ano_2025,2714,2778,-64,4914,2025-12,
4210704,SC,ano_2025,194,199,-5,228,2025-12,
4210803,SC,ano_2025,947,911,36,1660,2025-12,
4210852,SC,ano_2025,232,226,6,384,2025-12,
4210902,SC,ano_2025,518,495,23,916,2025-12,
4211009,SC,ano_2025,2000,1740,260,2972,2025-12,
4211058,SC,ano_2025,1667,1708,-41,1718,2025-12,
4211108,SC,ano_2025,555,593,-38,946,2025-12,
4211207,SC,ano_2025,3531,3647,-116,6278,2025-12,
4211256,SC,ano_2025,192,178,14,331,2025-12,
4211306,SC,ano_2025,21104,20274,830,26950,2025-12,
4211405,SC,ano_2025,622,977,-355,1001,2025-12,
4211454,SC,ano_2025,350,319,31,680,2025-12,
4211504,SC,ano_2025,6545,6418,127,6588,2025-12,
4211603,SC,ano_2025,4481,4340,141,7621,2025-12,
4211652,SC,ano_2025,201,182,19,391,2025-12,
4211702,SC,ano_2025,4973,4724,249,8611,2025-12,
4211751,SC,ano_2025,4040,3627,413,6455,2025-12,
4211801,SC,ano_2025,820,788,32,990,2025-12,
4211850,SC,ano_2025,89,95,-6,191,2025-12,
4211876,SC,ano_2025,87,116,-29,174,2025-12,
4211892,SC,ano_2025,255,248,7,323,2025-12,
4211900,SC,ano_2025,43284,39905,3379,60796,2025-12,
4212007,SC,ano_2025,705,713,-8,1466,2025-12,
4212056,SC,ano_2025,437,376,61,768,2025-12,
4212106,SC,ano_2025,3143,2761,382,6141,2025-12,
4212205,SC,ano_2025,2484,2585,-101,3959,2025-12,
4212239,SC,ano_2025,564,527,37,824,2025-12,
4212254,SC,ano_2025,1249,1099,150,1486,2025-12,
4212270,SC,ano_2025,426,418,8,679,2025-12,
4212304,SC,ano_2025,1836,1662,174,2488,2025-12,
4212403,SC,ano_2025,928,838,90,1619,2025-12,
4212502,SC,ano_2025,9181,8528,653,11630,2025-12,
4212601,SC,ano_2025,306,272,34,659,2025-12,
4212650,SC,ano_2025,539,557,-18,696,2025-12,
4212700,SC,ano_2025,825,797,28,1052,2025-12,
4212809,SC,ano_2025,5770,5541,229,6511,2025-12,
4212908,SC,ano_2025,5282,4806,476,8718,2025-12,
4213005,SC,ano_2025,1093,1114,-21,1633,2025-12,
4213104,SC,ano_2025,838,739,99,1499,2025-12,
4213153,SC,ano_2025,334,307,27,495,2025-12,
4213203,SC,ano_2025,7990,8073,-83,15529,2025-12,
4213302,SC,ano_2025,435,382,53,797,2025-12,
4213351,SC,ano_2025,384,421,-37,701,2025-12,
4213401,SC,ano_2025,1511,1495,16,2129,2025-12,
4213500,SC,ano_2025,11693,10791,902,10944,2025-12,
4213609,SC,ano_2025,4328,4281,47,7309,2025-12,
4213708,SC,ano_2025,3577,3491,86,5122,2025-12,
4213807,SC,ano_2025,883,835,48,1586,2025-12,
4213906,SC,ano_2025,73,64,9,166,2025-12,
4214003,SC,ano_2025,5263,5136,127,8066,2025-12,
4214102,SC,ano_2025,179,178,1,230,2025-12,
4214151,SC,ano_2025,267,274,-7,679,2025-12,
4214201,SC,ano_2025,1670,1587,83,3444,2025-12,
4214300,SC,ano_2025,284,293,-9,603,2025-12,
4214409,SC,ano_2025,1089,1063,26,1229,2025-12,
4214508,SC,ano_2025,580,572,8,1001,2025-12,
4214607,SC,ano_2025,853,825,28,1467,2025-12,
4214706,SC,ano_2025,1793,1796,-3,3448,2025-12,
4214805,SC,ano_2025,20445,19517,928,31849,2025-12,
4214904,SC,ano_2025,540,514,26,1251,2025-12,
4215000,SC,ano_2025,7643,7748,-105,12382,2025-12,
4215059,SC,ano_2025,132,134,-2,236,2025-12,
4215075,SC,ano_2025,501,469,32,795,2025-12,
4215109,SC,ano_2025,1392,1368,24,2557,2025-12,
4215208,SC,ano_2025,66,55,11,217,2025-12,
4215307,SC,ano_2025,937,1036,-99,2131,2025-12,
4215356,SC,ano_2025,251,226,25,411,2025-12,
4215406,SC,ano_2025,936,932,4,1788,2025-12,
4215455,SC,ano_2025,3379,3303,76,4927,2025-12,
4215505,SC,ano_2025,4366,3968,398,5199,2025-12,
4215554,SC,ano_2025,164,149,15,404,2025-12,
4215604,SC,ano_2025,133,131,2,288,2025-12,
4215653,SC,ano_2025,660,622,38,1130,2025-12,
4215679,SC,ano_2025,377,335,42,616,2025-12,
4215687,SC,ano_2025,112,113,-1,159,2025-12,
4215695,SC,ano_2025,73,79,-6,149,2025-12,
4215703,SC,ano_2025,6523,5205,1318,8447,2025-12,
4215752,SC,ano_2025,228,195,33,284,2025-12,
4215802,SC,ano_2025,15286,15499,-213,27195,2025-12,
4215901,SC,ano_2025,234,225,9,477,2025-12,
4216008,SC,ano_2025,1493,1498,-5,2728,2025-12,
4216057,SC,ano_2025,1069,993,76,1614,2025-12,
4216107,SC,ano_2025,707,687,20,1523,2025-12,
4216206,SC,ano_2025,7705,7303,402,12925,2025-12,
4216255,SC,ano_2025,766,744,22,1623,2025-12,
4216305,SC,ano_2025,6324,6219,105,8764,2025-12,
4216354,SC,ano_2025,1398,1186,212,1960,2025-12,
4216404,SC,ano_2025,684,672,12,1084,2025-12,
4216503,SC,ano_2025,7916,7638,278,7343,2025-12,
4216602,SC,ano_2025,91890,90434,1456,136718,2025-12,
4216701,SC,ano_2025,1638,1640,-2,2691,2025-12,
4216800,SC,ano_2025,361,274,87,917,2025-12,
4216909,SC,ano_2025,6149,5222,927,10666,2025-12,
4217006,SC,ano_2025,4036,3866,170,6193,2025-12,
4217105,SC,ano_2025,352,310,42,799,2025-12,
4217154,SC,ano_2025,36,38,-2,79,2025-12,
4217204,SC,ano_2025,9711,9441,270,16434,2025-12,
4217253,SC,ano_2025,457,379,78,799,2025-12,
4217303,SC,ano_2025,1101,1139,-38,2890,2025-12,
4217402,SC,ano_2025,3064,2872,192,5156,2025-12,
4217501,SC,ano_2025,3631,3901,-270,7652,2025-12,
4217550,SC,ano_2025,299,256,43,669,2025-12,
4217600,SC,ano_2025,1669,2023,-354,4007,2025-12,
4217709,SC,ano_2025,5964,5130,834,8273,2025-12,
4217758,SC,ano_2025,136,133,3,278,2025-12,
4217808,SC,ano_2025,2622,2747,-125,4911,2025-12,
4217907,SC,ano_2025,1702,1621,81,2518,2025-12,
4217956,SC,ano_2025,71,51,20,161,2025-12,
4218004,SC,ano_2025,15984,14671,1313,20553,2025-12,
4218103,SC,ano_2025,356,349,7,637,2025-12,
4218202,SC,ano_2025,10884,10810,74,18439,2025-12,
4218251,SC,ano_2025,685,731,-46,1228,2025-12,
4218301,SC,ano_2025,3225,3082,143,6179,2025-12,
4218350,SC,ano_2025,405,513,-108,1197,2025-12,
4218400,SC,ano_2025,1775,1658,117,2234,2025-12,
4218509,SC,ano_2025,2888,2639,249,4645,2025-12,
4218608,SC,ano_2025,984,1069,-85,1946,2025-12,
4218707,SC,ano_2025,28356,27599,757,42029,2025-12,
4218756,SC,ano_2025,721,600,121,1065,2025-12,
4218806,SC,ano_2025,2387,2334,53,4072,2025-12,
4218855,SC,ano_2025,163,168,-5,269,2025-12,
4218905,SC,ano_2025,1392,1260,132,1873,2025-12,
4218954,SC,ano_2025,722,674,48,388,2025-12,
4219002,SC,ano_2025,3728,3710,18,6879,2025-12,
4219101,SC,ano_2025,1119,945,174,1259,2025-12,
4219150,SC,ano_2025,94,84,10,209,2025-12,
4219176,SC,ano_2025,591,623,-32,1746,2025-12,
4219200,SC,ano_2025,526,503,23,826,2025-12,
4219309,SC,ano_2025,15209,14236,973,23108,2025-12,
4219358,SC,ano_2025,455,474,-19,740,2025-12,
4219408,SC,ano_2025,766,684,82,1328,2025-12,
4219507,SC,ano_2025,9756,9549,207,15076,2025-12,
4219606,SC,ano_2025,309,284,25,513,2025-12,
4219705,SC,ano_2025,7489,7068,421,12484,2025-12,
4219853,SC,ano_2025,121,126,-5,178,2025-12,
4220000,SC,ano_2025,2139,1797,342,3041,2025-12,
4300034,RS,ano_2025,499,463,36,1116,2025-12,
4300059,RS,ano_2025,320,245,75,627,2025-12,
4300109,RS,ano_2025,1195,1186,9,2376,2025-12,
4300208,RS,ano_2025,609,589,20,1174,2025-12,
4300307,RS,ano_2025,134,124,10,395,2025-12,
4300406,RS,ano_2025,5354,5155,199,12811,2025-12,
4300455,RS,ano_2025,136,129,7,242,2025-12,
4300471,RS,ano_2025,405,377,28,648,2025-12,
4300505,RS,ano_2025,261,229,32,641,2025-12,
4300554,RS,ano_2025,43,44,-1,134,2025-12,
4300570,RS,ano_2025,330,307,23,724,2025-12,
4300604,RS,ano_2025,11295,11069,226,17609,2025-12,
4300638,RS,ano_2025,48,59,-11,157,2025-12,
4300646,RS,ano_2025,623,594,29,1247,2025-12,
4300661,RS,ano_2025,74,87,-13,181,2025-12,
4300703,RS,ano_2025,621,598,23,1318,2025-12,
4300802,RS,ano_2025,1995,1937,58,3846,2025-12,
4300851,RS,ano_2025,231,228,3,487,2025-12,
4300877,RS,ano_2025,1304,1324,-20,2255,2025-12,
4300901,RS,ano_2025,457,376,81,1035,2025-12,
4301008,RS,ano_2025,4451,4259,192,7914,2025-12,
4301057,RS,ano_2025,1156,1130,26,1449,2025-12,
4301073,RS,ano_2025,47,53,-6,147,2025-12,
4301107,RS,ano_2025,628,596,32,1430,2025-12,
4301206,RS,ano_2025,690,641,49,1575,2025-12,
4301305,RS,ano_2025,1160,1167,-7,2242,2025-12,
4301404,RS,ano_2025,805,769,36,1599,2025-12,
4301503,RS,ano_2025,427,463,-36,1002,2025-12,
4301552,RS,ano_2025,83,95,-12,256,2025-12,
4301602,RS,ano_2025,7115,6872,243,17846,2025-12,
4301636,RS,ano_2025,903,766,137,1329,2025-12,
4301651,RS,ano_2025,937,912,25,1915,2025-12,
4301701,RS,ano_2025,608,622,-14,1281,2025-12,
4301750,RS,ano_2025,156,200,-44,221,2025-12,
4301800,RS,ano_2025,154,177,-23,456,2025-12,
4301859,RS,ano_2025,57,39,18,119,2025-12,
4301875,RS,ano_2025,658,600,58,909,2025-12,
4301909,RS,ano_2025,1359,1336,23,2271,2025-12,
4301925,RS,ano_2025,49,86,-37,116,2025-12,
4301958,RS,ano_2025,455,511,-56,789,2025-12,
4302006,RS,ano_2025,348,320,28,671,2025-12,
4302055,RS,ano_2025,17,19,-2,68,2025-12,
4302105,RS,ano_2025,29089,27993,1096,44259,2025-12,
4302154,RS,ano_2025,109,103,6,232,2025-12,
4302204,RS,ano_2025,722,683,39,1585,2025-12,
4302220,RS,ano_2025,145,135,10,344,2025-12,
4302238,RS,ano_2025,112,121,-9,265,2025-12,
4302253,RS,ano_2025,529,471,58,647,2025-12,
4302303,RS,ano_2025,5619,5695,-76,2559,2025-12,
4302352,RS,ano_2025,3065,2973,92,5927,2025-12,
4302378,RS,ano_2025,90,87,3,185,2025-12,
4302402,RS,ano_2025,1661,1719,-58,3105,2025-12,
4302451,RS,ano_2025,191,212,-21,391,2025-12,
4302501,RS,ano_2025,335,333,2,785,2025-12,
4302584,RS,ano_2025,50,63,-13,115,2025-12,
4302600,RS,ano_2025,56,54,2,186,2025-12,
4302659,RS,ano_2025,325,309,16,671,2025-12,
4302709,RS,ano_2025,1827,1670,157,3714,2025-12,
4302808,RS,ano_2025,2170,2173,-3,5567,2025-12,
4302907,RS,ano_2025,611,677,-66,1309,2025-12,
4303004,RS,ano_2025,5948,5843,105,13747,2025-12,
4303103,RS,ano_2025,29234,28086,1148,40250,2025-12,
4303202,RS,ano_2025,88,85,3,257,2025-12,
4303301,RS,ano_2025,243,220,23,838,2025-12,
4303400,RS,ano_2025,134,138,-4,295,2025-12,
4303509,RS,ano_2025,4781,4785,-4,11293,2025-12,
4303558,RS,ano_2025,278,212,66,631,2025-12,
4303608,RS,ano_2025,492,562,-70,1145,2025-12,
4303673,RS,ano_2025,431,408,23,377,2025-12,
4303707,RS,ano_2025,210,220,-10,617,2025-12,
4303806,RS,ano_2025,315,295,20,728,2025-12,
4303905,RS,ano_2025,12589,12584,5,22108,2025-12,
4304002,RS,ano_2025,425,448,-23,1017,2025-12,
4304101,RS,ano_2025,169,164,5,401,2025-12,
4304200,RS,ano_2025,3145,3281,-136,5252,2025-12,
4304309,RS,ano_2025,411,439,-28,1141,2025-12,
4304358,RS,ano_2025,860,739,121,2509,2025-12,
4304408,RS,ano_2025,9169,8761,408,10104,2025-12,
4304507,RS,ano_2025,2011,1825,186,4618,2025-12,
4304606,RS,ano_2025,55338,53228,2110,88510,2025-12,
4304614,RS,ano_2025,31,33,-2,155,2025-12,
4304622,RS,ano_2025,177,161,16,256,2025-12,
4304630,RS,ano_2025,10455,10291,164,13314,2025-12,
4304655,RS,ano_2025,165,178,-13,365,2025-12,
4304663,RS,ano_2025,1772,1705,67,3126,2025-12,
4304671,RS,ano_2025,691,625,66,1209,2025-12,
4304689,RS,ano_2025,620,779,-159,1038,2025-12,
4304697,RS,ano_2025,204,195,9,348,2025-12,
4304705,RS,ano_2025,8203,8053,150,14892,2025-12,
4304713,RS,ano_2025,436,389,47,827,2025-12,
4304804,RS,ano_2025,5591,5474,117,14101,2025-12,
4304853,RS,ano_2025,8,3,5,37,2025-12,
4304903,RS,ano_2025,1561,1492,69,3136,2025-12,
4304952,RS,ano_2025,159,163,-4,362,2025-12,
4305009,RS,ano_2025,487,479,8,1074,2025-12,
4305108,RS,ano_2025,96642,96396,246,167935,2025-12,
4305116,RS,ano_2025,63,94,-31,169,2025-12,
4305124,RS,ano_2025,93,87,6,276,2025-12,
4305132,RS,ano_2025,97,77,20,205,2025-12,
4305157,RS,ano_2025,41,32,9,120,2025-12,
4305173,RS,ano_2025,400,356,44,864,2025-12,
4305207,RS,ano_2025,1360,1357,3,3162,2025-12,
4305306,RS,ano_2025,944,1098,-154,1956,2025-12,
4305355,RS,ano_2025,2897,2954,-57,6042,2025-12,
4305371,RS,ano_2025,83,92,-9,151,2025-12,
4305405,RS,ano_2025,334,324,10,733,2025-12,
4305439,RS,ano_2025,1516,1405,111,2012,2025-12,
4305447,RS,ano_2025,73,70,3,191,2025-12,
4305454,RS,ano_2025,949,903,46,1274,2025-12,
4305504,RS,ano_2025,306,252,54,538,2025-12,
4305587,RS,ano_2025,141,129,12,310,2025-12,
4305603,RS,ano_2025,164,153,11,384,2025-12,
4305702,RS,ano_2025,1251,1237,14,1999,2025-12,
4305801,RS,ano_2025,836,834,2,1880,2025-12,
4305835,RS,ano_2025,13,7,6,45,2025-12,
4305850,RS,ano_2025,86,113,-27,165,2025-12,
4305871,RS,ano_2025,127,116,11,338,2025-12,
4305900,RS,ano_2025,308,288,20,754,2025-12,
4305934,RS,ano_2025,199,213,-14,84,2025-12,
4305959,RS,ano_2025,503,509,-6,685,2025-12,
4305975,RS,ano_2025,345,338,7,760,2025-12,
4306007,RS,ano_2025,879,964,-85,2103,2025-12,
4306056,RS,ano_2025,398,555,-157,975,2025-12,
4306072,RS,ano_2025,46,37,9,101,2025-12,
4306106,RS,ano_2025,6633,6613,20,12572,2025-12,
4306130,RS,ano_2025,32,21,11,61,2025-12,
4306205,RS,ano_2025,1380,1289,91,2748,2025-12,
4306304,RS,ano_2025,178,184,-6,392,2025-12,
4306320,RS,ano_2025,162,147,15,240,2025-12,
4306353,RS,ano_2025,37,37,0,76,2025-12,
4306379,RS,ano_2025,91,93,-2,302,2025-12,
4306403,RS,ano_2025,4607,5062,-455,11217,2025-12,
4306429,RS,ano_2025,122,116,6,244,2025-12,
4306452,RS,ano_2025,303,294,9,582,2025-12,
4306502,RS,ano_2025,293,319,-26,685,2025-12,
4306551,RS,ano_2025,173,166,7,239,2025-12,
4306601,RS,ano_2025,3007,3059,-52,6392,2025-12,
4306700,RS,ano_2025,43,64,-21,202,2025-12,
4306734,RS,ano_2025,176,163,13,371,2025-12,
4306759,RS,ano_2025,104,115,-11,228,2025-12,
4306767,RS,ano_2025,6085,6032,53,15259,2025-12,
4306809,RS,ano_2025,4361,4128,233,7945,2025-12,
4306908,RS,ano_2025,2131,2095,36,3551,2025-12,
4306924,RS,ano_2025,37,32,5,70,2025-12,
4306932,RS,ano_2025,747,775,-28,1451,2025-12,
4306957,RS,ano_2025,112,99,13,184,2025-12,
4306973,RS,ano_2025,85,88,-3,201,2025-12,
4307005,RS,ano_2025,24466,22695,1771,41510,2025-12,
4307054,RS,ano_2025,179,181,-2,411,2025-12,
4307104,RS,ano_2025,139,124,15,468,2025-12,
4307203,RS,ano_2025,295,264,31,564,2025-12,
4307302,RS,ano_2025,234,249,-15,601,2025-12,
4307401,RS,ano_2025,424,412,12,411,2025-12,
4307450,RS,ano_2025,119,100,19,253,2025-12,
4307500,RS,ano_2025,1510,1447,63,3252,2025-12,
4307559,RS,ano_2025,1203,980,223,2064,2025-12,
4307609,RS,ano_2025,7830,8008,-178,13013,2025-12,
4307708,RS,ano_2025,12616,13112,-496,19344,2025-12,
4307807,RS,ano_2025,7031,7019,12,11467,2025-12,
4307815,RS,ano_2025,123,94,29,274,2025-12,
4307831,RS,ano_2025,141,135,6,285,2025-12,
4307864,RS,ano_2025,255,251,4,434,2025-12,
4307906,RS,ano_2025,15836,15483,353,27236,2025-12,
4308003,RS,ano_2025,527,474,53,1365,2025-12,
4308052,RS,ano_2025,67,54,13,160,2025-12,
4308078,RS,ano_2025,796,760,36,882,2025-12,
4308102,RS,ano_2025,1923,1909,14,3701,2025-12,
4308201,RS,ano_2025,9301,9042,259,12964,2025-12,
4308250,RS,ano_2025,27,24,3,59,2025-12,
4308300,RS,ano_2025,458,446,12,963,2025-12,
4308409,RS,ano_2025,277,251,26,610,2025-12,
4308433,RS,ano_2025,63,62,1,185,2025-12,
4308458,RS,ano_2025,273,263,10,646,2025-12,
4308508,RS,ano_2025,5555,5224,331,9642,2025-12,
4308607,RS,ano_2025,11730,11341,389,16501,2025-12,
4308656,RS,ano_2025,58,72,-14,241,2025-12,
4308706,RS,ano_2025,361,358,3,810,2025-12,
4308805,RS,ano_2025,186,173,13,413,2025-12,
4308854,RS,ano_2025,194,152,42,233,2025-12,
4308904,RS,ano_2025,1806,1725,81,4041,2025-12,
4309001,RS,ano_2025,1043,1010,33,2565,2025-12,
4309050,RS,ano_2025,825,810,15,1748,2025-12,
4309100,RS,ano_2025,16587,15670,917,21020,2025-12,
4309126,RS,ano_2025,67,70,-3,101,2025-12,
4309159,RS,ano_2025,151,150,1,125,2025-12,
4309209,RS,ano_2025,34626,33891,735,59920,2025-12,
4309258,RS,ano_2025,112,115,-3,220,2025-12,
4309308,RS,ano_2025,9684,10002,-318,18317,2025-12,
4309407,RS,ano_2025,4096,4842,-746,8181,2025-12,
4309506,RS,ano_2025,386,362,24,1001,2025-12,
4309555,RS,ano_2025,740,716,24,1522,2025-12,
4309571,RS,ano_2025,64,40,24,92,2025-12,
4309605,RS,ano_2025,2123,1992,131,5100,2025-12,
4309654,RS,ano_2025,595,643,-48,2051,2025-12,
4309704,RS,ano_2025,321,305,16,756,2025-12,
4309753,RS,ano_2025,89,86,3,162,2025-12,
4309803,RS,ano_2025,277,260,17,618,2025-12,
4309902,RS,ano_2025,414,385,29,989,2025-12,
4309951,RS,ano_2025,132,108,24,275,2025-12,
4310009,RS,ano_2025,3308,3537,-229,6652,2025-12,
4310108,RS,ano_2025,6860,7223,-363,12088,2025-12,
4310207,RS,ano_2025,14744,13725,1019,24814,2025-12,
4310306,RS,ano_2025,230,218,12,587,2025-12,
4310330,RS,ano_2025,2912,2675,237,3427,2025-12,
4310363,RS,ano_2025,447,386,61,1190,2025-12,
4310405,RS,ano_2025,469,409,60,1018,2025-12,
4310413,RS,ano_2025,20,27,-7,94,2025-12,
4310439,RS,ano_2025,1047,988,59,1131,2025-12,
4310462,RS,ano_2025,65,46,19,162,2025-12,
4310504,RS,ano_2025,458,411,47,713,2025-12,
4310538,RS,ano_2025,305,370,-65,1020,2025-12,
4310553,RS,ano_2025,126,115,11,245,2025-12,
4310579,RS,ano_2025,34,23,11,59,2025-12,
4310603,RS,ano_2025,3234,3312,-78,7339,2025-12,
4310652,RS,ano_2025,75,51,24,193,2025-12,
4310702,RS,ano_2025,156,139,17,163,2025-12,
4310751,RS,ano_2025,15,18,-3,87,2025-12,
4310801,RS,ano_2025,4326,4088,238,7772,2025-12,
4310850,RS,ano_2025,110,100,10,265,2025-12,
4310876,RS,ano_2025,60,49,11,160,2025-12,
4310900,RS,ano_2025,284,264,20,533,2025-12,
4311007,RS,ano_2025,1827,1775,52,3926,2025-12,
4311106,RS,ano_2025,414,486,-72,1148,2025-12,
4311122,RS,ano_2025,389,338,51,627,2025-12,
4311130,RS,ano_2025,166,151,15,340,2025-12,
4311155,RS,ano_2025,284,277,7,647,2025-12,
4311205,RS,ano_2025,1263,1333,-70,2875,2025-12,
4311239,RS,ano_2025,19,18,1,58,2025-12,
4311254,RS,ano_2025,63,70,-7,139,2025-12,
4311270,RS,ano_2025,100,93,7,181,2025-12,
4311304,RS,ano_2025,3369,3443,-74,5972,2025-12,
4311403,RS,ano_2025,25265,24063,1202,40157,2025-12,
4311429,RS,ano_2025,81,51,30,107,2025-12,
4311502,RS,ano_2025,372,358,14,922,2025-12,
4311601,RS,ano_2025,143,135,8,336,2025-12,
4311627,RS,ano_2025,1468,1309,159,2197,2025-12,
4311643,RS,ano_2025,49,72,-23,125,2025-12,
4311700,RS,ano_2025,387,295,92,693,2025-12,
4311718,RS,ano_2025,345,311,34,531,2025-12,
4311734,RS,ano_2025,184,182,2,80,2025-12,
4311759,RS,ano_2025,299,271,28,659,2025-12,
4311775,RS,ano_2025,485,467,18,838,2025-12,
4311791,RS,ano_2025,187,133,54,202,2025-12,
4311809,RS,ano_2025,9579,9191,388,16991,2025-12,
4311908,RS,ano_2025,229,227,2,556,2025-12,
4311981,RS,ano_2025,130,119,11,205,2025-12,
4312005,RS,ano_2025,55,64,-9,155,2025-12,
4312054,RS,ano_2025,275,245,30,530,2025-12,
4312104,RS,ano_2025,118,104,14,382,2025-12,
4312138,RS,ano_2025,119,109,10,215,2025-12,
4312153,RS,ano_2025,955,957,-2,1132,2025-12,
4312179,RS,ano_2025,36,28,8,90,2025-12,
4312203,RS,ano_2025,146,126,20,411,2025-12,
4312252,RS,ano_2025,800,630,170,1313,2025-12,
4312302,RS,ano_2025,2390,1375,1015,1701,2025-12,
4312351,RS,ano_2025,139,105,34,303,2025-12,
4312377,RS,ano_2025,393,379,14,200,2025-12,
4312385,RS,ano_2025,888,850,38,301,2025-12,
4312401,RS,ano_2025,10900,10910,-10,19420,2025-12,
4312427,RS,ano_2025,71,74,-3,213,2025-12,
4312443,RS,ano_2025,91,71,20,210,2025-12,
4312450,RS,ano_2025,724,374,350,879,2025-12,
4312476,RS,ano_2025,1046,1042,4,1742,2025-12,
4312500,RS,ano_2025,1362,1292,70,2503,2025-12,
4312609,RS,ano_2025,924,869,55,2147,2025-12,
4312617,RS,ano_2025,1276,1206,70,672,2025-12,
4312625,RS,ano_2025,94,83,11,112,2025-12,
4312658,RS,ano_2025,3882,3731,151,9070,2025-12,
4312674,RS,ano_2025,124,126,-2,170,2025-12,
4312708,RS,ano_2025,827,872,-45,1748,2025-12,
4312757,RS,ano_2025,361,344,17,964,2025-12,
4312807,RS,ano_2025,1298,1216,82,1856,2025-12,
4312906,RS,ano_2025,1780,1862,-82,3456,2025-12,
4312955,RS,ano_2025,402,346,56,674,2025-12,
4313003,RS,ano_2025,276,274,2,486,2025-12,
4313011,RS,ano_2025,215,281,-66,736,2025-12,
4313037,RS,ano_2025,625,589,36,1442,2025-12,
4313060,RS,ano_2025,3369,3403,-34,6673,2025-12,
4313086,RS,ano_2025,604,569,35,316,2025-12,
4313102,RS,ano_2025,291,254,37,843,2025-12,
4313201,RS,ano_2025,2840,2778,62,6381,2025-12,
4313300,RS,ano_2025,3654,3733,-79,7995,2025-12,
4313334,RS,ano_2025,104,110,-6,194,2025-12,
4313359,RS,ano_2025,209,216,-7,446,2025-12,
4313375,RS,ano_2025,6378,6132,246,10377,2025-12,
4313391,RS,ano_2025,159,137,22,301,2025-12,
4313409,RS,ano_2025,43660,44652,-992,73329,2025-12,
4313425,RS,ano_2025,60,61,-1,197,2025-12,
4313441,RS,ano_2025,46,37,9,129,2025-12,
4313466,RS,ano_2025,40,39,1,105,2025-12,
4313490,RS,ano_2025,131,128,3,272,2025-12,
4313508,RS,ano_2025,6619,7033,-414,10704,2025-12,
4313607,RS,ano_2025,153,133,20,390,2025-12,
4313656,RS,ano_2025,809,724,85,1648,2025-12,
4313706,RS,ano_2025,2434,2363,71,5405,2025-12,
4313805,RS,ano_2025,633,512,121,1150,2025-12,
4313904,RS,ano_2025,6740,6717,23,14334,2025-12,
4313953,RS,ano_2025,1096,1272,-176,2548,2025-12,
4314001,RS,ano_2025,1510,1441,69,3091,2025-12,
4314027,RS,ano_2025,383,372,11,504,2025-12,
4314035,RS,ano_2025,314,320,-6,664,2025-12,
4314050,RS,ano_2025,8831,8563,268,15160,2025-12,
4314068,RS,ano_2025,93,88,5,112,2025-12,
4314076,RS,ano_2025,693,701,-8,1057,2025-12,
4314100,RS,ano_2025,46188,44607,1581,76202,2025-12,
4314134,RS,ano_2025,248,233,15,547,2025-12,
4314159,RS,ano_2025,1088,906,182,1612,2025-12,
4314175,RS,ano_2025,85,89,-4,235,2025-12,
4314209,RS,ano_2025,684,618,66,1075,2025-12,
4314308,RS,ano_2025,171,189,-18,497,2025-12,
4314407,RS,ano_2025,33864,31573,2291,66445,2025-12,
4314423,RS,ano_2025,796,1041,-245,1825,2025-12,
4314456,RS,ano_2025,423,388,35,845,2025-12,
4314464,RS,ano_2025,127,113,14,252,2025-12,
4314472,RS,ano_2025,60,64,-4,227,2025-12,
4314498,RS,ano_2025,305,164,141,491,2025-12,
4314506,RS,ano_2025,752,642,110,1249,2025-12,
4314548,RS,ano_2025,1151,1073,78,406,2025-12,
4314555,RS,ano_2025,22,27,-5,105,2025-12,
4314605,RS,ano_2025,733,917,-184,1941,2025-12,
4314704,RS,ano_2025,655,659,-4,1419,2025-12,
4314753,RS,ano_2025,166,132,34,298,2025-12,
4314779,RS,ano_2025,225,205,20,420,2025-12,
4314787,RS,ano_2025,35,34,1,110,2025-12,
4314803,RS,ano_2025,5666,5599,67,9897,2025-12,
4314902,RS,ano_2025,301766,288171,13595,548800,2025-12,
4315008,RS,ano_2025,107,89,18,340,2025-12,
4315057,RS,ano_2025,93,79,14,178,2025-12,
4315073,RS,ano_2025,37,27,10,76,2025-12,
4315107,RS,ano_2025,733,710,23,1297,2025-12,
4315131,RS,ano_2025,160,141,19,212,2025-12,
4315149,RS,ano_2025,1900,1693,207,2577,2025-12,
4315156,RS,ano_2025,359,328,31,615,2025-12,
4315172,RS,ano_2025,234,238,-4,263,2025-12,
4315206,RS,ano_2025,171,160,11,444,2025-12,
4315305,RS,ano_2025,1881,1663,218,3604,2025-12,
4315313,RS,ano_2025,67,67,0,144,2025-12,
4315321,RS,ano_2025,84,79,5,213,2025-12,
4315354,RS,ano_2025,296,268,28,647,2025-12,
4315404,RS,ano_2025,178,149,29,397,2025-12,
4315453,RS,ano_2025,60,48,12,141,2025-12,
4315503,RS,ano_2025,1408,1286,122,2653,2025-12,
4315552,RS,ano_2025,30,26,4,92,2025-12,
4315602,RS,ano_2025,21577,21066,511,40420,2025-12,
4315701,RS,ano_2025,2945,2726,219,5098,2025-12,
4315750,RS,ano_2025,543,519,24,1257,2025-12,
4315800,RS,ano_2025,1658,1665,-7,2623,2025-12,
4315909,RS,ano_2025,775,633,142,1583,2025-12,
4315958,RS,ano_2025,86,65,21,191,2025-12,
4316006,RS,ano_2025,4449,4236,213,7144,2025-12,
4316105,RS,ano_2025,718,687,31,1350,2025-12,
4316204,RS,ano_2025,273,217,56,540,2025-12,
4316303,RS,ano_2025,254,235,19,621,2025-12,
4316402,RS,ano_2025,2296,2238,58,5608,2025-12,
4316428,RS,ano_2025,159,147,12,217,2025-12,
4316436,RS,ano_2025,139,133,6,321,2025-12,
4316451,RS,ano_2025,627,643,-16,1365,2025-12,
4316477,RS,ano_2025,428,393,35,745,2025-12,
4316501,RS,ano_2025,1229,1169,60,2358,2025-12,
4316600,RS,ano_2025,4490,2953,1537,5312,2025-12,
4316709,RS,ano_2025,511,567,-56,1495,2025-12,
4316733,RS,ano_2025,54,63,-9,115,2025-12,
4316758,RS,ano_2025,1513,1574,-61,2034,2025-12,
4316808,RS,ano_2025,37421,37235,186,44342,2025-12,
4316907,RS,ano_2025,32934,33509,-575,62452,2025-12,
4316956,RS,ano_2025,517,514,3,1506,2025-12,
4316972,RS,ano_2025,173,169,4,368,2025-12,
4317004,RS,ano_2025,151,148,3,368,2025-12,
4317103,RS,ano_2025,7354,6871,483,14074,2025-12,
4317202,RS,ano_2025,14883,14051,832,25207,2025-12,
4317251,RS,ano_2025,181,194,-13,97,2025-12,
4317301,RS,ano_2025,3254,3228,26,5722,2025-12,
4317400,RS,ano_2025,3758,3595,163,8177,2025-12,
4317509,RS,ano_2025,9596,9360,236,18642,2025-12,
4317558,RS,ano_2025,138,147,-9,309,2025-12,
4317608,RS,ano_2025,6048,5790,258,10450,2025-12,
4317707,RS,ano_2025,490,465,25,1263,2025-12,
4317756,RS,ano_2025,252,241,11,382,2025-12,
4317806,RS,ano_2025,1378,1303,75,2968,2025-12,
4317905,RS,ano_2025,1557,1405,152,3626,2025-12,
4317954,RS,ano_2025,39,31,8,100,2025-12,
4318002,RS,ano_2025,5489,5268,221,11422,2025-12,
4318051,RS,ano_2025,158,160,-2,403,2025-12,
4318101,RS,ano_2025,545,526,19,1573,2025-12,
4318200,RS,ano_2025,4632,4658,-26,5092,2025-12,
4318309,RS,ano_2025,3394,3470,-76,9395,2025-12,
4318408,RS,ano_2025,1430,1349,81,3352,2025-12,
4318424,RS,ano_2025,204,167,37,538,2025-12,
4318432,RS,ano_2025,316,298,18,701,2025-12,
4318440,RS,ano_2025,146,185,-39,290,2025-12,
4318457,RS,ano_2025,41,37,4,118,2025-12,
4318465,RS,ano_2025,205,210,-5,304,2025-12,
4318481,RS,ano_2025,398,375,23,815,2025-12,
4318499,RS,ano_2025,266,241,25,644,2025-12,
4318507,RS,ano_2025,1420,1931,-511,2672,2025-12,
4318606,RS,ano_2025,668,551,117,1445,2025-12,
4318614,RS,ano_2025,234,178,56,400,2025-12,
4318622,RS,ano_2025,1409,1432,-23,1108,2025-12,
4318705,RS,ano_2025,30157,29515,642,56054,2025-12,
4318804,RS,ano_2025,2162,2071,91,5322,2025-12,
4318903,RS,ano_2025,2958,2929,29,6601,2025-12,
4319000,RS,ano_2025,4604,4383,221,7854,2025-12,
4319109,RS,ano_2025,418,412,6,1019,2025-12,
4319125,RS,ano_2025,51,56,-5,180,2025-12,
4319158,RS,ano_2025,494,478,16,1144,2025-12,
4319208,RS,ano_2025,149,161,-12,338,2025-12,
4319307,RS,ano_2025,174,163,11,508,2025-12,
4319356,RS,ano_2025,453,476,-23,702,2025-12,
4319364,RS,ano_2025,19,14,5,86,2025-12,
4319372,RS,ano_2025,299,259,40,669,2025-12,
4319406,RS,ano_2025,624,611,13,1682,2025-12,
4319505,RS,ano_2025,4113,3990,123,6728,2025-12,
4319604,RS,ano_2025,1266,1255,11,3228,2025-12,
4319703,RS,ano_2025,358,213,145,580,2025-12,
4319711,RS,ano_2025,325,281,44,414,2025-12,
4319737,RS,ano_2025,35,40,-5,53,2025-12,
4319752,RS,ano_2025,216,231,-15,520,2025-12,
4319802,RS,ano_2025,474,470,4,1052,2025-12,
4319901,RS,ano_2025,13238,13371,-133,20646,2025-12,
4320008,RS,ano_2025,13311,12514,797,22025,2025-12,
4320107,RS,ano_2025,3919,3584,335,7525,2025-12,
4320206,RS,ano_2025,1908,1930,-22,4181,2025-12,
4320230,RS,ano_2025,115,110,5,203,2025-12,
4320263,RS,ano_2025,108,99,9,272,2025-12,
4320305,RS,ano_2025,314,290,24,854,2025-12,
4320321,RS,ano_2025,62,67,-5,206,2025-12,
4320354,RS,ano_2025,233,192,41,520,2025-12,
4320404,RS,ano_2025,3400,3372,28,6297,2025-12,
4320453,RS,ano_2025,64,80,-16,139,2025-12,
4320503,RS,ano_2025,216,194,22,614,2025-12,
4320552,RS,ano_2025,228,220,8,649,2025-12,
4320578,RS,ano_2025,32,29,3,70,2025-12,
4320602,RS,ano_2025,134,152,-18,355,2025-12,
4320651,RS,ano_2025,83,82,1,201,2025-12,
4320677,RS,ano_2025,311,317,-6,615,2025-12,
4320701,RS,ano_2025,1143,1211,-68,2267,2025-12,
4320800,RS,ano_2025,6031,5581,450,8371,2025-12,
4320859,RS,ano_2025,434,449,-15,724,2025-12,
4320909,RS,ano_2025,5728,5478,250,9574,2025-12,
4321006,RS,ano_2025,1206,1143,63,2283,2025-12,
4321105,RS,ano_2025,865,924,-59,1867,2025-12,
4321204,RS,ano_2025,5859,6131,-272,10280,2025-12,
4321303,RS,ano_2025,2648,2985,-337,5250,2025-12,
4321329,RS,ano_2025,107,114,-7,356,2025-12,
4321352,RS,ano_2025,229,205,24,351,2025-12,
4321402,RS,ano_2025,1496,1322,174,2963,2025-12,
4321436,RS,ano_2025,1112,1067,45,1802,2025-12,
4321451,RS,ano_2025,6302,6047,255,10837,2025-12,
4321469,RS,ano_2025,272,276,-4,559,2025-12,
4321477,RS,ano_2025,82,93,-11,294,2025-12,
4321493,RS,ano_2025,73,53,20,152,2025-12,
4321501,RS,ano_2025,7624,7144,480,10380,2025-12,
4321600,RS,ano_2025,6316,6227,89,8745,2025-12,
4321626,RS,ano_2025,192,185,7,392,2025-12,
4321634,RS,ano_2025,476,451,25,565,2025-12,
4321667,RS,ano_2025,1802,1686,116,2895,2025-12,
4321709,RS,ano_2025,3990,4130,-140,6660,2025-12,
4321808,RS,ano_2025,2896,2900,-4,6191,2025-12,
4321832,RS,ano_2025,61,65,-4,104,2025-12,
4321857,RS,ano_2025,233,220,13,501,2025-12,
4321907,RS,ano_2025,3098,2979,119,6516,2025-12,
4321956,RS,ano_2025,1336,1274,62,2629,2025-12,
4322004,RS,ano_2025,8486,7697,789,15170,2025-12,
4322103,RS,ano_2025,273,235,38,717,2025-12,
4322152,RS,ano_2025,51,39,12,164,2025-12,
4322186,RS,ano_2025,36,38,-2,68,2025-12,
4322202,RS,ano_2025,1495,1536,-41,3537,2025-12,
4322251,RS,ano_2025,1605,1417,188,3383,2025-12,
4322301,RS,ano_2025,584,566,18,1174,2025-12,
4322327,RS,ano_2025,164,148,16,343,2025-12,
4322343,RS,ano_2025,35,25,10,106,2025-12,
4322350,RS,ano_2025,61,78,-17,88,2025-12,
4322376,RS,ano_2025,54,46,8,123,2025-12,
4322400,RS,ano_2025,10319,10060,259,20821,2025-12,
4322509,RS,ano_2025,30335,30129,206,19481,2025-12,
4322525,RS,ano_2025,108,115,-7,252,2025-12,
4322533,RS,ano_2025,196,176,20,489,2025-12,
4322541,RS,ano_2025,554,817,-263,1336,2025-12,
4322558,RS,ano_2025,111,147,-36,207,2025-12,
4322608,RS,ano_2025,16871,16413,458,17484,2025-12,
4322707,RS,ano_2025,3585,3621,-36,4362,2025-12,
4322806,RS,ano_2025,3499,3366,133,7209,2025-12,
4322855,RS,ano_2025,161,157,4,309,2025-12,
4322905,RS,ano_2025,132,102,30,299,2025-12,
4323002,RS,ano_2025,14203,13745,458,21660,2025-12,
4323101,RS,ano_2025,67,75,-8,325,2025-12,
4323200,RS,ano_2025,305,321,-16,513,2025-12,
4323309,RS,ano_2025,679,668,11,1392,2025-12,
4323358,RS,ano_2025,295,294,1,324,2025-12,
4323408,RS,ano_2025,1421,1379,42,2177,2025-12,
4323457,RS,ano_2025,146,193,-47,451,2025-12,
4323507,RS,ano_2025,173,160,13,351,2025-12,
4323606,RS,ano_2025,63,46,17,132,2025-12,
4323705,RS,ano_2025,152,182,-30,379,2025-12,
4323754,RS,ano_2025,48,34,14,147,2025-12,
4323770,RS,ano_2025,1052,842,210,1488,2025-12,
4323804,RS,ano_2025,3705,3443,262,4815,2025-12,
5000203,MS,ano_2025,6320,6417,-97,6804,2025-12,
5000252,MS,ano_2025,447,406,41,784,2025-12,
5000609,MS,ano_2025,2565,2575,-10,5568,2025-12,
5000708,MS,ano_2025,1695,1431,264,3223,2025-12,
5000807,MS,ano_2025,1197,1037,160,2328,2025-12,
5000856,MS,ano_2025,1397,1459,-62,6709,2025-12,
5000906,MS,ano_2025,335,369,-34,815,2025-12,
5001003,MS,ano_2025,7897,7345,552,11524,2025-12,
5001102,MS,ano_2025,3767,3646,121,6597,2025-12,
5001243,MS,ano_2025,1117,1060,57,1550,2025-12,
5001508,MS,ano_2025,1021,985,36,1677,2025-12,
5001904,MS,ano_2025,4996,4495,501,7518,2025-12,
5002001,MS,ano_2025,2046,1675,371,2911,2025-12,
5002100,MS,ano_2025,1447,1360,87,3020,2025-12,
5002159,MS,ano_2025,808,755,53,1268,2025-12,
5002209,MS,ano_2025,4693,4399,294,6398,2025-12,
5002308,MS,ano_2025,1705,1681,24,3056,2025-12,
5002407,MS,ano_2025,2905,2939,-34,6919,2025-12,
5002605,MS,ano_2025,1443,1410,33,2515,2025-12,
5002704,MS,ano_2025,148198,144192,4006,233154,2025-12,
5002803,MS,ano_2025,372,327,45,734,2025-12,
5002902,MS,ano_2025,2848,2566,282,4084,2025-12,
5002951,MS,ano_2025,8500,7783,717,9823,2025-12,
5003108,MS,ano_2025,841,846,-5,925,2025-12,
5003157,MS,ano_2025,275,236,39,598,2025-12,
5003207,MS,ano_2025,9787,9936,-149,18770,2025-12,
5003256,MS,ano_2025,4501,4480,21,6379,2025-12,
5003306,MS,ano_2025,3251,3204,47,5716,2025-12,
5003454,MS,ano_2025,1271,1422,-151,1822,2025-12,
5003488,MS,ano_2025,672,650,22,1446,2025-12,
5003504,MS,ano_2025,256,244,12,471,2025-12,
5003702,MS,ano_2025,39025,37188,1837,66241,2025-12,
5003751,MS,ano_2025,1801,1548,253,2608,2025-12,
5003801,MS,ano_2025,1703,1625,78,3304,2025-12,
5003900,MS,ano_2025,497,472,25,825,2025-12,
5004007,MS,ano_2025,561,505,56,1131,2025-12,
5004106,MS,ano_2025,753,661,92,1410,2025-12,
5004304,MS,ano_2025,1619,1487,132,2694,2025-12,
5004403,MS,ano_2025,8323,5979,2344,8573,2025-12,
5004502,MS,ano_2025,1492,1317,175,2921,2025-12,
5004601,MS,ano_2025,3051,2976,75,5223,2025-12,
5004700,MS,ano_2025,3143,2868,275,4514,2025-12,
5004809,MS,ano_2025,81,73,8,201,2025-12,
5004908,MS,ano_2025,756,676,80,1249,2025-12,
5005004,MS,ano_2025,1938,1827,111,3770,2025-12,
5005103,MS,ano_2025,651,598,53,978,2025-12,
5005152,MS,ano_2025,287,298,-11,621,2025-12,
5005202,MS,ano_2025,391,428,-37,910,2025-12,
5005251,MS,ano_2025,741,728,13,1581,2025-12,
5005400,MS,ano_2025,5455,5235,220,10663,2025-12,
5005608,MS,ano_2025,1879,1794,85,3679,2025-12,
5005681,MS,ano_2025,2325,1891,434,3247,2025-12,
5005707,MS,ano_2025,7502,7263,239,11836,2025-12,
5005806,MS,ano_2025,1279,1563,-284,1379,2025-12,
5006002,MS,ano_2025,4947,3764,1183,6638,2025-12,
5006200,MS,ano_2025,8332,8347,-15,12933,2025-12,
5006259,MS,ano_2025,267,256,11,504,2025-12,
5006275,MS,ano_2025,1341,1359,-18,1751,2025-12,
5006309,MS,ano_2025,6894,6734,160,10902,2025-12,
5006358,MS,ano_2025,217,197,20,547,2025-12,
5006408,MS,ano_2025,556,513,43,1019,2025-12,
5006606,MS,ano_2025,7035,6892,143,13513,2025-12,
5006903,MS,ano_2025,1578,1526,52,2311,2025-12,
5007109,MS,ano_2025,11485,10616,869,11346,2025-12,
5007208,MS,ano_2025,5424,5646,-222,10911,2025-12,
5007307,MS,ano_2025,436,389,47,691,2025-12,
5007406,MS,ano_2025,2525,2177,348,3391,2025-12,
5007505,MS,ano_2025,1093,890,203,1869,2025-12,
5007554,MS,ano_2025,1768,1761,7,2323,2025-12,
5007695,MS,ano_2025,7456,6115,1341,11319,2025-12,
5007703,MS,ano_2025,301,285,16,826,2025-12,
5007802,MS,ano_2025,1235,1057,178,2146,2025-12,
5007901,MS,ano_2025,7334,7457,-123,11445,2025-12,
5007935,MS,ano_2025,2340,2164,176,4216,2025-12,
5007950,MS,ano_2025,415,385,30,728,2025-12,
5007976,MS,ano_2025,142,116,26,342,2025-12,
5008008,MS,ano_2025,1779,1791,-12,3470,2025-12,
5008305,MS,ano_2025,30514,29245,1269,43877,2025-12,
5008404,MS,ano_2025,768,542,226,1207,2025-12,
5100102,MT,ano_2025,165,133,32,460,2025-12,
5100201,MT,ano_2025,5637,5342,295,7380,2025-12,
5100250,MT,ano_2025,9276,9085,191,13318,2025-12,
5100300,MT,ano_2025,1550,1468,82,2667,2025-12,
5100359,MT,ano_2025,320,347,-27,428,2025-12,
5100409,MT,ano_2025,1836,1792,44,3268,2025-12,
5100508,MT,ano_2025,205,176,29,427,2025-12,
5100607,MT,ano_2025,1663,1650,13,2695,2025-12,
5100805,MT,ano_2025,712,709,3,1065,2025-12,
5101001,MT,ano_2025,416,407,9,678,2025-12,
5101209,MT,ano_2025,37,32,5,48,2025-12,
5101258,MT,ano_2025,1401,1372,29,3656,2025-12,
5101308,MT,ano_2025,997,771,226,1275,2025-12,
5101407,MT,ano_2025,3771,3117,654,5083,2025-12,
5101605,MT,ano_2025,239,254,-15,405,2025-12,
5101704,MT,ano_2025,3936,3809,127,6783,2025-12,
5101803,MT,ano_2025,12656,11669,987,15741,2025-12,
5101837,MT,ano_2025,26,11,15,1047,2025-12,
5101852,MT,ano_2025,1048,1013,35,1496,2025-12,
5101902,MT,ano_2025,3958,3765,193,4805,2025-12,
5102504,MT,ano_2025,6988,6342,646,12993,2025-12,
5102603,MT,ano_2025,667,654,13,1033,2025-12,
5102637,MT,ano_2025,15127,14664,463,18091,2025-12,
5102678,MT,ano_2025,11681,10975,706,14009,2025-12,
5102686,MT,ano_2025,3276,3106,170,3714,2025-12,
5102694,MT,ano_2025,402,382,20,550,2025-12,
5102702,MT,ano_2025,4935,4475,460,6340,2025-12,
5102793,MT,ano_2025,715,727,-12,1108,2025-12,
5102850,MT,ano_2025,569,550,19,940,2025-12,
5103007,MT,ano_2025,2177,2041,136,3627,2025-12,
5103056,MT,ano_2025,1241,1170,71,2051,2025-12,
5103106,MT,ano_2025,2988,2688,300,2346,2025-12,
5103205,MT,ano_2025,5115,4799,316,7735,2025-12,
5103254,MT,ano_2025,2219,2102,117,3067,2025-12,
5103304,MT,ano_2025,2938,2839,99,3751,2025-12,
5103353,MT,ano_2025,5353,5099,254,6278,2025-12,
5103361,MT,ano_2025,313,281,32,407,2025-12,
5103379,MT,ano_2025,490,450,40,975,2025-12,
5103403,MT,ano_2025,135810,129522,6288,221862,2025-12,
5103437,MT,ano_2025,221,197,24,445,2025-12,
5103452,MT,ano_2025,571,564,7,679,2025-12,
5103502,MT,ano_2025,7125,6822,303,9415,2025-12,
5103601,MT,ano_2025,759,794,-35,1363,2025-12,
5103700,MT,ano_2025,1329,1365,-36,1982,2025-12,
5103809,MT,ano_2025,214,212,2,423,2025-12,
5103858,MT,ano_2025,1564,1549,15,1865,2025-12,
5103908,MT,ano_2025,659,509,150,837,2025-12,
5103957,MT,ano_2025,107,108,-1,246,2025-12,
5104104,MT,ano_2025,4316,4179,137,6046,2025-12,
5104203,MT,ano_2025,856,819,37,1387,2025-12,
5104500,MT,ano_2025,91,89,2,182,2025-12,
5104526,MT,ano_2025,2731,2549,182,2879,2025-12,
5104542,MT,ano_2025,648,659,-11,910,2025-12,
5104559,MT,ano_2025,1098,1033,65,1439,2025-12,
5104609,MT,ano_2025,2161,2090,71,3526,2025-12,
5104807,MT,ano_2025,5805,5482,323,8763,2025-12,
5104906,MT,ano_2025,501,379,122,743,2025-12,
5105002,MT,ano_2025,247,250,-3,683,2025-12,
5105101,MT,ano_2025,5279,5351,-72,7599,2025-12,
5105150,MT,ano_2025,5528,5316,212,8803,2025-12,
5105176,MT,ano_2025,1249,1242,7,1786,2025-12,
5105200,MT,ano_2025,956,862,94,1628,2025-12,
5105234,MT,ano_2025,794,738,56,1368,2025-12,
5105259,MT,ano_2025,28172,26401,1771,32963,2025-12,
5105309,MT,ano_2025,33,33,0,79,2025-12,
5105507,MT,ano_2025,2239,2089,150,3177,2025-12,
5105580,MT,ano_2025,1565,1437,128,2288,2025-12,
5105606,MT,ano_2025,3722,3634,88,5616,2025-12,
5105622,MT,ano_2025,3737,3272,465,5718,2025-12,
5105903,MT,ano_2025,2492,2469,23,4134,2025-12,
5106000,MT,ano_2025,557,529,28,818,2025-12,
5106109,MT,ano_2025,1802,1441,361,2809,2025-12,
5106158,MT,ano_2025,1335,1337,-2,1662,2025-12,
5106174,MT,ano_2025,175,182,-7,246,2025-12,
5106182,MT,ano_2025,872,814,58,1266,2025-12,
5106190,MT,ano_2025,616,581,35,735,2025-12,
5106208,MT,ano_2025,301,289,12,477,2025-12,
5106216,MT,ano_2025,1330,1325,5,2034,2025-12,
5106224,MT,ano_2025,18114,17440,674,22285,2025-12,
5106232,MT,ano_2025,3059,3057,2,5258,2025-12,
5106240,MT,ano_2025,3476,3249,227,3031,2025-12,
5106257,MT,ano_2025,2680,2439,241,3972,2025-12,
5106265,MT,ano_2025,982,968,14,1137,2025-12,
5106273,MT,ano_2025,195,156,39,254,2025-12,
5106281,MT,ano_2025,1105,1081,24,1408,2025-12,
5106299,MT,ano_2025,834,822,12,1520,2025-12,
5106307,MT,ano_2025,4915,4804,111,6109,2025-12,
5106315,MT,ano_2025,75,26,49,137,2025-12,
5106372,MT,ano_2025,4540,4208,332,5712,2025-12,
5106422,MT,ano_2025,3276,3054,222,4060,2025-12,
5106455,MT,ano_2025,551,452,99,654,2025-12,
5106505,MT,ano_2025,2485,1911,574,4639,2025-12,
5106653,MT,ano_2025,453,450,3,646,2025-12,
5106703,MT,ano_2025,28,31,-3,66,2025-12,
5106752,MT,ano_2025,8405,8174,231,12215,2025-12,
5106778,MT,ano_2025,3137,3028,109,1950,2025-12,
5106802,MT,ano_2025,2107,1976,131,2463,2025-12,
5106828,MT,ano_2025,625,624,1,1391,2025-12,
5106851,MT,ano_2025,134,161,-27,306,2025-12,
5107008,MT,ano_2025,1735,1667,68,2781,2025-12,
5107040,MT,ano_2025,25438,24219,1219,29678,2025-12,
5107065,MT,ano_2025,6434,6118,316,7702,2025-12,
5107107,MT,ano_2025,1373,1310,63,2781,2025-12,
5107156,MT,ano_2025,76,99,-23,115,2025-12,
5107180,MT,ano_2025,1240,1197,43,1633,2025-12,
5107198,MT,ano_2025,183,150,33,288,2025-12,
5107206,MT,ano_2025,253,213,40,455,2025-12,
5107248,MT,ano_2025,1138,1073,65,1490,2025-12,
5107263,MT,ano_2025,290,268,22,457,2025-12,
5107297,MT,ano_2025,36,50,-14,124,2025-12,
5107305,MT,ano_2025,1836,1715,121,3279,2025-12,
5107354,MT,ano_2025,2068,1767,301,1994,2025-12,
5107404,MT,ano_2025,88,74,14,186,2025-12,
5107578,MT,ano_2025,546,613,-67,589,2025-12,
5107602,MT,ano_2025,55095,54134,961,76318,2025-12,
5107701,MT,ano_2025,1153,1155,-2,1717,2025-12,
5107743,MT,ano_2025,434,421,13,531,2025-12,
5107750,MT,ano_2025,196,188,8,347,2025-12,
5107768,MT,ano_2025,1311,1306,5,1492,2025-12,
5107776,MT,ano_2025,301,334,-33,520,2025-12,
5107792,MT,ano_2025,1465,1547,-82,1731,2025-12,
5107800,MT,ano_2025,1204,1173,31,2139,2025-12,
5107859,MT,ano_2025,2430,2325,105,2706,2025-12,
5107875,MT,ano_2025,11759,10667,1092,14125,2025-12,
5107883,MT,ano_2025,90,96,-6,146,2025-12,
5107909,MT,ano_2025,46541,44898,1643,56328,2025-12,
5107925,MT,ano_2025,31759,30897,862,38048,2025-12,
5107941,MT,ano_2025,2120,1970,150,2551,2025-12,
5107958,MT,ano_2025,17815,17587,228,26299,2025-12,
5108006,MT,ano_2025,4152,3897,255,5022,2025-12,
5108055,MT,ano_2025,1191,1013,178,1467,2025-12,
5108105,MT,ano_2025,528,494,34,571,2025-12,
5108204,MT,ano_2025,313,305,8,585,2025-12,
5108303,MT,ano_2025,551,595,-44,872,2025-12,
5108352,MT,ano_2025,68,72,-4,140,2025-12,
5108402,MT,ano_2025,36088,33467,2621,55660,2025-12,
5108501,MT,ano_2025,2536,2332,204,3135,2025-12,
5108600,MT,ano_2025,2246,2164,82,3035,2025-12,
5108808,MT,ano_2025,263,252,11,533,2025-12,
5108857,MT,ano_2025,1315,1333,-18,2461,2025-12,
5108907,MT,ano_2025,1507,1393,114,1740,2025-12,
5108956,MT,ano_2025,1439,1363,76,1771,2025-12,
5200050,GO,ano_2025,1711,1560,151,2117,2025-12,
5200100,GO,ano_2025,1665,1549,116,2489,2025-12,
5200134,GO,ano_2025,2129,2118,11,3106,2025-12,
5200159,GO,ano_2025,118,93,25,168,2025-12,
5200175,GO,ano_2025,1222,1157,65,1134,2025-12,
5200209,GO,ano_2025,94,87,7,198,2025-12,
5200258,GO,ano_2025,10193,8911,1282,14833,2025-12,
5200308,GO,ano_2025,2935,2868,67,5103,2025-12,
5200506,GO,ano_2025,35,27,8,110,2025-12,
5200555,GO,ano_2025,1677,1551,126,2318,2025-12,
5200605,GO,ano_2025,1293,1180,113,1833,2025-12,
5200803,GO,ano_2025,542,487,55,900,2025-12,
5200829,GO,ano_2025,113,111,2,184,2025-12,
5200852,GO,ano_2025,772,657,115,532,2025-12,
5200902,GO,ano_2025,64,61,3,172,2025-12,
5201108,GO,ano_2025,70605,67672,2933,114087,2025-12,
5201207,GO,ano_2025,6,5,1,37,2025-12,
5201306,GO,ano_2025,1927,1958,-31,3167,2025-12,
5201405,GO,ano_2025,90733,88009,2724,126696,2025-12,
5201454,GO,ano_2025,380,359,21,500,2025-12,
5201504,GO,ano_2025,1350,1151,199,1855,2025-12,
5201603,GO,ano_2025,116,128,-12,303,2025-12,
5201702,GO,ano_2025,792,744,48,1011,2025-12,
5201801,GO,ano_2025,680,592,88,874,2025-12,
5202155,GO,ano_2025,591,525,66,724,2025-12,
5202353,GO,ano_2025,245,226,19,338,2025-12,
5202502,GO,ano_2025,1331,1174,157,1705,2025-12,
5202601,GO,ano_2025,195,180,15,319,2025-12,
5202809,GO,ano_2025,132,133,-1,236,2025-12,
5203104,GO,ano_2025,89,82,7,138,2025-12,
5203203,GO,ano_2025,1901,1606,295,4029,2025-12,
5203302,GO,ano_2025,3450,3402,48,5897,2025-12,
5203401,GO,ano_2025,452,381,71,766,2025-12,
5203500,GO,ano_2025,2866,2813,53,3356,2025-12,
5203559,GO,ano_2025,532,504,28,895,2025-12,
5203575,GO,ano_2025,300,293,7,505,2025-12,
5203609,GO,ano_2025,308,255,53,493,2025-12,
5203807,GO,ano_2025,409,387,22,753,2025-12,
5203906,GO,ano_2025,1084,968,116,2260,2025-12,
5203939,GO,ano_2025,175,180,-5,304,2025-12,
5203962,GO,ano_2025,85,78,7,136,2025-12,
5204003,GO,ano_2025,718,662,56,1300,2025-12,
5204102,GO,ano_2025,1056,998,58,1541,2025-12,
5204201,GO,ano_2025,53,47,6,93,2025-12,
5204250,GO,ano_2025,1072,1000,72,2148,2025-12,
5204300,GO,ano_2025,1832,1494,338,3664,2025-12,
5204409,GO,ano_2025,1573,1627,-54,2511,2025-12,
5204508,GO,ano_2025,15619,15050,569,24299,2025-12,
5204557,GO,ano_2025,191,158,33,298,2025-12,
5204607,GO,ano_2025,123,129,-6,212,2025-12,
5204656,GO,ano_2025,128,97,31,237,2025-12,
5204706,GO,ano_2025,633,589,44,1064,2025-12,
5204805,GO,ano_2025,1888,1902,-14,1502,2025-12,
5204854,GO,ano_2025,901,768,133,1725,2025-12,
5204904,GO,ano_2025,834,805,29,1729,2025-12,
5204953,GO,ano_2025,63,82,-19,241,2025-12,
5205000,GO,ano_2025,842,1054,-212,2093,2025-12,
5205059,GO,ano_2025,174,216,-42,148,2025-12,
5205109,GO,ano_2025,17042,16405,637,27399,2025-12,
5205208,GO,ano_2025,264,236,28,415,2025-12,
5205307,GO,ano_2025,251,212,39,425,2025-12,
5205406,GO,ano_2025,4567,3709,858,7492,2025-12,
5205455,GO,ano_2025,1945,1767,178,2992,2025-12,
5205471,GO,ano_2025,2785,2771,14,5102,2025-12,
5205497,GO,ano_2025,3620,3385,235,5274,2025-12,
5205513,GO,ano_2025,1378,1277,101,1756,2025-12,
5205521,GO,ano_2025,100,85,15,149,2025-12,
5205703,GO,ano_2025,80,103,-23,180,2025-12,
5205802,GO,ano_2025,880,665,215,1291,2025-12,
5205901,GO,ano_2025,1123,1135,-12,2360,2025-12,
5206206,GO,ano_2025,17486,17153,333,16650,2025-12,
5206305,GO,ano_2025,167,147,20,317,2025-12,
5206404,GO,ano_2025,1834,2064,-230,2992,2025-12,
5206503,GO,ano_2025,163,151,12,313,2025-12,
5206602,GO,ano_2025,140,167,-27,217,2025-12,
5206701,GO,ano_2025,53,39,14,108,2025-12,
5206800,GO,ano_2025,92,112,-20,190,2025-12,
5206909,GO,ano_2025,68,83,-15,161,2025-12,
5207105,GO,ano_2025,92,91,1,174,2025-12,
5207253,GO,ano_2025,631,563,68,969,2025-12,
5207352,GO,ano_2025,262,227,35,638,2025-12,
5207402,GO,ano_2025,1408,1359,49,2998,2025-12,
5207501,GO,ano_2025,221,158,63,350,2025-12,
5207535,GO,ano_2025,258,242,16,441,2025-12,
5207600,GO,ano_2025,198,192,6,637,2025-12,
5207808,GO,ano_2025,402,340,62,883,2025-12,
5207907,GO,ano_2025,362,350,12,637,2025-12,
5208004,GO,ano_2025,17667,17398,269,20595,2025-12,
5208103,GO,ano_2025,143,136,7,255,2025-12,
5208152,GO,ano_2025,176,134,42,428,2025-12,
5208301,GO,ano_2025,88,86,2,215,2025-12,
5208400,GO,ano_2025,1008,952,56,1947,2025-12,
5208509,GO,ano_2025,596,457,139,808,2025-12,
5208608,GO,ano_2025,15322,14100,1222,20077,2025-12,
5208707,GO,ano_2025,340822,326797,14025,517930,2025-12,
5208806,GO,ano_2025,4106,4302,-196,5805,2025-12,
5208905,GO,ano_2025,1768,1649,119,3234,2025-12,
5209101,GO,ano_2025,5204,5312,-108,9578,2025-12,
5209150,GO,ano_2025,119,120,-1,302,2025-12,
5209200,GO,ano_2025,857,781,76,1354,2025-12,
5209291,GO,ano_2025,32,39,-7,90,2025-12,
5209408,GO,ano_2025,222,241,-19,232,2025-12,
5209457,GO,ano_2025,25,22,3,35,2025-12,
5209606,GO,ano_2025,90,80,10,155,2025-12,
5209705,GO,ano_2025,4972,4286,686,6767,2025-12,
5209804,GO,ano_2025,133,123,10,242,2025-12,
5209903,GO,ano_2025,611,555,56,1151,2025-12,
5209937,GO,ano_2025,340,356,-16,488,2025-12,
5209952,GO,ano_2025,1697,1574,123,2652,2025-12,
5210000,GO,ano_2025,7464,7382,82,11058,2025-12,
5210109,GO,ano_2025,3550,3418,132,5516,2025-12,
5210158,GO,ano_2025,98,98,0,92,2025-12,
5210208,GO,ano_2025,2469,2424,45,4651,2025-12,
5210307,GO,ano_2025,128,144,-16,271,2025-12,
5210406,GO,ano_2025,8586,8022,564,12413,2025-12,
5210562,GO,ano_2025,237,257,-20,557,2025-12,
5210604,GO,ano_2025,222,227,-5,398,2025-12,
5210802,GO,ano_2025,330,374,-44,579,2025-12,
5210901,GO,ano_2025,2119,2000,119,2888,2025-12,
5211008,GO,ano_2025,427,390,37,846,2025-12,
5211206,GO,ano_2025,2021,1847,174,3187,2025-12,
5211305,GO,ano_2025,659,629,30,1150,2025-12,
5211404,GO,ano_2025,741,736,5,1180,2025-12,
5211503,GO,ano_2025,20408,19529,879,31055,2025-12,
5211602,GO,ano_2025,104,104,0,226,2025-12,
5211701,GO,ano_2025,864,880,-16,1684,2025-12,
5211800,GO,ano_2025,2574,2598,-24,5149,2025-12,
5211909,GO,ano_2025,20928,20730,198,27732,2025-12,
5212006,GO,ano_2025,101,115,-14,208,2025-12,
5212055,GO,ano_2025,76,69,7,133,2025-12,
5212105,GO,ano_2025,430,400,30,861,2025-12,
5212204,GO,ano_2025,1867,1900,-33,3178,2025-12,
5212253,GO,ano_2025,110,96,14,155,2025-12,
5212303,GO,ano_2025,774,712,62,1843,2025-12,
5212501,GO,ano_2025,18949,17519,1430,29217,2025-12,
5212600,GO,ano_2025,272,235,37,293,2025-12,
5212709,GO,ano_2025,681,638,43,782,2025-12,
5212808,GO,ano_2025,1045,1040,5,1945,2025-12,
5212907,GO,ano_2025,118,102,16,221,2025-12,
5212956,GO,ano_2025,237,333,-96,499,2025-12,
5213004,GO,ano_2025,618,559,59,993,2025-12,
5213053,GO,ano_2025,104,94,10,285,2025-12,
5213087,GO,ano_2025,1846,1690,156,3282,2025-12,
5213103,GO,ano_2025,12088,11571,517,18979,2025-12,
5213400,GO,ano_2025,39,46,-7,109,2025-12,
5213509,GO,ano_2025,148,155,-7,334,2025-12,
5213707,GO,ano_2025,1150,1052,98,1890,2025-12,
5213756,GO,ano_2025,1851,1739,112,3150,2025-12,
5213772,GO,ano_2025,108,94,14,194,2025-12,
5213806,GO,ano_2025,10803,10900,-97,10968,2025-12,
5213855,GO,ano_2025,27,43,-16,95,2025-12,
5213905,GO,ano_2025,344,343,1,571,2025-12,
5214002,GO,ano_2025,2365,2301,64,4119,2025-12,
5214051,GO,ano_2025,541,474,67,831,2025-12,
5214101,GO,ano_2025,109,112,-3,168,2025-12,
5214408,GO,ano_2025,758,651,107,1362,2025-12,
5214507,GO,ano_2025,4673,4428,245,7688,2025-12,
5214606,GO,ano_2025,4575,3930,645,8526,2025-12,
5214705,GO,ano_2025,30,38,-8,89,2025-12,
5214804,GO,ano_2025,41,38,3,111,2025-12,
5214838,GO,ano_2025,2055,1886,169,3031,2025-12,
5214861,GO,ano_2025,141,127,14,371,2025-12,
5214879,GO,ano_2025,122,96,26,480,2025-12,
5214903,GO,ano_2025,109,121,-12,280,2025-12,
5215009,GO,ano_2025,2698,2563,135,2955,2025-12,
5215207,GO,ano_2025,116,126,-10,258,2025-12,
5215231,GO,ano_2025,3119,3078,41,4959,2025-12,
5215256,GO,ano_2025,229,200,29,386,2025-12,
5215306,GO,ano_2025,1330,1251,79,2805,2025-12,
5215405,GO,ano_2025,103,107,-4,229,2025-12,
5215504,GO,ano_2025,887,828,59,2363,2025-12,
5215603,GO,ano_2025,1839,1541,298,3349,2025-12,
5215652,GO,ano_2025,97,102,-5,239,2025-12,
5215702,GO,ano_2025,5484,4771,713,8255,2025-12,
5215801,GO,ano_2025,97,85,12,152,2025-12,
5215900,GO,ano_2025,260,247,13,530,2025-12,
5216007,GO,ano_2025,244,305,-61,480,2025-12,
5216304,GO,ano_2025,516,475,41,845,2025-12,
5216403,GO,ano_2025,2103,1913,190,3125,2025-12,
5216452,GO,ano_2025,815,800,15,1537,2025-12,
5216809,GO,ano_2025,535,502,33,977,2025-12,
5216908,GO,ano_2025,65,50,15,155,2025-12,
5217104,GO,ano_2025,1567,1475,92,3032,2025-12,
5217203,GO,ano_2025,1218,1154,64,1582,2025-12,
5217302,GO,ano_2025,3353,3197,156,4756,2025-12,
5217401,GO,ano_2025,5436,5117,319,9067,2025-12,
5217609,GO,ano_2025,5287,4778,509,7649,2025-12,
5217708,GO,ano_2025,1448,1400,48,2845,2025-12,
5218003,GO,ano_2025,4169,3810,359,7350,2025-12,
5218052,GO,ano_2025,476,469,7,467,2025-12,
5218102,GO,ano_2025,378,487,-109,645,2025-12,
5218300,GO,ano_2025,3184,3117,67,4719,2025-12,
5218391,GO,ano_2025,124,123,1,483,2025-12,
5218508,GO,ano_2025,6702,6677,25,12630,2025-12,
5218607,GO,ano_2025,1037,1013,24,1827,2025-12,
5218706,GO,ano_2025,148,168,-20,310,2025-12,
5218789,GO,ano_2025,1896,1605,291,3691,2025-12,
5218805,GO,ano_2025,54392,51066,3326,71224,2025-12,
5218904,GO,ano_2025,2497,2365,132,3952,2025-12,
5219001,GO,ano_2025,929,926,3,1334,2025-12,
5219100,GO,ano_2025,506,465,41,787,2025-12,
5219209,GO,ano_2025,191,209,-18,338,2025-12,
5219258,GO,ano_2025,768,669,99,1219,2025-12,
5219308,GO,ano_2025,5931,5505,426,6962,2025-12,
5219357,GO,ano_2025,146,161,-15,236,2025-12,
5219407,GO,ano_2025,532,530,2,678,2025-12,
5219456,GO,ano_2025,687,665,22,495,2025-12,
5219506,GO,ano_2025,123,111,12,193,2025-12,
5219605,GO,ano_2025,109,89,20,169,2025-12,
5219704,GO,ano_2025,3306,2933,373,1934,2025-12,
5219712,GO,ano_2025,600,593,7,1274,2025-12,
5219738,GO,ano_2025,1027,1372,-345,1707,2025-12,
5219753,GO,ano_2025,2233,2002,231,3986,2025-12,
5219803,GO,ano_2025,270,228,42,532,2025-12,
5219902,GO,ano_2025,460,448,12,806,2025-12,
5220009,GO,ano_2025,1114,1088,26,1544,2025-12,
5220058,GO,ano_2025,79,93,-14,151,2025-12,
5220108,GO,ano_2025,3580,3585,-5,6718,2025-12,
5220157,GO,ano_2025,248,226,22,378,2025-12,
5220207,GO,ano_2025,2028,1924,104,3310,2025-12,
5220264,GO,ano_2025,740,661,79,817,2025-12,
5220280,GO,ano_2025,312,128,184,136,2025-12,
5220405,GO,ano_2025,1983,1918,65,2871,2025-12,
5220454,GO,ano_2025,12838,12464,374,19186,2025-12,
5220504,GO,ano_2025,1787,1725,62,2240,2025-12,
5220603,GO,ano_2025,2008,1942,66,3855,2025-12,
5220686,GO,ano_2025,359,299,60,695,2025-12,
5220702,GO,ano_2025,113,121,-8,184,2025-12,
5221007,GO,ano_2025,206,235,-29,423,2025-12,
5221080,GO,ano_2025,60,38,22,125,2025-12,
5221197,GO,ano_2025,476,495,-19,983,2025-12,
5221304,GO,ano_2025,148,114,34,232,2025-12,
5221403,GO,ano_2025,11657,10830,827,18350,2025-12,
5221452,GO,ano_2025,50,40,10,147,2025-12,
5221502,GO,ano_2025,282,284,-2,593,2025-12,
5221551,GO,ano_2025,817,782,35,2154,2025-12,
5221577,GO,ano_2025,69,74,-5,158,2025-12,
5221601,GO,ano_2025,5854,6456,-602,8238,2025-12,
5221700,GO,ano_2025,309,312,-3,558,2025-12,
5221809,GO,ano_2025,418,369,49,814,2025-12,
5221858,GO,ano_2025,13297,12406,891,19139,2025-12,
5221908,GO,ano_2025,138,147,-9,281,2025-12,
5222005,GO,ano_2025,1742,1789,-47,2809,2025-12,
5222054,GO,ano_2025,2109,1986,123,2270,2025-12,
5222203,GO,ano_2025,1040,1040,0,1238,2025-12,
5222302,GO,ano_2025,813,768,45,1191,2025-12,
5300108,DF,ano_2025,495622,443812,51810,1039474,2025-12,
