cd_municipio_ibge,uf,nome_rm,nome_oficial,recorte,tipo,legislacao,data_legislacao,categoria,data_referencia
1100205,RO,RM de Porto Velho (RO),Região Metropolitana de Porto Velho,Porto Velho (RO),RM,Lei 3.654,09.11.2015,integrante,2025-12-31
1100809,RO,RM de Porto Velho (RO),Região Metropolitana de Porto Velho,Porto Velho (RO),RM,Lei 3.654,09.11.2015,integrante,2025-12-31
1300300,AM,RM de Manaus (AM),Região Metropolitana de Manaus,Manaus (AM),RM,Lei Complementar 64,30.04.2009,integrante,2025-12-31
1301100,AM,RM de Manaus (AM),Região Metropolitana de Manaus,Manaus (AM),RM,Lei Complementar 64,30.04.2009,integrante,2025-12-31
1301159,AM,RM de Manaus (AM),Região Metropolitana de Manaus,Manaus (AM),RM,Lei Complementar 52,30.05.2007,integrante,2025-12-31
1301852,AM,RM de Manaus (AM),Região Metropolitana de Manaus,Manaus (AM),RM,Lei Complementar 52,30.05.2007,integrante,2025-12-31
1301902,AM,RM de Manaus (AM),Região Metropolitana de Manaus,Manaus (AM),RM,Lei Complementar 52,30.05.2007,integrante,2025-12-31
1302009,AM,RM de Manaus (AM),Região Metropolitana de Manaus,Manaus (AM),RM,Lei Complementar 64,30.04.2009,integrante,2025-12-31
1302504,AM,RM de Manaus (AM),Região Metropolitana de Manaus,Manaus (AM),RM,Lei Complementar 59,27.12.2007,integrante,2025-12-31
1302553,AM,RM de Manaus (AM),Região Metropolitana de Manaus,Manaus (AM),RM,Lei Complementar 64,30.04.2009,integrante,2025-12-31
1302603,AM,RM de Manaus (AM),Região Metropolitana de Manaus,Manaus (AM),RM,Lei Complementar 52,30.05.2007,integrante,2025-12-31
1303205,AM,RM de Manaus (AM),Região Metropolitana de Manaus,Manaus (AM),RM,Lei Complementar 52,30.05.2007,integrante,2025-12-31
1303536,AM,RM de Manaus (AM),Região Metropolitana de Manaus,Manaus (AM),RM,Lei Complementar 52,30.05.2007,integrante,2025-12-31
1303569,AM,RM de Manaus (AM),Região Metropolitana de Manaus,Manaus (AM),RM,Lei Complementar 52,30.05.2007,integrante,2025-12-31
1304005,AM,RM de Manaus (AM),Região Metropolitana de Manaus,Manaus (AM),RM,Lei Complementar 64,30.04.2009,integrante,2025-12-31
1400050,RR,RM da Capital (Boa Vista/RR),Região Metropolitana da Capital,Boa Vista (RR),RM,Lei Complementar 229,09.12.2014,integrante,2025-12-31
1400100,RR,RM da Capital (Boa Vista/RR),Região Metropolitana da Capital,Boa Vista (RR),RM,Lei Complementar 130,21.12.2007,integrante,2025-12-31
1400159,RR,RM da Capital (Boa Vista/RR),Região Metropolitana da Capital,Boa Vista (RR),RM,Lei Complementar 229,09.12.2014,integrante,2025-12-31
1400175,RR,RM da Capital (Boa Vista/RR),Região Metropolitana da Capital,Boa Vista (RR),RM,Lei Complementar 130,21.12.2007,integrante,2025-12-31
1400209,RR,RM de Central (RR),Região Metropolitana de Central,Central (RR),RM,Lei Complementar 130,21.12.2007,integrante,2025-12-31
1400233,RR,RM do Sul do Estado (RR),Região Metropolitana do Sul do Estado,Sul do Estado (RR),RM,Lei Complementar 130,21.12.2007,integrante,2025-12-31
1400282,RR,RM de Central (RR),Região Metropolitana de Central,Central (RR),RM,Lei Complementar 130,21.12.2007,integrante,2025-12-31
1400308,RR,RM da Capital (Boa Vista/RR),Região Metropolitana da Capital,Boa Vista (RR),RM,Lei Complementar 229,09.12.2014,integrante,2025-12-31
1400472,RR,RM do Sul do Estado (RR),Região Metropolitana do Sul do Estado,Sul do Estado (RR),RM,Lei Complementar 229,09.12.2014,integrante,2025-12-31
1400506,RR,RM do Sul do Estado (RR),Região Metropolitana do Sul do Estado,Sul do Estado (RR),RM,Lei Complementar 130,21.12.2007,integrante,2025-12-31
1400605,RR,RM do Sul do Estado (RR),Região Metropolitana do Sul do Estado,Sul do Estado (RR),RM,Lei Complementar 130,21.12.2007,integrante,2025-12-31
1500800,PA,RM de Belém (PA),Região Metropolitana de Belém,Belém (PA),RM,Lei Complementar 014 (Federal),08.06.1973,integrante,2025-12-31
1501303,PA,RM de Belém (PA),Região Metropolitana de Belém,Belém (PA),RM,Lei Complementar Estadual 194,05.04.2023,integrante,2025-12-31
1501402,PA,RM de Belém (PA),Região Metropolitana de Belém,Belém (PA),RM,Lei Complementar 014 (Federal),08.06.1973,integrante,2025-12-31
1501451,PA,RM de Santarém (PA),Região Metropolitana de Santarém,Santarém (PA),RM,Lei Complementar 079,17.01.2012,integrante,2025-12-31
1501501,PA,RM de Belém (PA),Região Metropolitana de Belém,Belém (PA),RM,Lei Complementar 027,19.10.1995,integrante,2025-12-31
1502400,PA,RM de Belém (PA),Região Metropolitana de Belém,Belém (PA),RM,Lei Complementar 076,28.12.2011,integrante,2025-12-31
1504422,PA,RM de Belém (PA),Região Metropolitana de Belém,Belém (PA),RM,Lei Complementar 027,19.10.1995,integrante,2025-12-31
1504752,PA,RM de Santarém (PA),Região Metropolitana de Santarém,Santarém (PA),RM,Lei Complementar 079,17.01.2012,integrante,2025-12-31
1506351,PA,RM de Belém (PA),Região Metropolitana de Belém,Belém (PA),RM,Lei Complementar 027,19.10.1995,integrante,2025-12-31
1506500,PA,RM de Belém (PA),Região Metropolitana de Belém,Belém (PA),RM,Lei Complementar 72,20.04.2010,integrante,2025-12-31
1506807,PA,RM de Santarém (PA),Região Metropolitana de Santarém,Santarém (PA),RM,Lei Complementar 079,17.01.2012,integrante,2025-12-31
1600055,AP,RM do Vale do Amapari (AP),Região Metropolitana do Vale do Amapari,Vale do Amapari (AP),RM,Lei Complementar Estadual 178,06.11.2025,integrante,2025-12-31
1600105,AP,RM da Região dos Lagos (AP),Região Metropolitana da Região dos Lagos,Região dos Lagos (AP),RM,Lei Complementar Estadual 178,06.11.2025,integrante,2025-12-31
1600154,AP,RM do Vale do Amapari (AP),Região Metropolitana do Vale do Amapari,Vale do Amapari (AP),RM,Lei Complementar Estadual 178,06.11.2025,integrante,2025-12-31
1600204,AP,RM do Norte do Estado (AP),Região Metropolitana do Norte do Estado,Norte do Estado (AP),RM,Lei Complementar Estadual 178,06.11.2025,integrante,2025-12-31
1600212,AP,RM do Leste do Estado (AP),Região Metropolitana do Leste do Estado,Leste do Estado (AP),RM,Lei Complementar Estadual 178,06.11.2025,integrante,2025-12-31
1600238,AP,RM do Vale do Araguari (AP),Região Metropolitana do Vale do Araguari,Vale do Araguari (AP),RM,Lei Complementar Estadual 178,06.11.2025,integrante,2025-12-31
1600253,AP,RM do Leste do Estado (AP),Região Metropolitana do Leste do Estado,Leste do Estado (AP),RM,Lei Complementar Estadual 178,06.11.2025,integrante,2025-12-31
1600279,AP,RM do Vale do Jari (AP),Região Metropolitana do Vale do Jari,Vale do Jari (AP),RM,Lei Complementar Estadual 178,06.11.2025,integrante,2025-12-31
1600303,AP,RM de Macapá (AP),Região Metropolitana de Macapá,Macapá (AP),RM,Lei Complementar 021,26.02.2003,integrante,2025-12-31
1600402,AP,RM de Macapá (AP),Região Metropolitana de Macapá,Macapá (AP),RM,Lei Complementar 096,14.05.2016,integrante,2025-12-31
1600501,AP,RM do Norte do Estado (AP),Região Metropolitana do Norte do Estado,Norte do Estado (AP),RM,Lei Complementar Estadual 178,06.11.2025,integrante,2025-12-31
1600535,AP,RM do Vale do Araguari (AP),Região Metropolitana do Vale do Araguari,Vale do Araguari (AP),RM,Lei Complementar Estadual 178,06.11.2025,integrante,2025-12-31
1600550,AP,RM da Região dos Lagos (AP),Região Metropolitana da Região dos Lagos,Região dos Lagos (AP),RM,Lei Complementar Estadual 178,06.11.2025,integrante,2025-12-31
1600600,AP,RM de Macapá (AP),Região Metropolitana de Macapá,Macapá (AP),RM,Lei Complementar 021,26.02.2003,integrante,2025-12-31
1600709,AP,RM da Região dos Lagos (AP),Região Metropolitana da Região dos Lagos,Região dos Lagos (AP),RM,Lei Complementar Estadual 178,06.11.2025,integrante,2025-12-31
1600808,AP,RM do Vale do Jari (AP),Região Metropolitana do Vale do Jari,Vale do Jari (AP),RM,Lei Complementar Estadual 178,06.11.2025,integrante,2025-12-31
1700350,TO,RM de Gurupi (TO),Região Metropolitana de Gurupi,Gurupi (TO),RM,Lei Complementar 93,05.04.2014,integrante,2025-12-31
1700707,TO,RM de Gurupi (TO),Região Metropolitana de Gurupi,Gurupi (TO),RM,Lei Complementar 93,05.04.2014,integrante,2025-12-31
1701101,TO,RM de Palmas (TO),Região Metropolitana de Palmas,Palmas (TO),RM,Lei Complementar 90,08.01.2014,integrante,2025-12-31
1702000,TO,RM de Gurupi (TO),Região Metropolitana de Gurupi,Gurupi (TO),RM,Lei Complementar 93,05.04.2014,integrante,2025-12-31
1703107,TO,RM de Palmas (TO),Região Metropolitana de Palmas,Palmas (TO),RM,Lei Complementar 90,08.01.2014,integrante,2025-12-31
1703701,TO,RM de Palmas (TO),Região Metropolitana de Palmas,Palmas (TO),RM,Lei Complementar 90,08.01.2014,integrante,2025-12-31
1703867,TO,RM de Gurupi (TO),Região Metropolitana de Gurupi,Gurupi (TO),RM,Lei Complementar 93,05.04.2014,integrante,2025-12-31
1704600,TO,RM de Palmas (TO),Região Metropolitana de Palmas,Palmas (TO),RM,Lei Complementar Estadual 167,22.07.2025,integrante,2025-12-31
1706100,TO,RM de Palmas (TO),Região Metropolitana de Palmas,Palmas (TO),RM,Lei Complementar Estadual 167,22.07.2025,integrante,2025-12-31
1706258,TO,RM de Gurupi (TO),Região Metropolitana de Gurupi,Gurupi (TO),RM,Lei Complementar 93,05.04.2014,integrante,2025-12-31
1707108,TO,RM de Palmas (TO),Região Metropolitana de Palmas,Palmas (TO),RM,Lei Complementar Estadual 167,22.07.2025,integrante,2025-12-31
1707306,TO,RM de Gurupi (TO),Região Metropolitana de Gurupi,Gurupi (TO),RM,Lei Complementar 93,05.04.2014,integrante,2025-12-31
1707553,TO,RM de Palmas (TO),Região Metropolitana de Palmas,Palmas (TO),RM,Lei Complementar 90,08.01.2014,integrante,2025-12-31
1707652,TO,RM de Gurupi (TO),Região Metropolitana de Gurupi,Gurupi (TO),RM,Lei Complementar 93,05.04.2014,integrante,2025-12-31
1708205,TO,RM de Gurupi (TO),Região Metropolitana de Gurupi,Gurupi (TO),RM,Lei Complementar 93,05.04.2014,integrante,2025-12-31
1709500,TO,RM de Gurupi (TO),Região Metropolitana de Gurupi,Gurupi (TO),RM,Lei Complementar 93,05.04.2014,integrante,2025-12-31
1709807,TO,RM de Palmas (TO),Região Metropolitana de Palmas,Palmas (TO),RM,Lei Complementar 90,08.01.2014,integrante,2025-12-31
1711506,TO,RM de Gurupi (TO),Região Metropolitana de Gurupi,Gurupi (TO),RM,Lei Complementar 93,05.04.2014,integrante,2025-12-31
1711902,TO,RM de Gurupi (TO),Região Metropolitana de Gurupi,Gurupi (TO),RM,Lei Complementar 93,05.04.2014,integrante,2025-12-31
1711902,TO,RM de Palmas (TO),Região Metropolitana de Palmas,Palmas (TO),RM,Lei Complementar Estadual 167,22.07.2025,integrante,2025-12-31
1711951,TO,RM de Palmas (TO),Região Metropolitana de Palmas,Palmas (TO),RM,Lei Complementar Estadual 167,22.07.2025,integrante,2025-12-31
1712009,TO,RM de Palmas (TO),Região Metropolitana de Palmas,Palmas (TO),RM,Lei Complementar 90,08.01.2014,integrante,2025-12-31
1712405,TO,RM de Palmas (TO),Região Metropolitana de Palmas,Palmas (TO),RM,Lei Complementar Estadual 167,22.07.2025,integrante,2025-12-31
1712702,TO,RM de Palmas (TO),Região Metropolitana de Palmas,Palmas (TO),RM,Lei Complementar Estadual 167,22.07.2025,integrante,2025-12-31
1713205,TO,RM de Palmas (TO),Região Metropolitana de Palmas,Palmas (TO),RM,Lei Complementar 90,08.01.2014,integrante,2025-12-31
1713304,TO,RM de Palmas (TO),Região Metropolitana de Palmas,Palmas (TO),RM,Lei Complementar 90,08.01.2014,integrante,2025-12-31
1713601,TO,RM de Palmas (TO),Região Metropolitana de Palmas,Palmas (TO),RM,Lei Complementar 90,08.01.2014,integrante,2025-12-31
1713700,TO,RM de Palmas (TO),Região Metropolitana de Palmas,Palmas (TO),RM,Lei Complementar Estadual 167,22.07.2025,integrante,2025-12-31
1715002,TO,RM de Palmas (TO),Região Metropolitana de Palmas,Palmas (TO),RM,Lei Complementar Estadual 167,22.07.2025,integrante,2025-12-31
1715101,TO,RM de Palmas (TO),Região Metropolitana de Palmas,Palmas (TO),RM,Lei Complementar Estadual 167,22.07.2025,integrante,2025-12-31
1715507,TO,RM de Palmas (TO),Região Metropolitana de Palmas,Palmas (TO),RM,Lei Complementar 90,08.01.2014,integrante,2025-12-31
1715754,TO,RM de Gurupi (TO),Região Metropolitana de Gurupi,Gurupi (TO),RM,Lei Complementar 93,05.04.2014,integrante,2025-12-31
1716109,TO,RM de Palmas (TO),Região Metropolitana de Palmas,Palmas (TO),RM,Lei Complementar 90,08.01.2014,integrante,2025-12-31
1716604,TO,RM de Gurupi (TO),Região Metropolitana de Gurupi,Gurupi (TO),RM,Lei Complementar 93,05.04.2014,integrante,2025-12-31
1717909,TO,RM de Palmas (TO),Região Metropolitana de Palmas,Palmas (TO),RM,Lei Complementar Estadual 167,22.07.2025,integrante,2025-12-31
1718204,TO,RM de Palmas (TO),Região Metropolitana de Palmas,Palmas (TO),RM,Lei Complementar 90,08.01.2014,integrante,2025-12-31
1718451,TO,RM de Palmas (TO),Região Metropolitana de Palmas,Palmas (TO),RM,Lei Complementar 90,08.01.2014,integrante,2025-12-31
1718709,TO,RM de Palmas (TO),Região Metropolitana de Palmas,Palmas (TO),RM,Lei Complementar Estadual 167,22.07.2025,integrante,2025-12-31
1718758,TO,RM de Palmas (TO),Região Metropolitana de Palmas,Palmas (TO),RM,Lei Complementar Estadual 167,22.07.2025,integrante,2025-12-31
1718840,TO,RM de Gurupi (TO),Região Metropolitana de Gurupi,Gurupi (TO),RM,Lei Complementar 93,05.04.2014,integrante,2025-12-31
1719004,TO,RM de Palmas (TO),Região Metropolitana de Palmas,Palmas (TO),RM,Lei Complementar Estadual 167,22.07.2025,integrante,2025-12-31
1720150,TO,RM de Palmas (TO),Região Metropolitana de Palmas,Palmas (TO),RM,Lei Complementar Estadual 167,22.07.2025,integrante,2025-12-31
1720259,TO,RM de Gurupi (TO),Região Metropolitana de Gurupi,Gurupi (TO),RM,Lei Complementar 93,05.04.2014,integrante,2025-12-31
1720499,TO,RM de Gurupi (TO),Região Metropolitana de Gurupi,Gurupi (TO),RM,Lei Complementar 93,05.04.2014,integrante,2025-12-31
1720655,TO,RM de Palmas (TO),Região Metropolitana de Palmas,Palmas (TO),RM,Lei Complementar 90,08.01.2014,integrante,2025-12-31
1720853,TO,RM de Gurupi (TO),Região Metropolitana de Gurupi,Gurupi (TO),RM,Lei Complementar 93,05.04.2014,integrante,2025-12-31
1720978,TO,RM de Gurupi (TO),Região Metropolitana de Gurupi,Gurupi (TO),RM,Lei Complementar 93,05.04.2014,integrante,2025-12-31
1721000,TO,RM de Palmas (TO),Região Metropolitana de Palmas,Palmas (TO),RM,Lei Complementar 90,08.01.2014,integrante,2025-12-31
1721109,TO,RM de Palmas (TO),Região Metropolitana de Palmas,Palmas (TO),RM,Lei Complementar 90,08.01.2014,integrante,2025-12-31
2100055,MA,RM do Sudoeste Maranhense (MA),Região Metropolitana do Sudoeste Maranhense,Sudoeste Maranhense (MA),RM,Lei Complementar 204/2017,11.12.2017,integrante,2025-12-31
2100204,MA,RM da Grande São Luís (MA),Região Metropolitana da Grande São Luís,Grande São Luís (MA),RM,Lei Complementar 174,25.05.2015,integrante,2025-12-31
2100303,MA,RM da Zona Leste do Estado do Maranhão (MA),Região Metropolitana da Zona Leste do Estado do Maranhão,Zona Leste (MA),RM,Lei Complementar Estadual 180,05.01.2016,integrante,2025-12-31
2100600,MA,RM do Sudoeste Maranhense (MA),Região Metropolitana do Sudoeste Maranhense,Sudoeste Maranhense (MA),RM,Lei Complementar 204/2017,11.12.2017,integrante,2025-12-31
2101103,MA,RM da Grande São Luís (MA),Região Metropolitana da Grande São Luís,Grande São Luís (MA),RM,Lei Complementar 174,25.05.2015,integrante,2025-12-31
2101251,MA,RM da Grande São Luís (MA),Região Metropolitana da Grande São Luís,Grande São Luís (MA),RM,Lei Complementar 174,25.05.2015,integrante,2025-12-31
2101939,MA,RM da Grande Pedreiras (MA),Região Metropolitana da Grande Pedreiras,Grande Pedreiras (MA),RM,Lei Complementar Estadual 26,21.02.1995,integrante,2025-12-31
2102358,MA,RM do Sudoeste Maranhense (MA),Região Metropolitana do Sudoeste Maranhense,Sudoeste Maranhense (MA),RM,Lei Complementar 89,17.11.2005,integrante,2025-12-31
2102374,MA,RM da Grande São Luís (MA),Região Metropolitana da Grande São Luís,Grande São Luís (MA),RM,Lei Complementar 174,25.05.2015,integrante,2025-12-31
2102556,MA,RM do Sudoeste Maranhense (MA),Região Metropolitana do Sudoeste Maranhense,Sudoeste Maranhense (MA),RM,Lei Complementar 204/2017,11.12.2017,integrante,2025-12-31
2102804,MA,RM do Sudoeste Maranhense (MA),Região Metropolitana do Sudoeste Maranhense,Sudoeste Maranhense (MA),RM,Lei Complementar 204/2017,11.12.2017,integrante,2025-12-31
2103000,MA,RM da Zona Leste do Estado do Maranhão (MA),Região Metropolitana da Zona Leste do Estado do Maranhão,Zona Leste (MA),RM,Lei Complementar Estadual 180,05.01.2016,integrante,2025-12-31
2103257,MA,RM do Sudoeste Maranhense (MA),Região Metropolitana do Sudoeste Maranhense,Sudoeste Maranhense (MA),RM,Lei Complementar 204/2017,11.12.2017,integrante,2025-12-31
2103307,MA,RM da Zona Leste do Estado do Maranhão (MA),Região Metropolitana da Zona Leste do Estado do Maranhão,Zona Leste (MA),RM,Lei Complementar Estadual 180,05.01.2016,integrante,2025-12-31
2103752,MA,RM do Sudoeste Maranhense (MA),Região Metropolitana do Sudoeste Maranhense,Sudoeste Maranhense (MA),RM,Lei Complementar 89,17.11.2005,integrante,2025-12-31
2104057,MA,RM do Sudoeste Maranhense (MA),Região Metropolitana do Sudoeste Maranhense,Sudoeste Maranhense (MA),RM,Lei Complementar 204/2017,11.12.2017,integrante,2025-12-31
2104552,MA,RM do Sudoeste Maranhense (MA),Região Metropolitana do Sudoeste Maranhense,Sudoeste Maranhense (MA),RM,Lei Complementar 89,17.11.2005,integrante,2025-12-31
2105104,MA,RM da Grande São Luís (MA),Região Metropolitana da Grande São Luís,Grande São Luís (MA),RM,Lei Complementar 174,25.05.2015,integrante,2025-12-31
2105203,MA,RM da Grande Pedreiras (MA),Região Metropolitana da Grande Pedreiras,Grande Pedreiras (MA),RM,Lei Complementar Estadual 26,21.02.1995,integrante,2025-12-31
2105302,MA,RM do Sudoeste Maranhense (MA),Região Metropolitana do Sudoeste Maranhense,Sudoeste Maranhense (MA),RM,Lei Complementar 89,17.11.2005,integrante,2025-12-31
2105427,MA,RM do Sudoeste Maranhense (MA),Região Metropolitana do Sudoeste Maranhense,Sudoeste Maranhense (MA),RM,Lei Complementar 204/2017,11.12.2017,integrante,2025-12-31
2105500,MA,RM do Sudoeste Maranhense (MA),Região Metropolitana do Sudoeste Maranhense,Sudoeste Maranhense (MA),RM,Lei Complementar 89,17.11.2005,integrante,2025-12-31
2105609,MA,RM da Grande Pedreiras (MA),Região Metropolitana da Grande Pedreiras,Grande Pedreiras (MA),RM,Lei Complementar Estadual 26,21.02.1995,integrante,2025-12-31
2105948,MA,RM da Grande Pedreiras (MA),Região Metropolitana da Grande Pedreiras,Grande Pedreiras (MA),RM,Lei Complementar Estadual 26,21.02.1995,integrante,2025-12-31
2105989,MA,RM do Sudoeste Maranhense (MA),Região Metropolitana do Sudoeste Maranhense,Sudoeste Maranhense (MA),RM,Lei Complementar 204/2017,11.12.2017,integrante,2025-12-31
2106003,MA,RM da Grande Pedreiras (MA),Região Metropolitana da Grande Pedreiras,Grande Pedreiras (MA),RM,Lei Complementar Estadual 26,21.02.1995,integrante,2025-12-31
2106607,MA,RM da Zona Leste do Estado do Maranhão (MA),Região Metropolitana da Zona Leste do Estado do Maranhão,Zona Leste (MA),RM,Lei Complementar Estadual 180,05.01.2016,integrante,2025-12-31
2107001,MA,RM do Sudoeste Maranhense (MA),Região Metropolitana do Sudoeste Maranhense,Sudoeste Maranhense (MA),RM,Lei Complementar 89,17.11.2005,integrante,2025-12-31
2107100,MA,RM da Grande São Luís (MA),Região Metropolitana da Grande São Luís,Grande São Luís (MA),RM,Lei Complementar 174,25.05.2015,integrante,2025-12-31
2107506,MA,RM da Grande São Luís (MA),Região Metropolitana da Grande São Luís,Grande São Luís (MA),RM,Lei Complementar 174,25.05.2015,integrante,2025-12-31
2107803,MA,RM da Zona Leste do Estado do Maranhão (MA),Região Metropolitana da Zona Leste do Estado do Maranhão,Zona Leste (MA),RM,Lei Complementar Estadual 180,05.01.2016,integrante,2025-12-31
2108207,MA,RM da Grande Pedreiras (MA),Região Metropolitana da Grande Pedreiras,Grande Pedreiras (MA),RM,Lei Complementar Estadual 26,21.02.1995,integrante,2025-12-31
2108900,MA,RM da Grande Pedreiras (MA),Região Metropolitana da Grande Pedreiras,Grande Pedreiras (MA),RM,Lei Complementar Estadual 26,21.02.1995,integrante,2025-12-31
2109007,MA,RM do Sudoeste Maranhense (MA),Região Metropolitana do Sudoeste Maranhense,Sudoeste Maranhense (MA),RM,Lei Complementar 204/2017,11.12.2017,integrante,2025-12-31
2109205,MA,RM da Grande São Luís (MA),Região Metropolitana da Grande São Luís,Grande São Luís (MA),RM,Lei Complementar 174,25.05.2015,integrante,2025-12-31
2109452,MA,RM da Grande São Luís (MA),Região Metropolitana da Grande São Luís,Grande São Luís (MA),RM,Lei Complementar 174,25.05.2015,integrante,2025-12-31
2109551,MA,RM do Sudoeste Maranhense (MA),Região Metropolitana do Sudoeste Maranhense,Sudoeste Maranhense (MA),RM,Lei Complementar 89,17.11.2005,integrante,2025-12-31
2109601,MA,RM da Grande São Luís (MA),Região Metropolitana da Grande São Luís,Grande São Luís (MA),RM,Lei Complementar 174,25.05.2015,integrante,2025-12-31
2110203,MA,RM da Grande São Luís (MA),Região Metropolitana da Grande São Luís,Grande São Luís (MA),RM,Lei Complementar 174,25.05.2015,integrante,2025-12-31
2110856,MA,RM do Sudoeste Maranhense (MA),Região Metropolitana do Sudoeste Maranhense,Sudoeste Maranhense (MA),RM,Lei Complementar 204/2017,11.12.2017,integrante,2025-12-31
2111052,MA,RM do Sudoeste Maranhense (MA),Região Metropolitana do Sudoeste Maranhense,Sudoeste Maranhense (MA),RM,Lei Complementar 204/2017,11.12.2017,integrante,2025-12-31
2111078,MA,RM da Zona Leste do Estado do Maranhão (MA),Região Metropolitana da Zona Leste do Estado do Maranhão,Zona Leste (MA),RM,Lei Complementar Estadual 180,05.01.2016,integrante,2025-12-31
2111201,MA,RM da Grande São Luís (MA),Região Metropolitana da Grande São Luís,Grande São Luís (MA),RM,Lei Complementar 174,25.05.2015,integrante,2025-12-31
2111300,MA,RM da Grande São Luís (MA),Região Metropolitana da Grande São Luís,Grande São Luís (MA),RM,Lei Complementar 174,25.05.2015,integrante,2025-12-31
2111532,MA,RM do Sudoeste Maranhense (MA),Região Metropolitana do Sudoeste Maranhense,Sudoeste Maranhense (MA),RM,Lei Complementar 204/2017,11.12.2017,integrante,2025-12-31
2111763,MA,RM do Sudoeste Maranhense (MA),Região Metropolitana do Sudoeste Maranhense,Sudoeste Maranhense (MA),RM,Lei Complementar 89,17.11.2005,integrante,2025-12-31
2111805,MA,RM do Sudoeste Maranhense (MA),Região Metropolitana do Sudoeste Maranhense,Sudoeste Maranhense (MA),RM,Lei Complementar 204/2017,11.12.2017,integrante,2025-12-31
2112209,MA,RIDE da Grande Teresina (PI/MA),Região Integrada de Desenvolvimento da Grande Teresina,Grande Teresina (PI/MA),RIDE,DECRETO Nº 4.367 - 09/09/2002 Regulamenta a Lei Complementar 112,19.09.2001,integrante,2025-12-31
2112209,MA,RM da Zona Leste do Estado do Maranhão (MA),Região Metropolitana da Zona Leste do Estado do Maranhão,Zona Leste (MA),RM,Lei Complementar Estadual 180,05.01.2016,integrante,2025-12-31
2112233,MA,RM da Grande Pedreiras (MA),Região Metropolitana da Grande Pedreiras,Grande Pedreiras (MA),RM,Lei Complementar Estadual 26,21.02.1995,integrante,2025-12-31
2112852,MA,RM do Sudoeste Maranhense (MA),Região Metropolitana do Sudoeste Maranhense,Sudoeste Maranhense (MA),RM,Lei Complementar 204/2017,11.12.2017,integrante,2025-12-31
2200400,PI,RIDE da Grande Teresina (PI/MA),Região Integrada de Desenvolvimento da Grande Teresina,Grande Teresina (PI/MA),RIDE,DECRETO Nº 4.367 - 09/09/2002 Regulamenta a Lei Complementar 112,19.09.2001,integrante,2025-12-31
2201606,PI,RIDE da Grande Teresina (PI/MA),Região Integrada de Desenvolvimento da Grande Teresina,Grande Teresina (PI/MA),RIDE,DECRETO Nº 4.367 - 09/09/2002 Regulamenta a Lei Complementar 112,19.09.2001,integrante,2025-12-31
2202083,PI,RM de Parnaíba (PI),Região Metropolitana de Parnaíba,Parnaíba (PI),RM,Lei Complementar Estadual 264,27.04.2022,integrante,2025-12-31
2202737,PI,RIDE da Grande Teresina (PI/MA),Região Integrada de Desenvolvimento da Grande Teresina,Grande Teresina (PI/MA),RIDE,DECRETO Nº 4.367 - 09/09/2002 Regulamenta a Lei Complementar 112,19.09.2001,integrante,2025-12-31
2203255,PI,RIDE da Grande Teresina (PI/MA),Região Integrada de Desenvolvimento da Grande Teresina,Grande Teresina (PI/MA),RIDE,DECRETO Nº 4.367 - 09/09/2002 Regulamenta a Lei Complementar 112,19.09.2001,integrante,2025-12-31
2203305,PI,RIDE da Grande Teresina (PI/MA),Região Integrada de Desenvolvimento da Grande Teresina,Grande Teresina (PI/MA),RIDE,DECRETO Nº 4.367 - 09/09/2002 Regulamenta a Lei Complementar 112,19.09.2001,integrante,2025-12-31
2204659,PI,RM de Parnaíba (PI),Região Metropolitana de Parnaíba,Parnaíba (PI),RM,Lei Complementar Estadual 264,27.04.2022,integrante,2025-12-31
2205508,PI,RIDE da Grande Teresina (PI/MA),Região Integrada de Desenvolvimento da Grande Teresina,Grande Teresina (PI/MA),RIDE,DECRETO Nº 4.367 - 09/09/2002 Regulamenta a Lei Complementar 112,19.09.2001,integrante,2025-12-31
2205557,PI,RIDE da Grande Teresina (PI/MA),Região Integrada de Desenvolvimento da Grande Teresina,Grande Teresina (PI/MA),RIDE,DECRETO Nº 4.367 - 09/09/2002 Regulamenta a Lei Complementar 112,19.09.2001,integrante,2025-12-31
2205581,PI,RIDE da Grande Teresina (PI/MA),Região Integrada de Desenvolvimento da Grande Teresina,Grande Teresina (PI/MA),RIDE,DECRETO Nº 4.367 - 09/09/2002 Regulamenta a Lei Complementar 112,19.09.2001,integrante,2025-12-31
2205706,PI,RM de Parnaíba (PI),Região Metropolitana de Parnaíba,Parnaíba (PI),RM,Lei Complementar Estadual 264,27.04.2022,integrante,2025-12-31
2206308,PI,RIDE da Grande Teresina (PI/MA),Região Integrada de Desenvolvimento da Grande Teresina,Grande Teresina (PI/MA),RIDE,DECRETO Nº 4.367 - 09/09/2002 Regulamenta a Lei Complementar 112,19.09.2001,integrante,2025-12-31
2206407,PI,RIDE da Grande Teresina (PI/MA),Região Integrada de Desenvolvimento da Grande Teresina,Grande Teresina (PI/MA),RIDE,DECRETO Nº 4.367 - 09/09/2002 Regulamenta a Lei Complementar 112,19.09.2001,integrante,2025-12-31
2206720,PI,RIDE da Grande Teresina (PI/MA),Região Integrada de Desenvolvimento da Grande Teresina,Grande Teresina (PI/MA),RIDE,Lei Estadual nº 4.810,14.12.1995,integrante,2025-12-31
2207702,PI,RM de Parnaíba (PI),Região Metropolitana de Parnaíba,Parnaíba (PI),RM,Lei Complementar Estadual 264,27.04.2022,integrante,2025-12-31
2211001,PI,RIDE da Grande Teresina (PI/MA),Região Integrada de Desenvolvimento da Grande Teresina,Grande Teresina (PI/MA),RIDE,DECRETO Nº 4.367 - 09/09/2002 Regulamenta a Lei Complementar 112,19.09.2001,integrante,2025-12-31
2211100,PI,RIDE da Grande Teresina (PI/MA),Região Integrada de Desenvolvimento da Grande Teresina,Grande Teresina (PI/MA),RIDE,DECRETO Nº 4.367 - 09/09/2002 Regulamenta a Lei Complementar 112,19.09.2001,integrante,2025-12-31
2300507,CE,RM de Sobral (CE),Região Metropolitana de Sobral,Sobral (CE),RM,Lei Complementar 168,27.12.2016,integrante,2025-12-31
2301000,CE,RM de Fortaleza (CE),Região Metropolitana de Fortaleza,Fortaleza (CE),RM,Lei Complementar 014 (Federal),08.06.1973,integrante,2025-12-31
2301901,CE,RM do Cariri (CE),Região Metropolitana do Cariri,Cariri (CE),RM,Lei Complementar 078,26.06.2009,integrante,2025-12-31
2303105,CE,RM de Sobral (CE),Região Metropolitana de Sobral,Sobral (CE),RM,Lei Complementar 168,27.12.2016,integrante,2025-12-31
2303204,CE,RM do Cariri (CE),Região Metropolitana do Cariri,Cariri (CE),RM,Lei Complementar 078,26.06.2009,integrante,2025-12-31
2303501,CE,RM de Fortaleza (CE),Região Metropolitana de Fortaleza,Fortaleza (CE),RM,Lei Complementar 078,26.06.2009,integrante,2025-12-31
2303709,CE,RM de Fortaleza (CE),Região Metropolitana de Fortaleza,Fortaleza (CE),RM,Lei Complementar 014 (Federal),08.06.1973,integrante,2025-12-31
2303956,CE,RM de Fortaleza (CE),Região Metropolitana de Fortaleza,Fortaleza (CE),RM,Lei Complementar 018,29.12.1999,integrante,2025-12-31
2304004,CE,RM de Sobral (CE),Região Metropolitana de Sobral,Sobral (CE),RM,Lei Complementar 168,27.12.2016,integrante,2025-12-31
2304202,CE,RM do Cariri (CE),Região Metropolitana do Cariri,Cariri (CE),RM,Lei Complementar 078,26.06.2009,integrante,2025-12-31
2304285,CE,RM de Fortaleza (CE),Região Metropolitana de Fortaleza,Fortaleza (CE),RM,Lei Complementar 018,29.12.1999,integrante,2025-12-31
2304301,CE,RM do Cariri (CE),Região Metropolitana do Cariri,Cariri (CE),RM,Lei Complementar 078,26.06.2009,integrante,2025-12-31
2304350,CE,RM de Sobral (CE),Região Metropolitana de Sobral,Sobral (CE),RM,Lei Complementar 168,27.12.2016,integrante,2025-12-31
2304400,CE,RM de Fortaleza (CE),Região Metropolitana de Fortaleza,Fortaleza (CE),RM,Lei Complementar 014 (Federal),08.06.1973,integrante,2025-12-31
2304509,CE,RM de Sobral (CE),Região Metropolitana de Sobral,Sobral (CE),RM,Lei Complementar 168,27.12.2016,integrante,2025-12-31
2304657,CE,RM de Sobral (CE),Região Metropolitana de Sobral,Sobral (CE),RM,Lei Complementar 168,27.12.2016,integrante,2025-12-31
2304905,CE,RM de Sobral (CE),Região Metropolitana de Sobral,Sobral (CE),RM,Lei Complementar 168,27.12.2016,integrante,2025-12-31
2304954,CE,RM de Fortaleza (CE),Região Metropolitana de Fortaleza,Fortaleza (CE),RM,Lei Complementar 018,29.12.1999,integrante,2025-12-31
2305233,CE,RM de Fortaleza (CE),Região Metropolitana de Fortaleza,Fortaleza (CE),RM,Lei Complementar 018,29.12.1999,integrante,2025-12-31
2306256,CE,RM de Fortaleza (CE),Região Metropolitana de Fortaleza,Fortaleza (CE),RM,Lei Complementar 018,29.12.1999,integrante,2025-12-31
2307106,CE,RM do Cariri (CE),Região Metropolitana do Cariri,Cariri (CE),RM,Lei Complementar 078,26.06.2009,integrante,2025-12-31
2307304,CE,RM do Cariri (CE),Região Metropolitana do Cariri,Cariri (CE),RM,Lei Complementar 078,26.06.2009,integrante,2025-12-31
2307650,CE,RM de Fortaleza (CE),Região Metropolitana de Fortaleza,Fortaleza (CE),RM,Lei Complementar 052 (Federal),16.04.1986,integrante,2025-12-31
2307700,CE,RM de Fortaleza (CE),Região Metropolitana de Fortaleza,Fortaleza (CE),RM,Lei Complementar 014 (Federal),08.06.1973,integrante,2025-12-31
2308005,CE,RM de Sobral (CE),Região Metropolitana de Sobral,Sobral (CE),RM,Lei Complementar 168,27.12.2016,integrante,2025-12-31
2308203,CE,RM de Sobral (CE),Região Metropolitana de Sobral,Sobral (CE),RM,Lei Complementar 168,27.12.2016,integrante,2025-12-31
2308401,CE,RM do Cariri (CE),Região Metropolitana do Cariri,Cariri (CE),RM,Lei Complementar 078,26.06.2009,integrante,2025-12-31
2308807,CE,RM de Sobral (CE),Região Metropolitana de Sobral,Sobral (CE),RM,Lei Complementar 168,27.12.2016,integrante,2025-12-31
2309003,CE,RM de Sobral (CE),Região Metropolitana de Sobral,Sobral (CE),RM,Lei Complementar 168,27.12.2016,integrante,2025-12-31
2309201,CE,RM do Cariri (CE),Região Metropolitana do Cariri,Cariri (CE),RM,Lei Complementar 078,26.06.2009,integrante,2025-12-31
2309607,CE,RM de Fortaleza (CE),Região Metropolitana de Fortaleza,Fortaleza (CE),RM,Lei Complementar 018,29.12.1999,integrante,2025-12-31
2309706,CE,RM de Fortaleza (CE),Região Metropolitana de Fortaleza,Fortaleza (CE),RM,Lei Complementar 014 (Federal),08.06.1973,integrante,2025-12-31
2309904,CE,RM de Sobral (CE),Região Metropolitana de Sobral,Sobral (CE),RM,Lei Complementar 168,27.12.2016,integrante,2025-12-31
2310209,CE,RM de Fortaleza (CE),Região Metropolitana de Fortaleza,Fortaleza (CE),RM,Lei Complementar 144,08.09.2014,integrante,2025-12-31
2310258,CE,RM de Fortaleza (CE),Região Metropolitana de Fortaleza,Fortaleza (CE),RM,Lei Complementar 144,08.09.2014,integrante,2025-12-31
2310852,CE,RM de Fortaleza (CE),Região Metropolitana de Fortaleza,Fortaleza (CE),RM,Lei Complementar 078,26.06.2009,integrante,2025-12-31
2310951,CE,RM de Sobral (CE),Região Metropolitana de Sobral,Sobral (CE),RM,Lei Complementar 168,27.12.2016,integrante,2025-12-31
2311702,CE,RM de Sobral (CE),Região Metropolitana de Sobral,Sobral (CE),RM,Lei Complementar 168,27.12.2016,integrante,2025-12-31
2312007,CE,RM de Sobral (CE),Região Metropolitana de Sobral,Sobral (CE),RM,Lei Complementar 168,27.12.2016,integrante,2025-12-31
2312106,CE,RM do Cariri (CE),Região Metropolitana do Cariri,Cariri (CE),RM,Lei Complementar 078,26.06.2009,integrante,2025-12-31
2312403,CE,RM de Fortaleza (CE),Região Metropolitana de Fortaleza,Fortaleza (CE),RM,Lei Complementar 018,29.12.1999,integrante,2025-12-31
2312601,CE,RM de Fortaleza (CE),Região Metropolitana de Fortaleza,Fortaleza (CE),RM,Lei Complementar 144,08.09.2014,integrante,2025-12-31
2312809,CE,RM de Sobral (CE),Região Metropolitana de Sobral,Sobral (CE),RM,Lei Complementar 168,27.12.2016,integrante,2025-12-31
2312908,CE,RM de Sobral (CE),Região Metropolitana de Sobral,Sobral (CE),RM,Lei Complementar 168,27.12.2016,integrante,2025-12-31
2313500,CE,RM de Fortaleza (CE),Região Metropolitana de Fortaleza,Fortaleza (CE),RM,Lei Complementar 144,08.09.2014,integrante,2025-12-31
2313955,CE,RM de Sobral (CE),Região Metropolitana de Sobral,Sobral (CE),RM,Lei Complementar 168,27.12.2016,integrante,2025-12-31
2401206,RN,RM de Natal (RN),Região Metropolitana de Natal,Natal (RN),RM,Lei Complementar 559,28.12.2015,integrante,2025-12-31
2401701,RN,RM de Natal (RN),Região Metropolitana de Natal,Natal (RN),RM,"LEI COMPLEMENTAR Nº 648, de 30 de abril de 2019",30.04.2019,integrante,2025-12-31
2402600,RN,RM de Natal (RN),Região Metropolitana de Natal,Natal (RN),RM,Lei Complementar 152,16.01.1997,integrante,2025-12-31
2403251,RN,RM de Natal (RN),Região Metropolitana de Natal,Natal (RN),RM,Lei Complementar 152,16.01.1997,integrante,2025-12-31
2403608,RN,RM de Natal (RN),Região Metropolitana de Natal,Natal (RN),RM,Lei Complementar 152,16.01.1997,integrante,2025-12-31
2404200,RN,RM de Natal (RN),Região Metropolitana de Natal,Natal (RN),RM,Lei Complementar 559,28.12.2015,integrante,2025-12-31
2404606,RN,RM de Natal (RN),Região Metropolitana de Natal,Natal (RN),RM,Lei Complementar 540,27.07.2015,integrante,2025-12-31
2407104,RN,RM de Natal (RN),Região Metropolitana de Natal,Natal (RN),RM,Lei Complementar 152,16.01.1997,integrante,2025-12-31
2407500,RN,RM de Natal (RN),Região Metropolitana de Natal,Natal (RN),RM,Lei Complementar 485,25.02.2013,integrante,2025-12-31
2407807,RN,RM de Natal (RN),Região Metropolitana de Natal,Natal (RN),RM,Inclusão de município - Lei Complementar 315,30.11.2005,integrante,2025-12-31
2408102,RN,RM de Natal (RN),Região Metropolitana de Natal,Natal (RN),RM,Lei Complementar 152,16.01.1997,integrante,2025-12-31
2408201,RN,RM de Natal (RN),Região Metropolitana de Natal,Natal (RN),RM,Lei Complementar 221,10.01.2002,integrante,2025-12-31
2412005,RN,RM de Natal (RN),Região Metropolitana de Natal,Natal (RN),RM,Lei Complementar 152,16.01.1997,integrante,2025-12-31
2412203,RN,RM de Natal (RN),Região Metropolitana de Natal,Natal (RN),RM,Lei Complementar 221,10.01.2002,integrante,2025-12-31
2414803,RN,RM de Natal (RN),Região Metropolitana de Natal,Natal (RN),RM,Lei Complementar 391,22.07.2009,integrante,2025-12-31
2500205,PB,RM do Vale do Piancó (PB),Região Metropolitana do Vale do Piancó,Vale do Piancó (PB),RM,Lei Complementar 109,06.07.2012,integrante,2025-12-31
2500403,PB,RM de Esperança (PB),Região Metropolitana de Esperança,Esperança (PB),RM,Lei Complementar 106,08.06.2012,integrante,2025-12-31
2500502,PB,RM de Guarabira (PB),Região Metropolitana de Guarabira,Guarabira (PB),RM,Lei Complementar 101,12.07.2011,integrante,2025-12-31
2500536,PB,RM de Campina Grande (PB),Região Metropolitana de Campina Grande,Campina Grande (PB),RM,Lei Complementar 95,09.07.2010,integrante,2025-12-31
2500577,PB,RM de Esperança (PB),Região Metropolitana de Esperança,Esperança (PB),RM,Lei Complementar 106,08.06.2012,integrante,2025-12-31
2500601,PB,RM de João Pessoa (PB),Região Metropolitana de João Pessoa,João Pessoa (PB),RM,Inclusão de município - Lei Complementar 90,23.09.2009,integrante,2025-12-31
2500700,PB,RM de Cajazeiras (PB),Região Metropolitana de Cajazeiras,Cajazeiras (PB),RM,Lei Complementar 107,08.06.2012,integrante,2025-12-31
2500775,PB,RM de Sousa (PB),Região Metropolitana de Sousa,Sousa (PB),RM,Lei Complementar 117,21.01.2013,integrante,2025-12-31
2500809,PB,RM de Guarabira (PB),Região Metropolitana de Guarabira,Guarabira (PB),RM,Lei Complementar 101,12.07.2011,integrante,2025-12-31
2500908,PB,RM de Guarabira (PB),Região Metropolitana de Guarabira,Guarabira (PB),RM,Lei Complementar 138,12.04.2016,integrante,2025-12-31
2501005,PB,RM de Araruna (PB),Região Metropolitana de Araruna,Araruna (PB),RM,Lei Complementar 119,21.01.2013,integrante,2025-12-31
2501104,PB,RM de Esperança (PB),Região Metropolitana de Esperança,Esperança (PB),RM,Lei Complementar 106,08.06.2012,integrante,2025-12-31
2501153,PB,RM de Patos (PB),Região Metropolitana de Patos,Patos (PB),RM,Lei Complementar 103,27.12.2011,integrante,2025-12-31
2501203,PB,RM de Esperança (PB),Região Metropolitana de Esperança,Esperança (PB),RM,Lei Complementar 106,08.06.2012,integrante,2025-12-31
2501302,PB,RM de Campina Grande (PB),Região Metropolitana de Campina Grande,Campina Grande (PB),RM,Lei Complementar 92,11.12.2009,integrante,2025-12-31
2501401,PB,RM do Vale do Mamanguape (PB),Região Metropolitana do Vale do Mamanguape,Vale do Mamanguape (PB),RM,Lei Complementar 116,21.01.2013,integrante,2025-12-31
2501500,PB,RM de Guarabira (PB),Região Metropolitana de Guarabira,Guarabira (PB),RM,Lei Complementar 138,12.04.2016,integrante,2025-12-31
2501534,PB,RM de Barra de Santa Rosa (PB),Região Metropolitana de Barra de Santa Rosa,Barra de Santa Rosa (PB),RM,Lei Complementar 110,13.07.2012,integrante,2025-12-31
2501575,PB,RM de Campina Grande (PB),Região Metropolitana de Campina Grande,Campina Grande (PB),RM,Lei Complementar 92,11.12.2009,integrante,2025-12-31
2501609,PB,RM de Barra de Santa Rosa (PB),Região Metropolitana de Barra de Santa Rosa,Barra de Santa Rosa (PB),RM,Lei Complementar 110,13.07.2012,integrante,2025-12-31
2501807,PB,RM de João Pessoa (PB),Região Metropolitana de João Pessoa,João Pessoa (PB),RM,Lei Complementar 59,30.12.2003,integrante,2025-12-31
2501906,PB,RM de Guarabira (PB),Região Metropolitana de Guarabira,Guarabira (PB),RM,Lei Complementar 101,12.07.2011,integrante,2025-12-31
2502052,PB,RM de Cajazeiras (PB),Região Metropolitana de Cajazeiras,Cajazeiras (PB),RM,Lei Complementar 107,08.06.2012,integrante,2025-12-31
2502102,PB,RM do Vale do Piancó (PB),Região Metropolitana do Vale do Piancó,Vale do Piancó (PB),RM,Lei Complementar 109,06.07.2012,integrante,2025-12-31
2502151,PB,RM de Campina Grande (PB),Região Metropolitana de Campina Grande,Campina Grande (PB),RM,Lei Complementar 92,11.12.2009,integrante,2025-12-31
2502201,PB,RM de Cajazeiras (PB),Região Metropolitana de Cajazeiras,Cajazeiras (PB),RM,Lei Complementar 107,08.06.2012,integrante,2025-12-31
2502409,PB,RM de Cajazeiras (PB),Região Metropolitana de Cajazeiras,Cajazeiras (PB),RM,Lei Complementar 107,08.06.2012,integrante,2025-12-31
2502508,PB,RM de Campina Grande (PB),Região Metropolitana de Campina Grande,Campina Grande (PB),RM,Lei Complementar 92,11.12.2009,integrante,2025-12-31
2502607,PB,RM do Vale do Piancó (PB),Região Metropolitana do Vale do Piancó,Vale do Piancó (PB),RM,Lei Complementar 109,06.07.2012,integrante,2025-12-31
2502706,PB,RM de Guarabira (PB),Região Metropolitana de Guarabira,Guarabira (PB),RM,Lei Complementar 101,12.07.2011,integrante,2025-12-31
2503001,PB,RM de João Pessoa (PB),Região Metropolitana de João Pessoa,João Pessoa (PB),RM,Inclusão de município - Lei Complementar 90,23.09.2009,integrante,2025-12-31
2503209,PB,RM de João Pessoa (PB),Região Metropolitana de João Pessoa,João Pessoa (PB),RM,Lei Complementar 59,30.12.2003,integrante,2025-12-31
2503308,PB,RM de Cajazeiras (PB),Região Metropolitana de Cajazeiras,Cajazeiras (PB),RM,Lei Complementar 107,08.06.2012,integrante,2025-12-31
2503407,PB,RM de Patos (PB),Região Metropolitana de Patos,Patos (PB),RM,Lei Complementar 103,27.12.2011,integrante,2025-12-31
2503506,PB,RM de Araruna (PB),Região Metropolitana de Araruna,Araruna (PB),RM,Lei Complementar 119,21.01.2013,integrante,2025-12-31
2503555,PB,RM de Patos (PB),Região Metropolitana de Patos,Patos (PB),RM,Lei Complementar 103,27.12.2011,integrante,2025-12-31
2503605,PB,RM de Guarabira (PB),Região Metropolitana de Guarabira,Guarabira (PB),RM,Lei Complementar 101,12.07.2011,integrante,2025-12-31
2503704,PB,RM de Cajazeiras (PB),Região Metropolitana de Cajazeiras,Cajazeiras (PB),RM,Lei Complementar 107,08.06.2012,integrante,2025-12-31
2503803,PB,RM de Itabaiana (PB),Região Metropolitana de Itabaiana,Itabaiana (PB),RM,Lei Complementar 118,21.01.2013,integrante,2025-12-31
2504009,PB,RM de Campina Grande (PB),Região Metropolitana de Campina Grande,Campina Grande (PB),RM,Lei Complementar 92,11.12.2009,integrante,2025-12-31
2504108,PB,RM de Cajazeiras (PB),Região Metropolitana de Cajazeiras,Cajazeiras (PB),RM,Lei Complementar 107,08.06.2012,integrante,2025-12-31
2504207,PB,RM do Vale do Piancó (PB),Região Metropolitana do Vale do Piancó,Vale do Piancó (PB),RM,Lei Complementar 109,06.07.2012,integrante,2025-12-31
2504355,PB,RM de Campina Grande (PB),Região Metropolitana de Campina Grande,Campina Grande (PB),RM,Lei Complementar 92,11.12.2009,integrante,2025-12-31
2504405,PB,RM do Vale do Piancó (PB),Região Metropolitana do Vale do Piancó,Vale do Piancó (PB),RM,Lei Complementar 109,06.07.2012,integrante,2025-12-31
2504504,PB,RM de Patos (PB),Região Metropolitana de Patos,Patos (PB),RM,Lei Complementar 103,27.12.2011,integrante,2025-12-31
2504603,PB,RM de João Pessoa (PB),Região Metropolitana de João Pessoa,João Pessoa (PB),RM,Lei Complementar 59,30.12.2003,integrante,2025-12-31
2504801,PB,RM do Vale do Piancó (PB),Região Metropolitana do Vale do Piancó,Vale do Piancó (PB),RM,Lei Complementar 109,06.07.2012,integrante,2025-12-31
2504900,PB,RM de João Pessoa (PB),Região Metropolitana de João Pessoa,João Pessoa (PB),RM,Lei Complementar 59,30.12.2003,integrante,2025-12-31
2505105,PB,RM de Barra de Santa Rosa (PB),Região Metropolitana de Barra de Santa Rosa,Barra de Santa Rosa (PB),RM,Lei Complementar 110,13.07.2012,integrante,2025-12-31
2505204,PB,RM de Guarabira (PB),Região Metropolitana de Guarabira,Guarabira (PB),RM,Lei Complementar 101,12.07.2011,integrante,2025-12-31
2505238,PB,RM do Vale do Mamanguape (PB),Região Metropolitana do Vale do Mamanguape,Vale do Mamanguape (PB),RM,Lei Complementar 116,21.01.2013,integrante,2025-12-31
2505279,PB,RM do Vale do Mamanguape (PB),Região Metropolitana do Vale do Mamanguape,Vale do Mamanguape (PB),RM,Lei Complementar 116,21.01.2013,integrante,2025-12-31
2505303,PB,RM do Vale do Piancó (PB),Região Metropolitana do Vale do Piancó,Vale do Piancó (PB),RM,Lei Complementar 109,06.07.2012,integrante,2025-12-31
2505352,PB,RM de Araruna (PB),Região Metropolitana de Araruna,Araruna (PB),RM,Lei Complementar 119,21.01.2013,integrante,2025-12-31
2505402,PB,RM de Patos (PB),Região Metropolitana de Patos,Patos (PB),RM,Lei Complementar 103,27.12.2011,integrante,2025-12-31
2505501,PB,RM de Patos (PB),Região Metropolitana de Patos,Patos (PB),RM,Lei Complementar 103,27.12.2011,integrante,2025-12-31
2505600,PB,RM do Vale do Piancó (PB),Região Metropolitana do Vale do Piancó,Vale do Piancó (PB),RM,Lei Complementar 109,06.07.2012,integrante,2025-12-31
2505709,PB,RM de Araruna (PB),Região Metropolitana de Araruna,Araruna (PB),RM,Lei Complementar 119,21.01.2013,integrante,2025-12-31
2505808,PB,RM de Guarabira (PB),Região Metropolitana de Guarabira,Guarabira (PB),RM,Lei Complementar 101,12.07.2011,integrante,2025-12-31
2505907,PB,RM de Patos (PB),Região Metropolitana de Patos,Patos (PB),RM,Lei Complementar 103,27.12.2011,integrante,2025-12-31
2506004,PB,RM de Esperança (PB),Região Metropolitana de Esperança,Esperança (PB),RM,Lei Complementar 106,08.06.2012,integrante,2025-12-31
2506103,PB,RM de Campina Grande (PB),Região Metropolitana de Campina Grande,Campina Grande (PB),RM,Lei Complementar 92,11.12.2009,integrante,2025-12-31
2506202,PB,RM de Barra de Santa Rosa (PB),Região Metropolitana de Barra de Santa Rosa,Barra de Santa Rosa (PB),RM,Lei Complementar 110,13.07.2012,integrante,2025-12-31
2506251,PB,RM de Campina Grande (PB),Região Metropolitana de Campina Grande,Campina Grande (PB),RM,Lei Complementar 92,11.12.2009,integrante,2025-12-31
2506301,PB,RM de Guarabira (PB),Região Metropolitana de Guarabira,Guarabira (PB),RM,Lei Complementar 101,12.07.2011,integrante,2025-12-31
2506400,PB,RM de Itabaiana (PB),Região Metropolitana de Itabaiana,Itabaiana (PB),RM,Lei Complementar 118,21.01.2013,integrante,2025-12-31
2506608,PB,RM do Vale do Piancó (PB),Região Metropolitana do Vale do Piancó,Vale do Piancó (PB),RM,Lei Complementar 109,06.07.2012,integrante,2025-12-31
2506806,PB,RM de Itabaiana (PB),Região Metropolitana de Itabaiana,Itabaiana (PB),RM,Lei Complementar 118,21.01.2013,integrante,2025-12-31
2506905,PB,RM de Itabaiana (PB),Região Metropolitana de Itabaiana,Itabaiana (PB),RM,Lei Complementar 133,23.09.2015,integrante,2025-12-31
2507002,PB,RM do Vale do Piancó (PB),Região Metropolitana do Vale do Piancó,Vale do Piancó (PB),RM,Lei Complementar 109,06.07.2012,integrante,2025-12-31
2507101,PB,RM do Vale do Mamanguape (PB),Região Metropolitana do Vale do Mamanguape,Vale do Mamanguape (PB),RM,Lei Complementar 116,21.01.2013,integrante,2025-12-31
2507200,PB,RM de Campina Grande (PB),Região Metropolitana de Campina Grande,Campina Grande (PB),RM,Lei Complementar 92,11.12.2009,integrante,2025-12-31
2507309,PB,RM do Vale do Mamanguape (PB),Região Metropolitana do Vale do Mamanguape,Vale do Mamanguape (PB),RM,Lei Complementar 116,21.01.2013,integrante,2025-12-31
2507507,PB,RM de João Pessoa (PB),Região Metropolitana de João Pessoa,João Pessoa (PB),RM,Lei Complementar 59,30.12.2003,integrante,2025-12-31
2507606,PB,RM de Itabaiana (PB),Região Metropolitana de Itabaiana,Itabaiana (PB),RM,Lei Complementar 118,21.01.2013,integrante,2025-12-31
2507804,PB,RM de Patos (PB),Região Metropolitana de Patos,Patos (PB),RM,Lei Complementar 103,27.12.2011,integrante,2025-12-31
2507903,PB,RM de Itabaiana (PB),Região Metropolitana de Itabaiana,Itabaiana (PB),RM,Lei Complementar 118,21.01.2013,integrante,2025-12-31
2508208,PB,RM de Guarabira (PB),Região Metropolitana de Guarabira,Guarabira (PB),RM,Lei Complementar 101,12.07.2011,integrante,2025-12-31
2508307,PB,RM de Campina Grande (PB),Região Metropolitana de Campina Grande,Campina Grande (PB),RM,Lei Complementar 92,11.12.2009,integrante,2025-12-31
2508406,PB,RM de Sousa (PB),Região Metropolitana de Sousa,Sousa (PB),RM,Lei Complementar 117,21.01.2013,integrante,2025-12-31
2508554,PB,RM de Guarabira (PB),Região Metropolitana de Guarabira,Guarabira (PB),RM,Lei Complementar 101,12.07.2011,integrante,2025-12-31
2508604,PB,RM de João Pessoa (PB),Região Metropolitana de João Pessoa,João Pessoa (PB),RM,Lei Complementar 59,30.12.2003,integrante,2025-12-31
2508703,PB,RM de Patos (PB),Região Metropolitana de Patos,Patos (PB),RM,Lei Complementar 103,27.12.2011,integrante,2025-12-31
2508802,PB,RM de Patos (PB),Região Metropolitana de Patos,Patos (PB),RM,Lei Complementar 103,27.12.2011,integrante,2025-12-31
2508901,PB,RM do Vale do Mamanguape (PB),Região Metropolitana do Vale do Mamanguape,Vale do Mamanguape (PB),RM,Lei Complementar 116,21.01.2013,integrante,2025-12-31
2509057,PB,RM do Vale do Mamanguape (PB),Região Metropolitana do Vale do Mamanguape,Vale do Mamanguape (PB),RM,Lei Complementar 116,21.01.2013,integrante,2025-12-31
2509156,PB,RM de Sousa (PB),Região Metropolitana de Sousa,Sousa (PB),RM,Lei Complementar 117,21.01.2013,integrante,2025-12-31
2509206,PB,RM de Campina Grande (PB),Região Metropolitana de Campina Grande,Campina Grande (PB),RM,Lei Complementar 92,11.12.2009,integrante,2025-12-31
2509305,PB,RM do Vale do Mamanguape (PB),Região Metropolitana do Vale do Mamanguape,Vale do Mamanguape (PB),RM,Lei Complementar 116,21.01.2013,integrante,2025-12-31
2509339,PB,RM de Campina Grande (PB),Região Metropolitana de Campina Grande,Campina Grande (PB),RM,Lei Complementar 92,11.12.2009,integrante,2025-12-31
2509396,PB,RM de Patos (PB),Região Metropolitana de Patos,Patos (PB),RM,Lei Complementar 103,27.12.2011,integrante,2025-12-31
2509404,PB,RM de Itabaiana (PB),Região Metropolitana de Itabaiana,Itabaiana (PB),RM,Lei Complementar 118,21.01.2013,integrante,2025-12-31
2509503,PB,RM de Esperança (PB),Região Metropolitana de Esperança,Esperança (PB),RM,Lei Complementar 106,08.06.2012,integrante,2025-12-31
2509602,PB,RM de Cajazeiras (PB),Região Metropolitana de Cajazeiras,Cajazeiras (PB),RM,Lei Complementar 107,08.06.2012,integrante,2025-12-31
2509800,PB,RM de Guarabira (PB),Região Metropolitana de Guarabira,Guarabira (PB),RM,Lei Complementar 101,12.07.2011,integrante,2025-12-31
2509909,PB,RM de Campina Grande (PB),Região Metropolitana de Campina Grande,Campina Grande (PB),RM,Lei Complementar 95,09.07.2010,integrante,2025-12-31
2510006,PB,RM de Sousa (PB),Região Metropolitana de Sousa,Sousa (PB),RM,Lei Complementar 117,21.01.2013,integrante,2025-12-31
2510105,PB,RM de Barra de Santa Rosa (PB),Região Metropolitana de Barra de Santa Rosa,Barra de Santa Rosa (PB),RM,Lei Complementar 110,13.07.2012,integrante,2025-12-31
2510204,PB,RM do Vale do Piancó (PB),Região Metropolitana do Vale do Piancó,Vale do Piancó (PB),RM,Lei Complementar 109,06.07.2012,integrante,2025-12-31
2510303,PB,RM de Barra de Santa Rosa (PB),Região Metropolitana de Barra de Santa Rosa,Barra de Santa Rosa (PB),RM,Lei Complementar 110,13.07.2012,integrante,2025-12-31
2510709,PB,RM de Patos (PB),Região Metropolitana de Patos,Patos (PB),RM,Lei Complementar 103,27.12.2011,integrante,2025-12-31
2510808,PB,RM de Patos (PB),Região Metropolitana de Patos,Patos (PB),RM,Lei Complementar 103,27.12.2011,integrante,2025-12-31
2511202,PB,RM de João Pessoa (PB),Região Metropolitana de João Pessoa,João Pessoa (PB),RM,Inclusão de município - Lei Complementar 93,11.12.2009,integrante,2025-12-31
2511301,PB,RM do Vale do Piancó (PB),Região Metropolitana do Vale do Piancó,Vale do Piancó (PB),RM,Lei Complementar 109,06.07.2012,integrante,2025-12-31
2511400,PB,RM de Barra de Santa Rosa (PB),Região Metropolitana de Barra de Santa Rosa,Barra de Santa Rosa (PB),RM,Lei Complementar 110,13.07.2012,integrante,2025-12-31
2511509,PB,RM de Itabaiana (PB),Região Metropolitana de Itabaiana,Itabaiana (PB),RM,Lei Complementar 118,21.01.2013,integrante,2025-12-31
2511608,PB,RM de Guarabira (PB),Região Metropolitana de Guarabira,Guarabira (PB),RM,Lei Complementar 101,12.07.2011,integrante,2025-12-31
2511707,PB,RM de Guarabira (PB),Região Metropolitana de Guarabira,Guarabira (PB),RM,Lei Complementar 101,12.07.2011,integrante,2025-12-31
2511806,PB,RM de Guarabira (PB),Região Metropolitana de Guarabira,Guarabira (PB),RM,Lei Complementar 101,12.07.2011,integrante,2025-12-31
2511905,PB,RM de João Pessoa (PB),Região Metropolitana de João Pessoa,João Pessoa (PB),RM,Inclusão de município - Lei Complementar 90,23.09.2009,integrante,2025-12-31
2512002,PB,RM de Esperança (PB),Região Metropolitana de Esperança,Esperança (PB),RM,Lei Complementar 106,08.06.2012,integrante,2025-12-31
2512036,PB,RM de Cajazeiras (PB),Região Metropolitana de Cajazeiras,Cajazeiras (PB),RM,Lei Complementar 107,08.06.2012,integrante,2025-12-31
2512077,PB,RM de Cajazeiras (PB),Região Metropolitana de Cajazeiras,Cajazeiras (PB),RM,Lei Complementar 107,08.06.2012,integrante,2025-12-31
2512408,PB,RM de Campina Grande (PB),Região Metropolitana de Campina Grande,Campina Grande (PB),RM,Lei Complementar 92,11.12.2009,integrante,2025-12-31
2512507,PB,RM de Campina Grande (PB),Região Metropolitana de Campina Grande,Campina Grande (PB),RM,Lei Complementar 92,11.12.2009,integrante,2025-12-31
2512606,PB,RM de Patos (PB),Região Metropolitana de Patos,Patos (PB),RM,Lei Complementar 103,27.12.2011,integrante,2025-12-31
2512705,PB,RM de Esperança (PB),Região Metropolitana de Esperança,Esperança (PB),RM,Lei Complementar 106,08.06.2012,integrante,2025-12-31
2512721,PB,RM do Vale do Mamanguape (PB),Região Metropolitana do Vale do Mamanguape,Vale do Mamanguape (PB),RM,Lei Complementar 116,21.01.2013,integrante,2025-12-31
2512747,PB,RM de Araruna (PB),Região Metropolitana de Araruna,Araruna (PB),RM,Lei Complementar 119,21.01.2013,integrante,2025-12-31
2512754,PB,RM de Itabaiana (PB),Região Metropolitana de Itabaiana,Itabaiana (PB),RM,Lei Complementar 118,21.01.2013,integrante,2025-12-31
2512903,PB,RM de João Pessoa (PB),Região Metropolitana de João Pessoa,João Pessoa (PB),RM,Lei Complementar 59,30.12.2003,integrante,2025-12-31
2513000,PB,RM de Patos (PB),Região Metropolitana de Patos,Patos (PB),RM,Lei Complementar 103,27.12.2011,integrante,2025-12-31
2513109,PB,RM de Itabaiana (PB),Região Metropolitana de Itabaiana,Itabaiana (PB),RM,Lei Complementar 118,21.01.2013,integrante,2025-12-31
2513158,PB,RM de Campina Grande (PB),Região Metropolitana de Campina Grande,Campina Grande (PB),RM,Lei Complementar 95,09.07.2010,integrante,2025-12-31
2513208,PB,RM de Sousa (PB),Região Metropolitana de Sousa,Sousa (PB),RM,Lei Complementar 117,21.01.2013,integrante,2025-12-31
2513307,PB,RM de Cajazeiras (PB),Região Metropolitana de Cajazeiras,Cajazeiras (PB),RM,Lei Complementar 107,08.06.2012,integrante,2025-12-31
2513356,PB,RM do Vale do Piancó (PB),Região Metropolitana do Vale do Piancó,Vale do Piancó (PB),RM,Lei Complementar 109,06.07.2012,integrante,2025-12-31
2513406,PB,RM de Patos (PB),Região Metropolitana de Patos,Patos (PB),RM,Lei Complementar 103,27.12.2011,integrante,2025-12-31
2513505,PB,RM do Vale do Piancó (PB),Região Metropolitana do Vale do Piancó,Vale do Piancó (PB),RM,Lei Complementar 109,06.07.2012,integrante,2025-12-31
2513604,PB,RM do Vale do Piancó (PB),Região Metropolitana do Vale do Piancó,Vale do Piancó (PB),RM,Lei Complementar 109,06.07.2012,integrante,2025-12-31
2513653,PB,RM de Cajazeiras (PB),Região Metropolitana de Cajazeiras,Cajazeiras (PB),RM,Lei Complementar 107,08.06.2012,integrante,2025-12-31
2513703,PB,RM de João Pessoa (PB),Região Metropolitana de João Pessoa,João Pessoa (PB),RM,Lei Complementar 59,30.12.2003,integrante,2025-12-31
2513802,PB,RM de Patos (PB),Região Metropolitana de Patos,Patos (PB),RM,Lei Complementar 103,27.12.2011,integrante,2025-12-31
2513984,PB,RM de Sousa (PB),Região Metropolitana de Sousa,Sousa (PB),RM,Lei Complementar 117,21.01.2013,integrante,2025-12-31
2514206,PB,RM de Sousa (PB),Região Metropolitana de Sousa,Sousa (PB),RM,Lei Complementar 117,21.01.2013,integrante,2025-12-31
2514305,PB,RM do Vale do Piancó (PB),Região Metropolitana do Vale do Piancó,Vale do Piancó (PB),RM,Lei Complementar 109,06.07.2012,integrante,2025-12-31
2514404,PB,RM de Patos (PB),Região Metropolitana de Patos,Patos (PB),RM,Lei Complementar 103,27.12.2011,integrante,2025-12-31
2514453,PB,RM de Itabaiana (PB),Região Metropolitana de Itabaiana,Itabaiana (PB),RM,Lei Complementar 118,21.01.2013,integrante,2025-12-31
2514503,PB,RM de Cajazeiras (PB),Região Metropolitana de Cajazeiras,Cajazeiras (PB),RM,Lei Complementar 107,08.06.2012,integrante,2025-12-31
2514602,PB,RM de Patos (PB),Região Metropolitana de Patos,Patos (PB),RM,Lei Complementar 103,27.12.2011,integrante,2025-12-31
2514701,PB,RM de Patos (PB),Região Metropolitana de Patos,Patos (PB),RM,Lei Complementar 103,27.12.2011,integrante,2025-12-31
2514909,PB,RM de Patos (PB),Região Metropolitana de Patos,Patos (PB),RM,Lei Complementar 103,27.12.2011,integrante,2025-12-31
2515005,PB,RM de Itabaiana (PB),Região Metropolitana de Itabaiana,Itabaiana (PB),RM,Lei Complementar 118,21.01.2013,integrante,2025-12-31
2515104,PB,RM de Esperança (PB),Região Metropolitana de Esperança,Esperança (PB),RM,Lei Complementar 106,08.06.2012,integrante,2025-12-31
2515609,PB,RM de Guarabira (PB),Região Metropolitana de Guarabira,Guarabira (PB),RM,Lei Complementar 101,12.07.2011,integrante,2025-12-31
2515708,PB,RM do Vale do Piancó (PB),Região Metropolitana do Vale do Piancó,Vale do Piancó (PB),RM,Lei Complementar 109,06.07.2012,integrante,2025-12-31
2515807,PB,RM de Campina Grande (PB),Região Metropolitana de Campina Grande,Campina Grande (PB),RM,Lei Complementar 92,11.12.2009,integrante,2025-12-31
2515906,PB,RM de Guarabira (PB),Região Metropolitana de Guarabira,Guarabira (PB),RM,Lei Complementar 101,12.07.2011,integrante,2025-12-31
2515930,PB,RM de Guarabira (PB),Região Metropolitana de Guarabira,Guarabira (PB),RM,Lei Complementar 101,12.07.2011,integrante,2025-12-31
2516003,PB,RM de Guarabira (PB),Região Metropolitana de Guarabira,Guarabira (PB),RM,Lei Complementar 138,12.04.2016,integrante,2025-12-31
2516151,PB,RM de Barra de Santa Rosa (PB),Região Metropolitana de Barra de Santa Rosa,Barra de Santa Rosa (PB),RM,Lei Complementar 110,13.07.2012,integrante,2025-12-31
2516201,PB,RM de Sousa (PB),Região Metropolitana de Sousa,Sousa (PB),RM,Lei Complementar 117,21.01.2013,integrante,2025-12-31
2516409,PB,RM de Araruna (PB),Região Metropolitana de Araruna,Araruna (PB),RM,Lei Complementar 119,21.01.2013,integrante,2025-12-31
2516706,PB,RM de Patos (PB),Região Metropolitana de Patos,Patos (PB),RM,Lei Complementar 103,27.12.2011,integrante,2025-12-31
2516805,PB,RM de Cajazeiras (PB),Região Metropolitana de Cajazeiras,Cajazeiras (PB),RM,Lei Complementar 107,08.06.2012,integrante,2025-12-31
2516904,PB,RM de Cajazeiras (PB),Região Metropolitana de Cajazeiras,Cajazeiras (PB),RM,Lei Complementar 107,08.06.2012,integrante,2025-12-31
2517001,PB,RM de Campina Grande (PB),Região Metropolitana de Campina Grande,Campina Grande (PB),RM,Lei Complementar 95,09.07.2010,integrante,2025-12-31
2517100,PB,RM de Patos (PB),Região Metropolitana de Patos,Patos (PB),RM,Lei Complementar 103,27.12.2011,integrante,2025-12-31
2517209,PB,RM de Sousa (PB),Região Metropolitana de Sousa,Sousa (PB),RM,Lei Complementar 117,21.01.2013,integrante,2025-12-31
2600054,PE,RM de Recife (PE),Região Metropolitana de Recife,Recife (PE),RM,Lei Complementar 010,06.01.1994,integrante,2025-12-31
2601052,PE,RM de Recife (PE),Região Metropolitana de Recife,Recife (PE),RM,Lei Estadual nº 11.230,13.07.1995,integrante,2025-12-31
2602902,PE,RM de Recife (PE),Região Metropolitana de Recife,Recife (PE),RM,Lei Complementar 014 (Federal),08.06.1973,integrante,2025-12-31
2603454,PE,RM de Recife (PE),Região Metropolitana de Recife,Recife (PE),RM,Lei Complementar 010,06.01.1994,integrante,2025-12-31
2606804,PE,RM de Recife (PE),Região Metropolitana de Recife,Recife (PE),RM,Lei Complementar 014 (Federal),08.06.1973,integrante,2025-12-31
2607208,PE,RM de Recife (PE),Região Metropolitana de Recife,Recife (PE),RM,Lei Complementar 010,06.01.1994,integrante,2025-12-31
2607604,PE,RM de Recife (PE),Região Metropolitana de Recife,Recife (PE),RM,Lei Complementar 014 (Federal),08.06.1973,integrante,2025-12-31
2607752,PE,RM de Recife (PE),Região Metropolitana de Recife,Recife (PE),RM,Lei Complementar 010,06.01.1994,integrante,2025-12-31
2607901,PE,RM de Recife (PE),Região Metropolitana de Recife,Recife (PE),RM,Lei Complementar 014 (Federal),08.06.1973,integrante,2025-12-31
2608750,PE,RAIDE do Polo Petrolina/PE e Juazeiro/BA,Região Administrativa Integrada de Desenvolvimento do Polo Petrolina/PE e Juazeiro/BA,Polo Petrolina(PE) e Juazeiro(BA),RIDE,DECRETO Nº 4.366 - 09/09/2002 Regulamenta a Lei Complementar 113,19.09.2001,integrante,2025-12-31
2609402,PE,RM de Recife (PE),Região Metropolitana de Recife,Recife (PE),RM,Lei Complementar 014 (Federal),08.06.1973,integrante,2025-12-31
2609600,PE,RM de Recife (PE),Região Metropolitana de Recife,Recife (PE),RM,Lei Complementar 014 (Federal),08.06.1973,integrante,2025-12-31
2609808,PE,RAIDE do Polo Petrolina/PE e Juazeiro/BA,Região Administrativa Integrada de Desenvolvimento do Polo Petrolina/PE e Juazeiro/BA,Polo Petrolina(PE) e Juazeiro(BA),RIDE,DECRETO Nº 4.366 - 09/09/2002 Regulamenta a Lei Complementar 113,19.09.2001,integrante,2025-12-31
2610707,PE,RM de Recife (PE),Região Metropolitana de Recife,Recife (PE),RM,Lei Complementar 014 (Federal),08.06.1973,integrante,2025-12-31
2611101,PE,RAIDE do Polo Petrolina/PE e Juazeiro/BA,Região Administrativa Integrada de Desenvolvimento do Polo Petrolina/PE e Juazeiro/BA,Polo Petrolina(PE) e Juazeiro(BA),RIDE,DECRETO Nº 4.366 - 09/09/2002 Regulamenta a Lei Complementar 113,19.09.2001,integrante,2025-12-31
2611606,PE,RM de Recife (PE),Região Metropolitana de Recife,Recife (PE),RM,Lei Complementar 014 (Federal),08.06.1973,integrante,2025-12-31
2612604,PE,RAIDE do Polo Petrolina/PE e Juazeiro/BA,Região Administrativa Integrada de Desenvolvimento do Polo Petrolina/PE e Juazeiro/BA,Polo Petrolina(PE) e Juazeiro(BA),RIDE,DECRETO Nº 4.366 - 09/09/2002 Regulamenta a Lei Complementar 113,19.09.2001,integrante,2025-12-31
2613701,PE,RM de Recife (PE),Região Metropolitana de Recife,Recife (PE),RM,Lei Complementar 014 (Federal),08.06.1973,integrante,2025-12-31
2700300,AL,RM do Agreste (AL),Região Metropolitana do Agreste,Agreste (AL),RM,Lei Complementar 27,30.11.2009,integrante,2025-12-31
2700409,AL,RM de Maceió (AL),Região Metropolitana de Maceió,Maceió (AL),RM,Lei Complementar 38 (altera município de RM),17.06.2013,integrante,2025-12-31
2700508,AL,RM de Maceió (AL),Região Metropolitana de Maceió,Maceió (AL),RM,Lei Complementar 18,19.11.1998,integrante,2025-12-31
2700607,AL,RM de Maceió (AL),Região Metropolitana de Maceió,Maceió (AL),RM,Lei Complementar 18,19.11.1998,integrante,2025-12-31
2700805,AL,RM do Agreste (AL),Região Metropolitana do Agreste,Agreste (AL),RM,Lei complementar nº49,24.07.2019,integrante,2025-12-31
2701506,AL,RM do Agreste (AL),Região Metropolitana do Agreste,Agreste (AL),RM,Lei Complementar 27,30.11.2009,integrante,2025-12-31
2702009,AL,RM do Agreste (AL),Região Metropolitana do Agreste,Agreste (AL),RM,Lei Complementar 27,30.11.2009,integrante,2025-12-31
2702207,AL,RM de Maceió (AL),Região Metropolitana de Maceió,Maceió (AL),RM,Lei Complementar 18,19.11.1998,integrante,2025-12-31
2702355,AL,RM do Agreste (AL),Região Metropolitana do Agreste,Agreste (AL),RM,Lei Complementar 27,30.11.2009,integrante,2025-12-31
2702553,AL,RM do Agreste (AL),Região Metropolitana do Agreste,Agreste (AL),RM,Lei complementar nº49,24.07.2019,integrante,2025-12-31
2702603,AL,RM do Agreste (AL),Região Metropolitana do Agreste,Agreste (AL),RM,Lei Complementar 27,30.11.2009,integrante,2025-12-31
2702900,AL,RM do Agreste (AL),Região Metropolitana do Agreste,Agreste (AL),RM,Lei Complementar 27,30.11.2009,integrante,2025-12-31
2703106,AL,RM do Agreste (AL),Região Metropolitana do Agreste,Agreste (AL),RM,Lei complementar nº49,24.07.2019,integrante,2025-12-31
2703700,AL,RM do Agreste (AL),Região Metropolitana do Agreste,Agreste (AL),RM,Lei Complementar 27,30.11.2009,integrante,2025-12-31
2704005,AL,RM do Agreste (AL),Região Metropolitana do Agreste,Agreste (AL),RM,Lei Complementar Estadual 51,19.12.2019,integrante,2025-12-31
2704104,AL,RM do Agreste (AL),Região Metropolitana do Agreste,Agreste (AL),RM,Lei Complementar 27,30.11.2009,integrante,2025-12-31
2704203,AL,RM do Agreste (AL),Região Metropolitana do Agreste,Agreste (AL),RM,Lei Complementar Estadual 51,19.12.2019,integrante,2025-12-31
2704302,AL,RM de Maceió (AL),Região Metropolitana de Maceió,Maceió (AL),RM,Lei Complementar 18,19.11.1998,integrante,2025-12-31
2704708,AL,RM de Maceió (AL),Região Metropolitana de Maceió,Maceió (AL),RM,Lei Complementar 18,19.11.1998,integrante,2025-12-31
2705200,AL,RM de Maceió (AL),Região Metropolitana de Maceió,Maceió (AL),RM,Lei Complementar 18,19.11.1998,integrante,2025-12-31
2705507,AL,RM de Maceió (AL),Região Metropolitana de Maceió,Maceió (AL),RM,Lei Complementar 40,17.06.2014,integrante,2025-12-31
2705903,AL,RM do Agreste (AL),Região Metropolitana do Agreste,Agreste (AL),RM,Lei Complementar 27,30.11.2009,integrante,2025-12-31
2706307,AL,RM do Agreste (AL),Região Metropolitana do Agreste,Agreste (AL),RM,Lei complementar nº49,24.07.2019,integrante,2025-12-31
2706448,AL,RM de Maceió (AL),Região Metropolitana de Maceió,Maceió (AL),RM,Lei Complementar 18,19.11.1998,integrante,2025-12-31
2706901,AL,RM de Maceió (AL),Região Metropolitana de Maceió,Maceió (AL),RM,Lei Complementar 18,19.11.1998,integrante,2025-12-31
2707701,AL,RM de Maceió (AL),Região Metropolitana de Maceió,Maceió (AL),RM,Lei Complementar 18,19.11.1998,integrante,2025-12-31
2707909,AL,RM de Maceió (AL),Região Metropolitana de Maceió,Maceió (AL),RM,Lei Complementar 18,19.11.1998,integrante,2025-12-31
2708204,AL,RM do Agreste (AL),Região Metropolitana do Agreste,Agreste (AL),RM,Lei Complementar 27,30.11.2009,integrante,2025-12-31
2708808,AL,RM do Agreste (AL),Região Metropolitana do Agreste,Agreste (AL),RM,Lei Complementar 27,30.11.2009,integrante,2025-12-31
2708907,AL,RM de Maceió (AL),Região Metropolitana de Maceió,Maceió (AL),RM,Lei Complementar 18,19.11.1998,integrante,2025-12-31
2709004,AL,RM do Agreste (AL),Região Metropolitana do Agreste,Agreste (AL),RM,Lei complementar nº49,24.07.2019,integrante,2025-12-31
2709103,AL,RM do Agreste (AL),Região Metropolitana do Agreste,Agreste (AL),RM,Lei Complementar 27,30.11.2009,integrante,2025-12-31
2709202,AL,RM do Agreste (AL),Região Metropolitana do Agreste,Agreste (AL),RM,Lei Complementar 27,30.11.2009,integrante,2025-12-31
2800308,SE,RM de Aracaju (SE),Região Metropolitana de Aracaju,Aracaju (SE),RM,Lei Complementar 25 - Alterada pela Lei Complementar 86 de 25.08.2003.,29.12.1995,integrante,2025-12-31
2800605,SE,RM de Aracaju (SE),Região Metropolitana de Aracaju,Aracaju (SE),RM,Lei Complementar 25 - Alterada pela Lei Complementar 86 de 25.08.2003.,29.12.1995,integrante,2025-12-31
2804805,SE,RM de Aracaju (SE),Região Metropolitana de Aracaju,Aracaju (SE),RM,Lei Complementar 25 - Alterada pela Lei Complementar 86 de 25.08.2003.,29.12.1995,integrante,2025-12-31
2806701,SE,RM de Aracaju (SE),Região Metropolitana de Aracaju,Aracaju (SE),RM,Lei Complementar 25 - Alterada pela Lei Complementar 86 de 25.08.2003.,29.12.1995,integrante,2025-12-31
2901106,BA,RM de Feira de Santana (BA),Região Metropolitana de Feira de Santana,Feira de Santana (BA),RM,Lei Complementar 35,06.07.2011,integrante,2025-12-31
2901502,BA,RM de Feira de Santana (BA),Área de Expansão Metropolitana,Feira de Santana (BA),RM,Lei Complementar 35,06.07.2011,Área de Expansão Metropolitana,2025-12-31
2901700,BA,RM de Feira de Santana (BA),Área de Expansão Metropolitana,Feira de Santana (BA),RM,Lei Complementar 35,06.07.2011,Área de Expansão Metropolitana,2025-12-31
2905701,BA,RM de Salvador (BA),Região Metropolitana de Salvador,Salvador (BA),RM,Lei Complementar 014 (Federal),08.06.1973,integrante,2025-12-31
2906402,BA,RM de Feira de Santana (BA),Área de Expansão Metropolitana,Feira de Santana (BA),RM,Lei Complementar 35,06.07.2011,Área de Expansão Metropolitana,2025-12-31
2906501,BA,RM de Salvador (BA),Região Metropolitana de Salvador,Salvador (BA),RM,Lei Complementar 014 (Federal),08.06.1973,integrante,2025-12-31
2907202,BA,RAIDE do Polo Petrolina/PE e Juazeiro/BA,Região Administrativa Integrada de Desenvolvimento do Polo Petrolina/PE e Juazeiro/BA,Polo Petrolina(PE) e Juazeiro(BA),RIDE,DECRETO Nº 4.366 - 09/09/2002 Regulamenta a Lei Complementar 113,19.09.2001,integrante,2025-12-31
2908200,BA,RM de Feira de Santana (BA),Região Metropolitana de Feira de Santana,Feira de Santana (BA),RM,Lei Complementar 35,06.07.2011,integrante,2025-12-31
2908507,BA,RM de Feira de Santana (BA),Região Metropolitana de Feira de Santana,Feira de Santana (BA),RM,Lei Complementar 35,06.07.2011,integrante,2025-12-31
2908903,BA,RM de Feira de Santana (BA),Área de Expansão Metropolitana,Feira de Santana (BA),RM,Lei Complementar 35,06.07.2011,Área de Expansão Metropolitana,2025-12-31
2909901,BA,RAIDE do Polo Petrolina/PE e Juazeiro/BA,Região Administrativa Integrada de Desenvolvimento do Polo Petrolina/PE e Juazeiro/BA,Polo Petrolina(PE) e Juazeiro(BA),RIDE,DECRETO Nº 4.366 - 09/09/2002 Regulamenta a Lei Complementar 113,19.09.2001,integrante,2025-12-31
2910057,BA,RM de Salvador (BA),Região Metropolitana de Salvador,Salvador (BA),RM,Lei Estadual nº 4.404,25.02.1985,integrante,2025-12-31
2910800,BA,RM de Feira de Santana (BA),Região Metropolitana de Feira de Santana,Feira de Santana (BA),RM,Lei Complementar 35,06.07.2011,integrante,2025-12-31
2913804,BA,RM de Feira de Santana (BA),Área de Expansão Metropolitana,Feira de Santana (BA),RM,Lei Complementar 35,06.07.2011,Área de Expansão Metropolitana,2025-12-31
2914505,BA,RM de Feira de Santana (BA),Área de Expansão Metropolitana,Feira de Santana (BA),RM,Lei Complementar 35,06.07.2011,Área de Expansão Metropolitana,2025-12-31
2916104,BA,RM de Salvador (BA),Região Metropolitana de Salvador,Salvador (BA),RM,Lei Complementar 014 (Federal),08.06.1973,integrante,2025-12-31
2918407,BA,RAIDE do Polo Petrolina/PE e Juazeiro/BA,Região Administrativa Integrada de Desenvolvimento do Polo Petrolina/PE e Juazeiro/BA,Polo Petrolina(PE) e Juazeiro(BA),RIDE,DECRETO Nº 4.366 - 09/09/2002 Regulamenta a Lei Complementar 113,19.09.2001,integrante,2025-12-31
2919207,BA,RM de Salvador (BA),Região Metropolitana de Salvador,Salvador (BA),RM,Lei Complementar 014 (Federal),08.06.1973,integrante,2025-12-31
2919926,BA,RM de Salvador (BA),Região Metropolitana de Salvador,Salvador (BA),RM,Lei Estadual nº 5.016,13.06.1989,integrante,2025-12-31
2921005,BA,RM de Salvador (BA),Região Metropolitana de Salvador,Salvador (BA),RM,Lei Complementar 30,03.01.2008,integrante,2025-12-31
2925204,BA,RM de Salvador (BA),Região Metropolitana de Salvador,Salvador (BA),RM,Lei Complementar 32,22.01.2009,integrante,2025-12-31
2926301,BA,RM de Feira de Santana (BA),Área de Expansão Metropolitana,Feira de Santana (BA),RM,Lei Complementar 35,06.07.2011,Área de Expansão Metropolitana,2025-12-31
2927408,BA,RM de Salvador (BA),Região Metropolitana de Salvador,Salvador (BA),RM,Lei Complementar 014 (Federal),08.06.1973,integrante,2025-12-31
2927507,BA,RM de Feira de Santana (BA),Área de Expansão Metropolitana,Feira de Santana (BA),RM,Lei Complementar 35,06.07.2011,Área de Expansão Metropolitana,2025-12-31
2928307,BA,RM de Feira de Santana (BA),Área de Expansão Metropolitana,Feira de Santana (BA),RM,Lei Complementar 35,06.07.2011,Área de Expansão Metropolitana,2025-12-31
2929206,BA,RM de Salvador (BA),Região Metropolitana de Salvador,Salvador (BA),RM,Lei Complementar 014 (Federal),08.06.1973,integrante,2025-12-31
2929305,BA,RM de Feira de Santana (BA),Região Metropolitana de Feira de Santana,Feira de Santana (BA),RM,Lei Complementar 35,06.07.2011,integrante,2025-12-31
2929503,BA,RM de Salvador (BA),Região Metropolitana de Salvador,Salvador (BA),RM,Lei Complementar 30,03.01.2008,integrante,2025-12-31
2930402,BA,RM de Feira de Santana (BA),Área de Expansão Metropolitana,Feira de Santana (BA),RM,Lei Complementar 35,06.07.2011,Área de Expansão Metropolitana,2025-12-31
2930709,BA,RM de Salvador (BA),Região Metropolitana de Salvador,Salvador (BA),RM,Lei Complementar 014 (Federal),08.06.1973,integrante,2025-12-31
2930774,BA,RAIDE do Polo Petrolina/PE e Juazeiro/BA,Região Administrativa Integrada de Desenvolvimento do Polo Petrolina/PE e Juazeiro/BA,Polo Petrolina(PE) e Juazeiro(BA),RIDE,DECRETO Nº 4.366 - 09/09/2002 Regulamenta a Lei Complementar 113,19.09.2001,integrante,2025-12-31
2931103,BA,RM de Feira de Santana (BA),Região Metropolitana de Feira de Santana,Feira de Santana (BA),RM,Lei Complementar 35,06.07.2011,integrante,2025-12-31
2933208,BA,RM de Salvador (BA),Região Metropolitana de Salvador,Salvador (BA),RM,Lei Complementar 014 (Federal),08.06.1973,integrante,2025-12-31
3100500,MG,RM de Vale do Aço (MG),Colar Metropolitano,Vale do Aço (MG),RM,Lei Complementar 122,04.01.2012,Colar Metropolitano,2025-12-31
3103009,MG,RM de Vale do Aço (MG),Colar Metropolitano,Vale do Aço (MG),RM,Lei Complementar 122,04.01.2012,Colar Metropolitano,2025-12-31
3104502,MG,RIDE do Distrito Federal e Entorno,Região Integrada de Desenvolvimento do Distrito Federal e Entorno,DF e Entorno (DF/GO/MG),RIDE,Lei Complementar nº 163 (Federal),14.06.2018,integrante,2025-12-31
3105004,MG,RM de Belo Horizonte (MG),Região Metropolitana de Belo Horizonte,Belo Horizonte (MG),RM,Lei Complementar 56,12.01.2000,integrante,2025-12-31
3105400,MG,RM de Belo Horizonte (MG),Colar Metropolitano de Belo Horizonte,Belo Horizonte (MG),RM,Lei Complementar 56,12.01.2000,Colar Metropolitano de Belo Horizonte,2025-12-31
3106200,MG,RM de Belo Horizonte (MG),Região Metropolitana de Belo Horizonte,Belo Horizonte (MG),RM,Lei Complementar 014 (Federal),08.06.1973,integrante,2025-12-31
3106309,MG,RM de Vale do Aço (MG),Colar Metropolitano,Vale do Aço (MG),RM,Lei Complementar 122,04.01.2012,Colar Metropolitano,2025-12-31
3106408,MG,RM de Belo Horizonte (MG),Colar Metropolitano de Belo Horizonte,Belo Horizonte (MG),RM,Lei Complementar 56,12.01.2000,Colar Metropolitano de Belo Horizonte,2025-12-31
3106705,MG,RM de Belo Horizonte (MG),Região Metropolitana de Belo Horizonte,Belo Horizonte (MG),RM,Lei Complementar 014 (Federal),08.06.1973,integrante,2025-12-31
3107703,MG,RM de Belo Horizonte (MG),Colar Metropolitano de Belo Horizonte,Belo Horizonte (MG),RM,Lei Complementar 124,17.10.2012,Colar Metropolitano de Belo Horizonte,2025-12-31
3107802,MG,RM de Vale do Aço (MG),Colar Metropolitano,Vale do Aço (MG),RM,Lei Complementar 122,04.01.2012,Colar Metropolitano,2025-12-31
3108107,MG,RM de Belo Horizonte (MG),Colar Metropolitano de Belo Horizonte,Belo Horizonte (MG),RM,Lei Complementar 56,12.01.2000,Colar Metropolitano de Belo Horizonte,2025-12-31
3108800,MG,RM de Vale do Aço (MG),Colar Metropolitano,Vale do Aço (MG),RM,Lei Complementar 122,04.01.2012,Colar Metropolitano,2025-12-31
3109006,MG,RM de Belo Horizonte (MG),Região Metropolitana de Belo Horizonte,Belo Horizonte (MG),RM,Constituição Estadual,21.09.1989,integrante,2025-12-31
3109253,MG,RM de Vale do Aço (MG),Colar Metropolitano,Vale do Aço (MG),RM,Lei Complementar 122,04.01.2012,Colar Metropolitano,2025-12-31
3109303,MG,RIDE do Distrito Federal e Entorno,Região Integrada de Desenvolvimento do Distrito Federal e Entorno,DF e Entorno (DF/GO/MG),RIDE,DECRETO Nº 7469 - 04.05.2011 Regulamenta a Lei Complementar 094,04.05.2011,integrante,2025-12-31
3109451,MG,RIDE do Distrito Federal e Entorno,Região Integrada de Desenvolvimento do Distrito Federal e Entorno,DF e Entorno (DF/GO/MG),RIDE,Lei Complementar nº 163 (Federal),14.06.2018,integrante,2025-12-31
3110004,MG,RM de Belo Horizonte (MG),Região Metropolitana de Belo Horizonte,Belo Horizonte (MG),RM,Lei Complementar 014 (Federal),08.06.1973,integrante,2025-12-31
3112505,MG,RM de Belo Horizonte (MG),Região Metropolitana de Belo Horizonte,Belo Horizonte (MG),RM,Lei Complementar 56,12.01.2000,integrante,2025-12-31
3113404,MG,RM de Vale do Aço (MG),Colar Metropolitano,Vale do Aço (MG),RM,Lei Complementar 122,04.01.2012,Colar Metropolitano,2025-12-31
3117876,MG,RM de Belo Horizonte (MG),Região Metropolitana de Belo Horizonte,Belo Horizonte (MG),RM,Lei Complementar 48,12.11.1997,integrante,2025-12-31
3118601,MG,RM de Belo Horizonte (MG),Região Metropolitana de Belo Horizonte,Belo Horizonte (MG),RM,Lei Complementar 014 (Federal),08.06.1973,integrante,2025-12-31
3119401,MG,RM do Vale do Aço (MG),Região Metropolitana do Vale do Aço,Vale do Aço (MG),RM,Lei Complementar 90,12.01.2006,integrante,2025-12-31
3120003,MG,RM de Vale do Aço (MG),Colar Metropolitano,Vale do Aço (MG),RM,Lei Complementar 122,04.01.2012,Colar Metropolitano,2025-12-31
3121803,MG,RM de Vale do Aço (MG),Colar Metropolitano,Vale do Aço (MG),RM,Lei Complementar 122,04.01.2012,Colar Metropolitano,2025-12-31
3122504,MG,RM de Vale do Aço (MG),Colar Metropolitano,Vale do Aço (MG),RM,Lei Complementar 122,04.01.2012,Colar Metropolitano,2025-12-31
3123858,MG,RM de Vale do Aço (MG),Colar Metropolitano,Vale do Aço (MG),RM,Lei Complementar 122,04.01.2012,Colar Metropolitano,2025-12-31
3124104,MG,RM de Belo Horizonte (MG),Região Metropolitana de Belo Horizonte,Belo Horizonte (MG),RM,Constituição Estadual,21.09.1989,integrante,2025-12-31
3126000,MG,RM de Belo Horizonte (MG),Região Metropolitana de Belo Horizonte,Belo Horizonte (MG),RM,Lei Complementar 48,12.11.1997,integrante,2025-12-31
3126406,MG,RM de Belo Horizonte (MG),Colar Metropolitano de Belo Horizonte,Belo Horizonte (MG),RM,Lei Complementar 56,12.01.2000,Colar Metropolitano de Belo Horizonte,2025-12-31
3127206,MG,RM de Belo Horizonte (MG),Colar Metropolitano de Belo Horizonte,Belo Horizonte (MG),RM,Lei Complementar 56,12.01.2000,Colar Metropolitano de Belo Horizonte,2025-12-31
3129301,MG,RM de Vale do Aço (MG),Colar Metropolitano,Vale do Aço (MG),RM,Lei Complementar 122,04.01.2012,Colar Metropolitano,2025-12-31
3129806,MG,RM de Belo Horizonte (MG),Região Metropolitana de Belo Horizonte,Belo Horizonte (MG),RM,Lei Complementar 014 (Federal),08.06.1973,integrante,2025-12-31
3130101,MG,RM de Belo Horizonte (MG),Região Metropolitana de Belo Horizonte,Belo Horizonte (MG),RM,Constituição Estadual,21.09.1989,integrante,2025-12-31
3131000,MG,RM de Belo Horizonte (MG),Colar Metropolitano de Belo Horizonte,Belo Horizonte (MG),RM,Lei Complementar 56,12.01.2000,Colar Metropolitano de Belo Horizonte,2025-12-31
3131158,MG,RM de Vale do Aço (MG),Colar Metropolitano,Vale do Aço (MG),RM,Lei Complementar 122,04.01.2012,Colar Metropolitano,2025-12-31
3131307,MG,RM do Vale do Aço (MG),Região Metropolitana do Vale do Aço,Vale do Aço (MG),RM,Lei Complementar 90,12.01.2006,integrante,2025-12-31
3131901,MG,RM de Belo Horizonte (MG),Colar Metropolitano de Belo Horizonte,Belo Horizonte (MG),RM,Lei Complementar 56,12.01.2000,Colar Metropolitano de Belo Horizonte,2025-12-31
3132206,MG,RM de Belo Horizonte (MG),Região Metropolitana de Belo Horizonte,Belo Horizonte (MG),RM,Lei Complementar 56,12.01.2000,integrante,2025-12-31
3133709,MG,RM de Belo Horizonte (MG),Região Metropolitana de Belo Horizonte,Belo Horizonte (MG),RM,Lei Complementar 63,10.01.2002,integrante,2025-12-31
3133808,MG,RM de Belo Horizonte (MG),Colar Metropolitano de Belo Horizonte,Belo Horizonte (MG),RM,Lei Complementar 56,12.01.2000,Colar Metropolitano de Belo Horizonte,2025-12-31
3134608,MG,RM de Belo Horizonte (MG),Região Metropolitana de Belo Horizonte,Belo Horizonte (MG),RM,Lei Complementar 56,12.01.2000,integrante,2025-12-31
3135001,MG,RM de Vale do Aço (MG),Colar Metropolitano,Vale do Aço (MG),RM,Lei Complementar 122,04.01.2012,Colar Metropolitano,2025-12-31
3136108,MG,RM de Vale do Aço (MG),Colar Metropolitano,Vale do Aço (MG),RM,Lei Complementar 122,04.01.2012,Colar Metropolitano,2025-12-31
3136603,MG,RM de Belo Horizonte (MG),Região Metropolitana de Belo Horizonte,Belo Horizonte (MG),RM,Lei Complementar 56,12.01.2000,integrante,2025-12-31
3136652,MG,RM de Belo Horizonte (MG),Região Metropolitana de Belo Horizonte,Belo Horizonte (MG),RM,Lei complem. 026 - Alterada p/ Lei Comp. 056 13.01.2000,14.01.1993,integrante,2025-12-31
3137601,MG,RM de Belo Horizonte (MG),Região Metropolitana de Belo Horizonte,Belo Horizonte (MG),RM,Lei Complementar 014 (Federal),08.06.1973,integrante,2025-12-31
3140159,MG,RM de Belo Horizonte (MG),Região Metropolitana de Belo Horizonte,Belo Horizonte (MG),RM,Lei Complementar 48,12.11.1997,integrante,2025-12-31
3140308,MG,RM de Vale do Aço (MG),Colar Metropolitano,Vale do Aço (MG),RM,Lei Complementar 122,04.01.2012,Colar Metropolitano,2025-12-31
3140704,MG,RM de Belo Horizonte (MG),Região Metropolitana de Belo Horizonte,Belo Horizonte (MG),RM,Constituição Estadual,21.09.1989,integrante,2025-12-31
3141108,MG,RM de Belo Horizonte (MG),Região Metropolitana de Belo Horizonte,Belo Horizonte (MG),RM,Lei Complementar 56,12.01.2000,integrante,2025-12-31
3141702,MG,RM de Vale do Aço (MG),Colar Metropolitano,Vale do Aço (MG),RM,Lei Complementar 122,04.01.2012,Colar Metropolitano,2025-12-31
3142304,MG,RM de Belo Horizonte (MG),Colar Metropolitano de Belo Horizonte,Belo Horizonte (MG),RM,Lei Complementar 56,12.01.2000,Colar Metropolitano de Belo Horizonte,2025-12-31
3144359,MG,RM de Vale do Aço (MG),Colar Metropolitano,Vale do Aço (MG),RM,Lei Complementar 122,04.01.2012,Colar Metropolitano,2025-12-31
3144805,MG,RM de Belo Horizonte (MG),Região Metropolitana de Belo Horizonte,Belo Horizonte (MG),RM,Lei Complementar 014 (Federal),08.06.1973,integrante,2025-12-31
3147105,MG,RM de Belo Horizonte (MG),Colar Metropolitano de Belo Horizonte,Belo Horizonte (MG),RM,Lei Complementar 56,12.01.2000,Colar Metropolitano de Belo Horizonte,2025-12-31
3149309,MG,RM de Belo Horizonte (MG),Região Metropolitana de Belo Horizonte,Belo Horizonte (MG),RM,Lei Complementar 014 (Federal),08.06.1973,integrante,2025-12-31
3149952,MG,RM de Vale do Aço (MG),Colar Metropolitano,Vale do Aço (MG),RM,Lei Complementar 122,04.01.2012,Colar Metropolitano,2025-12-31
3150539,MG,RM de Vale do Aço (MG),Colar Metropolitano,Vale do Aço (MG),RM,Lei Complementar 122,04.01.2012,Colar Metropolitano,2025-12-31
3153608,MG,RM de Belo Horizonte (MG),Colar Metropolitano de Belo Horizonte,Belo Horizonte (MG),RM,Lei Complementar 56,12.01.2000,Colar Metropolitano de Belo Horizonte,2025-12-31
3153905,MG,RM de Belo Horizonte (MG),Região Metropolitana de Belo Horizonte,Belo Horizonte (MG),RM,Lei Complementar 014 (Federal),08.06.1973,integrante,2025-12-31
3154606,MG,RM de Belo Horizonte (MG),Região Metropolitana de Belo Horizonte,Belo Horizonte (MG),RM,Lei Complementar 014 (Federal),08.06.1973,integrante,2025-12-31
3154804,MG,RM de Belo Horizonte (MG),Região Metropolitana de Belo Horizonte,Belo Horizonte (MG),RM,Lei Complementar 014 (Federal),08.06.1973,integrante,2025-12-31
3155306,MG,RM de Belo Horizonte (MG),Região Metropolitana de Belo Horizonte,Belo Horizonte (MG),RM,Lei Complementar 48,12.11.1997,integrante,2025-12-31
3156700,MG,RM de Belo Horizonte (MG),Região Metropolitana de Belo Horizonte,Belo Horizonte (MG),RM,Lei Complementar 014 (Federal),08.06.1973,integrante,2025-12-31
3157203,MG,RM de Belo Horizonte (MG),Colar Metropolitano de Belo Horizonte,Belo Horizonte (MG),RM,Lei Complementar 56,12.01.2000,Colar Metropolitano de Belo Horizonte,2025-12-31
3157807,MG,RM de Belo Horizonte (MG),Região Metropolitana de Belo Horizonte,Belo Horizonte (MG),RM,Lei Complementar 014 (Federal),08.06.1973,integrante,2025-12-31
3158953,MG,RM do Vale do Aço (MG),Região Metropolitana do Vale do Aço,Vale do Aço (MG),RM,Lei Complementar 90,12.01.2006,integrante,2025-12-31
3161908,MG,RM de Belo Horizonte (MG),Colar Metropolitano de Belo Horizonte,Belo Horizonte (MG),RM,Lei Complementar 124,17.10.2012,Colar Metropolitano de Belo Horizonte,2025-12-31
3162609,MG,RM de Vale do Aço (MG),Colar Metropolitano,Vale do Aço (MG),RM,Lei Complementar 122,04.01.2012,Colar Metropolitano,2025-12-31
3162922,MG,RM de Belo Horizonte (MG),Região Metropolitana de Belo Horizonte,Belo Horizonte (MG),RM,Lei Complementar 48,12.11.1997,integrante,2025-12-31
3162955,MG,RM de Belo Horizonte (MG),Região Metropolitana de Belo Horizonte,Belo Horizonte (MG),RM,Lei complem. 026 - Alterada p/ Lei Comp. 056 13.01.2000,14.01.1993,integrante,2025-12-31
3163102,MG,RM de Belo Horizonte (MG),Colar Metropolitano de Belo Horizonte,Belo Horizonte (MG),RM,Lei Complementar 56,12.01.2000,Colar Metropolitano de Belo Horizonte,2025-12-31
3163409,MG,RM de Vale do Aço (MG),Colar Metropolitano,Vale do Aço (MG),RM,Lei Complementar 122,04.01.2012,Colar Metropolitano,2025-12-31
3165537,MG,RM de Belo Horizonte (MG),Região Metropolitana de Belo Horizonte,Belo Horizonte (MG),RM,Lei Complementar 48,12.11.1997,integrante,2025-12-31
3167202,MG,RM de Belo Horizonte (MG),Colar Metropolitano de Belo Horizonte,Belo Horizonte (MG),RM,Lei Complementar 56,12.01.2000,Colar Metropolitano de Belo Horizonte,2025-12-31
3167707,MG,RM de Vale do Aço (MG),Colar Metropolitano,Vale do Aço (MG),RM,Lei Complementar 122,04.01.2012,Colar Metropolitano,2025-12-31
3168309,MG,RM de Belo Horizonte (MG),Região Metropolitana de Belo Horizonte,Belo Horizonte (MG),RM,Lei Complementar 56,12.01.2000,integrante,2025-12-31
3168705,MG,RM do Vale do Aço (MG),Região Metropolitana do Vale do Aço,Vale do Aço (MG),RM,Lei Complementar 90,12.01.2006,integrante,2025-12-31
3170404,MG,RIDE do Distrito Federal e Entorno,Região Integrada de Desenvolvimento do Distrito Federal e Entorno,DF e Entorno (DF/GO/MG),RIDE,DECRETO Nº 7469 - 04.05.2011 Regulamenta a Lei Complementar 094,04.05.2011,integrante,2025-12-31
3170578,MG,RM de Vale do Aço (MG),Colar Metropolitano,Vale do Aço (MG),RM,Lei Complementar 122,04.01.2012,Colar Metropolitano,2025-12-31
3171204,MG,RM de Belo Horizonte (MG),Região Metropolitana de Belo Horizonte,Belo Horizonte (MG),RM,Lei Complementar 014 (Federal),08.06.1973,integrante,2025-12-31
3201308,ES,RM da Grande Vitória (ES),Região Metropolitana da Grande Vitória,Grande Vitória (ES),RM,Lei Complementar 318,18.01.2005,integrante,2025-12-31
3202207,ES,RM da Grande Vitória (ES),Região Metropolitana da Grande Vitória,Grande Vitória (ES),RM,Lei Complementar 318,18.01.2005,integrante,2025-12-31
3202405,ES,RM da Grande Vitória (ES),Região Metropolitana da Grande Vitória,Grande Vitória (ES),RM,Lei Complementar 318,18.01.2005,integrante,2025-12-31
3205002,ES,RM da Grande Vitória (ES),Região Metropolitana da Grande Vitória,Grande Vitória (ES),RM,Lei Complementar 318,18.01.2005,integrante,2025-12-31
3205101,ES,RM da Grande Vitória (ES),Região Metropolitana da Grande Vitória,Grande Vitória (ES),RM,Lei Complementar 318,18.01.2005,integrante,2025-12-31
3205200,ES,RM da Grande Vitória (ES),Região Metropolitana da Grande Vitória,Grande Vitória (ES),RM,Lei Complementar 318,18.01.2005,integrante,2025-12-31
3205309,ES,RM da Grande Vitória (ES),Região Metropolitana da Grande Vitória,Grande Vitória (ES),RM,Lei Complementar 318,18.01.2005,integrante,2025-12-31
3300456,RJ,RM do Rio de Janeiro (RJ),Região Metropolitana do Rio de Janeiro,Rio de Janeiro (RJ),RM,Lei Complementar 64,21.09.1990,integrante,2025-12-31
3300803,RJ,RM do Rio de Janeiro (RJ),Região Metropolitana do Rio de Janeiro,Rio de Janeiro (RJ),RM,Lei Complementar 158,26.12.2013,integrante,2025-12-31
3301702,RJ,RM do Rio de Janeiro (RJ),Região Metropolitana do Rio de Janeiro,Rio de Janeiro (RJ),RM,Lei Complementar 020 (Federal),01.07.1974,integrante,2025-12-31
3301850,RJ,RM do Rio de Janeiro (RJ),Região Metropolitana do Rio de Janeiro,Rio de Janeiro (RJ),RM,Lei Estadual nº 1.772,21.12.1990,integrante,2025-12-31
3301900,RJ,RM do Rio de Janeiro (RJ),Região Metropolitana do Rio de Janeiro,Rio de Janeiro (RJ),RM,Lei Complementar 020 (Federal),01.07.1974,integrante,2025-12-31
3302007,RJ,RM do Rio de Janeiro (RJ),Região Metropolitana do Rio de Janeiro,Rio de Janeiro (RJ),RM,Lei Complementar 133,15.12.2009,integrante,2025-12-31
3302270,RJ,RM do Rio de Janeiro (RJ),Região Metropolitana do Rio de Janeiro,Rio de Janeiro (RJ),RM,Lei Estadual nº 1.902,02.12.1991,integrante,2025-12-31
3302502,RJ,RM do Rio de Janeiro (RJ),Região Metropolitana do Rio de Janeiro,Rio de Janeiro (RJ),RM,Lei Complementar 020 (Federal),01.07.1974,integrante,2025-12-31
3302700,RJ,RM do Rio de Janeiro (RJ),Região Metropolitana do Rio de Janeiro,Rio de Janeiro (RJ),RM,Lei Complementar 133,15.12.2009,integrante,2025-12-31
3302858,RJ,RM do Rio de Janeiro (RJ),Região Metropolitana do Rio de Janeiro,Rio de Janeiro (RJ),RM,Lei Complementar 133,15.12.2009,integrante,2025-12-31
3303203,RJ,RM do Rio de Janeiro (RJ),Região Metropolitana do Rio de Janeiro,Rio de Janeiro (RJ),RM,Lei Complementar 020 (Federal),01.07.1974,integrante,2025-12-31
3303302,RJ,RM do Rio de Janeiro (RJ),Região Metropolitana do Rio de Janeiro,Rio de Janeiro (RJ),RM,Lei Complementar 020 (Federal),01.07.1974,integrante,2025-12-31
3303500,RJ,RM do Rio de Janeiro (RJ),Região Metropolitana do Rio de Janeiro,Rio de Janeiro (RJ),RM,Lei Complementar 020 (Federal),01.07.1974,integrante,2025-12-31
3303609,RJ,RM do Rio de Janeiro (RJ),Região Metropolitana do Rio de Janeiro,Rio de Janeiro (RJ),RM,Lei Complementar 020 (Federal),01.07.1974,integrante,2025-12-31
3303906,RJ,RM do Rio de Janeiro (RJ),Região Metropolitana do Rio de Janeiro,Rio de Janeiro (RJ),RM,Lei Complementar 184/2018,28.12.2018,integrante,2025-12-31
3304144,RJ,RM do Rio de Janeiro (RJ),Região Metropolitana do Rio de Janeiro,Rio de Janeiro (RJ),RM,Lei Estadual nº 1.773,21.12.1990,integrante,2025-12-31
3304300,RJ,RM do Rio de Janeiro (RJ),Região Metropolitana do Rio de Janeiro,Rio de Janeiro (RJ),RM,Lei Complementar 158,26.12.2013,integrante,2025-12-31
3304557,RJ,RM do Rio de Janeiro (RJ),Região Metropolitana do Rio de Janeiro,Rio de Janeiro (RJ),RM,Lei Complementar 020 (Federal),01.07.1974,integrante,2025-12-31
3304904,RJ,RM do Rio de Janeiro (RJ),Região Metropolitana do Rio de Janeiro,Rio de Janeiro (RJ),RM,Lei Complementar 020 (Federal),01.07.1974,integrante,2025-12-31
3305109,RJ,RM do Rio de Janeiro (RJ),Região Metropolitana do Rio de Janeiro,Rio de Janeiro (RJ),RM,Lei Complementar 020 (Federal),01.07.1974,integrante,2025-12-31
3305554,RJ,RM do Rio de Janeiro (RJ),Região Metropolitana do Rio de Janeiro,Rio de Janeiro (RJ),RM,Lei Estadual nº 2.446,12.10.1995,integrante,2025-12-31
3305752,RJ,RM do Rio de Janeiro (RJ),Região Metropolitana do Rio de Janeiro,Rio de Janeiro (RJ),RM,Lei Estadual nº 2.496,28.12.1995,integrante,2025-12-31
3500204,SP,RM de São José do Rio Preto (SP),Região Metropolitana de São José do Rio Preto,São José do Rio Preto (SP),RM,Lei Complementar Estadual 1359,24.08.2021,integrante,2025-12-31
3500600,SP,RM de Piracicaba (SP),Região Metropolitana de Piracicaba,Piracicaba (SP),RM,Lei Complementar Estadual 1360,24.08.2021,integrante,2025-12-31
3500758,SP,RM de Sorocaba (SP),Região Metropolitana de Sorocaba,Sorocaba (SP),RM,Lei Complementar 1.241,20.06.2014,Sub-região 1,2025-12-31
3501004,SP,RM de Ribeirão Preto (SP),Região Metropolitana de Ribeirão Preto,Ribeirão Preto (SP),RM,Lei Complementar 1.290,06.07.2016,Sub-região 4,2025-12-31
3501152,SP,RM de Sorocaba (SP),Região Metropolitana de Sorocaba,Sorocaba (SP),RM,Lei Complementar 1.241,20.06.2014,Sub-região 2,2025-12-31
3501608,SP,RM de Campinas (SP),Região Metropolitana de Campinas,Campinas (SP),RM,Lei Complementar 870,19.06.2000,integrante,2025-12-31
3502002,SP,RM de Piracicaba (SP),Região Metropolitana de Piracicaba,Piracicaba (SP),RM,Lei Complementar Estadual 1360,24.08.2021,integrante,2025-12-31
3502507,SP,RM do Vale do Paraíba e Litoral Norte (SP),Região Metropolitana do Vale do Paraíba e Litoral Norte,Vale do Paraíba e Litoral Norte (SP),RM,Lei Complementar 1.166,09.01.2012,Sub-região 3,2025-12-31
3502754,SP,RM de Sorocaba (SP),Região Metropolitana de Sorocaba,Sorocaba (SP),RM,Lei Complementar 1.241,20.06.2014,Sub-região 2,2025-12-31
3502903,SP,RM de Sorocaba (SP),Região Metropolitana de Sorocaba,Sorocaba (SP),RM,Lei Complementar 1.241,20.06.2014,Sub-região 3,2025-12-31
3503000,SP,AU de Franca (SP),Aglomeração Urbana de Franca,Franca (SP),AU,Lei Complementar 1.323,22.05.2018,integrante,2025-12-31
3503158,SP,RM do Vale do Paraíba e Litoral Norte (SP),Região Metropolitana do Vale do Paraíba e Litoral Norte,Vale do Paraíba e Litoral Norte (SP),RM,Lei Complementar 1.166,09.01.2012,Sub-região 4,2025-12-31
3503307,SP,RM de Piracicaba (SP),Região Metropolitana de Piracicaba,Piracicaba (SP),RM,Lei Complementar Estadual 1360,24.08.2021,integrante,2025-12-31
3503505,SP,RM do Vale do Paraíba e Litoral Norte (SP),Região Metropolitana do Vale do Paraíba e Litoral Norte,Vale do Paraíba e Litoral Norte (SP),RM,Lei Complementar 1.166,09.01.2012,Sub-região 4,2025-12-31
3503802,SP,RM de Campinas (SP),Região Metropolitana de Campinas,Campinas (SP),RM,Lei Complementar 870,19.06.2000,integrante,2025-12-31
3503901,SP,RM de São Paulo (SP),Região Metropolitana de São Paulo,São Paulo (SP),RM,Lei Complementar 1.139,16.06.2011,Sub-região Leste,2025-12-31
3504602,SP,RM de São José do Rio Preto (SP),Região Metropolitana de São José do Rio Preto,São José do Rio Preto (SP),RM,Lei Complementar Estadual 1359,24.08.2021,integrante,2025-12-31
3504800,SP,RM de São José do Rio Preto (SP),Região Metropolitana de São José do Rio Preto,São José do Rio Preto (SP),RM,Lei Complementar Estadual 1359,24.08.2021,integrante,2025-12-31
3504909,SP,RM do Vale do Paraíba e Litoral Norte (SP),Região Metropolitana do Vale do Paraíba e Litoral Norte,Vale do Paraíba e Litoral Norte (SP),RM,Lei Complementar 1.166,09.01.2012,Sub-região 4,2025-12-31
3505609,SP,RM de Ribeirão Preto (SP),Região Metropolitana de Ribeirão Preto,Ribeirão Preto (SP),RM,Lei Complementar 1.290,06.07.2016,Sub-região 1,2025-12-31
3505708,SP,RM de São Paulo (SP),Região Metropolitana de São Paulo,São Paulo (SP),RM,Lei Complementar 1.139,16.06.2011,Sub-região Oeste,2025-12-31
3505906,SP,RM de Ribeirão Preto (SP),Região Metropolitana de Ribeirão Preto,Ribeirão Preto (SP),RM,Lei Complementar 1.290,06.07.2016,Sub-região 4,2025-12-31
3506359,SP,RM da Baixada Santista (SP),Região Metropolitana da Baixada Santista,Baixada Santista (SP),RM,Lei Complementar 815,30.07.1996,integrante,2025-12-31
3506607,SP,RM de São Paulo (SP),Região Metropolitana de São Paulo,São Paulo (SP),RM,Lei Complementar 1.139,16.06.2011,Sub-região Leste,2025-12-31
3507001,SP,RM de Sorocaba (SP),Região Metropolitana de Sorocaba,Sorocaba (SP),RM,Lei Complementar 1.241,20.06.2014,Sub-região 1,2025-12-31
3507803,SP,RM de Ribeirão Preto (SP),Região Metropolitana de Ribeirão Preto,Ribeirão Preto (SP),RM,Lei Complementar 1.290,06.07.2016,Sub-região 1,2025-12-31
3508207,SP,AU de Franca (SP),Aglomeração Urbana de Franca,Franca (SP),AU,Lei Complementar 1.323,22.05.2018,integrante,2025-12-31
3508405,SP,RM de Jundiaí (SP),Região Metropolitana de Jundiaí,Jundiaí (SP),RM,Lei Complementar Estadual 1362,30.11.2021,integrante,2025-12-31
3508504,SP,RM do Vale do Paraíba e Litoral Norte (SP),Região Metropolitana do Vale do Paraíba e Litoral Norte,Vale do Paraíba e Litoral Norte (SP),RM,Lei Complementar 1.166,09.01.2012,Sub-região 1,2025-12-31
3508603,SP,RM do Vale do Paraíba e Litoral Norte (SP),Região Metropolitana do Vale do Paraíba e Litoral Norte,Vale do Paraíba e Litoral Norte (SP),RM,Lei Complementar 1.166,09.01.2012,Sub-região 3,2025-12-31
3509007,SP,RM de São Paulo (SP),Região Metropolitana de São Paulo,São Paulo (SP),RM,Lei Complementar 1.139,16.06.2011,Sub-região Norte,2025-12-31
3509205,SP,RM de São Paulo (SP),Região Metropolitana de São Paulo,São Paulo (SP),RM,Lei Complementar 1.139,16.06.2011,Sub-região Norte,2025-12-31
3509403,SP,RM de Ribeirão Preto (SP),Região Metropolitana de Ribeirão Preto,Ribeirão Preto (SP),RM,Lei Complementar 1.290,06.07.2016,Sub-região 3,2025-12-31
3509502,SP,RM de Campinas (SP),Região Metropolitana de Campinas,Campinas (SP),RM,Lei Complementar 870,19.06.2000,integrante,2025-12-31
3509601,SP,RM de Jundiaí (SP),Região Metropolitana de Jundiaí,Jundiaí (SP),RM,Lei Complementar Estadual 1362,30.11.2021,integrante,2025-12-31
3509700,SP,RM do Vale do Paraíba e Litoral Norte (SP),Região Metropolitana do Vale do Paraíba e Litoral Norte,Vale do Paraíba e Litoral Norte (SP),RM,Lei Complementar 1.166,09.01.2012,Sub-região 2,2025-12-31
3509957,SP,RM do Vale do Paraíba e Litoral Norte (SP),Região Metropolitana do Vale do Paraíba e Litoral Norte,Vale do Paraíba e Litoral Norte (SP),RM,Lei Complementar 1.166,09.01.2012,Sub-região 3,2025-12-31
3510302,SP,RM de Sorocaba (SP),Região Metropolitana de Sorocaba,Sorocaba (SP),RM,Lei Complementar 1.241,20.06.2014,Sub-região 1,2025-12-31
3510401,SP,RM de Piracicaba (SP),Região Metropolitana de Piracicaba,Piracicaba (SP),RM,Lei Complementar Estadual 1360,24.08.2021,integrante,2025-12-31
3510500,SP,RM do Vale do Paraíba e Litoral Norte (SP),Região Metropolitana do Vale do Paraíba e Litoral Norte,Vale do Paraíba e Litoral Norte (SP),RM,Lei Complementar 1.166,09.01.2012,Sub-região 5,2025-12-31
3510609,SP,RM de São Paulo (SP),Região Metropolitana de São Paulo,São Paulo (SP),RM,Lei Complementar 1.139,16.06.2011,Sub-região Oeste,2025-12-31
3510906,SP,RM de Ribeirão Preto (SP),Região Metropolitana de Ribeirão Preto,Ribeirão Preto (SP),RM,Lei Complementar 1.290,06.07.2016,Sub-região 3,2025-12-31
3511300,SP,RM de São José do Rio Preto (SP),Região Metropolitana de São José do Rio Preto,São José do Rio Preto (SP),RM,Lei Complementar Estadual 1359,24.08.2021,integrante,2025-12-31
3511508,SP,RM de Sorocaba (SP),Região Metropolitana de Sorocaba,Sorocaba (SP),RM,Lei Complementar 1.241,20.06.2014,Sub-região 1,2025-12-31
3511607,SP,RM de Sorocaba (SP),Região Metropolitana de Sorocaba,Sorocaba (SP),RM,Lei Complementar 1.241,20.06.2014,Sub-região 1,2025-12-31
3511706,SP,RM de Piracicaba (SP),Região Metropolitana de Piracicaba,Piracicaba (SP),RM,Lei Complementar Estadual 1360,24.08.2021,integrante,2025-12-31
3512209,SP,RM de Piracicaba (SP),Região Metropolitana de Piracicaba,Piracicaba (SP),RM,Lei Complementar Estadual 1360,24.08.2021,integrante,2025-12-31
3512407,SP,RM de Piracicaba (SP),Região Metropolitana de Piracicaba,Piracicaba (SP),RM,Lei Complementar Estadual 1360,24.08.2021,integrante,2025-12-31
3512704,SP,RM de Piracicaba (SP),Região Metropolitana de Piracicaba,Piracicaba (SP),RM,Lei Complementar Estadual 1360,24.08.2021,integrante,2025-12-31
3512803,SP,RM de Campinas (SP),Região Metropolitana de Campinas,Campinas (SP),RM,Lei Complementar 870,19.06.2000,integrante,2025-12-31
3513009,SP,RM de São Paulo (SP),Região Metropolitana de São Paulo,São Paulo (SP),RM,Lei Complementar 1.139,16.06.2011,Sub-região Sudoeste,2025-12-31
3513108,SP,RM de Ribeirão Preto (SP),Região Metropolitana de Ribeirão Preto,Ribeirão Preto (SP),RM,Lei Complementar 1.290,06.07.2016,Sub-região 1,2025-12-31
3513207,SP,AU de Franca (SP),Aglomeração Urbana de Franca,Franca (SP),AU,Lei Complementar 1.323,22.05.2018,integrante,2025-12-31
3513405,SP,RM do Vale do Paraíba e Litoral Norte (SP),Região Metropolitana do Vale do Paraíba e Litoral Norte,Vale do Paraíba e Litoral Norte (SP),RM,Lei Complementar 1.166,09.01.2012,Sub-região 4,2025-12-31
3513504,SP,RM da Baixada Santista (SP),Região Metropolitana da Baixada Santista,Baixada Santista (SP),RM,Lei Complementar 815,30.07.1996,integrante,2025-12-31
3513603,SP,RM do Vale do Paraíba e Litoral Norte (SP),Região Metropolitana do Vale do Paraíba e Litoral Norte,Vale do Paraíba e Litoral Norte (SP),RM,Lei Complementar 1.166,09.01.2012,Sub-região 3,2025-12-31
3513801,SP,RM de São Paulo (SP),Região Metropolitana de São Paulo,São Paulo (SP),RM,Lei Complementar 1.139,16.06.2011,Sub-região Sudeste,2025-12-31
3514601,SP,RM de Ribeirão Preto (SP),Região Metropolitana de Ribeirão Preto,Ribeirão Preto (SP),RM,Lei Complementar 1.290,06.07.2016,Sub-região 1,2025-12-31
3514908,SP,RM de Piracicaba (SP),Região Metropolitana de Piracicaba,Piracicaba (SP),RM,Lei Complementar Estadual 1360,24.08.2021,integrante,2025-12-31
3515004,SP,RM de São Paulo (SP),Região Metropolitana de São Paulo,São Paulo (SP),RM,Lei Complementar 1.139,16.06.2011,Sub-região Sudoeste,2025-12-31
3515103,SP,RM de São Paulo (SP),Região Metropolitana de São Paulo,São Paulo (SP),RM,Lei Complementar 1.139,16.06.2011,Sub-região Sudoeste,2025-12-31
3515152,SP,RM de Campinas (SP),Região Metropolitana de Campinas,Campinas (SP),RM,Lei Complementar 870,19.06.2000,integrante,2025-12-31
3515707,SP,RM de São Paulo (SP),Região Metropolitana de São Paulo,São Paulo (SP),RM,Lei Complementar 1.139,16.06.2011,Sub-região Leste,2025-12-31
3516200,SP,AU de Franca (SP),Aglomeração Urbana de Franca,Franca (SP),AU,Lei Complementar 1.323,22.05.2018,integrante,2025-12-31
3516309,SP,RM de São Paulo (SP),Região Metropolitana de São Paulo,São Paulo (SP),RM,Lei Complementar 1.139,16.06.2011,Sub-região Norte,2025-12-31
3516408,SP,RM de São Paulo (SP),Região Metropolitana de São Paulo,São Paulo (SP),RM,Lei Complementar 1.139,16.06.2011,Sub-região Norte,2025-12-31
3517406,SP,AU de Franca (SP),Aglomeração Urbana de Franca,Franca (SP),AU,Lei Complementar 1.323,22.05.2018,integrante,2025-12-31
3517505,SP,RM de São José do Rio Preto (SP),Região Metropolitana de São José do Rio Preto,São José do Rio Preto (SP),RM,Lei Complementar Estadual 1359,24.08.2021,integrante,2025-12-31
3517703,SP,AU de Franca (SP),Aglomeração Urbana de Franca,Franca (SP),AU,Lei Complementar 1.323,22.05.2018,integrante,2025-12-31
3518305,SP,RM de São Paulo (SP),Região Metropolitana de São Paulo,São Paulo (SP),RM,Lei Complementar 1.139,16.06.2011,Sub-região Leste,2025-12-31
3518404,SP,RM do Vale do Paraíba e Litoral Norte (SP),Região Metropolitana do Vale do Paraíba e Litoral Norte,Vale do Paraíba e Litoral Norte (SP),RM,Lei Complementar 1.166,09.01.2012,Sub-região 3,2025-12-31
3518602,SP,RM de Ribeirão Preto (SP),Região Metropolitana de Ribeirão Preto,Ribeirão Preto (SP),RM,Lei Complementar 1.290,06.07.2016,Sub-região 2,2025-12-31
3518701,SP,RM da Baixada Santista (SP),Região Metropolitana da Baixada Santista,Baixada Santista (SP),RM,Lei Complementar 815,30.07.1996,integrante,2025-12-31
3518800,SP,RM de São Paulo (SP),Região Metropolitana de São Paulo,São Paulo (SP),RM,Lei Complementar 1.139,16.06.2011,Sub-região Leste,2025-12-31
3518859,SP,RM de Ribeirão Preto (SP),Região Metropolitana de Ribeirão Preto,Ribeirão Preto (SP),RM,Lei Complementar 1.290,06.07.2016,Sub-região 1,2025-12-31
3519055,SP,RM de Campinas (SP),Região Metropolitana de Campinas,Campinas (SP),RM,Lei Complementar 870,19.06.2000,integrante,2025-12-31
3519071,SP,RM de Campinas (SP),Região Metropolitana de Campinas,Campinas (SP),RM,Lei Complementar 870,19.06.2000,integrante,2025-12-31
3519402,SP,RM de São José do Rio Preto (SP),Região Metropolitana de São José do Rio Preto,São José do Rio Preto (SP),RM,Lei Complementar Estadual 1359,24.08.2021,integrante,2025-12-31
3519709,SP,RM de Sorocaba (SP),Região Metropolitana de Sorocaba,Sorocaba (SP),RM,Lei Complementar 1.241,20.06.2014,Sub-região 2,2025-12-31
3519808,SP,RM de São José do Rio Preto (SP),Região Metropolitana de São José do Rio Preto,São José do Rio Preto (SP),RM,Lei Complementar Estadual 1359,24.08.2021,integrante,2025-12-31
3520103,SP,AU de Franca (SP),Aglomeração Urbana de Franca,Franca (SP),AU,Lei Complementar 1.323,22.05.2018,integrante,2025-12-31
3520202,SP,RM do Vale do Paraíba e Litoral Norte (SP),Região Metropolitana do Vale do Paraíba e Litoral Norte,Vale do Paraíba e Litoral Norte (SP),RM,Lei Complementar 1.166,09.01.2012,Sub-região 1,2025-12-31
3520400,SP,RM do Vale do Paraíba e Litoral Norte (SP),Região Metropolitana do Vale do Paraíba e Litoral Norte,Vale do Paraíba e Litoral Norte (SP),RM,Lei Complementar 1.166,09.01.2012,Sub-região 5,2025-12-31
3520509,SP,RM de Campinas (SP),Região Metropolitana de Campinas,Campinas (SP),RM,Lei Complementar 870,19.06.2000,integrante,2025-12-31
3521002,SP,RM de Sorocaba (SP),Região Metropolitana de Sorocaba,Sorocaba (SP),RM,Lei Complementar 1.241,20.06.2014,Sub-região 3,2025-12-31
3521101,SP,RM de Piracicaba (SP),Região Metropolitana de Piracicaba,Piracicaba (SP),RM,Lei Complementar Estadual 1360,24.08.2021,integrante,2025-12-31
3521150,SP,RM de São José do Rio Preto (SP),Região Metropolitana de São José do Rio Preto,São José do Rio Preto (SP),RM,Lei Complementar Estadual 1359,24.08.2021,integrante,2025-12-31
3521309,SP,AU de Franca (SP),Aglomeração Urbana de Franca,Franca (SP),AU,Lei Complementar 1.323,22.05.2018,integrante,2025-12-31
3521408,SP,RM de Piracicaba (SP),Região Metropolitana de Piracicaba,Piracicaba (SP),RM,Lei Complementar Estadual 1360,24.08.2021,integrante,2025-12-31
3521507,SP,RM de São José do Rio Preto (SP),Região Metropolitana de São José do Rio Preto,São José do Rio Preto (SP),RM,Lei Complementar Estadual 1359,24.08.2021,integrante,2025-12-31
3522109,SP,RM da Baixada Santista (SP),Região Metropolitana da Baixada Santista,Baixada Santista (SP),RM,Lei Complementar 815,30.07.1996,integrante,2025-12-31
3522208,SP,RM de São Paulo (SP),Região Metropolitana de São Paulo,São Paulo (SP),RM,Lei Complementar 1.139,16.06.2011,Sub-região Sudoeste,2025-12-31
3522307,SP,RM de Sorocaba (SP),Região Metropolitana de Sorocaba,Sorocaba (SP),RM,Lei Complementar 1.289,29.06.2016,Sub-região 1,2025-12-31
3522505,SP,RM de São Paulo (SP),Região Metropolitana de São Paulo,São Paulo (SP),RM,Lei Complementar 1.139,16.06.2011,Sub-região Oeste,2025-12-31
3523107,SP,RM de São Paulo (SP),Região Metropolitana de São Paulo,São Paulo (SP),RM,Lei Complementar 1.139,16.06.2011,Sub-região Leste,2025-12-31
3523404,SP,RM de Campinas (SP),Região Metropolitana de Campinas,Campinas (SP),RM,Lei Complementar 870,19.06.2000,integrante,2025-12-31
3523701,SP,AU de Franca (SP),Aglomeração Urbana de Franca,Franca (SP),AU,Lei Complementar 1.323,22.05.2018,integrante,2025-12-31
3523909,SP,RM de Sorocaba (SP),Região Metropolitana de Sorocaba,Sorocaba (SP),RM,Lei Complementar 1.241,20.06.2014,Sub-região 2,2025-12-31
3524006,SP,RM de Jundiaí (SP),Região Metropolitana de Jundiaí,Jundiaí (SP),RM,Lei Complementar Estadual 1362,30.11.2021,integrante,2025-12-31
3524105,SP,AU de Franca (SP),Aglomeração Urbana de Franca,Franca (SP),AU,Lei Complementar 1.323,22.05.2018,integrante,2025-12-31
3524303,SP,RM de Ribeirão Preto (SP),Região Metropolitana de Ribeirão Preto,Ribeirão Preto (SP),RM,Lei Complementar 1.290,06.07.2016,Sub-região 2,2025-12-31
3524402,SP,RM do Vale do Paraíba e Litoral Norte (SP),Região Metropolitana do Vale do Paraíba e Litoral Norte,Vale do Paraíba e Litoral Norte (SP),RM,Lei Complementar 1.166,09.01.2012,Sub-região 1,2025-12-31
3524501,SP,RM de São José do Rio Preto (SP),Região Metropolitana de São José do Rio Preto,São José do Rio Preto (SP),RM,Lei Complementar Estadual 1359,24.08.2021,integrante,2025-12-31
3524709,SP,RM de Campinas (SP),Região Metropolitana de Campinas,Campinas (SP),RM,Lei Complementar 870,19.06.2000,integrante,2025-12-31
3524907,SP,RM do Vale do Paraíba e Litoral Norte (SP),Região Metropolitana do Vale do Paraíba e Litoral Norte,Vale do Paraíba e Litoral Norte (SP),RM,Lei Complementar 1.166,09.01.2012,Sub-região 1,2025-12-31
3525003,SP,RM de São Paulo (SP),Região Metropolitana de São Paulo,São Paulo (SP),RM,Lei Complementar 1.139,16.06.2011,Sub-região Oeste,2025-12-31
3525102,SP,RM de Ribeirão Preto (SP),Região Metropolitana de Ribeirão Preto,Ribeirão Preto (SP),RM,Lei Complementar 1.290,06.07.2016,Sub-região 1,2025-12-31
3525201,SP,RM de Jundiaí (SP),Região Metropolitana de Jundiaí,Jundiaí (SP),RM,Lei Complementar Estadual 1362,30.11.2021,integrante,2025-12-31
3525409,SP,AU de Franca (SP),Aglomeração Urbana de Franca,Franca (SP),AU,Lei Complementar 1.323,22.05.2018,integrante,2025-12-31
3525706,SP,RM de São José do Rio Preto (SP),Região Metropolitana de São José do Rio Preto,São José do Rio Preto (SP),RM,Lei Complementar Estadual 1359,24.08.2021,integrante,2025-12-31
3525854,SP,RM de Sorocaba (SP),Região Metropolitana de Sorocaba,Sorocaba (SP),RM,Lei Complementar 1.241,20.06.2014,Sub-região 1,2025-12-31
3525904,SP,RM de Jundiaí (SP),Região Metropolitana de Jundiaí,Jundiaí (SP),RM,Lei Complementar Estadual 1362,30.11.2021,integrante,2025-12-31
3526209,SP,RM de São Paulo (SP),Região Metropolitana de São Paulo,São Paulo (SP),RM,Lei Complementar 1.139,16.06.2011,Sub-região Sudoeste,2025-12-31
3526308,SP,RM do Vale do Paraíba e Litoral Norte (SP),Região Metropolitana do Vale do Paraíba e Litoral Norte,Vale do Paraíba e Litoral Norte (SP),RM,Lei Complementar 1.166,09.01.2012,Sub-região 2,2025-12-31
3526605,SP,RM do Vale do Paraíba e Litoral Norte (SP),Região Metropolitana do Vale do Paraíba e Litoral Norte,Vale do Paraíba e Litoral Norte (SP),RM,Lei Complementar 1.166,09.01.2012,Sub-região 4,2025-12-31
3526704,SP,RM de Piracicaba (SP),Região Metropolitana de Piracicaba,Piracicaba (SP),RM,Lei Complementar Estadual 1360,24.08.2021,integrante,2025-12-31
3526902,SP,RM de Piracicaba (SP),Região Metropolitana de Piracicaba,Piracicaba (SP),RM,Lei Complementar Estadual 1360,24.08.2021,integrante,2025-12-31
3527207,SP,RM do Vale do Paraíba e Litoral Norte (SP),Região Metropolitana do Vale do Paraíba e Litoral Norte,Vale do Paraíba e Litoral Norte (SP),RM,Lei Complementar 1.166,09.01.2012,Sub-região 3,2025-12-31
3527306,SP,RM de Jundiaí (SP),Região Metropolitana de Jundiaí,Jundiaí (SP),RM,Lei Complementar Estadual 1362,30.11.2021,integrante,2025-12-31
3527603,SP,RM de Ribeirão Preto (SP),Região Metropolitana de Ribeirão Preto,Ribeirão Preto (SP),RM,Lei Complementar 1.290,06.07.2016,Sub-região 1,2025-12-31
3528106,SP,RM de São José do Rio Preto (SP),Região Metropolitana de São José do Rio Preto,São José do Rio Preto (SP),RM,Lei Complementar Estadual 1359,24.08.2021,integrante,2025-12-31
3528403,SP,RM de Sorocaba (SP),Região Metropolitana de Sorocaba,Sorocaba (SP),RM,Lei Complementar 1.241,20.06.2014,Sub-região 2,2025-12-31
3528502,SP,RM de São Paulo (SP),Região Metropolitana de São Paulo,São Paulo (SP),RM,Lei Complementar 1.139,16.06.2011,Sub-região Norte,2025-12-31
3529401,SP,RM de São Paulo (SP),Região Metropolitana de São Paulo,São Paulo (SP),RM,Lei Complementar 1.139,16.06.2011,Sub-região Sudeste,2025-12-31
3529500,SP,RM de São José do Rio Preto (SP),Região Metropolitana de São José do Rio Preto,São José do Rio Preto (SP),RM,Lei Complementar Estadual 1359,24.08.2021,integrante,2025-12-31
3529708,SP,AU de Franca (SP),Aglomeração Urbana de Franca,Franca (SP),AU,Lei Complementar 1.323,22.05.2018,integrante,2025-12-31
3530300,SP,RM de São José do Rio Preto (SP),Região Metropolitana de São José do Rio Preto,São José do Rio Preto (SP),RM,Lei Complementar Estadual 1359,24.08.2021,integrante,2025-12-31
3530409,SP,RM de São José do Rio Preto (SP),Região Metropolitana de São José do Rio Preto,São José do Rio Preto (SP),RM,Lei Complementar Estadual 1359,24.08.2021,integrante,2025-12-31
3530508,SP,RM de Ribeirão Preto (SP),Região Metropolitana de Ribeirão Preto,Ribeirão Preto (SP),RM,Lei Complementar 1.290,06.07.2016,Sub-região 3,2025-12-31
3530607,SP,RM de São Paulo (SP),Região Metropolitana de São Paulo,São Paulo (SP),RM,Lei Complementar 1.139,16.06.2011,Sub-região Leste,2025-12-31
3530904,SP,RM de Piracicaba (SP),Região Metropolitana de Piracicaba,Piracicaba (SP),RM,Lei Complementar Estadual 1360,24.08.2021,integrante,2025-12-31
3531100,SP,RM da Baixada Santista (SP),Região Metropolitana da Baixada Santista,Baixada Santista (SP),RM,Lei Complementar 815,30.07.1996,integrante,2025-12-31
3531308,SP,RM de Ribeirão Preto (SP),Região Metropolitana de Ribeirão Preto,Ribeirão Preto (SP),RM,Lei Complementar 1.290,06.07.2016,Sub-região 2,2025-12-31
3531407,SP,RM de São José do Rio Preto (SP),Região Metropolitana de São José do Rio Preto,São José do Rio Preto (SP),RM,Lei Complementar Estadual 1359,24.08.2021,integrante,2025-12-31
3531704,SP,RM do Vale do Paraíba e Litoral Norte (SP),Região Metropolitana do Vale do Paraíba e Litoral Norte,Vale do Paraíba e Litoral Norte (SP),RM,Lei Complementar 1.166,09.01.2012,Sub-região 1,2025-12-31
3531803,SP,RM de Campinas (SP),Região Metropolitana de Campinas,Campinas (SP),RM,Lei Complementar 870,19.06.2000,integrante,2025-12-31
3531902,SP,RM de Ribeirão Preto (SP),Região Metropolitana de Ribeirão Preto,Ribeirão Preto (SP),RM,Lei Complementar 1.290,06.07.2016,Sub-região 4,2025-12-31
3532009,SP,RM de Campinas (SP),Região Metropolitana de Campinas,Campinas (SP),RM,Lei Complementar 1.234,14.03.2014,integrante,2025-12-31
3532306,SP,RM do Vale do Paraíba e Litoral Norte (SP),Região Metropolitana do Vale do Paraíba e Litoral Norte,Vale do Paraíba e Litoral Norte (SP),RM,Lei Complementar 1.166,09.01.2012,Sub-região 2,2025-12-31
3532504,SP,RM de São José do Rio Preto (SP),Região Metropolitana de São José do Rio Preto,São José do Rio Preto (SP),RM,Lei Complementar Estadual 1359,24.08.2021,integrante,2025-12-31
3532702,SP,RM de São José do Rio Preto (SP),Região Metropolitana de São José do Rio Preto,São José do Rio Preto (SP),RM,Lei Complementar Estadual 1359,24.08.2021,integrante,2025-12-31
3532801,SP,RM de São José do Rio Preto (SP),Região Metropolitana de São José do Rio Preto,São José do Rio Preto (SP),RM,Lei Complementar Estadual 1359,24.08.2021,integrante,2025-12-31
3533007,SP,RM de São José do Rio Preto (SP),Região Metropolitana de São José do Rio Preto,São José do Rio Preto (SP),RM,Lei Complementar Estadual 1359,24.08.2021,integrante,2025-12-31
3533403,SP,RM de Campinas (SP),Região Metropolitana de Campinas,Campinas (SP),RM,Lei Complementar 870,19.06.2000,integrante,2025-12-31
3533601,SP,RM de Ribeirão Preto (SP),Região Metropolitana de Ribeirão Preto,Ribeirão Preto (SP),RM,Lei Complementar 1.290,06.07.2016,Sub-região 4,2025-12-31
3533908,SP,RM de São José do Rio Preto (SP),Região Metropolitana de São José do Rio Preto,São José do Rio Preto (SP),RM,Lei Complementar Estadual 1359,24.08.2021,integrante,2025-12-31
3534005,SP,RM de São José do Rio Preto (SP),Região Metropolitana de São José do Rio Preto,São José do Rio Preto (SP),RM,Lei Complementar Estadual 1359,24.08.2021,integrante,2025-12-31
3534203,SP,RM de São José do Rio Preto (SP),Região Metropolitana de São José do Rio Preto,São José do Rio Preto (SP),RM,Lei Complementar Estadual 1359,24.08.2021,integrante,2025-12-31
3534302,SP,RM de Ribeirão Preto (SP),Região Metropolitana de Ribeirão Preto,Ribeirão Preto (SP),RM,Lei Complementar 1.290,06.07.2016,Sub-região 4,2025-12-31
3534401,SP,RM de São Paulo (SP),Região Metropolitana de São Paulo,São Paulo (SP),RM,Lei Complementar 1.139,16.06.2011,Sub-região Oeste,2025-12-31
3535002,SP,RM de São José do Rio Preto (SP),Região Metropolitana de São José do Rio Preto,São José do Rio Preto (SP),RM,Lei Complementar Estadual 1359,24.08.2021,integrante,2025-12-31
3535606,SP,RM do Vale do Paraíba e Litoral Norte (SP),Região Metropolitana do Vale do Paraíba e Litoral Norte,Vale do Paraíba e Litoral Norte (SP),RM,Lei Complementar 1.166,09.01.2012,Sub-região 1,2025-12-31
3536307,SP,AU de Franca (SP),Aglomeração Urbana de Franca,Franca (SP),AU,Lei Complementar 1.323,22.05.2018,integrante,2025-12-31
3536505,SP,RM de Campinas (SP),Região Metropolitana de Campinas,Campinas (SP),RM,Lei Complementar 870,19.06.2000,integrante,2025-12-31
3536604,SP,RM de São José do Rio Preto (SP),Região Metropolitana de São José do Rio Preto,São José do Rio Preto (SP),RM,Lei Complementar Estadual 1359,24.08.2021,integrante,2025-12-31
3537008,SP,AU de Franca (SP),Aglomeração Urbana de Franca,Franca (SP),AU,Lei Complementar 1.323,22.05.2018,integrante,2025-12-31
3537107,SP,RM de Campinas (SP),Região Metropolitana de Campinas,Campinas (SP),RM,Lei Complementar 870,19.06.2000,integrante,2025-12-31
3537602,SP,RM da Baixada Santista (SP),Região Metropolitana da Baixada Santista,Baixada Santista (SP),RM,Lei Complementar 815,30.07.1996,integrante,2025-12-31
3537800,SP,RM de Sorocaba (SP),Região Metropolitana de Sorocaba,Sorocaba (SP),RM,Lei Complementar 1.241,20.06.2014,Sub-região 3,2025-12-31
3537909,SP,RM de Sorocaba (SP),Região Metropolitana de Sorocaba,Sorocaba (SP),RM,Lei Complementar 1.241,20.06.2014,Sub-região 3,2025-12-31
3538006,SP,RM do Vale do Paraíba e Litoral Norte (SP),Região Metropolitana do Vale do Paraíba e Litoral Norte,Vale do Paraíba e Litoral Norte (SP),RM,Lei Complementar 1.166,09.01.2012,Sub-região 2,2025-12-31
3538501,SP,RM do Vale do Paraíba e Litoral Norte (SP),Região Metropolitana do Vale do Paraíba e Litoral Norte,Vale do Paraíba e Litoral Norte (SP),RM,Lei Complementar 1.166,09.01.2012,Sub-região 3,2025-12-31
3538709,SP,RM de Piracicaba (SP),Região Metropolitana de Piracicaba,Piracicaba (SP),RM,Lei Complementar Estadual 1360,24.08.2021,integrante,2025-12-31
3539103,SP,RM de São Paulo (SP),Região Metropolitana de São Paulo,São Paulo (SP),RM,Lei Complementar 1.139,16.06.2011,Sub-região Oeste,2025-12-31
3539301,SP,RM de Piracicaba (SP),Região Metropolitana de Piracicaba,Piracicaba (SP),RM,Lei Complementar Estadual 1360,24.08.2021,integrante,2025-12-31
3539509,SP,RM de Ribeirão Preto (SP),Região Metropolitana de Ribeirão Preto,Ribeirão Preto (SP),RM,Lei Complementar 1.290,06.07.2016,Sub-região 2,2025-12-31
3539608,SP,RM de São José do Rio Preto (SP),Região Metropolitana de São José do Rio Preto,São José do Rio Preto (SP),RM,Lei Complementar Estadual 1359,24.08.2021,integrante,2025-12-31
3539806,SP,RM de São Paulo (SP),Região Metropolitana de São Paulo,São Paulo (SP),RM,Lei Complementar 1.139,16.06.2011,Sub-região Leste,2025-12-31
3539905,SP,RM de São José do Rio Preto (SP),Região Metropolitana de São José do Rio Preto,São José do Rio Preto (SP),RM,Lei Complementar Estadual 1359,24.08.2021,integrante,2025-12-31
3540200,SP,RM de Ribeirão Preto (SP),Região Metropolitana de Ribeirão Preto,Ribeirão Preto (SP),RM,Lei Complementar 1.290,06.07.2016,Sub-região 1,2025-12-31
3540606,SP,RM de Sorocaba (SP),Região Metropolitana de Sorocaba,Sorocaba (SP),RM,Lei Complementar 1.241,20.06.2014,Sub-região 2,2025-12-31
3540754,SP,RM do Vale do Paraíba e Litoral Norte (SP),Região Metropolitana do Vale do Paraíba e Litoral Norte,Vale do Paraíba e Litoral Norte (SP),RM,Lei Complementar 1.166,09.01.2012,Sub-região 3,2025-12-31
3540804,SP,RM de São José do Rio Preto (SP),Região Metropolitana de São José do Rio Preto,São José do Rio Preto (SP),RM,Lei Complementar Estadual 1359,24.08.2021,integrante,2025-12-31
3540903,SP,RM de Ribeirão Preto (SP),Região Metropolitana de Ribeirão Preto,Ribeirão Preto (SP),RM,Lei Complementar 1.290,06.07.2016,Sub-região 1,2025-12-31
3541000,SP,RM da Baixada Santista (SP),Região Metropolitana da Baixada Santista,Baixada Santista (SP),RM,Lei Complementar 815,30.07.1996,integrante,2025-12-31
3541901,SP,RM do Vale do Paraíba e Litoral Norte (SP),Região Metropolitana do Vale do Paraíba e Litoral Norte,Vale do Paraíba e Litoral Norte (SP),RM,Lei Complementar 1.166,09.01.2012,Sub-região 4,2025-12-31
3542107,SP,RM de Piracicaba (SP),Região Metropolitana de Piracicaba,Piracicaba (SP),RM,Lei Complementar Estadual 1360,24.08.2021,integrante,2025-12-31
3542305,SP,RM do Vale do Paraíba e Litoral Norte (SP),Região Metropolitana do Vale do Paraíba e Litoral Norte,Vale do Paraíba e Litoral Norte (SP),RM,Lei Complementar 1.166,09.01.2012,Sub-região 2,2025-12-31
3542701,SP,AU de Franca (SP),Aglomeração Urbana de Franca,Franca (SP),AU,Lei Complementar 1.323,22.05.2018,integrante,2025-12-31
3543105,SP,AU de Franca (SP),Aglomeração Urbana de Franca,Franca (SP),AU,Lei Complementar 1.323,22.05.2018,integrante,2025-12-31
3543303,SP,RM de São Paulo (SP),Região Metropolitana de São Paulo,São Paulo (SP),RM,Lei Complementar 1.139,16.06.2011,Sub-região Sudeste,2025-12-31
3543402,SP,RM de Ribeirão Preto (SP),Região Metropolitana de Ribeirão Preto,Ribeirão Preto (SP),RM,Lei Complementar 1.290,06.07.2016,Sub-região 1,2025-12-31
3543600,SP,AU de Franca (SP),Aglomeração Urbana de Franca,Franca (SP),AU,Lei Complementar 1.323,22.05.2018,integrante,2025-12-31
3543907,SP,RM de Piracicaba (SP),Região Metropolitana de Piracicaba,Piracicaba (SP),RM,Lei Complementar Estadual 1360,24.08.2021,integrante,2025-12-31
3544004,SP,RM de Piracicaba (SP),Região Metropolitana de Piracicaba,Piracicaba (SP),RM,Lei Complementar Estadual 1360,24.08.2021,integrante,2025-12-31
3544103,SP,RM de São Paulo (SP),Região Metropolitana de São Paulo,São Paulo (SP),RM,Lei Complementar 1.139,16.06.2011,Sub-região Sudeste,2025-12-31
3544301,SP,RM do Vale do Paraíba e Litoral Norte (SP),Região Metropolitana do Vale do Paraíba e Litoral Norte,Vale do Paraíba e Litoral Norte (SP),RM,Lei Complementar 1.166,09.01.2012,Sub-região 3,2025-12-31
3544806,SP,RM de São José do Rio Preto (SP),Região Metropolitana de São José do Rio Preto,São José do Rio Preto (SP),RM,Lei Complementar Estadual 1359,24.08.2021,integrante,2025-12-31
3544905,SP,RM de Ribeirão Preto (SP),Região Metropolitana de Ribeirão Preto,Ribeirão Preto (SP),RM,Lei Complementar 1.290,06.07.2016,Sub-região 4,2025-12-31
3545001,SP,RM de São Paulo (SP),Região Metropolitana de São Paulo,São Paulo (SP),RM,Lei Complementar 1.139,16.06.2011,Sub-região Leste,2025-12-31
3545159,SP,RM de Piracicaba (SP),Região Metropolitana de Piracicaba,Piracicaba (SP),RM,Lei Complementar Estadual 1360,24.08.2021,integrante,2025-12-31
3545209,SP,RM de Sorocaba (SP),Região Metropolitana de Sorocaba,Sorocaba (SP),RM,Lei Complementar 1.241,20.06.2014,Sub-região 2,2025-12-31
3545308,SP,RM de Sorocaba (SP),Região Metropolitana de Sorocaba,Sorocaba (SP),RM,Lei Complementar 1.241,20.06.2014,Sub-região 3,2025-12-31
3545803,SP,RM de Campinas (SP),Região Metropolitana de Campinas,Campinas (SP),RM,Lei Complementar 870,19.06.2000,integrante,2025-12-31
3546009,SP,RM do Vale do Paraíba e Litoral Norte (SP),Região Metropolitana do Vale do Paraíba e Litoral Norte,Vale do Paraíba e Litoral Norte (SP),RM,Lei Complementar 1.166,09.01.2012,Sub-região 1,2025-12-31
3546207,SP,RM de Piracicaba (SP),Região Metropolitana de Piracicaba,Piracicaba (SP),RM,Lei Complementar Estadual 1360,24.08.2021,integrante,2025-12-31
3546256,SP,RM de Ribeirão Preto (SP),Região Metropolitana de Ribeirão Preto,Ribeirão Preto (SP),RM,Lei Complementar 1.290,06.07.2016,Sub-região 3,2025-12-31
3546702,SP,RM de Piracicaba (SP),Região Metropolitana de Piracicaba,Piracicaba (SP),RM,Lei Complementar Estadual 1360,24.08.2021,integrante,2025-12-31
3546801,SP,RM de São Paulo (SP),Região Metropolitana de São Paulo,São Paulo (SP),RM,Lei Complementar 1.139,16.06.2011,Sub-região Leste,2025-12-31
3547007,SP,RM de Piracicaba (SP),Região Metropolitana de Piracicaba,Piracicaba (SP),RM,Lei Complementar Estadual 1360,24.08.2021,integrante,2025-12-31
3547304,SP,RM de São Paulo (SP),Região Metropolitana de São Paulo,São Paulo (SP),RM,Lei Complementar 1.139,16.06.2011,Sub-região Oeste,2025-12-31
3547502,SP,RM de Ribeirão Preto (SP),Região Metropolitana de Ribeirão Preto,Ribeirão Preto (SP),RM,Lei Complementar 1.290,06.07.2016,Sub-região 1,2025-12-31
3547601,SP,RM de Ribeirão Preto (SP),Região Metropolitana de Ribeirão Preto,Ribeirão Preto (SP),RM,Lei Complementar 1.290,06.07.2016,Sub-região 3,2025-12-31
3547809,SP,RM de São Paulo (SP),Região Metropolitana de São Paulo,São Paulo (SP),RM,Lei Complementar 1.139,16.06.2011,Sub-região Sudeste,2025-12-31
3547908,SP,RM de Ribeirão Preto (SP),Região Metropolitana de Ribeirão Preto,Ribeirão Preto (SP),RM,Lei Complementar 1.290,06.07.2016,Sub-região 4,2025-12-31
3548005,SP,RM de Campinas (SP),Região Metropolitana de Campinas,Campinas (SP),RM,Lei Complementar 870,19.06.2000,integrante,2025-12-31
3548203,SP,RM do Vale do Paraíba e Litoral Norte (SP),Região Metropolitana do Vale do Paraíba e Litoral Norte,Vale do Paraíba e Litoral Norte (SP),RM,Lei Complementar 1.166,09.01.2012,Sub-região 2,2025-12-31
3548500,SP,RM da Baixada Santista (SP),Região Metropolitana da Baixada Santista,Baixada Santista (SP),RM,Lei Complementar 815,30.07.1996,integrante,2025-12-31
3548609,SP,RM do Vale do Paraíba e Litoral Norte (SP),Região Metropolitana do Vale do Paraíba e Litoral Norte,Vale do Paraíba e Litoral Norte (SP),RM,Lei Complementar 1.166,09.01.2012,Sub-região 2,2025-12-31
3548708,SP,RM de São Paulo (SP),Região Metropolitana de São Paulo,São Paulo (SP),RM,Lei Complementar 1.139,16.06.2011,Sub-região Sudeste,2025-12-31
3548807,SP,RM de São Paulo (SP),Região Metropolitana de São Paulo,São Paulo (SP),RM,Lei Complementar 1.139,16.06.2011,Sub-região Sudeste,2025-12-31
3549409,SP,AU de Franca (SP),Aglomeração Urbana de Franca,Franca (SP),AU,Lei Complementar 1.323,22.05.2018,integrante,2025-12-31
3549508,SP,AU de Franca (SP),Aglomeração Urbana de Franca,Franca (SP),AU,Lei Complementar 1.323,22.05.2018,integrante,2025-12-31
3549607,SP,RM do Vale do Paraíba e Litoral Norte (SP),Região Metropolitana do Vale do Paraíba e Litoral Norte,Vale do Paraíba e Litoral Norte (SP),RM,Lei Complementar 1.166,09.01.2012,Sub-região 4,2025-12-31
3549805,SP,RM de São José do Rio Preto (SP),Região Metropolitana de São José do Rio Preto,São José do Rio Preto (SP),RM,Lei Complementar Estadual 1359,24.08.2021,integrante,2025-12-31
3549904,SP,RM do Vale do Paraíba e Litoral Norte (SP),Região Metropolitana do Vale do Paraíba e Litoral Norte,Vale do Paraíba e Litoral Norte (SP),RM,Lei Complementar 1.166,09.01.2012,Sub-região 1,2025-12-31
3549953,SP,RM de São Paulo (SP),Região Metropolitana de São Paulo,São Paulo (SP),RM,Lei Complementar 1.139,16.06.2011,Sub-região Sudoeste,2025-12-31
3550001,SP,RM do Vale do Paraíba e Litoral Norte (SP),Região Metropolitana do Vale do Paraíba e Litoral Norte,Vale do Paraíba e Litoral Norte (SP),RM,Lei Complementar 1.166,09.01.2012,Sub-região 2,2025-12-31
3550209,SP,RM de Sorocaba (SP),Região Metropolitana de Sorocaba,Sorocaba (SP),RM,Lei Complementar 1.241,20.06.2014,Sub-região 3,2025-12-31
3550308,SP,RM de São Paulo (SP),Região Metropolitana de São Paulo,São Paulo (SP),RM,Lei Complementar 1.139,16.06.2011,Sub-região Leste; Sub-região Norte; Sub-região Oeste; Sub-região Sudeste; Sub-região Sudoeste,2025-12-31
3550407,SP,RM de Piracicaba (SP),Região Metropolitana de Piracicaba,Piracicaba (SP),RM,Lei Complementar Estadual 1360,24.08.2021,integrante,2025-12-31
3550605,SP,RM de Sorocaba (SP),Região Metropolitana de Sorocaba,Sorocaba (SP),RM,Lei Complementar 1.241,20.06.2014,Sub-região 2,2025-12-31
3550704,SP,RM do Vale do Paraíba e Litoral Norte (SP),Região Metropolitana do Vale do Paraíba e Litoral Norte,Vale do Paraíba e Litoral Norte (SP),RM,Lei Complementar 1.166,09.01.2012,Sub-região 5,2025-12-31
3550902,SP,RM de Ribeirão Preto (SP),Região Metropolitana de Ribeirão Preto,Ribeirão Preto (SP),RM,Lei Complementar 1.290,06.07.2016,Sub-região 1,2025-12-31
3551009,SP,RM da Baixada Santista (SP),Região Metropolitana da Baixada Santista,Baixada Santista (SP),RM,Lei Complementar 815,30.07.1996,integrante,2025-12-31
3551108,SP,RM de Sorocaba (SP),Região Metropolitana de Sorocaba,Sorocaba (SP),RM,Lei Complementar 1.241,20.06.2014,Sub-região 1,2025-12-31
3551405,SP,RM de Ribeirão Preto (SP),Região Metropolitana de Ribeirão Preto,Ribeirão Preto (SP),RM,Lei Complementar 1.290,06.07.2016,Sub-região 1,2025-12-31
3551504,SP,RM de Ribeirão Preto (SP),Região Metropolitana de Ribeirão Preto,Ribeirão Preto (SP),RM,Lei Complementar 1.290,06.07.2016,Sub-região 1,2025-12-31
3551702,SP,RM de Ribeirão Preto (SP),Região Metropolitana de Ribeirão Preto,Ribeirão Preto (SP),RM,Lei Complementar 1.290,06.07.2016,Sub-região 1,2025-12-31
3551900,SP,RM de São José do Rio Preto (SP),Região Metropolitana de São José do Rio Preto,São José do Rio Preto (SP),RM,Lei Complementar Estadual 1359,24.08.2021,integrante,2025-12-31
3552007,SP,RM do Vale do Paraíba e Litoral Norte (SP),Região Metropolitana do Vale do Paraíba e Litoral Norte,Vale do Paraíba e Litoral Norte (SP),RM,Lei Complementar 1.166,09.01.2012,Sub-região 4,2025-12-31
3552205,SP,RM de Sorocaba (SP),Região Metropolitana de Sorocaba,Sorocaba (SP),RM,Lei Complementar 1.241,20.06.2014,Sub-região 3,2025-12-31
3552403,SP,RM de Campinas (SP),Região Metropolitana de Campinas,Campinas (SP),RM,Lei Complementar 870,19.06.2000,integrante,2025-12-31
3552502,SP,RM de São Paulo (SP),Região Metropolitana de São Paulo,São Paulo (SP),RM,Lei Complementar 1.139,16.06.2011,Sub-região Leste,2025-12-31
3552809,SP,RM de São Paulo (SP),Região Metropolitana de São Paulo,São Paulo (SP),RM,Lei Complementar 1.139,16.06.2011,Sub-região Sudoeste,2025-12-31
3553203,SP,RM de Ribeirão Preto (SP),Região Metropolitana de Ribeirão Preto,Ribeirão Preto (SP),RM,Lei Complementar 1.290,06.07.2016,Sub-região 2,2025-12-31
3553302,SP,RM de Ribeirão Preto (SP),Região Metropolitana de Ribeirão Preto,Ribeirão Preto (SP),RM,Lei Complementar 1.290,06.07.2016,Sub-região 3,2025-12-31
3553401,SP,RM de São José do Rio Preto (SP),Região Metropolitana de São José do Rio Preto,São José do Rio Preto (SP),RM,Lei Complementar Estadual 1359,24.08.2021,integrante,2025-12-31
3553500,SP,RM de Sorocaba (SP),Região Metropolitana de Sorocaba,Sorocaba (SP),RM,Lei Complementar 1.241,20.06.2014,Sub-região 3,2025-12-31
3553658,SP,RM de Ribeirão Preto (SP),Região Metropolitana de Ribeirão Preto,Ribeirão Preto (SP),RM,Lei Complementar 1.290,06.07.2016,Sub-região 2,2025-12-31
3554003,SP,RM de Sorocaba (SP),Região Metropolitana de Sorocaba,Sorocaba (SP),RM,Lei Complementar 1.241,20.06.2014,Sub-região 1,2025-12-31
3554102,SP,RM do Vale do Paraíba e Litoral Norte (SP),Região Metropolitana do Vale do Paraíba e Litoral Norte,Vale do Paraíba e Litoral Norte (SP),RM,Lei Complementar 1.166,09.01.2012,Sub-região 2,2025-12-31
3554508,SP,RM de Sorocaba (SP),Região Metropolitana de Sorocaba,Sorocaba (SP),RM,Lei Complementar 1.241,20.06.2014,Sub-região 1,2025-12-31
3554805,SP,RM do Vale do Paraíba e Litoral Norte (SP),Região Metropolitana do Vale do Paraíba e Litoral Norte,Vale do Paraíba e Litoral Norte (SP),RM,Lei Complementar 1.166,09.01.2012,Sub-região 2,2025-12-31
3555356,SP,RM de São José do Rio Preto (SP),Região Metropolitana de São José do Rio Preto,São José do Rio Preto (SP),RM,Lei Complementar Estadual 1359,24.08.2021,integrante,2025-12-31
3555406,SP,RM do Vale do Paraíba e Litoral Norte (SP),Região Metropolitana do Vale do Paraíba e Litoral Norte,Vale do Paraíba e Litoral Norte (SP),RM,Lei Complementar 1.166,09.01.2012,Sub-região 5,2025-12-31
3555604,SP,RM de São José do Rio Preto (SP),Região Metropolitana de São José do Rio Preto,São José do Rio Preto (SP),RM,Lei Complementar Estadual 1359,24.08.2021,integrante,2025-12-31
3555703,SP,RM de São José do Rio Preto (SP),Região Metropolitana de São José do Rio Preto,São José do Rio Preto (SP),RM,Lei Complementar Estadual 1359,24.08.2021,integrante,2025-12-31
3556008,SP,RM de São José do Rio Preto (SP),Região Metropolitana de São José do Rio Preto,São José do Rio Preto (SP),RM,Lei Complementar Estadual 1359,24.08.2021,integrante,2025-12-31
3556206,SP,RM de Campinas (SP),Região Metropolitana de Campinas,Campinas (SP),RM,Lei Complementar 870,19.06.2000,integrante,2025-12-31
3556453,SP,RM de São Paulo (SP),Região Metropolitana de São Paulo,São Paulo (SP),RM,Lei Complementar 1.139,16.06.2011,Sub-região Sudoeste,2025-12-31
3556503,SP,RM de Jundiaí (SP),Região Metropolitana de Jundiaí,Jundiaí (SP),RM,Lei Complementar Estadual 1362,30.11.2021,integrante,2025-12-31
3556701,SP,RM de Campinas (SP),Região Metropolitana de Campinas,Campinas (SP),RM,Lei Complementar 870,19.06.2000,integrante,2025-12-31
3557006,SP,RM de Sorocaba (SP),Região Metropolitana de Sorocaba,Sorocaba (SP),RM,Lei Complementar 1.241,20.06.2014,Sub-região 3,2025-12-31
3557154,SP,RM de São José do Rio Preto (SP),Região Metropolitana de São José do Rio Preto,São José do Rio Preto (SP),RM,Lei Complementar Estadual 1359,24.08.2021,integrante,2025-12-31
4100202,PR,RM de Curitiba (PR),Região Metropolitana de Curitiba,Curitiba (PR),RM,Lei 11096,16.05.1995,integrante,2025-12-31
4100301,PR,RM de Curitiba (PR),Região Metropolitana de Curitiba,Curitiba (PR),RM,Lei 12125,22.04.1998,integrante,2025-12-31
4100400,PR,RM de Curitiba (PR),Região Metropolitana de Curitiba,Curitiba (PR),RM,Lei Complementar 014 (Federal),08.06.1973,integrante,2025-12-31
4100459,PR,RM de Campo Mourão (PR),Região Metropolitana de Campo Mourão,Campo Mourão (PR),RM,Lei Complementar 185,12.01.2015,integrante,2025-12-31
4100509,PR,RM de Umuarama (PR),Região Metropolitana de Umuarama,Umuarama (PR),RM,Lei Complementar 149,22.08.2012,integrante,2025-12-31
4100707,PR,RM de Umuarama (PR),Região Metropolitana de Umuarama,Umuarama (PR),RM,Lei Complementar 149,22.08.2012,integrante,2025-12-31
4100806,PR,RM de Londrina (PR),Região Metropolitana de Londrina,Londrina (PR),RM,Lei Complementar 129,14.07.2010,integrante,2025-12-31
4101051,PR,RM de Cascavel (PR),Região Metropolitana de Cascavel,Cascavel (PR),RM,Lei Complementar 186,12.01.2015,integrante,2025-12-31
4101150,PR,RM de Maringá (PR),Região Metropolitana de Maringá,Maringá (PR),RM,Lei Complementar 83,17.07.1998,integrante,2025-12-31
4101408,PR,RM de Apucarana (PR),Região Metropolitana de Apucarana,Apucarana (PR),RM,Lei Complementar 187,12.01.2015,integrante,2025-12-31
4101507,PR,RM de Londrina (PR),Região Metropolitana de Londrina,Londrina (PR),RM,Lei Complementar 167,02.12.2014,integrante,2025-12-31
4101655,PR,RM de Apucarana (PR),Região Metropolitana de Apucarana,Apucarana (PR),RM,Lei Complementar 187,12.01.2015,integrante,2025-12-31
4101705,PR,RM de Campo Mourão (PR),Região Metropolitana de Campo Mourão,Campo Mourão (PR),RM,Lei Complementar 185,12.01.2015,integrante,2025-12-31
4101804,PR,RM de Curitiba (PR),Região Metropolitana de Curitiba,Curitiba (PR),RM,Lei Complementar 014 (Federal),08.06.1973,integrante,2025-12-31
4101853,PR,RM de Apucarana (PR),Região Metropolitana de Apucarana,Apucarana (PR),RM,Lei Complementar 187,12.01.2015,integrante,2025-12-31
4101903,PR,RM de Londrina (PR),Região Metropolitana de Londrina,Londrina (PR),RM,Lei Complementar 129,14.07.2010,integrante,2025-12-31
4102000,PR,RM de Toledo (PR),Região Metropolitana de Toledo,Toledo (PR),RM,Lei Complementar 184,12.01.2015,integrante,2025-12-31
4102109,PR,RM de Maringá (PR),Região Metropolitana de Maringá,Maringá (PR),RM,Lei Complementar 110,25.08.2005,integrante,2025-12-31
4102208,PR,RM de Maringá (PR),Região Metropolitana de Maringá,Maringá (PR),RM,Lei Complementar 127,17.02.2010,integrante,2025-12-31
4102307,PR,RM de Curitiba (PR),Região Metropolitana de Curitiba,Curitiba (PR),RM,Lei Complementar 014 (Federal),08.06.1973,integrante,2025-12-31
4102505,PR,RM de Campo Mourão (PR),Região Metropolitana de Campo Mourão,Campo Mourão (PR),RM,Lei Complementar 185,12.01.2015,integrante,2025-12-31
4102802,PR,RM de Londrina (PR),Região Metropolitana de Londrina,Londrina (PR),RM,Lei Complementar 91,05.06.2002,integrante,2025-12-31
4103008,PR,RM de Campo Mourão (PR),Região Metropolitana de Campo Mourão,Campo Mourão (PR),RM,Lei Complementar 185,12.01.2015,integrante,2025-12-31
4103057,PR,RM de Cascavel (PR),Região Metropolitana de Cascavel,Cascavel (PR),RM,Lei Complementar 186,12.01.2015,integrante,2025-12-31
4103107,PR,RM de Curitiba (PR),Região Metropolitana de Curitiba,Curitiba (PR),RM,Lei Complementar 014 (Federal),08.06.1973,integrante,2025-12-31
4103206,PR,RM de Maringá (PR),Região Metropolitana de Maringá,Maringá (PR),RM,Lei Complementar 127,17.02.2010,integrante,2025-12-31
4103305,PR,RM de Apucarana (PR),Região Metropolitana de Apucarana,Apucarana (PR),RM,Lei Complementar 187,12.01.2015,integrante,2025-12-31
4103354,PR,RM de Cascavel (PR),Região Metropolitana de Cascavel,Cascavel (PR),RM,Lei Complementar 186,12.01.2015,integrante,2025-12-31
4103370,PR,RM de Umuarama (PR),Região Metropolitana de Umuarama,Umuarama (PR),RM,Lei Complementar 149,22.08.2012,integrante,2025-12-31
4103453,PR,RM de Cascavel (PR),Região Metropolitana de Cascavel,Cascavel (PR),RM,Lei Complementar 186,12.01.2015,integrante,2025-12-31
4103479,PR,RM de Umuarama (PR),Região Metropolitana de Umuarama,Umuarama (PR),RM,Lei Complementar 149,22.08.2012,integrante,2025-12-31
4103503,PR,RM de Apucarana (PR),Região Metropolitana de Apucarana,Apucarana (PR),RM,Lei Complementar 187,12.01.2015,integrante,2025-12-31
4103701,PR,RM de Londrina (PR),Região Metropolitana de Londrina,Londrina (PR),RM,Lei Complementar 81,17.06.1998,integrante,2025-12-31
4103800,PR,RM de Maringá (PR),Região Metropolitana de Maringá,Maringá (PR),RM,Lei Complementar 127,17.02.2010,integrante,2025-12-31
4103909,PR,RM de Campo Mourão (PR),Região Metropolitana de Campo Mourão,Campo Mourão (PR),RM,Lei Complementar 185,12.01.2015,integrante,2025-12-31
4104006,PR,RM de Curitiba (PR),Região Metropolitana de Curitiba,Curitiba (PR),RM,Lei Complementar 014 (Federal),08.06.1973,integrante,2025-12-31
4104055,PR,RM de Cascavel (PR),Região Metropolitana de Cascavel,Cascavel (PR),RM,Lei Complementar 186,12.01.2015,integrante,2025-12-31
4104105,PR,RM de Curitiba (PR),Região Metropolitana de Curitiba,Curitiba (PR),RM,Lei Complementar 139,09.12.2011,integrante,2025-12-31
4104204,PR,RM de Curitiba (PR),Região Metropolitana de Curitiba,Curitiba (PR),RM,Lei Complementar 014 (Federal),08.06.1973,integrante,2025-12-31
4104253,PR,RM de Curitiba (PR),Região Metropolitana de Curitiba,Curitiba (PR),RM,Lei Estadual nº 11.221,11.12.1995,integrante,2025-12-31
4104303,PR,RM de Campo Mourão (PR),Região Metropolitana de Campo Mourão,Campo Mourão (PR),RM,Lei Complementar 185,12.01.2015,integrante,2025-12-31
4104600,PR,RM de Cascavel (PR),Região Metropolitana de Cascavel,Cascavel (PR),RM,Lei Complementar 186,12.01.2015,integrante,2025-12-31
4104808,PR,RM de Cascavel (PR),Região Metropolitana de Cascavel,Cascavel (PR),RM,Lei Complementar 186,12.01.2015,integrante,2025-12-31
4105003,PR,RM de Cascavel (PR),Região Metropolitana de Cascavel,Cascavel (PR),RM,Lei Complementar 186,12.01.2015,integrante,2025-12-31
4105102,PR,RM de Londrina (PR),Região Metropolitana de Londrina,Londrina (PR),RM,Lei Complementar 165,14.11.2013,integrante,2025-12-31
4105201,PR,RM de Curitiba (PR),Região Metropolitana de Curitiba,Curitiba (PR),RM,Lei 11027,29.12.1994,integrante,2025-12-31
4105300,PR,RM de Cascavel (PR),Região Metropolitana de Cascavel,Cascavel (PR),RM,Lei Complementar 186,12.01.2015,integrante,2025-12-31
4105607,PR,RM de Umuarama (PR),Região Metropolitana de Umuarama,Umuarama (PR),RM,Lei Complementar 149,22.08.2012,integrante,2025-12-31
4105805,PR,RM de Curitiba (PR),Região Metropolitana de Curitiba,Curitiba (PR),RM,Lei Complementar 014 (Federal),08.06.1973,integrante,2025-12-31
4106209,PR,RM de Curitiba (PR),Região Metropolitana de Curitiba,Curitiba (PR),RM,Lei Complementar 014 (Federal),08.06.1973,integrante,2025-12-31
4106308,PR,RM de Cascavel (PR),Região Metropolitana de Cascavel,Cascavel (PR),RM,Lei Complementar 186,12.01.2015,integrante,2025-12-31
4106555,PR,RM de Campo Mourão (PR),Região Metropolitana de Campo Mourão,Campo Mourão (PR),RM,Lei Complementar 185,12.01.2015,integrante,2025-12-31
4106605,PR,RM de Umuarama (PR),Região Metropolitana de Umuarama,Umuarama (PR),RM,Lei Complementar 149,22.08.2012,integrante,2025-12-31
4106852,PR,RM de Apucarana (PR),Região Metropolitana de Apucarana,Apucarana (PR),RM,Lei Complementar 187,12.01.2015,integrante,2025-12-31
4106902,PR,RM de Curitiba (PR),Região Metropolitana de Curitiba,Curitiba (PR),RM,Lei Complementar 014 (Federal),08.06.1973,integrante,2025-12-31
4107124,PR,RM de Cascavel (PR),Região Metropolitana de Cascavel,Cascavel (PR),RM,Lei Complementar 186,12.01.2015,integrante,2025-12-31
4107157,PR,RM de Toledo (PR),Região Metropolitana de Toledo,Toledo (PR),RM,Lei Complementar 184,12.01.2015,integrante,2025-12-31
4107256,PR,RM de Umuarama (PR),Região Metropolitana de Umuarama,Umuarama (PR),RM,Lei Complementar 149,22.08.2012,integrante,2025-12-31
4107306,PR,RM de Maringá (PR),Região Metropolitana de Maringá,Maringá (PR),RM,Lei Complementar 110,25.08.2005,integrante,2025-12-31
4107504,PR,RM de Campo Mourão (PR),Região Metropolitana de Campo Mourão,Campo Mourão (PR),RM,Lei Complementar 185,12.01.2015,integrante,2025-12-31
4107520,PR,RM de Umuarama (PR),Região Metropolitana de Umuarama,Umuarama (PR),RM,Lei Complementar 149,22.08.2012,integrante,2025-12-31
4107538,PR,RM de Toledo (PR),Região Metropolitana de Toledo,Toledo (PR),RM,Lei Complementar 184,12.01.2015,integrante,2025-12-31
4107553,PR,RM de Campo Mourão (PR),Região Metropolitana de Campo Mourão,Campo Mourão (PR),RM,Lei Complementar 185,12.01.2015,integrante,2025-12-31
4107603,PR,RM de Apucarana (PR),Região Metropolitana de Apucarana,Apucarana (PR),RM,Lei Complementar 187,12.01.2015,integrante,2025-12-31
4107652,PR,RM de Curitiba (PR),Região Metropolitana de Curitiba,Curitiba (PR),RM,Lei 11027,29.12.1994,integrante,2025-12-31
4107702,PR,RM de Campo Mourão (PR),Região Metropolitana de Campo Mourão,Campo Mourão (PR),RM,Lei Complementar 185,12.01.2015,integrante,2025-12-31
4107801,PR,RM de Maringá (PR),Região Metropolitana de Maringá,Maringá (PR),RM,Lei Complementar 127,17.02.2010,integrante,2025-12-31
4107900,PR,RM de Maringá (PR),Região Metropolitana de Maringá,Maringá (PR),RM,Lei Complementar 13.565,16.05.2002,integrante,2025-12-31
4108007,PR,RM de Londrina (PR),Região Metropolitana de Londrina,Londrina (PR),RM,Lei Complementar 147,16.07.2012,integrante,2025-12-31
4108106,PR,RM de Maringá (PR),Região Metropolitana de Maringá,Maringá (PR),RM,Lei Complementar 127,17.02.2010,integrante,2025-12-31
4108205,PR,RM de Cascavel (PR),Região Metropolitana de Cascavel,Cascavel (PR),RM,Lei Complementar nº189,31.07.2015,integrante,2025-12-31
4108320,PR,RM de Umuarama (PR),Região Metropolitana de Umuarama,Umuarama (PR),RM,Lei Complementar 149,22.08.2012,integrante,2025-12-31
4108551,PR,RM de Apucarana (PR),Região Metropolitana de Apucarana,Apucarana (PR),RM,Lei Complementar 187,12.01.2015,integrante,2025-12-31
4108601,PR,RM de Campo Mourão (PR),Região Metropolitana de Campo Mourão,Campo Mourão (PR),RM,Lei Complementar 185,12.01.2015,integrante,2025-12-31
4108700,PR,RM de Apucarana (PR),Região Metropolitana de Apucarana,Apucarana (PR),RM,Lei Complementar 187,12.01.2015,integrante,2025-12-31
4108809,PR,RM de Toledo (PR),Região Metropolitana de Toledo,Toledo (PR),RM,Lei Complementar 184,12.01.2015,integrante,2025-12-31
4109203,PR,RM de Londrina (PR),Região Metropolitana de Londrina,Londrina (PR),RM,Lei Complementar 165,14.11.2013,integrante,2025-12-31
4109302,PR,RM de Cascavel (PR),Região Metropolitana de Cascavel,Cascavel (PR),RM,Lei Complementar 186,12.01.2015,integrante,2025-12-31
4109757,PR,RM de Cascavel (PR),Região Metropolitana de Cascavel,Cascavel (PR),RM,Lei Complementar 186,12.01.2015,integrante,2025-12-31
4109807,PR,RM de Londrina (PR),Região Metropolitana de Londrina,Londrina (PR),RM,Lei Complementar 81,17.06.1998,integrante,2025-12-31
4109906,PR,RM de Umuarama (PR),Região Metropolitana de Umuarama,Umuarama (PR),RM,Lei Complementar 149,22.08.2012,integrante,2025-12-31
4110003,PR,RM de Maringá (PR),Região Metropolitana de Maringá,Maringá (PR),RM,Lei Complementar 83,17.07.1998,integrante,2025-12-31
4110052,PR,RM de Cascavel (PR),Região Metropolitana de Cascavel,Cascavel (PR),RM,Lei Complementar 186,12.01.2015,integrante,2025-12-31
4110607,PR,RM de Umuarama (PR),Região Metropolitana de Umuarama,Umuarama (PR),RM,Lei Complementar 149,22.08.2012,integrante,2025-12-31
4110656,PR,RM de Cascavel (PR),Região Metropolitana de Cascavel,Cascavel (PR),RM,Lei Complementar 186,12.01.2015,integrante,2025-12-31
4110805,PR,RM de Campo Mourão (PR),Região Metropolitana de Campo Mourão,Campo Mourão (PR),RM,Lei Complementar 185,12.01.2015,integrante,2025-12-31
4111100,PR,RM de Maringá (PR),Região Metropolitana de Maringá,Maringá (PR),RM,Lei Complementar 110,25.08.2005,integrante,2025-12-31
4111258,PR,RM de Curitiba (PR),Região Metropolitana de Curitiba,Curitiba (PR),RM,Lei 11027,29.12.1994,integrante,2025-12-31
4111506,PR,RM de Apucarana (PR),Região Metropolitana de Apucarana,Apucarana (PR),RM,Lei Complementar 187,12.01.2015,integrante,2025-12-31
4111555,PR,RM de Umuarama (PR),Região Metropolitana de Umuarama,Umuarama (PR),RM,Lei Complementar 149,22.08.2012,integrante,2025-12-31
4111605,PR,RM de Maringá (PR),Região Metropolitana de Maringá,Maringá (PR),RM,Lei Complementar 110,25.08.2005,integrante,2025-12-31
4111902,PR,RM de Londrina (PR),Região Metropolitana de Londrina,Londrina (PR),RM,Lei Complementar 144,05.04.2012,integrante,2025-12-31
4112108,PR,RM de Maringá (PR),Região Metropolitana de Maringá,Maringá (PR),RM,Lei Complementar 127,17.02.2010,integrante,2025-12-31
4112207,PR,RM de Campo Mourão (PR),Região Metropolitana de Campo Mourão,Campo Mourão (PR),RM,Lei Complementar 185,12.01.2015,integrante,2025-12-31
4112504,PR,RM de Apucarana (PR),Região Metropolitana de Apucarana,Apucarana (PR),RM,Lei Complementar 187,12.01.2015,integrante,2025-12-31
4112702,PR,RM de Londrina (PR),Região Metropolitana de Londrina,Londrina (PR),RM,Lei Complementar 81,17.06.1998,integrante,2025-12-31
4112751,PR,RM de Cascavel (PR),Região Metropolitana de Cascavel,Cascavel (PR),RM,Lei Complementar 186,12.01.2015,integrante,2025-12-31
4112959,PR,RM de Campo Mourão (PR),Região Metropolitana de Campo Mourão,Campo Mourão (PR),RM,Lei Complementar 185,12.01.2015,integrante,2025-12-31
4113106,PR,RM de Apucarana (PR),Região Metropolitana de Apucarana,Apucarana (PR),RM,Lei Complementar 187,12.01.2015,integrante,2025-12-31
4113205,PR,RM de Curitiba (PR),Região Metropolitana de Curitiba,Curitiba (PR),RM,Alteração do Artº 2 da Lei nº 13.512,21.01.2002,integrante,2025-12-31
4113429,PR,RM de Apucarana (PR),Região Metropolitana de Apucarana,Apucarana (PR),RM,Lei Complementar 187,12.01.2015,integrante,2025-12-31
4113452,PR,RM de Cascavel (PR),Região Metropolitana de Cascavel,Cascavel (PR),RM,Lei Complementar 186,12.01.2015,integrante,2025-12-31
4113601,PR,RM de Maringá (PR),Região Metropolitana de Maringá,Maringá (PR),RM,Lei Complementar 127,17.02.2010,integrante,2025-12-31
4113700,PR,RM de Londrina (PR),Região Metropolitana de Londrina,Londrina (PR),RM,Lei Complementar 81,17.06.1998,integrante,2025-12-31
4113734,PR,RM de Campo Mourão (PR),Região Metropolitana de Campo Mourão,Campo Mourão (PR),RM,Lei Complementar 185,12.01.2015,integrante,2025-12-31
4113759,PR,RM de Apucarana (PR),Região Metropolitana de Apucarana,Apucarana (PR),RM,Lei Complementar 187,12.01.2015,integrante,2025-12-31
4113809,PR,RM de Londrina (PR),Região Metropolitana de Londrina,Londrina (PR),RM,Lei Complementar 165,14.11.2013,integrante,2025-12-31
4114005,PR,RM de Campo Mourão (PR),Região Metropolitana de Campo Mourão,Campo Mourão (PR),RM,Lei Complementar 185,12.01.2015,integrante,2025-12-31
4114104,PR,RM de Maringá (PR),Região Metropolitana de Maringá,Maringá (PR),RM,Lei Complementar 83,17.07.1998,integrante,2025-12-31
4114203,PR,RM de Maringá (PR),Região Metropolitana de Maringá,Maringá (PR),RM,Lei Complementar 83,17.07.1998,integrante,2025-12-31
4114302,PR,RM de Curitiba (PR),Região Metropolitana de Curitiba,Curitiba (PR),RM,Lei Complementar 014 (Federal),08.06.1973,integrante,2025-12-31
4114609,PR,RM de Toledo (PR),Região Metropolitana de Toledo,Toledo (PR),RM,Lei Complementar 184,12.01.2015,integrante,2025-12-31
4114708,PR,RM de Umuarama (PR),Região Metropolitana de Umuarama,Umuarama (PR),RM,Lei Complementar 149,22.08.2012,integrante,2025-12-31
4114807,PR,RM de Maringá (PR),Região Metropolitana de Maringá,Maringá (PR),RM,Lei Complementar 83,17.07.1998,integrante,2025-12-31
4114906,PR,RM de Apucarana (PR),Região Metropolitana de Apucarana,Apucarana (PR),RM,Lei Complementar 187,12.01.2015,integrante,2025-12-31
4115101,PR,RM de Umuarama (PR),Região Metropolitana de Umuarama,Umuarama (PR),RM,Lei Complementar 149,22.08.2012,integrante,2025-12-31
4115200,PR,RM de Maringá (PR),Região Metropolitana de Maringá,Maringá (PR),RM,Lei Complementar 83,17.07.1998,integrante,2025-12-31
4115358,PR,RM de Toledo (PR),Região Metropolitana de Toledo,Toledo (PR),RM,Lei Complementar 184,12.01.2015,integrante,2025-12-31
4115507,PR,RM de Apucarana (PR),Região Metropolitana de Apucarana,Apucarana (PR),RM,Lei Complementar 187,12.01.2015,integrante,2025-12-31
4115606,PR,RM de Cascavel (PR),Região Metropolitana de Cascavel,Cascavel (PR),RM,Lei Complementar 186,12.01.2015,integrante,2025-12-31
4115754,PR,RM de Apucarana (PR),Região Metropolitana de Apucarana,Apucarana (PR),RM,Lei Complementar 187,12.01.2015,integrante,2025-12-31
4115853,PR,RM de Toledo (PR),Região Metropolitana de Toledo,Toledo (PR),RM,Lei Complementar 184,12.01.2015,integrante,2025-12-31
4116000,PR,RM de Londrina (PR),Região Metropolitana de Londrina,Londrina (PR),RM,Lei Complementar 165,14.11.2013,integrante,2025-12-31
4116109,PR,RM de Campo Mourão (PR),Região Metropolitana de Campo Mourão,Campo Mourão (PR),RM,Lei Complementar 185,12.01.2015,integrante,2025-12-31
4116307,PR,RM de Maringá (PR),Região Metropolitana de Maringá,Maringá (PR),RM,Lei Complementar 127,17.02.2010,integrante,2025-12-31
4116703,PR,RM de Cascavel (PR),Região Metropolitana de Cascavel,Cascavel (PR),RM,Lei Complementar 186,12.01.2015,integrante,2025-12-31
4116802,PR,RM de Campo Mourão (PR),Região Metropolitana de Campo Mourão,Campo Mourão (PR),RM,Lei Complementar 185,12.01.2015,integrante,2025-12-31
4116901,PR,RM de Maringá (PR),Região Metropolitana de Maringá,Maringá (PR),RM,Lei Complementar 145,24.04.2012,integrante,2025-12-31
4117206,PR,RM de Umuarama (PR),Região Metropolitana de Umuarama,Umuarama (PR),RM,Lei Complementar 149,22.08.2012,integrante,2025-12-31
4117222,PR,RM de Toledo (PR),Região Metropolitana de Toledo,Toledo (PR),RM,Lei Complementar 184,12.01.2015,integrante,2025-12-31
4117297,PR,RM de Apucarana (PR),Região Metropolitana de Apucarana,Apucarana (PR),RM,Lei Complementar 187,12.01.2015,integrante,2025-12-31
4117404,PR,RM de Maringá (PR),Região Metropolitana de Maringá,Maringá (PR),RM,Lei Complementar 127,17.02.2010,integrante,2025-12-31
4117453,PR,RM de Toledo (PR),Região Metropolitana de Toledo,Toledo (PR),RM,Lei Complementar 184,12.01.2015,integrante,2025-12-31
4117503,PR,RM de Maringá (PR),Região Metropolitana de Maringá,Maringá (PR),RM,Lei Complementar 83,17.07.1998,integrante,2025-12-31
4117909,PR,RM de Toledo (PR),Região Metropolitana de Toledo,Toledo (PR),RM,Lei Complementar 184,12.01.2015,integrante,2025-12-31
4118451,PR,RM de Toledo (PR),Região Metropolitana de Toledo,Toledo (PR),RM,Lei Complementar 184,12.01.2015,integrante,2025-12-31
4118808,PR,RM de Campo Mourão (PR),Região Metropolitana de Campo Mourão,Campo Mourão (PR),RM,Lei Complementar 185,12.01.2015,integrante,2025-12-31
4118857,PR,RM de Umuarama (PR),Região Metropolitana de Umuarama,Umuarama (PR),RM,Lei Complementar 149,22.08.2012,integrante,2025-12-31
4118907,PR,RM de Umuarama (PR),Região Metropolitana de Umuarama,Umuarama (PR),RM,Lei Complementar 149,22.08.2012,integrante,2025-12-31
4119103,PR,RM de Curitiba (PR),Região Metropolitana de Curitiba,Curitiba (PR),RM,Lei Complementar 139,09.12.2011,integrante,2025-12-31
4119152,PR,RM de Curitiba (PR),Região Metropolitana de Curitiba,Curitiba (PR),RM,Lei 11027,29.12.1994,integrante,2025-12-31
4119509,PR,RM de Curitiba (PR),Região Metropolitana de Curitiba,Curitiba (PR),RM,Lei Complementar 014 (Federal),08.06.1973,integrante,2025-12-31
4119657,PR,RM de Londrina (PR),Região Metropolitana de Londrina,Londrina (PR),RM,Lei Complementar 144,05.04.2012,integrante,2025-12-31
4120002,PR,RM de Londrina (PR),Região Metropolitana de Londrina,Londrina (PR),RM,Lei Complementar 147,16.07.2012,integrante,2025-12-31
4120333,PR,RM de Londrina (PR),Região Metropolitana de Londrina,Londrina (PR),RM,Lei Complementar 165,14.11.2013,integrante,2025-12-31
4120408,PR,RM de Maringá (PR),Região Metropolitana de Maringá,Maringá (PR),RM,Lei Complementar 127,17.02.2010,integrante,2025-12-31
4120507,PR,RM de Londrina (PR),Região Metropolitana de Londrina,Londrina (PR),RM,Lei Complementar 129,14.07.2010,integrante,2025-12-31
4120655,PR,RM de Campo Mourão (PR),Região Metropolitana de Campo Mourão,Campo Mourão (PR),RM,Lei Complementar 185,12.01.2015,integrante,2025-12-31
4120804,PR,RM de Curitiba (PR),Região Metropolitana de Curitiba,Curitiba (PR),RM,Lei Complementar 014 (Federal),08.06.1973,integrante,2025-12-31
4120853,PR,RM de Toledo (PR),Região Metropolitana de Toledo,Toledo (PR),RM,Lei Complementar 184,12.01.2015,integrante,2025-12-31
4121109,PR,RM de Campo Mourão (PR),Região Metropolitana de Campo Mourão,Campo Mourão (PR),RM,Lei Complementar 185,12.01.2015,integrante,2025-12-31
4121208,PR,RM de Curitiba (PR),Região Metropolitana de Curitiba,Curitiba (PR),RM,Lei 11027,29.12.1994,integrante,2025-12-31
4121307,PR,RM de Londrina (PR),Região Metropolitana de Londrina,Londrina (PR),RM,Lei Complementar 165,14.11.2013,integrante,2025-12-31
4121356,PR,RM de Campo Mourão (PR),Região Metropolitana de Campo Mourão,Campo Mourão (PR),RM,Lei Complementar 185,12.01.2015,integrante,2025-12-31
4122107,PR,RM de Apucarana (PR),Região Metropolitana de Apucarana,Apucarana (PR),RM,Lei Complementar 187,12.01.2015,integrante,2025-12-31
4122172,PR,RM de Apucarana (PR),Região Metropolitana de Apucarana,Apucarana (PR),RM,Lei Complementar 187,12.01.2015,integrante,2025-12-31
4122206,PR,RM de Curitiba (PR),Região Metropolitana de Curitiba,Curitiba (PR),RM,Lei Complementar 014 (Federal),08.06.1973,integrante,2025-12-31
4122305,PR,RM de Curitiba (PR),Região Metropolitana de Curitiba,Curitiba (PR),RM,Lei Complementar 139,09.12.2011,integrante,2025-12-31
4122404,PR,RM de Londrina (PR),Região Metropolitana de Londrina,Londrina (PR),RM,Lei Complementar 81,17.06.1998,integrante,2025-12-31
4122503,PR,RM de Campo Mourão (PR),Região Metropolitana de Campo Mourão,Campo Mourão (PR),RM,Lei Complementar 185,12.01.2015,integrante,2025-12-31
4122651,PR,RM de Apucarana (PR),Região Metropolitana de Apucarana,Apucarana (PR),RM,Lei Complementar 187,12.01.2015,integrante,2025-12-31
4122701,PR,RM de Londrina (PR),Região Metropolitana de Londrina,Londrina (PR),RM,Lei Complementar 144,05.04.2012,integrante,2025-12-31
4123402,PR,RM de Maringá (PR),Região Metropolitana de Maringá,Maringá (PR),RM,Lei Complementar 127,17.02.2010,integrante,2025-12-31
4123501,PR,RM de Toledo (PR),Região Metropolitana de Toledo,Toledo (PR),RM,Lei Complementar 184,12.01.2015,integrante,2025-12-31
4123824,PR,RM de Cascavel (PR),Região Metropolitana de Cascavel,Cascavel (PR),RM,Lei Complementar 186,12.01.2015,integrante,2025-12-31
4124020,PR,RM de Cascavel (PR),Região Metropolitana de Cascavel,Cascavel (PR),RM,Lei Complementar 186,12.01.2015,integrante,2025-12-31
4125001,PR,RM de Apucarana (PR),Região Metropolitana de Apucarana,Apucarana (PR),RM,Lei Complementar 187,12.01.2015,integrante,2025-12-31
4125308,PR,RM de Maringá (PR),Região Metropolitana de Maringá,Maringá (PR),RM,Lei Complementar 127,17.02.2010,integrante,2025-12-31
4125357,PR,RM de Umuarama (PR),Região Metropolitana de Umuarama,Umuarama (PR),RM,Lei Complementar 149,22.08.2012,integrante,2025-12-31
4125456,PR,RM de Toledo (PR),Região Metropolitana de Toledo,Toledo (PR),RM,Lei Complementar 184,12.01.2015,integrante,2025-12-31
4125506,PR,RM de Curitiba (PR),Região Metropolitana de Curitiba,Curitiba (PR),RM,Lei Complementar 014 (Federal),08.06.1973,integrante,2025-12-31
4125753,PR,RM de Toledo (PR),Região Metropolitana de Toledo,Toledo (PR),RM,Lei Complementar 184,12.01.2015,integrante,2025-12-31
4125803,PR,RM de Apucarana (PR),Região Metropolitana de Apucarana,Apucarana (PR),RM,Lei Complementar 187,12.01.2015,integrante,2025-12-31
4126256,PR,RM de Maringá (PR),Região Metropolitana de Maringá,Maringá (PR),RM,Lei Complementar 83,17.07.1998,integrante,2025-12-31
4126405,PR,RM de Londrina (PR),Região Metropolitana de Londrina,Londrina (PR),RM,Lei Complementar 165,14.11.2013,integrante,2025-12-31
4126504,PR,RM de Londrina (PR),Região Metropolitana de Londrina,Londrina (PR),RM,Lei Complementar 91,05.06.2002,integrante,2025-12-31
4126678,PR,RM de Londrina (PR),Região Metropolitana de Londrina,Londrina (PR),RM,Lei Complementar 81,17.06.1998,integrante,2025-12-31
4126801,PR,RM de Umuarama (PR),Região Metropolitana de Umuarama,Umuarama (PR),RM,Lei Complementar 149,22.08.2012,integrante,2025-12-31
4126900,PR,RM de Umuarama (PR),Região Metropolitana de Umuarama,Umuarama (PR),RM,Lei Complementar 149,22.08.2012,integrante,2025-12-31
4127205,PR,RM de Campo Mourão (PR),Região Metropolitana de Campo Mourão,Campo Mourão (PR),RM,Lei Complementar 185,12.01.2015,integrante,2025-12-31
4127403,PR,RM de Toledo (PR),Região Metropolitana de Toledo,Toledo (PR),RM,Lei Complementar 184,12.01.2015,integrante,2025-12-31
4127601,PR,RM de Curitiba (PR),Região Metropolitana de Curitiba,Curitiba (PR),RM,Lei 11027,29.12.1994,integrante,2025-12-31
4127700,PR,RM de Toledo (PR),Região Metropolitana de Toledo,Toledo (PR),RM,Lei Complementar 184,12.01.2015,integrante,2025-12-31
4127858,PR,RM de Cascavel (PR),Região Metropolitana de Cascavel,Cascavel (PR),RM,Lei Complementar 186,12.01.2015,integrante,2025-12-31
4127882,PR,RM de Curitiba (PR),Região Metropolitana de Curitiba,Curitiba (PR),RM,Lei 11027,29.12.1994,integrante,2025-12-31
4127908,PR,RM de Umuarama (PR),Região Metropolitana de Umuarama,Umuarama (PR),RM,Lei Complementar 162,15.10.2013,integrante,2025-12-31
4127957,PR,RM de Toledo (PR),Região Metropolitana de Toledo,Toledo (PR),RM,Lei Complementar 184,12.01.2015,integrante,2025-12-31
4128005,PR,RM de Campo Mourão (PR),Região Metropolitana de Campo Mourão,Campo Mourão (PR),RM,Lei Complementar 185,12.01.2015,integrante,2025-12-31
4128104,PR,RM de Umuarama (PR),Região Metropolitana de Umuarama,Umuarama (PR),RM,Lei Complementar 149,22.08.2012,integrante,2025-12-31
4128401,PR,RM de Londrina (PR),Região Metropolitana de Londrina,Londrina (PR),RM,Lei Complementar 165,14.11.2013,integrante,2025-12-31
4128559,PR,RM de Cascavel (PR),Região Metropolitana de Cascavel,Cascavel (PR),RM,Lei Complementar 186,12.01.2015,integrante,2025-12-31
4128625,PR,RM de Umuarama (PR),Região Metropolitana de Umuarama,Umuarama (PR),RM,Lei Complementar 149,22.08.2012,integrante,2025-12-31
4128633,PR,RM de Curitiba (PR),Região Metropolitana de Curitiba,Curitiba (PR),RM,Lei 11027,29.12.1994,integrante,2025-12-31
4128807,PR,RM de Umuarama (PR),Região Metropolitana de Umuarama,Umuarama (PR),RM,Lei Complementar 149,22.08.2012,integrante,2025-12-31
4200051,SC,RM do Contestado (SC),Região Metropolitana do Contestado,Contestado (SC),RM,Lei Complementar 571,24.05.2012,Núcleo Metropolitano,2025-12-31
4200101,SC,RM do Extremo Oeste (SC),Região Metropolitana do Extremo Oeste,Extremo Oeste (SC),RM,Lei Complementar 571,24.05.2012,Área de Expansão Metropolitana,2025-12-31
4200200,SC,RM do Alto Vale do Itajaí (SC),Região Metropolitana do Alto Vale do Itajaí,Alto Vale do Itajaí (SC),RM,Lei Complementar 523,20.12.2010,Área de Expansão Metropolitana,2025-12-31
4200309,SC,RM do Alto Vale do Itajaí (SC),Região Metropolitana do Alto Vale do Itajaí,Alto Vale do Itajaí (SC),RM,Lei Complementar 523,20.12.2010,Área de Expansão Metropolitana,2025-12-31
4200408,SC,RM do Contestado (SC),Região Metropolitana do Contestado,Contestado (SC),RM,Lei Complementar 571,24.05.2012,Núcleo Metropolitano,2025-12-31
4200507,SC,RM de Chapecó (SC),Região Metropolitana de Chapecó,Chapecó (SC),RM,Lei Complementar 523,20.12.2010,Núcleo Metropolitano,2025-12-31
4200556,SC,RM de Chapecó (SC),Região Metropolitana de Chapecó,Chapecó (SC),RM,Lei Complementar 523,20.12.2010,Núcleo Metropolitano,2025-12-31
4200606,SC,RM de Florianópolis (SC),Região Metropolitana de Florianópolis,Florianópolis (SC),RM,Lei Complementar 636,09.09.2014,Núcleo Metropolitano,2025-12-31
4200705,SC,RM de Florianópolis (SC),Região Metropolitana de Florianópolis,Florianópolis (SC),RM,Lei Complementar 636,09.09.2014,Área de Expansão Metropolitana,2025-12-31
4200754,SC,RM do Contestado (SC),Região Metropolitana do Contestado,Contestado (SC),RM,Lei Complementar 571,24.05.2012,Núcleo Metropolitano,2025-12-31
4200804,SC,RM do Extremo Oeste (SC),Região Metropolitana do Extremo Oeste,Extremo Oeste (SC),RM,Lei Complementar 571,24.05.2012,Área de Expansão Metropolitana,2025-12-31
4200903,SC,RM de Florianópolis (SC),Região Metropolitana de Florianópolis,Florianópolis (SC),RM,Lei Complementar 636,09.09.2014,Área de Expansão Metropolitana,2025-12-31
4201000,SC,RM de Lages (SC),Região Metropolitana de Lages,Lages (SC),RM,Lei Complementar Promulgada 495,26.01.2010,Área de Expansão Metropolitana,2025-12-31
4201109,SC,RM de Florianópolis (SC),Região Metropolitana de Florianópolis,Florianópolis (SC),RM,Lei Complementar 636,09.09.2014,Área de Expansão Metropolitana,2025-12-31
4201208,SC,RM de Florianópolis (SC),Região Metropolitana de Florianópolis,Florianópolis (SC),RM,Lei Complementar 636,09.09.2014,Núcleo Metropolitano,2025-12-31
4201257,SC,RM do Vale Europeu (SC),Região Metropolitana do Vale Europeu,RM do Vale Europeu (SC),RM,Lei Complementar 860,22.05.2024,Área de Expansão Metropolitana,2025-12-31
4201273,SC,RM do Contestado (SC),Região Metropolitana do Contestado,Contestado (SC),RM,Lei Complementar 571,24.05.2012,Núcleo Metropolitano,2025-12-31
4201307,SC,RM de Joinville (SC),Região Metropolitana de Joinville,Joinville (SC),RM,Lei Complementar Estadual 788,29.12.2021,Núcleo Metropolitano,2025-12-31
4201307,SC,RM do Norte/Nordeste Catarinense (SC),Região Metropolitana do Norte/Nordeste Catarinense,Norte/Nordeste Catarinense (SC),RM,Lei Complementar 162,06.01.1998,Núcleo Metropolitano,2025-12-31
4201406,SC,RM Carbonífera (SC),Região Metropolitana Carbonífera,Carbonífera (SC),RM,Lei Complementar Promulgada 495,26.01.2010,Área de Expansão Metropolitana,2025-12-31
4201505,SC,RM de Tubarão (SC),Região Metropolitana de Tubarão,Tubarão (SC),RM,Lei Complementar 221,09.01.2002,Área de Expansão Metropolitana,2025-12-31
4201604,SC,RM do Contestado (SC),Região Metropolitana do Contestado,Contestado (SC),RM,Lei Complementar 571,24.05.2012,Núcleo Metropolitano,2025-12-31
4201653,SC,RM de Chapecó (SC),Região Metropolitana de Chapecó,Chapecó (SC),RM,Lei Complementar 523,20.12.2010,Núcleo Metropolitano,2025-12-31
4201703,SC,RM do Vale Europeu (SC),Região Metropolitana do Vale Europeu,RM do Vale Europeu (SC),RM,Lei Complementar 860,22.05.2024,Área de Expansão Metropolitana,2025-12-31
4201802,SC,RM do Alto Vale do Itajaí (SC),Região Metropolitana do Alto Vale do Itajaí,Alto Vale do Itajaí (SC),RM,Lei Complementar 523,20.12.2010,Área de Expansão Metropolitana,2025-12-31
4201901,SC,RM do Alto Vale do Itajaí (SC),Região Metropolitana do Alto Vale do Itajaí,Alto Vale do Itajaí (SC),RM,Lei Complementar 523,20.12.2010,Área de Expansão Metropolitana,2025-12-31
4201950,SC,RM Carbonífera (SC),Região Metropolitana Carbonífera,Carbonífera (SC),RM,Lei Complementar Promulgada 495,26.01.2010,Área de Expansão Metropolitana,2025-12-31
4202008,SC,RM da Foz do Rio Itajaí (SC),Região Metropolitana da Foz do Rio Itajaí,Foz do Rio Itajaí (SC),RM,Lei Complementar 221,09.01.2002,Núcleo Metropolitano,2025-12-31
4202057,SC,RM de Joinville (SC),Região Metropolitana de Joinville,Joinville (SC),RM,Lei Complementar Estadual 788,29.12.2021,Área de Expansão Metropolitana,2025-12-31
4202057,SC,RM do Norte/Nordeste Catarinense (SC),Região Metropolitana do Norte/Nordeste Catarinense,Norte/Nordeste Catarinense (SC),RM,Lei Complementar 162,06.01.1998,Área de Expansão Metropolitana,2025-12-31
4202073,SC,RM Carbonífera (SC),Região Metropolitana Carbonífera,Carbonífera (SC),RM,Lei Complementar Promulgada 495,26.01.2010,Área de Expansão Metropolitana,2025-12-31
4202081,SC,RM do Extremo Oeste (SC),Região Metropolitana do Extremo Oeste,Extremo Oeste (SC),RM,Lei Complementar 571,24.05.2012,Núcleo Metropolitano,2025-12-31
4202099,SC,RM do Extremo Oeste (SC),Região Metropolitana do Extremo Oeste,Extremo Oeste (SC),RM,Lei Complementar 571,24.05.2012,Núcleo Metropolitano,2025-12-31
4202107,SC,RM de Jaraguá do Sul (SC),Região Metropolitana de Jaraguá do Sul,Jaraguá do Sul (SC),RM,Lei Complementar Estadual 788,29.12.2021,Área de Expansão Metropolitana,2025-12-31
4202107,SC,RM do Norte/Nordeste Catarinense (SC),Região Metropolitana do Norte/Nordeste Catarinense,Norte/Nordeste Catarinense (SC),RM,Lei Complementar 162,06.01.1998,Área de Expansão Metropolitana,2025-12-31
4202131,SC,RM do Norte/Nordeste Catarinense (SC),Região Metropolitana do Norte/Nordeste Catarinense,Norte/Nordeste Catarinense (SC),RM,Lei Complementar 523,20.12.2010,Área de Expansão Metropolitana,2025-12-31
4202131,SC,RM do Planalto Norte (SC),Região Metropolitana do Planalto Norte,Planalto Norte (SC),RM,Lei Complementar Estadual 788,29.12.2021,Área de Expansão Metropolitana,2025-12-31
4202156,SC,RM do Extremo Oeste (SC),Região Metropolitana do Extremo Oeste,Extremo Oeste (SC),RM,Lei Complementar 571,24.05.2012,Núcleo Metropolitano,2025-12-31
4202206,SC,RM do Vale Europeu (SC),Região Metropolitana do Vale Europeu,RM do Vale Europeu (SC),RM,Lei Complementar 860,22.05.2024,Área de Expansão Metropolitana,2025-12-31
4202305,SC,RM de Florianópolis (SC),Região Metropolitana de Florianópolis,Florianópolis (SC),RM,Lei Complementar 636,09.09.2014,Núcleo Metropolitano,2025-12-31
4202404,SC,RM do Vale Europeu (SC),Região Metropolitana do Vale Europeu,RM do Vale Europeu (SC),RM,Lei Complementar 860,22.05.2024,Núcleo Metropolitano,2025-12-31
4202438,SC,RM de Lages (SC),Região Metropolitana de Lages,Lages (SC),RM,Lei Complementar Promulgada 495,26.01.2010,Área de Expansão Metropolitana,2025-12-31
4202453,SC,RM da Foz do Rio Itajaí (SC),Região Metropolitana da Foz do Rio Itajaí,Foz do Rio Itajaí (SC),RM,Lei Complementar 221,09.01.2002,Área de Expansão Metropolitana,2025-12-31
4202503,SC,RM de Lages (SC),Região Metropolitana de Lages,Lages (SC),RM,Lei Complementar Promulgada 495,26.01.2010,Área de Expansão Metropolitana,2025-12-31
4202537,SC,RM do Extremo Oeste (SC),Região Metropolitana do Extremo Oeste,Extremo Oeste (SC),RM,Lei Complementar 571,24.05.2012,Área de Expansão Metropolitana,2025-12-31
4202578,SC,RM do Extremo Oeste (SC),Região Metropolitana do Extremo Oeste,Extremo Oeste (SC),RM,Lei Complementar 571,24.05.2012,Área de Expansão Metropolitana,2025-12-31
4202602,SC,RM de Lages (SC),Região Metropolitana de Lages,Lages (SC),RM,Lei Complementar Promulgada 495,26.01.2010,Área de Expansão Metropolitana,2025-12-31
4202701,SC,RM do Vale Europeu (SC),Região Metropolitana do Vale Europeu,RM do Vale Europeu (SC),RM,Lei Complementar 860,22.05.2024,Área de Expansão Metropolitana,2025-12-31
4202800,SC,RM de Tubarão (SC),Região Metropolitana de Tubarão,Tubarão (SC),RM,Lei Complementar 221,09.01.2002,Área de Expansão Metropolitana,2025-12-31
4202859,SC,RM do Alto Vale do Itajaí (SC),Região Metropolitana do Alto Vale do Itajaí,Alto Vale do Itajaí (SC),RM,Lei Complementar 523,20.12.2010,Área de Expansão Metropolitana,2025-12-31
4202875,SC,RM do Contestado (SC),Região Metropolitana do Contestado,Contestado (SC),RM,Lei Complementar 571,24.05.2012,Núcleo Metropolitano,2025-12-31
4202909,SC,RM do Vale Europeu (SC),Região Metropolitana do Vale Europeu,RM do Vale Europeu (SC),RM,Lei Complementar 860,22.05.2024,Área de Expansão Metropolitana,2025-12-31
4203006,SC,RM do Contestado (SC),Região Metropolitana do Contestado,Contestado (SC),RM,Lei Complementar 571,24.05.2012,Núcleo Metropolitano,2025-12-31
4203105,SC,RM do Extremo Oeste (SC),Região Metropolitana do Extremo Oeste,Extremo Oeste (SC),RM,Lei Complementar 571,24.05.2012,Área de Expansão Metropolitana,2025-12-31
4203154,SC,RM do Contestado (SC),Região Metropolitana do Contestado,Contestado (SC),RM,Lei Complementar 571,24.05.2012,Núcleo Metropolitano,2025-12-31
4203204,SC,RM da Foz do Rio Itajaí (SC),Região Metropolitana da Foz do Rio Itajaí,Foz do Rio Itajaí (SC),RM,Lei Complementar 221,09.01.2002,Núcleo Metropolitano,2025-12-31
4203253,SC,RM de Lages (SC),Região Metropolitana de Lages,Lages (SC),RM,Lei Complementar Promulgada 495,26.01.2010,Área de Expansão Metropolitana,2025-12-31
4203303,SC,RM de Joinville (SC),Região Metropolitana de Joinville,Joinville (SC),RM,Lei Complementar Estadual 788,29.12.2021,Área de Expansão Metropolitana,2025-12-31
4203303,SC,RM do Norte/Nordeste Catarinense (SC),Região Metropolitana do Norte/Nordeste Catarinense,Norte/Nordeste Catarinense (SC),RM,Lei Complementar 162,06.01.1998,Área de Expansão Metropolitana,2025-12-31
4203402,SC,RM de Lages (SC),Região Metropolitana de Lages,Lages (SC),RM,Lei Complementar Promulgada 495,26.01.2010,Área de Expansão Metropolitana,2025-12-31
4203501,SC,RM do Extremo Oeste (SC),Região Metropolitana do Extremo Oeste,Extremo Oeste (SC),RM,Lei Complementar 571,24.05.2012,Área de Expansão Metropolitana,2025-12-31
4203600,SC,RM do Contestado (SC),Região Metropolitana do Contestado,Contestado (SC),RM,Lei Complementar 571,24.05.2012,Núcleo Metropolitano,2025-12-31
4203709,SC,RM de Florianópolis (SC),Região Metropolitana de Florianópolis,Florianópolis (SC),RM,Lei Complementar 636,09.09.2014,Área de Expansão Metropolitana,2025-12-31
4203808,SC,RM do Norte/Nordeste Catarinense (SC),Região Metropolitana do Norte/Nordeste Catarinense,Norte/Nordeste Catarinense (SC),RM,Lei Complementar 523,20.12.2010,Área de Expansão Metropolitana,2025-12-31
4203808,SC,RM do Planalto Norte (SC),Região Metropolitana do Planalto Norte,Planalto Norte (SC),RM,Lei Complementar Estadual 788,29.12.2021,Núcleo Metropolitano,2025-12-31
4203907,SC,RM do Contestado (SC),Região Metropolitana do Contestado,Contestado (SC),RM,Lei Complementar 571,24.05.2012,Núcleo Metropolitano,2025-12-31
4203956,SC,RM de Tubarão (SC),Região Metropolitana de Tubarão,Tubarão (SC),RM,Lei Complementar 221,09.01.2002,Núcleo Metropolitano,2025-12-31
4204004,SC,RM do Contestado (SC),Região Metropolitana do Contestado,Contestado (SC),RM,Lei Complementar 571,24.05.2012,Núcleo Metropolitano,2025-12-31
4204103,SC,RM de Chapecó (SC),Região Metropolitana de Chapecó,Chapecó (SC),RM,Lei Complementar 523,20.12.2010,Área de Expansão Metropolitana,2025-12-31
4204152,SC,RM do Contestado (SC),Região Metropolitana do Contestado,Contestado (SC),RM,Lei Complementar 571,24.05.2012,Núcleo Metropolitano,2025-12-31
4204178,SC,RM de Lages (SC),Região Metropolitana de Lages,Lages (SC),RM,Lei Complementar Promulgada 495,26.01.2010,Área de Expansão Metropolitana,2025-12-31
4204194,SC,RM do Alto Vale do Itajaí (SC),Região Metropolitana do Alto Vale do Itajaí,Alto Vale do Itajaí (SC),RM,Lei Complementar 523,20.12.2010,Área de Expansão Metropolitana,2025-12-31
4204202,SC,RM de Chapecó (SC),Região Metropolitana de Chapecó,Chapecó (SC),RM,Lei Complementar 523,20.12.2010,Núcleo Metropolitano,2025-12-31
4204251,SC,RM Carbonífera (SC),Região Metropolitana Carbonífera,Carbonífera (SC),RM,Lei Complementar 221,09.01.2002,Núcleo Metropolitano,2025-12-31
4204301,SC,RM do Contestado (SC),Região Metropolitana do Contestado,Contestado (SC),RM,Lei Complementar 571,24.05.2012,Núcleo Metropolitano,2025-12-31
4204350,SC,RM de Chapecó (SC),Região Metropolitana de Chapecó,Chapecó (SC),RM,Lei Complementar 571,24.05.2012,Núcleo Metropolitano,2025-12-31
4204400,SC,RM de Chapecó (SC),Região Metropolitana de Chapecó,Chapecó (SC),RM,Lei Complementar 523,20.12.2010,Núcleo Metropolitano,2025-12-31
4204459,SC,RM do Extremo Oeste (SC),Região Metropolitana do Extremo Oeste,Extremo Oeste (SC),RM,Lei Complementar 571,24.05.2012,Área de Expansão Metropolitana,2025-12-31
4204509,SC,RM de Jaraguá do Sul (SC),Região Metropolitana de Jaraguá do Sul,Jaraguá do Sul (SC),RM,Lei Complementar Estadual 788,29.12.2021,Área de Expansão Metropolitana,2025-12-31
4204509,SC,RM do Norte/Nordeste Catarinense (SC),Região Metropolitana do Norte/Nordeste Catarinense,Norte/Nordeste Catarinense (SC),RM,Lei Complementar 162,06.01.1998,Área de Expansão Metropolitana,2025-12-31
4204558,SC,RM de Lages (SC),Região Metropolitana de Lages,Lages (SC),RM,Lei Complementar Promulgada 495,26.01.2010,Núcleo Metropolitano,2025-12-31
4204608,SC,RM Carbonífera (SC),Região Metropolitana Carbonífera,Carbonífera (SC),RM,Lei Complementar 221,09.01.2002,Núcleo Metropolitano,2025-12-31
4204707,SC,RM do Extremo Oeste (SC),Região Metropolitana do Extremo Oeste,Extremo Oeste (SC),RM,Lei Complementar 571,24.05.2012,Núcleo Metropolitano,2025-12-31
4204756,SC,RM de Chapecó (SC),Região Metropolitana de Chapecó,Chapecó (SC),RM,Lei Complementar 523,20.12.2010,Área de Expansão Metropolitana,2025-12-31
4204806,SC,RM de Lages (SC),Região Metropolitana de Lages,Lages (SC),RM,Lei Complementar Promulgada 495,26.01.2010,Área de Expansão Metropolitana,2025-12-31
4204905,SC,RM do Extremo Oeste (SC),Região Metropolitana do Extremo Oeste,Extremo Oeste (SC),RM,Lei Complementar 571,24.05.2012,Núcleo Metropolitano,2025-12-31
4205001,SC,RM do Extremo Oeste (SC),Região Metropolitana do Extremo Oeste,Extremo Oeste (SC),RM,Lei Complementar 571,24.05.2012,Núcleo Metropolitano,2025-12-31
4205100,SC,RM do Alto Vale do Itajaí (SC),Região Metropolitana do Alto Vale do Itajaí,Alto Vale do Itajaí (SC),RM,Lei Complementar 523,20.12.2010,Área de Expansão Metropolitana,2025-12-31
4205159,SC,RM do Vale Europeu (SC),Região Metropolitana do Vale Europeu,RM do Vale Europeu (SC),RM,Lei Complementar 860,22.05.2024,Área de Expansão Metropolitana,2025-12-31
4205175,SC,RM do Extremo Oeste (SC),Região Metropolitana do Extremo Oeste,Extremo Oeste (SC),RM,Lei Complementar 571,24.05.2012,Área de Expansão Metropolitana,2025-12-31
4205191,SC,RM Carbonífera (SC),Região Metropolitana Carbonífera,Carbonífera (SC),RM,Lei Complementar Promulgada 495,26.01.2010,Área de Expansão Metropolitana,2025-12-31
4205209,SC,RM do Contestado (SC),Região Metropolitana do Contestado,Contestado (SC),RM,Lei Complementar 571,24.05.2012,Núcleo Metropolitano,2025-12-31
4205308,SC,RM de Chapecó (SC),Região Metropolitana de Chapecó,Chapecó (SC),RM,Lei Complementar 523,20.12.2010,Área de Expansão Metropolitana,2025-12-31
4205357,SC,RM do Extremo Oeste (SC),Região Metropolitana do Extremo Oeste,Extremo Oeste (SC),RM,Lei Complementar 571,24.05.2012,Núcleo Metropolitano,2025-12-31
4205407,SC,RM de Florianópolis (SC),Região Metropolitana de Florianópolis,Florianópolis (SC),RM,Lei Complementar 636,09.09.2014,Núcleo Metropolitano,2025-12-31
4205431,SC,RM do Extremo Oeste (SC),Região Metropolitana do Extremo Oeste,Extremo Oeste (SC),RM,Lei Complementar 571,24.05.2012,Área de Expansão Metropolitana,2025-12-31
4205456,SC,RM Carbonífera (SC),Região Metropolitana Carbonífera,Carbonífera (SC),RM,Lei Complementar 221,09.01.2002,Núcleo Metropolitano,2025-12-31
4205506,SC,RM do Contestado (SC),Região Metropolitana do Contestado,Contestado (SC),RM,Lei Complementar 571,24.05.2012,Núcleo Metropolitano,2025-12-31
4205555,SC,RM de Lages (SC),Região Metropolitana de Lages,Lages (SC),RM,Lei Complementar Promulgada 495,26.01.2010,Área de Expansão Metropolitana,2025-12-31
4205605,SC,RM do Extremo Oeste (SC),Região Metropolitana do Extremo Oeste,Extremo Oeste (SC),RM,Lei Complementar 571,24.05.2012,Área de Expansão Metropolitana,2025-12-31
4205704,SC,RM de Florianópolis (SC),Região Metropolitana de Florianópolis,Florianópolis (SC),RM,Lei Complementar 636,09.09.2014,Área de Expansão Metropolitana,2025-12-31
4205803,SC,RM de Joinville (SC),Região Metropolitana de Joinville,Joinville (SC),RM,Lei Complementar Estadual 788,29.12.2021,Área de Expansão Metropolitana,2025-12-31
4205803,SC,RM do Norte/Nordeste Catarinense (SC),Região Metropolitana do Norte/Nordeste Catarinense,Norte/Nordeste Catarinense (SC),RM,Lei Complementar 162,06.01.1998,Área de Expansão Metropolitana,2025-12-31
4205902,SC,RM do Vale Europeu (SC),Região Metropolitana do Vale Europeu,RM do Vale Europeu (SC),RM,Lei Complementar 860,22.05.2024,Núcleo Metropolitano,2025-12-31
4206009,SC,RM de Florianópolis (SC),Região Metropolitana de Florianópolis,Florianópolis (SC),RM,Lei Complementar 636,09.09.2014,Núcleo Metropolitano,2025-12-31
4206108,SC,RM de Tubarão (SC),Região Metropolitana de Tubarão,Tubarão (SC),RM,Lei Complementar 221,09.01.2002,Área de Expansão Metropolitana,2025-12-31
4206207,SC,RM de Tubarão (SC),Região Metropolitana de Tubarão,Tubarão (SC),RM,Lei Complementar 221,09.01.2002,Núcleo Metropolitano,2025-12-31
4206306,SC,RM do Vale Europeu (SC),Região Metropolitana do Vale Europeu,RM do Vale Europeu (SC),RM,Lei Complementar 860,22.05.2024,Área de Expansão Metropolitana,2025-12-31
4206405,SC,RM do Extremo Oeste (SC),Região Metropolitana do Extremo Oeste,Extremo Oeste (SC),RM,Lei Complementar 571,24.05.2012,Núcleo Metropolitano,2025-12-31
4206504,SC,RM de Jaraguá do Sul (SC),Região Metropolitana de Jaraguá do Sul,Jaraguá do Sul (SC),RM,Lei Complementar Estadual 788,29.12.2021,Núcleo Metropolitano,2025-12-31
4206504,SC,RM do Norte/Nordeste Catarinense (SC),Região Metropolitana do Norte/Nordeste Catarinense,Norte/Nordeste Catarinense (SC),RM,Lei Complementar 162,06.01.1998,Área de Expansão Metropolitana,2025-12-31
4206603,SC,RM do Extremo Oeste (SC),Região Metropolitana do Extremo Oeste,Extremo Oeste (SC),RM,Lei Complementar 571,24.05.2012,Núcleo Metropolitano,2025-12-31
4206652,SC,RM de Chapecó (SC),Região Metropolitana de Chapecó,Chapecó (SC),RM,Lei Complementar 523,20.12.2010,Núcleo Metropolitano,2025-12-31
4206702,SC,RM do Contestado (SC),Região Metropolitana do Contestado,Contestado (SC),RM,Lei Complementar 571,24.05.2012,Núcleo Metropolitano,2025-12-31
4206751,SC,RM do Contestado (SC),Região Metropolitana do Contestado,Contestado (SC),RM,Lei Complementar 571,24.05.2012,Núcleo Metropolitano,2025-12-31
4206801,SC,RM do Contestado (SC),Região Metropolitana do Contestado,Contestado (SC),RM,Lei Complementar 571,24.05.2012,Núcleo Metropolitano,2025-12-31
4206900,SC,RM do Alto Vale do Itajaí (SC),Região Metropolitana do Alto Vale do Itajaí,Alto Vale do Itajaí (SC),RM,Lei Complementar 523,20.12.2010,Núcleo Metropolitano,2025-12-31
4207007,SC,RM Carbonífera (SC),Região Metropolitana Carbonífera,Carbonífera (SC),RM,Lei Complementar 221,09.01.2002,Núcleo Metropolitano,2025-12-31
4207106,SC,RM do Vale Europeu (SC),Região Metropolitana do Vale Europeu,RM do Vale Europeu (SC),RM,Lei Complementar 860,22.05.2024,Área de Expansão Metropolitana,2025-12-31
4207205,SC,RM de Tubarão (SC),Região Metropolitana de Tubarão,Tubarão (SC),RM,Lei Complementar 221,09.01.2002,Área de Expansão Metropolitana,2025-12-31
4207304,SC,RM de Tubarão (SC),Região Metropolitana de Tubarão,Tubarão (SC),RM,Lei Complementar 221,09.01.2002,Área de Expansão Metropolitana,2025-12-31
4207403,SC,RM do Alto Vale do Itajaí (SC),Região Metropolitana do Alto Vale do Itajaí,Alto Vale do Itajaí (SC),RM,Lei Complementar 523,20.12.2010,Área de Expansão Metropolitana,2025-12-31
4207502,SC,RM do Vale Europeu (SC),Região Metropolitana do Vale Europeu,RM do Vale Europeu (SC),RM,Lei Complementar 860,22.05.2024,Núcleo Metropolitano,2025-12-31
4207577,SC,RM do Contestado (SC),Região Metropolitana do Contestado,Contestado (SC),RM,Lei Complementar 571,24.05.2012,Núcleo Metropolitano,2025-12-31
4207601,SC,RM do Contestado (SC),Região Metropolitana do Contestado,Contestado (SC),RM,Lei Complementar 571,24.05.2012,Núcleo Metropolitano,2025-12-31
4207650,SC,RM do Extremo Oeste (SC),Região Metropolitana do Extremo Oeste,Extremo Oeste (SC),RM,Lei Complementar 571,24.05.2012,Núcleo Metropolitano,2025-12-31
4207684,SC,RM do Extremo Oeste (SC),Região Metropolitana do Extremo Oeste,Extremo Oeste (SC),RM,Lei Complementar 571,24.05.2012,Área de Expansão Metropolitana,2025-12-31
4207700,SC,RM do Contestado (SC),Região Metropolitana do Contestado,Contestado (SC),RM,Lei Complementar 571,24.05.2012,Núcleo Metropolitano,2025-12-31
4207759,SC,RM do Extremo Oeste (SC),Região Metropolitana do Extremo Oeste,Extremo Oeste (SC),RM,Lei Complementar 571,24.05.2012,Núcleo Metropolitano,2025-12-31
4207809,SC,RM do Contestado (SC),Região Metropolitana do Contestado,Contestado (SC),RM,Lei Complementar 571,24.05.2012,Núcleo Metropolitano,2025-12-31
4207858,SC,RM do Extremo Oeste (SC),Região Metropolitana do Extremo Oeste,Extremo Oeste (SC),RM,Lei Complementar 571,24.05.2012,Área de Expansão Metropolitana,2025-12-31
4207908,SC,RM do Norte/Nordeste Catarinense (SC),Região Metropolitana do Norte/Nordeste Catarinense,Norte/Nordeste Catarinense (SC),RM,Lei Complementar 523,20.12.2010,Área de Expansão Metropolitana,2025-12-31
4207908,SC,RM do Planalto Norte (SC),Região Metropolitana do Planalto Norte,Planalto Norte (SC),RM,Lei Complementar Estadual 788,29.12.2021,Área de Expansão Metropolitana,2025-12-31
4208005,SC,RM de Chapecó (SC),Região Metropolitana de Chapecó,Chapecó (SC),RM,Lei Complementar 523,20.12.2010,Área de Expansão Metropolitana,2025-12-31
4208104,SC,RM do Norte/Nordeste Catarinense (SC),Região Metropolitana do Norte/Nordeste Catarinense,Norte/Nordeste Catarinense (SC),RM,Lei Complementar 162,06.01.1998,Área de Expansão Metropolitana,2025-12-31
4208104,SC,RM do Planalto Norte (SC),Região Metropolitana do Planalto Norte,Planalto Norte (SC),RM,Lei Complementar Estadual 788,29.12.2021,Área de Expansão Metropolitana,2025-12-31
4208203,SC,RM da Foz do Rio Itajaí (SC),Região Metropolitana da Foz do Rio Itajaí,Foz do Rio Itajaí (SC),RM,Lei Complementar 221,09.01.2002,Núcleo Metropolitano,2025-12-31
4208302,SC,RM da Foz do Rio Itajaí (SC),Região Metropolitana da Foz do Rio Itajaí,Foz do Rio Itajaí (SC),RM,Lei Complementar 221,09.01.2002,Área de Expansão Metropolitana,2025-12-31
4208401,SC,RM do Extremo Oeste (SC),Região Metropolitana do Extremo Oeste,Extremo Oeste (SC),RM,Lei Complementar 571,24.05.2012,Núcleo Metropolitano,2025-12-31
4208450,SC,RM de Joinville (SC),Região Metropolitana de Joinville,Joinville (SC),RM,Lei Complementar Estadual 788,29.12.2021,Área de Expansão Metropolitana,2025-12-31
4208450,SC,RM do Norte/Nordeste Catarinense (SC),Região Metropolitana do Norte/Nordeste Catarinense,Norte/Nordeste Catarinense (SC),RM,Lei Complementar 162,06.01.1998,Área de Expansão Metropolitana,2025-12-31
4208500,SC,RM do Alto Vale do Itajaí (SC),Região Metropolitana do Alto Vale do Itajaí,Alto Vale do Itajaí (SC),RM,Lei Complementar 523,20.12.2010,Núcleo Metropolitano,2025-12-31
4208609,SC,RM do Contestado (SC),Região Metropolitana do Contestado,Contestado (SC),RM,Lei Complementar 571,24.05.2012,Núcleo Metropolitano,2025-12-31
4208708,SC,RM Carbonífera (SC),Região Metropolitana Carbonífera,Carbonífera (SC),RM,Lei Complementar Promulgada 495,26.01.2010,Área de Expansão Metropolitana,2025-12-31
4208807,SC,RM de Tubarão (SC),Região Metropolitana de Tubarão,Tubarão (SC),RM,Lei Complementar 221,09.01.2002,Área de Expansão Metropolitana,2025-12-31
4208906,SC,RM de Jaraguá do Sul (SC),Região Metropolitana de Jaraguá do Sul,Jaraguá do Sul (SC),RM,Lei Complementar Estadual 788,29.12.2021,Núcleo Metropolitano,2025-12-31
4208906,SC,RM do Norte/Nordeste Catarinense (SC),Região Metropolitana do Norte/Nordeste Catarinense,Norte/Nordeste Catarinense (SC),RM,Lei Complementar 162,06.01.1998,Área de Expansão Metropolitana,2025-12-31
4208955,SC,RM do Extremo Oeste (SC),Região Metropolitana do Extremo Oeste,Extremo Oeste (SC),RM,Lei Complementar 571,24.05.2012,Área de Expansão Metropolitana,2025-12-31
4209003,SC,RM do Contestado (SC),Região Metropolitana do Contestado,Contestado (SC),RM,Lei Complementar 571,24.05.2012,Núcleo Metropolitano,2025-12-31
4209102,SC,RM de Joinville (SC),Região Metropolitana de Joinville,Joinville (SC),RM,Lei Complementar Estadual 788,29.12.2021,Núcleo Metropolitano,2025-12-31
4209102,SC,RM do Norte/Nordeste Catarinense (SC),Região Metropolitana do Norte/Nordeste Catarinense,Norte/Nordeste Catarinense (SC),RM,Lei Complementar 162,06.01.1998,Núcleo Metropolitano,2025-12-31
4209151,SC,RM do Alto Vale do Itajaí (SC),Região Metropolitana do Alto Vale do Itajaí,Alto Vale do Itajaí (SC),RM,Lei Complementar 523,20.12.2010,Área de Expansão Metropolitana,2025-12-31
4209177,SC,RM do Extremo Oeste (SC),Região Metropolitana do Extremo Oeste,Extremo Oeste (SC),RM,Lei Complementar 640,15.01.2015,Área de Expansão Metropolitana,2025-12-31
4209201,SC,RM do Contestado (SC),Região Metropolitana do Contestado,Contestado (SC),RM,Lei Complementar 571,24.05.2012,Núcleo Metropolitano,2025-12-31
4209300,SC,RM de Lages (SC),Região Metropolitana de Lages,Lages (SC),RM,Lei Complementar Promulgada 495,26.01.2010,Núcleo Metropolitano,2025-12-31
4209409,SC,RM de Tubarão (SC),Região Metropolitana de Tubarão,Tubarão (SC),RM,Lei Complementar 221,09.01.2002,Área de Expansão Metropolitana,2025-12-31
4209458,SC,RM de Chapecó (SC),Região Metropolitana de Chapecó,Chapecó (SC),RM,Lei Complementar 580,05.10.2012,Área de Expansão Metropolitana,2025-12-31
4209508,SC,RM do Alto Vale do Itajaí (SC),Região Metropolitana do Alto Vale do Itajaí,Alto Vale do Itajaí (SC),RM,Lei Complementar 523,20.12.2010,Área de Expansão Metropolitana,2025-12-31
4209607,SC,RM Carbonífera (SC),Região Metropolitana Carbonífera,Carbonífera (SC),RM,Lei Complementar 221,09.01.2002,Área de Expansão Metropolitana,2025-12-31
4209706,SC,RM do Contestado (SC),Região Metropolitana do Contestado,Contestado (SC),RM,Lei Complementar 571,24.05.2012,Núcleo Metropolitano,2025-12-31
4209805,SC,RM de Florianópolis (SC),Região Metropolitana de Florianópolis,Florianópolis (SC),RM,Lei Complementar 636,09.09.2014,Área de Expansão Metropolitana,2025-12-31
4209854,SC,RM do Contestado (SC),Região Metropolitana do Contestado,Contestado (SC),RM,Lei Complementar 571,24.05.2012,Núcleo Metropolitano,2025-12-31
4209904,SC,RM do Alto Vale do Itajaí (SC),Região Metropolitana do Alto Vale do Itajaí,Alto Vale do Itajaí (SC),RM,Lei Complementar 523,20.12.2010,Área de Expansão Metropolitana,2025-12-31
4210001,SC,RM do Vale Europeu (SC),Região Metropolitana do Vale Europeu,RM do Vale Europeu (SC),RM,Lei Complementar 860,22.05.2024,Área de Expansão Metropolitana,2025-12-31
4210035,SC,RM do Contestado (SC),Região Metropolitana do Contestado,Contestado (SC),RM,Lei Complementar 571,24.05.2012,Núcleo Metropolitano,2025-12-31
4210050,SC,RM do Contestado (SC),Região Metropolitana do Contestado,Contestado (SC),RM,Lei Complementar 571,24.05.2012,Núcleo Metropolitano,2025-12-31
4210100,SC,RM do Norte/Nordeste Catarinense (SC),Região Metropolitana do Norte/Nordeste Catarinense,Norte/Nordeste Catarinense (SC),RM,Lei Complementar 162,06.01.1998,Área de Expansão Metropolitana,2025-12-31
4210100,SC,RM do Planalto Norte (SC),Região Metropolitana do Planalto Norte,Planalto Norte (SC),RM,Lei Complementar Estadual 788,29.12.2021,Área de Expansão Metropolitana,2025-12-31
4210209,SC,RM de Florianópolis (SC),Região Metropolitana de Florianópolis,Florianópolis (SC),RM,Lei Complementar 636,09.09.2014,Área de Expansão Metropolitana,2025-12-31
4210308,SC,RM do Norte/Nordeste Catarinense (SC),Região Metropolitana do Norte/Nordeste Catarinense,Norte/Nordeste Catarinense (SC),RM,Lei Complementar 523,20.12.2010,Área de Expansão Metropolitana,2025-12-31
4210308,SC,RM do Planalto Norte (SC),Região Metropolitana do Planalto Norte,Planalto Norte (SC),RM,Lei Complementar Estadual 788,29.12.2021,Área de Expansão Metropolitana,2025-12-31
4210407,SC,RM Carbonífera (SC),Região Metropolitana Carbonífera,Carbonífera (SC),RM,Lei Complementar Promulgada 495,26.01.2010,Área de Expansão Metropolitana,2025-12-31
4210506,SC,RM do Extremo Oeste (SC),Região Metropolitana do Extremo Oeste,Extremo Oeste (SC),RM,Lei Complementar 571,24.05.2012,Núcleo Metropolitano,2025-12-31
4210555,SC,RM de Chapecó (SC),Região Metropolitana de Chapecó,Chapecó (SC),RM,Lei Complementar 523,20.12.2010,Área de Expansão Metropolitana,2025-12-31
4210605,SC,RM de Jaraguá do Sul (SC),Região Metropolitana de Jaraguá do Sul,Jaraguá do Sul (SC),RM,Lei Complementar Estadual 788,29.12.2021,Área de Expansão Metropolitana,2025-12-31
4210605,SC,RM do Norte/Nordeste Catarinense (SC),Região Metropolitana do Norte/Nordeste Catarinense,Norte/Nordeste Catarinense (SC),RM,Lei Complementar 162,06.01.1998,Área de Expansão Metropolitana,2025-12-31
4210704,SC,RM do Contestado (SC),Região Metropolitana do Contestado,Contestado (SC),RM,Lei Complementar 571,24.05.2012,Núcleo Metropolitano,2025-12-31
4210803,SC,RM Carbonífera (SC),Região Metropolitana Carbonífera,Carbonífera (SC),RM,Lei Complementar Promulgada 495,26.01.2010,Área de Expansão Metropolitana,2025-12-31
4210852,SC,RM do Alto Vale do Itajaí (SC),Região Metropolitana do Alto Vale do Itajaí,Alto Vale do Itajaí (SC),RM,Lei Complementar 523,20.12.2010,Área de Expansão Metropolitana,2025-12-31
4210902,SC,RM do Extremo Oeste (SC),Região Metropolitana do Extremo Oeste,Extremo Oeste (SC),RM,Lei Complementar 571,24.05.2012,Área de Expansão Metropolitana,2025-12-31
4211009,SC,RM do Extremo Oeste (SC),Região Metropolitana do Extremo Oeste,Extremo Oeste (SC),RM,Lei Complementar 571,24.05.2012,Área de Expansão Metropolitana,2025-12-31
4211058,SC,RM do Contestado (SC),Região Metropolitana do Contestado,Contestado (SC),RM,Lei Complementar 571,24.05.2012,Núcleo Metropolitano,2025-12-31
4211108,SC,RM do Norte/Nordeste Catarinense (SC),Região Metropolitana do Norte/Nordeste Catarinense,Norte/Nordeste Catarinense (SC),RM,Lei Complementar 162,06.01.1998,Área de Expansão Metropolitana,2025-12-31
4211108,SC,RM do Planalto Norte (SC),Região Metropolitana do Planalto Norte,Planalto Norte (SC),RM,Lei Complementar Estadual 788,29.12.2021,Área de Expansão Metropolitana,2025-12-31
4211207,SC,RM Carbonífera (SC),Região Metropolitana Carbonífera,Carbonífera (SC),RM,Lei Complementar 221,09.01.2002,Núcleo Metropolitano,2025-12-31
4211256,SC,RM Carbonífera (SC),Região Metropolitana Carbonífera,Carbonífera (SC),RM,Lei Complementar Promulgada 495,26.01.2010,Área de Expansão Metropolitana,2025-12-31
4211306,SC,RM da Foz do Rio Itajaí (SC),Região Metropolitana da Foz do Rio Itajaí,Foz do Rio Itajaí (SC),RM,Lei Complementar 221,09.01.2002,Núcleo Metropolitano,2025-12-31
4211405,SC,RM de Chapecó (SC),Região Metropolitana de Chapecó,Chapecó (SC),RM,Lei Complementar 523,20.12.2010,Núcleo Metropolitano,2025-12-31
4211454,SC,RM de Chapecó (SC),Região Metropolitana de Chapecó,Chapecó (SC),RM,Lei Complementar 523,20.12.2010,Núcleo Metropolitano,2025-12-31
4211504,SC,RM de Florianópolis (SC),Região Metropolitana de Florianópolis,Florianópolis (SC),RM,Lei Complementar 636,09.09.2014,Área de Expansão Metropolitana,2025-12-31
4211603,SC,RM Carbonífera (SC),Região Metropolitana Carbonífera,Carbonífera (SC),RM,Lei Complementar 221,09.01.2002,Núcleo Metropolitano,2025-12-31
4211652,SC,RM do Extremo Oeste (SC),Região Metropolitana do Extremo Oeste,Extremo Oeste (SC),RM,Lei Complementar 571,24.05.2012,Área de Expansão Metropolitana,2025-12-31
4211702,SC,RM de Tubarão (SC),Região Metropolitana de Tubarão,Tubarão (SC),RM,Lei Complementar 221,09.01.2002,Área de Expansão Metropolitana,2025-12-31
4211751,SC,RM de Lages (SC),Região Metropolitana de Lages,Lages (SC),RM,Lei Complementar Promulgada 495,26.01.2010,Área de Expansão Metropolitana,2025-12-31
4211801,SC,RM do Contestado (SC),Região Metropolitana do Contestado,Contestado (SC),RM,Lei Complementar 571,24.05.2012,Núcleo Metropolitano,2025-12-31
4211850,SC,RM do Extremo Oeste (SC),Região Metropolitana do Extremo Oeste,Extremo Oeste (SC),RM,Lei Complementar 571,24.05.2012,Área de Expansão Metropolitana,2025-12-31
4211876,SC,RM de Chapecó (SC),Região Metropolitana de Chapecó,Chapecó (SC),RM,Lei Complementar 523,20.12.2010,Núcleo Metropolitano,2025-12-31
4211892,SC,RM de Lages (SC),Região Metropolitana de Lages,Lages (SC),RM,Lei Complementar Promulgada 495,26.01.2010,Área de Expansão Metropolitana,2025-12-31
4211900,SC,RM de Florianópolis (SC),Região Metropolitana de Florianópolis,Florianópolis (SC),RM,Lei Complementar 636,09.09.2014,Núcleo Metropolitano,2025-12-31
4212007,SC,RM do Extremo Oeste (SC),Região Metropolitana do Extremo Oeste,Extremo Oeste (SC),RM,Lei Complementar 571,24.05.2012,Área de Expansão Metropolitana,2025-12-31
4212056,SC,RM de Lages (SC),Região Metropolitana de Lages,Lages (SC),RM,Lei Complementar Promulgada 495,26.01.2010,Área de Expansão Metropolitana,2025-12-31
4212106,SC,RM de Chapecó (SC),Região Metropolitana de Chapecó,Chapecó (SC),RM,Lei Complementar 523,20.12.2010,Área de Expansão Metropolitana,2025-12-31
4212205,SC,RM do Norte/Nordeste Catarinense (SC),Região Metropolitana do Norte/Nordeste Catarinense,Norte/Nordeste Catarinense (SC),RM,Lei Complementar 162,06.01.1998,Área de Expansão Metropolitana,2025-12-31
4212205,SC,RM do Planalto Norte (SC),Região Metropolitana do Planalto Norte,Planalto Norte (SC),RM,Lei Complementar Estadual 788,29.12.2021,Área de Expansão Metropolitana,2025-12-31
4212239,SC,RM do Extremo Oeste (SC),Região Metropolitana do Extremo Oeste,Extremo Oeste (SC),RM,Lei Complementar 571,24.05.2012,Núcleo Metropolitano,2025-12-31
4212254,SC,RM Carbonífera (SC),Região Metropolitana Carbonífera,Carbonífera (SC),RM,Lei Complementar Promulgada 495,26.01.2010,Área de Expansão Metropolitana,2025-12-31
4212270,SC,RM de Chapecó (SC),Região Metropolitana de Chapecó,Chapecó (SC),RM,Lei Complementar 580,05.10.2012,Área de Expansão Metropolitana,2025-12-31
4212304,SC,RM de Florianópolis (SC),Região Metropolitana de Florianópolis,Florianópolis (SC),RM,Lei Complementar 636,09.09.2014,Área de Expansão Metropolitana,2025-12-31
4212403,SC,RM de Tubarão (SC),Região Metropolitana de Tubarão,Tubarão (SC),RM,Lei Complementar 221,09.01.2002,Área de Expansão Metropolitana,2025-12-31
4212502,SC,RM da Foz do Rio Itajaí (SC),Região Metropolitana da Foz do Rio Itajaí,Foz do Rio Itajaí (SC),RM,Lei Complementar 221,09.01.2002,Núcleo Metropolitano,2025-12-31
4212601,SC,RM do Contestado (SC),Região Metropolitana do Contestado,Contestado (SC),RM,Lei Complementar 571,24.05.2012,Núcleo Metropolitano,2025-12-31
4212650,SC,RM de Tubarão (SC),Região Metropolitana de Tubarão,Tubarão (SC),RM,Lei Complementar Promulgada 495,26.01.2010,Área de Expansão Metropolitana,2025-12-31
4212700,SC,RM do Alto Vale do Itajaí (SC),Região Metropolitana do Alto Vale do Itajaí,Alto Vale do Itajaí (SC),RM,Lei Complementar 523,20.12.2010,Área de Expansão Metropolitana,2025-12-31
4212809,SC,RM da Foz do Rio Itajaí (SC),Região Metropolitana da Foz do Rio Itajaí,Foz do Rio Itajaí (SC),RM,Lei Complementar 221,09.01.2002,Área de Expansão Metropolitana,2025-12-31
4212908,SC,RM de Chapecó (SC),Região Metropolitana de Chapecó,Chapecó (SC),RM,Lei Complementar 523,20.12.2010,Núcleo Metropolitano,2025-12-31
4213005,SC,RM do Contestado (SC),Região Metropolitana do Contestado,Contestado (SC),RM,Lei Complementar 571,24.05.2012,Núcleo Metropolitano,2025-12-31
4213104,SC,RM do Contestado (SC),Região Metropolitana do Contestado,Contestado (SC),RM,Lei Complementar 571,24.05.2012,Núcleo Metropolitano,2025-12-31
4213153,SC,RM de Chapecó (SC),Região Metropolitana de Chapecó,Chapecó (SC),RM,Lei Complementar 523,20.12.2010,Núcleo Metropolitano,2025-12-31
4213203,SC,RM do Vale Europeu (SC),Região Metropolitana do Vale Europeu,RM do Vale Europeu (SC),RM,Lei Complementar 860,22.05.2024,Núcleo Metropolitano,2025-12-31
4213302,SC,RM de Lages (SC),Região Metropolitana de Lages,Lages (SC),RM,Lei Complementar Promulgada 495,26.01.2010,Área de Expansão Metropolitana,2025-12-31
4213351,SC,RM de Lages (SC),Região Metropolitana de Lages,Lages (SC),RM,Lei Complementar Promulgada 495,26.01.2010,Área de Expansão Metropolitana,2025-12-31
4213401,SC,RM de Chapecó (SC),Região Metropolitana de Chapecó,Chapecó (SC),RM,Lei Complementar 580,05.10.2012,Área de Expansão Metropolitana,2025-12-31
4213500,SC,RM da Foz do Rio Itajaí (SC),Região Metropolitana da Foz do Rio Itajaí,Foz do Rio Itajaí (SC),RM,Lei Complementar 221,09.01.2002,Área de Expansão Metropolitana,2025-12-31
4213609,SC,RM do Norte/Nordeste Catarinense (SC),Região Metropolitana do Norte/Nordeste Catarinense,Norte/Nordeste Catarinense (SC),RM,Lei Complementar 523,20.12.2010,Área de Expansão Metropolitana,2025-12-31
4213609,SC,RM do Planalto Norte (SC),Região Metropolitana do Planalto Norte,Planalto Norte (SC),RM,Lei Complementar Estadual 788,29.12.2021,Área de Expansão Metropolitana,2025-12-31
4213708,SC,RM do Alto Vale do Itajaí (SC),Região Metropolitana do Alto Vale do Itajaí,Alto Vale do Itajaí (SC),RM,Lei Complementar 523,20.12.2010,Área de Expansão Metropolitana,2025-12-31
4213807,SC,RM Carbonífera (SC),Região Metropolitana Carbonífera,Carbonífera (SC),RM,Lei Complementar Promulgada 495,26.01.2010,Área de Expansão Metropolitana,2025-12-31
4213906,SC,RM do Contestado (SC),Região Metropolitana do Contestado,Contestado (SC),RM,Lei Complementar 571,24.05.2012,Núcleo Metropolitano,2025-12-31
4214003,SC,RM do Alto Vale do Itajaí (SC),Região Metropolitana do Alto Vale do Itajaí,Alto Vale do Itajaí (SC),RM,Lei Complementar 523,20.12.2010,Área de Expansão Metropolitana,2025-12-31
4214102,SC,RM do Alto Vale do Itajaí (SC),Região Metropolitana do Alto Vale do Itajaí,Alto Vale do Itajaí (SC),RM,Lei Complementar 523,20.12.2010,Área de Expansão Metropolitana,2025-12-31
4214151,SC,RM do Extremo Oeste (SC),Região Metropolitana do Extremo Oeste,Extremo Oeste (SC),RM,Lei Complementar 571,24.05.2012,Núcleo Metropolitano,2025-12-31
4214201,SC,RM de Chapecó (SC),Região Metropolitana de Chapecó,Chapecó (SC),RM,Lei Complementar 523,20.12.2010,Área de Expansão Metropolitana,2025-12-31
4214300,SC,RM de Florianópolis (SC),Região Metropolitana de Florianópolis,Florianópolis (SC),RM,Lei Complementar 636,09.09.2014,Área de Expansão Metropolitana,2025-12-31
4214409,SC,RM do Contestado (SC),Região Metropolitana do Contestado,Contestado (SC),RM,Lei Complementar 571,24.05.2012,Núcleo Metropolitano,2025-12-31
4214508,SC,RM do Alto Vale do Itajaí (SC),Região Metropolitana do Alto Vale do Itajaí,Alto Vale do Itajaí (SC),RM,Lei Complementar 523,20.12.2010,Área de Expansão Metropolitana,2025-12-31
4214607,SC,RM do Alto Vale do Itajaí (SC),Região Metropolitana do Alto Vale do Itajaí,Alto Vale do Itajaí (SC),RM,Lei Complementar 523,20.12.2010,Área de Expansão Metropolitana,2025-12-31
4214706,SC,RM do Vale Europeu (SC),Região Metropolitana do Vale Europeu,RM do Vale Europeu (SC),RM,Lei Complementar 860,22.05.2024,Área de Expansão Metropolitana,2025-12-31
4214805,SC,RM do Alto Vale do Itajaí (SC),Região Metropolitana do Alto Vale do Itajaí,Alto Vale do Itajaí (SC),RM,Lei Complementar 523,20.12.2010,Núcleo Metropolitano,2025-12-31
4214904,SC,RM de Tubarão (SC),Região Metropolitana de Tubarão,Tubarão (SC),RM,Lei Complementar 221,09.01.2002,Área de Expansão Metropolitana,2025-12-31
4215000,SC,RM de Joinville (SC),Região Metropolitana de Joinville,Joinville (SC),RM,Lei Complementar Estadual 788,29.12.2021,Área de Expansão Metropolitana,2025-12-31
4215000,SC,RM do Norte/Nordeste Catarinense (SC),Região Metropolitana do Norte/Nordeste Catarinense,Norte/Nordeste Catarinense (SC),RM,Lei Complementar 162,06.01.1998,Área de Expansão Metropolitana,2025-12-31
4215059,SC,RM de Lages (SC),Região Metropolitana de Lages,Lages (SC),RM,Lei Complementar Promulgada 495,26.01.2010,Área de Expansão Metropolitana,2025-12-31
4215075,SC,RM do Extremo Oeste (SC),Região Metropolitana do Extremo Oeste,Extremo Oeste (SC),RM,Lei Complementar 571,24.05.2012,Área de Expansão Metropolitana,2025-12-31
4215109,SC,RM do Vale Europeu (SC),Região Metropolitana do Vale Europeu,RM do Vale Europeu (SC),RM,Lei Complementar 860,22.05.2024,Área de Expansão Metropolitana,2025-12-31
4215208,SC,RM do Extremo Oeste (SC),Região Metropolitana do Extremo Oeste,Extremo Oeste (SC),RM,Lei Complementar 571,24.05.2012,Núcleo Metropolitano,2025-12-31
4215307,SC,RM do Alto Vale do Itajaí (SC),Região Metropolitana do Alto Vale do Itajaí,Alto Vale do Itajaí (SC),RM,Lei Complementar 523,20.12.2010,Área de Expansão Metropolitana,2025-12-31
4215356,SC,RM do Extremo Oeste (SC),Região Metropolitana do Extremo Oeste,Extremo Oeste (SC),RM,Lei Complementar 571,24.05.2012,Área de Expansão Metropolitana,2025-12-31
4215406,SC,RM do Contestado (SC),Região Metropolitana do Contestado,Contestado (SC),RM,Lei Complementar 571,24.05.2012,Núcleo Metropolitano,2025-12-31
4215455,SC,RM de Tubarão (SC),Região Metropolitana de Tubarão,Tubarão (SC),RM,Lei Complementar 221,09.01.2002,Área de Expansão Metropolitana,2025-12-31
4215505,SC,RM de Lages (SC),Região Metropolitana de Lages,Lages (SC),RM,Lei Complementar Promulgada 495,26.01.2010,Área de Expansão Metropolitana,2025-12-31
4215554,SC,RM do Extremo Oeste (SC),Região Metropolitana do Extremo Oeste,Extremo Oeste (SC),RM,Lei Complementar 571,24.05.2012,Núcleo Metropolitano,2025-12-31
4215604,SC,RM de Tubarão (SC),Região Metropolitana de Tubarão,Tubarão (SC),RM,Lei Complementar 221,09.01.2002,Área de Expansão Metropolitana,2025-12-31
4215653,SC,RM Carbonífera (SC),Região Metropolitana Carbonífera,Carbonífera (SC),RM,Lei Complementar Promulgada 495,26.01.2010,Área de Expansão Metropolitana,2025-12-31
4215679,SC,RM do Alto Vale do Itajaí (SC),Região Metropolitana do Alto Vale do Itajaí,Alto Vale do Itajaí (SC),RM,Lei Complementar 523,20.12.2010,Área de Expansão Metropolitana,2025-12-31
4215687,SC,RM do Extremo Oeste (SC),Região Metropolitana do Extremo Oeste,Extremo Oeste (SC),RM,Lei Complementar 571,24.05.2012,Área de Expansão Metropolitana,2025-12-31
4215695,SC,RM do Extremo Oeste (SC),Região Metropolitana do Extremo Oeste,Extremo Oeste (SC),RM,Lei Complementar 571,24.05.2012,Área de Expansão Metropolitana,2025-12-31
4215703,SC,RM de Florianópolis (SC),Região Metropolitana de Florianópolis,Florianópolis (SC),RM,Lei Complementar 636,09.09.2014,Núcleo Metropolitano,2025-12-31
4215752,SC,RM do Extremo Oeste (SC),Região Metropolitana do Extremo Oeste,Extremo Oeste (SC),RM,Lei Complementar 571,24.05.2012,Área de Expansão Metropolitana,2025-12-31
4215802,SC,RM de Joinville (SC),Região Metropolitana de Joinville,Joinville (SC),RM,Lei Complementar Estadual 788,29.12.2021,Área de Expansão Metropolitana,2025-12-31
4215802,SC,RM do Norte/Nordeste Catarinense (SC),Região Metropolitana do Norte/Nordeste Catarinense,Norte/Nordeste Catarinense (SC),RM,Lei Complementar 162,06.01.1998,Área de Expansão Metropolitana,2025-12-31
4215901,SC,RM de Florianópolis (SC),Região Metropolitana de Florianópolis,Florianópolis (SC),RM,Lei Complementar 636,09.09.2014,Área de Expansão Metropolitana,2025-12-31
4216008,SC,RM de Chapecó (SC),Região Metropolitana de Chapecó,Chapecó (SC),RM,Lei Complementar 523,20.12.2010,Núcleo Metropolitano,2025-12-31
4216057,SC,RM de Lages (SC),Região Metropolitana de Lages,Lages (SC),RM,Lei Complementar Promulgada 495,26.01.2010,Área de Expansão Metropolitana,2025-12-31
4216107,SC,RM do Extremo Oeste (SC),Região Metropolitana do Extremo Oeste,Extremo Oeste (SC),RM,Lei Complementar 571,24.05.2012,Área de Expansão Metropolitana,2025-12-31
4216206,SC,RM de Joinville (SC),Região Metropolitana de Joinville,Joinville (SC),RM,Lei Complementar Estadual 788,29.12.2021,Área de Expansão Metropolitana,2025-12-31
4216206,SC,RM do Norte/Nordeste Catarinense (SC),Região Metropolitana do Norte/Nordeste Catarinense,Norte/Nordeste Catarinense (SC),RM,Lei Complementar 162,06.01.1998,Área de Expansão Metropolitana,2025-12-31
4216255,SC,RM do Extremo Oeste (SC),Região Metropolitana do Extremo Oeste,Extremo Oeste (SC),RM,Lei Complementar 571,24.05.2012,Núcleo Metropolitano,2025-12-31
4216305,SC,RM de Florianópolis (SC),Região Metropolitana de Florianópolis,Florianópolis (SC),RM,Lei Complementar 636,09.09.2014,Área de Expansão Metropolitana,2025-12-31
4216354,SC,RM de Jaraguá do Sul (SC),Região Metropolitana de Jaraguá do Sul,Jaraguá do Sul (SC),RM,Lei Complementar Estadual 788,29.12.2021,Área de Expansão Metropolitana,2025-12-31
4216354,SC,RM do Norte/Nordeste Catarinense (SC),Região Metropolitana do Norte/Nordeste Catarinense,Norte/Nordeste Catarinense (SC),RM,Lei Complementar 162,06.01.1998,Área de Expansão Metropolitana,2025-12-31
4216404,SC,RM Carbonífera (SC),Região Metropolitana Carbonífera,Carbonífera (SC),RM,Lei Complementar Promulgada 495,26.01.2010,Área de Expansão Metropolitana,2025-12-31
4216503,SC,RM de Lages (SC),Região Metropolitana de Lages,Lages (SC),RM,Lei Complementar Promulgada 495,26.01.2010,Área de Expansão Metropolitana,2025-12-31
4216602,SC,RM de Florianópolis (SC),Região Metropolitana de Florianópolis,Florianópolis (SC),RM,Lei Complementar 636,09.09.2014,Núcleo Metropolitano,2025-12-31
4216701,SC,RM do Extremo Oeste (SC),Região Metropolitana do Extremo Oeste,Extremo Oeste (SC),RM,Lei Complementar 571,24.05.2012,Núcleo Metropolitano,2025-12-31
4216800,SC,RM de Lages (SC),Região Metropolitana de Lages,Lages (SC),RM,Lei Complementar Promulgada 495,26.01.2010,Área de Expansão Metropolitana,2025-12-31
4216909,SC,RM do Extremo Oeste (SC),Região Metropolitana do Extremo Oeste,Extremo Oeste (SC),RM,Lei Complementar 571,24.05.2012,Área de Expansão Metropolitana,2025-12-31
4217006,SC,RM de Tubarão (SC),Região Metropolitana de Tubarão,Tubarão (SC),RM,Lei Complementar 221,09.01.2002,Área de Expansão Metropolitana,2025-12-31
4217105,SC,RM de Tubarão (SC),Região Metropolitana de Tubarão,Tubarão (SC),RM,Lei Complementar 221,09.01.2002,Área de Expansão Metropolitana,2025-12-31
4217154,SC,RM do Extremo Oeste (SC),Região Metropolitana do Extremo Oeste,Extremo Oeste (SC),RM,Lei Complementar 571,24.05.2012,Área de Expansão Metropolitana,2025-12-31
4217204,SC,RM do Extremo Oeste (SC),Região Metropolitana do Extremo Oeste,Extremo Oeste (SC),RM,Lei Complementar 571,24.05.2012,Núcleo Metropolitano,2025-12-31
4217253,SC,RM de Florianópolis (SC),Região Metropolitana de Florianópolis,Florianópolis (SC),RM,Lei Complementar 636,09.09.2014,Núcleo Metropolitano,2025-12-31
4217303,SC,RM de Chapecó (SC),Região Metropolitana de Chapecó,Chapecó (SC),RM,Lei Complementar 523,20.12.2010,Núcleo Metropolitano,2025-12-31
4217402,SC,RM de Jaraguá do Sul (SC),Região Metropolitana de Jaraguá do Sul,Jaraguá do Sul (SC),RM,Lei Complementar Estadual 788,29.12.2021,Área de Expansão Metropolitana,2025-12-31
4217402,SC,RM do Norte/Nordeste Catarinense (SC),Região Metropolitana do Norte/Nordeste Catarinense,Norte/Nordeste Catarinense (SC),RM,Lei Complementar 162,06.01.1998,Área de Expansão Metropolitana,2025-12-31
4217501,SC,RM de Chapecó (SC),Região Metropolitana de Chapecó,Chapecó (SC),RM,Lei Complementar 523,20.12.2010,Núcleo Metropolitano,2025-12-31
4217550,SC,RM de Chapecó (SC),Região Metropolitana de Chapecó,Chapecó (SC),RM,Lei Complementar 523,20.12.2010,Área de Expansão Metropolitana,2025-12-31
4217600,SC,RM Carbonífera (SC),Região Metropolitana Carbonífera,Carbonífera (SC),RM,Lei Complementar 221,09.01.2002,Núcleo Metropolitano,2025-12-31
4217709,SC,RM Carbonífera (SC),Região Metropolitana Carbonífera,Carbonífera (SC),RM,Lei Complementar Promulgada 495,26.01.2010,Área de Expansão Metropolitana,2025-12-31
4217758,SC,RM de Chapecó (SC),Região Metropolitana de Chapecó,Chapecó (SC),RM,Lei Complementar 523,20.12.2010,Área de Expansão Metropolitana,2025-12-31
4217808,SC,RM do Alto Vale do Itajaí (SC),Região Metropolitana do Alto Vale do Itajaí,Alto Vale do Itajaí (SC),RM,Lei Complementar 523,20.12.2010,Núcleo Metropolitano,2025-12-31
4217907,SC,RM do Contestado (SC),Região Metropolitana do Contestado,Contestado (SC),RM,Lei Complementar 571,24.05.2012,Núcleo Metropolitano,2025-12-31
4217956,SC,RM do Extremo Oeste (SC),Região Metropolitana do Extremo Oeste,Extremo Oeste (SC),RM,Lei Complementar 571,24.05.2012,Área de Expansão Metropolitana,2025-12-31
4218004,SC,RM de Florianópolis (SC),Região Metropolitana de Florianópolis,Florianópolis (SC),RM,Lei Complementar 636,09.09.2014,Área de Expansão Metropolitana,2025-12-31
4218103,SC,RM Carbonífera (SC),Região Metropolitana Carbonífera,Carbonífera (SC),RM,Lei Complementar Promulgada 495,26.01.2010,Área de Expansão Metropolitana,2025-12-31
4218202,SC,RM do Vale Europeu (SC),Região Metropolitana do Vale Europeu,RM do Vale Europeu (SC),RM,Lei Complementar 860,22.05.2024,Núcleo Metropolitano,2025-12-31
4218251,SC,RM do Contestado (SC),Região Metropolitana do Contestado,Contestado (SC),RM,Lei Complementar 571,24.05.2012,Núcleo Metropolitano,2025-12-31
4218301,SC,RM do Norte/Nordeste Catarinense (SC),Região Metropolitana do Norte/Nordeste Catarinense,Norte/Nordeste Catarinense (SC),RM,Lei Complementar 523,20.12.2010,Área de Expansão Metropolitana,2025-12-31
4218301,SC,RM do Planalto Norte (SC),Região Metropolitana do Planalto Norte,Planalto Norte (SC),RM,Lei Complementar Estadual 788,29.12.2021,Núcleo Metropolitano,2025-12-31
4218350,SC,RM Carbonífera (SC),Região Metropolitana Carbonífera,Carbonífera (SC),RM,Lei Complementar 221,09.01.2002,Área de Expansão Metropolitana,2025-12-31
4218400,SC,RM de Tubarão (SC),Região Metropolitana de Tubarão,Tubarão (SC),RM,Lei Complementar 221,09.01.2002,Área de Expansão Metropolitana,2025-12-31
4218509,SC,RM do Contestado (SC),Região Metropolitana do Contestado,Contestado (SC),RM,Lei Complementar 571,24.05.2012,Núcleo Metropolitano,2025-12-31
4218608,SC,RM do Alto Vale do Itajaí (SC),Região Metropolitana do Alto Vale do Itajaí,Alto Vale do Itajaí (SC),RM,Lei Complementar 523,20.12.2010,Área de Expansão Metropolitana,2025-12-31
4218707,SC,RM de Tubarão (SC),Região Metropolitana de Tubarão,Tubarão (SC),RM,Lei Complementar 221,09.01.2002,Núcleo Metropolitano,2025-12-31
4218756,SC,RM do Extremo Oeste (SC),Região Metropolitana do Extremo Oeste,Extremo Oeste (SC),RM,Lei Complementar 571,24.05.2012,Núcleo Metropolitano,2025-12-31
4218806,SC,RM Carbonífera (SC),Região Metropolitana Carbonífera,Carbonífera (SC),RM,Lei Complementar Promulgada 495,26.01.2010,Área de Expansão Metropolitana,2025-12-31
4218855,SC,RM de Chapecó (SC),Região Metropolitana de Chapecó,Chapecó (SC),RM,Lei Complementar 523,20.12.2010,Área de Expansão Metropolitana,2025-12-31
4218905,SC,RM de Lages (SC),Região Metropolitana de Lages,Lages (SC),RM,Lei Complementar Promulgada 495,26.01.2010,Área de Expansão Metropolitana,2025-12-31
4218954,SC,RM de Lages (SC),Região Metropolitana de Lages,Lages (SC),RM,Lei Complementar Promulgada 495,26.01.2010,Área de Expansão Metropolitana,2025-12-31
4219002,SC,RM Carbonífera (SC),Região Metropolitana Carbonífera,Carbonífera (SC),RM,Lei Complementar 221,09.01.2002,Área de Expansão Metropolitana,2025-12-31
4219101,SC,RM de Chapecó (SC),Região Metropolitana de Chapecó,Chapecó (SC),RM,Lei Complementar 580,05.10.2012,Área de Expansão Metropolitana,2025-12-31
4219150,SC,RM do Contestado (SC),Região Metropolitana do Contestado,Contestado (SC),RM,Lei Complementar 571,24.05.2012,Núcleo Metropolitano,2025-12-31
4219176,SC,RM do Contestado (SC),Região Metropolitana do Contestado,Contestado (SC),RM,Lei Complementar 571,24.05.2012,Núcleo Metropolitano,2025-12-31
4219200,SC,RM do Alto Vale do Itajaí (SC),Região Metropolitana do Alto Vale do Itajaí,Alto Vale do Itajaí (SC),RM,Lei Complementar 523,20.12.2010,Área de Expansão Metropolitana,2025-12-31
4219309,SC,RM do Contestado (SC),Região Metropolitana do Contestado,Contestado (SC),RM,Lei Complementar 571,24.05.2012,Núcleo Metropolitano,2025-12-31
4219358,SC,RM do Alto Vale do Itajaí (SC),Região Metropolitana do Alto Vale do Itajaí,Alto Vale do Itajaí (SC),RM,Lei Complementar 523,20.12.2010,Área de Expansão Metropolitana,2025-12-31
4219408,SC,RM do Alto Vale do Itajaí (SC),Região Metropolitana do Alto Vale do Itajaí,Alto Vale do Itajaí (SC),RM,Lei Complementar 523,20.12.2010,Área de Expansão Metropolitana,2025-12-31
4219507,SC,RM de Chapecó (SC),Região Metropolitana de Chapecó,Chapecó (SC),RM,Lei Complementar 523,20.12.2010,Núcleo Metropolitano,2025-12-31
4219606,SC,RM de Chapecó (SC),Região Metropolitana de Chapecó,Chapecó (SC),RM,Lei Complementar 523,20.12.2010,Área de Expansão Metropolitana,2025-12-31
4219705,SC,RM de Chapecó (SC),Região Metropolitana de Chapecó,Chapecó (SC),RM,Lei Complementar 523,20.12.2010,Núcleo Metropolitano,2025-12-31
4219853,SC,RM do Contestado (SC),Região Metropolitana do Contestado,Contestado (SC),RM,Lei Complementar 571,24.05.2012,Núcleo Metropolitano,2025-12-31
4220000,SC,RM Carbonífera (SC),Região Metropolitana Carbonífera,Carbonífera (SC),RM,Lei Complementar Promulgada 495,26.01.2010,Área de Expansão Metropolitana,2025-12-31
4300604,RS,RM de Porto Alegre (RS),Região Metropolitana de Porto Alegre,Porto Alegre (RS),RM,Lei Complementar 014 (Federal),08.06.1973,integrante,2025-12-31
4300802,RS,RM da Serra Gaúcha (RS),Região Metropolitana da Serra Gaúcha,Serra Gaúcha (RS),RM,Lei Complementar 14.293,29.08.2013,integrante,2025-12-31
4300877,RS,RM de Porto Alegre (RS),Região Metropolitana de Porto Alegre,Porto Alegre (RS),RM,Lei Complementar 11201,30.07.1998,integrante,2025-12-31
4301057,RS,AU do Litoral Norte (RS),Aglomeração Urbana do Litoral Norte,Litoral Norte (RS),AU,Lei Complementar 12.100,27.05.2004,integrante,2025-12-31
4301073,RS,AU do Sul (RS),Aglomeração Urbana do Sul,Sul (RS),AU,Inclusão de município - Lei Complementar 11.876,26.12.2002,integrante,2025-12-31
4301107,RS,RM de Porto Alegre (RS),Região Metropolitana de Porto Alegre,Porto Alegre (RS),RM,Lei Complementar 11539,01.11.2000,integrante,2025-12-31
4301636,RS,AU do Litoral Norte (RS),Aglomeração Urbana do Litoral Norte,Litoral Norte (RS),AU,Lei Complementar 12.100,27.05.2004,integrante,2025-12-31
4302105,RS,RM da Serra Gaúcha (RS),Região Metropolitana da Serra Gaúcha,Serra Gaúcha (RS),RM,Lei Complementar 14.293,29.08.2013,integrante,2025-12-31
4303103,RS,RM de Porto Alegre (RS),Região Metropolitana de Porto Alegre,Porto Alegre (RS),RM,Lei Complementar 014 (Federal),08.06.1973,integrante,2025-12-31
4303905,RS,RM de Porto Alegre (RS),Região Metropolitana de Porto Alegre,Porto Alegre (RS),RM,Lei Complementar 014 (Federal),08.06.1973,integrante,2025-12-31
4304606,RS,RM de Porto Alegre (RS),Região Metropolitana de Porto Alegre,Porto Alegre (RS),RM,Lei Complementar 014 (Federal),08.06.1973,integrante,2025-12-31
4304630,RS,AU do Litoral Norte (RS),Aglomeração Urbana do Litoral Norte,Litoral Norte (RS),AU,Lei Complementar 12.100,27.05.2004,integrante,2025-12-31
4304663,RS,AU do Sul (RS),Aglomeração Urbana do Sul,Sul (RS),AU,Lei Complementar 9184,26.12.1990,integrante,2025-12-31
4304671,RS,AU do Litoral Norte (RS),Aglomeração Urbana do Litoral Norte,Litoral Norte (RS),AU,Lei Complementar 12.100,27.05.2004,integrante,2025-12-31
4304689,RS,RM de Porto Alegre (RS),Região Metropolitana de Porto Alegre,Porto Alegre (RS),RM,Lei Complementar 11645,28.06.2001,integrante,2025-12-31
4304713,RS,AU do Litoral Norte (RS),Aglomeração Urbana do Litoral Norte,Litoral Norte (RS),AU,Lei Complementar 12.100,27.05.2004,integrante,2025-12-31
4304804,RS,RM da Serra Gaúcha (RS),Região Metropolitana da Serra Gaúcha,Serra Gaúcha (RS),RM,Lei Complementar 14.293,29.08.2013,integrante,2025-12-31
4305108,RS,RM da Serra Gaúcha (RS),Região Metropolitana da Serra Gaúcha,Serra Gaúcha (RS),RM,Lei Complementar 14.293,29.08.2013,integrante,2025-12-31
4305355,RS,RM de Porto Alegre (RS),Região Metropolitana de Porto Alegre,Porto Alegre (RS),RM,Lei Complementar 10234,27.07.1994,integrante,2025-12-31
4305454,RS,AU do Litoral Norte (RS),Aglomeração Urbana do Litoral Norte,Litoral Norte (RS),AU,Lei Complementar 12.100,27.05.2004,integrante,2025-12-31
4306403,RS,RM de Porto Alegre (RS),Região Metropolitana de Porto Alegre,Porto Alegre (RS),RM,Constituição Estadual,03.10.1989,integrante,2025-12-31
4306551,RS,AU do Litoral Norte (RS),Aglomeração Urbana do Litoral Norte,Litoral Norte (RS),AU,Lei Complementar 12.100,27.05.2004,integrante,2025-12-31
4306767,RS,RM de Porto Alegre (RS),Região Metropolitana de Porto Alegre,Porto Alegre (RS),RM,Constituição Estadual,03.10.1989,integrante,2025-12-31
4307609,RS,RM de Porto Alegre (RS),Região Metropolitana de Porto Alegre,Porto Alegre (RS),RM,Lei Complementar 014 (Federal),08.06.1973,integrante,2025-12-31
4307708,RS,RM de Porto Alegre (RS),Região Metropolitana de Porto Alegre,Porto Alegre (RS),RM,Lei Complementar 014 (Federal),08.06.1973,integrante,2025-12-31
4307906,RS,RM da Serra Gaúcha (RS),Região Metropolitana da Serra Gaúcha,Serra Gaúcha (RS),RM,Lei Complementar 14.293,29.08.2013,integrante,2025-12-31
4308201,RS,RM da Serra Gaúcha (RS),Região Metropolitana da Serra Gaúcha,Serra Gaúcha (RS),RM,Lei Complementar 14.293,29.08.2013,integrante,2025-12-31
4308607,RS,RM da Serra Gaúcha (RS),Região Metropolitana da Serra Gaúcha,Serra Gaúcha (RS),RM,Lei Complementar 14.293,29.08.2013,integrante,2025-12-31
4309050,RS,RM de Porto Alegre (RS),Região Metropolitana de Porto Alegre,Porto Alegre (RS),RM,Constituição Estadual,03.10.1989,integrante,2025-12-31
4309209,RS,RM de Porto Alegre (RS),Região Metropolitana de Porto Alegre,Porto Alegre (RS),RM,Lei Complementar 014 (Federal),08.06.1973,integrante,2025-12-31
4309308,RS,RM de Porto Alegre (RS),Região Metropolitana de Porto Alegre,Porto Alegre (RS),RM,Lei Complementar 014 (Federal),08.06.1973,integrante,2025-12-31
4310108,RS,RM de Porto Alegre (RS),Região Metropolitana de Porto Alegre,Porto Alegre (RS),RM,Lei Complementar 13853,22.12.2011,integrante,2025-12-31
4310330,RS,AU do Litoral Norte (RS),Aglomeração Urbana do Litoral Norte,Litoral Norte (RS),AU,Lei Complementar 12.100,27.05.2004,integrante,2025-12-31
4310439,RS,RM da Serra Gaúcha (RS),Região Metropolitana da Serra Gaúcha,Serra Gaúcha (RS),RM,Lei Complementar 14.293,29.08.2013,integrante,2025-12-31
4310652,RS,AU do Litoral Norte (RS),Aglomeração Urbana do Litoral Norte,Litoral Norte (RS),AU,Lei Complementar 12.100,27.05.2004,integrante,2025-12-31
4310801,RS,RM de Porto Alegre (RS),Região Metropolitana de Porto Alegre,Porto Alegre (RS),RM,Constituição Estadual,03.10.1989,integrante,2025-12-31
4311734,RS,AU do Litoral Norte (RS),Aglomeração Urbana do Litoral Norte,Litoral Norte (RS),AU,Lei Complementar 12.100,27.05.2004,integrante,2025-12-31
4311775,RS,AU do Litoral Norte (RS),Aglomeração Urbana do Litoral Norte,Litoral Norte (RS),AU,Lei Complementar 12.100,27.05.2004,integrante,2025-12-31
4312385,RS,RM da Serra Gaúcha (RS),Região Metropolitana da Serra Gaúcha,Serra Gaúcha (RS),RM,Lei Complementar 14.293,29.08.2013,integrante,2025-12-31
4312401,RS,RM de Porto Alegre (RS),Região Metropolitana de Porto Alegre,Porto Alegre (RS),RM,Lei Complementar 11307,14.01.1999,integrante,2025-12-31
4312443,RS,AU do Litoral Norte (RS),Aglomeração Urbana do Litoral Norte,Litoral Norte (RS),AU,Lei Complementar 12.100,27.05.2004,integrante,2025-12-31
4313060,RS,RM de Porto Alegre (RS),Região Metropolitana de Porto Alegre,Porto Alegre (RS),RM,Constituição Estadual,03.10.1989,integrante,2025-12-31
4313086,RS,RM da Serra Gaúcha (RS),Região Metropolitana da Serra Gaúcha,Serra Gaúcha (RS),RM,Lei Complementar 14.293,29.08.2013,integrante,2025-12-31
4313359,RS,RM da Serra Gaúcha (RS),Região Metropolitana da Serra Gaúcha,Serra Gaúcha (RS),RM,Lei Complementar 15.245,28.12.2018,integrante,2025-12-31
4313375,RS,RM de Porto Alegre (RS),Região Metropolitana de Porto Alegre,Porto Alegre (RS),RM,Lei Complementar 11198,23.07.1998,integrante,2025-12-31
4313409,RS,RM de Porto Alegre (RS),Região Metropolitana de Porto Alegre,Porto Alegre (RS),RM,Lei Complementar 014 (Federal),08.06.1973,integrante,2025-12-31
4313508,RS,AU do Litoral Norte (RS),Aglomeração Urbana do Litoral Norte,Litoral Norte (RS),AU,Lei Complementar 12.100,27.05.2004,integrante,2025-12-31
4313656,RS,AU do Litoral Norte (RS),Aglomeração Urbana do Litoral Norte,Litoral Norte (RS),AU,Lei Complementar 12.100,27.05.2004,integrante,2025-12-31
4314050,RS,RM de Porto Alegre (RS),Região Metropolitana de Porto Alegre,Porto Alegre (RS),RM,Constituição Estadual,03.10.1989,integrante,2025-12-31
4314407,RS,AU do Sul (RS),Aglomeração Urbana do Sul,Sul (RS),AU,Lei Complementar 9184,26.12.1990,integrante,2025-12-31
4314548,RS,RM da Serra Gaúcha (RS),Região Metropolitana da Serra Gaúcha,Serra Gaúcha (RS),RM,Lei Complementar 14.293,29.08.2013,integrante,2025-12-31
4314803,RS,RM de Porto Alegre (RS),Região Metropolitana de Porto Alegre,Porto Alegre (RS),RM,Constituição Estadual,03.10.1989,integrante,2025-12-31
4314902,RS,RM de Porto Alegre (RS),Região Metropolitana de Porto Alegre,Porto Alegre (RS),RM,Lei Complementar 014 (Federal),08.06.1973,integrante,2025-12-31
4315602,RS,AU do Sul (RS),Aglomeração Urbana do Sul,Sul (RS),AU,Inclusão de município - Lei Complementar 11.876,26.12.2002,integrante,2025-12-31
4316006,RS,RM de Porto Alegre (RS),Região Metropolitana de Porto Alegre,Porto Alegre (RS),RM,Lei Complementar 13496,03.08.2010,integrante,2025-12-31
4317251,RS,RM da Serra Gaúcha (RS),Região Metropolitana da Serra Gaúcha,Serra Gaúcha (RS),RM,Lei Complementar 14.293,29.08.2013,integrante,2025-12-31
4317608,RS,RM de Porto Alegre (RS),Região Metropolitana de Porto Alegre,Porto Alegre (RS),RM,Lei Complementar 11530,21.09.2000,integrante,2025-12-31
4318408,RS,RM de Porto Alegre (RS),Região Metropolitana de Porto Alegre,Porto Alegre (RS),RM,Lei Complementar 11340,21.06.1999,integrante,2025-12-31
4318507,RS,AU do Sul (RS),Aglomeração Urbana do Sul,Sul (RS),AU,Inclusão de município - Lei Complementar 11.876,26.12.2002,integrante,2025-12-31
4318705,RS,RM de Porto Alegre (RS),Região Metropolitana de Porto Alegre,Porto Alegre (RS),RM,Lei Complementar 014 (Federal),08.06.1973,integrante,2025-12-31
4319000,RS,RM da Serra Gaúcha (RS),Região Metropolitana da Serra Gaúcha,Serra Gaúcha (RS),RM,Lei Complementar 14.293,29.08.2013,integrante,2025-12-31
4319505,RS,RM de Porto Alegre (RS),Região Metropolitana de Porto Alegre,Porto Alegre (RS),RM,Lei Complementar 14047,09.07.2012,integrante,2025-12-31
4319901,RS,RM de Porto Alegre (RS),Região Metropolitana de Porto Alegre,Porto Alegre (RS),RM,Lei Complementar 014 (Federal),08.06.1973,integrante,2025-12-31
4320008,RS,RM de Porto Alegre (RS),Região Metropolitana de Porto Alegre,Porto Alegre (RS),RM,Lei Complementar 014 (Federal),08.06.1973,integrante,2025-12-31
4321204,RS,RM de Porto Alegre (RS),Região Metropolitana de Porto Alegre,Porto Alegre (RS),RM,Lei Complementar 11318,26.03.1999,integrante,2025-12-31
4321436,RS,AU do Litoral Norte (RS),Aglomeração Urbana do Litoral Norte,Litoral Norte (RS),AU,Lei Complementar 12.100,27.05.2004,integrante,2025-12-31
4321501,RS,AU do Litoral Norte (RS),Aglomeração Urbana do Litoral Norte,Litoral Norte (RS),AU,Lei Complementar 12.100,27.05.2004,integrante,2025-12-31
4321600,RS,AU do Litoral Norte (RS),Aglomeração Urbana do Litoral Norte,Litoral Norte (RS),AU,Lei Complementar 12.100,27.05.2004,integrante,2025-12-31
4321667,RS,AU do Litoral Norte (RS),Aglomeração Urbana do Litoral Norte,Litoral Norte (RS),AU,Lei Complementar 12.100,27.05.2004,integrante,2025-12-31
4321832,RS,AU do Litoral Norte (RS),Aglomeração Urbana do Litoral Norte,Litoral Norte (RS),AU,Lei Complementar 12.100,27.05.2004,integrante,2025-12-31
4322004,RS,RM de Porto Alegre (RS),Região Metropolitana de Porto Alegre,Porto Alegre (RS),RM,Constituição Estadual,03.10.1989,integrante,2025-12-31
4323002,RS,RM de Porto Alegre (RS),Região Metropolitana de Porto Alegre,Porto Alegre (RS),RM,Lei Complementar 014 (Federal),08.06.1973,integrante,2025-12-31
4323804,RS,AU do Litoral Norte (RS),Aglomeração Urbana do Litoral Norte,Litoral Norte (RS),AU,Lei Complementar 12.100,27.05.2004,integrante,2025-12-31
5100102,MT,RM do Vale do Rio Cuiabá (MT),Região Metropolitana do Vale do Rio Cuiabá,Vale do Rio Cuiabá (MT),RM,Lei Complementar 577,19.05.2016,integrante,2025-12-31
5101605,MT,RM de Vale do Rio Cuiabá (MT),Entorno Metropolitano da RM Vale do Rio Cuiabá,Vale do Rio Cuiabá (MT),RM,Lei Complementar 359,27.05.2009,Entorno Metropolitano da RM Vale do Rio Cuiabá,2025-12-31
5102678,MT,RM do Vale do Rio Cuiabá (MT),Região Metropolitana do Vale do Rio Cuiabá,Vale do Rio Cuiabá (MT),RM,Lei Complementar Estadual 796,26.06.2024,integrante,2025-12-31
5103007,MT,RM do Vale do Rio Cuiabá (MT),Região Metropolitana do Vale do Rio Cuiabá,Vale do Rio Cuiabá (MT),RM,Lei Complementar 577,19.05.2016,integrante,2025-12-31
5103403,MT,RM do Vale do Rio Cuiabá (MT),Região Metropolitana do Vale do Rio Cuiabá,Vale do Rio Cuiabá (MT),RM,Lei Complementar 359,27.05.2009,integrante,2025-12-31
5104906,MT,RM de Vale do Rio Cuiabá (MT),Entorno Metropolitano da RM Vale do Rio Cuiabá,Vale do Rio Cuiabá (MT),RM,Lei Complementar 359,27.05.2009,Entorno Metropolitano da RM Vale do Rio Cuiabá,2025-12-31
5105903,MT,RM de Vale do Rio Cuiabá (MT),Entorno Metropolitano da RM Vale do Rio Cuiabá,Vale do Rio Cuiabá (MT),RM,Lei Complementar 359,27.05.2009,Entorno Metropolitano da RM Vale do Rio Cuiabá,2025-12-31
5106109,MT,RM do Vale do Rio Cuiabá (MT),Região Metropolitana do Vale do Rio Cuiabá,Vale do Rio Cuiabá (MT),RM,Lei Complementar 359,27.05.2009,integrante,2025-12-31
5106208,MT,RM de Vale do Rio Cuiabá (MT),Entorno Metropolitano da RM Vale do Rio Cuiabá,Vale do Rio Cuiabá (MT),RM,Lei Complementar 359,27.05.2009,Entorno Metropolitano da RM Vale do Rio Cuiabá,2025-12-31
5106455,MT,RM de Vale do Rio Cuiabá (MT),Entorno Metropolitano da RM Vale do Rio Cuiabá,Vale do Rio Cuiabá (MT),RM,Lei Complementar 359,27.05.2009,Entorno Metropolitano da RM Vale do Rio Cuiabá,2025-12-31
5106505,MT,RM de Vale do Rio Cuiabá (MT),Entorno Metropolitano da RM Vale do Rio Cuiabá,Vale do Rio Cuiabá (MT),RM,Lei Complementar 359,27.05.2009,Entorno Metropolitano da RM Vale do Rio Cuiabá,2025-12-31
5107701,MT,RM de Vale do Rio Cuiabá (MT),Entorno Metropolitano da RM Vale do Rio Cuiabá,Vale do Rio Cuiabá (MT),RM,Lei Complementar 359,27.05.2009,Entorno Metropolitano da RM Vale do Rio Cuiabá,2025-12-31
5107800,MT,RM do Vale do Rio Cuiabá (MT),Região Metropolitana do Vale do Rio Cuiabá,Vale do Rio Cuiabá (MT),RM,Lei Complementar 359,27.05.2009,integrante,2025-12-31
5108402,MT,RM do Vale do Rio Cuiabá (MT),Região Metropolitana do Vale do Rio Cuiabá,Vale do Rio Cuiabá (MT),RM,Lei Complementar 359,27.05.2009,integrante,2025-12-31
5200050,GO,RM de Goiânia (GO),Região Metropolitana de Goiânia,Goiânia (GO),RM,Lei Complementar n° 27 - Alterada pela Lei Complementar n° 78 de 25.03.2010,30.12.1999,integrante,2025-12-31
5200100,GO,RIDE do Distrito Federal e Entorno,Região Integrada de Desenvolvimento do Distrito Federal e Entorno,DF e Entorno (DF/GO/MG),RIDE,DECRETO Nº 7469 - 04.05.2011 Regulamenta a Lei Complementar 094,04.05.2011,integrante,2025-12-31
5200175,GO,RIDE do Distrito Federal e Entorno,Região Integrada de Desenvolvimento do Distrito Federal e Entorno,DF e Entorno (DF/GO/MG),RIDE,DECRETO Nº 7469 - 04.05.2011 Regulamenta a Lei Complementar 094,04.05.2011,integrante,2025-12-31
5200258,GO,RIDE do Distrito Federal e Entorno,Região Integrada de Desenvolvimento do Distrito Federal e Entorno,DF e Entorno (DF/GO/MG),RIDE,DECRETO Nº 7469 - 04.05.2011 Regulamenta a Lei Complementar 094,04.05.2011,integrante,2025-12-31
5200258,GO,RM do Entorno do Distrito Federal,Região Metropolitana do Entorno do Distrito Federal,Recorte Metropolitano do Entorno do Distrito Federal,RM,Lei Complementar Estadual 181,05.01.2023,integrante,2025-12-31
5200308,GO,RIDE do Distrito Federal e Entorno,Região Integrada de Desenvolvimento do Distrito Federal e Entorno,DF e Entorno (DF/GO/MG),RIDE,DECRETO Nº 7469 - 04.05.2011 Regulamenta a Lei Complementar 094,04.05.2011,integrante,2025-12-31
5200605,GO,RIDE do Distrito Federal e Entorno,Região Integrada de Desenvolvimento do Distrito Federal e Entorno,DF e Entorno (DF/GO/MG),RIDE,Lei Complementar nº 163 (Federal),14.06.2018,integrante,2025-12-31
5200803,GO,RIDE do Distrito Federal e Entorno,Região Integrada de Desenvolvimento do Distrito Federal e Entorno,DF e Entorno (DF/GO/MG),RIDE,Lei Complementar nº 163 (Federal),14.06.2018,integrante,2025-12-31
5201405,GO,RM de Goiânia (GO),Região Metropolitana de Goiânia,Goiânia (GO),RM,Lei Complementar n° 27 - Alterada pela Lei Complementar n° 78 de 25.03.2010,30.12.1999,integrante,2025-12-31
5201801,GO,RM de Goiânia (GO),Região Metropolitana de Goiânia,Goiânia (GO),RM,Lei Complementar n° 27 - Alterada pela Lei Complementar n° 78 de 25.03.2010,30.12.1999,integrante,2025-12-31
5203203,GO,RIDE do Distrito Federal e Entorno,Região Integrada de Desenvolvimento do Distrito Federal e Entorno,DF e Entorno (DF/GO/MG),RIDE,Lei Complementar nº 163 (Federal),14.06.2018,integrante,2025-12-31
5203302,GO,RM de Goiânia (GO),Região Metropolitana de Goiânia,Goiânia (GO),RM,Inclusão de município - Lei Complementar 48 de 09.12.2004 - Alterada pela Lei Complementar n° 78 de 25.03.2010,09.12.2004,integrante,2025-12-31
5203559,GO,RM de Goiânia (GO),Região Metropolitana de Goiânia,Goiânia (GO),RM,inclusão de município - Lei Complementar 78 de 25.03.2010,25.03.2010,integrante,2025-12-31
5203609,GO,RM de Goiânia (GO),Região Metropolitana de Goiânia,Goiânia (GO),RM,inclusão de município - Lei Complementar 78 de 25.03.2010,25.03.2010,integrante,2025-12-31
5204003,GO,RIDE do Distrito Federal e Entorno,Região Integrada de Desenvolvimento do Distrito Federal e Entorno,DF e Entorno (DF/GO/MG),RIDE,DECRETO Nº 7469 - 04.05.2011 Regulamenta a Lei Complementar 094,04.05.2011,integrante,2025-12-31
5204557,GO,RM de Goiânia (GO),Região Metropolitana de Goiânia,Goiânia (GO),RM,inclusão de município - Lei Complementar 78 de 25.03.2010,25.03.2010,integrante,2025-12-31
5205208,GO,RM de Goiânia (GO),Região Metropolitana de Goiânia,Goiânia (GO),RM,inclusão de município - Lei Complementar 78 de 25.03.2010,25.03.2010,integrante,2025-12-31
5205307,GO,RIDE do Distrito Federal e Entorno,Região Integrada de Desenvolvimento do Distrito Federal e Entorno,DF e Entorno (DF/GO/MG),RIDE,Lei Complementar nº 163 (Federal),14.06.2018,integrante,2025-12-31
5205497,GO,RIDE do Distrito Federal e Entorno,Região Integrada de Desenvolvimento do Distrito Federal e Entorno,DF e Entorno (DF/GO/MG),RIDE,DECRETO Nº 7469 - 04.05.2011 Regulamenta a Lei Complementar 094,04.05.2011,integrante,2025-12-31
5205497,GO,RM do Entorno do Distrito Federal,Região Metropolitana do Entorno do Distrito Federal,Recorte Metropolitano do Entorno do Distrito Federal,RM,Lei Complementar Estadual 181,05.01.2023,integrante,2025-12-31
5205513,GO,RIDE do Distrito Federal e Entorno,Região Integrada de Desenvolvimento do Distrito Federal e Entorno,DF e Entorno (DF/GO/MG),RIDE,DECRETO Nº 7469 - 04.05.2011 Regulamenta a Lei Complementar 094,04.05.2011,integrante,2025-12-31
5205513,GO,RM do Entorno do Distrito Federal,Região Metropolitana do Entorno do Distrito Federal,Recorte Metropolitano do Entorno do Distrito Federal,RM,Lei Complementar Estadual 181,05.01.2023,integrante,2025-12-31
5205802,GO,RIDE do Distrito Federal e Entorno,Região Integrada de Desenvolvimento do Distrito Federal e Entorno,DF e Entorno (DF/GO/MG),RIDE,DECRETO Nº 7469 - 04.05.2011 Regulamenta a Lei Complementar 094,04.05.2011,integrante,2025-12-31
5206206,GO,RIDE do Distrito Federal e Entorno,Região Integrada de Desenvolvimento do Distrito Federal e Entorno,DF e Entorno (DF/GO/MG),RIDE,DECRETO Nº 7469 - 04.05.2011 Regulamenta a Lei Complementar 094,04.05.2011,integrante,2025-12-31
5206206,GO,RM do Entorno do Distrito Federal,Região Metropolitana do Entorno do Distrito Federal,Recorte Metropolitano do Entorno do Distrito Federal,RM,Lei Complementar Estadual 181,05.01.2023,integrante,2025-12-31
5207907,GO,RIDE do Distrito Federal e Entorno,Região Integrada de Desenvolvimento do Distrito Federal e Entorno,DF e Entorno (DF/GO/MG),RIDE,Lei Complementar nº 163 (Federal),14.06.2018,integrante,2025-12-31
5208004,GO,RIDE do Distrito Federal e Entorno,Região Integrada de Desenvolvimento do Distrito Federal e Entorno,DF e Entorno (DF/GO/MG),RIDE,DECRETO Nº 7469 - 04.05.2011 Regulamenta a Lei Complementar 094,04.05.2011,integrante,2025-12-31
5208004,GO,RM do Entorno do Distrito Federal,Região Metropolitana do Entorno do Distrito Federal,Recorte Metropolitano do Entorno do Distrito Federal,RM,Lei Complementar Estadual 181,05.01.2023,integrante,2025-12-31
5208400,GO,RM de Goiânia (GO),Região Metropolitana de Goiânia,Goiânia (GO),RM,Lei Complementar n° 27 - Alterada pela Lei Complementar n° 78 de 25.03.2010,30.12.1999,integrante,2025-12-31
5208608,GO,RIDE do Distrito Federal e Entorno,Região Integrada de Desenvolvimento do Distrito Federal e Entorno,DF e Entorno (DF/GO/MG),RIDE,Lei Complementar nº 163 (Federal),14.06.2018,integrante,2025-12-31
5208707,GO,RM de Goiânia (GO),Região Metropolitana de Goiânia,Goiânia (GO),RM,Lei Complementar n° 27 - Alterada pela Lei Complementar n° 78 de 25.03.2010,30.12.1999,integrante,2025-12-31
5208806,GO,RM de Goiânia (GO),Região Metropolitana de Goiânia,Goiânia (GO),RM,Lei Complementar n° 27 - Alterada pela Lei Complementar n° 78 de 25.03.2010,30.12.1999,integrante,2025-12-31
5209200,GO,RM de Goiânia (GO),Região Metropolitana de Goiânia,Goiânia (GO),RM,Inclusão de município - Lei Complementar 54 de 23.05.2005 - Alterada pela Lei Complementar n° 78 de 25.03.2010,23.05.2005,integrante,2025-12-31
5209705,GO,RM de Goiânia (GO),Região Metropolitana de Goiânia,Goiânia (GO),RM,Lei Complementar n° 27 - Alterada pela Lei Complementar n° 78 de 25.03.2010,30.12.1999,integrante,2025-12-31
5210000,GO,RM de Goiânia (GO),Região Metropolitana de Goiânia,Goiânia (GO),RM,Lei Complementar Nº 149 de 15.05.2019,30.05.2019,integrante,2025-12-31
5212501,GO,RIDE do Distrito Federal e Entorno,Região Integrada de Desenvolvimento do Distrito Federal e Entorno,DF e Entorno (DF/GO/MG),RIDE,DECRETO Nº 7469 - 04.05.2011 Regulamenta a Lei Complementar 094,04.05.2011,integrante,2025-12-31
5212501,GO,RM do Entorno do Distrito Federal,Região Metropolitana do Entorno do Distrito Federal,Recorte Metropolitano do Entorno do Distrito Federal,RM,Lei Complementar Estadual 181,05.01.2023,integrante,2025-12-31
5213053,GO,RIDE do Distrito Federal e Entorno,Região Integrada de Desenvolvimento do Distrito Federal e Entorno,DF e Entorno (DF/GO/MG),RIDE,DECRETO Nº 7469 - 04.05.2011 Regulamenta a Lei Complementar 094,04.05.2011,integrante,2025-12-31
5214507,GO,RM de Goiânia (GO),Região Metropolitana de Goiânia,Goiânia (GO),RM,Lei Complementar n° 27 - Alterada pela Lei Complementar n° 78 de 25.03.2010,30.12.1999,integrante,2025-12-31
5214606,GO,RIDE do Distrito Federal e Entorno,Região Integrada de Desenvolvimento do Distrito Federal e Entorno,DF e Entorno (DF/GO/MG),RIDE,Lei Complementar nº 163 (Federal),14.06.2018,integrante,2025-12-31
5215009,GO,RM de Goiânia (GO),Região Metropolitana de Goiânia,Goiânia (GO),RM,inclusão de município - Lei Complementar 78 de 25.03.2010,25.03.2010,integrante,2025-12-31
5215231,GO,RIDE do Distrito Federal e Entorno,Região Integrada de Desenvolvimento do Distrito Federal e Entorno,DF e Entorno (DF/GO/MG),RIDE,DECRETO Nº 7469 - 04.05.2011 Regulamenta a Lei Complementar 094,04.05.2011,integrante,2025-12-31
5215231,GO,RM do Entorno do Distrito Federal,Região Metropolitana do Entorno do Distrito Federal,Recorte Metropolitano do Entorno do Distrito Federal,RM,Lei Complementar Estadual 181,05.01.2023,integrante,2025-12-31
5215603,GO,RIDE do Distrito Federal e Entorno,Região Integrada de Desenvolvimento do Distrito Federal e Entorno,DF e Entorno (DF/GO/MG),RIDE,DECRETO Nº 7469 - 04.05.2011 Regulamenta a Lei Complementar 094,04.05.2011,integrante,2025-12-31
5215603,GO,RM do Entorno do Distrito Federal,Região Metropolitana do Entorno do Distrito Federal,Recorte Metropolitano do Entorno do Distrito Federal,RM,Lei Complementar Estadual 181,05.01.2023,integrante,2025-12-31
5217302,GO,RIDE do Distrito Federal e Entorno,Região Integrada de Desenvolvimento do Distrito Federal e Entorno,DF e Entorno (DF/GO/MG),RIDE,DECRETO Nº 7469 - 04.05.2011 Regulamenta a Lei Complementar 094,04.05.2011,integrante,2025-12-31
5217609,GO,RIDE do Distrito Federal e Entorno,Região Integrada de Desenvolvimento do Distrito Federal e Entorno,DF e Entorno (DF/GO/MG),RIDE,DECRETO Nº 7469 - 04.05.2011 Regulamenta a Lei Complementar 094,04.05.2011,integrante,2025-12-31
5217609,GO,RM do Entorno do Distrito Federal,Região Metropolitana do Entorno do Distrito Federal,Recorte Metropolitano do Entorno do Distrito Federal,RM,Lei Complementar Estadual 181,05.01.2023,integrante,2025-12-31
5219100,GO,RM de Goiânia (GO),Região Metropolitana de Goiânia,Goiânia (GO),RM,Inclusão de município - Lei Complementar nº 139,22.01.2018,integrante,2025-12-31
5219738,GO,RM de Goiânia (GO),Região Metropolitana de Goiânia,Goiânia (GO),RM,Lei Complementar n° 27 - Alterada pela Lei Complementar n° 78 de 25.03.2010,30.12.1999,integrante,2025-12-31
5219753,GO,RIDE do Distrito Federal e Entorno,Região Integrada de Desenvolvimento do Distrito Federal e Entorno,DF e Entorno (DF/GO/MG),RIDE,DECRETO Nº 7469 - 04.05.2011 Regulamenta a Lei Complementar 094,04.05.2011,integrante,2025-12-31
5219753,GO,RM do Entorno do Distrito Federal,Região Metropolitana do Entorno do Distrito Federal,Recorte Metropolitano do Entorno do Distrito Federal,RM,Lei Complementar Estadual 181,05.01.2023,integrante,2025-12-31
5220009,GO,RIDE do Distrito Federal e Entorno,Região Integrada de Desenvolvimento do Distrito Federal e Entorno,DF e Entorno (DF/GO/MG),RIDE,Lei Complementar nº 163 (Federal),14.06.2018,integrante,2025-12-31
5220454,GO,RM de Goiânia (GO),Região Metropolitana de Goiânia,Goiânia (GO),RM,Lei Complementar n° 27 - Alterada pela Lei Complementar n° 78 de 25.03.2010,30.12.1999,integrante,2025-12-31
5220686,GO,RIDE do Distrito Federal e Entorno,Região Integrada de Desenvolvimento do Distrito Federal e Entorno,DF e Entorno (DF/GO/MG),RIDE,Lei Complementar nº 163 (Federal),14.06.2018,integrante,2025-12-31
5221197,GO,RM de Goiânia (GO),Região Metropolitana de Goiânia,Goiânia (GO),RM,inclusão de município - Lei Complementar 78 de 25.03.2010,25.03.2010,integrante,2025-12-31
5221403,GO,RM de Goiânia (GO),Região Metropolitana de Goiânia,Goiânia (GO),RM,Lei Complementar n° 27 - Alterada pela Lei Complementar n° 78 de 25.03.2010,30.12.1999,integrante,2025-12-31
5221858,GO,RIDE do Distrito Federal e Entorno,Região Integrada de Desenvolvimento do Distrito Federal e Entorno,DF e Entorno (DF/GO/MG),RIDE,DECRETO Nº 7469 - 04.05.2011 Regulamenta a Lei Complementar 094,04.05.2011,integrante,2025-12-31
5221858,GO,RM do Entorno do Distrito Federal,Região Metropolitana do Entorno do Distrito Federal,Recorte Metropolitano do Entorno do Distrito Federal,RM,Lei Complementar Estadual 181,05.01.2023,integrante,2025-12-31
5222203,GO,RIDE do Distrito Federal e Entorno,Região Integrada de Desenvolvimento do Distrito Federal e Entorno,DF e Entorno (DF/GO/MG),RIDE,DECRETO Nº 7469 - 04.05.2011 Regulamenta a Lei Complementar 094,04.05.2011,integrante,2025-12-31
5222302,GO,RIDE do Distrito Federal e Entorno,Região Integrada de Desenvolvimento do Distrito Federal e Entorno,DF e Entorno (DF/GO/MG),RIDE,Lei Complementar nº 163 (Federal),14.06.2018,integrante,2025-12-31
5300108,DF,RIDE do Distrito Federal e Entorno,Região Integrada de Desenvolvimento do Distrito Federal e Entorno,DF e Entorno (DF/GO/MG),RIDE,DECRETO Nº 7469 - 04.05.2011 Regulamenta a Lei Complementar 094,04.05.2011,integrante,2025-12-31
