cd_municipio_ibge,municipio,uf,aptos_26,exp_eua_usd,exp_total_usd,parcela_eua,eua_por_eleitor,sede_exportadora,exposicao_eua,amazonia_legal,forca_soberania,motivo
3516853,GAVIÃO PEIXOTO,SP,4165,722241136.0,1165356208.0,0.6197599764277396,173407.2355342137,True,alta,False,alta,exportação aos EUA
3512001,COLINA,SP,14048,405401176.0,975466525.0,0.415597220007114,28858.284168564922,True,alta,False,alta,exportação aos EUA
5214002,MOZARLÂNDIA,GO,12318,234505008.0,681258408.0,0.34422328626878396,19037.5879201169,True,alta,False,alta,exportação aos EUA
3305000,SÃO JOÃO DA BARRA,RJ,43094,806221829.0,3324647453.0,0.24249844243560462,18708.447324453522,True,alta,False,alta,exportação aos EUA
2312403,SÃO GONÇALO DO AMARANTE,CE,51355,791313158.0,1214119692.0,0.6517587707489386,15408.68772271444,False,alta,False,alta,exportação aos EUA
3520400,ILHABELA,SP,31086,418897445.0,1883451633.0,0.22240945170053114,13475.437335134788,True,alta,False,alta,exportação aos EUA
4306205,CRUZEIRO DO SUL,RS,9328,120059920.0,149987246.0,0.8004675277523263,12870.917667238422,False,alta,False,alta,exportação aos EUA
3128709,GUAXUPÉ,MG,39360,439813513.0,2352231966.0,0.18697710062494746,11174.123805894309,True,média,False,média,exportação aos EUA
3529302,MATÃO,SP,63725,654001577.0,1461370029.0,0.4475263376295779,10262.87292271479,False,alta,False,alta,exportação aos EUA
3135407,JECEABA,MG,5837,53535369.0,263008062.0,0.20355029649243223,9171.726743189995,True,alta,False,alta,exportação aos EUA
2803302,JAPARATUBA,SE,14930,118234331.0,278506906.0,0.42452926104460764,7919.245210984594,False,alta,False,alta,exportação aos EUA
3200409,ANCHIETA,ES,24797,175587958.0,1795479311.0,0.0977944757838538,7081.016171311046,True,média,False,média,exportação aos EUA
3548005,SANTO ANTÔNIO DE POSSE,SP,16288,109819727.0,165202545.0,0.6647580822680426,6742.37027259332,False,alta,False,alta,exportação aos EUA
4215307,SALETE,SC,6344,42239588.0,54769280.0,0.7712277393458523,6658.194829760403,False,alta,False,alta,exportação aos EUA
3139508,MANHUMIRIM,MG,17013,112699242.0,495645806.0,0.2273785849405533,6624.301534120967,False,alta,False,alta,exportação aos EUA
3536703,PEDERNEIRAS,SP,32588,214949268.0,780114769.0,0.27553544240103983,6595.963790352277,False,alta,False,alta,exportação aos EUA
5203203,BARRO ALTO,GO,10023,62434738.0,374948601.0,0.16651545794139394,6229.146762446373,True,média,False,média,exportação aos EUA
3200607,ARACRUZ,ES,75118,465838033.0,1563334748.0,0.2979771501886939,6201.416877446151,False,alta,False,alta,exportação aos EUA
1501303,BARCARENA,PA,102889,513097127.0,3328868153.0,0.15413561108979135,4986.899736609355,True,média,True,média,exportação aos EUA;Amazônia Legal
3101409,ALBERTINA,MG,3575,16943330.0,197549287.0,0.08576760897142595,4739.393006993007,True,média,False,média,exportação aos EUA
2922003,MUCURI,BA,27873,128084441.0,677285149.0,0.1891144980649797,4595.28723137086,False,média,False,média,exportação aos EUA
3500808,ALFREDO MARCONDES,SP,3964,17937299.0,20562353.0,0.8723368867366492,4525.050201816347,False,alta,False,alta,exportação aos EUA
3117876,CONFINS,MG,7057,31569148.0,31631956.0,0.9980144130195426,4473.451608332152,False,alta,False,alta,exportação aos EUA
4208005,ITÁ,SC,5888,26260880.0,77889795.0,0.3371543088539391,4460.067934782609,False,alta,False,alta,exportação aos EUA
3527108,LINS,SP,53771,230915947.0,1074147310.0,0.2149760510967532,4294.432816945938,False,alta,False,alta,exportação aos EUA
3538709,PIRACICABA,SP,311212,1297704372.0,2760190355.0,0.4701503175856145,4169.8404046116475,False,alta,False,alta,exportação aos EUA
5007109,RIBAS DO RIO PARDO,MS,16370,65495814.0,1258488815.0,0.05204322296658632,4000.9660354306657,True,média,False,média,exportação aos EUA
3549904,SÃO JOSÉ DOS CAMPOS,SP,540217,2147146771.0,4061614721.0,0.5286436352267692,3974.600523493337,False,alta,False,alta,exportação aos EUA
3170701,VARGINHA,MG,104607,402624602.0,3287681249.0,0.12246461001122436,3848.9259992161137,True,média,False,média,exportação aos EUA
3203056,JAGUARÉ,ES,24297,93275724.0,177568175.0,0.5252952788414929,3838.9811087788617,False,alta,False,alta,exportação aos EUA
4203253,CAPÃO ALTO,SC,3120,11851023.0,22389943.0,0.5293011688328103,3798.4048076923077,False,alta,False,alta,exportação aos EUA
5007505,ROCHEDO,MS,4984,18455183.0,207498683.0,0.08894120547261497,3702.885834670947,True,média,False,média,exportação aos EUA
3145901,OURO BRANCO,MG,30112,110247020.0,441665557.0,0.2496165214893585,3661.232066950053,False,alta,False,alta,exportação aos EUA
3104007,ARAXÁ,MG,81839,270799451.0,2536889258.0,0.1067446874734648,3308.9291291438067,True,média,False,média,exportação aos EUA
4128534,VENTANIA,PR,7525,24841309.0,42185294.0,0.5888618199508103,3301.170631229236,False,alta,False,alta,exportação aos EUA
4203006,CAÇADOR,SC,53297,173326232.0,344780209.0,0.5027151427940575,3252.0823310880537,False,alta,False,alta,exportação aos EUA
3200706,ATÍLIO VIVÁCQUA,ES,9255,30045711.0,46662408.0,0.6438954243424385,3246.430145867099,False,alta,False,alta,exportação aos EUA
2929206,SÃO FRANCISCO DO CONDE,BA,33764,106955389.0,2036792587.0,0.05251167432690582,3167.7345397464755,True,média,False,média,exportação aos EUA
3550704,SÃO SEBASTIÃO,SP,68037,214324273.0,670681656.0,0.31956185335118215,3150.1135117656568,False,alta,False,alta,exportação aos EUA
4309654,HULHA NEGRA,RS,4884,15300477.0,118271991.0,0.12936686759589597,3132.7757985257986,False,média,False,média,exportação aos EUA
3205002,SERRA,ES,361737,1105459074.0,1854919840.0,0.5959605639885764,3055.9745726867864,False,alta,False,alta,exportação aos EUA
3302254,ITATIAIA,RJ,26584,80833860.0,154640758.0,0.5227202779231075,3040.695907312669,False,alta,False,alta,exportação aos EUA
4112009,JAGUARIAÍVA,PR,25982,73433666.0,93521028.0,0.7852102096225888,2826.328458163344,False,alta,False,alta,exportação aos EUA
3541307,PRESIDENTE EPITÁCIO,SP,29804,83982707.0,109552907.0,0.7665949658460455,2817.833411622601,False,alta,False,alta,exportação aos EUA
3555604,UCHOA,SP,8307,22981658.0,37701585.0,0.6095674226958893,2766.5412302877094,False,alta,False,alta,exportação aos EUA
3304110,PORTO REAL,RJ,17925,48397053.0,622685412.0,0.0777231200014045,2699.9750627615063,True,média,False,média,exportação aos EUA
3200904,BARRA DE SÃO FRANCISCO,ES,34548,92303387.0,155894546.0,0.592088622523074,2671.7432847053374,False,alta,False,alta,exportação aos EUA
4304804,CARLOS BARBOSA,RS,23696,61950270.0,280660857.0,0.22072999655951311,2614.376688048616,False,alta,False,alta,exportação aos EUA
4310363,IMIGRANTE,RS,2800,7064794.0,12079139.0,0.5848756273108539,2523.1407142857142,False,média,False,média,exportação aos EUA
4322004,TRIUNFO,RS,21936,54950063.0,915221264.0,0.06004019482659223,2505.017459883297,True,média,False,média,exportação aos EUA
3167202,SETE LAGOAS,MG,167416,408232341.0,962355856.0,0.4242010254884343,2438.4308608496203,False,alta,False,alta,exportação aos EUA
3124203,ESPERA FELIZ,MG,18168,43487095.0,377077581.0,0.11532665210345666,2393.609368119771,False,média,False,média,exportação aos EUA
3527603,LUÍS ANTÔNIO,SP,10065,23832668.0,296868461.0,0.08028022889235108,2367.875608544461,False,média,False,média,exportação aos EUA
4125803,SÃO PEDRO DO IVAÍ,PR,6943,16349954.0,39071617.0,0.4184611555749024,2354.883191703874,False,alta,False,alta,exportação aos EUA
3106309,BELO ORIENTE,MG,20697,48467604.0,496879407.0,0.09754399823617564,2341.7695318162055,False,média,False,média,exportação aos EUA
1501782,BREU BRANCO,PA,32173,75204493.0,80273053.0,0.9368585121584948,2337.503279147111,False,alta,True,alta,exportação aos EUA;Amazônia Legal
1100924,CHUPINGUAIA,RO,7696,17944539.0,125643675.0,0.1428208702109358,2331.6708679833678,False,média,True,média,exportação aos EUA;Amazônia Legal
3512407,CORDEIRÓPOLIS,SP,19567,45293593.0,287987555.0,0.15727621632816738,2314.7949609035622,False,média,False,média,exportação aos EUA
3140902,MATIPÓ,MG,15216,34990802.0,301570565.0,0.11602857195296895,2299.605809674027,False,média,False,média,exportação aos EUA
3101607,ALFENAS,MG,61027,139857303.0,724626915.0,0.19300594568723686,2291.728300588264,False,média,False,média,exportação aos EUA
4303608,CAMBARÁ DO SUL,RS,5136,11261045.0,14042173.0,0.8019446135580298,2192.5710669781934,False,alta,False,alta,exportação aos EUA
3501152,ALUMÍNIO,SP,14040,29921268.0,167759491.0,0.1783581234160993,2131.1444444444446,False,média,False,média,exportação aos EUA
5219258,SANTA FÉ DE GOIÁS,GO,4208,8966645.0,126329048.0,0.07097848944448627,2130.8567015209123,False,média,False,média,exportação aos EUA
5103502,DIAMANTINO,MT,16562,35112562.0,1009653764.0,0.03477683464566374,2120.0677454413717,True,média,True,média,exportação aos EUA;Amazônia Legal
5105622,MIRASSOL D'OESTE,MT,19682,41073183.0,228622860.0,0.17965475106032705,2086.839904481252,False,média,True,média,exportação aos EUA;Amazônia Legal
4106456,CORONEL DOMINGOS SOARES,PR,5280,10917825.0,11440843.0,0.9542850120397597,2067.7698863636365,False,alta,False,alta,exportação aos EUA
4306403,DOIS IRMÃOS,RS,24787,50884499.0,96285677.0,0.5284742298691009,2052.8704159438416,False,alta,False,alta,exportação aos EUA
3512209,CONCHAL,SP,20926,42336868.0,101249513.0,0.41814391739345946,2023.1706011660135,False,alta,False,alta,exportação aos EUA
4214706,RIO DOS CEDROS,SC,8999,18186359.0,28673084.0,0.6342658850369914,2020.9311034559396,False,alta,False,alta,exportação aos EUA
3526704,LEME,SP,72901,146418156.0,226480021.0,0.6464948005281225,2008.4519553915584,False,alta,False,alta,exportação aos EUA
5215702,PALMEIRAS DE GOIÁS,GO,23454,46754855.0,622754029.0,0.07507756324768795,1993.4704101645775,False,média,False,média,exportação aos EUA
4207700,IPUMIRIM,SC,6026,11989697.0,48466665.0,0.24738027673247168,1989.6609691337537,False,alta,False,alta,exportação aos EUA
4202206,BENEDITO NOVO,SC,8293,16446610.0,28598506.0,0.575086334929524,1983.1918485469673,False,alta,False,alta,exportação aos EUA
3503208,ARARAQUARA,SP,170310,337383791.0,911486756.0,0.3701466738590769,1980.9981269449827,False,alta,False,alta,exportação aos EUA
4203303,CAMPO ALEGRE,SC,10133,19942186.0,27497689.0,0.7252313458050965,1968.0436198559164,False,alta,False,alta,exportação aos EUA
3139003,MACHADO,MG,30436,59254417.0,460445633.0,0.12868928002190436,1946.8529701669077,False,média,False,média,exportação aos EUA
3204658,SÃO DOMINGOS DO NORTE,ES,8443,15905174.0,37440778.0,0.4248088541322512,1883.8296813928698,False,alta,False,alta,exportação aos EUA
3524907,JAMBEIRO,SP,4996,9339188.0,16428492.0,0.568475061496819,1869.3330664531625,False,média,False,média,exportação aos EUA
4218301,TRÊS BARRAS,SC,15074,27933082.0,165985098.0,0.1682866855914981,1853.0636858166379,False,média,False,média,exportação aos EUA
4117602,PALMAS,PR,32266,59750753.0,221974611.0,0.26917832057829355,1851.8177958222277,False,alta,False,alta,exportação aos EUA
3505302,BARRA BONITA,SP,28333,52352710.0,134162836.0,0.39021767548205377,1847.7644442875799,False,alta,False,alta,exportação aos EUA
3203130,JOÃO NEIVA,ES,12793,23534322.0,69594062.0,0.33816566131748427,1839.6249511451574,False,alta,False,alta,exportação aos EUA
4104204,CAMPO LARGO,PR,94798,174344287.0,590464353.0,0.2952664053540248,1839.1135572480432,False,alta,False,alta,exportação aos EUA
2404507,GUAMARÉ,RN,15625,28495397.0,584381580.0,0.04876162763377997,1823.705408,True,média,False,média,exportação aos EUA
4208906,JARAGUÁ DO SUL,SC,131454,237849692.0,976239354.0,0.24363870502192436,1809.375842500038,False,alta,False,alta,exportação aos EUA
5100102,ACORIZAL,MT,7353,13272805.0,35099608.0,0.378146815770706,1805.0870393036855,False,alta,True,alta,exportação aos EUA;Amazônia Legal
5106307,PARANATINGA,MT,16917,30220286.0,324513167.0,0.09312499175110513,1786.385647573447,False,média,True,média,exportação aos EUA;Amazônia Legal
3548500,SANTOS,SP,348832,614990552.0,6713623831.0,0.09160336764182342,1762.9992431886983,False,média,False,média,exportação aos EUA
3151206,PIRAPORA,MG,41904,73209597.0,283617097.0,0.25812829259725484,1747.0789662084765,False,alta,False,alta,exportação aos EUA
3133808,ITAÚNA,MG,70855,119711681.0,151747052.0,0.7888896648878556,1689.5304636228918,False,alta,False,alta,exportação aos EUA
4309308,GUAÍBA,RS,74475,122168697.0,1065332609.0,0.11467657703135228,1640.3987512588117,False,média,False,média,exportação aos EUA
3538006,PINDAMONHANGABA,SP,119275,195264493.0,1178009522.0,0.1657579920648553,1637.094889960176,False,média,False,média,exportação aos EUA
3539103,PIRAPORA DO BOM JESUS,SP,14158,23043844.0,162303341.0,0.14198009639247045,1627.6200028252579,False,média,False,média,exportação aos EUA
2100055,AÇAILÂNDIA,MA,78000,126102867.0,131754103.0,0.9571077038868383,1616.7034230769232,False,alta,True,alta,exportação aos EUA;Amazônia Legal
3541703,QUATÁ,SP,10121,16306721.0,62258526.0,0.2619194839273901,1611.1768599940717,False,alta,False,alta,exportação aos EUA
2104552,GOVERNADOR EDISON LOBÃO,MA,15378,24676316.0,39956072.0,0.6175861330913609,1604.6505397320848,False,alta,True,alta,exportação aos EUA;Amazônia Legal
2105302,IMPERATRIZ,MA,195325,309544616.0,805838684.0,0.3841272727979388,1584.7670088314349,False,alta,True,alta,exportação aos EUA;Amazônia Legal
4311627,LINDOLFO COLLOR,RS,4683,7262140.0,41346731.0,0.1756400040428831,1550.7452487721546,False,média,False,média,exportação aos EUA
3507506,BOTUCATU,SP,111048,171922045.0,458768497.0,0.3747468409976721,1548.1777699733448,False,alta,False,alta,exportação aos EUA
3204401,RIO NOVO DO SUL,ES,8808,13599975.0,19869450.0,0.6844666057691582,1544.0480245231608,False,alta,False,alta,exportação aos EUA
3152600,POUSO ALTO,MG,5593,8631124.0,8765970.0,0.9846171045531755,1543.2011442875023,False,média,False,média,exportação aos EUA
5106422,PEIXOTO DE AZEVEDO,MT,23802,36713021.0,116766248.0,0.3144146671562145,1542.4342912360305,False,alta,True,alta,exportação aos EUA;Amazônia Legal
2908606,CONDE,BA,19016,28759565.0,30012050.0,0.9582672626495025,1512.387726125368,False,alta,False,alta,exportação aos EUA
3201209,CACHOEIRO DE ITAPEMIRIM,ES,134177,202620973.0,359663679.0,0.5633623432962771,1510.102126295863,False,alta,False,alta,exportação aos EUA
3509601,CAMPO LIMPO PAULISTA,SP,59440,89463762.0,163948979.0,0.5456805071045914,1505.1103970390309,False,alta,False,alta,exportação aos EUA
3522703,ITÁPOLIS,SP,28904,43071932.0,125456648.0,0.3433212403379373,1490.1720177138113,False,alta,False,alta,exportação aos EUA
5103353,CONFRESA,MT,26068,38642153.0,702238300.0,0.0550271225593933,1482.3597130581556,False,média,True,média,exportação aos EUA;Amazônia Legal
4216206,SÃO FRANCISCO DO SUL,SC,42667,63118208.0,1099854655.0,0.057387771841543915,1479.3214428012282,False,média,False,média,exportação aos EUA
5008305,TRÊS LAGOAS,MS,88506,130247600.0,2113287422.0,0.0616326954128817,1471.624522631234,False,média,False,média,exportação aos EUA
3543600,RIFAINA,SP,5127,7459520.0,8865327.0,0.841426379421763,1454.9483128535205,False,média,False,média,exportação aos EUA
3540606,PORTO FELIZ,SP,41162,58121893.0,112306771.0,0.517527950296069,1412.027914095525,False,alta,False,alta,exportação aos EUA
5209101,GOIATUBA,GO,27861,39185166.0,149047122.0,0.2629045463890272,1406.452245073759,False,alta,False,alta,exportação aos EUA
4215000,RIO NEGRINHO,SC,31740,44032937.0,86254636.0,0.5104993660862472,1387.301102709515,False,alta,False,alta,exportação aos EUA
3201407,CASTELO,ES,30033,41500970.0,71184271.0,0.5830075860438326,1381.8456364665535,False,alta,False,alta,exportação aos EUA
3303906,PETRÓPOLIS,RJ,239569,324521161.0,598034367.0,0.542646340925086,1354.6041474481256,False,alta,False,alta,exportação aos EUA
3506102,BEBEDOURO,SP,56372,75738594.0,468051896.0,0.16181665889459404,1343.549882920599,False,média,False,média,exportação aos EUA
4102901,BITURUNA,PR,12808,16941788.0,23128704.0,0.7325005326714372,1322.7504684572143,False,alta,False,alta,exportação aos EUA
3541604,PROMISSÃO,SP,26512,34864987.0,899742861.0,0.038749945691427944,1315.064385938443,True,média,False,média,exportação aos EUA
5006200,NOVA ANDRADINA,MS,35629,46486558.0,180455262.0,0.2576071070734418,1304.7393415476156,False,alta,False,alta,exportação aos EUA
3539202,PIRAPOZINHO,SP,19385,24748307.0,235786093.0,0.10496084262272415,1276.6730461697189,False,média,False,média,exportação aos EUA
4219101,VARGEÃO,SC,2999,3785488.0,20214390.0,0.1872669914847789,1262.2500833611205,False,média,False,média,exportação aos EUA
4127106,TELÊMACO BORBA,PR,51913,64220734.0,401322519.0,0.1600227521745422,1237.0838518290216,False,média,False,média,exportação aos EUA
3542107,RAFARD,SP,7253,8942986.0,113435996.0,0.07883728547682518,1233.0051013373777,False,média,False,média,exportação aos EUA
5215504,OUVIDOR,GO,10501,12881218.0,424470143.0,0.030346581997405645,1226.665841348443,True,média,False,média,exportação aos EUA
3553807,TAQUARITUBA,SP,18080,21881594.0,58464832.0,0.37426933853158084,1210.2651548672566,False,alta,False,alta,exportação aos EUA
3301702,DUQUE DE CAXIAS,RJ,634694,767345286.0,2570062231.0,0.29857070258622853,1209.0003781349753,False,alta,False,alta,exportação aos EUA
4322608,VENÂNCIO AIRES,RS,53327,63155158.0,1211634528.0,0.05212393386002945,1184.2998481069626,False,média,False,média,exportação aos EUA
4215455,SANGÃO,SC,8877,10436696.0,25104085.0,0.4157369607376648,1175.700799819759,False,alta,False,alta,exportação aos EUA
3134202,ITUIUTABA,MG,77491,90802891.0,506284877.0,0.17935137928285383,1171.7862848588868,False,média,False,média,exportação aos EUA
4106407,CORNÉLIO PROCÓPIO,PR,35102,40667013.0,216424799.0,0.18790366532811242,1158.5383453934248,False,média,False,média,exportação aos EUA
3501905,AMPARO,SP,53743,62143634.0,132886397.0,0.46764481092823973,1156.3112219265765,False,alta,False,alta,exportação aos EUA
4218251,TIMBÓ GRANDE,SC,5898,6784247.0,31497122.0,0.215392599996914,1150.2622923024753,False,média,False,média,exportação aos EUA
1100320,SÃO MIGUEL DO GUAPORÉ,RO,17091,19600233.0,102592673.0,0.19104905279151854,1146.8160435316834,False,média,True,média,exportação aos EUA;Amazônia Legal
4213203,POMERODE,SC,27227,31021865.0,134314460.0,0.23096444716376777,1139.378741690234,False,média,False,média,exportação aos EUA
4114203,MANDAGUARI,PR,27663,31262719.0,43560590.0,0.7176835529546317,1130.1275711238839,False,alta,False,alta,exportação aos EUA
4316808,SANTA CRUZ DO SUL,RS,105305,118316974.0,1873323548.0,0.06315885695576598,1123.5646360571673,False,média,False,média,exportação aos EUA
1503408,INHANGAPI,PA,9354,10499672.0,10795942.0,0.9725572812451196,1122.4793671156724,False,alta,True,alta,exportação aos EUA;Amazônia Legal
4308102,FELIZ,RS,11110,12418588.0,12903802.0,0.9623975941354339,1117.784698469847,False,alta,False,alta,exportação aos EUA
3160702,SANTOS DUMONT,MG,37567,41890670.0,47780623.0,0.876729254869699,1115.0922352064313,False,alta,False,alta,exportação aos EUA
3538808,PIRAJU,SP,21986,23965455.0,134668966.0,0.17795826099979115,1090.0325206949876,False,média,False,média,exportação aos EUA
3543303,RIBEIRÃO PIRES,SP,85765,92270894.0,276253790.0,0.3340077035685194,1075.8572144814318,False,alta,False,alta,exportação aos EUA
4318705,SÃO LEOPOLDO,RS,162766,172527469.0,554212278.0,0.31130214152346875,1059.9724082425078,False,alta,False,alta,exportação aos EUA
4313300,NOVA PRATA,RS,18975,20051979.0,87158966.0,0.23006214874095685,1056.7577865612648,False,média,False,média,exportação aos EUA
4117305,ORTIGUEIRA,PR,20079,21179396.0,714064922.0,0.029660322678614928,1054.8033268589072,True,baixa,False,baixa,
4119103,PIÊN,PR,10850,11386345.0,63949809.0,0.1780512745550186,1049.4327188940092,False,média,False,média,exportação aos EUA
3502101,ANDRADINA,SP,42476,44437890.0,523997529.0,0.08480553350090321,1046.1882003955175,False,média,False,média,exportação aos EUA
1506351,SANTA BÁRBARA DO PARÁ,PA,18358,18680973.0,32460017.0,0.5755071847312957,1017.5930384573483,False,alta,True,alta,exportação aos EUA;Amazônia Legal
4304606,CANOAS,RS,253142,252647283.0,446518312.0,0.5658161741863792,998.0456937213106,False,alta,False,alta,exportação aos EUA
2401404,BAÍA FORMOSA,RN,7404,7315226.0,15198467.0,0.481313411411822,988.0099945975148,False,média,False,média,exportação aos EUA
4119202,PINHALÃO,PR,5879,5724745.0,14795433.0,0.38692649279003866,973.7616941656744,False,média,False,média,exportação aos EUA
4117909,PALOTINA,PR,24632,23810963.0,488859779.0,0.048707142667181874,966.6678710620331,False,média,False,média,exportação aos EUA
3304557,RIO DE JANEIRO,RJ,4952612,4744261776.0,40026680829.0,0.11852748411161544,957.9312443615611,False,média,False,média,exportação aos EUA
3164704,SÃO SEBASTIÃO DO PARAÍSO,MG,51162,48492935.0,388193812.0,0.12491939206903174,947.8311051170791,False,média,False,média,exportação aos EUA
3132404,ITAJUBÁ,MG,68385,64258491.0,238096840.0,0.2698838464214813,939.6576880894933,False,média,False,média,exportação aos EUA
3148103,PATROCÍNIO,MG,65612,61282086.0,694818811.0,0.08819865701649808,934.0072852526977,False,média,False,média,exportação aos EUA
3548906,SÃO CARLOS,SP,196964,182799332.0,603182631.0,0.30305801693417794,928.0849901504844,False,alta,False,alta,exportação aos EUA
5001904,BATAGUASSU,MS,19771,18300852.0,179121684.0,0.10216994163587698,925.6411916443276,False,média,False,média,exportação aos EUA
1505437,OURILÂNDIA DO NORTE,PA,25886,23832827.0,260235614.0,0.09158172716513736,920.6840377037781,False,média,True,média,exportação aos EUA;Amazônia Legal
3113404,CARATINGA,MG,60397,55515001.0,172875619.0,0.3211268385971766,919.168187161614,False,alta,False,alta,exportação aos EUA
2905701,CAMAÇARI,BA,210762,191905661.0,885237196.0,0.21678445264968282,910.5325485618849,False,média,False,média,exportação aos EUA
3136207,JOÃO MONLEVADE,MG,61219,53457155.0,120658642.0,0.4430445603722276,873.2118296607263,False,alta,False,alta,exportação aos EUA
4205100,DONA EMMA,SC,3429,2946419.0,6314170.0,0.46663599491302893,859.2648002333042,False,média,False,média,exportação aos EUA
3525706,JOSÉ BONIFÁCIO,SP,27281,22790450.0,148231202.0,0.153749343542394,835.3964297496426,False,média,False,média,exportação aos EUA
1504208,MARABÁ,PA,179940,150273877.0,3169841908.0,0.047407372784346445,835.133249972213,False,média,True,média,exportação aos EUA;Amazônia Legal
4215505,SANTA CECÍLIA,SC,12255,10223693.0,81450594.0,0.1255201772991367,834.2466748266014,False,média,False,média,exportação aos EUA
4214003,PRESIDENTE GETÚLIO,SC,14268,11881452.0,133047073.0,0.08930261848000219,832.7342304457527,False,média,False,média,exportação aos EUA
3549706,SÃO JOSÉ DO RIO PARDO,SP,39191,32462808.0,304255910.0,0.1066957351789814,828.3230333494935,False,média,False,média,exportação aos EUA
2920502,MARACÁS,BA,21719,17987504.0,71088426.0,0.25302999394022313,828.1920898752245,False,média,False,média,exportação aos EUA
4316006,ROLANTE,RS,16313,13502054.0,16219587.0,0.8324536253604978,827.686752896463,False,alta,False,alta,exportação aos EUA
2913606,ILHÉUS,BA,130310,106995985.0,451927303.0,0.23675485922124073,821.0880592433429,False,média,False,média,exportação aos EUA
4312401,MONTENEGRO,RS,47579,38539850.0,414605972.0,0.09295536630620459,810.0180752012443,False,média,False,média,exportação aos EUA
1100288,ROLIM DE MOURA,RO,41088,33217325.0,411253498.0,0.08077092392293767,808.4434628115265,False,média,True,média,exportação aos EUA;Amazônia Legal
3146008,OURO FINO,MG,25443,20560128.0,373380375.0,0.05506483301378654,808.085838934088,False,média,False,média,exportação aos EUA
3119302,COROMANDEL,MG,24503,19532250.0,231141145.0,0.08450356166575189,797.1370852548667,False,média,False,média,exportação aos EUA
4204251,COCAL DO SUL,SC,14810,11691643.0,46172931.0,0.25321422631801305,789.4424713031735,False,média,False,média,exportação aos EUA
3508405,CABREÚVA,SP,36426,28361898.0,122828670.0,0.2309061719873707,778.6168670729699,False,média,False,média,exportação aos EUA
3525904,JUNDIAÍ,SP,337851,262942247.0,954831531.0,0.27538077499872593,778.2787293807033,False,média,False,média,exportação aos EUA
3552502,SUZANO,SP,235588,178840482.0,554108573.0,0.32275350123485635,759.1239027454709,False,alta,False,alta,exportação aos EUA
3205101,VIANA,ES,54374,41039562.0,226751390.0,0.18098924112438738,754.7644462426895,False,média,False,média,exportação aos EUA
5000708,ANASTÁCIO,MS,18203,13697845.0,80970247.0,0.169171337713716,752.5048068999615,False,média,False,média,exportação aos EUA
4212056,PALMEIRA,SC,3317,2491353.0,7658969.0,0.3252856879300595,751.086222490202,False,média,False,média,exportação aos EUA
3205309,VITÓRIA,ES,267102,200397773.0,1924231434.0,0.10414431936777102,750.2668381367417,False,média,False,média,exportação aos EUA
4122404,ROLÂNDIA,PR,49517,37008916.0,594251292.0,0.06227822555579736,747.3981864814104,False,média,False,média,exportação aos EUA
3133709,ITATIAIUÇU,MG,12385,9158294.0,323108203.0,0.028344356209365568,739.4666128381106,False,baixa,False,baixa,
4215802,SÃO BENTO DO SUL,SC,63838,46971211.0,144780491.0,0.32443052703834246,735.7876343243836,False,alta,False,alta,exportação aos EUA
5005707,NAVIRAÍ,MS,37528,27455081.0,235868306.0,0.11640004316646087,731.5892400341079,False,média,False,média,exportação aos EUA
4123956,SANTA MÔNICA,PR,2710,1937464.0,1937464.0,1.0,714.9313653136531,False,média,False,média,exportação aos EUA
3513504,CUBATÃO,SP,90311,64508286.0,1287810834.0,0.05009142981010206,714.2904629557861,False,média,False,média,exportação aos EUA
3205036,VARGEM ALTA,ES,16002,11345133.0,15440806.0,0.7347500512602775,708.9821897262842,False,alta,False,alta,exportação aos EUA
2310258,PARAIPABA,CE,27584,19410765.0,24339496.0,0.7975006959881175,703.6965269721578,False,alta,False,alta,exportação aos EUA
4126306,SENGÉS,PR,13757,9627295.0,42505602.0,0.22649473356476635,699.8106418550556,False,média,False,média,exportação aos EUA
3306008,TRÊS RIOS,RJ,62480,43686029.0,107340847.0,0.40698420238849053,699.2002080665814,False,alta,False,alta,exportação aos EUA
5004502,ITAPORÃ,MS,14201,9904946.0,10688157.0,0.9267216041081732,697.4822899795789,False,média,False,média,exportação aos EUA
5206404,CRIXÁS,GO,13017,9075259.0,205784525.0,0.044100784546359836,697.1851425059538,False,baixa,False,baixa,
3141108,MATOZINHOS,MG,30120,20953844.0,24597555.0,0.8518669436860696,695.6787516600266,False,alta,False,alta,exportação aos EUA
3103801,ARAPUÁ,MG,3487,2386734.0,3196594.0,0.7466490896247694,684.4663034126756,False,média,False,média,exportação aos EUA
3139409,MANHUAÇU,MG,62011,41994867.0,285165628.0,0.1472648274426678,677.2164132170099,False,média,False,média,exportação aos EUA
4122305,RIO NEGRO,PR,24158,16340680.0,35050718.0,0.4662010062104862,676.4086430995943,False,alta,False,alta,exportação aos EUA
1506138,REDENÇÃO,PA,62358,42068458.0,393550871.0,0.1068945874598255,674.6280830045864,False,média,True,média,exportação aos EUA;Amazônia Legal
3151404,PITANGUI,MG,21464,14374844.0,16575669.0,0.8672255702017215,669.7187849422288,False,alta,False,alta,exportação aos EUA
3545209,SALTO,SP,95308,63776341.0,205547848.0,0.3102749146758277,669.1604167541025,False,média,False,média,exportação aos EUA
3512803,COSMÓPOLIS,SP,44573,29227040.0,198496343.0,0.14724220889046807,655.7117537522715,False,média,False,média,exportação aos EUA
3528858,MARAPOAMA,SP,2797,1812671.0,6347289.0,0.28558192324313575,648.0768680729353,False,média,False,média,exportação aos EUA
3538105,PINDORAMA,SP,10497,6754549.0,21891324.0,0.30854913115351085,643.4742307325903,False,média,False,média,exportação aos EUA
2802106,ESTÂNCIA,SE,50966,32613708.0,148077569.0,0.22024745692576841,639.911077973551,False,média,False,média,exportação aos EUA
3304003,PIRAÍ,RJ,23699,15032925.0,59183550.0,0.25400512473482917,634.3273977804971,False,média,False,média,exportação aos EUA
3203700,MUNIZ FREIRE,ES,14757,9351256.0,79659800.0,0.11738990055209779,633.682726841499,False,média,False,média,exportação aos EUA
3203908,NOVA VENÉCIA,ES,41191,25779573.0,415880245.0,0.06198797204228828,625.8545070525115,False,média,False,média,exportação aos EUA
3518800,GUARULHOS,SP,948908,591361604.0,2333246618.0,0.2534501065759179,623.2022535377507,False,média,False,média,exportação aos EUA
4202800,BRAÇO DO NORTE,SC,25562,15552295.0,27365260.0,0.5683225739495988,608.4146389171426,False,alta,False,alta,exportação aos EUA
4300802,ANTÔNIO PRADO,RS,10712,6500902.0,20268429.0,0.32074030009923316,606.8803211351754,False,média,False,média,exportação aos EUA
4109708,IBAITI,PR,21627,13059678.0,49203855.0,0.26541981314268975,603.8598973505341,False,média,False,média,exportação aos EUA
4313037,NOVA ESPERANÇA DO SUL,RS,4338,2610500.0,39844811.0,0.06551668672741351,601.7750115260488,False,média,False,média,exportação aos EUA
3125101,EXTREMA,MG,43712,26238204.0,80549663.0,0.3257394633668424,600.2517386530014,False,média,False,média,exportação aos EUA
5208608,GOIANÉSIA,GO,59437,35619826.0,75790528.0,0.46997727737165257,599.2870770732036,False,alta,False,alta,exportação aos EUA
4209300,LAGES,SC,125222,75024555.0,315284204.0,0.2379584960114272,599.1323808915366,False,média,False,média,exportação aos EUA
1706506,DARCINÓPOLIS,TO,4743,2831573.0,2831573.0,1.0,597.0004216740459,False,média,True,média,exportação aos EUA;Amazônia Legal
3520509,INDAIATUBA,SP,192534,114213125.0,802385412.0,0.1423419759281466,593.2101602833785,False,média,False,média,exportação aos EUA
3137601,LAGOA SANTA,MG,54891,32297596.0,74568096.0,0.4331288812845644,588.3951103095225,False,alta,False,alta,exportação aos EUA
4201406,ARARANGUÁ,SC,55064,32387273.0,113579014.0,0.28515191195443906,588.1750871712916,False,média,False,média,exportação aos EUA
4110102,IMBITUVA,PR,23461,13647466.0,65223319.0,0.2092421270374174,581.7086228208516,False,média,False,média,exportação aos EUA
3521101,IPEÚNA,SP,5852,3393046.0,6410079.0,0.529329825732257,579.8096377306904,False,média,False,média,exportação aos EUA
3536505,PAULÍNIA,SP,89901,51891177.0,841359910.0,0.061675361974401655,577.2035572463043,False,baixa,False,baixa,
5003207,CORUMBÁ,MS,67548,37767820.0,565106454.0,0.0668331068114115,559.1256587907858,False,média,False,média,exportação aos EUA
2508604,LUCENA,PB,12879,7198993.0,7303790.0,0.9856516959003476,558.9714263529777,False,média,False,média,exportação aos EUA
2925204,POJUCA,BA,29229,16258126.0,182965105.0,0.08885916251626232,556.2327140853262,False,média,False,média,exportação aos EUA
5213756,MONTIVIDIU,GO,9826,5461121.0,361370682.0,0.015112241451839748,555.7827193161002,True,baixa,False,baixa,
3169406,TRÊS PONTAS,MG,45341,25051063.0,145279281.0,0.17243383108428242,552.5035398425266,False,média,False,média,exportação aos EUA
3306305,VOLTA REDONDA,RJ,221957,120356603.0,131150226.0,0.9177003095671371,542.2518911320661,False,alta,False,alta,exportação aos EUA
3507308,BORACÉIA,SP,3884,2088033.0,5146880.0,0.4056890776548122,537.5986096807414,False,média,False,média,exportação aos EUA
3135100,JANAÚBA,MG,55304,29470179.0,138816557.0,0.21229585027094428,532.8760849124837,False,média,False,média,exportação aos EUA
3542008,QUINTANA,SP,5214,2739025.0,35395405.0,0.07738363214095163,525.3212504794783,False,média,False,média,exportação aos EUA
4313060,NOVA HARTZ,RS,14667,7635521.0,43604241.0,0.175109595417565,520.5918729119793,False,média,False,média,exportação aos EUA
3534203,ORINDIÚVA,SP,5003,2601431.0,137669825.0,0.01889615970674765,519.9742154707176,False,baixa,False,baixa,
4320701,SOBRADINHO,RS,10579,5489966.0,15161023.0,0.36211052512749303,518.9494281122979,False,média,False,média,exportação aos EUA
4208203,ITAJAÍ,SC,183857,94785951.0,6122864313.0,0.015480655156566426,515.5417036066073,True,baixa,False,baixa,
3112703,CAPITÃO ENÉAS,MG,13076,6696375.0,50133116.0,0.13357188888877364,512.1118843683083,False,média,False,média,exportação aos EUA
3159902,SANTO ANTÔNIO DO AMPARO,MG,14255,7144236.0,51820773.0,0.1378643271106743,501.1740441950193,False,média,False,média,exportação aos EUA
2906501,CANDEIAS,BA,64825,32010854.0,191987673.0,0.16673390275426694,493.804149633629,False,média,False,média,exportação aos EUA
3147105,PARÁ DE MINAS,MG,67632,33367851.0,53337476.0,0.6255986128777448,493.37371362668557,False,alta,False,alta,exportação aos EUA
3131901,ITABIRITO,MG,45012,21767181.0,985950612.0,0.022077354316810342,483.5861770194615,False,baixa,False,baixa,
4109401,GUARAPUAVA,PR,133846,63701342.0,177589971.0,0.35869898306363257,475.93011371277436,False,média,False,média,exportação aos EUA
4213302,PONTE ALTA,SC,4025,1909778.0,2800494.0,0.6819432571539165,474.47900621118015,False,média,False,média,exportação aos EUA
4301909,BARRA DO RIBEIRO,RS,10239,4857776.0,13178630.0,0.36861009073022005,474.43851938665887,False,média,False,média,exportação aos EUA
3515186,ESPÍRITO SANTO DO PINHAL,SP,30946,14570581.0,272781436.0,0.053414855547574726,470.83891294513023,False,baixa,False,baixa,
3203205,LINHARES,ES,122598,57213036.0,582563227.0,0.0982091442582592,466.6718543532521,False,média,False,média,exportação aos EUA
4209102,JOINVILLE,SC,443225,206705950.0,1295353874.0,0.15957488849105028,466.36798465790514,False,média,False,média,exportação aos EUA
3144805,NOVA LIMA,MG,77107,35289597.0,2515238354.0,0.014030319211647962,457.6704709040684,True,baixa,False,baixa,
3505500,BARRETOS,SP,85200,38509460.0,356717545.0,0.10795504886085712,451.9889671361502,False,média,False,média,exportação aos EUA
4213708,POUSO REDONDO,SC,12260,5520701.0,22257785.0,0.24803460901432914,450.30187601957584,False,média,False,média,exportação aos EUA
3118601,CONTAGEM,MG,463466,204754240.0,438573264.0,0.46686439144179115,441.7891280050748,False,média,False,média,exportação aos EUA
4309209,GRAVATAÍ,RS,192077,84644864.0,594845003.0,0.14229734396877836,440.6819348490449,False,média,False,média,exportação aos EUA
4315149,PRESIDENTE LUCENA,RS,2670,1164372.0,6665800.0,0.17467850820606678,436.0943820224719,False,média,False,média,exportação aos EUA
5213103,MINEIROS,GO,51739,22557684.0,165704526.0,0.13613197264147148,435.9899495544947,False,média,False,média,exportação aos EUA
3548708,SÃO BERNARDO DO CAMPO,SP,626647,271155780.0,4106461138.0,0.06603149789749696,432.7089733135242,False,baixa,False,baixa,
3547809,SANTO ANDRÉ,SP,573503,247435682.0,572458836.0,0.4322331431355529,431.446185983334,False,média,False,média,exportação aos EUA
4205506,FRAIBURGO,SC,26265,11298972.0,21491447.0,0.5257427291889653,430.1912050256996,False,média,False,média,exportação aos EUA
4313003,NOVA BRÉSCIA,RS,2805,1203385.0,2709975.0,0.4440576020073986,429.01426024955435,False,média,False,média,exportação aos EUA
4203600,CAMPOS NOVOS,SC,26900,11439611.0,68997665.0,0.16579707443722913,425.26434944237917,False,média,False,média,exportação aos EUA
4322251,TUPANDI,RS,4296,1818051.0,17768355.0,0.10231960133619572,423.1962290502793,False,média,False,média,exportação aos EUA
3521002,IPERÓ,SP,21605,9111095.0,24719097.0,0.3685852683049061,421.71233510761397,False,média,False,média,exportação aos EUA
1100304,VILHENA,RO,71595,29670883.0,956461079.0,0.03102152680485601,414.42674767791044,False,baixa,True,média,Amazônia Legal
4120804,QUATRO BARRAS,PR,18192,7405843.0,128353952.0,0.05769859739106436,407.093392700088,False,baixa,False,baixa,
4115358,MARIPÁ,PR,5176,2098782.0,3278149.0,0.6402338636834384,405.48338485316845,False,média,False,média,exportação aos EUA
3168705,TIMÓTEO,MG,59600,24067243.0,70049274.0,0.34357590915217767,403.8128020134228,False,média,False,média,exportação aos EUA
3556701,VINHEDO,SP,65669,26377214.0,486187726.0,0.054253146653891464,401.6691894196653,False,baixa,False,baixa,
3507902,BROTAS,SP,17821,7150052.0,103711201.0,0.06894194581740501,401.21497110150943,False,baixa,False,baixa,
3539806,POÁ,SP,89811,35711640.0,67821677.0,0.5265520048995544,397.63102515282094,False,média,False,média,exportação aos EUA
3514502,DUARTINA,SP,9858,3909647.0,36701704.0,0.1065249449998289,396.5963684317306,False,média,False,média,exportação aos EUA
3114303,CARMO DO PARANAÍBA,MG,22245,8814466.0,238117876.0,0.037017237630659866,396.24481906046304,False,baixa,False,baixa,
3545803,SANTA BÁRBARA D'OESTE,SP,138487,54564719.0,95936113.0,0.5687609941003134,394.0060727721736,False,alta,False,alta,exportação aos EUA
3531605,MONTE CASTELO,SP,3327,1305170.0,1866410.0,0.6992943672612127,392.29636308987074,False,média,False,média,exportação aos EUA
4320800,SOLEDADE,RS,21730,8510484.0,101101843.0,0.08417733789481958,391.6467556373677,False,média,False,média,exportação aos EUA
3551702,SERTÃOZINHO,SP,93301,36427456.0,477452429.0,0.07629546691446405,390.4294273373276,False,baixa,False,baixa,
4318309,SÃO GABRIEL,RS,43890,17123305.0,104068520.0,0.16453875773384688,390.14137616769193,False,média,False,média,exportação aos EUA
3161809,SÃO GONÇALO DO PARÁ,MG,8689,3387300.0,3819765.0,0.8867823020526132,389.8377258602831,False,média,False,média,exportação aos EUA
5214408,NAZÁRIO,GO,7694,2991803.0,31592576.0,0.09469955852919369,388.848843254484,False,média,False,média,exportação aos EUA
3204559,SANTA MARIA DE JETIBÁ,ES,31314,12135114.0,34327573.0,0.3535092329422765,387.52998658746884,False,média,False,média,exportação aos EUA
1702109,ARAGUAÍNA,TO,124170,47939771.0,218666956.0,0.21923646753467405,386.0817508254812,False,média,True,média,exportação aos EUA;Amazônia Legal
3526803,LENÇÓIS PAULISTA,SP,50784,19263883.0,1299477869.0,0.014824325569179817,379.32976921865156,False,baixa,False,baixa,
3508009,BURI,SP,14878,5636474.0,40839962.0,0.13801369354849058,378.84621588923244,False,média,False,média,exportação aos EUA
3205200,VILA VELHA,ES,347987,131788688.0,709044991.0,0.18586787816402472,378.71727392115224,False,média,False,média,exportação aos EUA
3513108,CRAVINHOS,SP,27124,10083794.0,73248617.0,0.13766531591988965,371.7664798702256,False,média,False,média,exportação aos EUA
4218004,TIJUCAS,SC,36911,13586671.0,71755205.0,0.18934753234974383,368.09273658259053,False,média,False,média,exportação aos EUA
4212270,PASSOS MAIA,SC,3505,1283832.0,4812600.0,0.2667647425508041,366.285877318117,False,média,False,média,exportação aos EUA
3202801,ITAPEMIRIM,ES,36630,13382834.0,18063557.0,0.7408747900538083,365.35173355173356,False,alta,False,alta,exportação aos EUA
2607208,IPOJUCA,PE,89076,32325810.0,350723077.0,0.09216904195899261,362.90145493735685,False,média,False,média,exportação aos EUA
4106605,CRUZEIRO DO OESTE,PR,16510,5988077.0,193250631.0,0.0309860670002159,362.6939430648092,False,baixa,False,baixa,
3513405,CRUZEIRO,SP,56188,20336280.0,64767856.0,0.313987234655413,361.93279703851357,False,média,False,média,exportação aos EUA
3526902,LIMEIRA,SP,219483,78351673.0,694442056.0,0.11282679717197312,356.9828779449889,False,média,False,média,exportação aos EUA
4308201,FLORES DA CUNHA,RS,25103,8944311.0,60091733.0,0.148844284454236,356.3044656017209,False,média,False,média,exportação aos EUA
3122306,DIVINÓPOLIS,MG,171705,61029404.0,121667738.0,0.5016071228348142,355.4317230133077,False,média,False,média,exportação aos EUA
4216354,SÃO JOÃO DO ITAPERIÚ,SC,4277,1510167.0,2127654.0,0.709780349624516,353.0902501753566,False,média,False,média,exportação aos EUA
4202404,BLUMENAU,SC,269370,94175110.0,361786013.0,0.2603061108390611,349.61246612466124,False,média,False,média,exportação aos EUA
4101507,ARAPONGAS,PR,84444,29338845.0,113268455.0,0.2590204395389696,347.4355193974705,False,média,False,média,exportação aos EUA
3102605,ANDRADAS,MG,30179,10390953.0,61510493.0,0.1689297629267904,344.3107127472746,False,média,False,média,exportação aos EUA
4316501,SALVADOR DO SUL,RS,5640,1922057.0,44656969.0,0.043040471465942975,340.7902482269504,False,baixa,False,baixa,
3530706,MOGI GUAÇU,SP,114358,38928666.0,305736920.0,0.12732733096153387,340.4105178474615,False,média,False,média,exportação aos EUA
2408904,PARELHAS,RN,17461,5897109.0,11562385.0,0.5100253105220074,337.7303132695722,False,média,False,média,exportação aos EUA
3202504,IBIRAÇU,ES,9933,3353151.0,3464857.0,0.9677602856337216,337.57686499546963,False,média,False,média,exportação aos EUA
3531803,MONTE MOR,SP,47316,15810626.0,108238041.0,0.14607272871836252,334.14967452870064,False,média,False,média,exportação aos EUA
3103504,ARAGUARI,MG,90272,30140535.0,777684709.0,0.03875675405622512,333.88575638071603,False,baixa,False,baixa,
3503901,ARUJÁ,SP,71347,23403739.0,172509537.0,0.13566634869584052,328.02695278007485,False,média,False,média,exportação aos EUA
5004007,GLÓRIA DE DOURADOS,MS,8125,2657914.0,3395466.0,0.7827832762866717,327.12787692307694,False,média,False,média,exportação aos EUA
4314803,PORTÃO,RS,25742,8373944.0,49634428.0,0.16871241066785336,325.3027736772589,False,média,False,média,exportação aos EUA
2312205,SANTA QUITÉRIA,CE,33618,10879997.0,17260646.0,0.6303354463094835,323.6360580641323,False,média,False,média,exportação aos EUA
4323309,VILA FLORES,RS,3442,1101421.0,13269065.0,0.08300667756168201,319.9944799535154,False,baixa,False,baixa,
3114105,CARMO DE MINAS,MG,9819,3139630.0,63780338.0,0.049225672024503855,319.7504837559833,False,baixa,False,baixa,
3524006,ITUPEVA,SP,48390,15470099.0,384026831.0,0.040283901413128084,319.69619756147966,False,baixa,False,baixa,
4212908,PINHALZINHO,SC,15631,4989036.0,15620072.0,0.31939903990199275,319.175740515642,False,média,False,média,exportação aos EUA
3130309,IGUATAMA,MG,6258,1980026.0,5299374.0,0.37363394242414294,316.3991690635986,False,média,False,média,exportação aos EUA
3120904,CURVELO,MG,61304,19394999.0,27621856.0,0.7021613247132995,316.3741191439384,False,média,False,média,exportação aos EUA
3509502,CAMPINAS,SP,873613,275165517.0,1189915591.0,0.2312479297533635,314.97415560436946,False,média,False,média,exportação aos EUA
4319901,SAPIRANGA,RS,61250,19211556.0,143603209.0,0.13378221930959774,313.65805714285716,False,média,False,média,exportação aos EUA
3530805,MOGI MIRIM,SP,67646,21120076.0,72080644.0,0.2930062056604267,312.21470596931084,False,média,False,média,exportação aos EUA
4116703,NOVA AURORA,PR,9631,3006501.0,3757575.0,0.8001173629268877,312.1691413145052,False,média,False,média,exportação aos EUA
4307609,ESTÂNCIA VELHA,RS,37229,11619852.0,87475675.0,0.13283523676724987,312.11829487764913,False,média,False,média,exportação aos EUA
3552205,SOROCABA,SP,531342,165430443.0,2640141060.0,0.06265969856928781,311.344563388552,False,baixa,False,baixa,
3518701,GUARUJÁ,SP,238913,74038025.0,778414830.0,0.0951138418059173,309.89533847048926,False,baixa,False,baixa,
4309407,GUAPORÉ,RS,18948,5857248.0,33608669.0,0.17427789240924715,309.1222292590247,False,média,False,média,exportação aos EUA
3139706,MARAVILHAS,MG,6311,1932070.0,1932070.0,1.0,306.1432419584852,False,média,False,média,exportação aos EUA
3149309,PEDRO LEOPOLDO,MG,49124,14961494.0,15844407.0,0.9442760464307689,304.5658741144858,False,alta,False,alta,exportação aos EUA
4310801,IVOTI,RS,17002,5126544.0,43631133.0,0.11749738426458006,301.5259381249265,False,média,False,média,exportação aos EUA
3509205,CAJAMAR,SP,70021,21006582.0,208259124.0,0.10086752309589087,300.0040273632196,False,baixa,False,baixa,
3133501,ITAPECERICA,MG,17090,5089248.0,17006075.0,0.29926058776055026,297.79098888238735,False,média,False,média,exportação aos EUA
3527207,LORENA,SP,61172,18190442.0,88373453.0,0.2058360444510412,297.36549401687046,False,média,False,média,exportação aos EUA
3509452,CAMPINA DO MONTE ALEGRE,SP,4857,1442500.0,18615578.0,0.07748886443386287,296.994029236154,False,baixa,False,baixa,
3537107,PEDREIRA,SP,33383,9887048.0,32094144.0,0.3080639259299142,296.1701464817422,False,média,False,média,exportação aos EUA
3131703,ITABIRA,MG,88413,26083448.0,1163579576.0,0.022416557095017282,295.01824392340495,False,baixa,False,baixa,
3543907,RIO CLARO,SP,151298,44522224.0,206261391.0,0.21585340709740486,294.2684239051408,False,média,False,média,exportação aos EUA
4208104,ITAIÓPOLIS,SC,16680,4899775.0,35154968.0,0.13937646024880465,293.7514988009592,False,média,False,média,exportação aos EUA
4101804,ARAUCÁRIA,PR,112066,32715688.0,657042394.0,0.049792354798950764,291.9323255938465,False,baixa,False,baixa,
4305108,CAXIAS DO SUL,RS,342998,99928845.0,841309073.0,0.11877780497916965,291.3394392970221,False,média,False,média,exportação aos EUA
3203403,MIMOSO DO SUL,ES,19748,5700522.0,18461924.0,0.3087718268150167,288.66325703868745,False,média,False,média,exportação aos EUA
3550605,SÃO ROQUE,SP,60260,17260874.0,45343282.0,0.38067103303197153,286.4399933620976,False,média,False,média,exportação aos EUA
3516200,FRANCA,SP,241902,68750685.0,289740879.0,0.2372833451644219,284.2088325024183,False,média,False,média,exportação aos EUA
5211503,ITUMBIARA,GO,74876,20992076.0,325537418.0,0.06448437211601893,280.3578716811796,False,baixa,False,baixa,
3146909,PAPAGAIOS,MG,11723,3286498.0,38379811.0,0.08563090631165432,280.34615712701526,False,baixa,False,baixa,
3542701,RESTINGA,SP,6817,1894413.0,12386601.0,0.15294050401720374,277.89540853747985,False,média,False,média,exportação aos EUA
4322707,VERA CRUZ,RS,19445,5378168.0,73102401.0,0.07357033320971222,276.5835947544356,False,baixa,False,baixa,
3518206,GUARARAPES,SP,23595,6497355.0,73616392.0,0.08825962293832602,275.36999364272094,False,baixa,False,baixa,
1504604,MOCAJUBA,PA,29081,7903234.0,8240640.0,0.9590558500310655,271.76623912520205,False,média,True,média,exportação aos EUA;Amazônia Legal
2908408,CONCEIÇÃO DO COITÉ,BA,54576,14798635.0,53578768.0,0.2762033460717126,271.15646071533274,False,média,False,média,exportação aos EUA
2926103,RETIROLÂNDIA,BA,12901,3497642.0,9088096.0,0.38485971098896843,271.11402216882414,False,média,False,média,exportação aos EUA
3546603,SANTA FÉ DO SUL,SP,25810,6956557.0,22116620.0,0.31453978953384376,269.52952344052693,False,média,False,média,exportação aos EUA
3556909,VISTA ALEGRE DO ALTO,SP,5990,1614149.0,141519968.0,0.01140580387920947,269.47395659432385,False,baixa,False,baixa,
3534302,ORLÂNDIA,SP,29493,7932901.0,170639461.0,0.046489252565091024,268.97572305292783,False,baixa,False,baixa,
3523909,ITU,SP,128825,34404311.0,264519695.0,0.13006332477436133,267.0623791965845,False,média,False,média,exportação aos EUA
4127957,TUPÃSSI,PR,6257,1667724.0,7593486.0,0.2196256106878975,266.53731820361196,False,média,False,média,exportação aos EUA
3550506,SÃO PEDRO DO TURVO,SP,5673,1501546.0,1577645.0,0.9517641801545975,264.682883835713,False,média,False,média,exportação aos EUA
4208302,ITAPEMA,SC,60041,15830944.0,60691245.0,0.26084394874417227,263.66889292316915,False,média,False,média,exportação aos EUA
1500909,AUGUSTO CORRÊA,PA,39219,10272945.0,10970157.0,0.9364446652860119,261.9379637420638,False,média,True,média,exportação aos EUA;Amazônia Legal
3554805,TREMEMBÉ,SP,29627,7760214.0,12554101.0,0.6181417530414962,261.9304688291086,False,média,False,média,exportação aos EUA
4214805,RIO DO SUL,SC,51075,13369032.0,151695174.0,0.08813089861382142,261.7529515418502,False,baixa,False,baixa,
4313409,NOVO HAMBURGO,RS,174486,45512519.0,160260453.0,0.28399095439971084,260.8376545969304,False,média,False,média,exportação aos EUA
4322806,VERANÓPOLIS,RS,18621,4853130.0,35866685.0,0.13531024682097048,260.62671177702595,False,média,False,média,exportação aos EUA
4212205,PAPANDUVA,SC,14658,3819577.0,6687693.0,0.57113521807894,260.57968344931095,False,média,False,média,exportação aos EUA
2410256,PORTO DO MANGUE,RN,5103,1324127.0,1626586.0,0.8140528690152258,259.480109739369,False,média,False,média,exportação aos EUA
4318507,SÃO JOSÉ DO NORTE,RS,20679,5320573.0,18565929.0,0.28657725665114847,257.2935345036027,False,média,False,média,exportação aos EUA
4118402,PARANAVAÍ,PR,63954,16428792.0,88059545.0,0.1865645796829861,256.88451074209587,False,média,False,média,exportação aos EUA
3508504,CAÇAPAVA,SP,72595,18534558.0,153408495.0,0.12081832886764192,255.31452579378745,False,baixa,False,baixa,
3116605,CLÁUDIO,MG,22834,5808481.0,7000381.0,0.8297378385547872,254.37860208461066,False,média,False,média,exportação aos EUA
3129707,IBIRACI,MG,9469,2406806.0,23133387.0,0.10404036382566893,254.17742105818988,False,baixa,False,baixa,
3147204,PARAGUAÇU,MG,16696,4235725.0,45439577.0,0.09321664680109149,253.69699329180642,False,baixa,False,baixa,
2313609,UBAJARA,CE,27963,7074531.0,13891193.0,0.5092817441957649,252.99613775345992,False,média,False,média,exportação aos EUA
2207009,OEIRAS,PI,31021,7784857.0,8411491.0,0.9255026249210753,250.9544179749202,False,média,False,média,exportação aos EUA
4309605,HORIZONTINA,RS,14887,3733869.0,149739136.0,0.024935825728285222,250.81406596359238,False,baixa,False,baixa,
3507605,BRAGANÇA PAULISTA,SP,131308,31918425.0,138355354.0,0.23069887848358944,243.08058153349376,False,média,False,média,exportação aos EUA
4219309,VIDEIRA,SC,39175,9306353.0,133314481.0,0.0698075177594548,237.5584684109764,False,baixa,False,baixa,
3107109,BOA ESPERANÇA,MG,32515,7684662.0,63882531.0,0.12029363708209996,236.34205751191757,False,baixa,False,baixa,
4307906,FARROUPILHA,RS,57062,13467697.0,91327064.0,0.14746665895226851,236.01866390943184,False,média,False,média,exportação aos EUA
1502400,CASTANHAL,PA,143934,33866052.0,333532532.0,0.10153747760953045,235.28875734711744,False,baixa,True,média,Amazônia Legal
3518404,GUARATINGUETÁ,SP,90805,21326011.0,345243638.0,0.061770902205589666,234.85503000936072,False,baixa,False,baixa,
3546405,SANTA CRUZ DO RIO PARDO,SP,34041,7966356.0,26348923.0,0.30234085848594267,234.02238477130518,False,média,False,média,exportação aos EUA
2311405,QUIXERAMOBIM,CE,60112,14002724.0,24140382.0,0.5800539527502092,232.94390471120576,False,média,False,média,exportação aos EUA
3553609,TAPIRATIBA,SP,9228,2122627.0,2415621.0,0.8787086219237207,230.02026441265713,False,média,False,média,exportação aos EUA
4205605,GALVÃO,SC,2750,632226.0,632226.0,1.0,229.90036363636364,False,média,False,média,exportação aos EUA
3200805,BAIXO GUANDU,ES,24892,5634411.0,8318784.0,0.6773118523091837,226.3542905351117,False,média,False,média,exportação aos EUA
4110508,IPIRANGA,PR,11267,2526805.0,2526805.0,1.0,224.26599804739504,False,média,False,média,exportação aos EUA
4118204,PARANAGUÁ,PR,108469,24313582.0,7029506915.0,0.003458789114798104,224.1523568945966,True,baixa,False,baixa,
3554102,TAUBATÉ,SP,239956,53707824.0,1009931422.0,0.053179674213562594,223.82363433296103,False,baixa,False,baixa,
4206900,IBIRAMA,SC,15466,3428137.0,12577932.0,0.27255171994887556,221.65634294581662,False,média,False,média,exportação aos EUA
2208007,PICOS,PI,54212,11909822.0,14462564.0,0.8234931233493591,219.68977348188594,False,média,False,média,exportação aos EUA
2111300,SÃO LUÍS,MA,761443,166212996.0,1918215663.0,0.08664979606101778,218.28685272568006,False,baixa,True,média,Amazônia Legal
4304689,CAPELA DE SANTANA,RS,8031,1726494.0,2690419.0,0.6417193753091991,214.97870750840494,False,média,False,média,exportação aos EUA
2907202,CASA NOVA,BA,57206,12116239.0,108279107.0,0.11189821689238719,211.80014334160754,False,baixa,False,baixa,
3543105,RIBEIRÃO CORRENTE,SP,4387,926871.0,1598004.0,0.5800179473893682,211.27672669250057,False,média,False,média,exportação aos EUA
1503606,ITAITUBA,PA,85347,18028010.0,749379625.0,0.024057246018665105,211.2319120765815,False,baixa,True,média,Amazônia Legal
4122008,RIO AZUL,PR,11268,2378394.0,16613036.0,0.14316431987506678,211.07507987220447,False,baixa,False,baixa,
3111606,CAMPOS GERAIS,MG,20481,4286731.0,21395816.0,0.20035370466823982,209.3028172452517,False,média,False,média,exportação aos EUA
4322533,VALE DO SOL,RS,8086,1686960.0,4555804.0,0.3702880984344366,208.6272569873856,False,média,False,média,exportação aos EUA
4218202,TIMBÓ,SC,35846,7392391.0,48739269.0,0.15167217628971827,206.2263850917815,False,média,False,média,exportação aos EUA
3509007,CAIEIRAS,SP,72229,14865999.0,30548686.0,0.486633009354314,205.8175940411746,False,média,False,média,exportação aos EUA
3527306,LOUVEIRA,SP,39253,8047092.0,69737877.0,0.11539055024574378,205.0057829974779,False,baixa,False,baixa,
3107307,BOCAIÚVA,MG,35646,7292874.0,25256409.0,0.28875340116641285,204.59165123716545,False,média,False,média,exportação aos EUA
2300200,ACARAÚ,CE,49197,10038843.0,14527663.0,0.6910156850417029,204.0539667052869,False,média,False,média,exportação aos EUA
4207007,IÇARA,SC,43842,8943474.0,63881016.0,0.1400020625846026,203.99329410154647,False,baixa,False,baixa,
3170107,UBERABA,MG,236838,48037594.0,429992618.0,0.1117172527831629,202.82891259004046,False,baixa,False,baixa,
3170800,VÁRZEA DA PALMA,MG,27190,5512126.0,82890668.0,0.06649875230828156,202.72622287605736,False,baixa,False,baixa,
4300646,AMETISTA DO SUL,RS,6067,1228673.0,15835449.0,0.07759003233820524,202.51738915444207,False,baixa,False,baixa,
3151800,POÇOS DE CALDAS,MG,122866,24831683.0,316791010.0,0.07838506212660518,202.10377972750803,False,baixa,False,baixa,
3162559,SÃO JOÃO DO MANHUAÇU,MG,9811,1978116.0,11595019.0,0.17060049664429183,201.62226072775456,False,média,False,média,exportação aos EUA
3107406,BOM DESPACHO,MG,39052,7869027.0,8568398.0,0.9183778577979221,201.50125473727337,False,média,False,média,exportação aos EUA
3202009,DORES DO RIO PRETO,ES,6285,1265308.0,80796810.0,0.01566037074978579,201.32187748607797,False,baixa,False,baixa,
4312955,NOVA BOA VISTA,RS,2028,406488.0,406488.0,1.0,200.4378698224852,False,média,False,média,exportação aos EUA
3106705,BETIM,MG,301594,59800198.0,1523352379.0,0.03925565668480175,198.2804631391871,False,baixa,False,baixa,
3533403,NOVA ODESSA,SP,47408,9350259.0,81499571.0,0.11472770819861125,197.22956041174484,False,baixa,False,baixa,
2301109,ARACATI,CE,57417,11253912.0,19556927.0,0.57544378009899,196.00313496002926,False,média,False,média,exportação aos EUA
2708600,SÃO MIGUEL DOS CAMPOS,AL,43051,8364624.0,47771198.0,0.17509763937676423,194.29569580265266,False,média,False,média,exportação aos EUA
4109807,IBIPORÃ,PR,39987,7760512.0,132055404.0,0.05876709142474775,194.07587465926426,False,baixa,False,baixa,
5004304,IGUATEMI,MS,10722,2068752.0,208668912.0,0.009914040285981843,192.94459988808057,False,baixa,False,baixa,
4119152,PINHAIS,PR,99265,19124202.0,84134859.0,0.22730414274539879,192.658056716869,False,média,False,média,exportação aos EUA
1100023,ARIQUEMES,RO,72512,13954636.0,51179946.0,0.2726582790845461,192.44588481906442,False,média,True,média,exportação aos EUA;Amazônia Legal
2305357,ICAPUÍ,CE,17718,3372721.0,108965556.0,0.03095217538283382,190.355627045942,False,baixa,False,baixa,
3539301,PIRASSUNUNGA,SP,55163,10409307.0,29004103.0,0.3588908438230274,188.70088646375288,False,média,False,média,exportação aos EUA
4204806,CURITIBANOS,SC,31343,5904053.0,109245963.0,0.05404367207601072,188.3691095300386,False,baixa,False,baixa,
3204500,SANTA LEOPOLDINA,ES,10108,1897818.0,14782850.0,0.12837971027237643,187.75405619311437,False,baixa,False,baixa,
4311403,LAJEADO,RS,64158,12044462.0,135964036.0,0.08858564628075619,187.73125720876587,False,baixa,False,baixa,
4301602,BAGÉ,RS,87802,16414753.0,137288857.0,0.11956362197698245,186.95192592423862,False,baixa,False,baixa,
3556206,VALINHOS,SP,94676,17486610.0,158870471.0,0.11006834618121072,184.69950145760276,False,baixa,False,baixa,
4128203,UNIÃO DA VITÓRIA,PR,40654,7477213.0,32298742.0,0.23150167891987866,183.9231809908004,False,média,False,média,exportação aos EUA
3523404,ITATIBA,SP,85162,15547526.0,160056349.0,0.09713782737853155,182.56412484441418,False,baixa,False,baixa,
1100130,MACHADINHO D'OESTE,RO,25008,4532604.0,11500023.0,0.3941386899834896,181.24616122840692,False,média,True,média,exportação aos EUA;Amazônia Legal
2900801,ALCOBAÇA,BA,19171,3455627.0,4271181.0,0.8090565583617271,180.25282979500287,False,média,False,média,exportação aos EUA
3138807,LUZ,MG,14672,2625134.0,3071571.0,0.8546551585491594,178.921346782988,False,média,False,média,exportação aos EUA
3169307,TRÊS CORAÇÕES,MG,56588,10086521.0,161919776.0,0.06229332357772036,178.2448752385665,False,baixa,False,baixa,
3126109,FORMIGA,MG,54476,9697345.0,11317916.0,0.8568136572139252,178.01132608855275,False,média,False,média,exportação aos EUA
3554706,TORRINHA,SP,6691,1188265.0,8847994.0,0.1342976724441721,177.5915408758033,False,baixa,False,baixa,
5002704,CAMPO GRANDE,MS,641185,113430536.0,758121787.0,0.1496204672455878,176.90765691649057,False,baixa,False,baixa,
4204558,CORREIA PINTO,SC,12108,2136756.0,70609786.0,0.030261471122430536,176.47472745292367,False,baixa,False,baixa,
3128402,GUARANI,MG,6718,1182663.0,2239338.0,0.5281306350358901,176.04391187853528,False,média,False,média,exportação aos EUA
4211900,PALHOÇA,SC,154633,27161584.0,45424370.0,0.5979518042847926,175.6519242335077,False,média,False,média,exportação aos EUA
4125100,SÃO JOÃO DO TRIUNFO,PR,11623,2008982.0,4709085.0,0.42661833455968623,172.84539275574292,False,média,False,média,exportação aos EUA
5005681,MUNDO NOVO,MS,14988,2589026.0,17955208.0,0.14419359552949762,172.7399252735522,False,baixa,False,baixa,
2302602,CAMOCIM,CE,50991,8750344.0,15261697.0,0.5733532778170082,171.60565590006078,False,média,False,média,exportação aos EUA
4304663,CAPÃO DO LEÃO,RS,18455,3147575.0,202111911.0,0.01557342654585063,170.55405039284747,False,baixa,False,baixa,
3540705,PORTO FERREIRA,SP,39960,6765562.0,12342111.0,0.548168947759423,169.30835835835836,False,média,False,média,exportação aos EUA
3549102,SÃO JOÃO DA BOA VISTA,SP,67128,11314761.0,80564325.0,0.14044381306490186,168.55501430103683,False,baixa,False,baixa,
5107040,PRIMAVERA DO LESTE,MT,57120,9617427.0,808902941.0,0.011889469691024402,168.37232142857144,False,baixa,True,média,Amazônia Legal
3502705,APIAÍ,SP,18737,3146709.0,12832410.0,0.24521574669138532,167.94091903719914,False,média,False,média,exportação aos EUA
3124005,ERVÁLIA,MG,16479,2764551.0,4749803.0,0.5820348759727508,167.76206080466048,False,média,False,média,exportação aos EUA
3112604,CAPINÓPOLIS,MG,11606,1945864.0,85290431.0,0.022814564039428994,167.66017577115286,False,baixa,False,baixa,
5103254,COLNIZA,MT,19479,3244314.0,10636630.0,0.30501333599081665,166.55444324657324,False,média,True,média,exportação aos EUA;Amazônia Legal
2303709,CAUCAIA,CE,249622,41206656.0,58363807.0,0.7060309825231244,165.07621924349615,False,média,False,média,exportação aos EUA
4217204,SÃO MIGUEL DO OESTE,SC,32021,5281298.0,65830190.0,0.08022607864264102,164.93232566128478,False,baixa,False,baixa,
4315750,RIOZINHO,RS,4370,719447.0,804718.0,0.8940361716775318,164.63318077803203,False,média,False,média,exportação aos EUA
2407104,MACAÍBA,RN,54350,8782271.0,11755667.0,0.7470670103193634,161.58732290708372,False,média,False,média,exportação aos EUA
4208401,ITAPIRANGA,SC,12187,1963128.0,107369093.0,0.018283920867246218,161.08377779601216,False,baixa,False,baixa,
3520905,IPAUSSU,SP,9987,1582584.0,63024204.0,0.025110733647663364,158.4644037248423,False,baixa,False,baixa,
4212007,PALMA SOLA,SC,5410,853665.0,8562496.0,0.09969814876409869,157.7939001848429,False,baixa,False,baixa,
3106200,BELO HORIZONTE,MG,1966966,309823960.0,826646757.0,0.37479607507853563,157.513632670824,False,média,False,média,exportação aos EUA
2904605,BRUMADO,BA,53467,8415788.0,42478536.0,0.19811859806091245,157.40153739689902,False,baixa,False,baixa,
4311601,LIBERATO SALZANO,RS,4425,694386.0,3526652.0,0.19689666006172427,156.92338983050848,False,baixa,False,baixa,
4203808,CANOINHAS,SC,42693,6638914.0,47403026.0,0.14005253588663305,155.50357201414752,False,baixa,False,baixa,
3514908,ELIAS FAUSTO,SP,13526,2100190.0,75402972.0,0.02785288091827468,155.2705899748632,False,baixa,False,baixa,
5220108,SÃO LUÍS DE MONTES BELOS,GO,24563,3795807.0,8680655.0,0.43727195701246047,154.53352603509344,False,média,False,média,exportação aos EUA
3513009,COTIA,SP,194159,29779772.0,289876647.0,0.10273256679417848,153.37827244680906,False,baixa,False,baixa,
3506300,BERNARDINO DE CAMPOS,SP,7724,1182647.0,2113606.0,0.5595399521008173,153.1132832729156,False,média,False,média,exportação aos EUA
2307403,JUCÁS,CE,20189,3080430.0,11459808.0,0.2688029328240054,152.57962256674426,False,média,False,média,exportação aos EUA
3111002,CAMPESTRE,MG,16477,2481571.0,25184453.0,0.09853583081594029,150.60818110092856,False,baixa,False,baixa,
3511102,CATANDUVA,SP,86119,12954592.0,399107199.0,0.032458928409357005,150.42664220439158,False,baixa,False,baixa,
3162500,SÃO JOÃO DEL REI,MG,70117,10536798.0,72260487.0,0.14581686946006883,150.27451260036796,False,baixa,False,baixa,
3552403,SUMARÉ,SP,199975,29923459.0,388462947.0,0.07703040722697292,149.6359994999375,False,baixa,False,baixa,
4210100,MAFRA,SC,42431,6339834.0,37093833.0,0.17091342380281918,149.41514458768353,False,baixa,False,baixa,
5205109,CATALÃO,GO,75393,11216600.0,265833252.0,0.042194119492620884,148.77508522011328,False,baixa,False,baixa,
2933000,VALENTE,BA,20175,2971928.0,11576559.0,0.2567194621476036,147.30745972738538,False,média,False,média,exportação aos EUA
4302659,BROCHIER,RS,3961,578964.0,578964.0,1.0,146.16611966675083,False,média,False,média,exportação aos EUA
3144300,NANUQUE,MG,29314,4237928.0,78100763.0,0.05426231239251786,144.5701030224466,False,baixa,False,baixa,
3554508,TIETÊ,SP,29070,4157542.0,12716950.0,0.32692917720050796,143.01830065359476,False,média,False,média,exportação aos EUA
3503802,ARTUR NOGUEIRA,SP,38528,5458646.0,23897945.0,0.2284148699814984,141.67997300664453,False,média,False,média,exportação aos EUA
3522505,ITAPEVI,SP,168609,23759526.0,122179656.0,0.19446384756558818,140.91493336654628,False,baixa,False,baixa,
4206108,GRÃO-PARÁ,SC,5610,788403.0,17840569.0,0.04419158379982163,140.53529411764706,False,baixa,False,baixa,
3511607,CESÁRIO LANGE,SP,13804,1935183.0,14670251.0,0.13191205794638414,140.19001738626486,False,baixa,False,baixa,
2611408,PRIMAVERA,PE,11000,1535563.0,23208464.0,0.0661639219208992,139.59663636363635,False,baixa,False,baixa,
4213609,PORTO UNIÃO,SC,25684,3570477.0,59882381.0,0.05962483355496502,139.01561283289206,False,baixa,False,baixa,
1600600,SANTANA,AP,85900,11628730.0,111607051.0,0.10419350655542363,135.37520372526194,False,baixa,True,média,Amazônia Legal
2304285,EUSÉBIO,CE,59877,8096591.0,57330962.0,0.14122545161548136,135.22038512283515,False,baixa,False,baixa,
3505203,BARIRI,SP,23149,3129891.0,37575381.0,0.08329632106724347,135.20631560758565,False,baixa,False,baixa,
3546702,SANTA GERTRUDES,SP,19153,2583130.0,58479649.0,0.04417143474989051,134.8681668668094,False,baixa,False,baixa,
4117701,PALMEIRA,PR,26972,3632102.0,24611985.0,0.1475745251754379,134.66194572148896,False,baixa,False,baixa,
2306553,ITAREMA,CE,34502,4631681.0,14607292.0,0.3170800583708466,134.2438409367573,False,média,False,média,exportação aos EUA
3146107,OURO PRETO,MG,64302,8563507.0,1358382094.0,0.006304196026894918,133.1763708749339,False,baixa,False,baixa,
4319000,SÃO MARCOS,RS,16687,2214742.0,30044379.0,0.07371568571944856,132.7225984299155,False,baixa,False,baixa,
4214151,PRINCESA,SC,2564,340157.0,3284152.0,0.10357529127762662,132.66653666146647,False,baixa,False,baixa,
3520103,IGARAPAVA,SP,19718,2612002.0,34089274.0,0.07662240034798043,132.46789735267268,False,baixa,False,baixa,
2202208,CAMPO MAIOR,PI,35864,4728505.0,15485715.0,0.30534624975340174,131.84544389917465,False,média,False,média,exportação aos EUA
4120606,PRUDENTÓPOLIS,PR,39039,5138396.0,9030631.0,0.568996341451666,131.6221214682753,False,média,False,média,exportação aos EUA
4318481,SÃO JOSÉ DO HORTÊNCIO,RS,3728,490083.0,830851.0,0.5898566650338027,131.4600321888412,False,média,False,média,exportação aos EUA
2301000,AQUIRAZ,CE,69632,9131445.0,63539351.0,0.14371322426632907,131.1386287913603,False,baixa,False,baixa,
4105706,CLEVELÂNDIA,PR,13247,1728497.0,20067512.0,0.08613409574639845,130.48214690118516,False,baixa,False,baixa,
5216403,PARAÚNA,GO,9273,1206676.0,54111184.0,0.022299937107271576,130.12789819907258,False,baixa,False,baixa,
4125605,SÃO MATEUS DO SUL,PR,34022,4425225.0,14872744.0,0.2975392435988947,130.06951384398332,False,média,False,média,exportação aos EUA
3501608,AMERICANA,SP,181216,23520222.0,530236970.0,0.04435794433571842,129.79108908705632,False,baixa,False,baixa,
3201506,COLATINA,ES,87109,11239624.0,150111428.0,0.07487520537077297,129.0294229069327,False,baixa,False,baixa,
3168606,TEÓFILO OTONI,MG,106567,13749885.0,21076552.0,0.6523782922367947,129.02573029174135,False,média,False,média,exportação aos EUA
2307650,MARACANAÚ,CE,179488,22944430.0,79574171.0,0.2883401700785548,127.83266847922981,False,média,False,média,exportação aos EUA
3526407,LARANJAL PAULISTA,SP,20780,2617513.0,120189222.0,0.02177826727258456,125.9630895091434,False,baixa,False,baixa,
4300406,ALEGRETE,RS,55756,7007631.0,77475976.0,0.09044908321000047,125.68389052299304,False,baixa,False,baixa,
3162955,SÃO JOSÉ DA LAPA,MG,19738,2472564.0,8789572.0,0.2813065300562985,125.26922687202351,False,média,False,média,exportação aos EUA
3117603,CONCEIÇÃO DO PARÁ,MG,5489,684380.0,2118039.0,0.32311964038433666,124.68209145563856,False,média,False,média,exportação aos EUA
2800670,BOQUIM,SE,22028,2736416.0,5129191.0,0.5334985575698,124.22444161975667,False,média,False,média,exportação aos EUA
4127965,TURVO,PR,11863,1462090.0,36634185.0,0.039910537111716826,123.24791368119362,False,baixa,False,baixa,
3541406,PRESIDENTE PRUDENTE,SP,165528,19743615.0,85148042.0,0.23187397544619992,119.27658764680295,False,baixa,False,baixa,
5100250,ALTA FLORESTA,MT,43203,5143484.0,364648671.0,0.01410531398865293,119.05386200032405,False,baixa,True,média,Amazônia Legal
4202305,BIGUAÇU,SC,57679,6861892.0,25404127.0,0.2701093408956742,118.96690303229946,False,média,False,média,exportação aos EUA
2918407,JUAZEIRO,BA,165666,19678018.0,115786328.0,0.16995113619977653,118.78127074958049,False,baixa,False,baixa,
3152006,POMPÉU,MG,24330,2883216.0,3920904.0,0.7353447062208103,118.50456226880395,False,média,False,média,exportação aos EUA
3105608,BARBACENA,MG,99361,11698955.0,116398403.0,0.10050786521529853,117.74192087438733,False,baixa,False,baixa,
3537800,PIEDADE,SP,42011,4945441.0,18204492.0,0.2716604780842003,117.7177643950394,False,baixa,False,baixa,
3506508,BIRIGUI,SP,84471,9842562.0,50865628.0,0.19350123820352713,116.52001278545299,False,baixa,False,baixa,
3169356,TRÊS MARIAS,MG,24921,2853351.0,158357206.0,0.018018447483848635,114.49584687612857,False,baixa,False,baixa,
4114302,MANDIRITUBA,PR,19907,2227859.0,6876710.0,0.32397163759995695,111.91334706384689,False,média,False,média,exportação aos EUA
3501707,AMÉRICO BRASILIENSE,SP,27310,3001789.0,224778530.0,0.013354429357643721,109.91537898205786,False,baixa,False,baixa,
3134103,ITUETA,MG,5084,553824.0,553824.0,1.0,108.93469708890638,False,média,False,média,exportação aos EUA
3557303,ESTIVA GERBI,SP,9490,1031269.0,3351937.0,0.30766359868935483,108.66902002107481,False,média,False,média,exportação aos EUA
4302105,BENTO GONÇALVES,RS,92061,9938698.0,111725821.0,0.08895614201841488,107.95774540793605,False,baixa,False,baixa,
2503209,CABEDELO,PB,54022,5796001.0,7037730.0,0.8235611482679784,107.28964125726556,False,média,False,média,exportação aos EUA
5220454,SENADOR CANEDO,GO,95243,10083697.0,253958389.0,0.039706099253921476,105.87336602164989,False,baixa,False,baixa,
4320107,SARANDI,RS,17132,1797598.0,3751916.0,0.4791146710107582,104.92633667989726,False,média,False,média,exportação aos EUA
4314423,PICADA CAFÉ,RS,4533,474037.0,17076190.0,0.027760115107644034,104.57467460842709,False,baixa,False,baixa,
3510401,CAPIVARI,SP,37609,3907415.0,65180034.0,0.05994803562084672,103.89574304022973,False,baixa,False,baixa,
2700409,ATALAIA,AL,32403,3342911.0,28153810.0,0.11873742843330974,103.16671295867667,False,baixa,False,baixa,
4203402,CAMPO BELO DO SUL,SC,5981,608670.0,1864593.0,0.32643584953928284,101.76726299949841,False,média,False,média,exportação aos EUA
3152501,POUSO ALEGRE,MG,112425,11301414.0,76716201.0,0.14731456788377725,100.52402935290193,False,baixa,False,baixa,
4302352,BOM PRINCÍPIO,RS,10683,1066364.0,25743082.0,0.041423322972750504,99.81877749695778,False,baixa,False,baixa,
1500305,AFUÁ,PA,29760,2957424.0,3175759.0,0.9312495060235993,99.3758064516129,False,média,True,média,exportação aos EUA;Amazônia Legal
1100452,BURITIS,RO,23318,2309020.0,2381063.0,0.9697433457241577,99.02307230465735,False,média,True,média,exportação aos EUA;Amazônia Legal
4209508,LAURENTINO,SC,6020,591125.0,2485695.0,0.23781075312940647,98.19352159468438,False,baixa,False,baixa,
4209151,JOSÉ BOITEUX,SC,4540,445380.0,670558.0,0.664193104847008,98.10132158590308,False,média,False,média,exportação aos EUA
3149804,PERDIZES,MG,14146,1369167.0,22394016.0,0.06113985986256328,96.7882793722607,False,baixa,False,baixa,
4204608,CRICIÚMA,SC,154435,14840450.0,124542330.0,0.11915988724476248,96.09512092466086,False,baixa,False,baixa,
3503307,ARARAS,SP,96612,9240000.0,173534696.0,0.053245836210183584,95.64029313128803,False,baixa,False,baixa,
3205150,VILA PAVÃO,ES,7761,741786.0,752338.0,0.9859743891708248,95.57866254348666,False,média,False,média,exportação aos EUA
2412609,SÃO PAULO DO POTENGI,RN,14677,1370324.0,1980203.0,0.6920118795901228,93.36540164883831,False,média,False,média,exportação aos EUA
4202057,BALNEÁRIO BARRA DO SUL,SC,11418,1056363.0,1837392.0,0.5749252200945688,92.51734104046243,False,média,False,média,exportação aos EUA
1501501,BENEVIDES,PA,49269,4531118.0,13895513.0,0.32608497433667977,91.96691631654794,False,média,True,média,exportação aos EUA;Amazônia Legal
4217303,SAUDADES,SC,7589,684663.0,15345423.0,0.04461675641003836,90.21781525892739,False,baixa,False,baixa,
2611101,PETROLINA,PE,249120,22436100.0,241082176.0,0.09306411768906549,90.0614161849711,False,baixa,False,baixa,
1101104,ITAPUÃ DO OESTE,RO,7204,646793.0,6589194.0,0.09815965351756224,89.78248195446974,False,baixa,True,média,Amazônia Legal
3203106,JERÔNIMO MONTEIRO,ES,10071,899218.0,899218.0,1.0,89.2878562208321,False,média,False,média,exportação aos EUA
4315602,RIO GRANDE,RS,150202,13381799.0,2718469467.0,0.004922548942500225,89.09201608500553,False,baixa,False,baixa,
4120853,QUATRO PONTES,PR,4065,362058.0,7579453.0,0.047768354787608026,89.06715867158671,False,baixa,False,baixa,
3201308,CARIACICA,ES,274339,24398710.0,141397927.0,0.17255351982635503,88.93635246902555,False,baixa,False,baixa,
2910800,FEIRA DE SANTANA,BA,435631,38707818.0,66094723.0,0.5856415798883067,88.85459942015146,False,média,False,média,exportação aos EUA
3518602,GUARIBA,SP,28368,2511069.0,231044363.0,0.010868341332352696,88.51766074450084,False,baixa,False,baixa,
3132206,ITAGUARA,MG,10982,969250.0,969250.0,1.0,88.25805864141323,False,média,False,média,exportação aos EUA
4107009,CURIÚVA,PR,10807,951465.0,1159429.0,0.8206323974991138,88.04154714536874,False,média,False,média,exportação aos EUA
4321709,TRÊS COROAS,RS,17414,1521997.0,17893341.0,0.08505940841344274,87.40076949580796,False,baixa,False,baixa,
4106902,CURITIBA,PR,1415148,123603909.0,2221438642.0,0.05564137881779046,87.34345029636476,False,baixa,False,baixa,
3122504,DOM CAVATI,MG,4341,378782.0,390406.0,0.9702258674303161,87.2568532596176,False,média,False,média,exportação aos EUA
4104303,CAMPO MOURÃO,PR,70262,6107065.0,239395531.0,0.02551035507843294,86.91846232671999,False,baixa,False,baixa,
3555000,TUPÃ,SP,47261,4088506.0,118219812.0,0.034583932513782036,86.50908783140433,False,baixa,False,baixa,
3543402,RIBEIRÃO PRETO,SP,473134,40608825.0,297165532.0,0.13665388689829613,85.82943732642337,False,baixa,False,baixa,
3505708,BARUERI,SP,298024,25519777.0,354882136.0,0.0719105708944448,85.62993919952756,False,baixa,False,baixa,
3533908,OLÍMPIA,SP,41874,3585285.0,103013966.0,0.03480387309813895,85.62079094426136,False,baixa,False,baixa,
4310108,IGREJINHA,RS,26693,2277217.0,94689133.0,0.024049401740746743,85.31139249990635,False,baixa,False,baixa,
2602902,CABO DE SANTO AGOSTINHO,PE,172140,14549422.0,105070365.0,0.13847312703253672,84.52086673637737,False,baixa,False,baixa,
3548807,SÃO CAETANO DO SUL,SP,147744,12455426.0,762895696.0,0.01632651234671535,84.3041071041802,False,baixa,False,baixa,
3527405,LUCÉLIA,SP,13549,1141496.0,23058255.0,0.04950487363419305,84.24946490515906,False,baixa,False,baixa,
3505351,BARRA DO CHAPÉU,SP,4672,385565.0,6806704.0,0.05664489009658713,82.5267551369863,False,baixa,False,baixa,
3134905,JACUTINGA,MG,19258,1580915.0,5288591.0,0.29892933675529076,82.09133866445114,False,baixa,False,baixa,
4112405,JAPURÁ,PR,7452,607120.0,5117838.0,0.1186282176184553,81.47074610842726,False,baixa,False,baixa,
5108402,VÁRZEA GRANDE,MT,194985,15791196.0,391714968.0,0.04031297573494817,80.98672205554273,False,baixa,True,média,Amazônia Legal
4128658,VIRMOND,PR,3584,288505.0,3488110.0,0.08271098101837385,80.498046875,False,baixa,False,baixa,
3531308,MONTE ALTO,SP,36025,2867497.0,16198734.0,0.17701982142555092,79.59741845940319,False,baixa,False,baixa,
5103700,FELIZ NATAL,MT,7181,570551.0,1372215.0,0.41578834220584965,79.45286171842362,False,média,True,média,exportação aos EUA;Amazônia Legal
4110706,IRATI,PR,45672,3616410.0,77315083.0,0.0467749611029972,79.18221229637415,False,baixa,False,baixa,
3137205,LAGOA DA PRATA,MG,37445,2960453.0,65751776.0,0.045024684960600914,79.06137000934704,False,baixa,False,baixa,
3133105,ITANHANDU,MG,12883,1016384.0,7264630.0,0.13990857070490859,78.89342544438408,False,baixa,False,baixa,
4125506,SÃO JOSÉ DOS PINHAIS,PR,227539,17544524.0,1841491987.0,0.009527342026930036,77.1055687156927,False,baixa,False,baixa,
4119905,PONTA GROSSA,PR,258390,19806658.0,1435629184.0,0.01379649997418832,76.65411974147607,False,baixa,False,baixa,
3550308,SÃO PAULO,SP,9145124,700008718.0,5364934057.0,0.13047853162084075,76.54447528540892,False,baixa,False,baixa,
3516705,GARÇA,SP,32368,2452174.0,32586739.0,0.07525067175331658,75.759206623826,False,baixa,False,baixa,
4121505,REBOUÇAS,PR,12151,920532.0,5123787.0,0.1796585221048416,75.75771541436919,False,baixa,False,baixa,
3514304,DOURADO,SP,6798,512436.0,2808487.0,0.18245980843066034,75.38040600176522,False,baixa,False,baixa,
2702306,CORURIPE,AL,41885,3135037.0,84185636.0,0.03723957136820823,74.84868091202101,False,baixa,False,baixa,
4216503,SÃO JOAQUIM,SC,19522,1459393.0,4109897.0,0.35509235389597354,74.75632619608646,False,baixa,False,baixa,
2408953,RIO DO FOGO,RN,10982,812231.0,1605633.0,0.5058634195983764,73.96020761245674,False,média,False,média,exportação aos EUA
4113908,MALLET,PR,10552,777294.0,16842047.0,0.04615199090704354,73.66319181197878,False,baixa,False,baixa,
5101407,ARIPUANÃ,MT,17103,1245885.0,174383873.0,0.00714449667028556,72.84599193124014,False,baixa,True,média,Amazônia Legal
3528007,MACATUBA,SP,12402,902510.0,39364663.0,0.022926907820854454,72.77132720528947,False,baixa,False,baixa,
4307005,ERECHIM,RS,79130,5723639.0,111636480.0,0.051270328480439366,72.33209907746746,False,baixa,False,baixa,
3506003,BAURU,SP,278336,20085900.0,215589770.0,0.0931672221738536,72.1642187859278,False,baixa,False,baixa,
3524709,JAGUARIÚNA,SP,45186,3259161.0,65078311.0,0.05008060212257199,72.12767228787678,False,baixa,False,baixa,
1505502,PARAGOMINAS,PA,76388,5507167.0,735844255.0,0.007484147579571713,72.09466146515159,False,baixa,True,média,Amazônia Legal
3127701,GOVERNADOR VALADARES,MG,193573,13942625.0,31413034.0,0.44384840381861873,72.02773630619973,False,baixa,False,baixa,
3557006,VOTORANTIM,SP,92608,6640874.0,18591196.0,0.3572053137409772,71.70950673807879,False,baixa,False,baixa,
3119104,CORINTO,MG,19765,1398553.0,2747336.0,0.5090578655104435,70.7590690614723,False,média,False,média,exportação aos EUA
4321451,TEUTÔNIA,RS,25631,1803651.0,7681209.0,0.2348134258552267,70.36990363232023,False,baixa,False,baixa,
2404705,IPANGUAÇU,RN,12911,907200.0,7259082.0,0.12497448024419616,70.26566493687554,False,baixa,False,baixa,
4211306,NAVEGANTES,SC,66392,4650174.0,57182411.0,0.08132175469131583,70.04117966020003,False,baixa,False,baixa,
2513703,SANTA RITA,PB,103539,7224435.0,36263012.0,0.1992232470926574,69.77501231420045,False,baixa,False,baixa,
4301636,BALNEÁRIO PINHAL,RS,11040,765618.0,12592400.0,0.06080000635303834,69.34945652173913,False,baixa,False,baixa,
4117503,PAIÇANDU,PR,30395,2103670.0,14134101.0,0.14883649126322218,69.21105444974502,False,baixa,False,baixa,
1301902,ITACOATIARA,AM,76067,5219395.0,22368703.0,0.23333471770804057,68.61575979071083,False,baixa,True,média,Amazônia Legal
3511300,CEDRAL,SP,8582,587175.0,1830366.0,0.32079649643841723,68.41936611512467,False,baixa,False,baixa,
2928208,SANTANA,BA,21022,1433387.0,1671737.0,0.8574237454814962,68.18509180858149,False,média,False,média,exportação aos EUA
3200136,ÁGUIA BRANCA,ES,8898,604735.0,16419059.0,0.0368312824748361,67.96302539896605,False,baixa,False,baixa,
3205069,VENDA NOVA DO IMIGRANTE,ES,20198,1369982.0,7432304.0,0.1843280360975547,67.82760669373205,False,baixa,False,baixa,
3510807,CASA BRANCA,SP,19558,1324664.0,7902865.0,0.16761819922268698,67.73003374578178,False,baixa,False,baixa,
2709152,TEOTÔNIO VILELA,AL,31106,2094318.0,13396564.0,0.15633247450614948,67.32842538417026,False,baixa,False,baixa,
4105805,COLOMBO,PR,161954,10886255.0,48728839.0,0.2234047685806756,67.21819158526495,False,baixa,False,baixa,
4113700,LONDRINA,PR,394978,26342246.0,1076247581.0,0.02447600948428984,66.69294492351473,False,baixa,False,baixa,
3530607,MOGI DAS CRUZES,SP,334039,22176447.0,236525365.0,0.09375927609286218,66.3887959190394,False,baixa,False,baixa,
4306452,DOIS LAJEADOS,RS,3119,206902.0,383395.0,0.5396575333533301,66.33600512984931,False,média,False,média,exportação aos EUA
3534609,OSVALDO CRUZ,SP,22809,1509465.0,11306868.0,0.13349983390625944,66.17848217808759,False,baixa,False,baixa,
3536307,PATROCÍNIO PAULISTA,SP,10549,695408.0,73202706.0,0.009499758110034895,65.92169873921699,False,baixa,False,baixa,
4303905,CAMPO BOM,RS,51980,3410387.0,41498117.0,0.08218172887217991,65.60959984609465,False,baixa,False,baixa,
3525201,JARINU,SP,26768,1744685.0,30699600.0,0.05683087076053108,65.17801105797967,False,baixa,False,baixa,
3537156,PEDRINHAS PAULISTA,SP,2726,176606.0,545164.0,0.323950224152732,64.78576669112252,False,baixa,False,baixa,
3519501,IBIRAREMA,SP,5070,328328.0,42621596.0,0.007703324859069097,64.75897435897436,False,baixa,False,baixa,
2926301,RIACHÃO DO JACUÍPE,BA,27708,1778034.0,6939240.0,0.2562289242049562,64.17042009527934,False,baixa,False,baixa,
5220405,SÃO SIMÃO,GO,13332,853837.0,200625529.0,0.0042558741365362335,64.04417941794179,False,baixa,False,baixa,
3511508,CERQUILHO,SP,36003,2258606.0,93511708.0,0.024153189459441806,62.73382773657751,False,baixa,False,baixa,
1501709,BRAGANÇA,PA,94963,5954842.0,8401930.0,0.7087469188626899,62.70697008308499,False,média,True,média,exportação aos EUA;Amazônia Legal
2403103,CURRAIS NOVOS,RN,32922,2060148.0,99680620.0,0.020667487822607845,62.576635684344815,False,baixa,False,baixa,
4204202,CHAPECÓ,SC,164327,10187791.0,224093741.0,0.04546218450608132,61.997060738649154,False,baixa,False,baixa,
3162922,SÃO JOAQUIM DE BICAS,MG,25074,1536175.0,5168307.0,0.2972298278720672,61.265653665151156,False,baixa,False,baixa,
4108403,FRANCISCO BELTRÃO,PR,66806,4054287.0,27545788.0,0.1471835548868669,60.68746819147981,False,baixa,False,baixa,
2407203,MACAU,RN,22534,1367313.0,7942431.0,0.17215295921362112,60.67777580544954,False,baixa,False,baixa,
2922904,NOVA SOURE,BA,21207,1284807.0,5244874.0,0.24496432135452634,60.5840995897581,False,baixa,False,baixa,
3201704,CONCEIÇÃO DO CASTELO,ES,9986,599831.0,644277.0,0.9310141445372099,60.06719407170038,False,média,False,média,exportação aos EUA
5214606,NIQUELÂNDIA,GO,28256,1694456.0,36816580.0,0.046024264067982414,59.96800679501699,False,baixa,False,baixa,
3302403,MACAÉ,RJ,186241,11089974.0,487267254.0,0.02275953064557874,59.54636197185367,False,baixa,False,baixa,
3151701,POÇO FUNDO,MG,12809,759571.0,30139474.0,0.025201866495745746,59.29978921071122,False,baixa,False,baixa,
2908309,CONCEIÇÃO DO ALMEIDA,BA,14213,840738.0,1292921.0,0.6502624676991092,59.15274748469711,False,média,False,média,exportação aos EUA
3519071,HORTOLÂNDIA,SP,164481,9626717.0,75404893.0,0.12766700696730648,58.52783604185286,False,baixa,False,baixa,
4318200,SÃO FRANCISCO DE PAULA,RS,16421,951333.0,4219726.0,0.22544899834728604,57.93392607027587,False,baixa,False,baixa,
2207702,PARNAÍBA,PI,118423,6818574.0,28939640.0,0.2356136427405455,57.57812249309678,False,baixa,False,baixa,
3546801,SANTA ISABEL,SP,41696,2372754.0,10229720.0,0.2319471109668691,56.90603415195702,False,baixa,False,baixa,
3549409,SÃO JOAQUIM DA BARRA,SP,35828,2028058.0,85602197.0,0.023691658287695583,56.60539243050128,False,baixa,False,baixa,
5203302,BELA VISTA DE GOIÁS,GO,24222,1369056.0,1723287.0,0.7944445701731633,56.52117909338618,False,média,False,média,exportação aos EUA
1501402,BELÉM,PA,1048781,58261446.0,288003755.0,0.2022940499508418,55.55158417248215,False,baixa,True,média,Amazônia Legal
3305752,TANGUÁ,RJ,26468,1465535.0,11069759.0,0.13239086776866596,55.37006951790842,False,baixa,False,baixa,
3521903,ITAJOBI,SP,12328,681743.0,36083820.0,0.018893315619022598,55.30037313432836,False,baixa,False,baixa,
3204203,PIÚMA,ES,17326,953370.0,1055665.0,0.9030989944726784,55.02539535957521,False,média,False,média,exportação aos EUA
5208707,GOIÂNIA,GO,1019261,55866904.0,291968968.0,0.19134534872897863,54.81118575124526,False,baixa,False,baixa,
3504107,ATIBAIA,SP,119210,6533895.0,91772610.0,0.07119656943395203,54.809957218354164,False,baixa,False,baixa,
3165909,SENADOR MODESTINO GONÇALVES,MG,4784,261595.0,688669.0,0.37985592497992504,54.681229096989966,False,baixa,False,baixa,
1100049,CACOAL,RO,69974,3817763.0,91602492.0,0.04167750152474018,54.55973647354732,False,baixa,True,média,Amazônia Legal
4210035,LUZERNA,SC,4829,263384.0,1633725.0,0.1612168510612251,54.54214123006834,False,baixa,False,baixa,
3142502,MONJOLOS,MG,2627,143032.0,143032.0,1.0,54.44689760182718,False,média,False,média,exportação aos EUA
4217709,SOMBRIO,SC,22226,1201464.0,10436420.0,0.11512223540256142,54.05669036263835,False,baixa,False,baixa,
3159803,SANTA VITÓRIA,MG,17312,935229.0,53081239.0,0.017618823856014362,54.02200785582255,False,baixa,False,baixa,
3543808,RINÓPOLIS,SP,7452,402227.0,20211999.0,0.01990040668416815,53.975711218464845,False,baixa,False,baixa,
2306405,ITAPIPOCA,CE,103228,5568211.0,24550152.0,0.22680963441692745,53.940897818421355,False,baixa,False,baixa,
4309100,GRAMADO,RS,34790,1860354.0,10198573.0,0.1824131670185623,53.473814314458174,False,baixa,False,baixa,
3104106,ARCEBURGO,MG,7685,410805.0,7031388.0,0.058424453322729455,53.45543266102798,False,baixa,False,baixa,
1100098,ESPIGÃO DO OESTE,RO,23348,1246098.0,4436299.0,0.28088683833077976,53.3706527325681,False,baixa,True,média,Amazônia Legal
4118501,PATO BRANCO,PR,64406,3428510.0,161791823.0,0.02119087316297808,53.232773344098376,False,baixa,False,baixa,
2312908,SOBRAL,CE,153073,8141587.0,110970467.0,0.0733671509195325,53.18760983321683,False,baixa,False,baixa,
4202909,BRUSQUE,SC,101563,5392827.0,72783608.0,0.07409397731423262,53.098342900465724,False,baixa,False,baixa,
3522307,ITAPETININGA,SP,114451,6042367.0,451451093.0,0.013384322451956053,52.79435741059493,False,baixa,False,baixa,
4219408,WITMARSUM,SC,3494,182821.0,4481585.0,0.0407938262913679,52.324270177447055,False,baixa,False,baixa,
4115200,MARINGÁ,PR,302812,15538241.0,2679298563.0,0.005799368989546985,51.31316130140153,False,baixa,False,baixa,
2508901,MAMANGUAPE,PB,34604,1759287.0,13498033.0,0.13033654607304634,50.84056756444342,False,baixa,False,baixa,
2925303,PORTO SEGURO,BA,116587,5830575.0,12376277.0,0.4711089611197293,50.01050717489943,False,baixa,False,baixa,
4307708,ESTEIO,RS,65833,3250964.0,77334484.0,0.042037702094191255,49.38198168091991,False,baixa,False,baixa,
2311801,RUSSAS,CE,58537,2857855.0,15379104.0,0.18582714571668155,48.821343765481664,False,baixa,False,baixa,
5105606,MATUPÁ,MT,15134,738590.0,1052940596.0,0.0007014545766454615,48.80335668032245,True,baixa,True,média,Amazônia Legal
3518305,GUARAREMA,SP,26373,1283088.0,28743265.0,0.04463960513880382,48.65157547491753,False,baixa,False,baixa,
3515608,FERNANDO PRESTES,SP,5086,245388.0,4920233.0,0.04987324787261091,48.24773889107354,False,baixa,False,baixa,
2616407,VITÓRIA DE SANTO ANTÃO,PE,103948,4997838.0,57930717.0,0.08627267637650679,48.08017470273598,False,baixa,False,baixa,
4303103,CACHOEIRINHA,RS,102594,4886500.0,61169741.0,0.07988426826917577,47.629491003372515,False,baixa,False,baixa,
4310009,IBIRUBÁ,RS,16439,778881.0,14043445.0,0.05546224590903443,47.38007178052193,False,baixa,False,baixa,
2921906,MUCUGÊ,BA,9863,465611.0,4278608.0,0.10882300972652788,47.20784751089932,False,baixa,False,baixa,
1302603,MANAUS,AM,1477265,69697632.0,794588915.0,0.08771533390948451,47.18018229633817,False,baixa,True,média,Amazônia Legal
3553708,TAQUARITINGA,SP,38620,1817497.0,25620102.0,0.07094027182249313,47.06103055411704,False,baixa,False,baixa,
3102050,ALTO CAPARAÓ,MG,4564,211649.0,3291429.0,0.06430307322442623,46.37357581069237,False,baixa,False,baixa,
2301851,BANABUIÚ,CE,15673,723484.0,8767949.0,0.08251462229080028,46.161168889172465,False,baixa,False,baixa,
4205803,GARUVA,SC,12187,562200.0,17374407.0,0.03235793889253314,46.13112332813654,False,baixa,False,baixa,
3131307,IPATINGA,MG,176630,8040583.0,187336919.0,0.04292044004417517,45.52218196229406,False,baixa,False,baixa,
3554003,TATUÍ,SP,88765,3989862.0,39665668.0,0.1005872887354374,44.94859460372895,False,baixa,False,baixa,
4304408,CANELA,RS,34975,1563037.0,2828455.0,0.5526115847697771,44.69012151536812,False,baixa,False,baixa,
3540002,POMPÉIA,SP,16138,715662.0,155970762.0,0.004588436902039371,44.34638740860082,False,baixa,False,baixa,
2304202,CRATO,CE,95932,4233212.0,5274291.0,0.8026125217588487,44.12721511070342,False,média,False,média,exportação aos EUA
1505106,ÓBIDOS,PA,39920,1758178.0,8674041.0,0.20269422291178932,44.04253507014028,False,baixa,True,média,Amazônia Legal
3148707,PEDRA AZUL,MG,18355,801936.0,3556183.0,0.2255047054665072,43.69032961046037,False,baixa,False,baixa,
4128401,URAÍ,PR,8555,370673.0,7117053.0,0.05208237173448055,43.32822910578609,False,baixa,False,baixa,
2933307,VITÓRIA DA CONQUISTA,BA,265595,11461910.0,117839909.0,0.09726679269584297,43.155594043562566,False,baixa,False,baixa,
3157104,SALTO DA DIVISA,MG,4987,214620.0,2654776.0,0.08084297884265942,43.03589332263886,False,baixa,False,baixa,
2606804,IGARASSU,PE,89866,3865082.0,68580806.0,0.056358071965500085,43.009391761066475,False,baixa,False,baixa,
3147402,PARAOPEBA,MG,19694,842157.0,5447607.0,0.15459209887937952,42.76211028739718,False,baixa,False,baixa,
2608206,JOAQUIM NABUCO,PE,14094,602310.0,602310.0,1.0,42.735206470838655,False,média,False,média,exportação aos EUA
3530508,MOCOCA,SP,49126,2087019.0,19943323.0,0.10464750533298789,42.48298253470667,False,baixa,False,baixa,
3158953,SANTANA DO PARAÍSO,MG,25815,1095990.0,3910796.0,0.2802472949241024,42.45554909936084,False,baixa,False,baixa,
3552106,SOCORRO,SP,30482,1283377.0,4694922.0,0.27335427510829785,42.10278196968703,False,baixa,False,baixa,
4217006,SÃO LUDGERO,SC,9949,418724.0,29184717.0,0.014347372290778081,42.08704392401246,False,baixa,False,baixa,
4314050,PAROBÉ,RS,39009,1623413.0,21088570.0,0.07698070566188224,41.61637058114794,False,baixa,False,baixa,
4308607,GARIBALDI,RS,26403,1098180.0,87562104.0,0.012541726955304774,41.59300079536416,False,baixa,False,baixa,
4102307,BALSA NOVA,PR,12129,504357.0,42267926.0,0.01193238106833063,41.582735592381894,False,baixa,False,baixa,
3513801,DIADEMA,SP,331016,13742938.0,173248789.0,0.07932487193315967,41.51744326558233,False,baixa,False,baixa,
5206206,CRISTALINA,GO,38974,1599552.0,356656770.0,0.004484849677744797,41.04151485605789,False,baixa,False,baixa,
4201901,AURORA,SC,5541,225469.0,2377898.0,0.09481861711477953,40.691030499909765,False,baixa,False,baixa,
1716109,PARAÍSO DO TOCANTINS,TO,36056,1462692.0,204850411.0,0.007140293216204482,40.56722875526958,False,baixa,True,média,Amazônia Legal
3522604,ITAPIRA,SP,53362,2163604.0,36942012.0,0.05856757341749551,40.545781642367224,False,baixa,False,baixa,
2904902,CACHOEIRA,BA,26041,1050969.0,40522951.0,0.025935154623857478,40.358242771014936,False,baixa,False,baixa,
4314407,PELOTAS,RS,244459,9825488.0,211767664.0,0.046397489656400046,40.19278488417281,False,baixa,False,baixa,
3504602,BADY BASSITT,SP,16956,675851.0,768551.0,0.8793834111204071,39.859105921207835,False,baixa,False,baixa,
2414407,TOUROS,RN,28142,1117955.0,4709840.0,0.23736581285139197,39.72549925378438,False,baixa,False,baixa,
2919926,MADRE DE DEUS,BA,17110,672681.0,7017420.0,0.09585873440666227,39.31507890122735,False,baixa,False,baixa,
3204906,SÃO MATEUS,ES,92268,3626819.0,98604904.0,0.03678132479090492,39.30744136645424,False,baixa,False,baixa,
3134400,ITURAMA,MG,30000,1173026.0,465345188.0,0.0025207652947729633,39.10086666666667,False,baixa,False,baixa,
3111408,CAMPO FLORIDO,MG,6473,249988.0,86923313.0,0.00287596033068827,38.6201143210258,False,baixa,False,baixa,
3500402,ÁGUAS DA PRATA,SP,5911,226850.0,1526557.0,0.14860237776905807,38.37760108272712,False,baixa,False,baixa,
3537909,PILAR DO SUL,SP,22434,851764.0,65328117.0,0.013038245079067564,37.967549255594186,False,baixa,False,baixa,
3145109,NOVA RESENDE,MG,13447,504957.0,3983647.0,0.1267574662112381,37.55164720755559,False,baixa,False,baixa,
2910727,EUNÁPOLIS,BA,83372,3061614.0,372104140.0,0.008227841807941186,36.72232883941851,False,baixa,False,baixa,
3301504,CORDEIRO,RJ,16926,615328.0,615328.0,1.0,36.35401157981803,False,média,False,média,exportação aos EUA
3549805,SÃO JOSÉ DO RIO PRETO,SP,344760,12496940.0,68091155.0,0.1835325013946378,36.248230653208026,False,baixa,False,baixa,
3529005,MARÍLIA,SP,172936,6247587.0,46776754.0,0.13356179011480787,36.12658440116575,False,baixa,False,baixa,
1200344,MANOEL URBANO,AC,8602,307370.0,1423843.0,0.21587351976306376,35.73238781678679,False,baixa,True,média,Amazônia Legal
2932507,UNA,BA,16864,588060.0,588060.0,1.0,34.87073055028463,False,média,False,média,exportação aos EUA
4318002,SÃO BORJA,RS,46604,1622697.0,8186356.0,0.19821969628489158,34.81883529310789,False,baixa,False,baixa,
3525003,JANDIRA,SP,76022,2592608.0,35152070.0,0.07375406341646452,34.10339112362211,False,baixa,False,baixa,
3513702,DESCALVADO,SP,24907,844707.0,21193108.0,0.039857627300346886,33.914441723210345,False,baixa,False,baixa,
4107207,DOIS VIZINHOS,PR,33146,1122810.0,24556048.0,0.045724377147332504,33.87467567730646,False,baixa,False,baixa,
4311106,JAGUARI,RS,8702,294066.0,294066.0,1.0,33.79292116754769,False,média,False,média,exportação aos EUA
3159605,SANTA RITA DO SAPUCAÍ,MG,31737,1053452.0,19022354.0,0.05537968644679833,33.19318146012541,False,baixa,False,baixa,
2930709,SIMÕES FILHO,BA,90003,2979352.0,41071715.0,0.07254023845851093,33.102807684188306,False,baixa,False,baixa,
4321956,TRINDADE DO SUL,RS,5879,193962.0,838747.0,0.2312520938972062,32.992345637013095,False,baixa,False,baixa,
3556305,VALPARAÍSO,SP,15952,521960.0,295697634.0,0.0017651815232312613,32.720661985957875,False,baixa,False,baixa,
4104253,CAMPO MAGRO,PR,21484,693765.0,9311356.0,0.0745074079435906,32.292170917892385,False,baixa,False,baixa,
3304201,RESENDE,RJ,98020,3143800.0,655127821.0,0.004798758195311018,32.073046317078145,False,baixa,False,baixa,
4312385,MONTE BELO DO SUL,RS,3034,97203.0,675909.0,0.14381077926170535,32.037903757415954,False,baixa,False,baixa,
3123601,ELÓI MENDES,MG,19976,636708.0,12454678.0,0.05112199608853798,31.873648378053666,False,baixa,False,baixa,
4307807,ESTRELA,RS,24675,764277.0,20698062.0,0.03692505124392805,30.973738601823708,False,baixa,False,baixa,
3201902,DOMINGOS MARTINS,ES,29145,900764.0,3070857.0,0.2933265860311959,30.906296105678503,False,baixa,False,baixa,
4211751,OTACÍLIO COSTA,SC,12683,391591.0,61725157.0,0.006344106990282747,30.875266104234015,False,baixa,False,baixa,
2511103,PEDRA LAVRADA,PB,5944,182500.0,183513.0,0.9944799550985489,30.70323014804845,False,baixa,False,baixa,
4210605,MASSARANDUBA,SC,13335,408925.0,4999035.0,0.08180078755199753,30.665541807274092,False,baixa,False,baixa,
4210852,MIRIM DOCE,SC,2265,69065.0,69065.0,1.0,30.492273730684328,False,média,False,média,exportação aos EUA
3529401,MAUÁ,SP,310407,9450876.0,258212324.0,0.036601180972291626,30.44672317312432,False,baixa,False,baixa,
1504422,MARITUBA,PA,90873,2750360.0,6266003.0,0.43893371899119743,30.26597559231015,False,baixa,True,média,Amazônia Legal
3204104,PINHEIROS,ES,18818,564167.0,7687892.0,0.0733838352567908,29.980178552449782,False,baixa,False,baixa,
3540903,PRADÓPOLIS,SP,13603,406648.0,290469068.0,0.0013999700649709112,29.893993971917958,False,baixa,False,baixa,
4314902,PORTO ALEGRE,RS,1064200,31426202.0,1185302347.0,0.026513236964003074,29.53035331704567,False,baixa,False,baixa,
3550209,SÃO MIGUEL ARCANJO,SP,24440,720289.0,831660.0,0.8660859004881802,29.471726677577742,False,baixa,False,baixa,
2611903,RIO FORMOSO,PE,16933,497283.0,653009.0,0.7615254919916877,29.367684403236286,False,baixa,False,baixa,
3524808,JALES,SP,36025,1057542.0,17142305.0,0.061691936994470696,29.355780707841777,False,baixa,False,baixa,
3519055,HOLAMBRA,SP,12570,361212.0,832735.0,0.4337658438759029,28.73603818615752,False,baixa,False,baixa,
3145372,NOVORIZONTE,MG,4973,142560.0,149121.0,0.9560021727322108,28.66680072390911,False,baixa,False,baixa,
2925758,PRESIDENTE TANCREDO NEVES,BA,21689,620550.0,2829280.0,0.21933142000791722,28.611277606159806,False,baixa,False,baixa,
3171204,VESPASIANO,MG,87691,2498280.0,27604753.0,0.09050180597522463,28.48958273939173,False,baixa,False,baixa,
4128609,VERÊ,PR,6888,196000.0,196000.0,1.0,28.45528455284553,False,média,False,média,exportação aos EUA
3505906,BATATAIS,SP,42270,1200522.0,106414716.0,0.01128154117330915,28.40127750177431,False,baixa,False,baixa,
2408102,NATAL,RN,573148,16090112.0,48945169.0,0.3287374899042641,28.07322366997704,False,baixa,False,baixa,
2304400,FORTALEZA,CE,1795713,50118484.0,272843338.0,0.18368960139316284,27.910074716839496,False,baixa,False,baixa,
2310001,PALHANO,CE,9841,273075.0,2790666.0,0.09785298563138692,27.748704399959355,False,baixa,False,baixa,
4202602,BOM RETIRO,SC,6588,182269.0,329368.0,0.553390128974278,27.666818457802066,False,baixa,False,baixa,
3528601,MANDURI,SP,7096,194403.0,22587981.0,0.008606479702634777,27.396138669673054,False,baixa,False,baixa,
3524402,JACAREÍ,SP,171394,4693154.0,623827394.0,0.00752316112620088,27.382253754507158,False,baixa,False,baixa,
3201159,BREJETUBA,ES,10987,293860.0,763293.0,0.3849897745688746,26.746154546281968,False,baixa,False,baixa,
3136702,JUIZ DE FORA,MG,395457,10548552.0,112552321.0,0.09372131917208532,26.674333745514684,False,baixa,False,baixa,
4124103,SANTO ANTÔNIO DA PLATINA,PR,32125,851174.0,1913558.0,0.44481222936540205,26.495688715953307,False,baixa,False,baixa,
4312708,NONOAI,RS,9663,256027.0,6178807.0,0.04143631610438714,26.495601779985513,False,baixa,False,baixa,
2615300,TIMBAÚBA,PE,42020,1112897.0,1112897.0,1.0,26.484935744883387,False,baixa,False,baixa,
4216255,SÃO JOÃO DO OESTE,SC,5102,134948.0,173071.0,0.7797262395201969,26.4500196001568,False,baixa,False,baixa,
4312609,MUÇUM,RS,3973,104541.0,4737778.0,0.022065407032579407,26.312861817266548,False,baixa,False,baixa,
3128303,GUARANÉSIA,MG,14892,389650.0,758877.0,0.5134560673205276,26.165055063121137,False,baixa,False,baixa,
3534401,OSASCO,SP,583991,15277290.0,122943280.0,0.12426291213313977,26.160146303624543,False,baixa,False,baixa,
4216909,SÃO LOURENÇO DO OESTE,SC,19026,488919.0,19588490.0,0.02495950428031972,25.697414064963734,False,baixa,False,baixa,
3522901,ITAPUÍ,SP,9473,241560.0,1832857.0,0.13179424254047098,25.499841655230657,False,baixa,False,baixa,
3136306,JOÃO PINHEIRO,MG,38832,987974.0,106647127.0,0.009263953261488236,25.442264112072518,False,baixa,False,baixa,
4301404,ARVOREZINHA,RS,8656,219013.0,5968128.0,0.036697101670741646,25.301871534195932,False,baixa,False,baixa,
3140704,MATEUS LEME,MG,29334,741976.0,2240468.0,0.33117009481947524,25.294061498602304,False,baixa,False,baixa,
3303302,NITERÓI,RJ,412252,10374758.0,530178688.0,0.01956841765770864,25.16605862433657,False,baixa,False,baixa,
3149606,PEQUI,MG,3981,99677.0,15850675.0,0.006288501909224686,25.038181361466968,False,baixa,False,baixa,
3165537,SARZEDO,MG,26228,656000.0,80441266.0,0.008155018345932049,25.011438157694066,False,baixa,False,baixa,
2112506,TUTÓIA,MA,43215,1070065.0,6211251.0,0.17227849913004642,24.761425430984612,False,baixa,False,baixa,
3515905,FLOREAL,SP,2670,66085.0,66085.0,1.0,24.750936329588015,False,baixa,False,baixa,
2917359,JABORANDI,BA,10158,250600.0,54540230.0,0.0045947734360489495,24.670210671392006,False,baixa,False,baixa,
4219150,VARGEM,SC,2628,64832.0,412878.0,0.1570245932212421,24.669710806697108,False,baixa,False,baixa,
3510609,CARAPICUÍBA,SP,290495,7112477.0,27845359.0,0.25542773573147326,24.483991118607893,False,baixa,False,baixa,
4310405,INDEPENDÊNCIA,RS,5501,134511.0,2113349.0,0.06364826632988684,24.45209961825123,False,baixa,False,baixa,
2607752,ITAPISSUMA,PE,21440,522328.0,7671423.0,0.06808749823859277,24.362313432835823,False,baixa,False,baixa,
3556503,VÁRZEA PAULISTA,SP,84729,2060986.0,83567100.0,0.024662648338879774,24.324446175453506,False,baixa,False,baixa,
4122701,SABÁUDIA,PR,6748,162989.0,12195259.0,0.013364947804716571,24.15367516301126,False,baixa,False,baixa,
4302253,BOA VISTA DO SUL,RS,2527,60598.0,6968287.0,0.008696254904541102,23.980213692125048,False,baixa,False,baixa,
1502301,CAPITÃO POÇO,PA,42609,1011930.0,6718812.0,0.15061144738087626,23.749207913821024,False,baixa,True,média,Amazônia Legal
2408003,MOSSORÓ,RN,188013,4447961.0,194459374.0,0.022873471761767575,23.65773111433784,False,baixa,False,baixa,
4205902,GASPAR,SC,51557,1217128.0,30607268.0,0.03976597976663582,23.60742479197781,False,baixa,False,baixa,
4313375,NOVA SANTA RITA,RS,20466,481996.0,4852099.0,0.09933762687035033,23.55106029512362,False,baixa,False,baixa,
5007695,SÃO GABRIEL DO OESTE,MS,23080,536366.0,102495416.0,0.005233073057628255,23.239428076256498,False,baixa,False,baixa,
4211504,NOVA TRENTO,SC,11343,262569.0,6237133.0,0.04209770739216239,23.14810896588204,False,baixa,False,baixa,
3556453,VARGEM GRANDE PAULISTA,SP,42997,986020.0,45689447.0,0.021580913421867416,22.93229760215829,False,baixa,False,baixa,
3507001,BOITUVA,SP,47624,1088988.0,117209083.0,0.009290986433193066,22.866369897530657,False,baixa,False,baixa,
4101002,AMPÉRE,PR,14532,330490.0,7148403.0,0.04623270400395725,22.742224057252958,False,baixa,False,baixa,
1100122,JI-PARANÁ,RO,97939,2222479.0,192593245.0,0.011539755716769818,22.69248205515678,False,baixa,True,média,Amazônia Legal
4119400,PIRAÍ DO SUL,PR,18800,426151.0,32160173.0,0.013250892649116035,22.66760638297872,False,baixa,False,baixa,
3554300,TEODORO SAMPAIO,SP,17020,384105.0,653674.0,0.5876094199861093,22.56786133960047,False,baixa,False,baixa,
3517208,GUAIÇARA,SP,8162,183391.0,22284695.0,0.008229459725609886,22.468880176427348,False,baixa,False,baixa,
4303004,CACHOEIRA DO SUL,RS,64488,1430214.0,128930220.0,0.01109293073415992,22.17798660215854,False,baixa,False,baixa,
4127601,TIJUCAS DO SUL,PR,13059,285000.0,304076.0,0.9372656835791052,21.82402940500804,False,baixa,False,baixa,
4317509,SANTO ÂNGELO,RS,58898,1272767.0,154341828.0,0.008246416519052762,21.609681143672113,False,baixa,False,baixa,
3138708,LUMINÁRIAS,MG,4351,93654.0,2136498.0,0.043835285593527354,21.52470696391634,False,baixa,False,baixa,
4201307,ARAQUARI,SC,28342,606555.0,61294639.0,0.009895726769840345,21.40127725636864,False,baixa,False,baixa,
3133600,ITAPEVA,MG,9518,202023.0,336685.0,0.600035641623476,21.225362471107374,False,baixa,False,baixa,
3514403,DRACENA,SP,33614,712077.0,4079158.0,0.17456470183307438,21.183941214969952,False,baixa,False,baixa,
3121605,DIAMANTINA,MG,38586,807614.0,4142948.0,0.19493703517398722,20.93023376354118,False,baixa,False,baixa,
3115300,CATAGUASES,MG,52112,1084361.0,13190608.0,0.08220705216924042,20.808278323610686,False,baixa,False,baixa,
2607901,JABOATÃO DOS GUARARAPES,PE,498555,10318301.0,71783341.0,0.1437422785880083,20.696414638304702,False,baixa,False,baixa,
1500800,ANANINDEUA,PA,358249,7414204.0,159664745.0,0.04643607453855891,20.695672562938068,False,baixa,True,média,Amazônia Legal
4105508,CIANORTE,PR,58478,1183306.0,73859655.0,0.016021006326119448,20.235062758644276,False,baixa,False,baixa,
2611804,RIBEIRÃO,PE,28323,572259.0,572259.0,1.0,20.204745260036013,False,baixa,False,baixa,
1505304,ORIXIMINÁ,PA,50827,1021118.0,133065528.0,0.007673798130497029,20.090070238259194,False,baixa,True,média,Amazônia Legal
3532405,NAZARÉ PAULISTA,SP,14473,290383.0,2849170.0,0.10191845344433642,20.063773923858218,False,baixa,False,baixa,
4321204,TAQUARA,RS,41562,831763.0,6170235.0,0.13480248321174154,20.01258361002839,False,baixa,False,baixa,
3533007,NOVA GRANADA,SP,14794,293664.0,11071219.0,0.026524992415017715,19.850209544409896,False,baixa,False,baixa,
2804805,NOSSA SENHORA DO SOCORRO,SE,123924,2454006.0,3202940.0,0.766172953598881,19.80250798876731,False,baixa,False,baixa,
1100155,OURO PRETO DO OESTE,RO,28282,553927.0,1785835.0,0.3101781519569277,19.58584965702567,False,baixa,True,média,Amazônia Legal
1500107,ABAETETUBA,PA,123890,2418378.0,130916030.0,0.01847274164974297,19.520364839777223,False,baixa,True,média,Amazônia Legal
3305554,SEROPÉDICA,RJ,60965,1189910.0,26744942.0,0.044491029369216804,19.517920118100548,False,baixa,False,baixa,
4201703,ASCURRA,SC,6551,127786.0,1797082.0,0.07110749537305476,19.506334910700655,False,baixa,False,baixa,
2310803,PEREIRO,CE,14487,282342.0,394057.0,0.7165004047637779,19.489335266100642,False,baixa,False,baixa,
3203346,MARECHAL FLORIANO,ES,14378,278960.0,96389889.0,0.0028940794817182538,19.401863958825984,False,baixa,False,baixa,
4106209,CONTENDA,PR,13638,264449.0,4734637.0,0.05585412355794119,19.390599794691305,False,baixa,False,baixa,
4317608,SANTO ANTÔNIO DA PATRULHA,RS,33692,653028.0,10727072.0,0.06087663064068182,19.382286596224624,False,baixa,False,baixa,
3552809,TABOÃO DA SERRA,SP,212014,4081655.0,46632548.0,0.08752802870647343,19.251818276151575,False,baixa,False,baixa,
4109757,IBEMA,PR,5098,98096.0,388317.0,0.2526183504713932,19.24205570812083,False,baixa,False,baixa,
1709500,GURUPI,TO,61239,1168131.0,196779034.0,0.005936257416529446,19.07495223631999,False,baixa,True,média,Amazônia Legal
3551009,SÃO VICENTE,SP,256025,4883019.0,21004032.0,0.23248007811071703,19.072430426716142,False,baixa,False,baixa,
4314704,PLANALTO,RS,7977,150629.0,376070.0,0.4005344749647672,18.882913375955873,False,baixa,False,baixa,
4210308,MAJOR VIEIRA,SC,6050,113417.0,826382.0,0.13724524493515106,18.746611570247932,False,baixa,False,baixa,
4313904,PANAMBI,RS,32201,601045.0,62417074.0,0.009629496570121182,18.665414117573988,False,baixa,False,baixa,
3131109,INIMUTABA,MG,6575,118876.0,3143161.0,0.03782052526103499,18.08,False,baixa,False,baixa,
3144607,NEPOMUCENO,MG,20890,368136.0,748481.0,0.4918441483484551,17.622594542843466,False,baixa,False,baixa,
4202008,BALNEÁRIO CAMBORIÚ,SC,111138,1955548.0,12068584.0,0.1620362421970962,17.595673846929042,False,baixa,False,baixa,
3154804,RIO ACIMA,MG,8371,145863.0,294924.0,0.4945782642307849,17.424799904431968,False,baixa,False,baixa,
3551108,SARAPUÍ,SP,7398,128300.0,132958.0,0.9649663803607154,17.342525006758585,False,baixa,False,baixa,
2204352,GEMINIANO,PI,6469,111773.0,1915302.0,0.0583578986499257,17.27825011593755,False,baixa,False,baixa,
4122206,RIO BRANCO DO SUL,PR,27280,461306.0,10675124.0,0.043213174853987645,16.910043988269795,False,baixa,False,baixa,
3106002,BELA VISTA DE MINAS,MG,8231,138799.0,144347.0,0.9615648402807124,16.86295711335196,False,baixa,False,baixa,
4303509,CAMAQUÃ,RS,49751,835607.0,43900748.0,0.01903400370308041,16.795782999336698,False,baixa,False,baixa,
4205456,FORQUILHINHA,SC,22444,376299.0,49918144.0,0.007538321136298657,16.766129032258064,False,baixa,False,baixa,
3168903,TIROS,MG,6214,103702.0,1375948.0,0.07536767377836953,16.68844544576762,False,baixa,False,baixa,
3303708,PARAÍBA DO SUL,RJ,34304,571472.0,2168785.0,0.26349868705288904,16.659048507462686,False,baixa,False,baixa,
4308706,GAURAMA,RS,5195,86530.0,124807.0,0.6933104713677919,16.656400384985563,False,baixa,False,baixa,
3551504,SERRANA,SP,33570,558427.0,1187154.0,0.47039137298109596,16.6347036044087,False,baixa,False,baixa,
3202405,GUARAPARI,ES,101964,1691063.0,3960320.0,0.42700160593083386,16.584902514613,False,baixa,False,baixa,
3144003,MUTUM,MG,21564,348536.0,348536.0,1.0,16.162864032647004,False,baixa,False,baixa,
4208807,JAGUARUNA,SC,16425,259235.0,12663090.0,0.02047170161469278,15.782952815829528,False,baixa,False,baixa,
3130101,IGARAPÉ,MG,35009,551404.0,2084004.0,0.26458874359166296,15.750349910023138,False,baixa,False,baixa,
4211009,MONDAÍ,SC,7441,115151.0,17667538.0,0.006517659676181254,15.475204945571832,False,baixa,False,baixa,
4207502,INDAIAL,SC,50898,787003.0,56806349.0,0.0138541380295361,15.462356084718456,False,baixa,False,baixa,
2923001,NOVA VIÇOSA,BA,30989,476412.0,476412.0,1.0,15.37358417502985,False,baixa,False,baixa,
3300407,BARRA MANSA,RJ,133855,2033303.0,31523043.0,0.06450211675313199,15.190340293601285,False,baixa,False,baixa,
3547304,SANTANA DE PARNAÍBA,SP,111635,1666463.0,64730652.0,0.025744573065632027,14.92778250548663,False,baixa,False,baixa,
4107652,FAZENDA RIO GRANDE,PR,94019,1393125.0,53821744.0,0.025884055336445434,14.817483700103171,False,baixa,False,baixa,
4121406,REALEZA,PR,14524,214249.0,858961.0,0.24942808812041525,14.751377031120903,False,baixa,False,baixa,
4116208,MORRETES,PR,14680,216498.0,706976.0,0.30623104603268003,14.747820163487738,False,baixa,False,baixa,
3553401,TANABI,SP,19937,292428.0,132166210.0,0.0022125776323615545,14.667602949290265,False,baixa,False,baixa,
3525300,JAÚ,SP,98725,1447125.0,63621973.0,0.02274567938972908,14.658141301595341,False,baixa,False,baixa,
3548203,SANTO ANTÔNIO DO PINHAL,SP,6113,89305.0,89305.0,1.0,14.609029936201537,False,baixa,False,baixa,
3502804,ARAÇATUBA,SP,145128,2108115.0,73688490.0,0.02860847060375372,14.52590127335869,False,baixa,False,baixa,
4104659,CARAMBEÍ,PR,17446,252389.0,15353273.0,0.01643877497651478,14.466869196377393,False,baixa,False,baixa,
3170206,UBERLÂNDIA,MG,540033,7786456.0,857444457.0,0.009081003365795856,14.418481833517582,False,baixa,False,baixa,
3200102,AFONSO CLÁUDIO,ES,26254,376591.0,1745723.0,0.21572208191104775,14.344138036108783,False,baixa,False,baixa,
3514106,DOIS CÓRREGOS,SP,18565,259394.0,2989570.0,0.08676632425398971,13.97220576353353,False,baixa,False,baixa,
3504503,AVARÉ,SP,64380,896432.0,35376616.0,0.02533967635570344,13.924075799937869,False,baixa,False,baixa,
3157807,SANTA LUZIA,MG,164668,2292566.0,47360729.0,0.048406476175651775,13.922352855442465,False,baixa,False,baixa,
3159506,SANTA RITA DO ITUETO,MG,5151,71319.0,71319.0,1.0,13.845661036691904,False,baixa,False,baixa,
3522208,ITAPECERICA DA SERRA,SP,124081,1717377.0,33907095.0,0.05064948796114795,13.840773365785253,False,baixa,False,baixa,
4210001,LUIZ ALVES,SC,10211,140217.0,15224535.0,0.00920993646111359,13.73195573401234,False,baixa,False,baixa,
4104006,CAMPINA GRANDE DO SUL,PR,35488,480485.0,22008983.0,0.021831313150634902,13.539365419296663,False,baixa,False,baixa,
3302007,ITAGUAÍ,RJ,100542,1348149.0,3416229071.0,0.0003946307381563758,13.408814226890255,True,baixa,False,baixa,
4117107,NOVA LONDRINA,PR,9738,129168.0,7180419.0,0.01798892237347152,13.264325323475045,False,baixa,False,baixa,
5105150,JUÍNA,MT,34218,449913.0,449913.0,1.0,13.148430650534806,False,baixa,True,média,Amazônia Legal
2927408,SALVADOR,BA,1955479,25542316.0,125280899.0,0.20388036966433326,13.061922935505827,False,baixa,False,baixa,
5201108,ANÁPOLIS,GO,288292,3694499.0,95409835.0,0.03872241263177952,12.815128411471703,False,baixa,False,baixa,
4311304,LAGOA VERMELHA,RS,19900,252582.0,23343284.0,0.010820328450786959,12.692562814070351,False,baixa,False,baixa,
2611606,RECIFE,PE,1230407,15499479.0,93117282.0,0.16645115350338513,12.597034152113894,False,baixa,False,baixa,
4101705,ARARUNA,PR,10853,136479.0,3715702.0,0.036730340592437176,12.575232654565557,False,baixa,False,baixa,
3552700,TABATINGA,SP,10716,133361.0,2417786.0,0.05515831425940923,12.445035460992909,False,baixa,False,baixa,
4207577,IOMERÊ,SC,2888,35898.0,4049524.0,0.00886474558491319,12.43005540166205,False,baixa,False,baixa,
3154606,RIBEIRÃO DAS NEVES,MG,218584,2704316.0,5804002.0,0.46593988079259796,12.371975990923398,False,baixa,False,baixa,
4101903,ASSAÍ,PR,12321,150250.0,1302757.0,0.11533232982052677,12.194627059491925,False,baixa,False,baixa,
3524303,JABOTICABAL,SP,50931,617455.0,75160560.0,0.008215146348031468,12.123362981288409,False,baixa,False,baixa,
3205010,SOORETAMA,ES,20980,252929.0,11318167.0,0.022347169819989403,12.055719733079123,False,baixa,False,baixa,
4314605,PIRATINI,RS,14591,175605.0,3181924.0,0.05518830745171789,12.035158659447605,False,baixa,False,baixa,
3553302,TAMBAÚ,SP,15898,189705.0,9172107.0,0.02068281584591196,11.932633035601963,False,baixa,False,baixa,
2307809,MARCO,CE,23434,279099.0,2319715.0,0.12031607331072998,11.91000256038235,False,baixa,False,baixa,
3300704,CABO FRIO,RJ,179682,2139318.0,2459366.0,0.8698656483012288,11.906134170367649,False,baixa,False,baixa,
5003751,ELDORADO,MS,8988,106591.0,8019203.0,0.013291969289217396,11.85925678682688,False,baixa,False,baixa,
5001003,APARECIDA DO TABOADO,MS,19558,230269.0,107167352.0,0.0021486861035812472,11.77364761223029,False,baixa,False,baixa,
3302809,MENDES,RJ,14878,173231.0,1008264.0,0.17181115263462743,11.64343325715822,False,baixa,False,baixa,
4216305,SÃO JOÃO BATISTA,SC,23144,268889.0,9902789.0,0.027152855624814384,11.618086761147598,False,baixa,False,baixa,
4211405,NOVA ERECHIM,SC,4037,46567.0,3401947.0,0.013688337884158689,11.535050780282388,False,baixa,False,baixa,
3519303,IBATÉ,SP,26265,302731.0,60521910.0,0.0050020067112885236,11.526023224823911,False,baixa,False,baixa,
4106506,CORONEL VIVIDA,PR,17708,203244.0,5224706.0,0.03890056206033411,11.477524282810029,False,baixa,False,baixa,
3144706,NOVA ERA,MG,15012,171135.0,50736806.0,0.003372995138874134,11.399880095923262,False,baixa,False,baixa,
4306601,DOM PEDRITO,RS,29233,330943.0,5957316.0,0.05555236619981213,11.320870249375705,False,baixa,False,baixa,
3150604,PIRACEMA,MG,6032,67695.0,102600.0,0.6597953216374269,11.222645888594165,False,baixa,False,baixa,
3501301,ÁLVARES MACHADO,SP,17955,201483.0,12133154.0,0.01660598719838222,11.22155388471178,False,baixa,False,baixa,
2704708,MARECHAL DEODORO,AL,47095,527508.0,4250453.0,0.12410630114013729,11.20093428177089,False,baixa,False,baixa,
3515152,ENGENHEIRO COELHO,SP,14967,167079.0,3076556.0,0.054307153843453526,11.163158949689317,False,baixa,False,baixa,
4312476,MORRO REUTER,RS,5415,60280.0,331316.0,0.18194110758309287,11.132040627885504,False,baixa,False,baixa,
3172004,VISCONDE DO RIO BRANCO,MG,30721,341843.0,6362098.0,0.05373117484200966,11.127339604830572,False,baixa,False,baixa,
3147303,PARAISÓPOLIS,MG,16472,182506.0,7966647.0,0.02290875948187487,11.079771733851384,False,baixa,False,baixa,
2919553,LUÍS EDUARDO MAGALHÃES,BA,81123,873510.0,2334031341.0,0.00037424947328502906,10.767723087163937,False,baixa,False,baixa,
4301008,ARROIO DO MEIO,RS,17325,186504.0,43487053.0,0.0042887247383721315,10.765021645021646,False,baixa,False,baixa,
4301958,BARRA FUNDA,RS,2716,29204.0,35969.0,0.8119213767410826,10.75257731958763,False,baixa,False,baixa,
3140001,MARIANA,MG,52424,562379.0,458540200.0,0.0012264551723055034,10.727510300625667,False,baixa,False,baixa,
3200300,ALFREDO CHAVES,ES,12984,139154.0,4267345.0,0.0326090344230429,10.717344423906347,False,baixa,False,baixa,
4115408,MARMELEIRO,PR,11778,125020.0,1723315.0,0.07254622631381959,10.614705382917304,False,baixa,False,baixa,
3538600,PIRACAIA,SP,21552,228061.0,2285562.0,0.099783335564732,10.581894951744617,False,baixa,False,baixa,
4320909,TAPEJARA,RS,17490,184423.0,24736098.0,0.0074556221437997216,10.544482561463694,False,baixa,False,baixa,
3546009,SANTA BRANCA,SP,11889,124000.0,124000.0,1.0,10.42980906720498,False,baixa,False,baixa,
4306809,ENCANTADO,RS,16617,172897.0,89410853.0,0.0019337361651163311,10.404826382620207,False,baixa,False,baixa,
2404309,GOVERNADOR DIX-SEPT ROSADO,RN,12132,119671.0,14745027.0,0.008116024473878549,9.864078470161557,False,baixa,False,baixa,
4104808,CASCAVEL,PR,239954,2366227.0,485456458.0,0.004874231171521463,9.861169224101285,False,baixa,False,baixa,
2602209,BOM JARDIM,PE,30623,298619.0,1727198.0,0.1728921640715193,9.751461319922933,False,baixa,False,baixa,
3300456,BELFORD ROXO,RJ,346172,3357107.0,37611151.0,0.08925828938337994,9.69780051535075,False,baixa,False,baixa,
2310209,PARACURU,CE,33717,325343.0,577259.0,0.5635997013472289,9.649227392709909,False,baixa,False,baixa,
2919157,LAPÃO,BA,22037,209893.0,528253.0,0.39733423189267264,9.524572310205563,False,baixa,False,baixa,
3120870,CURRAL DE DENTRO,MG,6816,64889.0,64889.0,1.0,9.520099765258216,False,baixa,False,baixa,
4204509,CORUPÁ,SC,11990,113972.0,2909097.0,0.03917779297149596,9.50558798999166,False,baixa,False,baixa,
4314548,PINTO BANDEIRA,RS,2438,22942.0,54678.0,0.4195837448333882,9.410172272354389,False,baixa,False,baixa,
2205706,LUIS CORREIA,PI,27367,257133.0,282831.0,0.9091400871898766,9.395732086089085,False,baixa,False,baixa,
5204508,CALDAS NOVAS,GO,68138,636700.0,2221780.0,0.28657202783353886,9.344271918753119,False,baixa,False,baixa,
5103379,COTRIGUAÇU,MT,7706,71592.0,2048837.0,0.03494275044818109,9.290423046976382,False,baixa,True,média,Amazônia Legal
4315206,PUTINGA,RS,3807,35276.0,164668.0,0.21422498603250176,9.26608878381928,False,baixa,False,baixa,
2304004,COREAÚ,CE,19700,178719.0,178719.0,1.0,9.072030456852792,False,baixa,False,baixa,
4127700,TOLEDO,PR,108119,968519.0,89775472.0,0.010788236234502894,8.957898241752144,False,baixa,False,baixa,
3304524,RIO DAS OSTRAS,RJ,107737,958969.0,6528257.0,0.14689510538571016,8.90101822029572,False,baixa,False,baixa,
3542404,REGENTE FEIJÓ,SP,15711,138195.0,6535744.0,0.021144494031589977,8.796066450257781,False,baixa,False,baixa,
4108809,GUAÍRA,PR,23809,208878.0,24242471.0,0.008616200881502549,8.773069007518165,False,baixa,False,baixa,
4322509,VACARIA,RS,47383,413532.0,15651369.0,0.026421458723514857,8.727433889791698,False,baixa,False,baixa,
2704302,MACEIÓ,AL,646463,5632036.0,13232073.0,0.4256351971456022,8.71207787607334,False,baixa,False,baixa,
3542206,RANCHARIA,SP,22888,198399.0,172860682.0,0.001147739310666378,8.66825410695561,False,baixa,False,baixa,
3534708,OURINHOS,SP,76480,661257.0,62560109.0,0.010569946417452694,8.646142782426779,False,baixa,False,baixa,
3201001,BOA ESPERANÇA,ES,11266,97339.0,8314683.0,0.011706880466759826,8.640067459612995,False,baixa,False,baixa,
3554953,TUIUTI,SP,5542,47579.0,86460.0,0.5503007170946103,8.58516780945507,False,baixa,False,baixa,
1100205,PORTO VELHO,RO,367902,3086924.0,388609124.0,0.007943519102757866,8.390614892009285,False,baixa,True,média,Amazônia Legal
4205407,FLORIANÓPOLIS,SC,423969,3530244.0,93629230.0,0.03770450744922285,8.326655958336577,False,baixa,False,baixa,
2412005,SÃO GONÇALO DO AMARANTE,RN,77509,635455.0,10162714.0,0.06252808058949608,8.198467274768092,False,baixa,False,baixa,
3535507,PARAGUAÇU PAULISTA,SP,29958,235720.0,62359892.0,0.0037799937177569196,7.868349021964083,False,baixa,False,baixa,
4314100,PASSO FUNDO,RS,150021,1179809.0,1729482986.0,0.0006821743894276159,7.864292332406796,False,baixa,False,baixa,
3304144,QUEIMADOS,RJ,104602,819657.0,2960340.0,0.27687934494010824,7.835959159480698,False,baixa,False,baixa,
3547601,SANTA ROSA DE VITERBO,SP,18030,140742.0,13823355.0,0.010181464629968629,7.805990016638935,False,baixa,False,baixa,
4203709,CANELINHA,SC,10123,78811.0,2642712.0,0.029822016171266487,7.785340314136126,False,baixa,False,baixa,
2504009,CAMPINA GRANDE,PB,305258,2344041.0,56499473.0,0.041487838302491774,7.6788847466733055,False,baixa,False,baixa,
3160405,SANTO ANTÔNIO DO MONTE,MG,21033,161258.0,908783.0,0.17744390024901435,7.666904388342129,False,baixa,False,baixa,
4314134,PAULO BENTO,RS,2280,17427.0,7135198.0,0.0024423989355305906,7.643421052631579,False,baixa,False,baixa,
4105607,CIDADE GAÚCHA,PR,8899,66386.0,67268470.0,0.0009868813725063168,7.45993931902461,False,baixa,False,baixa,
2924009,PAULO AFONSO,BA,83620,616991.0,698101.0,0.8838133737095348,7.378509925855059,False,baixa,False,baixa,
4311809,MARAU,RS,31646,230383.0,44624129.0,0.0051627450252306325,7.280003791948429,False,baixa,False,baixa,
4310462,IPIRANGA DO SUL,RS,2098,15210.0,412401.0,0.03688157885165167,7.24976167778837,False,baixa,False,baixa,
4319505,SÃO SEBASTIÃO DO CAÍ,RS,17536,126560.0,72071317.0,0.0017560383973557747,7.217153284671533,False,baixa,False,baixa,
5107602,RONDONÓPOLIS,MT,177622,1273244.0,2444668888.0,0.00052082472446469,7.168278704214568,False,baixa,True,média,Amazônia Legal
1506187,RONDON DO PARÁ,PA,26999,192585.0,18641756.0,0.010330840077512012,7.133041964517204,False,baixa,True,média,Amazônia Legal
4110953,ITAIPULÂNDIA,PR,9902,69675.0,21159890.0,0.003292786493691602,7.036457281357301,False,baixa,False,baixa,
3530102,MIRANDÓPOLIS,SP,17999,125000.0,49871238.0,0.0025064547224594664,6.944830268348242,False,baixa,False,baixa,
4312252,MINAS DO LEÃO,RS,6369,44075.0,44075.0,1.0,6.920238655989952,False,baixa,False,baixa,
3502754,ARAÇARIGUAMA,SP,17829,123136.0,109012795.0,0.0011295554801617554,6.906500645016546,False,baixa,False,baixa,
3157005,SALINAS,MG,33019,225595.0,550358.0,0.40990591578572494,6.832278385172174,False,baixa,False,baixa,
4103107,BOCAIÚVA DO SUL,PR,10205,69228.0,4645716.0,0.01490147051606254,6.783733463988241,False,baixa,False,baixa,
2908507,CONCEIÇÃO DO JACUÍPE,BA,29454,196642.0,8871451.0,0.022165708856420444,6.676240918041692,False,baixa,False,baixa,
4321303,TAQUARI,RS,19310,128019.0,30752939.0,0.0041628216412096415,6.629673744174003,False,baixa,False,baixa,
4114807,MARIALVA,PR,30178,198870.0,300173684.0,0.0006625164383164249,6.589899927099212,False,baixa,False,baixa,
3301207,CARMO,RJ,14237,92987.0,106928.0,0.8696225497531049,6.531361944229824,False,baixa,False,baixa,
2104305,GODOFREDO VIANA,MA,7329,47756.0,241474788.0,0.00019776805850224,6.516032200845954,True,baixa,True,média,Amazônia Legal
3123007,DORES DE CAMPOS,MG,8082,52438.0,4117180.0,0.012736387527385248,6.4882454837911405,False,baixa,False,baixa,
4315305,QUARAÍ,RS,17670,114312.0,1986478.0,0.05754506216529959,6.469269949066214,False,baixa,False,baixa,
4217758,SUL BRASIL,SC,2414,15514.0,462417.0,0.033549804613584706,6.426677713338857,False,baixa,False,baixa,
4126702,TAMBOARA,PR,4157,26680.0,220225.0,0.12114882506527415,6.418089968727448,False,baixa,False,baixa,
4305355,CHARQUEADAS,RS,24424,153613.0,71397433.0,0.002151519929294937,6.289428431051425,False,baixa,False,baixa,
2400307,AFONSO BEZERRA,RN,10537,65735.0,9125827.0,0.007203182790995271,6.2384929296763785,False,baixa,False,baixa,
3523107,ITAQUAQUECETUBA,SP,258019,1600522.0,62158338.0,0.025749111889059838,6.203116824729962,False,baixa,False,baixa,
4316402,ROSÁRIO DO SUL,RS,31276,189920.0,3902607.0,0.04866490527998336,6.072387773372554,False,baixa,False,baixa,
4310439,IPÊ,RS,5497,32710.0,161938.0,0.2019908854005854,5.950518464617064,False,baixa,False,baixa,
3154507,RIACHO DOS MACHADOS,MG,8031,47756.0,196563004.0,0.00024295517990760866,5.946457477275557,False,baixa,False,baixa,
5201405,APARECIDA DE GOIÂNIA,GO,341263,2025183.0,43717587.0,0.046324217299550406,5.934376126330719,False,baixa,False,baixa,
3138203,LAVRAS,MG,75558,444355.0,14919382.0,0.029783740372087798,5.880978850684243,False,baixa,False,baixa,
1304203,TEFÉ,AM,49827,288640.0,3403951.0,0.08479558019489705,5.792843237602103,False,baixa,True,média,Amazônia Legal
4124020,SANTA TEREZA DO OESTE,PR,10278,59379.0,5844544.0,0.010159731879852389,5.777291301809691,False,baixa,False,baixa,
2511905,PITIMBU,PB,13151,75812.0,985155.0,0.07695438788820033,5.764732719945251,False,baixa,False,baixa,
4206405,GUARACIABA,SC,8880,51189.0,66712.0,0.7673132270056362,5.764527027027027,False,baixa,False,baixa,
3528403,MAIRINQUE,SP,38466,220144.0,33721934.0,0.006528213951192716,5.723080122705766,False,baixa,False,baixa,
3104502,ARINOS,MG,14460,81768.0,81768.0,1.0,5.6547717842323655,False,baixa,False,baixa,
1506807,SANTARÉM,PA,253605,1418303.0,448367914.0,0.003163257128162833,5.592567181246427,False,baixa,True,média,Amazônia Legal
5105507,VILA BELA DA SANTÍSSIMA TRINDADE,MT,11198,60000.0,266186.0,0.22540629484646074,5.358099660653688,False,baixa,True,média,Amazônia Legal
2401453,BARAÚNA,RN,22038,116842.0,29374982.0,0.0039776024373393655,5.301842272438515,False,baixa,False,baixa,
1507201,SÃO DOMINGOS DO CAPIM,PA,25155,133129.0,296556.0,0.4489168993377305,5.2923474458358175,False,baixa,True,média,Amazônia Legal
3118304,CONSELHEIRO LAFAIETE,MG,94215,486195.0,7493225.0,0.06488461243323135,5.160483999363159,False,baixa,False,baixa,
4215554,SANTA HELENA,SC,2208,11257.0,706049.0,0.01594365263600685,5.098278985507246,False,baixa,False,baixa,
3519709,IBIÚNA,SP,61951,315316.0,15216532.0,0.020721935852400532,5.089764491291505,False,baixa,False,baixa,
3135357,JAPONVAR,MG,8549,43022.0,43022.0,1.0,5.032401450462042,False,baixa,False,baixa,
3517406,GUAÍRA,SP,28555,141911.0,368177035.0,0.0003854422913694223,4.969742601996148,False,baixa,False,baixa,
2608750,LAGOA GRANDE,PE,20661,101900.0,6599892.0,0.01543964658815629,4.931997483180872,False,baixa,False,baixa,
2931350,TEIXEIRA DE FREITAS,BA,105045,513938.0,2308153.0,0.2226620159062246,4.892550811556951,False,baixa,False,baixa,
2504900,CRUZ DO ESPÍRITO SANTO,PB,16431,77644.0,77644.0,1.0,4.725457975777494,False,baixa,False,baixa,
2301901,BARBALHA,CE,53415,249907.0,432653.0,0.5776153175870733,4.67859215576149,False,baixa,False,baixa,
4213500,PORTO BELO,SC,20041,93350.0,189216.0,0.4933515136140707,4.657951200039919,False,baixa,False,baixa,
3162104,SÃO GOTARDO,MG,28579,132433.0,1568993.0,0.0844063676510985,4.633927009342524,False,baixa,False,baixa,
5208004,FORMOSA,GO,77711,357274.0,16917546.0,0.021118547571852324,4.597470113626128,False,baixa,False,baixa,
3139607,MANTENA,MG,19156,87733.0,159015.0,0.55172782441908,4.57992273961161,False,baixa,False,baixa,
3302270,JAPERI,RJ,76652,347547.0,4581554.0,0.07585788577412816,4.534089130094453,False,baixa,False,baixa,
2302800,CANINDÉ,CE,60219,270742.0,270742.0,1.0,4.495956425712815,False,baixa,False,baixa,
3544004,RIO DAS PEDRAS,SP,25297,112613.0,13853531.0,0.008128830115585694,4.451634581175633,False,baixa,False,baixa,
4209003,JOAÇABA,SC,22370,98065.0,39361779.0,0.0024913762154906666,4.383772910147519,False,baixa,False,baixa,
3171006,VAZANTE,MG,16950,73556.0,15584891.0,0.004719699354971427,4.339587020648968,False,baixa,False,baixa,
3528502,MAIRIPORÃ,SP,65733,284036.0,8738909.0,0.03250245539803653,4.321056394809304,False,baixa,False,baixa,
2603702,CANHOTINHO,PE,17167,73622.0,38456541.0,0.0019144207483455156,4.288576920836489,False,baixa,False,baixa,
2401107,AREIA BRANCA,RN,22037,93619.0,109549.0,0.8545856192206227,4.2482642827971135,False,baixa,False,baixa,
3171600,VIRGEM DA LAPA,MG,10159,43143.0,138867.0,0.3106785629415196,4.24677625750566,False,baixa,False,baixa,
3550902,SÃO SIMÃO,SP,11158,46890.0,447777.0,0.10471730347918719,4.202366015414949,False,baixa,False,baixa,
2907509,CATU,BA,41271,173317.0,321066.0,0.5398173584247475,4.199486322114802,False,baixa,False,baixa,
2806107,ROSÁRIO DO CATETE,SE,8984,37260.0,37260.0,1.0,4.147373107747106,False,baixa,False,baixa,
3171303,VIÇOSA,MG,61609,247877.0,857694.0,0.28900400375891633,4.023389439854567,False,baixa,False,baixa,
3132602,ITAMARATI DE MINAS,MG,3881,15550.0,100099.0,0.15534620725481774,4.006699304303015,False,baixa,False,baixa,
3306206,VASSOURAS,RJ,29259,116711.0,6373231.0,0.018312689434919274,3.988892306640692,False,baixa,False,baixa,
5006002,NOVA ALVORADA DO SUL,MS,16244,63428.0,624855.0,0.10150834993718542,3.904703275055405,False,baixa,False,baixa,
5208806,GOIANIRA,GO,47570,183721.0,23738154.0,0.0077394813429890125,3.862118982552029,False,baixa,False,baixa,
3111200,CAMPO BELO,MG,39354,149566.0,1546342.0,0.09672245855056644,3.800528535854043,False,baixa,False,baixa,
2307007,JAGUARUANA,CE,28915,108880.0,6785188.0,0.016046718233894183,3.7655196264914403,False,baixa,False,baixa,
4213401,PONTE SERRADA,SC,8142,30274.0,794604.0,0.03809948099934055,3.718251043969541,False,baixa,False,baixa,
3162708,SÃO JOÃO DO PARAÍSO,MG,18054,66324.0,2176564.0,0.030471881368983406,3.673645729478232,False,baixa,False,baixa,
3148004,PATOS DE MINAS,MG,116646,428298.0,31376410.0,0.013650318822325435,3.6717761432025102,False,baixa,False,baixa,
3526209,JUQUITIBA,SP,22815,83403.0,336021.0,0.24820770130438277,3.655621301775148,False,baixa,False,baixa,
4304705,CARAZINHO,RS,45685,166151.0,1412494.0,0.11762952621391666,3.6368830031739083,False,baixa,False,baixa,
3158904,SANTANA DO MANHUAÇU,MG,7807,28231.0,28231.0,1.0,3.6161137440758293,False,baixa,False,baixa,
3109006,BRUMADINHO,MG,35366,127537.0,57543014.0,0.002216376778595574,3.606203698467455,False,baixa,False,baixa,
2110302,SANTO ANTÔNIO DOS LOPES,MA,15375,55115.0,93923.0,0.5868104724082494,3.5847154471544713,False,baixa,True,média,Amazônia Legal
5102504,CÁCERES,MT,62205,222830.0,11603632.0,0.019203470085917926,3.582187927015513,False,baixa,True,média,Amazônia Legal
3507100,BOM JESUS DOS PERDÕES,SP,18368,65619.0,13897916.0,0.004721499252118087,3.5724629790940767,False,baixa,False,baixa,
4103701,CAMBÉ,PR,76178,270649.0,24702915.0,0.010956156388831035,3.5528499041718082,False,baixa,False,baixa,
5220603,SILVÂNIA,GO,16325,57762.0,53855186.0,0.0010725429487886274,3.5382542113323123,False,baixa,False,baixa,
3515707,FERRAZ DE VASCONCELOS,SP,128931,455377.0,20780041.0,0.02191415310489522,3.531943442616593,False,baixa,False,baixa,
3534104,ORIENTE,SP,5159,18072.0,20528.0,0.8803585346843336,3.5030044582283386,False,baixa,False,baixa,
2606200,GOIANA,PE,67037,234258.0,1008102385.0,0.00023237520661157846,3.4944582842310963,False,baixa,False,baixa,
3536109,PARDINHO,SP,6139,21158.0,168026.0,0.12592098841845906,3.446489656295814,False,baixa,False,baixa,
2307304,JUAZEIRO DO NORTE,CE,200346,690457.0,1523281.0,0.45326961998475657,3.446322861449692,False,baixa,False,baixa,
3149903,PERDÕES,MG,17292,59071.0,457748.0,0.1290469865515524,3.416088364561647,False,baixa,False,baixa,
3536208,PARIQUERA-AÇU,SP,14302,48670.0,50470.0,0.9643352486625718,3.403020556565515,False,baixa,False,baixa,
1508159,URUARÁ,PA,31993,107639.0,107639.0,1.0,3.364454724470978,False,baixa,True,média,Amazônia Legal
3300951,COMENDADOR LEVY GASPARIAN,RJ,8033,26806.0,171086.0,0.1566814350677437,3.336984937134321,False,baixa,False,baixa,
3129806,IBIRITÉ,MG,122338,407548.0,4299735.0,0.09478444601818484,3.331327960241299,False,baixa,False,baixa,
1503309,IGARAPÉ-MIRI,PA,53657,176766.0,5933799.0,0.029789684483751473,3.294369793316809,False,baixa,True,média,Amazônia Legal
4126256,SARANDI,PR,72031,237047.0,3085641.0,0.07682261157406192,3.2909025280781887,False,baixa,False,baixa,
3110608,CAMBUÍ,MG,22533,73505.0,2321610.0,0.031661217861742495,3.2621044690010206,False,baixa,False,baixa,
3143302,MONTES CLAROS,MG,283875,923924.0,278309101.0,0.0033197764524416323,3.2546860413914573,False,baixa,False,baixa,
4119509,PIRAQUARA,PR,73929,239782.0,5892110.0,0.040695438476199525,3.2434092169513993,False,baixa,False,baixa,
2513406,SANTA LUZIA,PB,12261,39741.0,1082380.0,0.03671631035311074,3.2412527526302912,False,baixa,False,baixa,
4216602,SÃO JOSÉ,SC,195574,621536.0,47351451.0,0.013126018039024823,3.178009346845695,False,baixa,False,baixa,
3557105,VOTUPORANGA,SP,68927,215670.0,28862427.0,0.007472344581417218,3.128962525570531,False,baixa,False,baixa,
2503001,CAAPORÃ,PB,17081,53288.0,318946.0,0.16707530428348372,3.119723669574381,False,baixa,False,baixa,
5200605,ALTO PARAÍSO DE GOIÁS,GO,7682,23358.0,27167.0,0.8597931313726211,3.0406144233272587,False,baixa,False,baixa,
3541059,PRATÂNIA,SP,4725,14346.0,358026.0,0.0400697156072464,3.0361904761904763,False,baixa,False,baixa,
1200401,RIO BRANCO,AC,270174,820239.0,10364573.0,0.07913871608603654,3.0359657109862535,False,baixa,True,média,Amazônia Legal
5215009,NOVA VENEZA,GO,8553,25734.0,16712310.0,0.0015398230406209554,3.0087688530340233,False,baixa,False,baixa,
1200450,SENADOR GUIOMARD,AC,18638,56000.0,17416975.0,0.0032152540840186083,3.0046142289945275,False,baixa,True,média,Amazônia Legal
2408201,NÍSIA FLORESTA,RN,23401,70273.0,680417.0,0.10327931253922228,3.0029913251570446,False,baixa,False,baixa,
4109302,GUARANIAÇU,PR,11100,33276.0,33276.0,1.0,2.997837837837838,False,baixa,False,baixa,
5107909,SINOP,MT,127167,375334.0,1841016038.0,0.00020387329184146956,2.9515047142733573,False,baixa,True,média,Amazônia Legal
1100114,JARU,RO,41260,121174.0,230314226.0,0.0005261246867138811,2.936839554047504,False,baixa,True,média,Amazônia Legal
3556404,VARGEM GRANDE DO SUL,SP,30430,89226.0,844320.0,0.1056779420125071,2.9321721984883338,False,baixa,False,baixa,
3514601,DUMONT,SP,7337,21400.0,55902320.0,0.00038281058818310224,2.9167234564535915,False,baixa,False,baixa,
4217600,SIDERÓPOLIS,SC,11784,34306.0,5700045.0,0.00601854897636773,2.911235573659199,False,baixa,False,baixa,
4312658,NÃO-ME-TOQUE,RS,13469,38920.0,59856705.0,0.0006502195535153497,2.8895983369218206,False,baixa,False,baixa,
3521150,IPIGUÁ,SP,4916,14118.0,182451.0,0.0773796800236776,2.8718470301057772,False,baixa,False,baixa,
3169901,UBÁ,MG,71547,205074.0,1591375.0,0.12886591783834733,2.8662837016227094,False,baixa,False,baixa,
2301307,ARARIPE,CE,17494,49610.0,49610.0,1.0,2.835829427232194,False,baixa,False,baixa,
3121209,DELFINÓPOLIS,MG,6314,17729.0,17750.0,0.9988169014084507,2.807887234716503,False,baixa,False,baixa,
4317202,SANTA ROSA,RS,57973,162317.0,111067121.0,0.0014614315968449385,2.7998723543718627,False,baixa,False,baixa,
3519600,IBITINGA,SP,41272,114019.0,76603579.0,0.0014884291502881347,2.7626235704593913,False,baixa,False,baixa,
3127404,GONÇALVES,MG,4111,11356.0,62891.0,0.18056637674707032,2.762344928241304,False,baixa,False,baixa,
3556107,VALENTIM GENTIL,SP,10146,27734.0,388123.0,0.07145672892356289,2.733491030948157,False,baixa,False,baixa,
4100400,ALMIRANTE TAMANDARÉ,PR,77677,211892.0,15428235.0,0.01373404021911774,2.7278602417704083,False,baixa,False,baixa,
3304508,RIO DAS FLORES,RJ,8711,23555.0,23555.0,1.0,2.7040523476064746,False,baixa,False,baixa,
3114550,CARNEIRINHO,MG,7997,21317.0,85893630.0,0.0002481790558857508,2.665624609228461,False,baixa,False,baixa,
3509403,CAJURU,SP,18240,47970.0,8725088.0,0.00549793881735061,2.629934210526316,False,baixa,False,baixa,
3545308,SALTO DE PIRAPORA,SP,31402,82467.0,7553414.0,0.010917844566708511,2.626170307623718,False,baixa,False,baixa,
3168002,TAIOBEIRAS,MG,27594,72432.0,3066119.0,0.023623349256829237,2.6249184605348987,False,baixa,False,baixa,
2906006,CAMPO FORMOSO,BA,57975,150829.0,6135839.0,0.024581642380121123,2.6016213885295385,False,baixa,False,baixa,
3504206,AURIFLAMA,SP,11053,28620.0,51848.0,0.5519981484338836,2.589342260019904,False,baixa,False,baixa,
3103405,ARAÇUAÍ,MG,28297,71484.0,24201069.0,0.002953753819717633,2.526204191257024,False,baixa,False,baixa,
3123700,ENGENHEIRO CALDAS,MG,7790,19574.0,31724.0,0.6170092043878451,2.5127086007702184,False,baixa,False,baixa,
4219705,XAXIM,SC,22987,56477.0,2097874.0,0.02692106389611578,2.45691042763301,False,baixa,False,baixa,
3530300,MIRASSOL,SP,43661,107254.0,9499440.0,0.011290560285658944,2.4565172579647743,False,baixa,False,baixa,
2915304,ITAGIMIRIM,BA,6636,16281.0,18944.0,0.8594277871621622,2.4534358047016274,False,baixa,False,baixa,
2924603,PINDOBAÇU,BA,16173,39447.0,1442845.0,0.027339735037374076,2.4390651085141903,False,baixa,False,baixa,
3151107,PIRAPETINGA,MG,9414,22165.0,22165.0,1.0,2.3544720628850646,False,baixa,False,baixa,
5300108,BRASÍLIA,DF,2258320,5288222.0,80819756.0,0.06543229355951037,2.3416619433915478,False,baixa,False,baixa,
3133204,ITANHOMI,MG,9623,22500.0,22500.0,1.0,2.338148186636184,False,baixa,False,baixa,
4115754,MAUÁ DA SERRA,PR,7691,17842.0,5147759.0,0.00346597422295799,2.3198543752437915,False,baixa,False,baixa,
2600054,ABREU E LIMA,PE,79387,182304.0,2800949.0,0.06508651175012468,2.296396135387406,False,baixa,False,baixa,
2919207,LAURO DE FREITAS,BA,163871,369530.0,15065587.0,0.024528085098841485,2.255005461613098,False,baixa,False,baixa,
1505536,PARAUAPEBAS,PA,201342,452109.0,5277065001.0,8.567432842201596e-05,2.245477843668981,False,baixa,True,média,Amazônia Legal
4209409,LAGUNA,SC,36422,81526.0,2363529.0,0.034493336024224795,2.2383724122782933,False,baixa,False,baixa,
3522406,ITAPEVA,SP,68478,150351.0,24052704.0,0.006250898027930664,2.195610268991501,False,baixa,False,baixa,
5204953,CAMPOS VERDES,GO,4498,9753.0,12981.0,0.7513288652646175,2.168297020898177,False,baixa,False,baixa,
5200100,ABADIÂNIA,GO,12586,26889.0,94676.0,0.28401073133634713,2.1364214206260925,False,baixa,False,baixa,
3517505,GUAPIAÇU,SP,15943,33773.0,64197519.0,0.0005260795203004652,2.118359154487863,False,baixa,False,baixa,
4300877,ARARICÁ,RS,6414,13443.0,1051980.0,0.01277876005247248,2.0958840037418147,False,baixa,False,baixa,
3500303,AGUAÍ,SP,24235,50734.0,3661278.0,0.013856910073477075,2.093418609449144,False,baixa,False,baixa,
4219002,URUSSANGA,SC,17330,35963.0,8921847.0,0.004030891809734016,2.075187536064628,False,baixa,False,baixa,
4110656,IRACEMA DO OESTE,PR,2427,5000.0,281375.0,0.01776988005330964,2.0601565718994643,False,baixa,False,baixa,
4300570,ALTO FELIZ,RS,2870,5778.0,89562.0,0.06451396797749046,2.013240418118467,False,baixa,False,baixa,
3537701,PIACATU,SP,4487,8928.0,8928.0,1.0,1.9897481613550256,False,baixa,False,baixa,
4108304,FOZ DO IGUAÇU,PR,209121,400390.0,216034660.0,0.0018533600117684819,1.914633154967698,False,baixa,False,baixa,
3528809,MARACAÍ,SP,10406,19902.0,15694998.0,0.0012680473103596445,1.9125504516625025,False,baixa,False,baixa,
3109402,BURITIZEIRO,MG,20491,38723.0,38723.0,1.0,1.8897564784539553,False,baixa,False,baixa,
4217402,SCHROEDER,SC,14004,26033.0,4455554.0,0.005842819994999499,1.8589688660382748,False,baixa,False,baixa,
4317905,SANTO CRISTO,RS,12562,23012.0,888905.0,0.02588803077944212,1.8318739054290718,False,baixa,False,baixa,
3204708,SÃO GABRIEL DA PALHA,ES,26249,47676.0,12985465.0,0.003671489623205638,1.8162977637243323,False,baixa,False,baixa,
4128005,UBIRATÃ,PR,19130,34187.0,249242242.0,0.00013716374770854454,1.7870883429168845,False,baixa,False,baixa,
3136900,JURUAIA,MG,9242,16373.0,32434.0,0.5048097675279029,1.7715862367452933,False,baixa,False,baixa,
3301009,CAMPOS DOS GOYTACAZES,RJ,370466,649664.0,75758390.0,0.008575472630820164,1.7536400101493794,False,baixa,False,baixa,
4320404,SERAFINA CORRÊA,RS,12678,21683.0,6373226.0,0.0034022016479566233,1.7102855339958984,False,baixa,False,baixa,
2307700,MARANGUAPE,CE,83544,142384.0,3000695.0,0.04745034067107787,1.7042995307861726,False,baixa,False,baixa,
4322400,URUGUAIANA,RS,84488,143232.0,5571012.0,0.025710230026429668,1.6952940062494082,False,baixa,False,baixa,
2512408,PUXINANÃ,PB,12878,21708.0,925228.0,0.023462324962063404,1.685665476005591,False,baixa,False,baixa,
3551603,SERRA NEGRA,SP,22277,37345.0,237234.0,0.15741841388671102,1.676392692014185,False,baixa,False,baixa,
1505031,NOVO PROGRESSO,PA,24783,41333.0,2546658.0,0.01623029083606829,1.6677964733890167,False,baixa,True,média,Amazônia Legal
3165107,SÃO TOMÁS DE AQUINO,MG,5951,9895.0,2406363.0,0.0041120146877258335,1.6627457570156277,False,baixa,False,baixa,
3510005,CÂNDIDO MOTA,SP,22894,37630.0,154218818.0,0.00024400394509572755,1.6436620948720189,False,baixa,False,baixa,
3127107,FRUTAL,MG,42351,67404.0,82803614.0,0.0008140224410978004,1.591556279662818,False,baixa,False,baixa,
2914653,ITABELA,BA,22120,34921.0,43651.0,0.8000045817965225,1.5787070524412297,False,baixa,False,baixa,
4314001,PARAÍ,RS,5977,9384.0,3719974.0,0.002522598276224511,1.570018403881546,False,baixa,False,baixa,
2910057,DIAS D'ÁVILA,BA,53134,83129.0,5227840.0,0.015901213503091143,1.564516129032258,False,baixa,False,baixa,
1400100,BOA VISTA,RR,241509,376767.0,254737633.0,0.0014790394162137795,1.560053662596425,False,baixa,True,média,Amazônia Legal
3515103,EMBU-GUAÇU,SP,53717,83128.0,7085768.0,0.011731685259805289,1.5475175456559376,False,baixa,False,baixa,
2903276,BARROCAS,BA,14895,23043.0,216487347.0,0.00010644040087941029,1.5470292044310172,False,baixa,False,baixa,
2207900,PEDRO II,PI,35312,54448.0,66448.0,0.8194076571153384,1.5419120978704124,False,baixa,False,baixa,
4203907,CAPINZAL,SC,17174,25742.0,30414534.0,0.0008463716721748885,1.4988936764877139,False,baixa,False,baixa,
2607653,ITAMBÉ,PE,24464,36584.0,39224.0,0.9326942688150112,1.4954218443427076,False,baixa,False,baixa,
5200050,ABADIA DE GOIÁS,GO,15631,23099.0,632300.0,0.03653170963150403,1.4777685368818374,False,baixa,False,baixa,
3521804,ITAÍ,SP,16732,24480.0,71685648.0,0.0003414909494854535,1.4630647860387282,False,baixa,False,baixa,
4126603,SIQUEIRA CAMPOS,PR,16432,23961.0,3847490.0,0.006227696498236512,1.4581913339824732,False,baixa,False,baixa,
1200500,SENA MADUREIRA,AC,30864,44958.0,546036.0,0.08233523064413335,1.4566485225505443,False,baixa,True,média,Amazônia Legal
2923605,PARAMIRIM,BA,16913,24094.0,2827416.0,0.008521561736935775,1.4245846390350618,False,baixa,False,baixa,
3303401,NOVA FRIBURGO,RJ,155366,219553.0,1620760.0,0.1354629926701054,1.4131341477543349,False,baixa,False,baixa,
4104600,CAPITÃO LEÔNIDAS MARQUES,PR,11861,16757.0,1808638.0,0.00926498282132743,1.4127813843689403,False,baixa,False,baixa,
2913705,INHAMBUPE,BA,27722,38694.0,4379814.0,0.008834621744211055,1.3957867397734651,False,baixa,False,baixa,
4211603,NOVA VENEZA,SC,12429,17317.0,29962686.0,0.0005779521902675882,1.3932737951564889,False,baixa,False,baixa,
3508108,BURITAMA,SP,13143,18080.0,743441.0,0.02431934746671222,1.3756372213345507,False,baixa,False,baixa,
4204004,CATANDUVAS,SC,8118,11022.0,758249.0,0.014536122039066323,1.3577235772357723,False,baixa,False,baixa,
4116000,MIRASELVA,PR,1851,2500.0,2500.0,1.0,1.3506212857914641,False,baixa,False,baixa,
3511409,CERQUEIRA CÉSAR,SP,14958,20062.0,1427951.0,0.014049501698587697,1.3412220885145072,False,baixa,False,baixa,
3108404,BOTELHOS,MG,12776,17083.0,27835.0,0.6137237291180169,1.337116468378209,False,baixa,False,baixa,
4214508,RIO DO CAMPO,SC,5436,7119.0,545790.0,0.013043478260869565,1.3096026490066226,False,baixa,False,baixa,
3154200,RESENDE COSTA,MG,9645,12550.0,3169078.0,0.0039601423505511695,1.3011923276308968,False,baixa,False,baixa,
4218707,TUBARÃO,SC,82210,106190.0,14782839.0,0.007183329264426136,1.2916920082714998,False,baixa,False,baixa,
1501808,BREVES,PA,77288,98442.0,117538.0,0.8375333934557334,1.273703550357106,False,baixa,True,média,Amazônia Legal
3523602,ITIRAPINA,SP,10400,13163.0,142379718.0,9.244996538060287e-05,1.2656730769230768,False,baixa,False,baixa,
3139904,MARIA DA FÉ,MG,12214,15092.0,81080.0,0.18613714849531326,1.2356312428360898,False,baixa,False,baixa,
3306107,VALENÇA,RJ,56821,70050.0,768245.0,0.09118184954018575,1.2328188521849317,False,baixa,False,baixa,
3203809,MUQUI,ES,11078,13379.0,1104588.0,0.012112208352797605,1.2077089727387615,False,baixa,False,baixa,
4211702,ORLEANS,SC,19333,23342.0,18108963.0,0.0012889749678101391,1.2073656442352454,False,baixa,False,baixa,
4112108,JANDAIA DO SUL,PR,16534,19714.0,33574911.0,0.0005871646242040672,1.1923309543970002,False,baixa,False,baixa,
4313201,NOVA PETRÓPOLIS,RS,18127,21522.0,1182480.0,0.01820073066774914,1.1872896783803166,False,baixa,False,baixa,
3503604,AREIÓPOLIS,SP,8193,9602.0,1884313.0,0.005095756384422333,1.171976077139021,False,baixa,False,baixa,
4310751,IVORÁ,RS,1809,2106.0,2106.0,1.0,1.164179104477612,False,baixa,False,baixa,
4323408,VILA MARIA,RS,3675,4231.0,3380963.0,0.001251418604699312,1.1512925170068027,False,baixa,False,baixa,
3539400,PIRATININGA,SP,10141,11667.0,89988.0,0.1296506200826777,1.1504782565821912,False,baixa,False,baixa,
5221403,TRINDADE,GO,95914,109849.0,22728431.0,0.004833109685397993,1.1452864024021518,False,baixa,False,baixa,
3504008,ASSIS,SP,69743,79133.0,1667707.0,0.04745018159664737,1.1346371678878167,False,baixa,False,baixa,
4101101,ANDIRÁ,PR,16359,18558.0,18559715.0,0.0009999075955638328,1.134421419402164,False,baixa,False,baixa,
4101408,APUCARANA,PR,94187,106300.0,25398263.0,0.004185325587029318,1.128605858557975,False,baixa,False,baixa,
3547502,SANTA RITA DO PASSA QUATRO,SP,19993,22528.0,973525.0,0.023140648673634474,1.1267943780323113,False,baixa,False,baixa,
3519402,IBIRÁ,SP,9094,10143.0,13334.0,0.7606869656517175,1.1153507807345502,False,baixa,False,baixa,
4211207,MORRO DA FUMAÇA,SC,14207,15814.0,18742013.0,0.0008437727580276462,1.1131132540297037,False,baixa,False,baixa,
3302502,MAGÉ,RJ,192902,211051.0,859566.0,0.24553204756819139,1.0940840426745186,False,baixa,False,baixa,
4113205,LAPA,PR,36461,39716.0,40178700.0,0.0009884839479624777,1.0892734702833164,False,baixa,False,baixa,
4310306,ILÓPOLIS,RS,3634,3930.0,108455.0,0.0362362270065926,1.081452944413869,False,baixa,False,baixa,
5221601,URUAÇU,GO,30439,32659.0,350467.0,0.0931870903679947,1.0729327507473965,False,baixa,False,baixa,
3165206,SÃO THOMÉ DAS LETRAS,MG,5182,5170.0,503960.0,0.010258750694499564,0.9976842917792358,False,baixa,False,baixa,
5107958,TANGARÁ DA SERRA,MT,70136,69638.0,740730887.0,9.401255060665507e-05,0.9928995095243527,False,baixa,True,média,Amazônia Legal
4205704,GAROPABA,SC,24086,23368.0,242318.0,0.0964352627539019,0.9701901519554929,False,baixa,False,baixa,
3131802,ITABIRINHA,MG,8908,8532.0,8532.0,1.0,0.9577907498877414,False,baixa,False,baixa,
4215679,SANTA TEREZINHA,SC,6527,6236.0,55689.0,0.1119790263786385,0.9554159644553394,False,baixa,False,baixa,
4114104,MANDAGUAÇU,PR,19903,18967.0,310758.0,0.06103463144955239,0.952971913781842,False,baixa,False,baixa,
5212501,LUZIÂNIA,GO,136763,129853.0,131832073.0,0.0009849879247518167,0.9494746386083955,False,baixa,False,baixa,
2204402,GILBUÉS,PI,8660,8188.0,8188.0,1.0,0.9454965357967667,False,baixa,False,baixa,
3534005,ONDA VERDE,SP,4387,3967.0,5343.0,0.7424667789631293,0.9042625940278094,False,baixa,False,baixa,
4203204,CAMBORIÚ,SC,62278,56126.0,3261014.0,0.01721121099142782,0.9012171232216835,False,baixa,False,baixa,
3156908,SACRAMENTO,MG,20911,18380.0,383518.0,0.047924738864929414,0.878963225096839,False,baixa,False,baixa,
3510104,CÂNDIDO RODRIGUES,SP,2853,2496.0,438035.0,0.005698174803383292,0.8748685594111462,False,baixa,False,baixa,
4307864,FAGUNDES VARELA,RS,2439,2110.0,218654.0,0.009649949234864215,0.8651086510865109,False,baixa,False,baixa,
4207304,IMBITUBA,SC,42184,35733.0,135251500.0,0.00026419670022143933,0.8470747202730893,False,baixa,False,baixa,
4111803,JACAREZINHO,PR,29711,25086.0,113412090.0,0.00022119334896306028,0.8443337484433375,False,baixa,False,baixa,
2305233,HORIZONTE,CE,62776,52858.0,10344166.0,0.005109933463944797,0.8420096852300242,False,baixa,False,baixa,
4300505,ALPESTRE,RS,6272,5274.0,127639.0,0.04131965935176553,0.8408801020408163,False,baixa,False,baixa,
3143401,MONTE SIÃO,MG,18682,15661.0,45951.0,0.3408195686709756,0.8382935445883738,False,baixa,False,baixa,
3130606,INCONFIDENTES,MG,6559,5426.0,14347.0,0.37819753258520944,0.8272602530873608,False,baixa,False,baixa,
4310207,IJUÍ,RS,63737,50595.0,99075203.0,0.00051067268567696,0.7938089335864569,False,baixa,False,baixa,
1101401,MONTE NEGRO,RO,10191,7902.0,7902.0,1.0,0.7753900500441566,False,baixa,True,média,Amazônia Legal
3532009,MORUNGABA,SP,10613,8221.0,1038764.0,0.007914213430577108,0.7746160369358334,False,baixa,False,baixa,
3540804,POTIRENDABA,SP,13860,10725.0,114038922.0,9.404683779806336e-05,0.7738095238095238,False,baixa,False,baixa,
4308003,FAXINAL DO SOTURNO,RS,5638,4361.0,144174.0,0.030248172347302565,0.7735012415750266,False,baixa,False,baixa,
3105103,BAMBUÍ,MG,19001,14688.0,839635.0,0.01749331554782733,0.7730119467396452,False,baixa,False,baixa,
2605202,ESCADA,PE,48189,37151.0,77007.0,0.482436661602192,0.7709435763348482,False,baixa,False,baixa,
4320008,SAPUCAIA DO SUL,RS,102445,77543.0,40110898.0,0.001933215257359733,0.756923227097467,False,baixa,False,baixa,
2104057,ESTREITO,MA,24146,17732.0,17732.0,1.0,0.7343659405284519,False,baixa,True,média,Amazônia Legal
4204350,CORDILHEIRA ALTA,SC,4131,2953.0,2502415.0,0.0011800600619801271,0.7148390220285645,False,baixa,False,baixa,
3516408,FRANCO DA ROCHA,SP,107865,75351.0,18907065.0,0.003985335640407435,0.6985676540119594,False,baixa,False,baixa,
3305802,TERESÓPOLIS,RJ,133712,93068.0,1528604.0,0.060884310128718755,0.6960332655259064,False,baixa,False,baixa,
1717909,PONTE ALTA DO TOCANTINS,TO,5628,3907.0,70373.0,0.055518451678910945,0.6942075337597725,False,baixa,True,média,Amazônia Legal
3506409,BILAC,SP,6346,4358.0,39466.0,0.11042416257031369,0.6867317995587772,False,baixa,False,baixa,
2603603,CAMUTANGA,PE,7337,5000.0,58061083.0,8.611620282728794e-05,0.6814774430966335,False,baixa,False,baixa,
3148608,PEÇANHA,MG,11993,8065.0,8065.0,1.0,0.6724756107729509,False,baixa,False,baixa,
5107180,RIBEIRÃO CASCALHEIRA,MT,7618,5000.0,20209152.0,0.00024741265739403615,0.6563402467839328,False,baixa,True,média,Amazônia Legal
4316451,SALTO DO JACUÍ,RS,7867,5131.0,1327653.0,0.0038647146505901768,0.6522181263505784,False,baixa,False,baixa,
3201803,DIVINO DE SÃO LOURENÇO,ES,4889,3072.0,3072.0,1.0,0.6283493556964614,False,baixa,False,baixa,
3110905,CAMPANHA,MG,12729,7981.0,466394.0,0.017112141236808365,0.6269934794563595,False,baixa,False,baixa,
5003702,DOURADOS,MS,166869,104599.0,906521810.0,0.00011538497898908798,0.6268330247080045,False,baixa,False,baixa,
4105201,CERRO AZUL,PR,13491,8323.0,167472.0,0.04969785994076622,0.616929805055222,False,baixa,False,baixa,
4119954,PONTAL DO PARANÁ,PR,24938,15355.0,15355.0,1.0,0.615727002967359,False,baixa,False,baixa,
4219507,XANXERÊ,SC,34911,21187.0,9457061.0,0.002240336611977019,0.6068860817507375,False,baixa,False,baixa,
4205191,ERMO,SC,2711,1628.0,1628.0,1.0,0.600516414607156,False,baixa,False,baixa,
3139805,MAR DE ESPANHA,MG,10443,5914.0,55177.0,0.1071823404679486,0.5663123623479843,False,baixa,False,baixa,
3500709,AGUDOS,SP,28853,16305.0,19606673.0,0.0008316046276693654,0.5651058815374485,False,baixa,False,baixa,
3529203,MARTINÓPOLIS,SP,18046,10046.0,6155881.0,0.0016319353801673554,0.5566884628172448,False,baixa,False,baixa,
4313508,OSÓRIO,RS,37247,20611.0,696836.0,0.029577978175639605,0.553360002147824,False,baixa,False,baixa,
5002407,CAARAPÓ,MS,22152,12238.0,76794355.0,0.00015936067175770927,0.5524557602022391,False,baixa,False,baixa,
3535804,PARANAPANEMA,SP,13591,7500.0,3817653.0,0.0019645578055417817,0.5518357736737547,False,baixa,False,baixa,
4213005,PINHEIRO PRETO,SC,3010,1635.0,8686888.0,0.00018821469782964856,0.5431893687707641,False,baixa,False,baixa,
4128104,UMUARAMA,PR,82990,42933.0,71613868.0,0.0005995067882662056,0.5173273888420291,False,baixa,False,baixa,
1101807,VALE DO PARAÍSO,RO,5538,2849.0,2849.0,1.0,0.5144456482484652,False,baixa,True,média,Amazônia Legal
3146503,PAINS,MG,6914,3393.0,123699.0,0.0274294860912376,0.4907434191495516,False,baixa,False,baixa,
2927200,RUY BARBOSA,BA,23977,11647.0,9021700.0,0.0012909983705953424,0.4857571839679693,False,baixa,False,baixa,
5107875,SAPEZAL,MT,20539,9892.0,1103303711.0,8.965799626500124e-06,0.4816203320512196,True,baixa,True,média,Amazônia Legal
5218508,QUIRINÓPOLIS,GO,35296,16846.0,107622480.0,0.0001565286360247413,0.47727787851314596,False,baixa,False,baixa,
5205497,CIDADE OCIDENTAL,GO,49714,23400.0,3453342.0,0.0067760447705440124,0.47069236030092126,False,baixa,False,baixa,
3513603,CUNHA,SP,18135,8404.0,40960.0,0.20517578125,0.46341328921974084,False,baixa,False,baixa,
3162005,SÃO GONÇALO DO SAPUCAÍ,MG,19134,8672.0,14196261.0,0.0006108650721482227,0.45322462631964044,False,baixa,False,baixa,
2603454,CAMARAGIBE,PE,127152,54551.0,525110.0,0.10388490030660243,0.4290219579715616,False,baixa,False,baixa,
1100189,PIMENTA BUENO,RO,27485,11648.0,125809896.0,9.258413185557359e-05,0.4237947971620884,False,baixa,True,média,Amazônia Legal
3134004,ITINGA,MG,11490,4836.0,118905404.0,4.0670985819954825e-05,0.42088772845953004,False,baixa,False,baixa,
2918001,JEQUIÉ,BA,119040,49968.0,7326881.0,0.006819818692292123,0.419758064516129,False,baixa,False,baixa,
3304904,SÃO GONÇALO,RJ,653184,270116.0,32593909.0,0.008287315277219433,0.4135373799725652,False,baixa,False,baixa,
4306767,ELDORADO DO SUL,RS,26775,11002.0,3483688.0,0.0031581473427011834,0.41090569561157797,False,baixa,False,baixa,
4319604,SÃO SEPÉ,RS,17079,6850.0,6850.0,1.0,0.40107734644885534,False,baixa,False,baixa,
3541000,PRAIA GRANDE,SP,265311,106090.0,297473.0,0.3566374091093982,0.3998703408452722,False,baixa,False,baixa,
3531506,MONTE AZUL PAULISTA,SP,14242,5571.0,164456.0,0.03387532227465097,0.391166970931049,False,baixa,False,baixa,
4212502,PENHA,SC,26267,10213.0,950561.0,0.010744181593816704,0.3888148627555488,False,baixa,False,baixa,
4204707,CUNHA PORÃ,SC,8864,3373.0,13356323.0,0.000252539564968592,0.3805279783393502,False,baixa,False,baixa,
3523206,ITARARÉ,SP,33780,12745.0,4148734.0,0.0030720214889650675,0.37729425695677915,False,baixa,False,baixa,
2609600,OLINDA,PE,301943,113460.0,742879.0,0.15273012159449925,0.3757662870144365,False,baixa,False,baixa,
3509304,CAJOBI,SP,7437,2769.0,2769.0,1.0,0.37232755143202906,False,baixa,False,baixa,
2610707,PAULISTA,PE,237186,84647.0,8125634.0,0.010417279439364362,0.3568802543151788,False,baixa,False,baixa,
2108207,PEDREIRAS,MA,28040,10000.0,10000.0,1.0,0.3566333808844508,False,baixa,True,média,Amazônia Legal
3103900,ARAÚJOS,MG,6636,2352.0,97516.0,0.024119118913819272,0.35443037974683544,False,baixa,False,baixa,
3511201,CATIGUÁ,SP,5688,1980.0,5955.0,0.33249370277078083,0.34810126582278483,False,baixa,False,baixa,
2205565,LAGOA DO BARRO DO PIAUÍ,PI,4646,1614.0,21940.0,0.07356426618049225,0.34739560912613,False,baixa,False,baixa,
2915502,ITAJUÍPE,BA,16067,5425.0,1206277.0,0.0044973086612776336,0.33764859650214724,False,baixa,False,baixa,
3115508,CAXAMBU,MG,17661,5904.0,345222.0,0.017102038688148496,0.33429590623407507,False,baixa,False,baixa,
5101258,ARAPUTANGA,MT,11533,3841.0,195730645.0,1.9623907130127733e-05,0.3330443076389491,False,baixa,True,média,Amazônia Legal
4114609,MARECHAL CÂNDIDO RONDON,PR,40475,13467.0,149363117.0,9.016282112002256e-05,0.3327239036442248,False,baixa,False,baixa,
4321808,TRÊS DE MAIO,RS,18415,6070.0,105306.0,0.05764153989326344,0.32962259027966334,False,baixa,False,baixa,
3508603,CACHOEIRA PAULISTA,SP,23891,7757.0,56788.0,0.1365957596675354,0.3246829349964422,False,baixa,False,baixa,
4104907,CASTRO,PR,55971,18016.0,39612533.0,0.00045480555358578054,0.3218809740758607,False,baixa,False,baixa,
3539004,PIRANGI,SP,7897,2486.0,2486.0,1.0,0.31480308978092947,False,baixa,False,baixa,
3147907,PASSOS,MG,81108,25020.0,5308071.0,0.004713576740024766,0.3084775854416334,False,baixa,False,baixa,
3129905,IBITIÚRA DE MINAS,MG,3709,1133.0,1133.0,1.0,0.30547317336209223,False,baixa,False,baixa,
3143005,MONTE BELO,MG,10838,3306.0,31682945.0,0.00010434636047880019,0.30503782985790734,False,baixa,False,baixa,
4309555,HARMONIA,RS,4102,1245.0,5598114.0,0.00022239632847776948,0.30351048269137004,False,baixa,False,baixa,
4105409,CHOPINZINHO,PR,16864,5088.0,327817.0,0.015520854623158652,0.301707779886148,False,baixa,False,baixa,
4321501,TORRES,RS,33260,10000.0,190536.0,0.052483520174665156,0.30066145520144316,False,baixa,False,baixa,
3505609,BARRINHA,SP,23638,7090.0,3126898.0,0.002267422858052933,0.2999407733310771,False,baixa,False,baixa,
5221197,TEREZÓPOLIS DE GOIÁS,GO,6829,2026.0,2026.0,1.0,0.296675940840533,False,baixa,False,baixa,
4300604,ALVORADA,RS,135997,39958.0,4598888.0,0.008688622119086178,0.29381530474936945,False,baixa,False,baixa,
3300100,ANGRA DOS REIS,RJ,137071,39500.0,876682707.0,4.505620982894556e-05,0.2881718233616155,False,baixa,False,baixa,
3551801,SETE BARRAS,SP,10260,2954.0,2954.0,1.0,0.2879142300194932,False,baixa,False,baixa,
1506609,SANTA MARIA DO PARÁ,PA,22313,6371.0,6371.0,1.0,0.28552861560525256,False,baixa,True,média,Amazônia Legal
5103403,CUIABÁ,MT,456517,128999.0,595913593.0,0.0002164726589816185,0.2825721714634942,False,baixa,True,média,Amazônia Legal
4202453,BOMBINHAS,SC,19110,5376.0,361503.0,0.014871245881776915,0.2813186813186813,False,baixa,False,baixa,
3149705,PERDIGÃO,MG,8537,2366.0,3403707.0,0.0006951244628283222,0.27714653859669675,False,baixa,False,baixa,
4206504,GUARAMIRIM,SC,33628,9282.0,11438503.0,0.0008114698225808045,0.2760199833472107,False,baixa,False,baixa,
5210406,ITABERAÍ,GO,33230,8431.0,135223770.0,6.23485057397823e-05,0.2537165212157689,False,baixa,False,baixa,
3535309,PALMITAL,SP,16108,4055.0,1946272.0,0.0020834703474129,0.2517382666997765,False,baixa,False,baixa,
3104205,ARCOS,MG,33540,8407.0,4555552.0,0.0018454404647340213,0.25065593321407276,False,baixa,False,baixa,
3303500,NOVA IGUAÇU,RJ,614931,151881.0,13631553.0,0.01114187062912054,0.24698868653556252,False,baixa,False,baixa,
3546306,SANTA CRUZ DAS PALMEIRAS,SP,21443,5093.0,52012703.0,9.791838736010316e-05,0.2375134076388565,False,baixa,False,baixa,
3171808,VIRGINÓPOLIS,MG,8530,1983.0,1983.0,1.0,0.2324736225087925,False,baixa,False,baixa,
3152105,PONTE NOVA,MG,44494,10071.0,26646129.0,0.00037795358567843006,0.22634512518541827,False,baixa,False,baixa,
3157658,SANTA HELENA DE MINAS,MG,5344,1180.0,1180.0,1.0,0.22080838323353294,False,baixa,False,baixa,
4215703,SANTO AMARO DA IMPERATRIZ,SC,20294,4433.0,200821.0,0.022074384651007615,0.21843894747215925,False,baixa,False,baixa,
3554409,TERRA ROXA,SP,6363,1386.0,89447.0,0.015495209453642939,0.21782178217821782,False,baixa,False,baixa,
3529500,MENDONÇA,SP,5260,1128.0,94731159.0,1.1907380970605458e-05,0.21444866920152092,False,baixa,False,baixa,
4209904,LONTRAS,SC,9347,1980.0,7888531.0,0.0002509973022860657,0.21183267358510752,False,baixa,False,baixa,
3500105,ADAMANTINA,SP,25494,5259.0,35410583.0,0.0001485149227845246,0.2062838314897623,False,baixa,False,baixa,
1500503,ALMEIRIM,PA,23890,4917.0,12325750.0,0.00039892095815670446,0.2058183340309753,False,baixa,True,média,Amazônia Legal
4304903,CASCA,RS,7527,1545.0,1880782.0,0.0008214668153991266,0.20526106018333998,False,baixa,False,baixa,
5200134,ACREÚNA,GO,15970,3200.0,5509347.0,0.0005808310857892959,0.20037570444583594,False,baixa,False,baixa,
3162575,SÃO JOÃO DO MANTENINHA,MG,5242,1039.0,1039.0,1.0,0.19820679130103014,False,baixa,False,baixa,
4308508,FREDERICO WESTPHALEN,RS,25048,4859.0,53247851.0,9.125250895101851e-05,0.1939875439156819,False,baixa,False,baixa,
3545159,SALTINHO,SP,7141,1378.0,29161048.0,4.725481745374858e-05,0.19297017224478363,False,baixa,False,baixa,
1303106,NOVA OLINDA DO NORTE,AM,19945,3816.0,29832.0,0.12791633145615447,0.19132614690398597,False,baixa,True,média,Amazônia Legal
4200200,AGROLÂNDIA,SC,8211,1436.0,11666229.0,0.00012309033193159505,0.17488734624284497,False,baixa,False,baixa,
4302303,BOM JESUS,RS,8592,1500.0,17907.0,0.08376612497905847,0.17458100558659218,False,baixa,False,baixa,
3550100,SÃO MANUEL,SP,29305,4942.0,140499.0,0.03517462757742048,0.1686401637945743,False,baixa,False,baixa,
3107505,BOM JARDIM DE MINAS,MG,6321,1049.0,35849.0,0.029261625149934446,0.16595475399462112,False,baixa,False,baixa,
3301850,GUAPIMIRIM,RJ,44941,7341.0,13400.0,0.5478358208955224,0.16334750005562848,False,baixa,False,baixa,
3130903,INHAPIM,MG,19666,3000.0,3000.0,1.0,0.15254754398454184,False,baixa,False,baixa,
1100064,COLORADO DO OESTE,RO,13478,2015.0,11241.0,0.17925451472288942,0.14950289360439234,False,baixa,True,média,Amazônia Legal
4100301,AGUDOS DO SUL,PR,8981,1338.0,13543.0,0.09879642619803589,0.14898118249638126,False,baixa,False,baixa,
2914109,IPUPIARA,BA,8953,1310.0,274858.0,0.004766097403022652,0.14631966938456384,False,baixa,False,baixa,
4208708,JACINTO MACHADO,SC,9165,1317.0,709704.0,0.0018557032227520206,0.1436988543371522,False,baixa,False,baixa,
3143203,MONTE SANTO DE MINAS,MG,17062,2378.0,4235430.0,0.0005614542088996867,0.1393740475911382,False,baixa,False,baixa,
1302504,MANACAPURU,AM,81115,10987.0,2270066.0,0.004839947384789693,0.13544967022129076,False,baixa,True,média,Amazônia Legal
5219738,SANTO ANTÔNIO DE GOIÁS,GO,7976,1075.0,1075.0,1.0,0.13477933801404213,False,baixa,False,baixa,
3123205,DORES DO INDAIÁ,MG,10109,1328.0,64546.0,0.02057447401852942,0.13136808784251658,False,baixa,False,baixa,
4218806,TURVO,SC,10409,1310.0,1823878.0,0.000718249795216566,0.12585262753386492,False,baixa,False,baixa,
4316907,SANTA MARIA,RS,207115,25513.0,301910621.0,8.450514233482366e-05,0.1231827728556599,False,baixa,False,baixa,
2707701,RIO LARGO,AL,68061,8267.0,4925141.0,0.001678530624808508,0.1214645685488018,False,baixa,False,baixa,
3537305,PENÁPOLIS,SP,43746,5312.0,30651276.0,0.00017330436749191127,0.12142824486810222,False,baixa,False,baixa,
2607703,ITAPETIM,PE,11940,1434.0,1434.0,1.0,0.12010050251256281,False,baixa,False,baixa,
1508084,TUCUMÃ,PA,28014,3310.0,155105778.0,2.1340275279751345e-05,0.1181552081102306,False,baixa,True,média,Amazônia Legal
3556354,VARGEM,SP,6582,769.0,33363.0,0.023049485957497826,0.11683378912184746,False,baixa,False,baixa,
2703601,JAPARATINGA,AL,9190,1067.0,132134.0,0.008075135846943254,0.1161044613710555,False,baixa,False,baixa,
3555109,TUPI PAULISTA,SP,10833,1231.0,1231.0,1.0,0.11363426566971291,False,baixa,False,baixa,
5212808,MARA ROSA,GO,9165,1022.0,149378119.0,6.841698147236678e-06,0.11151118385160938,False,baixa,False,baixa,
4202073,BALNEÁRIO GAIVOTA,SC,12988,1402.0,156289.0,0.008970560947987382,0.10794579611949492,False,baixa,False,baixa,
4321105,TAPES,RS,11792,1272.0,119652.0,0.010630829405275299,0.1078697421981004,False,baixa,False,baixa,
2929701,SÁTIRO DIAS,BA,14469,1500.0,11270876.0,0.00013308637234585847,0.1036699149906697,False,baixa,False,baixa,
1100015,ALTA FLORESTA D'OESTE,RO,18187,1852.0,201272.0,0.009201478596128621,0.1018309781712212,False,baixa,True,média,Amazônia Legal
5210208,IPORÁ,GO,26609,2708.0,2708.0,1.0,0.10177007779322786,False,baixa,False,baixa,
2601706,BELO JARDIM,PE,60920,6066.0,69841170.0,8.685421507113928e-05,0.09957321076822062,False,baixa,False,baixa,
2309607,PACAJUS,CE,54458,5317.0,11269584.0,0.00047180091119601223,0.09763487458224687,False,baixa,False,baixa,
3537602,PERUÍBE,SP,59840,5773.0,87670.0,0.06584920725447702,0.09647393048128343,False,baixa,False,baixa,
3305208,SÃO PEDRO DA ALDEIA,RJ,74913,7118.0,659446.0,0.01079390882649982,0.09501688625472214,False,baixa,False,baixa,
4202107,BARRA VELHA,SC,29651,2703.0,281638.0,0.009597426483642122,0.09116050048902229,False,baixa,False,baixa,
4207106,ILHOTA,SC,12431,1109.0,514266.0,0.002156471553631778,0.08921245273911994,False,baixa,False,baixa,
2305506,IGUATU,CE,71278,6227.0,1544958.0,0.004030530279787541,0.08736215943208284,False,baixa,False,baixa,
3544251,ROSANA,SP,14263,1243.0,1243.0,1.0,0.08714856622029026,False,baixa,False,baixa,
3305505,SAQUAREMA,RJ,92059,7992.0,17283.0,0.46241971879881966,0.08681389109158257,False,baixa,False,baixa,
1600303,MACAPÁ,AP,321597,27884.0,2543735.0,0.010961833681574535,0.0867047889128319,False,baixa,True,média,Amazônia Legal
5006309,PARANAÍBA,MS,31506,2649.0,60909181.0,4.349098044841549e-05,0.08407922300514188,False,baixa,False,baixa,
2506905,ITABAIANA,PB,19586,1624.0,158571.0,0.010241469121087714,0.08291636883488206,False,baixa,False,baixa,
3202306,GUAÇUÍ,ES,22346,1739.0,3035.0,0.5729818780889621,0.07782153405531192,False,baixa,False,baixa,
5213087,MINAÇU,GO,22408,1730.0,97152793.0,1.7807002213513306e-05,0.07720456979650125,False,baixa,False,baixa,
2928802,SANTO ESTEVÃO,BA,39754,2899.0,23328325.0,0.00012426953070998454,0.07292347939829955,False,baixa,False,baixa,
3203320,MARATAÍZES,ES,33342,2320.0,31362.0,0.07397487405139978,0.06958190870373702,False,baixa,False,baixa,
1721000,PALMAS,TO,219783,14458.0,338482515.0,4.2714170922536424e-05,0.06578306784419177,False,baixa,True,média,Amazônia Legal
2507507,JOÃO PESSOA,PB,591750,38123.0,5335808.0,0.007144747337235522,0.0644241656104774,False,baixa,False,baixa,
3119708,CORONEL XAVIER CHAVES,MG,3179,200.0,202.0,0.9900990099009901,0.06291286568103177,False,baixa,False,baixa,
3300209,ARARUAMA,RJ,111370,6753.0,15665.0,0.4310884136610278,0.06063571877525366,False,baixa,False,baixa,
3119401,CORONEL FABRICIANO,MG,79951,4818.0,4818.0,1.0,0.060261910420132334,False,baixa,False,baixa,
4102109,ASTORGA,PR,19627,1119.0,5825.0,0.19210300429184549,0.05701329800784633,False,baixa,False,baixa,
3522109,ITANHAÉM,SP,85052,4844.0,159162.0,0.030434400170895062,0.05695339321826647,False,baixa,False,baixa,
2311306,QUIXADÁ,CE,61599,3441.0,552951.0,0.006222974549281944,0.05586129644961769,False,baixa,False,baixa,
5200308,ALEXÂNIA,GO,21974,1199.0,1199.0,1.0,0.054564485300810046,False,baixa,False,baixa,
5106752,PONTES E LACERDA,MT,34620,1816.0,499589398.0,3.634985064274723e-06,0.05245522819179665,False,baixa,True,média,Amazônia Legal
4306379,DILERMANDO DE AGUIAR,RS,3281,166.0,17370.0,0.00955670696603339,0.05059433099664736,False,baixa,False,baixa,
1507003,SANTO ANTÔNIO DO TAUÁ,PA,26159,1264.0,2233474.0,0.0005659345038267738,0.04831988990404832,False,baixa,True,média,Amazônia Legal
3300233,ARMAÇÃO DOS BÚZIOS,RJ,36236,1596.0,29791.0,0.053573226813467156,0.04404459653383375,False,baixa,False,baixa,
2403251,PARNAMIRIM,RN,147649,6160.0,9552672.0,0.0006448457562449543,0.0417205670204336,False,baixa,False,baixa,
4318408,SÃO JERÔNIMO,RS,15910,659.0,413588.0,0.0015933731152741376,0.04142049025769956,False,baixa,False,baixa,
1508209,VIGIA,PA,39656,1547.0,1076865.0,0.0014365774725708421,0.03901049021585636,False,baixa,True,média,Amazônia Legal
2914802,ITABUNA,BA,141524,5400.0,106370366.0,5.076601879888239e-05,0.03815607246827393,False,baixa,False,baixa,
3510203,CAPÃO BONITO,SP,34293,1261.0,101226.0,0.012457273822930867,0.0367713527542064,False,baixa,False,baixa,
2932903,VALENÇA,BA,66657,2291.0,3501471.0,0.0006542964371259965,0.03436998364762891,False,baixa,False,baixa,
5007901,SIDROLÂNDIA,MS,35153,1198.0,182329352.0,6.570527382777074e-06,0.03407959491366313,False,baixa,False,baixa,
3101706,ALMENARA,MG,31120,1025.0,1025.0,1.0,0.03293701799485861,False,baixa,False,baixa,
4306106,CRUZ ALTA,RS,45724,1492.0,665920486.0,2.2405077353334343e-06,0.032630566004724,False,baixa,False,baixa,
2903201,BARREIRAS,BA,109227,3500.0,541538952.0,6.463062328340141e-06,0.03204335924267809,False,baixa,False,baixa,
5211800,JARAGUÁ,GO,33457,1062.0,57484.0,0.01847470600514926,0.0317422363033147,False,baixa,False,baixa,
5210000,INHUMAS,GO,40854,1296.0,142663384.0,9.084321173819907e-06,0.03172271992950507,False,baixa,False,baixa,
5215231,NOVO GAMA,GO,58615,1838.0,1838.0,1.0,0.031357161136227926,False,baixa,False,baixa,
2501807,BAYEUX,PB,74369,2273.0,123764.0,0.01836559904334055,0.03056381018972959,False,baixa,False,baixa,
2803500,LAGARTO,SE,82331,2500.0,213572.0,0.01170565429925271,0.030365233022798217,False,baixa,False,baixa,
4200804,ANCHIETA,SC,4991,150.0,6286513.0,2.3860604440013088e-05,0.030054097375275497,False,baixa,False,baixa,
3145208,NOVA SERRANA,MG,67377,2000.0,17985471.0,0.00011120086874566699,0.02968371996378586,False,baixa,False,baixa,
1702406,ARRAIAS,TO,8201,225.0,235.0,0.9574468085106383,0.02743567857578344,False,baixa,True,média,Amazônia Legal
5210562,ITAGUARI,GO,5166,138.0,138.0,1.0,0.026713124274099883,False,baixa,False,baixa,
2908903,CORAÇÃO DE MARIA,BA,22538,600.0,600.0,1.0,0.026621705563936462,False,baixa,False,baixa,
3118007,CONGONHAS,MG,43886,1099.0,292831633.0,3.75300983961661e-06,0.025042154673472178,False,baixa,False,baixa,
2700300,ARAPIRACA,AL,158990,3931.0,310679.0,0.012652931160458222,0.0247248254607208,False,baixa,False,baixa,
4111902,JAGUAPITÃ,PR,11056,272.0,123564586.0,2.2012779616321458e-06,0.024602026049204053,False,baixa,False,baixa,
2402006,CAICÓ,RN,45036,1073.0,14115.0,0.07601842012043925,0.023825384137134736,False,baixa,False,baixa,
1304005,SILVES,AM,9656,210.0,472.0,0.4449152542372881,0.021748135874067938,False,baixa,True,média,Amazônia Legal
3305109,SÃO JOÃO DE MERITI,RJ,340128,7312.0,1254877.0,0.005826865900004542,0.021497789067645122,False,baixa,False,baixa,
2211001,TERESINA,PI,592974,12471.0,54940.0,0.22699308336366947,0.021031276244826924,False,baixa,False,baixa,
3138401,LEOPOLDINA,MG,40162,812.0,812.0,1.0,0.020218116627657986,False,baixa,False,baixa,
4101606,ARAPOTI,PR,19003,363.0,9024031.0,4.022592564232104e-05,0.019102247013629427,False,baixa,False,baixa,
3136652,JUATUBA,MG,25040,471.0,13245242.0,3.5559939184199124e-05,0.018809904153354633,False,baixa,False,baixa,
3147006,PARACATU,MG,68278,1267.0,2030580398.0,6.239595345488015e-07,0.018556489645273733,False,baixa,False,baixa,
1200203,CRUZEIRO DO SUL,AC,63851,971.0,971.0,1.0,0.015207279447463626,False,baixa,True,média,Amazônia Legal
4317103,SANT'ANA DO LIVRAMENTO,RS,72220,1066.0,12442937.0,8.567109196164861e-05,0.014760454167820548,False,baixa,False,baixa,
2917706,JAGUARARI,BA,23294,343.0,302781197.0,1.1328312438106916e-06,0.014724821842534559,False,baixa,False,baixa,
1508407,XINGUARA,PA,35427,495.0,190795686.0,2.5943982821498384e-06,0.013972393936827842,False,baixa,True,média,Amazônia Legal
2300150,ACARAPE,CE,12546,148.0,148.0,1.0,0.011796588554120834,False,baixa,False,baixa,
4304507,CANGUÇU,RS,43549,494.0,1575703.0,0.0003135108583279971,0.011343544053824428,False,baixa,False,baixa,
2900702,ALAGOINHAS,BA,114417,1296.0,1177414.0,0.0011007173347692485,0.0113269881223944,False,baixa,False,baixa,
2604106,CARUARU,PE,255270,2845.0,80871.0,0.03517948337475733,0.011145062091119207,False,baixa,False,baixa,
2800308,ARACAJU,SE,422179,4701.0,919631.0,0.005111832898195037,0.01113508724972109,False,baixa,False,baixa,
4218509,TREZE TÍLIAS,SC,6439,69.0,17983979.0,3.8367482524306775e-06,0.010715949681627581,False,baixa,False,baixa,
3160108,SANTO ANTÔNIO DO GRAMA,MG,3941,40.0,40.0,1.0,0.010149708195889368,False,baixa,False,baixa,
3301900,ITABORAÍ,RJ,177920,1434.0,4540076.0,0.0003158537434175111,0.008059802158273382,False,baixa,False,baixa,
3524501,JACI,SP,5828,40.0,17413300.0,2.2970947494156767e-06,0.0068634179821551134,False,baixa,False,baixa,
3502903,ARAÇOIABA DA SERRA,SP,26408,167.0,5563391.0,3.001766368748844e-05,0.006323841260224175,False,baixa,False,baixa,
4200309,AGRONÔMICA,SC,4554,25.0,1426489.0,1.75255469898471e-05,0.005489679402722881,False,baixa,False,baixa,
4301206,ARROIO DO TIGRE,RS,9941,42.0,42.0,1.0,0.0042249270697112965,False,baixa,False,baixa,
3300258,ARRAIAL DO CABO,RJ,35242,130.0,130.0,1.0,0.0036887804324385676,False,baixa,False,baixa,
3510302,CAPELA DO ALTO,SP,14543,53.0,12149335.0,4.362378681631546e-06,0.0036443649865914875,False,baixa,False,baixa,
4204301,CONCÓRDIA,SC,60391,205.0,37283351.0,5.4984327991333186e-06,0.0033945455448659567,False,baixa,False,baixa,
1718204,PORTO NACIONAL,TO,47070,144.0,552467043.0,2.6064903205456907e-07,0.0030592734225621415,False,baixa,True,média,Amazônia Legal
3110509,CAMANDUCAIA,MG,18995,56.0,2188446.0,2.55889338827643e-05,0.002948144248486444,False,baixa,False,baixa,
4115804,MEDIANEIRA,PR,37479,110.0,200816293.0,5.47764319103331e-07,0.0029349769204087624,False,baixa,False,baixa,
4323002,VIAMÃO,RS,161662,374.0,11752967.0,3.182175190315773e-05,0.0023134688423995745,False,baixa,False,baixa,
3529906,MIRACATU,SP,15311,31.0,275.0,0.11272727272727273,0.0020246881327150414,False,baixa,False,baixa,
1508001,TOMÉ-AÇU,PA,52852,103.0,14355531.0,7.1749348735341105e-06,0.0019488382653447362,False,baixa,True,média,Amazônia Legal
4111209,ITAPEJARA D'OESTE,PR,9159,16.0,135136494.0,1.1839880942893191e-07,0.0017469156021399717,False,baixa,False,baixa,
2310506,PEDRA BRANCA,CE,34612,47.0,797.0,0.05897114178168131,0.0013579105512539003,False,baixa,False,baixa,
5209952,INDIARA,GO,12731,13.0,13.0,1.0,0.0010211295263529965,False,baixa,False,baixa,
3302106,ITAOCARA,RJ,19120,17.0,17.0,1.0,0.0008891213389121339,False,baixa,False,baixa,
4103453,CAFELÂNDIA,PR,13247,11.0,180242569.0,6.102886826918229e-08,0.0008303766890616743,False,baixa,False,baixa,
3536000,PARAPUÃ,SP,7605,6.0,44574035.0,1.3460751309590887e-07,0.0007889546351084812,False,baixa,False,baixa,
3524105,ITUVERAVA,SP,27366,10.0,1139975.0,8.772122195662185e-06,0.0003654169407293722,False,baixa,False,baixa,
4309001,GIRUÁ,RS,12735,3.0,20134025.0,1.490015036735079e-07,0.00023557126030624264,False,baixa,False,baixa,
2921005,MATA DE SÃO JOÃO,BA,43098,9.0,9.0,1.0,0.00020882639565641096,False,baixa,False,baixa,
1301209,COARI,AM,51479,5.0,642021.0,7.787907249139826e-06,9.712698381864449e-05,False,baixa,True,média,Amazônia Legal
2311504,QUIXERÉ,CE,18875,1.0,651230.0,1.5355557944197903e-06,5.298013245033112e-05,False,baixa,False,baixa,
4106803,CRUZ MACHADO,PR,13735,0.0,0.0,0.0,0.0,False,sem exportação aos EUA,False,baixa,
4113106,KALORÉ,PR,4004,0.0,0.0,0.0,0.0,False,sem exportação aos EUA,False,baixa,
2211407,VÁRZEA GRANDE,PI,4174,0.0,0.0,0.0,0.0,False,sem exportação aos EUA,False,baixa,
2412500,SÃO MIGUEL,RN,19466,0.0,0.0,0.0,0.0,False,sem exportação aos EUA,False,baixa,
2412401,SÃO JOSÉ DO SERIDÓ,RN,4515,0.0,0.0,0.0,0.0,False,sem exportação aos EUA,False,baixa,
4126355,SERRANÓPOLIS DO IGUAÇU,PR,4396,0.0,0.0,0.0,0.0,False,sem exportação aos EUA,False,baixa,
4107546,ESPIGÃO ALTO DO IGUAÇU,PR,4416,0.0,0.0,0.0,0.0,False,sem exportação aos EUA,False,baixa,
4110300,INAJÁ,PR,2546,0.0,0.0,0.0,0.0,False,sem exportação aos EUA,False,baixa,
4107702,FÊNIX,PR,3851,0.0,0.0,0.0,0.0,False,sem exportação aos EUA,False,baixa,
2207850,PAVUSSU,PI,3909,0.0,0.0,0.0,0.0,False,sem exportação aos EUA,False,baixa,
4113007,JUSSARA,PR,5485,0.0,0.0,0.0,0.0,False,sem exportação aos EUA,False,baixa,
2410009,PILÕES,RN,3577,0.0,0.0,0.0,0.0,False,sem exportação aos EUA,False,baixa,
2203354,DIRCEU ARCOVERDE,PI,6674,0.0,0.0,0.0,0.0,False,sem exportação aos EUA,False,baixa,
2206696,MURICI DOS PORTELAS,PI,6070,0.0,0.0,0.0,0.0,False,sem exportação aos EUA,False,baixa,
4114351,MANFRINÓPOLIS,PR,3122,0.0,0.0,0.0,0.0,False,sem exportação aos EUA,False,baixa,
4121752,RESERVA DO IGUAÇU,PR,5460,0.0,0.0,0.0,0.0,False,sem exportação aos EUA,False,baixa,
4112801,JOAQUIM TÁVORA,PR,9226,0.0,53552361.0,0.0,0.0,False,sem exportação aos EUA,False,baixa,
2208858,RIACHO FRIO,PI,4492,0.0,0.0,0.0,0.0,False,sem exportação aos EUA,False,baixa,
2200251,ALAGOINHA DO PIAUÍ,PI,6145,0.0,0.0,0.0,0.0,False,sem exportação aos EUA,False,baixa,
2412302,SÃO JOSÉ DO CAMPESTRE,RN,10539,0.0,0.0,0.0,0.0,False,sem exportação aos EUA,False,baixa,
2200053,ACAUÃ,PI,6390,0.0,0.0,0.0,0.0,False,sem exportação aos EUA,False,baixa,
4313359,NOVA ROMA DO SUL,RS,3182,0.0,2927680.0,0.0,0.0,False,sem exportação aos EUA,False,baixa,
2208304,PIRACURUCA,PI,25821,0.0,0.0,0.0,0.0,False,sem exportação aos EUA,False,baixa,
4315156,PROGRESSO,RS,4932,0.0,0.0,0.0,0.0,False,sem exportação aos EUA,False,baixa,
4120333,PRADO FERREIRA,PR,3188,0.0,6372618.0,0.0,0.0,False,sem exportação aos EUA,False,baixa,
1100338,NOVA MAMORÉ,RO,19455,0.0,0.0,0.0,0.0,False,sem exportação aos EUA,True,média,Amazônia Legal
2412203,SÃO JOSÉ DE MIPIBU,RN,35789,0.0,0.0,0.0,0.0,False,sem exportação aos EUA,False,baixa,
1100262,RIO CRESPO,RO,3508,0.0,0.0,0.0,0.0,False,sem exportação aos EUA,True,média,Amazônia Legal
4113304,LARANJEIRAS DO SUL,PR,24304,0.0,2111831.0,0.0,0.0,False,sem exportação aos EUA,False,baixa,
2201572,BELÉM DO PIAUÍ,PI,3328,0.0,0.0,0.0,0.0,False,sem exportação aos EUA,False,baixa,
4112900,JUNDIAÍ DO SUL,PR,2911,0.0,0.0,0.0,0.0,False,sem exportação aos EUA,False,baixa,
2207355,PAJEÚ DO PIAUÍ,PI,3407,0.0,0.0,0.0,0.0,False,sem exportação aos EUA,False,baixa,
2412104,SÃO JOÃO DO SABUGI,RN,5309,0.0,0.0,0.0,0.0,False,sem exportação aos EUA,False,baixa,
1100403,ALTO PARAÍSO,RO,12087,0.0,0.0,0.0,0.0,False,sem exportação aos EUA,True,média,Amazônia Legal
2413201,SENADOR GEORGINO AVELINO,RN,3761,0.0,0.0,0.0,0.0,False,sem exportação aos EUA,False,baixa,
2413102,SENADOR ELÓI DE SOUZA,RN,5748,0.0,0.0,0.0,0.0,False,sem exportação aos EUA,False,baixa,
4321634,TRÊS ARROIOS,RS,2549,0.0,0.0,0.0,0.0,False,sem exportação aos EUA,False,baixa,
4106704,CRUZEIRO DO SUL,PR,3922,0.0,1234617.0,0.0,0.0,False,sem exportação aos EUA,False,baixa,
2413003,SÃO VICENTE,RN,5396,0.0,0.0,0.0,0.0,False,sem exportação aos EUA,False,baixa,
2412906,SÃO TOMÉ,RN,9587,0.0,0.0,0.0,0.0,False,sem exportação aos EUA,False,baixa,
2205599,LAGOA DO SÍTIO,PI,4865,0.0,0.0,0.0,0.0,False,sem exportação aos EUA,False,baixa,
2211209,URUÇUÍ,PI,18909,0.0,302589875.0,0.0,0.0,False,sem exportação aos EUA,False,baixa,
2207934,PEDRO LAURENTINO,PI,3276,0.0,0.0,0.0,0.0,False,sem exportação aos EUA,False,baixa,
4107108,DIAMANTE DO NORTE,PR,4379,0.0,0.0,0.0,0.0,False,sem exportação aos EUA,False,baixa,
2209856,SÃO JOÃO DA CANABRAVA,PI,4502,0.0,0.0,0.0,0.0,False,sem exportação aos EUA,False,baixa,
1100601,CACAULÂNDIA,RO,3901,0.0,0.0,0.0,0.0,False,sem exportação aos EUA,True,média,Amazônia Legal
2207108,OLHO D'ÁGUA DO PIAUÍ,PI,2708,0.0,0.0,0.0,0.0,False,sem exportação aos EUA,False,baixa,
1100908,CASTANHEIRAS,RO,3409,0.0,0.0,0.0,0.0,False,sem exportação aos EUA,True,média,Amazônia Legal
2412708,SÃO PEDRO,RN,6475,0.0,0.0,0.0,0.0,False,sem exportação aos EUA,False,baixa,
1101484,SÃO FELIPE D'OESTE,RO,4530,0.0,0.0,0.0,0.0,False,sem exportação aos EUA,True,média,Amazônia Legal
4107900,FLORESTA,PR,8070,0.0,1022259.0,0.0,0.0,False,sem exportação aos EUA,False,baixa,
4112702,JATAIZINHO,PR,9482,0.0,0.0,0.0,0.0,False,sem exportação aos EUA,False,baixa,
2206357,MILTON BRANDÃO,PI,7087,0.0,0.0,0.0,0.0,False,sem exportação aos EUA,False,baixa,
2211308,VALENÇA DO PIAUÍ,PI,17671,0.0,0.0,0.0,0.0,False,sem exportação aos EUA,False,baixa,
4108106,FLÓRIDA,PR,2410,0.0,0.0,0.0,0.0,False,sem exportação aos EUA,False,baixa,
2409902,PENDÊNCIAS,RN,10931,0.0,0.0,0.0,0.0,False,sem exportação aos EUA,False,baixa,
1400050,ALTO ALEGRE,RR,13408,0.0,270600.0,0.0,0.0,False,sem exportação aos EUA,True,média,Amazônia Legal
1100502,NOVO HORIZONTE DO OESTE,RO,7035,0.0,0.0,0.0,0.0,False,sem exportação aos EUA,True,média,Amazônia Legal
2412807,SÃO RAFAEL,RN,7520,0.0,0.0,0.0,0.0,False,sem exportação aos EUA,False,baixa,
2208403,PIRIPIRI,PI,53170,0.0,15743399.0,0.0,0.0,False,sem exportação aos EUA,False,baixa,
4108650,GOIOXIM,PR,5428,0.0,0.0,0.0,0.0,False,sem exportação aos EUA,False,baixa,
4109906,ICARAÍMA,PR,7070,0.0,0.0,0.0,0.0,False,sem exportação aos EUA,False,baixa,
2202075,CAJAZEIRAS DO PIAUÍ,PI,3662,0.0,0.0,0.0,0.0,False,sem exportação aos EUA,False,baixa,
4113403,LEÓPOLIS,PR,3502,0.0,0.0,0.0,0.0,False,sem exportação aos EUA,False,baixa,
2207801,PAULISTANA,PI,17052,0.0,0.0,0.0,0.0,False,sem exportação aos EUA,False,baixa,
4113734,LUIZIANA,PR,5953,0.0,0.0,0.0,0.0,False,sem exportação aos EUA,False,baixa,
1100809,CANDEIAS DO JAMARI,RO,20465,0.0,160016.0,0.0,0.0,False,sem exportação aos EUA,True,média,Amazônia Legal
2205276,JATOBÁ DO PIAUÍ,PI,6898,0.0,0.0,0.0,0.0,False,sem exportação aos EUA,False,baixa,
2205904,MANOEL EMÍDIO,PI,4913,0.0,0.0,0.0,0.0,False,sem exportação aos EUA,False,baixa,
2206506,MONSENHOR HIPÓLITO,PI,7493,0.0,0.0,0.0,0.0,False,sem exportação aos EUA,False,baixa,
2410900,RIACHUELO,RN,6909,0.0,0.0,0.0,0.0,False,sem exportação aos EUA,False,baixa,
4108452,FOZ DO JORDÃO,PR,4360,0.0,0.0,0.0,0.0,False,sem exportação aos EUA,False,baixa,
4318440,SÃO JORGE,RS,2437,0.0,0.0,0.0,0.0,False,sem exportação aos EUA,False,baixa,
2205458,JOCA MARQUES,PI,5603,0.0,0.0,0.0,0.0,False,sem exportação aos EUA,False,baixa,
2206050,MASSAPÊ DO PIAUÍ,PI,6452,0.0,0.0,0.0,0.0,False,sem exportação aos EUA,False,baixa,
2410801,RIACHO DE SANTANA,RN,3843,0.0,0.0,0.0,0.0,False,sem exportação aos EUA,False,baixa,
4300554,ALTO ALEGRE,RS,1850,0.0,0.0,0.0,0.0,False,sem exportação aos EUA,False,baixa,
2205516,JUAZEIRO DO PIAUÍ,PI,5440,0.0,82515.0,0.0,0.0,False,sem exportação aos EUA,False,baixa,
2206670,MORRO DO CHAPÉU DO PIAUÍ,PI,5871,0.0,0.0,0.0,0.0,False,sem exportação aos EUA,False,baixa,
2410207,PORTALEGRE,RN,6896,0.0,0.0,0.0,0.0,False,sem exportação aos EUA,False,baixa,
4113809,LUPIONÓPOLIS,PR,4003,0.0,0.0,0.0,0.0,False,sem exportação aos EUA,False,baixa,
2205581,LAGOA DO PIAUÍ,PI,5239,0.0,0.0,0.0,0.0,False,sem exportação aos EUA,False,baixa,
4114005,MAMBORÊ,PR,10615,0.0,1618201.0,0.0,0.0,False,sem exportação aos EUA,False,baixa,
1400209,CARACARAÍ,RR,15259,0.0,101277.0,0.0,0.0,False,sem exportação aos EUA,True,média,Amazônia Legal
2410702,RIACHO DA CRUZ,RN,2759,0.0,0.0,0.0,0.0,False,sem exportação aos EUA,False,baixa,
2410504,RAFAEL FERNANDES,RN,4933,0.0,0.0,0.0,0.0,False,sem exportação aos EUA,False,baixa,
4107736,FERNANDES PINHEIRO,PR,5554,0.0,88478.0,0.0,0.0,False,sem exportação aos EUA,False,baixa,
4108205,FORMOSA DO OESTE,PR,6080,0.0,0.0,0.0,0.0,False,sem exportação aos EUA,False,baixa,
4115457,MARQUINHO,PR,3876,0.0,0.0,0.0,0.0,False,sem exportação aos EUA,False,baixa,
2205540,LAGOINHA DO PIAUÍ,PI,3244,0.0,0.0,0.0,0.0,False,sem exportação aos EUA,False,baixa,
2410405,PUREZA,RN,8502,0.0,3710379.0,0.0,0.0,False,sem exportação aos EUA,False,baixa,
1100700,CAMPO NOVO DE RONDÔNIA,RO,7516,0.0,0.0,0.0,0.0,False,sem exportação aos EUA,True,média,Amazônia Legal
2205854,MADEIRO,PI,6714,0.0,0.0,0.0,0.0,False,sem exportação aos EUA,False,baixa,
2410306,SERRA CAIADA,RN,9065,0.0,0.0,0.0,0.0,False,sem exportação aos EUA,False,baixa,
2410108,POÇO BRANCO,RN,11674,0.0,0.0,0.0,0.0,False,sem exportação aos EUA,False,baixa,
2206100,MATIAS OLÍMPIO,PI,9161,0.0,0.0,0.0,0.0,False,sem exportação aos EUA,False,baixa,
2208205,PIO IX,PI,15109,0.0,679108.0,0.0,0.0,False,sem exportação aos EUA,False,baixa,
2411205,SANTA CRUZ,RN,27658,0.0,6889647.0,0.0,0.0,False,sem exportação aos EUA,False,baixa,
2208106,PIMENTEIRAS,PI,9384,0.0,0.0,0.0,0.0,False,sem exportação aos EUA,False,baixa,
2411809,SÃO FERNANDO,RN,3720,0.0,0.0,0.0,0.0,False,sem exportação aos EUA,False,baixa,
4118857,PEROBAL,PR,5670,0.0,0.0,0.0,0.0,False,sem exportação aos EUA,False,baixa,
2202117,CAMPO ALEGRE DO FIDALGO,PI,4536,0.0,0.0,0.0,0.0,False,sem exportação aos EUA,False,baixa,
2411700,SÃO BENTO DO TRAIRÍ,RN,4458,0.0,0.0,0.0,0.0,False,sem exportação aos EUA,False,baixa,
2411601,SÃO BENTO DO NORTE,RN,4259,0.0,74728.0,0.0,0.0,False,sem exportação aos EUA,False,baixa,
2411502,SANTO ANTÔNIO,RN,19114,0.0,0.0,0.0,0.0,False,sem exportação aos EUA,False,baixa,
4314555,PIRAPÓ,RS,2336,0.0,0.0,0.0,0.0,False,sem exportação aos EUA,False,baixa,
2411403,SANTANA DO MATOS,RN,11151,0.0,0.0,0.0,0.0,False,sem exportação aos EUA,False,baixa,
1101005,GOVERNADOR JORGE TEIXEIRA,RO,7203,0.0,0.0,0.0,0.0,False,sem exportação aos EUA,True,média,Amazônia Legal
2411429,SANTANA DO SERIDÓ,RN,2635,0.0,0.0,0.0,0.0,False,sem exportação aos EUA,False,baixa,
4110607,IPORÃ,PR,12170,0.0,45890030.0,0.0,0.0,False,sem exportação aos EUA,False,baixa,
4107504,ENGENHEIRO BELTRÃO,PR,10063,0.0,66651.0,0.0,0.0,False,sem exportação aos EUA,False,baixa,
4310850,JABOTICABA,RS,3370,0.0,0.0,0.0,0.0,False,sem exportação aos EUA,False,baixa,
1400233,CAROEBE,RR,7649,0.0,0.0,0.0,0.0,False,sem exportação aos EUA,True,média,Amazônia Legal
2202711,COCAL DE TELHA,PI,4645,0.0,0.0,0.0,0.0,False,sem exportação aos EUA,False,baixa,
4113502,LOANDA,PR,15869,0.0,868420.0,0.0,0.0,False,sem exportação aos EUA,False,baixa,
1400027,AMAJARI,RR,7631,0.0,0.0,0.0,0.0,False,sem exportação aos EUA,True,média,Amazônia Legal
4113601,LOBATO,PR,3851,0.0,0.0,0.0,0.0,False,sem exportação aos EUA,False,baixa,
1100031,CABIXI,RO,4950,0.0,0.0,0.0,0.0,False,sem exportação aos EUA,True,média,Amazônia Legal
2411908,SÃO FRANCISCO DO OESTE,RN,4098,0.0,0.0,0.0,0.0,False,sem exportação aos EUA,False,baixa,
1100072,CORUMBIARA,RO,5751,0.0,55900787.0,0.0,0.0,False,sem exportação aos EUA,True,média,Amazônia Legal
4107603,FAXINAL,PR,12177,0.0,0.0,0.0,0.0,False,sem exportação aos EUA,False,baixa,
2204154,FRANCISCO MACEDO,PI,2841,0.0,0.0,0.0,0.0,False,sem exportação aos EUA,False,baixa,
2411106,RUY BARBOSA,RN,4188,0.0,0.0,0.0,0.0,False,sem exportação aos EUA,False,baixa,
1101468,PIMENTEIRAS DO OESTE,RO,2286,0.0,0.0,0.0,0.0,False,sem exportação aos EUA,True,média,Amazônia Legal
2411007,RODOLFO FERNANDES,RN,4641,0.0,0.0,0.0,0.0,False,sem exportação aos EUA,False,baixa,
2205359,JOÃO COSTA,PI,3918,0.0,0.0,0.0,0.0,False,sem exportação aos EUA,False,baixa,
2209005,RIO GRANDE DO PIAUÍ,PI,5426,0.0,0.0,0.0,0.0,False,sem exportação aos EUA,False,baixa,
4301552,ÁUREA,RS,3213,0.0,210042.0,0.0,0.0,False,sem exportação aos EUA,False,baixa,
2211100,UNIÃO,PI,38750,0.0,0.0,0.0,0.0,False,sem exportação aos EUA,False,baixa,
1400159,BONFIM,RR,12329,0.0,1005895.0,0.0,0.0,False,sem exportação aos EUA,True,média,Amazônia Legal
2209872,SÃO JOÃO DA FRONTEIRA,PI,5375,0.0,0.0,0.0,0.0,False,sem exportação aos EUA,False,baixa,
2210003,SÃO JOÃO DO PIAUÍ,PI,15077,0.0,0.0,0.0,0.0,False,sem exportação aos EUA,False,baixa,
2205607,LANDRI SALES,PI,5122,0.0,0.0,0.0,0.0,False,sem exportação aos EUA,False,baixa,
2414704,VÁRZEA,RN,5584,0.0,0.0,0.0,0.0,False,sem exportação aos EUA,False,baixa,
2208908,RIBEIRO GONÇALVES,PI,5577,0.0,366662.0,0.0,0.0,False,sem exportação aos EUA,False,baixa,
2203420,DOMINGOS MOURÃO,PI,4268,0.0,0.0,0.0,0.0,False,sem exportação aos EUA,False,baixa,
2209906,SÃO JOÃO DA SERRA,PI,6905,0.0,0.0,0.0,0.0,False,sem exportação aos EUA,False,baixa,
4122651,ROSÁRIO DO IVAÍ,PR,4714,0.0,0.0,0.0,0.0,False,sem exportação aos EUA,False,baixa,
2410603,RAFAEL GODEIRO,RN,3667,0.0,0.0,0.0,0.0,False,sem exportação aos EUA,False,baixa,
1101450,PARECIS,RO,3875,0.0,23016.0,0.0,0.0,False,sem exportação aos EUA,True,média,Amazônia Legal
1100080,COSTA MARQUES,RO,9103,0.0,651158.0,0.0,0.0,False,sem exportação aos EUA,True,média,Amazônia Legal
2206902,NOVO ORIENTE DO PIAUÍ,PI,5158,0.0,0.0,0.0,0.0,False,sem exportação aos EUA,False,baixa,
2414803,VERA CRUZ,RN,11417,0.0,1013478.0,0.0,0.0,False,sem exportação aos EUA,False,baixa,
2414902,VIÇOSA,RN,1958,0.0,0.0,0.0,0.0,False,sem exportação aos EUA,False,baixa,
4109609,GUARATUBA,PR,32489,0.0,47367.0,0.0,0.0,False,sem exportação aos EUA,False,baixa,
2207405,PALMEIRA DO PIAUÍ,PI,4922,0.0,0.0,0.0,0.0,False,sem exportação aos EUA,False,baixa,
2414605,UPANEMA,RN,12260,0.0,1961025.0,0.0,0.0,False,sem exportação aos EUA,False,baixa,
2205508,JOSÉ DE FREITAS,PI,35332,0.0,0.0,0.0,0.0,False,sem exportação aos EUA,False,baixa,
1101757,VALE DO ANARI,RO,6627,0.0,0.0,0.0,0.0,False,sem exportação aos EUA,True,média,Amazônia Legal
1101609,THEOBROMA,RO,7587,0.0,0.0,0.0,0.0,False,sem exportação aos EUA,True,média,Amazônia Legal
2210102,SÃO JOSÉ DO PEIXE,PI,3371,0.0,0.0,0.0,0.0,False,sem exportação aos EUA,False,baixa,
2208809,REGENERAÇÃO,PI,14520,0.0,0.0,0.0,0.0,False,sem exportação aos EUA,False,baixa,
2209955,SÃO JOÃO DA VARJOTA,PI,4131,0.0,0.0,0.0,0.0,False,sem exportação aos EUA,False,baixa,
2414506,UMARIZAL,RN,8842,0.0,0.0,0.0,0.0,False,sem exportação aos EUA,False,baixa,
4110078,IMBAÚ,PR,8865,0.0,0.0,0.0,0.0,False,sem exportação aos EUA,False,baixa,
4107306,DOUTOR CAMARGO,PR,5175,0.0,0.0,0.0,0.0,False,sem exportação aos EUA,False,baixa,
4110201,INÁCIO MARTINS,PR,8367,0.0,0.0,0.0,0.0,False,sem exportação aos EUA,False,baixa,
2414308,TIMBAÚBA DOS BATISTAS,RN,2748,0.0,0.0,0.0,0.0,False,sem exportação aos EUA,False,baixa,
1100940,CUJUBIM,RO,11176,0.0,0.0,0.0,0.0,False,sem exportação aos EUA,True,média,Amazônia Legal
2414209,TIBAU DO SUL,RN,13651,0.0,2128.0,0.0,0.0,False,sem exportação aos EUA,False,baixa,
2210201,SÃO JOSÉ DO PIAUÍ,PI,6004,0.0,0.0,0.0,0.0,False,sem exportação aos EUA,False,baixa,
2415008,VILA FLOR,RN,3254,0.0,0.0,0.0,0.0,False,sem exportação aos EUA,False,baixa,
4111704,JABOTI,PR,4523,0.0,0.0,0.0,0.0,False,sem exportação aos EUA,False,baixa,
1100106,GUAJARÁ-MIRIM,RO,28928,0.0,7865529.0,0.0,0.0,False,sem exportação aos EUA,True,média,Amazônia Legal
2206704,NAZARÉ DO PIAUÍ,PI,6697,0.0,0.0,0.0,0.0,False,sem exportação aos EUA,False,baixa,
2206209,MIGUEL ALVES,PI,27719,0.0,0.0,0.0,0.0,False,sem exportação aos EUA,False,baixa,
4111308,ITAÚNA DO SUL,PR,2788,0.0,0.0,0.0,0.0,False,sem exportação aos EUA,False,baixa,
4107801,FLORAÍ,PR,4346,0.0,179032.0,0.0,0.0,False,sem exportação aos EUA,False,baixa,
2205805,LUZILÂNDIA,PI,20147,0.0,0.0,0.0,0.0,False,sem exportação aos EUA,False,baixa,
2207306,PAES LANDIM,PI,4499,0.0,0.0,0.0,0.0,False,sem exportação aos EUA,False,baixa,
2206803,NOSSA SENHORA DOS REMÉDIOS,PI,8627,0.0,0.0,0.0,0.0,False,sem exportação aos EUA,False,baixa,
4109203,GUARACI,PR,4224,0.0,24095.0,0.0,0.0,False,sem exportação aos EUA,False,baixa,
4126652,SULINA,PR,2942,0.0,0.0,0.0,0.0,False,sem exportação aos EUA,False,baixa,
4109104,GUAPOREMA,PR,1979,0.0,0.0,0.0,0.0,False,sem exportação aos EUA,False,baixa,
1101476,PRIMAVERA DE RONDÔNIA,RO,3047,0.0,0.0,0.0,0.0,False,sem exportação aos EUA,True,média,Amazônia Legal
4117271,NOVA TEBAS,PR,6025,0.0,0.0,0.0,0.0,False,sem exportação aos EUA,False,baixa,
4108007,FLORESTÓPOLIS,PR,9394,0.0,91750343.0,0.0,0.0,False,sem exportação aos EUA,False,baixa,
2209203,SANTA FILOMENA,PI,5554,0.0,51604076.0,0.0,0.0,False,sem exportação aos EUA,False,baixa,
1100254,PRESIDENTE MÉDICI,RO,15677,0.0,0.0,0.0,0.0,False,sem exportação aos EUA,True,média,Amazônia Legal
2209302,SANTA LUZ,PI,5273,0.0,0.0,0.0,0.0,False,sem exportação aos EUA,False,baixa,
1400282,IRACEMA,RR,7593,0.0,347640.0,0.0,0.0,False,sem exportação aos EUA,True,média,Amazônia Legal
2209401,SANTO ANTÔNIO DE LISBOA,PI,6371,0.0,0.0,0.0,0.0,False,sem exportação aos EUA,False,baixa,
4111100,ITAMBÉ,PR,5052,0.0,0.0,0.0,0.0,False,sem exportação aos EUA,False,baixa,
1400472,RORAINÓPOLIS,RR,23761,0.0,135345.0,0.0,0.0,False,sem exportação aos EUA,True,média,Amazônia Legal
4109005,GUAPIRAMA,PR,4064,0.0,0.0,0.0,0.0,False,sem exportação aos EUA,False,baixa,
2209500,SANTO INÁCIO DO PIAUÍ,PI,3644,0.0,0.0,0.0,0.0,False,sem exportação aos EUA,False,baixa,
1101500,SERINGUEIRAS,RO,9666,0.0,0.0,0.0,0.0,False,sem exportação aos EUA,True,média,Amazônia Legal
1100379,ALTO ALEGRE DOS PARECIS,RO,8837,0.0,0.0,0.0,0.0,False,sem exportação aos EUA,True,média,Amazônia Legal
4111407,IVAÍ,PR,10656,0.0,782539.0,0.0,0.0,False,sem exportação aos EUA,False,baixa,
2206308,MIGUEL LEÃO,PI,1890,0.0,0.0,0.0,0.0,False,sem exportação aos EUA,False,baixa,
2209609,SÃO FÉLIX DO PIAUÍ,PI,3968,0.0,0.0,0.0,0.0,False,sem exportação aos EUA,False,baixa,
4111506,IVAIPORÃ,PR,24012,0.0,16763.0,0.0,0.0,False,sem exportação aos EUA,False,baixa,
2209708,SÃO FRANCISCO DO PIAUÍ,PI,6210,0.0,0.0,0.0,0.0,False,sem exportação aos EUA,False,baixa,
4111605,IVATUBA,PR,3152,0.0,0.0,0.0,0.0,False,sem exportação aos EUA,False,baixa,
2209807,SÃO GONÇALO DO PIAUÍ,PI,5172,0.0,0.0,0.0,0.0,False,sem exportação aos EUA,False,baixa,
2210623,SEBASTIÃO BARROS,PI,4633,0.0,0.0,0.0,0.0,False,sem exportação aos EUA,False,baixa,
2210300,SÃO JULIÃO,PI,5605,0.0,0.0,0.0,0.0,False,sem exportação aos EUA,False,baixa,
1101203,MINISTRO ANDREAZZA,RO,6153,0.0,0.0,0.0,0.0,False,sem exportação aos EUA,True,média,Amazônia Legal
2206001,MARCOS PARENTE,PI,4326,0.0,0.0,0.0,0.0,False,sem exportação aos EUA,False,baixa,
4110805,IRETAMA,PR,7961,0.0,0.0,0.0,0.0,False,sem exportação aos EUA,False,baixa,
1400407,NORMANDIA,RR,9686,0.0,169225.0,0.0,0.0,False,sem exportação aos EUA,True,média,Amazônia Legal
4120150,PORTO BARREIRO,PR,3139,0.0,0.0,0.0,0.0,False,sem exportação aos EUA,False,baixa,
2413409,SERRA NEGRA DO NORTE,RN,6262,0.0,10163.0,0.0,0.0,False,sem exportação aos EUA,False,baixa,
1100296,SANTA LUZIA D'OESTE,RO,6813,0.0,0.0,0.0,0.0,False,sem exportação aos EUA,True,média,Amazônia Legal
2413508,SERRINHA,RN,7068,0.0,0.0,0.0,0.0,False,sem exportação aos EUA,False,baixa,
1400704,UIRAMUTÃ,RR,9128,0.0,0.0,0.0,0.0,False,sem exportação aos EUA,True,média,Amazônia Legal
4109500,GUARAQUEÇABA,PR,7430,0.0,94475.0,0.0,0.0,False,sem exportação aos EUA,False,baixa,
2208502,PORTO,PI,10000,0.0,0.0,0.0,0.0,False,sem exportação aos EUA,False,baixa,
2201945,BOQUEIRÃO DO PIAUÍ,PI,6086,0.0,0.0,0.0,0.0,False,sem exportação aos EUA,False,baixa,
2210706,SIMÕES,PI,12484,0.0,74950.0,0.0,0.0,False,sem exportação aos EUA,False,baixa,
4126678,TAMARANA,PR,9024,0.0,764779.0,0.0,0.0,False,sem exportação aos EUA,False,baixa,
4112306,JAPIRA,PR,3943,0.0,0.0,0.0,0.0,False,sem exportação aos EUA,False,baixa,
1100346,ALVORADA DO OESTE,RO,11029,0.0,0.0,0.0,0.0,False,sem exportação aos EUA,True,média,Amazônia Legal
1400175,CANTÁ,RR,17613,0.0,693767.0,0.0,0.0,False,sem exportação aos EUA,True,média,Amazônia Legal
4112504,JARDIM ALEGRE,PR,9012,0.0,9154462.0,0.0,0.0,False,sem exportação aos EUA,False,baixa,
2210805,SIMPLÍCIO MENDES,PI,10329,0.0,2922.0,0.0,0.0,False,sem exportação aos EUA,False,baixa,
2206407,MONSENHOR GIL,PI,10476,0.0,0.0,0.0,0.0,False,sem exportação aos EUA,False,baixa,
2202554,CARIDADE DO PIAUÍ,PI,5023,0.0,0.0,0.0,0.0,False,sem exportação aos EUA,False,baixa,
2413300,SERRA DE SÃO BENTO,RN,6185,0.0,0.0,0.0,0.0,False,sem exportação aos EUA,False,baixa,
2210904,SOCORRO DO PIAUÍ,PI,4300,0.0,0.0,0.0,0.0,False,sem exportação aos EUA,False,baixa,
1400456,PACARAIMA,RR,9762,0.0,6077277.0,0.0,0.0,False,sem exportação aos EUA,True,média,Amazônia Legal
2203271,CURRAL NOVO DO PIAUÍ,PI,5409,0.0,0.0,0.0,0.0,False,sem exportação aos EUA,False,baixa,
1400506,SÃO JOÃO DA BALIZA,RR,5728,0.0,0.0,0.0,0.0,False,sem exportação aos EUA,True,média,Amazônia Legal
1400605,SÃO LUIZ,RR,6082,0.0,0.0,0.0,0.0,False,sem exportação aos EUA,True,média,Amazônia Legal
4110003,IGUARAÇU,PR,4057,0.0,0.0,0.0,0.0,False,sem exportação aos EUA,False,baixa,
1100148,NOVA BRASILÂNDIA D'OESTE,RO,13407,0.0,33705826.0,0.0,0.0,False,sem exportação aos EUA,True,média,Amazônia Legal
2205524,JÚLIO BORGES,PI,5222,0.0,0.0,0.0,0.0,False,sem exportação aos EUA,False,baixa,
4112603,JARDIM OLINDA,PR,1350,0.0,0.0,0.0,0.0,False,sem exportação aos EUA,False,baixa,
2209104,SANTA CRUZ DO PIAUÍ,PI,5902,0.0,0.0,0.0,0.0,False,sem exportação aos EUA,False,baixa,
4107157,DIAMANTE D'OESTE,PR,3758,0.0,0.0,0.0,0.0,False,sem exportação aos EUA,False,baixa,
2413607,SEVERIANO MELO,RN,6813,0.0,0.0,0.0,0.0,False,sem exportação aos EUA,False,baixa,
2413706,SÍTIO NOVO,RN,5162,0.0,0.0,0.0,0.0,False,sem exportação aos EUA,False,baixa,
2201739,BETÂNIA DO PIAUÍ,PI,5865,0.0,0.0,0.0,0.0,False,sem exportação aos EUA,False,baixa,
2413805,TABOLEIRO GRANDE,RN,2762,0.0,0.0,0.0,0.0,False,sem exportação aos EUA,False,baixa,
2414100,TENENTE ANANIAS,RN,8205,0.0,0.0,0.0,0.0,False,sem exportação aos EUA,False,baixa,
2210631,SEBASTIÃO LEAL,PI,4234,0.0,0.0,0.0,0.0,False,sem exportação aos EUA,False,baixa,
4120655,QUARTO CENTENÁRIO,PR,3470,0.0,191187.0,0.0,0.0,False,sem exportação aos EUA,False,baixa,
4111001,ITAMBARACÁ,PR,5267,0.0,903767.0,0.0,0.0,False,sem exportação aos EUA,False,baixa,
1101435,NOVA UNIÃO,RO,5350,0.0,0.0,0.0,0.0,False,sem exportação aos EUA,True,média,Amazônia Legal
1101559,TEIXEIRÓPOLIS,RO,3927,0.0,0.0,0.0,0.0,False,sem exportação aos EUA,True,média,Amazônia Legal
4107405,ENÉAS MARQUES,PR,5490,0.0,967721.0,0.0,0.0,False,sem exportação aos EUA,False,baixa,
2414001,TANGARÁ,RN,12583,0.0,0.0,0.0,0.0,False,sem exportação aos EUA,False,baixa,
2413904,TAIPU,RN,10547,0.0,0.0,0.0,0.0,False,sem exportação aos EUA,False,baixa,
1100056,CEREJEIRAS,RO,13278,0.0,208225852.0,0.0,0.0,False,sem exportação aos EUA,True,média,Amazônia Legal
1101302,MIRANTE DA SERRA,RO,8333,0.0,0.0,0.0,0.0,False,sem exportação aos EUA,True,média,Amazônia Legal
1400308,MUCAJAÍ,RR,14383,0.0,341847.0,0.0,0.0,False,sem exportação aos EUA,True,média,Amazônia Legal
2207207,PADRE MARCOS,PI,6038,0.0,0.0,0.0,0.0,False,sem exportação aos EUA,False,baixa,
2208700,REDENÇÃO DO GURGUÉIA,PI,7001,0.0,0.0,0.0,0.0,False,sem exportação aos EUA,False,baixa,
4108908,GUAIRAÇÁ,PR,5399,0.0,0.0,0.0,0.0,False,sem exportação aos EUA,False,baixa,
4108502,GENERAL CARNEIRO,PR,8667,0.0,181050.0,0.0,0.0,False,sem exportação aos EUA,False,baixa,
4108601,GOIOERÊ,PR,21161,0.0,304333.0,0.0,0.0,False,sem exportação aos EUA,False,baixa,
2206605,MONTE ALEGRE DO PIAUÍ,PI,9415,0.0,62345322.0,0.0,0.0,False,sem exportação aos EUA,False,baixa,
2208601,PRATA DO PIAUÍ,PI,3706,0.0,0.0,0.0,0.0,False,sem exportação aos EUA,False,baixa,
4108957,GUAMIRANGA,PR,6603,0.0,0.0,0.0,0.0,False,sem exportação aos EUA,False,baixa,
2210409,SÃO MIGUEL DO TAPUIO,PI,15612,0.0,0.0,0.0,0.0,False,sem exportação aos EUA,False,baixa,
2200459,ALVORADA DO GURGUÉIA,PI,4659,0.0,0.0,0.0,0.0,False,sem exportação aos EUA,False,baixa,
1101708,URUPÁ,RO,9186,0.0,0.0,0.0,0.0,False,sem exportação aos EUA,True,média,Amazônia Legal
4110904,ITAGUAJÉ,PR,3512,0.0,0.0,0.0,0.0,False,sem exportação aos EUA,False,baixa,
2207603,PARNAGUÁ,PI,7624,0.0,0.0,0.0,0.0,False,sem exportação aos EUA,False,baixa,
1101492,SÃO FRANCISCO DO GUAPORÉ,RO,12702,0.0,0.0,0.0,0.0,False,sem exportação aos EUA,True,média,Amazônia Legal
2210508,SÃO PEDRO DO PIAUÍ,PI,11541,0.0,0.0,0.0,0.0,False,sem exportação aos EUA,False,baixa,
2201051,ASSUNÇÃO DO PIAUÍ,PI,7632,0.0,0.0,0.0,0.0,False,sem exportação aos EUA,False,baixa,
2210607,SÃO RAIMUNDO NONATO,PI,27458,0.0,0.0,0.0,0.0,False,sem exportação aos EUA,False,baixa,
4112207,JANIÓPOLIS,PR,4944,0.0,0.0,0.0,0.0,False,sem exportação aos EUA,False,baixa,
2207504,PALMEIRAIS,PI,13336,0.0,0.0,0.0,0.0,False,sem exportação aos EUA,False,baixa,
4120903,QUEDAS DO IGUAÇU,PR,23209,0.0,0.0,0.0,0.0,False,sem exportação aos EUA,False,baixa,
2409803,PEDRO VELHO,RN,11914,0.0,0.0,0.0,0.0,False,sem exportação aos EUA,False,baixa,
4123600,SANTA INÊS,PR,1684,0.0,0.0,0.0,0.0,False,sem exportação aos EUA,False,baixa,
4124301,SANTO ANTÔNIO DO PARAÍSO,PR,2247,0.0,0.0,0.0,0.0,False,sem exportação aos EUA,False,baixa,
4124202,SANTO ANTÔNIO DO CAIUÁ,PR,2358,0.0,0.0,0.0,0.0,False,sem exportação aos EUA,False,baixa,
4124400,SANTO ANTÔNIO DO SUDOESTE,PR,15509,0.0,4924053.0,0.0,0.0,False,sem exportação aos EUA,False,baixa,
4124004,SANTANA DO ITARARÉ,PR,4659,0.0,0.0,0.0,0.0,False,sem exportação aos EUA,False,baixa,
4123907,SANTA MARIANA,PR,9361,0.0,841574.0,0.0,0.0,False,sem exportação aos EUA,False,baixa,
3302205,ITAPERUNA,RJ,76037,0.0,2329.0,0.0,0.0,False,sem exportação aos EUA,False,baixa,
4123808,SANTA IZABEL DO OESTE,PR,8780,0.0,1295153.0,0.0,0.0,False,sem exportação aos EUA,False,baixa,
4107850,FLOR DA SERRA DO SUL,PR,4381,0.0,28349.0,0.0,0.0,False,sem exportação aos EUA,False,baixa,
4123709,SANTA ISABEL DO IVAÍ,PR,7006,0.0,0.0,0.0,0.0,False,sem exportação aos EUA,False,baixa,
3302304,LAJE DO MURIAÉ,RJ,6944,0.0,3697.0,0.0,0.0,False,sem exportação aos EUA,False,baixa,
4122800,SALGADO FILHO,PR,3590,0.0,0.0,0.0,0.0,False,sem exportação aos EUA,False,baixa,
4123402,SANTA FÉ,PR,9149,0.0,620185.0,0.0,0.0,False,sem exportação aos EUA,False,baixa,
4123303,SANTA CRUZ DE MONTE CASTELO,PR,6773,0.0,0.0,0.0,0.0,False,sem exportação aos EUA,False,baixa,
3302858,MESQUITA,RJ,136302,0.0,2808.0,0.0,0.0,False,sem exportação aos EUA,False,baixa,
4114906,MARILÂNDIA DO SUL,PR,7142,0.0,0.0,0.0,0.0,False,sem exportação aos EUA,False,baixa,
4123204,SANTA CECÍLIA DO PAVÃO,PR,3121,0.0,254330.0,0.0,0.0,False,sem exportação aos EUA,False,baixa,
4123105,SANTA AMÉLIA,PR,3048,0.0,334958.0,0.0,0.0,False,sem exportação aos EUA,False,baixa,
4123006,SALTO DO LONTRA,PR,11161,0.0,0.0,0.0,0.0,False,sem exportação aos EUA,False,baixa,
4107553,FAROL,PR,2837,0.0,0.0,0.0,0.0,False,sem exportação aos EUA,False,baixa,
4122909,SALTO DO ITARARÉ,PR,4614,0.0,0.0,0.0,0.0,False,sem exportação aos EUA,False,baixa,
4109658,HONÓRIO SERPA,PR,4366,0.0,0.0,0.0,0.0,False,sem exportação aos EUA,False,baixa,
3302452,MACUCO,RJ,7132,0.0,0.0,0.0,0.0,False,sem exportação aos EUA,False,baixa,
4124509,SANTO INÁCIO,PR,4802,0.0,157741483.0,0.0,0.0,True,sem exportação aos EUA,False,baixa,
4124608,SÃO CARLOS DO IVAÍ,PR,5076,0.0,95071275.0,0.0,0.0,False,sem exportação aos EUA,False,baixa,
4111258,ITAPERUÇU,PR,21624,0.0,1069543.0,0.0,0.0,False,sem exportação aos EUA,False,baixa,
3301405,CONCEIÇÃO DE MACABU,RJ,16681,0.0,0.0,0.0,0.0,False,sem exportação aos EUA,False,baixa,
4125555,SÃO MANOEL DO PARANÁ,PR,2070,0.0,0.0,0.0,0.0,False,sem exportação aos EUA,False,baixa,
3304755,SÃO FRANCISCO DE ITABAPOANA,RJ,39905,0.0,1320201.0,0.0,0.0,False,sem exportação aos EUA,False,baixa,
4125407,SÃO JOSÉ DA BOA VISTA,PR,4737,0.0,0.0,0.0,0.0,False,sem exportação aos EUA,False,baixa,
3300936,CARAPEBUS,RJ,13468,0.0,0.0,0.0,0.0,False,sem exportação aos EUA,False,baixa,
4117297,NOVO ITACOLOMI,PR,2996,0.0,0.0,0.0,0.0,False,sem exportação aos EUA,False,baixa,
3301603,DUAS BARRAS,RJ,10314,0.0,0.0,0.0,0.0,False,sem exportação aos EUA,False,baixa,
4102208,ATALAIA,PR,3479,0.0,5220014.0,0.0,0.0,False,sem exportação aos EUA,False,baixa,
4125209,SÃO JORGE D'OESTE,PR,8006,0.0,109681.0,0.0,0.0,False,sem exportação aos EUA,False,baixa,
4125308,SÃO JORGE DO IVAÍ,PR,4820,0.0,1204175.0,0.0,0.0,False,sem exportação aos EUA,False,baixa,
4104402,CÂNDIDO DE ABREU,PR,11738,0.0,187583.0,0.0,0.0,False,sem exportação aos EUA,False,baixa,
4125001,SÃO JOÃO DO IVAÍ,PR,9056,0.0,629884.0,0.0,0.0,False,sem exportação aos EUA,False,baixa,
4124905,SÃO JOÃO DO CAIUÁ,PR,4585,0.0,0.0,0.0,0.0,False,sem exportação aos EUA,False,baixa,
4110052,IGUATU,PR,2131,0.0,0.0,0.0,0.0,False,sem exportação aos EUA,False,baixa,
4124806,SÃO JOÃO,PR,9177,0.0,74655050.0,0.0,0.0,False,sem exportação aos EUA,False,baixa,
4124707,SÃO JERÔNIMO DA SERRA,PR,8538,0.0,19701.0,0.0,0.0,False,sem exportação aos EUA,False,baixa,
3305133,SÃO JOSÉ DE UBÁ,RJ,7636,0.0,0.0,0.0,0.0,False,sem exportação aos EUA,False,baixa,
3301801,ENGENHEIRO PAULO DE FRONTIN,RJ,11116,0.0,27040.0,0.0,0.0,False,sem exportação aos EUA,False,baixa,
3302601,MANGARATIBA,RJ,46501,0.0,0.0,0.0,0.0,False,sem exportação aos EUA,False,baixa,
3302700,MARICÁ,RJ,185609,0.0,0.0,0.0,0.0,False,sem exportação aos EUA,False,baixa,
4120101,PORTO AMAZONAS,PR,3870,0.0,369103.0,0.0,0.0,False,sem exportação aos EUA,False,baixa,
3305604,SILVA JARDIM,RJ,18674,0.0,0.0,0.0,0.0,False,sem exportação aos EUA,False,baixa,
3304300,RIO BONITO,RJ,45412,0.0,51225.0,0.0,0.0,False,sem exportação aos EUA,False,baixa,
3304409,RIO CLARO,RJ,14700,0.0,0.0,0.0,0.0,False,sem exportação aos EUA,False,baixa,
4121208,QUITANDINHA,PR,14118,0.0,521206.0,0.0,0.0,False,sem exportação aos EUA,False,baixa,
3304607,SANTA MARIA MADALENA,RJ,8846,0.0,0.0,0.0,0.0,False,sem exportação aos EUA,False,baixa,
3304706,SANTO ANTÔNIO DE PÁDUA,RJ,33702,0.0,176778.0,0.0,0.0,False,sem exportação aos EUA,False,baixa,
3304805,SÃO FIDÉLIS,RJ,30178,0.0,0.0,0.0,0.0,False,sem exportação aos EUA,False,baixa,
4121109,QUINTA DO SOL,PR,4291,0.0,2177199.0,0.0,0.0,False,sem exportação aos EUA,False,baixa,
3305307,SÃO SEBASTIÃO DO ALTO,RJ,7793,0.0,0.0,0.0,0.0,False,sem exportação aos EUA,False,baixa,
3305406,SAPUCAIA,RJ,15786,0.0,0.0,0.0,0.0,False,sem exportação aos EUA,False,baixa,
3305703,SUMIDOURO,RJ,14193,0.0,76950.0,0.0,0.0,False,sem exportação aos EUA,False,baixa,
4122172,RIO BRANCO DO IVAÍ,PR,3520,0.0,0.0,0.0,0.0,False,sem exportação aos EUA,False,baixa,
4121000,QUERÊNCIA DO NORTE,PR,7996,0.0,0.0,0.0,0.0,False,sem exportação aos EUA,False,baixa,
4101200,ANTONINA,PR,15653,0.0,0.0,0.0,0.0,False,sem exportação aos EUA,False,baixa,
4103479,CAFEZAL DO SUL,PR,4161,0.0,0.0,0.0,0.0,False,sem exportação aos EUA,False,baixa,
3305901,TRAJANO DE MORAES,RJ,9269,0.0,0.0,0.0,0.0,False,sem exportação aos EUA,False,baixa,
4120705,QUATIGUÁ,PR,6645,0.0,25958.0,0.0,0.0,False,sem exportação aos EUA,False,baixa,
4120507,PRIMEIRO DE MAIO,PR,8333,0.0,154000.0,0.0,0.0,False,sem exportação aos EUA,False,baixa,
4120408,PRESIDENTE CASTELO BRANCO,PR,3887,0.0,0.0,0.0,0.0,False,sem exportação aos EUA,False,baixa,
4120309,PORTO VITÓRIA,PR,3274,0.0,0.0,0.0,0.0,False,sem exportação aos EUA,False,baixa,
4104709,CARLÓPOLIS,PR,12148,0.0,10342.0,0.0,0.0,False,sem exportação aos EUA,False,baixa,
4104428,CANDÓI,PR,12050,0.0,453037.0,0.0,0.0,False,sem exportação aos EUA,False,baixa,
4121307,RANCHO ALEGRE,PR,3224,0.0,0.0,0.0,0.0,False,sem exportação aos EUA,False,baixa,
3304102,PORCIÚNCULA,RJ,13293,0.0,12489.0,0.0,0.0,False,sem exportação aos EUA,False,baixa,
4127882,TUNAS DO PARANÁ,PR,5500,0.0,0.0,0.0,0.0,False,sem exportação aos EUA,False,baixa,
4122602,RONDON,PR,6991,0.0,0.0,0.0,0.0,False,sem exportação aos EUA,False,baixa,
3302908,MIGUEL PEREIRA,RJ,24781,0.0,11804.0,0.0,0.0,False,sem exportação aos EUA,False,baixa,
3303005,MIRACEMA,RJ,21056,0.0,0.0,0.0,0.0,False,sem exportação aos EUA,False,baixa,
4122503,RONCADOR,PR,8952,0.0,1419770.0,0.0,0.0,False,sem exportação aos EUA,False,baixa,
3303104,NATIVIDADE,RJ,12453,0.0,0.0,0.0,0.0,False,sem exportação aos EUA,False,baixa,
4107538,ENTRE RIOS DO OESTE,PR,3721,0.0,54249.0,0.0,0.0,False,sem exportação aos EUA,False,baixa,
4107124,DIAMANTE DO SUL,PR,3479,0.0,0.0,0.0,0.0,False,sem exportação aos EUA,False,baixa,
3303203,NILÓPOLIS,RJ,128648,0.0,1670.0,0.0,0.0,False,sem exportação aos EUA,False,baixa,
4125753,SÃO PEDRO DO IGUAÇU,PR,5033,0.0,0.0,0.0,0.0,False,sem exportação aos EUA,False,baixa,
4122107,RIO BOM,PR,3019,0.0,0.0,0.0,0.0,False,sem exportação aos EUA,False,baixa,
4104501,CAPANEMA,PR,15204,0.0,87949195.0,0.0,0.0,False,sem exportação aos EUA,False,baixa,
3303609,PARACAMBI,RJ,33690,0.0,1265685.0,0.0,0.0,False,sem exportação aos EUA,False,baixa,
4121901,RIBEIRÃO DO PINHAL,PR,10165,0.0,0.0,0.0,0.0,False,sem exportação aos EUA,False,baixa,
4106571,CRUZEIRO DO IGUAÇU,PR,3622,0.0,0.0,0.0,0.0,False,sem exportação aos EUA,False,baixa,
4121802,RIBEIRÃO CLARO,PR,9867,0.0,187112.0,0.0,0.0,False,sem exportação aos EUA,False,baixa,
3303807,PARATY,RJ,35461,0.0,0.0,0.0,0.0,False,sem exportação aos EUA,False,baixa,
4121703,RESERVA,PR,20369,0.0,317706.0,0.0,0.0,False,sem exportação aos EUA,False,baixa,
4101309,ANTÔNIO OLINTO,PR,6911,0.0,0.0,0.0,0.0,False,sem exportação aos EUA,False,baixa,
4121604,RENASCENÇA,PR,5351,0.0,279913.0,0.0,0.0,False,sem exportação aos EUA,False,baixa,
4125704,SÃO MIGUEL DO IGUAÇU,PR,21857,0.0,128905.0,0.0,0.0,False,sem exportação aos EUA,False,baixa,
3301876,IGUABA GRANDE,RJ,30569,0.0,0.0,0.0,0.0,False,sem exportação aos EUA,False,baixa,
3301306,CASIMIRO DE ABREU,RJ,35993,0.0,1415.0,0.0,0.0,False,sem exportação aos EUA,False,baixa,
4103206,BOM SUCESSO,PR,5316,0.0,0.0,0.0,0.0,False,sem exportação aos EUA,False,baixa,
4103057,BOA VISTA DA APARECIDA,PR,7107,0.0,0.0,0.0,0.0,False,sem exportação aos EUA,False,baixa,
4103354,BRAGANEY,PR,4330,0.0,0.0,0.0,0.0,False,sem exportação aos EUA,False,baixa,
4127858,TRÊS BARRAS DO PARANÁ,PR,9120,0.0,0.0,0.0,0.0,False,sem exportação aos EUA,False,baixa,
4119251,PINHAL DE SÃO BENTO,PR,2579,0.0,0.0,0.0,0.0,False,sem exportação aos EUA,False,baixa,
4128807,XAMBRÊ,PR,5375,0.0,0.0,0.0,0.0,False,sem exportação aos EUA,False,baixa,
4103305,BORRAZÓPOLIS,PR,6279,0.0,715864.0,0.0,0.0,False,sem exportação aos EUA,False,baixa,
4128559,VERA CRUZ DO OESTE,PR,6593,0.0,45174.0,0.0,0.0,False,sem exportação aos EUA,False,baixa,
4118451,PATO BRAGADO,PR,4506,0.0,750810.0,0.0,0.0,False,sem exportação aos EUA,False,baixa,
4120358,PRANCHITA,PR,4649,0.0,529160.0,0.0,0.0,False,sem exportação aos EUA,False,baixa,
4117255,NOVA PRATA DO IGUAÇU,PR,8864,0.0,0.0,0.0,0.0,False,sem exportação aos EUA,False,baixa,
3303955,PINHEIRAL,RJ,18820,0.0,0.0,0.0,0.0,False,sem exportação aos EUA,False,baixa,
4112751,JESUÍTAS,PR,7384,0.0,0.0,0.0,0.0,False,sem exportação aos EUA,False,baixa,
4128708,VITORINO,PR,5942,0.0,2742158.0,0.0,0.0,False,sem exportação aos EUA,False,baixa,
4117214,NOVA SANTA BÁRBARA,PR,3758,0.0,0.0,0.0,0.0,False,sem exportação aos EUA,False,baixa,
4125357,SÃO JORGE DO PATROCÍNIO,PR,5235,0.0,0.0,0.0,0.0,False,sem exportação aos EUA,False,baixa,
4128500,WENCESLAU BRAZ,PR,14549,0.0,1717539.0,0.0,0.0,False,sem exportação aos EUA,False,baixa,
4128302,UNIFLOR,PR,2155,0.0,0.0,0.0,0.0,False,sem exportação aos EUA,False,baixa,
4104451,CANTAGALO,PR,9118,0.0,0.0,0.0,0.0,False,sem exportação aos EUA,False,baixa,
4117057,NOVA LARANJEIRAS,PR,8591,0.0,0.0,0.0,0.0,False,sem exportação aos EUA,False,baixa,
4100459,ALTAMIRA DO PARANÁ,PR,3441,0.0,0.0,0.0,0.0,False,sem exportação aos EUA,False,baixa,
4123824,SANTA LÚCIA,PR,3289,0.0,0.0,0.0,0.0,False,sem exportação aos EUA,False,baixa,
4117222,NOVA SANTA ROSA,PR,7055,0.0,243020.0,0.0,0.0,False,sem exportação aos EUA,False,baixa,
4103404,CAFEARA,PR,2223,0.0,0.0,0.0,0.0,False,sem exportação aos EUA,False,baixa,
4119657,PITANGUEIRAS,PR,2622,0.0,0.0,0.0,0.0,False,sem exportação aos EUA,False,baixa,
4122156,RIO BONITO DO IGUAÇU,PR,11105,0.0,0.0,0.0,0.0,False,sem exportação aos EUA,False,baixa,
4105300,CÉU AZUL,PR,8788,0.0,45595567.0,0.0,0.0,False,sem exportação aos EUA,False,baixa,
4103800,CAMBIRA,PR,6442,0.0,3043939.0,0.0,0.0,False,sem exportação aos EUA,False,baixa,
4108700,GRANDES RIOS,PR,4758,0.0,0.0,0.0,0.0,False,sem exportação aos EUA,False,baixa,
4103909,CAMPINA DA LAGOA,PR,12371,0.0,284324.0,0.0,0.0,False,sem exportação aos EUA,False,baixa,
4110409,INDIANÓPOLIS,PR,3803,0.0,0.0,0.0,0.0,False,sem exportação aos EUA,False,baixa,
4115705,MATINHOS,PR,35293,0.0,0.0,0.0,0.0,False,sem exportação aos EUA,False,baixa,
4102000,ASSIS CHATEAUBRIAND,PR,27256,0.0,92978927.0,0.0,0.0,False,sem exportação aos EUA,False,baixa,
4121356,RANCHO ALEGRE D'OESTE,PR,2352,0.0,462492.0,0.0,0.0,False,sem exportação aos EUA,False,baixa,
4117206,NOVA OLÍMPIA,PR,4854,0.0,0.0,0.0,0.0,False,sem exportação aos EUA,False,baixa,
4118907,PÉROLA,PR,9508,0.0,0.0,0.0,0.0,False,sem exportação aos EUA,False,baixa,
4123501,SANTA HELENA,PR,21071,0.0,220796.0,0.0,0.0,False,sem exportação aos EUA,False,baixa,
4126900,TAPIRA,PR,4694,0.0,62272.0,0.0,0.0,False,sem exportação aos EUA,False,baixa,
4121257,RAMILÂNDIA,PR,3754,0.0,0.0,0.0,0.0,False,sem exportação aos EUA,False,baixa,
4115002,MARILENA,PR,5989,0.0,0.0,0.0,0.0,False,sem exportação aos EUA,False,baixa,
4103602,CAMBARÁ,PR,17864,0.0,3931868.0,0.0,0.0,False,sem exportação aos EUA,False,baixa,
4108320,FRANCISCO ALVES,PR,6100,0.0,0.0,0.0,0.0,False,sem exportação aos EUA,False,baixa,
4103503,CALIFÓRNIA,PR,6940,0.0,644679.0,0.0,0.0,False,sem exportação aos EUA,False,baixa,
4100509,ALTÔNIA,PR,14510,0.0,0.0,0.0,0.0,False,sem exportação aos EUA,False,baixa,
4107751,FIGUEIRA,PR,6360,0.0,0.0,0.0,0.0,False,sem exportação aos EUA,False,baixa,
4113759,LUNARDELLI,PR,4235,0.0,0.0,0.0,0.0,False,sem exportação aos EUA,False,baixa,
4112959,JURANDA,PR,6202,0.0,0.0,0.0,0.0,False,sem exportação aos EUA,False,baixa,
4102703,BARRA DO JACARÉ,PR,2805,0.0,0.0,0.0,0.0,False,sem exportação aos EUA,False,baixa,
4126801,TAPEJARA,PR,11635,0.0,59154.0,0.0,0.0,False,sem exportação aos EUA,False,baixa,
4102604,BARRACÃO,PR,7600,0.0,10292606.0,0.0,0.0,False,sem exportação aos EUA,False,baixa,
3300506,BOM JARDIM,RJ,22628,0.0,167906.0,0.0,0.0,False,sem exportação aos EUA,False,baixa,
3300605,BOM JESUS DO ITABAPOANA,RJ,28472,0.0,69.0,0.0,0.0,False,sem exportação aos EUA,False,baixa,
4126504,SERTANÓPOLIS,PR,13311,0.0,313517627.0,0.0,0.0,False,sem exportação aos EUA,False,baixa,
4126405,SERTANEJA,PR,4818,0.0,4439290.0,0.0,0.0,False,sem exportação aos EUA,False,baixa,
3300803,CACHOEIRAS DE MACACU,RJ,46722,0.0,195515.0,0.0,0.0,False,sem exportação aos EUA,False,baixa,
4113429,LIDIANÓPOLIS,PR,3461,0.0,0.0,0.0,0.0,False,sem exportação aos EUA,False,baixa,
4126207,SAPOPEMA,PR,5485,0.0,0.0,0.0,0.0,False,sem exportação aos EUA,False,baixa,
3300902,CAMBUCI,RJ,12296,0.0,0.0,0.0,0.0,False,sem exportação aos EUA,False,baixa,
3300159,APERIBÉ,RJ,10135,0.0,0.0,0.0,0.0,False,sem exportação aos EUA,False,baixa,
4102505,BARBOSA FERRAZ,PR,8859,0.0,0.0,0.0,0.0,False,sem exportação aos EUA,False,baixa,
4126108,SÃO TOMÉ,PR,4816,0.0,2588.0,0.0,0.0,False,sem exportação aos EUA,False,baixa,
4111555,IVATÉ,PR,5439,0.0,0.0,0.0,0.0,False,sem exportação aos EUA,False,baixa,
4126009,SÃO SEBASTIÃO DA AMOREIRA,PR,6561,0.0,0.0,0.0,0.0,False,sem exportação aos EUA,False,baixa,
4102406,BANDEIRANTES,PR,24411,0.0,4840381.0,0.0,0.0,False,sem exportação aos EUA,False,baixa,
4125902,SÃO PEDRO DO PARANÁ,PR,2695,0.0,0.0,0.0,0.0,False,sem exportação aos EUA,False,baixa,
3301108,CANTAGALO,RJ,15148,0.0,498628.0,0.0,0.0,False,sem exportação aos EUA,False,baixa,
3300225,AREAL,RJ,10270,0.0,4878186.0,0.0,0.0,False,sem exportação aos EUA,False,baixa,
3306156,VARRE-SAI,RJ,8788,0.0,175256.0,0.0,0.0,False,sem exportação aos EUA,False,baixa,
4127007,TEIXEIRA SOARES,PR,8083,0.0,0.0,0.0,0.0,False,sem exportação aos EUA,False,baixa,
4107256,DOURADINA,PR,6988,0.0,201464.0,0.0,0.0,False,sem exportação aos EUA,False,baixa,
3301157,CARDOSO MOREIRA,RJ,12616,0.0,0.0,0.0,0.0,False,sem exportação aos EUA,False,baixa,
4103008,BOA ESPERANÇA,PR,3974,0.0,27396.0,0.0,0.0,False,sem exportação aos EUA,False,baixa,
4115853,MERCEDES,PR,4929,0.0,861182.0,0.0,0.0,False,sem exportação aos EUA,False,baixa,
4124053,SANTA TEREZINHA DE ITAIPU,PR,18871,0.0,8474584.0,0.0,0.0,False,sem exportação aos EUA,False,baixa,
4116059,MISSAL,PR,9671,0.0,10720.0,0.0,0.0,False,sem exportação aos EUA,False,baixa,
4127908,TUNEIRAS DO OESTE,PR,6721,0.0,0.0,0.0,0.0,False,sem exportação aos EUA,False,baixa,
4104055,CAMPO BONITO,PR,3695,0.0,0.0,0.0,0.0,False,sem exportação aos EUA,False,baixa,
4125456,SÃO JOSÉ DAS PALMEIRAS,PR,3463,0.0,0.0,0.0,0.0,False,sem exportação aos EUA,False,baixa,
3304151,QUISSAMÃ,RJ,19085,0.0,0.0,0.0,0.0,False,sem exportação aos EUA,False,baixa,
4127809,TOMAZINA,PR,6647,0.0,0.0,0.0,0.0,False,sem exportação aos EUA,False,baixa,
4127502,TIBAGI,PR,14864,0.0,2414407.0,0.0,0.0,False,sem exportação aos EUA,False,baixa,
4127403,TERRA ROXA,PR,13332,0.0,39938.0,0.0,0.0,False,sem exportação aos EUA,False,baixa,
4127304,TERRA RICA,PR,11783,0.0,123326.0,0.0,0.0,False,sem exportação aos EUA,False,baixa,
4127205,TERRA BOA,PR,13355,0.0,936638.0,0.0,0.0,False,sem exportação aos EUA,False,baixa,
3304128,QUATIS,RJ,10505,0.0,0.0,0.0,0.0,False,sem exportação aos EUA,False,baixa,
4104105,CAMPO DO TENENTE,PR,6393,0.0,1131021.0,0.0,0.0,False,sem exportação aos EUA,False,baixa,
4123857,SANTA MARIA DO OESTE,PR,8019,0.0,25594.0,0.0,0.0,False,sem exportação aos EUA,False,baixa,
3300308,BARRA DO PIRAÍ,RJ,69309,0.0,1482531.0,0.0,0.0,False,sem exportação aos EUA,False,baixa,
4102802,BELA VISTA DO PARAÍSO,PR,12282,0.0,28332978.0,0.0,0.0,False,sem exportação aos EUA,False,baixa,
4115739,MATO RICO,PR,3238,0.0,0.0,0.0,0.0,False,sem exportação aos EUA,False,baixa,
4120200,PORTO RICO,PR,3003,0.0,0.0,0.0,0.0,False,sem exportação aos EUA,False,baixa,
4120002,PORECATU,PR,9608,0.0,0.0,0.0,0.0,False,sem exportação aos EUA,False,baixa,
2409704,PEDRO AVELINO,RN,6554,0.0,0.0,0.0,0.0,False,sem exportação aos EUA,False,baixa,
4103958,CAMPINA DO SIMÃO,PR,3735,0.0,0.0,0.0,0.0,False,sem exportação aos EUA,False,baixa,
2406106,JUCURUTU,RN,15421,0.0,0.0,0.0,0.0,False,sem exportação aos EUA,False,baixa,
2407609,MESSIAS TARGINO,RN,4715,0.0,0.0,0.0,0.0,False,sem exportação aos EUA,False,baixa,
2406205,LAGOA D'ANTA,RN,6393,0.0,0.0,0.0,0.0,False,sem exportação aos EUA,False,baixa,
2406304,LAGOA DE PEDRAS,RN,7693,0.0,0.0,0.0,0.0,False,sem exportação aos EUA,False,baixa,
4116505,NOVA ALIANÇA DO IVAÍ,PR,1565,0.0,0.0,0.0,0.0,False,sem exportação aos EUA,False,baixa,
4116406,NOSSA SENHORA DAS GRAÇAS,PR,3173,0.0,0.0,0.0,0.0,False,sem exportação aos EUA,False,baixa,
2210391,SÃO MIGUEL DO FIDALGO,PI,3027,0.0,0.0,0.0,0.0,False,sem exportação aos EUA,False,baixa,
2406403,LAGOA DE VELHOS,RN,3314,0.0,0.0,0.0,0.0,False,sem exportação aos EUA,False,baixa,
2406502,LAGOA NOVA,RN,12875,0.0,0.0,0.0,0.0,False,sem exportação aos EUA,False,baixa,
2406601,LAGOA SALGADA,RN,9613,0.0,0.0,0.0,0.0,False,sem exportação aos EUA,False,baixa,
2210383,SÃO MIGUEL DA BAIXA GRANDE,PI,2835,0.0,0.0,0.0,0.0,False,sem exportação aos EUA,False,baixa,
4116307,MUNHOZ DE MELLO,PR,3547,0.0,0.0,0.0,0.0,False,sem exportação aos EUA,False,baixa,
2406700,LAJES,RN,9481,0.0,499436.0,0.0,0.0,False,sem exportação aos EUA,False,baixa,
2202729,COCAL DOS ALVES,PI,5586,0.0,0.0,0.0,0.0,False,sem exportação aos EUA,False,baixa,
2406809,LAJES PINTADAS,RN,5230,0.0,0.0,0.0,0.0,False,sem exportação aos EUA,False,baixa,
2202653,CAXINGÓ,PI,5777,0.0,0.0,0.0,0.0,False,sem exportação aos EUA,False,baixa,
4116109,MOREIRA SALES,PR,9161,0.0,42561.0,0.0,0.0,False,sem exportação aos EUA,False,baixa,
2406908,LUCRÉCIA,RN,3467,0.0,0.0,0.0,0.0,False,sem exportação aos EUA,False,baixa,
2407005,LUÍS GOMES,RN,7360,0.0,0.0,0.0,0.0,False,sem exportação aos EUA,False,baixa,
2202539,CARAÚBAS DO PIAUÍ,PI,5366,0.0,0.0,0.0,0.0,False,sem exportação aos EUA,False,baixa,
2207793,PAU D'ARCO DO PIAUÍ,PI,5401,0.0,0.0,0.0,0.0,False,sem exportação aos EUA,False,baixa,
2406007,JOSÉ DA PENHA,RN,5251,0.0,0.0,0.0,0.0,False,sem exportação aos EUA,False,baixa,
2206720,NAZÁRIA,PI,11555,0.0,0.0,0.0,0.0,False,sem exportação aos EUA,False,baixa,
2405900,JOÃO DIAS,RN,3082,0.0,0.0,0.0,0.0,False,sem exportação aos EUA,False,baixa,
2404804,IPUEIRA,RN,2185,0.0,0.0,0.0,0.0,False,sem exportação aos EUA,False,baixa,
2404903,ITAÚ,RN,5189,0.0,0.0,0.0,0.0,False,sem exportação aos EUA,False,baixa,
2405009,JAÇANÃ,RN,6324,0.0,0.0,0.0,0.0,False,sem exportação aos EUA,False,baixa,
4100103,ABATIÁ,PR,5976,0.0,0.0,0.0,0.0,False,sem exportação aos EUA,False,baixa,
4108551,GODOY MOREIRA,PR,2850,0.0,0.0,0.0,0.0,False,sem exportação aos EUA,False,baixa,
2405108,JANDAÍRA,RN,6396,0.0,7233680.0,0.0,0.0,False,sem exportação aos EUA,False,baixa,
4103156,BOM JESUS DO SUL,PR,3699,0.0,9126.0,0.0,0.0,False,sem exportação aos EUA,False,baixa,
4116901,NOVA ESPERANÇA,PR,19494,0.0,177113.0,0.0,0.0,False,sem exportação aos EUA,False,baixa,
2405207,JANDUÍS,RN,4474,0.0,0.0,0.0,0.0,False,sem exportação aos EUA,False,baixa,
4106001,CONGONHINHAS,PR,6609,0.0,1825807.0,0.0,0.0,False,sem exportação aos EUA,False,baixa,
4116802,NOVA CANTU,PR,6004,0.0,0.0,0.0,0.0,False,sem exportação aos EUA,False,baixa,
2405306,BOA SAÚDE,RN,8062,0.0,0.0,0.0,0.0,False,sem exportação aos EUA,False,baixa,
2405405,JAPI,RN,5746,0.0,0.0,0.0,0.0,False,sem exportação aos EUA,False,baixa,
2405504,JARDIM DE ANGICOS,RN,3156,0.0,0.0,0.0,0.0,False,sem exportação aos EUA,False,baixa,
4116604,NOVA AMÉRICA DA COLINA,PR,3349,0.0,0.0,0.0,0.0,False,sem exportação aos EUA,False,baixa,
2405603,JARDIM DE PIRANHAS,RN,11100,0.0,0.0,0.0,0.0,False,sem exportação aos EUA,False,baixa,
2200954,AROEIRAS DO ITAIM,PI,4352,0.0,0.0,0.0,0.0,False,sem exportação aos EUA,False,baixa,
2405702,JARDIM DO SERIDÓ,RN,10316,0.0,31549.0,0.0,0.0,False,sem exportação aos EUA,False,baixa,
2405801,JOÃO CÂMARA,RN,27705,0.0,0.0,0.0,0.0,False,sem exportação aos EUA,False,baixa,
4106100,CONSELHEIRO MAIRINCK,PR,3221,0.0,0.0,0.0,0.0,False,sem exportação aos EUA,False,baixa,
2209450,SANTO ANTÔNIO DOS MILAGRES,PI,1955,0.0,0.0,0.0,0.0,False,sem exportação aos EUA,False,baixa,
3302056,ITALVA,RJ,11648,0.0,0.0,0.0,0.0,False,sem exportação aos EUA,False,baixa,
2409100,PASSA E FICA,RN,10054,0.0,0.0,0.0,0.0,False,sem exportação aos EUA,False,baixa,
2202083,CAJUEIRO DA PRAIA,PI,7643,0.0,0.0,0.0,0.0,False,sem exportação aos EUA,False,baixa,
2408706,PARAÚ,RN,4339,0.0,0.0,0.0,0.0,False,sem exportação aos EUA,False,baixa,
2211704,WALL FERRAZ,PI,4305,0.0,0.0,0.0,0.0,False,sem exportação aos EUA,False,baixa,
2408805,PARAZINHO,RN,5532,0.0,0.0,0.0,0.0,False,sem exportação aos EUA,False,baixa,
4106555,CORUMBATAÍ DO SUL,PR,3757,0.0,0.0,0.0,0.0,False,sem exportação aos EUA,False,baixa,
2211506,VERA MENDES,PI,3670,0.0,0.0,0.0,0.0,False,sem exportação aos EUA,False,baixa,
4114708,MARIA HELENA,PR,4789,0.0,0.0,0.0,0.0,False,sem exportação aos EUA,False,baixa,
2211605,VILA NOVA DO PIAUÍ,PI,3001,0.0,0.0,0.0,0.0,False,sem exportação aos EUA,False,baixa,
4107520,ESPERANÇA NOVA,PR,2112,0.0,0.0,0.0,0.0,False,sem exportação aos EUA,False,baixa,
2409209,PASSAGEM,RN,4547,0.0,0.0,0.0,0.0,False,sem exportação aos EUA,False,baixa,
2407302,MARCELINO VIEIRA,RN,7032,0.0,0.0,0.0,0.0,False,sem exportação aos EUA,False,baixa,
2210953,TAMBORIL DO PIAUÍ,PI,2989,0.0,0.0,0.0,0.0,False,sem exportação aos EUA,False,baixa,
2210979,TANQUE DO PIAUÍ,PI,2725,0.0,0.0,0.0,0.0,False,sem exportação aos EUA,False,baixa,
2210938,SUSSUAPARA,PI,6735,0.0,0.0,0.0,0.0,False,sem exportação aos EUA,False,baixa,
2209658,SÃO FRANCISCO DE ASSIS DO PIAUÍ,PI,4780,0.0,0.0,0.0,0.0,False,sem exportação aos EUA,False,baixa,
2409308,PATU,RN,9946,0.0,0.0,0.0,0.0,False,sem exportação aos EUA,False,baixa,
2409407,PAU DOS FERROS,RN,21145,0.0,0.0,0.0,0.0,False,sem exportação aos EUA,False,baixa,
2409506,PEDRA GRANDE,RN,4340,0.0,0.0,0.0,0.0,False,sem exportação aos EUA,False,baixa,
2409605,PEDRA PRETA,RN,3295,0.0,0.0,0.0,0.0,False,sem exportação aos EUA,False,baixa,
4114500,MANOEL RIBAS,PR,11018,0.0,3150167.0,0.0,0.0,False,sem exportação aos EUA,False,baixa,
2203255,CURRALINHOS,PI,5297,0.0,0.0,0.0,0.0,False,sem exportação aos EUA,False,baixa,
2208551,PORTO ALEGRE DO PIAUÍ,PI,2106,0.0,0.0,0.0,0.0,False,sem exportação aos EUA,False,baixa,
2408607,PARANÁ,RN,4235,0.0,0.0,0.0,0.0,False,sem exportação aos EUA,False,baixa,
2408508,OURO BRANCO,RN,4580,0.0,0.0,0.0,0.0,False,sem exportação aos EUA,False,baixa,
2407401,MARTINS,RN,7611,0.0,0.0,0.0,0.0,False,sem exportação aos EUA,False,baixa,
2407500,MAXARANGUAPE,RN,10437,0.0,0.0,0.0,0.0,False,sem exportação aos EUA,False,baixa,
2203859,FLORESTA DO PIAUÍ,PI,2599,0.0,0.0,0.0,0.0,False,sem exportação aos EUA,False,baixa,
2404002,FRUTUOSO GOMES,RN,4173,0.0,0.0,0.0,0.0,False,sem exportação aos EUA,False,baixa,
4115903,MIRADOR,PR,2160,0.0,895344.0,0.0,0.0,False,sem exportação aos EUA,False,baixa,
2407708,MONTANHAS,RN,9623,0.0,0.0,0.0,0.0,False,sem exportação aos EUA,False,baixa,
4115606,MATELÂNDIA,PR,13751,0.0,322273660.0,0.0,0.0,False,sem exportação aos EUA,False,baixa,
4115507,MARUMBI,PR,3950,0.0,0.0,0.0,0.0,False,sem exportação aos EUA,False,baixa,
2407807,MONTE ALEGRE,RN,17267,0.0,5.0,0.0,0.0,False,sem exportação aos EUA,False,baixa,
2407906,MONTE DAS GAMELEIRAS,RN,3052,0.0,0.0,0.0,0.0,False,sem exportação aos EUA,False,baixa,
4106308,CORBÉLIA,PR,13858,0.0,484069.0,0.0,0.0,False,sem exportação aos EUA,False,baixa,
2210375,SÃO LUIS DO PIAUÍ,PI,3574,0.0,0.0,0.0,0.0,False,sem exportação aos EUA,False,baixa,
4106852,CRUZMALTINA,PR,2730,0.0,0.0,0.0,0.0,False,sem exportação aos EUA,False,baixa,
4115309,MARIÓPOLIS,PR,5494,0.0,0.0,0.0,0.0,False,sem exportação aos EUA,False,baixa,
2209757,SÃO GONÇALO DO GURGUÉIA,PI,2882,0.0,0.0,0.0,0.0,False,sem exportação aos EUA,False,baixa,
2208874,RIBEIRA DO PIAUÍ,PI,3891,0.0,0.0,0.0,0.0,False,sem exportação aos EUA,False,baixa,
2408300,NOVA CRUZ,RN,27948,0.0,0.0,0.0,0.0,False,sem exportação aos EUA,False,baixa,
4115101,MARILUZ,PR,7588,0.0,2211733.0,0.0,0.0,False,sem exportação aos EUA,False,baixa,
2408409,OLHO D'ÁGUA DO BORGES,RN,4689,0.0,0.0,0.0,0.0,False,sem exportação aos EUA,False,baixa,
4117008,NOVA FÁTIMA,PR,6087,0.0,449159.0,0.0,0.0,False,sem exportação aos EUA,False,baixa,
2404606,IELMO MARINHO,RN,11530,0.0,1708759.0,0.0,0.0,False,sem exportação aos EUA,False,baixa,
2404408,GROSSOS,RN,9557,0.0,14534.0,0.0,0.0,False,sem exportação aos EUA,False,baixa,
2407252,MAJOR SALES,RN,3212,0.0,0.0,0.0,0.0,False,sem exportação aos EUA,False,baixa,
2400604,ALMINO AFONSO,RN,5166,0.0,0.0,0.0,0.0,False,sem exportação aos EUA,False,baixa,
2414456,TRIUNFO POTIGUAR,RN,4239,0.0,0.0,0.0,0.0,False,sem exportação aos EUA,False,baixa,
2400703,ALTO DO RODRIGUES,RN,12062,0.0,228765.0,0.0,0.0,False,sem exportação aos EUA,False,baixa,
2403756,FERNANDO PEDROZA,RN,3409,0.0,0.0,0.0,0.0,False,sem exportação aos EUA,False,baixa,
4118808,PEABIRU,PR,9916,0.0,176579.0,0.0,0.0,False,sem exportação aos EUA,False,baixa,
4113254,LARANJAL,PR,4694,0.0,0.0,0.0,0.0,False,sem exportação aos EUA,False,baixa,
2400802,ANGICOS,RN,10219,0.0,0.0,0.0,0.0,False,sem exportação aos EUA,False,baixa,
4118709,PAULO FRONTIN,PR,5698,0.0,110687.0,0.0,0.0,False,sem exportação aos EUA,False,baixa,
4105102,CENTENÁRIO DO SUL,PR,8551,0.0,0.0,0.0,0.0,False,sem exportação aos EUA,False,baixa,
4118600,PAULA FREITAS,PR,4763,0.0,61260.0,0.0,0.0,False,sem exportação aos EUA,False,baixa,
4105904,COLORADO,PR,17627,0.0,54712629.0,0.0,0.0,False,sem exportação aos EUA,False,baixa,
2400901,ANTÔNIO MARTINS,RN,5912,0.0,0.0,0.0,0.0,False,sem exportação aos EUA,False,baixa,
2414753,VENHA-VER,RN,3918,0.0,0.0,0.0,0.0,False,sem exportação aos EUA,False,baixa,
2401008,APODI,RN,30219,0.0,6925312.0,0.0,0.0,False,sem exportação aos EUA,False,baixa,
4103024,BOA ESPERANÇA DO IGUAÇU,PR,2309,0.0,0.0,0.0,0.0,False,sem exportação aos EUA,False,baixa,
2413557,SERRINHA DOS PINTOS,RN,4196,0.0,0.0,0.0,0.0,False,sem exportação aos EUA,False,baixa,
4100806,ALVORADA DO SUL,PR,7430,0.0,9470.0,0.0,0.0,False,sem exportação aos EUA,False,baixa,
4118303,PARANAPOEMA,PR,2106,0.0,0.0,0.0,0.0,False,sem exportação aos EUA,False,baixa,
2411056,TIBAU,RN,9238,0.0,0.0,0.0,0.0,False,sem exportação aos EUA,False,baixa,
2401206,AREZ,RN,11506,0.0,5496700.0,0.0,0.0,False,sem exportação aos EUA,False,baixa,
2401651,BODÓ,RN,3784,0.0,0.0,0.0,0.0,False,sem exportação aos EUA,False,baixa,
4119004,PÉROLA D'OESTE,PR,5285,0.0,0.0,0.0,0.0,False,sem exportação aos EUA,False,baixa,
2400505,ALEXANDRIA,RN,11804,0.0,1523.0,0.0,0.0,False,sem exportação aos EUA,False,baixa,
4105003,CATANDUVAS,PR,7097,0.0,0.0,0.0,0.0,False,sem exportação aos EUA,False,baixa,
3303856,PATY DO ALFERES,RJ,24302,0.0,0.0,0.0,0.0,False,sem exportação aos EUA,False,baixa,
4103370,BRASILÂNDIA DO SUL,PR,3350,0.0,0.0,0.0,0.0,False,sem exportação aos EUA,False,baixa,
4128625,ALTO PARAÍSO,PR,3269,0.0,0.0,0.0,0.0,False,sem exportação aos EUA,False,baixa,
4119806,PLANALTO,PR,10281,0.0,292156.0,0.0,0.0,False,sem exportação aos EUA,False,baixa,
4119707,PLANALTINA DO PARANÁ,PR,3432,0.0,0.0,0.0,0.0,False,sem exportação aos EUA,False,baixa,
3305158,SÃO JOSÉ DO VALE DO RIO PRETO,RJ,16230,0.0,0.0,0.0,0.0,False,sem exportação aos EUA,False,baixa,
4103222,BOM SUCESSO DO SUL,PR,3020,0.0,0.0,0.0,0.0,False,sem exportação aos EUA,False,baixa,
2414159,TENENTE LAURENTINO CRUZ,RN,5580,0.0,0.0,0.0,0.0,False,sem exportação aos EUA,False,baixa,
2400109,ACARI,RN,9368,0.0,2229882.0,0.0,0.0,False,sem exportação aos EUA,False,baixa,
4100905,AMAPORÃ,PR,4058,0.0,0.0,0.0,0.0,False,sem exportação aos EUA,False,baixa,
2413359,SERRA DO MEL,RN,13225,0.0,305125.0,0.0,0.0,False,sem exportação aos EUA,False,baixa,
4119608,PITANGA,PR,25677,0.0,407266.0,0.0,0.0,False,sem exportação aos EUA,False,baixa,
4128633,DOUTOR ULYSSES,PR,5209,0.0,0.0,0.0,0.0,False,sem exportação aos EUA,False,baixa,
2400208,ASSÚ,RN,45551,0.0,1811060.0,0.0,0.0,False,sem exportação aos EUA,False,baixa,
2401859,CAIÇARA DO NORTE,RN,5551,0.0,0.0,0.0,0.0,False,sem exportação aos EUA,False,baixa,
4119301,PINHÃO,PR,23849,0.0,0.0,0.0,0.0,False,sem exportação aos EUA,False,baixa,
2412559,SÃO MIGUEL DO GOSTOSO,RN,9651,0.0,4259.0,0.0,0.0,False,sem exportação aos EUA,False,baixa,
2400406,ÁGUA NOVA,RN,3009,0.0,0.0,0.0,0.0,False,sem exportação aos EUA,False,baixa,
2404853,ITAJÁ,RN,7286,0.0,0.0,0.0,0.0,False,sem exportação aos EUA,False,baixa,
2409332,SANTA MARIA,RN,5115,0.0,0.0,0.0,0.0,False,sem exportação aos EUA,False,baixa,
2401305,CAMPO GRANDE,RN,8816,0.0,0.0,0.0,0.0,False,sem exportação aos EUA,False,baixa,
4101150,ÂNGULO,PR,2817,0.0,0.0,0.0,0.0,False,sem exportação aos EUA,False,baixa,
4100202,ADRIANÓPOLIS,PR,5781,0.0,0.0,0.0,0.0,False,sem exportação aos EUA,False,baixa,
4126272,SAUDADE DO IGUAÇU,PR,5302,0.0,0.0,0.0,0.0,False,sem exportação aos EUA,False,baixa,
2402907,CORONEL JOÃO PESSOA,RN,4073,0.0,0.0,0.0,0.0,False,sem exportação aos EUA,False,baixa,
2403004,CRUZETA,RN,6955,0.0,0.0,0.0,0.0,False,sem exportação aos EUA,False,baixa,
4101853,ARIRANHA DO IVAÍ,PR,2527,0.0,0.0,0.0,0.0,False,sem exportação aos EUA,False,baixa,
4101655,ARAPUÃ,PR,3263,0.0,0.0,0.0,0.0,False,sem exportação aos EUA,False,baixa,
4114401,MANGUEIRINHA,PR,13764,0.0,22808917.0,0.0,0.0,False,sem exportação aos EUA,False,baixa,
4102752,BELA VISTA DA CAROBA,PR,2988,0.0,0.0,0.0,0.0,False,sem exportação aos EUA,False,baixa,
2403202,DOUTOR SEVERIANO,RN,6326,0.0,0.0,0.0,0.0,False,sem exportação aos EUA,False,baixa,
2403301,ENCANTO,RN,5141,0.0,0.0,0.0,0.0,False,sem exportação aos EUA,False,baixa,
2403400,EQUADOR,RN,4769,0.0,0.0,0.0,0.0,False,sem exportação aos EUA,False,baixa,
2403509,ESPÍRITO SANTO,RN,7961,0.0,0.0,0.0,0.0,False,sem exportação aos EUA,False,baixa,
2403608,EXTREMOZ,RN,39504,0.0,0.0,0.0,0.0,False,sem exportação aos EUA,False,baixa,
2403707,FELIPE GUERRA,RN,7070,0.0,0.0,0.0,0.0,False,sem exportação aos EUA,False,baixa,
2403806,FLORÂNIA,RN,8397,0.0,25207.0,0.0,0.0,False,sem exportação aos EUA,False,baixa,
2403905,FRANCISCO DANTAS,RN,2868,0.0,0.0,0.0,0.0,False,sem exportação aos EUA,False,baixa,
4117404,OURIZONA,PR,2830,0.0,0.0,0.0,0.0,False,sem exportação aos EUA,False,baixa,
2404101,GALINHOS,RN,2858,0.0,2693161.0,0.0,0.0,False,sem exportação aos EUA,False,baixa,
2404200,GOIANINHA,RN,22264,0.0,0.0,0.0,0.0,False,sem exportação aos EUA,False,baixa,
4103040,BOA VENTURA DE SÃO ROQUE,PR,5080,0.0,12012.0,0.0,0.0,False,sem exportação aos EUA,False,baixa,
2402808,CORONEL EZEQUIEL,RN,4902,0.0,0.0,0.0,0.0,False,sem exportação aos EUA,False,baixa,
2402709,CERRO CORÁ,RN,9720,0.0,0.0,0.0,0.0,False,sem exportação aos EUA,False,baixa,
4100707,ALTO PIQUIRI,PR,7426,0.0,0.0,0.0,0.0,False,sem exportação aos EUA,False,baixa,
2402600,CEARÁ-MIRIM,RN,60280,0.0,1404317.0,0.0,0.0,False,sem exportação aos EUA,False,baixa,
4101051,ANAHY,PR,2828,0.0,0.0,0.0,0.0,False,sem exportação aos EUA,False,baixa,
4118105,PARANACITY,PR,7616,0.0,6678.0,0.0,0.0,False,sem exportação aos EUA,False,baixa,
4100608,ALTO PARANÁ,PR,10406,0.0,5247335.0,0.0,0.0,False,sem exportação aos EUA,False,baixa,
4116950,NOVA ESPERANÇA DO SUDOESTE,PR,5165,0.0,0.0,0.0,0.0,False,sem exportação aos EUA,False,baixa,
4118006,PARAÍSO DO NORTE,PR,9490,0.0,0.0,0.0,0.0,False,sem exportação aos EUA,False,baixa,
2401503,BARCELONA,RN,4679,0.0,0.0,0.0,0.0,False,sem exportação aos EUA,False,baixa,
2406155,JUNDIÁ,RN,4775,0.0,0.0,0.0,0.0,False,sem exportação aos EUA,False,baixa,
2401602,BENTO FERNANDES,RN,4926,0.0,0.0,0.0,0.0,False,sem exportação aos EUA,False,baixa,
2401701,BOM JESUS,RN,9083,0.0,0.0,0.0,0.0,False,sem exportação aos EUA,False,baixa,
2401800,BREJINHO,RN,10102,0.0,0.0,0.0,0.0,False,sem exportação aos EUA,False,baixa,
2401909,CAIÇARA DO RIO DO VENTO,RN,4196,0.0,4891.0,0.0,0.0,False,sem exportação aos EUA,False,baixa,
4117453,OURO VERDE DO OESTE,PR,5332,0.0,0.0,0.0,0.0,False,sem exportação aos EUA,False,baixa,
4117800,PALMITAL,PR,10879,0.0,0.0,0.0,0.0,False,sem exportação aos EUA,False,baixa,
2402105,CAMPO REDONDO,RN,8619,0.0,0.0,0.0,0.0,False,sem exportação aos EUA,False,baixa,
2402204,CANGUARETAMA,RN,24690,0.0,0.0,0.0,0.0,False,sem exportação aos EUA,False,baixa,
2402303,CARAÚBAS,RN,18980,0.0,0.0,0.0,0.0,False,sem exportação aos EUA,False,baixa,
2402402,CARNAÚBA DOS DANTAS,RN,6324,0.0,6173.0,0.0,0.0,False,sem exportação aos EUA,False,baixa,
2402501,CARNAUBAIS,RN,8684,0.0,0.0,0.0,0.0,False,sem exportação aos EUA,False,baixa,
4113452,LINDOESTE,PR,5116,0.0,459920.0,0.0,0.0,False,sem exportação aos EUA,False,baixa,
1200138,BUJARI,AC,11152,0.0,0.0,0.0,0.0,False,sem exportação aos EUA,True,média,Amazônia Legal
4317707,SANTO ANTÔNIO DAS MISSÕES,RS,8347,0.0,0.0,0.0,0.0,False,sem exportação aos EUA,False,baixa,
4318051,SÃO DOMINGOS DO SUL,RS,2596,0.0,0.0,0.0,0.0,False,sem exportação aos EUA,False,baixa,
3515806,FLORA RICA,SP,1428,0.0,0.0,0.0,0.0,False,sem exportação aos EUA,False,baixa,
3512902,COSMORAMA,SP,7030,0.0,2795623.0,0.0,0.0,False,sem exportação aos EUA,False,baixa,
3513207,CRISTAIS PAULISTA,SP,7311,0.0,5483.0,0.0,0.0,False,sem exportação aos EUA,False,baixa,
3513306,CRUZÁLIA,SP,1966,0.0,0.0,0.0,0.0,False,sem exportação aos EUA,False,baixa,
3513900,DIVINOLÂNDIA,SP,9543,0.0,0.0,0.0,0.0,False,sem exportação aos EUA,False,baixa,
3514007,DOBRADA,SP,6727,0.0,66166.0,0.0,0.0,False,sem exportação aos EUA,False,baixa,
3514205,DOLCINÓPOLIS,SP,2355,0.0,0.0,0.0,0.0,False,sem exportação aos EUA,False,baixa,
3514700,ECHAPORÃ,SP,5070,0.0,381090.0,0.0,0.0,False,sem exportação aos EUA,False,baixa,
3514809,ELDORADO,SP,10787,0.0,799.0,0.0,0.0,False,sem exportação aos EUA,False,baixa,
3515004,EMBU DAS ARTES,SP,206389,0.0,0.0,0.0,0.0,False,sem exportação aos EUA,False,baixa,
3515202,ESTRELA D'OESTE,SP,7128,0.0,216849811.0,0.0,0.0,False,sem exportação aos EUA,False,baixa,
3515301,ESTRELA DO NORTE,SP,2464,0.0,0.0,0.0,0.0,False,sem exportação aos EUA,False,baixa,
3515400,FARTURA,SP,12518,0.0,113600.0,0.0,0.0,False,sem exportação aos EUA,False,baixa,
3515509,FERNANDÓPOLIS,SP,50193,0.0,54081457.0,0.0,0.0,False,sem exportação aos EUA,False,baixa,
3516002,FLÓRIDA PAULISTA,SP,7407,0.0,0.0,0.0,0.0,False,sem exportação aos EUA,False,baixa,
3512605,CORONEL MACEDO,SP,3793,0.0,0.0,0.0,0.0,False,sem exportação aos EUA,False,baixa,
3516101,FLORÍNEA,SP,2673,0.0,0.0,0.0,0.0,False,sem exportação aos EUA,False,baixa,
3516309,FRANCISCO MORATO,SP,126796,0.0,110025.0,0.0,0.0,False,sem exportação aos EUA,False,baixa,
3516507,GABRIEL MONTEIRO,SP,2682,0.0,0.0,0.0,0.0,False,sem exportação aos EUA,False,baixa,
3516606,GÁLIA,SP,4626,0.0,110055.0,0.0,0.0,False,sem exportação aos EUA,False,baixa,
3516804,GASTÃO VIDIGAL,SP,2869,0.0,0.0,0.0,0.0,False,sem exportação aos EUA,False,baixa,
3516903,GENERAL SALGADO,SP,7966,0.0,0.0,0.0,0.0,False,sem exportação aos EUA,False,baixa,
3517000,GETULINA,SP,7043,0.0,1706.0,0.0,0.0,False,sem exportação aos EUA,False,baixa,
3517109,GLICÉRIO,SP,3987,0.0,230196.0,0.0,0.0,False,sem exportação aos EUA,False,baixa,
3517307,GUAIMBÊ,SP,4479,0.0,0.0,0.0,0.0,False,sem exportação aos EUA,False,baixa,
3517604,GUAPIARA,SP,13629,0.0,0.0,0.0,0.0,False,sem exportação aos EUA,False,baixa,
3517703,GUARÁ,SP,14159,0.0,144271.0,0.0,0.0,False,sem exportação aos EUA,False,baixa,
3517802,GUARAÇAÍ,SP,6153,0.0,0.0,0.0,0.0,False,sem exportação aos EUA,False,baixa,
3517901,GUARACI,SP,8095,0.0,77448383.0,0.0,0.0,False,sem exportação aos EUA,False,baixa,
3512704,CORUMBATAÍ,SP,3523,0.0,9415131.0,0.0,0.0,False,sem exportação aos EUA,False,baixa,
3512506,COROADOS,SP,4020,0.0,170307.0,0.0,0.0,False,sem exportação aos EUA,False,baixa,
3518107,GUARANTÃ,SP,4765,0.0,1977816.0,0.0,0.0,False,sem exportação aos EUA,False,baixa,
3508702,CACONDE,SP,13333,0.0,0.0,0.0,0.0,False,sem exportação aos EUA,False,baixa,
3506805,BOCAINA,SP,8535,0.0,81807349.0,0.0,0.0,False,sem exportação aos EUA,False,baixa,
3532868,NOVA CASTILHO,SP,1375,0.0,0.0,0.0,0.0,False,sem exportação aos EUA,False,baixa,
3506904,BOFETE,SP,8935,0.0,0.0,0.0,0.0,False,sem exportação aos EUA,False,baixa,
3534757,OUROESTE,SP,7997,0.0,39972697.0,0.0,0.0,False,sem exportação aos EUA,False,baixa,
3536570,PAULISTÂNIA,SP,1993,0.0,0.0,0.0,0.0,False,sem exportação aos EUA,False,baixa,
3543238,RIBEIRÃO DOS ÍNDIOS,SP,1918,0.0,317350.0,0.0,0.0,False,sem exportação aos EUA,False,baixa,
3507209,BORÁ,SP,1094,0.0,36020.0,0.0,0.0,False,sem exportação aos EUA,False,baixa,
3554755,TRABIJU,SP,1649,0.0,0.0,0.0,0.0,False,sem exportação aos EUA,False,baixa,
3507407,BORBOREMA,SP,10738,0.0,68360988.0,0.0,0.0,False,sem exportação aos EUA,False,baixa,
3507704,BRAÚNA,SP,4231,0.0,0.0,0.0,0.0,False,sem exportação aos EUA,False,baixa,
3507803,BRODOWSKI,SP,17196,0.0,2923648.0,0.0,0.0,False,sem exportação aos EUA,False,baixa,
3508207,BURITIZAL,SP,4125,0.0,0.0,0.0,0.0,False,sem exportação aos EUA,False,baixa,
3508306,CABRÁLIA PAULISTA,SP,3698,0.0,13308.0,0.0,0.0,False,sem exportação aos EUA,False,baixa,
3508801,CAFELÂNDIA,SP,12245,0.0,3204777.0,0.0,0.0,False,sem exportação aos EUA,False,baixa,
3512308,CONCHAS,SP,12626,0.0,35602.0,0.0,0.0,False,sem exportação aos EUA,False,baixa,
3508900,CAIABU,SP,3330,0.0,1379547.0,0.0,0.0,False,sem exportação aos EUA,False,baixa,
3509106,CAIUÁ,SP,3755,0.0,0.0,0.0,0.0,False,sem exportação aos EUA,False,baixa,
3509700,CAMPOS DO JORDÃO,SP,38107,0.0,50183.0,0.0,0.0,False,sem exportação aos EUA,False,baixa,
3509809,CAMPOS NOVOS PAULISTA,SP,3805,0.0,15439.0,0.0,0.0,False,sem exportação aos EUA,False,baixa,
3509908,CANANÉIA,SP,10410,0.0,0.0,0.0,0.0,False,sem exportação aos EUA,False,baixa,
3510500,CARAGUATATUBA,SP,106446,0.0,7731.0,0.0,0.0,False,sem exportação aos EUA,False,baixa,
3510708,CARDOSO,SP,9593,0.0,0.0,0.0,0.0,False,sem exportação aos EUA,False,baixa,
3510906,CÁSSIA DOS COQUEIROS,SP,2667,0.0,0.0,0.0,0.0,False,sem exportação aos EUA,False,baixa,
3511003,CASTILHO,SP,15377,0.0,0.0,0.0,0.0,False,sem exportação aos EUA,False,baixa,
3511706,CHARQUEADA,SP,13212,0.0,4177787.0,0.0,0.0,False,sem exportação aos EUA,False,baixa,
3557204,CHAVANTES,SP,8675,0.0,0.0,0.0,0.0,False,sem exportação aos EUA,False,baixa,
3511904,CLEMENTINA,SP,5273,0.0,15745259.0,0.0,0.0,False,sem exportação aos EUA,False,baixa,
3512100,COLÔMBIA,SP,5800,0.0,61929647.0,0.0,0.0,False,sem exportação aos EUA,False,baixa,
3518008,GUARANI D'OESTE,SP,1783,0.0,0.0,0.0,0.0,False,sem exportação aos EUA,False,baixa,
3518503,GUAREÍ,SP,8903,0.0,82672.0,0.0,0.0,False,sem exportação aos EUA,False,baixa,
2802700,ILHA DAS FLORES,SE,7753,0.0,0.0,0.0,0.0,False,sem exportação aos EUA,False,baixa,
3528908,MARIÁPOLIS,SP,2872,0.0,0.0,0.0,0.0,False,sem exportação aos EUA,False,baixa,
3526100,JUQUIÁ,SP,15229,0.0,0.0,0.0,0.0,False,sem exportação aos EUA,False,baixa,
3526308,LAGOINHA,SP,5475,0.0,0.0,0.0,0.0,False,sem exportação aos EUA,False,baixa,
3526506,LAVÍNIA,SP,3884,0.0,0.0,0.0,0.0,False,sem exportação aos EUA,False,baixa,
3526605,LAVRINHAS,SP,6102,0.0,39858.0,0.0,0.0,False,sem exportação aos EUA,False,baixa,
3527009,LINDÓIA,SP,5869,0.0,142.0,0.0,0.0,False,sem exportação aos EUA,False,baixa,
3527504,LUCIANÓPOLIS,SP,2146,0.0,0.0,0.0,0.0,False,sem exportação aos EUA,False,baixa,
3527702,LUIZIÂNIA,SP,3792,0.0,401450.0,0.0,0.0,False,sem exportação aos EUA,False,baixa,
3527801,LUPÉRCIO,SP,3317,0.0,0.0,0.0,0.0,False,sem exportação aos EUA,False,baixa,
3527900,LUTÉCIA,SP,2380,0.0,0.0,0.0,0.0,False,sem exportação aos EUA,False,baixa,
3528106,MACAUBAL,SP,5924,0.0,0.0,0.0,0.0,False,sem exportação aos EUA,False,baixa,
3528205,MACEDÔNIA,SP,4105,0.0,13.0,0.0,0.0,False,sem exportação aos EUA,False,baixa,
3528304,MAGDA,SP,2793,0.0,0.0,0.0,0.0,False,sem exportação aos EUA,False,baixa,
3528700,MARABÁ PAULISTA,SP,3188,0.0,0.0,0.0,0.0,False,sem exportação aos EUA,False,baixa,
3529104,MARINÓPOLIS,SP,1754,0.0,0.0,0.0,0.0,False,sem exportação aos EUA,False,baixa,
3525805,JÚLIO MESQUITA,SP,3690,0.0,0.0,0.0,0.0,False,sem exportação aos EUA,False,baixa,
3529609,MERIDIANO,SP,3765,0.0,119747511.0,0.0,0.0,True,sem exportação aos EUA,False,baixa,
3529708,MIGUELÓPOLIS,SP,15123,0.0,0.0,0.0,0.0,False,sem exportação aos EUA,False,baixa,
3529807,MINEIROS DO TIETÊ,SP,8683,0.0,231431.0,0.0,0.0,False,sem exportação aos EUA,False,baixa,
3530003,MIRA ESTRELA,SP,2892,0.0,0.0,0.0,0.0,False,sem exportação aos EUA,False,baixa,
3530201,MIRANTE DO PARANAPANEMA,SP,12713,0.0,25982740.0,0.0,0.0,False,sem exportação aos EUA,False,baixa,
3530409,MIRASSOLÂNDIA,SP,4130,0.0,0.0,0.0,0.0,False,sem exportação aos EUA,False,baixa,
3530904,MOMBUCA,SP,3151,0.0,57713.0,0.0,0.0,False,sem exportação aos EUA,False,baixa,
3531001,MONÇÕES,SP,2121,0.0,0.0,0.0,0.0,False,sem exportação aos EUA,False,baixa,
3531100,MONGAGUÁ,SP,50491,0.0,33200.0,0.0,0.0,False,sem exportação aos EUA,False,baixa,
3531209,MONTE ALEGRE DO SUL,SP,6336,0.0,816663.0,0.0,0.0,False,sem exportação aos EUA,False,baixa,
3531407,MONTE APRAZÍVEL,SP,16980,0.0,33437235.0,0.0,0.0,False,sem exportação aos EUA,False,baixa,
3531704,MONTEIRO LOBATO,SP,3833,0.0,0.0,0.0,0.0,False,sem exportação aos EUA,False,baixa,
3531902,MORRO AGUDO,SP,20181,0.0,233566261.0,0.0,0.0,False,sem exportação aos EUA,False,baixa,
3526001,JUNQUEIRÓPOLIS,SP,14112,0.0,37598059.0,0.0,0.0,False,sem exportação aos EUA,False,baixa,
3525607,JOÃO RAMALHO,SP,3518,0.0,0.0,0.0,0.0,False,sem exportação aos EUA,False,baixa,
3518909,GUZOLÂNDIA,SP,3558,0.0,0.0,0.0,0.0,False,sem exportação aos EUA,False,baixa,
3521408,IRACEMÁPOLIS,SP,17617,0.0,53674085.0,0.0,0.0,False,sem exportação aos EUA,False,baixa,
3519006,HERCULÂNDIA,SP,6937,0.0,27134478.0,0.0,0.0,False,sem exportação aos EUA,False,baixa,
3519105,IACANGA,SP,8269,0.0,15172.0,0.0,0.0,False,sem exportação aos EUA,False,baixa,
3519204,IACRI,SP,4766,0.0,3635734.0,0.0,0.0,False,sem exportação aos EUA,False,baixa,
3519808,ICÉM,SP,6049,0.0,0.0,0.0,0.0,False,sem exportação aos EUA,False,baixa,
3519907,IEPÊ,SP,5971,0.0,0.0,0.0,0.0,False,sem exportação aos EUA,False,baixa,
3520004,IGARAÇU DO TIETÊ,SP,17539,0.0,60.0,0.0,0.0,False,sem exportação aos EUA,False,baixa,
3520202,IGARATÁ,SP,9443,0.0,20716.0,0.0,0.0,False,sem exportação aos EUA,False,baixa,
3520301,IGUAPE,SP,22106,0.0,0.0,0.0,0.0,False,sem exportação aos EUA,False,baixa,
3520608,INDIANA,SP,4063,0.0,3351.0,0.0,0.0,False,sem exportação aos EUA,False,baixa,
3520707,INDIAPORÃ,SP,3164,0.0,0.0,0.0,0.0,False,sem exportação aos EUA,False,baixa,
3520806,INÚBIA PAULISTA,SP,3159,0.0,0.0,0.0,0.0,False,sem exportação aos EUA,False,baixa,
3521200,IPORANGA,SP,3303,0.0,0.0,0.0,0.0,False,sem exportação aos EUA,False,baixa,
3521309,IPUÃ,SP,11207,0.0,1354.0,0.0,0.0,False,sem exportação aos EUA,False,baixa,
3521507,IRAPUÃ,SP,5489,0.0,652745.0,0.0,0.0,False,sem exportação aos EUA,False,baixa,
3525508,JOANÓPOLIS,SP,9451,0.0,0.0,0.0,0.0,False,sem exportação aos EUA,False,baixa,
3521606,IRAPURU,SP,4556,0.0,0.0,0.0,0.0,False,sem exportação aos EUA,False,baixa,
3521705,ITABERÁ,SP,13507,0.0,0.0,0.0,0.0,False,sem exportação aos EUA,False,baixa,
3522000,ITAJU,SP,3176,0.0,45964505.0,0.0,0.0,False,sem exportação aos EUA,False,baixa,
3522802,ITAPORANGA,SP,11006,0.0,0.0,0.0,0.0,False,sem exportação aos EUA,False,baixa,
3523008,ITAPURA,SP,3647,0.0,0.0,0.0,0.0,False,sem exportação aos EUA,False,baixa,
3523305,ITARIRI,SP,9789,0.0,0.0,0.0,0.0,False,sem exportação aos EUA,False,baixa,
3523503,ITATINGA,SP,14071,0.0,0.0,0.0,0.0,False,sem exportação aos EUA,False,baixa,
3523701,ITIRAPUÃ,SP,5150,0.0,0.0,0.0,0.0,False,sem exportação aos EUA,False,baixa,
3523800,ITOBI,SP,6007,0.0,0.0,0.0,0.0,False,sem exportação aos EUA,False,baixa,
3524204,JABORANDI,SP,5006,0.0,1862510.0,0.0,0.0,False,sem exportação aos EUA,False,baixa,
3524600,JACUPIRANGA,SP,12334,0.0,14346.0,0.0,0.0,False,sem exportação aos EUA,False,baixa,
3525102,JARDINÓPOLIS,SP,29784,0.0,14594480.0,0.0,0.0,False,sem exportação aos EUA,False,baixa,
3525409,JERIQUARA,SP,3344,0.0,0.0,0.0,0.0,False,sem exportação aos EUA,False,baixa,
3532157,NANTES,SP,2206,0.0,0.0,0.0,0.0,False,sem exportação aos EUA,False,baixa,
3506706,BOA ESPERANÇA DO SUL,SP,9706,0.0,0.0,0.0,0.0,False,sem exportação aos EUA,False,baixa,
3525854,JUMIRIM,SP,2457,0.0,11796.0,0.0,0.0,False,sem exportação aos EUA,False,baixa,
3500204,ADOLFO,SP,3977,0.0,64805.0,0.0,0.0,False,sem exportação aos EUA,False,baixa,
2806602,SANTO AMARO DAS BROTAS,SE,10453,0.0,0.0,0.0,0.0,False,sem exportação aos EUA,False,baixa,
2806701,SÃO CRISTÓVÃO,SE,61859,0.0,0.0,0.0,0.0,False,sem exportação aos EUA,False,baixa,
2806800,SÃO DOMINGOS,SE,8598,0.0,0.0,0.0,0.0,False,sem exportação aos EUA,False,baixa,
2806909,SÃO FRANCISCO,SE,3798,0.0,0.0,0.0,0.0,False,sem exportação aos EUA,False,baixa,
2807006,SÃO MIGUEL DO ALEIXO,SE,3982,0.0,0.0,0.0,0.0,False,sem exportação aos EUA,False,baixa,
2807105,SIMÃO DIAS,SE,37093,0.0,1020423.0,0.0,0.0,False,sem exportação aos EUA,False,baixa,
2807204,SIRIRI,SE,6787,0.0,0.0,0.0,0.0,False,sem exportação aos EUA,False,baixa,
2807303,TELHA,SE,3641,0.0,0.0,0.0,0.0,False,sem exportação aos EUA,False,baixa,
2807402,TOBIAS BARRETO,SE,42750,0.0,190473.0,0.0,0.0,False,sem exportação aos EUA,False,baixa,
2807501,TOMAR DO GERU,SE,10522,0.0,0.0,0.0,0.0,False,sem exportação aos EUA,False,baixa,
2807600,UMBAÚBA,SE,19761,0.0,0.0,0.0,0.0,False,sem exportação aos EUA,False,baixa,
3515350,EUCLIDES DA CUNHA PAULISTA,SP,6336,0.0,0.0,0.0,0.0,False,sem exportação aos EUA,False,baixa,
3507456,BOREBI,SP,2400,0.0,0.0,0.0,0.0,False,sem exportação aos EUA,False,baixa,
3553955,TARUMÃ,SP,11526,0.0,54842259.0,0.0,0.0,False,sem exportação aos EUA,False,baixa,
2806305,SANTA LUZIA DO ITANHY,SE,12169,0.0,0.0,0.0,0.0,False,sem exportação aos EUA,False,baixa,
3532058,MOTUCA,SP,3384,0.0,245820.0,0.0,0.0,False,sem exportação aos EUA,False,baixa,
3519253,IARAS,SP,4414,0.0,0.0,0.0,0.0,False,sem exportação aos EUA,False,baixa,
3500501,ÁGUAS DE LINDÓIA,SP,14061,0.0,5247.0,0.0,0.0,False,sem exportação aos EUA,False,baixa,
3518859,GUATAPARÁ,SP,5765,0.0,76199.0,0.0,0.0,False,sem exportação aos EUA,False,baixa,
3500600,ÁGUAS DE SÃO PEDRO,SP,4335,0.0,0.0,0.0,0.0,False,sem exportação aos EUA,False,baixa,
3513850,DIRCE REIS,SP,1702,0.0,0.0,0.0,0.0,False,sem exportação aos EUA,False,baixa,
3515194,ESPÍRITO SANTO DO TURVO,SP,3546,0.0,0.0,0.0,0.0,False,sem exportação aos EUA,False,baixa,
3500907,ALTAIR,SP,2954,0.0,0.0,0.0,0.0,False,sem exportação aos EUA,False,baixa,
3514957,EMBAÚBA,SP,2448,0.0,0.0,0.0,0.0,False,sem exportação aos EUA,False,baixa,
3501004,ALTINÓPOLIS,SP,12706,0.0,0.0,0.0,0.0,False,sem exportação aos EUA,False,baixa,
3520442,ILHA SOLTEIRA,SP,20245,0.0,0.0,0.0,0.0,False,sem exportação aos EUA,False,baixa,
3501103,ALTO ALEGRE,SP,3662,0.0,0.0,0.0,0.0,False,sem exportação aos EUA,False,baixa,
3501202,ÁLVARES FLORENCE,SP,3612,0.0,0.0,0.0,0.0,False,sem exportação aos EUA,False,baixa,
2806503,SANTA ROSA DE LIMA,SE,4659,0.0,0.0,0.0,0.0,False,sem exportação aos EUA,False,baixa,
2806206,SALGADO,SE,17916,0.0,0.0,0.0,0.0,False,sem exportação aos EUA,False,baixa,
3506607,BIRITIBA MIRIM,SP,24212,0.0,7000.0,0.0,0.0,False,sem exportação aos EUA,False,baixa,
2804409,NEÓPOLIS,SE,14406,0.0,0.0,0.0,0.0,False,sem exportação aos EUA,False,baixa,
2802908,ITABAIANA,SE,76645,0.0,0.0,0.0,0.0,False,sem exportação aos EUA,False,baixa,
2803005,ITABAIANINHA,SE,32189,0.0,0.0,0.0,0.0,False,sem exportação aos EUA,False,baixa,
2803104,ITABI,SE,4734,0.0,0.0,0.0,0.0,False,sem exportação aos EUA,False,baixa,
2803203,ITAPORANGA D'AJUDA,SE,29786,0.0,0.0,0.0,0.0,False,sem exportação aos EUA,False,baixa,
2803401,JAPOATÃ,SE,11510,0.0,1199604.0,0.0,0.0,False,sem exportação aos EUA,False,baixa,
2803609,LARANJEIRAS,SE,22132,0.0,3713953.0,0.0,0.0,False,sem exportação aos EUA,False,baixa,
2803708,MACAMBIRA,SE,6860,0.0,0.0,0.0,0.0,False,sem exportação aos EUA,False,baixa,
2803807,MALHADA DOS BOIS,SE,4297,0.0,0.0,0.0,0.0,False,sem exportação aos EUA,False,baixa,
2803906,MALHADOR,SE,10440,0.0,0.0,0.0,0.0,False,sem exportação aos EUA,False,baixa,
2804003,MARUIM,SE,13208,0.0,0.0,0.0,0.0,False,sem exportação aos EUA,False,baixa,
2804102,MOITA BONITA,SE,9837,0.0,0.0,0.0,0.0,False,sem exportação aos EUA,False,baixa,
2804201,MONTE ALEGRE DE SERGIPE,SE,12763,0.0,0.0,0.0,0.0,False,sem exportação aos EUA,False,baixa,
2804300,MURIBECA,SE,7511,0.0,0.0,0.0,0.0,False,sem exportação aos EUA,False,baixa,
2804508,NOSSA SENHORA DA GLÓRIA,SE,30467,0.0,34856.0,0.0,0.0,False,sem exportação aos EUA,False,baixa,
2806008,RIBEIRÓPOLIS,SE,14762,0.0,0.0,0.0,0.0,False,sem exportação aos EUA,False,baixa,
2804607,NOSSA SENHORA DAS DORES,SE,21460,0.0,0.0,0.0,0.0,False,sem exportação aos EUA,False,baixa,
2804706,NOSSA SENHORA DE LOURDES,SE,6277,0.0,0.0,0.0,0.0,False,sem exportação aos EUA,False,baixa,
2804904,PACATUBA,SE,11850,0.0,0.0,0.0,0.0,False,sem exportação aos EUA,False,baixa,
2805000,PEDRA MOLE,SE,3372,0.0,0.0,0.0,0.0,False,sem exportação aos EUA,False,baixa,
2805109,PEDRINHAS,SE,7917,0.0,0.0,0.0,0.0,False,sem exportação aos EUA,False,baixa,
2805208,PINHÃO,SE,5635,0.0,0.0,0.0,0.0,False,sem exportação aos EUA,False,baixa,
2805307,PIRAMBU,SE,8575,0.0,0.0,0.0,0.0,False,sem exportação aos EUA,False,baixa,
2805406,POÇO REDONDO,SE,22765,0.0,0.0,0.0,0.0,False,sem exportação aos EUA,False,baixa,
2805505,POÇO VERDE,SE,19505,0.0,580359.0,0.0,0.0,False,sem exportação aos EUA,False,baixa,
2805604,PORTO DA FOLHA,SE,25098,0.0,0.0,0.0,0.0,False,sem exportação aos EUA,False,baixa,
2805703,PROPRIÁ,SE,20113,0.0,0.0,0.0,0.0,False,sem exportação aos EUA,False,baixa,
2805802,RIACHÃO DO DANTAS,SE,17768,0.0,0.0,0.0,0.0,False,sem exportação aos EUA,False,baixa,
2805901,RIACHUELO,SE,8232,0.0,0.0,0.0,0.0,False,sem exportação aos EUA,False,baixa,
3501400,ÁLVARO DE CARVALHO,SP,2756,0.0,0.0,0.0,0.0,False,sem exportação aos EUA,False,baixa,
3506359,BERTIOGA,SP,52928,0.0,1033.0,0.0,0.0,False,sem exportação aos EUA,False,baixa,
3501509,ALVINLÂNDIA,SP,2634,0.0,0.0,0.0,0.0,False,sem exportação aos EUA,False,baixa,
3527256,LOURDES,SP,1877,0.0,0.0,0.0,0.0,False,sem exportação aos EUA,False,baixa,
3504404,AVANHANDAVA,SP,7452,0.0,6400092.0,0.0,0.0,False,sem exportação aos EUA,False,baixa,
3549250,SÃO JOÃO DE IRACEMA,SP,1809,0.0,0.0,0.0,0.0,False,sem exportação aos EUA,False,baixa,
3549953,SÃO LOURENÇO DA SERRA,SP,11946,0.0,0.0,0.0,0.0,False,sem exportação aos EUA,False,baixa,
3557154,ZACARIAS,SP,2570,0.0,0.0,0.0,0.0,False,sem exportação aos EUA,False,baixa,
3504701,BALBINOS,SP,1423,0.0,0.0,0.0,0.0,False,sem exportação aos EUA,False,baixa,
3522653,ITAPIRAPUÃ PAULISTA,SP,3305,0.0,0.0,0.0,0.0,False,sem exportação aos EUA,False,baixa,
3504800,BÁLSAMO,SP,7397,0.0,934576.0,0.0,0.0,False,sem exportação aos EUA,False,baixa,
3529658,MESÓPOLIS,SP,1887,0.0,0.0,0.0,0.0,False,sem exportação aos EUA,False,baixa,
3504909,BANANAL,SP,8233,0.0,905.0,0.0,0.0,False,sem exportação aos EUA,False,baixa,
3532827,NOVA CAMPINA,SP,6959,0.0,19732451.0,0.0,0.0,False,sem exportação aos EUA,False,baixa,
3505104,BARBOSA,SP,4970,0.0,0.0,0.0,0.0,False,sem exportação aos EUA,False,baixa,
3520426,ILHA COMPRIDA,SP,13297,0.0,0.0,0.0,0.0,False,sem exportação aos EUA,False,baixa,
3505005,BARÃO DE ANTONINA,SP,2926,0.0,0.0,0.0,0.0,False,sem exportação aos EUA,False,baixa,
3554656,TORRE DE PEDRA,SP,2545,0.0,0.0,0.0,0.0,False,sem exportação aos EUA,False,baixa,
3552551,SUZANÁPOLIS,SP,2988,0.0,0.0,0.0,0.0,False,sem exportação aos EUA,False,baixa,
3503356,ARCO-ÍRIS,SP,2331,0.0,0.0,0.0,0.0,False,sem exportação aos EUA,False,baixa,
3505401,BARRA DO TURVO,SP,6314,0.0,183775.0,0.0,0.0,False,sem exportação aos EUA,False,baixa,
3507753,BREJO ALEGRE,SP,2875,0.0,7396727.0,0.0,0.0,False,sem exportação aos EUA,False,baixa,
3509957,CANAS,SP,3959,0.0,338640.0,0.0,0.0,False,sem exportação aos EUA,False,baixa,
3540853,PRACINHA,SP,1476,0.0,0.0,0.0,0.0,False,sem exportação aos EUA,False,baixa,
3505807,BASTOS,SP,16975,0.0,18945098.0,0.0,0.0,False,sem exportação aos EUA,False,baixa,
3541653,QUADRA,SP,4032,0.0,0.0,0.0,0.0,False,sem exportação aos EUA,False,baixa,
3546256,SANTA CRUZ DA ESPERANÇA,SP,2342,0.0,125228.0,0.0,0.0,False,sem exportação aos EUA,False,baixa,
3547650,SANTA SALETE,SP,1836,0.0,0.0,0.0,0.0,False,sem exportação aos EUA,False,baixa,
3556958,VITÓRIA BRASIL,SP,1673,0.0,0.0,0.0,0.0,False,sem exportação aos EUA,False,baixa,
3506201,BENTO DE ABREU,SP,2146,0.0,50094609.0,0.0,0.0,False,sem exportação aos EUA,False,baixa,
3553658,TAQUARAL,SP,2275,0.0,0.0,0.0,0.0,False,sem exportação aos EUA,False,baixa,
3515657,FERNÃO,SP,1689,0.0,0.0,0.0,0.0,False,sem exportação aos EUA,False,baixa,
3504305,AVAÍ,SP,4189,0.0,0.0,0.0,0.0,False,sem exportação aos EUA,False,baixa,
3553856,TAQUARIVAÍ,SP,5121,0.0,0.0,0.0,0.0,False,sem exportação aos EUA,False,baixa,
3536257,PARISI,SP,3085,0.0,0.0,0.0,0.0,False,sem exportação aos EUA,False,baixa,
3540259,PONTALINDA,SP,3157,0.0,0.0,0.0,0.0,False,sem exportação aos EUA,False,baixa,
3548054,SANTO ANTÔNIO DO ARACANGUÁ,SP,7290,0.0,132698.0,0.0,0.0,False,sem exportação aos EUA,False,baixa,
3510153,CANITAR,SP,4337,0.0,161541.0,0.0,0.0,False,sem exportação aos EUA,False,baixa,
3501806,AMÉRICO DE CAMPOS,SP,4769,0.0,0.0,0.0,0.0,False,sem exportação aos EUA,False,baixa,
3515129,EMILIANÓPOLIS,SP,2716,0.0,0.0,0.0,0.0,False,sem exportação aos EUA,False,baixa,
3502002,ANALÂNDIA,SP,4681,0.0,251930.0,0.0,0.0,False,sem exportação aos EUA,False,baixa,
3533254,NOVAIS,SP,3922,0.0,0.0,0.0,0.0,False,sem exportação aos EUA,False,baixa,
3532843,NOVA CANAÃ PAULISTA,SP,2275,0.0,0.0,0.0,0.0,False,sem exportação aos EUA,False,baixa,
3502200,ANGATUBA,SP,17865,0.0,6974240.0,0.0,0.0,False,sem exportação aos EUA,False,baixa,
3502309,ANHEMBI,SP,5471,0.0,0.0,0.0,0.0,False,sem exportação aos EUA,False,baixa,
3555356,UBARANA,SP,4496,0.0,43760231.0,0.0,0.0,False,sem exportação aos EUA,False,baixa,
3502408,ANHUMAS,SP,3315,0.0,0.0,0.0,0.0,False,sem exportação aos EUA,False,baixa,
3509254,CAJATI,SP,22016,0.0,34735066.0,0.0,0.0,False,sem exportação aos EUA,False,baixa,
3502507,APARECIDA,SP,26836,0.0,26631.0,0.0,0.0,False,sem exportação aos EUA,False,baixa,
3502606,APARECIDA D'OESTE,SP,3777,0.0,5591888.0,0.0,0.0,False,sem exportação aos EUA,False,baixa,
3503950,ASPÁSIA,SP,1875,0.0,0.0,0.0,0.0,False,sem exportação aos EUA,False,baixa,
3540754,POTIM,SP,12546,0.0,4582190.0,0.0,0.0,False,sem exportação aos EUA,False,baixa,
3500758,ALAMBARI,SP,5139,0.0,13563.0,0.0,0.0,False,sem exportação aos EUA,False,baixa,
3503000,ARAMINA,SP,4523,0.0,0.0,0.0,0.0,False,sem exportação aos EUA,False,baixa,
3522158,ITAOCA,SP,3039,0.0,0.0,0.0,0.0,False,sem exportação aos EUA,False,baixa,
3503109,ARANDU,SP,5528,0.0,0.0,0.0,0.0,False,sem exportação aos EUA,False,baixa,
3503158,ARAPEÍ,SP,2505,0.0,0.0,0.0,0.0,False,sem exportação aos EUA,False,baixa,
3503406,AREALVA,SP,6343,0.0,191280.0,0.0,0.0,False,sem exportação aos EUA,False,baixa,
3503505,AREIAS,SP,3463,0.0,0.0,0.0,0.0,False,sem exportação aos EUA,False,baixa,
3543253,RIBEIRÃO GRANDE,SP,6413,0.0,0.0,0.0,0.0,False,sem exportação aos EUA,False,baixa,
3503703,ARIRANHA,SP,6455,0.0,18144089.0,0.0,0.0,False,sem exportação aos EUA,False,baixa,
3514924,ELISIÁRIO,SP,2737,0.0,221848.0,0.0,0.0,False,sem exportação aos EUA,False,baixa,
3507159,BOM SUCESSO DE ITARARÉ,SP,3289,0.0,0.0,0.0,0.0,False,sem exportação aos EUA,False,baixa,
3532108,MURUTINGA DO SUL,SP,3341,0.0,0.0,0.0,0.0,False,sem exportação aos EUA,False,baixa,
3532207,NARANDIBA,SP,4458,0.0,644.0,0.0,0.0,False,sem exportação aos EUA,False,baixa,
3532306,NATIVIDADE DA SERRA,SP,5669,0.0,0.0,0.0,0.0,False,sem exportação aos EUA,False,baixa,
1706258,CRIXÁS DO TOCANTINS,TO,1827,0.0,0.0,0.0,0.0,False,sem exportação aos EUA,True,média,Amazônia Legal
1712009,LAJEADO,TO,3504,0.0,0.0,0.0,0.0,False,sem exportação aos EUA,True,média,Amazônia Legal
1718709,RIO DOS BOIS,TO,2668,0.0,0.0,0.0,0.0,False,sem exportação aos EUA,True,média,Amazônia Legal
1703891,CARRASCO BONITO,TO,3567,0.0,0.0,0.0,0.0,False,sem exportação aos EUA,True,média,Amazônia Legal
1718659,RIO DA CONCEIÇÃO,TO,2139,0.0,0.0,0.0,0.0,False,sem exportação aos EUA,True,média,Amazônia Legal
1721257,TUPIRAMA,TO,1851,0.0,55128239.0,0.0,0.0,False,sem exportação aos EUA,True,média,Amazônia Legal
1715507,OLIVEIRA DE FÁTIMA,TO,1692,0.0,0.0,0.0,0.0,False,sem exportação aos EUA,True,média,Amazônia Legal
1704600,CHAPADA DE AREIA,TO,2545,0.0,0.0,0.0,0.0,False,sem exportação aos EUA,True,média,Amazônia Legal
1705102,CHAPADA DA NATIVIDADE,TO,3103,0.0,0.0,0.0,0.0,False,sem exportação aos EUA,True,média,Amazônia Legal
1720978,TALISMÃ,TO,2560,0.0,0.0,0.0,0.0,False,sem exportação aos EUA,True,média,Amazônia Legal
1700301,AGUIARNÓPOLIS,TO,3952,0.0,25175.0,0.0,0.0,False,sem exportação aos EUA,True,média,Amazônia Legal
1712454,LUZINÓPOLIS,TO,2601,0.0,0.0,0.0,0.0,False,sem exportação aos EUA,True,média,Amazônia Legal
1720002,SANTA TEREZINHA DO TOCANTINS,TO,2106,0.0,0.0,0.0,0.0,False,sem exportação aos EUA,True,média,Amazônia Legal
1718899,SANTA RITA DO TOCANTINS,TO,2126,0.0,0.0,0.0,0.0,False,sem exportação aos EUA,True,média,Amazônia Legal
1713700,MONTE SANTO DO TOCANTINS,TO,2559,0.0,0.0,0.0,0.0,False,sem exportação aos EUA,True,média,Amazônia Legal
1711902,LAGOA DA CONFUSÃO,TO,10221,0.0,60855850.0,0.0,0.0,False,sem exportação aos EUA,True,média,Amazônia Legal
1718451,PUGMIL,TO,2328,0.0,0.0,0.0,0.0,False,sem exportação aos EUA,True,média,Amazônia Legal
1703057,BANDEIRANTES DO TOCANTINS,TO,2799,0.0,0.0,0.0,0.0,False,sem exportação aos EUA,True,média,Amazônia Legal
1709807,IPUEIRAS,TO,1997,0.0,0.0,0.0,0.0,False,sem exportação aos EUA,True,média,Amazônia Legal
1712157,LAVANDEIRA,TO,2002,0.0,0.0,0.0,0.0,False,sem exportação aos EUA,True,média,Amazônia Legal
1703073,BARRA DO OURO,TO,4021,0.0,0.0,0.0,0.0,False,sem exportação aos EUA,True,média,Amazônia Legal
1703206,BERNARDO SAYÃO,TO,3604,0.0,0.0,0.0,0.0,False,sem exportação aos EUA,True,média,Amazônia Legal
1703800,BURITI DO TOCANTINS,TO,6689,0.0,0.0,0.0,0.0,False,sem exportação aos EUA,True,média,Amazônia Legal
1700400,ALMAS,TO,5592,0.0,197422910.0,0.0,0.0,True,sem exportação aos EUA,True,média,Amazônia Legal
1703909,CASEARA,TO,3951,0.0,0.0,0.0,0.0,False,sem exportação aos EUA,True,média,Amazônia Legal
1700707,ALVORADA,TO,8052,0.0,178637558.0,0.0,0.0,False,sem exportação aos EUA,True,média,Amazônia Legal
1705557,COMBINADO,TO,3892,0.0,0.0,0.0,0.0,False,sem exportação aos EUA,True,média,Amazônia Legal
1707108,DIVINÓPOLIS DO TOCANTINS,TO,5779,0.0,0.0,0.0,0.0,False,sem exportação aos EUA,True,média,Amazônia Legal
1701002,ANANÁS,TO,7593,0.0,0.0,0.0,0.0,False,sem exportação aos EUA,True,média,Amazônia Legal
1720259,SÃO SALVADOR DO TOCANTINS,TO,2701,0.0,0.0,0.0,0.0,False,sem exportação aos EUA,True,média,Amazônia Legal
1720853,SUCUPIRA,TO,1762,0.0,0.0,0.0,0.0,False,sem exportação aos EUA,True,média,Amazônia Legal
1703826,CACHOEIRINHA,TO,2029,0.0,0.0,0.0,0.0,False,sem exportação aos EUA,True,média,Amazônia Legal
1704105,CENTENÁRIO,TO,1930,0.0,0.0,0.0,0.0,False,sem exportação aos EUA,True,média,Amazônia Legal
1715705,PALMEIRANTE,TO,4317,0.0,75486955.0,0.0,0.0,False,sem exportação aos EUA,True,média,Amazônia Legal
1703842,CAMPOS LINDOS,TO,6887,0.0,90808455.0,0.0,0.0,False,sem exportação aos EUA,True,média,Amazônia Legal
1720150,SÃO FÉLIX DO TOCANTINS,TO,1852,0.0,0.0,0.0,0.0,False,sem exportação aos EUA,True,média,Amazônia Legal
1711951,LAGOA DO TOCANTINS,TO,3307,0.0,0.0,0.0,0.0,False,sem exportação aos EUA,True,média,Amazônia Legal
1703305,BOM JESUS DO TOCANTINS,TO,3672,0.0,0.0,0.0,0.0,False,sem exportação aos EUA,True,média,Amazônia Legal
1718881,SANTA MARIA DO TOCANTINS,TO,2546,0.0,0.0,0.0,0.0,False,sem exportação aos EUA,True,média,Amazônia Legal
1715150,NOVO ALEGRE,TO,2099,0.0,0.0,0.0,0.0,False,sem exportação aos EUA,True,média,Amazônia Legal
1718840,SANDOLÂNDIA,TO,3566,0.0,0.0,0.0,0.0,False,sem exportação aos EUA,True,média,Amazônia Legal
1720937,TAIPAS DO TOCANTINS,TO,2033,0.0,0.0,0.0,0.0,False,sem exportação aos EUA,True,média,Amazônia Legal
1715259,NOVO JARDIM,TO,2344,0.0,0.0,0.0,0.0,False,sem exportação aos EUA,True,média,Amazônia Legal
1720200,SÃO MIGUEL DO TOCANTINS,TO,9833,0.0,38576.0,0.0,0.0,False,sem exportação aos EUA,True,média,Amazônia Legal
1708254,TABOCÃO,TO,3073,0.0,0.0,0.0,0.0,False,sem exportação aos EUA,True,média,Amazônia Legal
1710904,ITAPIRATINS,TO,3403,0.0,0.0,0.0,0.0,False,sem exportação aos EUA,True,média,Amazônia Legal
1718501,RECURSOLÂNDIA,TO,2936,0.0,0.0,0.0,0.0,False,sem exportação aos EUA,True,média,Amazônia Legal
1711506,JAÚ DO TOCANTINS,TO,3092,0.0,0.0,0.0,0.0,False,sem exportação aos EUA,True,média,Amazônia Legal
1721307,TUPIRATINS,TO,1797,0.0,0.0,0.0,0.0,False,sem exportação aos EUA,True,média,Amazônia Legal
1703602,BRASILÂNDIA DO TOCANTINS,TO,1994,0.0,0.0,0.0,0.0,False,sem exportação aos EUA,True,média,Amazônia Legal
1711803,JUARINA,TO,2277,0.0,0.0,0.0,0.0,False,sem exportação aos EUA,True,média,Amazônia Legal
1716307,PAU D'ARCO,TO,3551,0.0,0.0,0.0,0.0,False,sem exportação aos EUA,True,média,Amazônia Legal
1712702,MATEIROS,TO,2000,0.0,3347.0,0.0,0.0,False,sem exportação aos EUA,True,média,Amazônia Legal
1720101,SÃO BENTO DO TOCANTINS,TO,5456,0.0,0.0,0.0,0.0,False,sem exportação aos EUA,True,média,Amazônia Legal
1707405,ESPERANTINA,TO,6625,0.0,0.0,0.0,0.0,False,sem exportação aos EUA,True,média,Amazônia Legal
1703867,CARIRI DO TOCANTINS,TO,3798,0.0,152155241.0,0.0,0.0,True,sem exportação aos EUA,True,média,Amazônia Legal
1702158,ARAGUANÃ,TO,3552,0.0,0.0,0.0,0.0,False,sem exportação aos EUA,True,média,Amazônia Legal
1703883,CARMOLÂNDIA,TO,2413,0.0,0.0,0.0,0.0,False,sem exportação aos EUA,True,média,Amazônia Legal
1701309,ARAGOMINAS,TO,4450,0.0,0.0,0.0,0.0,False,sem exportação aos EUA,True,média,Amazônia Legal
1713957,MURICILÂNDIA,TO,2874,0.0,0.0,0.0,0.0,False,sem exportação aos EUA,True,média,Amazônia Legal
1718865,SANTA FÉ DO ARAGUAIA,TO,5526,0.0,0.0,0.0,0.0,False,sem exportação aos EUA,True,média,Amazônia Legal
1708304,GOIANORTE,TO,4496,0.0,4824712.0,0.0,0.0,False,sem exportação aos EUA,True,média,Amazônia Legal
1712504,MARIANÓPOLIS DO TOCANTINS,TO,3803,0.0,40259059.0,0.0,0.0,False,sem exportação aos EUA,True,média,Amazônia Legal
1701903,ARAGUACEMA,TO,5135,0.0,0.0,0.0,0.0,False,sem exportação aos EUA,True,média,Amazônia Legal
1721109,TOCANTÍNIA,TO,5453,0.0,453466.0,0.0,0.0,False,sem exportação aos EUA,True,média,Amazônia Legal
1715101,NOVO ACORDO,TO,4119,0.0,0.0,0.0,0.0,False,sem exportação aos EUA,True,média,Amazônia Legal
1716208,PARANÃ,TO,8577,0.0,81584.0,0.0,0.0,False,sem exportação aos EUA,True,média,Amazônia Legal
1716505,PEDRO AFONSO,TO,10799,0.0,38653899.0,0.0,0.0,False,sem exportação aos EUA,True,média,Amazônia Legal
1716604,PEIXE,TO,7284,0.0,526500.0,0.0,0.0,False,sem exportação aos EUA,True,média,Amazônia Legal
1716703,COLMÉIA,TO,6526,0.0,0.0,0.0,0.0,False,sem exportação aos EUA,True,média,Amazônia Legal
1709005,GOIATINS,TO,8809,0.0,0.0,0.0,0.0,False,sem exportação aos EUA,True,média,Amazônia Legal
1717008,PINDORAMA DO TOCANTINS,TO,3710,0.0,0.0,0.0,0.0,False,sem exportação aos EUA,True,média,Amazônia Legal
1717503,PIUM,TO,5965,0.0,0.0,0.0,0.0,False,sem exportação aos EUA,True,média,Amazônia Legal
1717800,PONTE ALTA DO BOM JESUS,TO,3642,0.0,0.0,0.0,0.0,False,sem exportação aos EUA,True,média,Amazônia Legal
1712405,LIZARDA,TO,3099,0.0,0.0,0.0,0.0,False,sem exportação aos EUA,True,média,Amazônia Legal
1720309,SÃO SEBASTIÃO DO TOCANTINS,TO,3364,0.0,0.0,0.0,0.0,False,sem exportação aos EUA,True,média,Amazônia Legal
1720804,SÍTIO NOVO DO TOCANTINS,TO,8078,0.0,0.0,0.0,0.0,False,sem exportação aos EUA,True,média,Amazônia Legal
1720903,TAGUATINGA,TO,11231,0.0,0.0,0.0,0.0,False,sem exportação aos EUA,True,média,Amazônia Legal
1721208,TOCANTINÓPOLIS,TO,16077,0.0,1825558.0,0.0,0.0,False,sem exportação aos EUA,True,média,Amazônia Legal
1702000,ARAGUAÇU,TO,6645,0.0,0.0,0.0,0.0,False,sem exportação aos EUA,True,média,Amazônia Legal
1709302,GUARAÍ,TO,17602,0.0,107112840.0,0.0,0.0,False,sem exportação aos EUA,True,média,Amazônia Legal
1718402,PRESIDENTE KENNEDY,TO,2825,0.0,0.0,0.0,0.0,False,sem exportação aos EUA,True,média,Amazônia Legal
1722107,XAMBIOÁ,TO,8639,0.0,0.0,0.0,0.0,False,sem exportação aos EUA,True,média,Amazônia Legal
1715754,PALMEIRÓPOLIS,TO,6163,0.0,0.0,0.0,0.0,False,sem exportação aos EUA,True,média,Amazônia Legal
1720655,SILVANÓPOLIS,TO,4865,0.0,35406690.0,0.0,0.0,False,sem exportação aos EUA,True,média,Amazônia Legal
1714880,NOVA OLINDA,TO,8132,0.0,59730540.0,0.0,0.0,False,sem exportação aos EUA,True,média,Amazônia Legal
1722081,WANDERLÂNDIA,TO,7391,0.0,0.0,0.0,0.0,False,sem exportação aos EUA,True,média,Amazônia Legal
1707652,FIGUEIRÓPOLIS,TO,4679,0.0,67885757.0,0.0,0.0,False,sem exportação aos EUA,True,média,Amazônia Legal
1718758,RIO SONO,TO,4294,0.0,0.0,0.0,0.0,False,sem exportação aos EUA,True,média,Amazônia Legal
1707553,FÁTIMA,TO,3389,0.0,587949.0,0.0,0.0,False,sem exportação aos EUA,True,média,Amazônia Legal
1702554,AUGUSTINÓPOLIS,TO,13639,0.0,0.0,0.0,0.0,False,sem exportação aos EUA,True,média,Amazônia Legal
1700350,ALIANÇA DO TOCANTINS,TO,4304,0.0,0.0,0.0,0.0,False,sem exportação aos EUA,True,média,Amazônia Legal
1701101,APARECIDA DO RIO NEGRO,TO,4670,0.0,0.0,0.0,0.0,False,sem exportação aos EUA,True,média,Amazônia Legal
1714302,NAZARÉ,TO,4125,0.0,0.0,0.0,0.0,False,sem exportação aos EUA,True,média,Amazônia Legal
1714203,NATIVIDADE,TO,6806,0.0,0.0,0.0,0.0,False,sem exportação aos EUA,True,média,Amazônia Legal
1713601,MONTE DO CARMO,TO,5125,0.0,0.0,0.0,0.0,False,sem exportação aos EUA,True,média,Amazônia Legal
1713304,MIRANORTE,TO,10079,0.0,0.0,0.0,0.0,False,sem exportação aos EUA,True,média,Amazônia Legal
1715002,NOVA ROSALÂNDIA,TO,2880,0.0,0.0,0.0,0.0,False,sem exportação aos EUA,True,média,Amazônia Legal
1702208,ARAGUATINS,TO,22359,0.0,0.0,0.0,0.0,False,sem exportação aos EUA,True,média,Amazônia Legal
1702307,ARAPOEMA,TO,4628,0.0,0.0,0.0,0.0,False,sem exportação aos EUA,True,média,Amazônia Legal
1716653,PEQUIZEIRO,TO,4371,0.0,0.0,0.0,0.0,False,sem exportação aos EUA,True,média,Amazônia Legal
1718006,PORTO ALEGRE DO TOCANTINS,TO,2639,0.0,0.0,0.0,0.0,False,sem exportação aos EUA,True,média,Amazônia Legal
1718303,PRAIA NORTE,TO,5873,0.0,0.0,0.0,0.0,False,sem exportação aos EUA,True,média,Amazônia Legal
1702703,AURORA DO TOCANTINS,TO,3314,0.0,0.0,0.0,0.0,False,sem exportação aos EUA,True,média,Amazônia Legal
1718808,SAMPAIO,TO,4157,0.0,0.0,0.0,0.0,False,sem exportação aos EUA,True,média,Amazônia Legal
1702901,AXIXÁ DO TOCANTINS,TO,9184,0.0,0.0,0.0,0.0,False,sem exportação aos EUA,True,média,Amazônia Legal
1718907,SANTA ROSA DO TOCANTINS,TO,4257,0.0,277439904.0,0.0,0.0,True,sem exportação aos EUA,True,média,Amazônia Legal
1703008,BABAÇULÂNDIA,TO,6651,0.0,0.0,0.0,0.0,False,sem exportação aos EUA,True,média,Amazônia Legal
1719004,SANTA TEREZA DO TOCANTINS,TO,3061,0.0,0.0,0.0,0.0,False,sem exportação aos EUA,True,média,Amazônia Legal
1720499,SÃO VALÉRIO,TO,4075,0.0,0.0,0.0,0.0,False,sem exportação aos EUA,True,média,Amazônia Legal
1703701,BREJINHO DE NAZARÉ,TO,4228,0.0,0.0,0.0,0.0,False,sem exportação aos EUA,True,média,Amazônia Legal
1705508,COLINAS DO TOCANTINS,TO,25353,0.0,0.0,0.0,0.0,False,sem exportação aos EUA,True,média,Amazônia Legal
1705607,CONCEIÇÃO DO TOCANTINS,TO,3643,0.0,0.0,0.0,0.0,False,sem exportação aos EUA,True,média,Amazônia Legal
1706001,COUTO MAGALHÃES,TO,4816,0.0,0.0,0.0,0.0,False,sem exportação aos EUA,True,média,Amazônia Legal
1706100,CRISTALÂNDIA,TO,5530,0.0,0.0,0.0,0.0,False,sem exportação aos EUA,True,média,Amazônia Legal
1707009,DIANÓPOLIS,TO,13191,0.0,8370.0,0.0,0.0,False,sem exportação aos EUA,True,média,Amazônia Legal
1707207,DOIS IRMÃOS DO TOCANTINS,TO,5082,0.0,0.0,0.0,0.0,False,sem exportação aos EUA,True,média,Amazônia Legal
1707306,DUERÉ,TO,3669,0.0,0.0,0.0,0.0,False,sem exportação aos EUA,True,média,Amazônia Legal
1707702,FILADÉLFIA,TO,6244,0.0,0.0,0.0,0.0,False,sem exportação aos EUA,True,média,Amazônia Legal
1708205,FORMOSO DO ARAGUAIA,TO,14141,0.0,0.0,0.0,0.0,False,sem exportação aos EUA,True,média,Amazônia Legal
1710508,ITACAJÁ,TO,5446,0.0,0.0,0.0,0.0,False,sem exportação aos EUA,True,média,Amazônia Legal
1710706,ITAGUATINS,TO,4717,0.0,0.0,0.0,0.0,False,sem exportação aos EUA,True,média,Amazônia Legal
1711100,ITAPORÃ DO TOCANTINS,TO,2703,0.0,0.0,0.0,0.0,False,sem exportação aos EUA,True,média,Amazônia Legal
1713205,MIRACEMA DO TOCANTINS,TO,14418,0.0,0.0,0.0,0.0,False,sem exportação aos EUA,True,média,Amazônia Legal
1701051,ANGICO,TO,2806,0.0,0.0,0.0,0.0,False,sem exportação aos EUA,True,média,Amazônia Legal
1712801,MAURILÂNDIA DO TOCANTINS,TO,3586,0.0,0.0,0.0,0.0,False,sem exportação aos EUA,True,média,Amazônia Legal
3532504,NEVES PAULISTA,SP,7059,0.0,8179021.0,0.0,0.0,False,sem exportação aos EUA,False,baixa,
3541802,QUEIROZ,SP,3299,0.0,35605199.0,0.0,0.0,False,sem exportação aos EUA,False,baixa,
3538907,PIRAJUÍ,SP,14814,0.0,0.0,0.0,0.0,False,sem exportação aos EUA,False,baixa,
3539509,PITANGUEIRAS,SP,24981,0.0,16109070.0,0.0,0.0,False,sem exportação aos EUA,False,baixa,
3539608,PLANALTO,SP,3962,0.0,123097563.0,0.0,0.0,True,sem exportação aos EUA,False,baixa,
3539707,PLATINA,SP,2775,0.0,0.0,0.0,0.0,False,sem exportação aos EUA,False,baixa,
3539905,POLONI,SP,4510,0.0,0.0,0.0,0.0,False,sem exportação aos EUA,False,baixa,
3540101,PONGAÍ,SP,2952,0.0,0.0,0.0,0.0,False,sem exportação aos EUA,False,baixa,
3540200,PONTAL,SP,28287,0.0,289261520.0,0.0,0.0,False,sem exportação aos EUA,False,baixa,
3540309,PONTES GESTAL,SP,2368,0.0,58276957.0,0.0,0.0,False,sem exportação aos EUA,False,baixa,
3540408,POPULINA,SP,3679,0.0,0.0,0.0,0.0,False,sem exportação aos EUA,False,baixa,
3540507,PORANGABA,SP,7483,0.0,2702.0,0.0,0.0,False,sem exportação aos EUA,False,baixa,
3541109,PRESIDENTE ALVES,SP,3391,0.0,0.0,0.0,0.0,False,sem exportação aos EUA,False,baixa,
3541208,PRESIDENTE BERNARDES,SP,10209,0.0,2804727.0,0.0,0.0,False,sem exportação aos EUA,False,baixa,
3541505,PRESIDENTE VENCESLAU,SP,26379,0.0,65330.0,0.0,0.0,False,sem exportação aos EUA,False,baixa,
3541901,QUELUZ,SP,7112,0.0,0.0,0.0,0.0,False,sem exportação aos EUA,False,baixa,
3538303,PIQUEROBI,SP,3115,0.0,0.0,0.0,0.0,False,sem exportação aos EUA,False,baixa,
3542305,REDENÇÃO DA SERRA,SP,4304,0.0,0.0,0.0,0.0,False,sem exportação aos EUA,False,baixa,
3542503,REGINÓPOLIS,SP,4734,0.0,0.0,0.0,0.0,False,sem exportação aos EUA,False,baixa,
3542602,REGISTRO,SP,45214,0.0,192301.0,0.0,0.0,False,sem exportação aos EUA,False,baixa,
3542800,RIBEIRA,SP,2889,0.0,0.0,0.0,0.0,False,sem exportação aos EUA,False,baixa,
3542909,RIBEIRÃO BONITO,SP,8616,0.0,224700.0,0.0,0.0,False,sem exportação aos EUA,False,baixa,
3543006,RIBEIRÃO BRANCO,SP,14335,0.0,0.0,0.0,0.0,False,sem exportação aos EUA,False,baixa,
3543204,RIBEIRÃO DO SUL,SP,3926,0.0,0.0,0.0,0.0,False,sem exportação aos EUA,False,baixa,
3543501,RIVERSUL,SP,4559,0.0,0.0,0.0,0.0,False,sem exportação aos EUA,False,baixa,
3543709,RINCÃO,SP,7171,0.0,0.0,0.0,0.0,False,sem exportação aos EUA,False,baixa,
3544103,RIO GRANDE DA SERRA,SP,33722,0.0,310577.0,0.0,0.0,False,sem exportação aos EUA,False,baixa,
3544202,RIOLÂNDIA,SP,7103,0.0,0.0,0.0,0.0,False,sem exportação aos EUA,False,baixa,
3544301,ROSEIRA,SP,8328,0.0,84296.0,0.0,0.0,False,sem exportação aos EUA,False,baixa,
3544400,RUBIÁCEA,SP,2390,0.0,0.0,0.0,0.0,False,sem exportação aos EUA,False,baixa,
3538501,PIQUETE,SP,10045,0.0,321481.0,0.0,0.0,False,sem exportação aos EUA,False,baixa,
3538204,PINHALZINHO,SP,11384,0.0,7231.0,0.0,0.0,False,sem exportação aos EUA,False,baixa,
1713809,PALMEIRAS DO TOCANTINS,TO,4232,0.0,0.0,0.0,0.0,False,sem exportação aos EUA,True,média,Amazônia Legal
3534906,PACAEMBU,SP,7523,0.0,0.0,0.0,0.0,False,sem exportação aos EUA,False,baixa,
3532603,NHANDEARA,SP,7745,0.0,0.0,0.0,0.0,False,sem exportação aos EUA,False,baixa,
3532702,NIPOÃ,SP,3881,0.0,0.0,0.0,0.0,False,sem exportação aos EUA,False,baixa,
3532801,NOVA ALIANÇA,SP,5431,0.0,54489.0,0.0,0.0,False,sem exportação aos EUA,False,baixa,
3532900,NOVA EUROPA,SP,7172,0.0,40228180.0,0.0,0.0,False,sem exportação aos EUA,False,baixa,
3533106,NOVA GUATAPORANGA,SP,2019,0.0,0.0,0.0,0.0,False,sem exportação aos EUA,False,baixa,
3533205,NOVA INDEPENDÊNCIA,SP,3505,0.0,0.0,0.0,0.0,False,sem exportação aos EUA,False,baixa,
3533304,NOVA LUZITÂNIA,SP,2635,0.0,0.0,0.0,0.0,False,sem exportação aos EUA,False,baixa,
3533502,NOVO HORIZONTE,SP,28606,0.0,27840780.0,0.0,0.0,False,sem exportação aos EUA,False,baixa,
3533601,NUPORANGA,SP,6023,0.0,30960277.0,0.0,0.0,False,sem exportação aos EUA,False,baixa,
3533700,OCAUÇU,SP,3441,0.0,0.0,0.0,0.0,False,sem exportação aos EUA,False,baixa,
3533809,ÓLEO,SP,2420,0.0,0.0,0.0,0.0,False,sem exportação aos EUA,False,baixa,
3534500,OSCAR BRESSANE,SP,2450,0.0,0.0,0.0,0.0,False,sem exportação aos EUA,False,baixa,
3534807,OURO VERDE,SP,6097,0.0,62717.0,0.0,0.0,False,sem exportação aos EUA,False,baixa,
3535002,PALESTINA,SP,8996,0.0,32946779.0,0.0,0.0,False,sem exportação aos EUA,False,baixa,
3537503,PEREIRAS,SP,6469,0.0,0.0,0.0,0.0,False,sem exportação aos EUA,False,baixa,
3535101,PALMARES PAULISTA,SP,7352,0.0,0.0,0.0,0.0,False,sem exportação aos EUA,False,baixa,
3535200,PALMEIRA D'OESTE,SP,7437,0.0,0.0,0.0,0.0,False,sem exportação aos EUA,False,baixa,
3535408,PANORAMA,SP,9923,0.0,28820.0,0.0,0.0,False,sem exportação aos EUA,False,baixa,
3535606,PARAIBUNA,SP,13836,0.0,21715.0,0.0,0.0,False,sem exportação aos EUA,False,baixa,
3535705,PARAÍSO,SP,4547,0.0,62594560.0,0.0,0.0,False,sem exportação aos EUA,False,baixa,
3535903,PARANAPUÃ,SP,3392,0.0,0.0,0.0,0.0,False,sem exportação aos EUA,False,baixa,
3536406,PAULICÉIA,SP,5955,0.0,43292812.0,0.0,0.0,False,sem exportação aos EUA,False,baixa,
3536604,PAULO DE FARIA,SP,6111,0.0,0.0,0.0,0.0,False,sem exportação aos EUA,False,baixa,
3536802,PEDRA BELA,SP,4810,0.0,0.0,0.0,0.0,False,sem exportação aos EUA,False,baixa,
3536901,PEDRANÓPOLIS,SP,2682,0.0,0.0,0.0,0.0,False,sem exportação aos EUA,False,baixa,
3537008,PEDREGULHO,SP,12296,0.0,2098238.0,0.0,0.0,False,sem exportação aos EUA,False,baixa,
3537206,PEDRO DE TOLEDO,SP,7891,0.0,0.0,0.0,0.0,False,sem exportação aos EUA,False,baixa,
3537404,PEREIRA BARRETO,SP,19125,0.0,0.0,0.0,0.0,False,sem exportação aos EUA,False,baixa,
3544509,RUBINÉIA,SP,3917,0.0,0.0,0.0,0.0,False,sem exportação aos EUA,False,baixa,
3544608,SABINO,SP,4352,0.0,0.0,0.0,0.0,False,sem exportação aos EUA,False,baixa,
3544707,SAGRES,SP,2091,0.0,0.0,0.0,0.0,False,sem exportação aos EUA,False,baixa,
3554607,TIMBURI,SP,2427,0.0,0.0,0.0,0.0,False,sem exportação aos EUA,False,baixa,
3551306,SEBASTIANÓPOLIS DO SUL,SP,3007,0.0,159249375.0,0.0,0.0,True,sem exportação aos EUA,False,baixa,
3551405,SERRA AZUL,SP,7366,0.0,0.0,0.0,0.0,False,sem exportação aos EUA,False,baixa,
3551900,SEVERÍNIA,SP,11642,0.0,0.0,0.0,0.0,False,sem exportação aos EUA,False,baixa,
3552007,SILVEIRAS,SP,5404,0.0,0.0,0.0,0.0,False,sem exportação aos EUA,False,baixa,
3552304,SUD MENNUCCI,SP,6041,0.0,0.0,0.0,0.0,False,sem exportação aos EUA,False,baixa,
3552601,TABAPUÃ,SP,8762,0.0,0.0,0.0,0.0,False,sem exportação aos EUA,False,baixa,
3552908,TACIBA,SP,5069,0.0,878665.0,0.0,0.0,False,sem exportação aos EUA,False,baixa,
3553005,TAGUAÍ,SP,9253,0.0,0.0,0.0,0.0,False,sem exportação aos EUA,False,baixa,
3553104,TAIAÇU,SP,4509,0.0,0.0,0.0,0.0,False,sem exportação aos EUA,False,baixa,
3553203,TAIÚVA,SP,4396,0.0,0.0,0.0,0.0,False,sem exportação aos EUA,False,baixa,
3553500,TAPIRAÍ,SP,6269,0.0,33539.0,0.0,0.0,False,sem exportação aos EUA,False,baixa,
3553906,TARABAI,SP,5176,0.0,0.0,0.0,0.0,False,sem exportação aos EUA,False,baixa,
3554201,TEJUPÁ,SP,3456,0.0,0.0,0.0,0.0,False,sem exportação aos EUA,False,baixa,
3554904,TRÊS FRONTEIRAS,SP,5256,0.0,0.0,0.0,0.0,False,sem exportação aos EUA,False,baixa,
3544806,SALES,SP,5354,0.0,0.0,0.0,0.0,False,sem exportação aos EUA,False,baixa,
3555208,TURIÚBA,SP,1661,0.0,0.0,0.0,0.0,False,sem exportação aos EUA,False,baixa,
3555307,TURMALINA,SP,1955,0.0,0.0,0.0,0.0,False,sem exportação aos EUA,False,baixa,
3555406,UBATUBA,SP,77900,0.0,56496.0,0.0,0.0,False,sem exportação aos EUA,False,baixa,
3555505,UBIRAJARA,SP,3995,0.0,36055.0,0.0,0.0,False,sem exportação aos EUA,False,baixa,
3555703,UNIÃO PAULISTA,SP,1703,0.0,0.0,0.0,0.0,False,sem exportação aos EUA,False,baixa,
3555802,URÂNIA,SP,6898,0.0,938290.0,0.0,0.0,False,sem exportação aos EUA,False,baixa,
3555901,URU,SP,1622,0.0,0.0,0.0,0.0,False,sem exportação aos EUA,False,baixa,
3556008,URUPÊS,SP,10624,0.0,1457916.0,0.0,0.0,False,sem exportação aos EUA,False,baixa,
3556602,VERA CRUZ,SP,7886,0.0,106073.0,0.0,0.0,False,sem exportação aos EUA,False,baixa,
3556800,VIRADOURO,SP,13103,0.0,71970.0,0.0,0.0,False,sem exportação aos EUA,False,baixa,
1700251,ABREULÂNDIA,TO,2525,0.0,0.0,0.0,0.0,False,sem exportação aos EUA,True,média,Amazônia Legal
1717206,PIRAQUÊ,TO,2394,0.0,0.0,0.0,0.0,False,sem exportação aos EUA,True,média,Amazônia Legal
1718550,RIACHINHO,TO,3503,0.0,0.0,0.0,0.0,False,sem exportação aos EUA,True,média,Amazônia Legal
3551207,SARUTAIÁ,SP,3202,0.0,0.0,0.0,0.0,False,sem exportação aos EUA,False,baixa,
3550803,SÃO SEBASTIÃO DA GRAMA,SP,8398,0.0,5655370.0,0.0,0.0,False,sem exportação aos EUA,False,baixa,
3550407,SÃO PEDRO,SP,28554,0.0,200643.0,0.0,0.0,False,sem exportação aos EUA,False,baixa,
3550001,SÃO LUÍS DO PARAITINGA,SP,10204,0.0,0.0,0.0,0.0,False,sem exportação aos EUA,False,baixa,
3544905,SALES OLIVEIRA,SP,8527,0.0,881602.0,0.0,0.0,False,sem exportação aos EUA,False,baixa,
3545001,SALESÓPOLIS,SP,14725,0.0,32125.0,0.0,0.0,False,sem exportação aos EUA,False,baixa,
3545100,SALMOURÃO,SP,3874,0.0,0.0,0.0,0.0,False,sem exportação aos EUA,False,baixa,
3545407,SALTO GRANDE,SP,6580,0.0,416565.0,0.0,0.0,False,sem exportação aos EUA,False,baixa,
3545506,SANDOVALINA,SP,4876,0.0,0.0,0.0,0.0,False,sem exportação aos EUA,False,baixa,
3545605,SANTA ADÉLIA,SP,10828,0.0,7935151.0,0.0,0.0,False,sem exportação aos EUA,False,baixa,
3545704,SANTA ALBERTINA,SP,5093,0.0,52763880.0,0.0,0.0,False,sem exportação aos EUA,False,baixa,
3500550,ÁGUAS DE SANTA BÁRBARA,SP,5392,0.0,4.0,0.0,0.0,False,sem exportação aos EUA,False,baixa,
3546108,SANTA CLARA D'OESTE,SP,2441,0.0,0.0,0.0,0.0,False,sem exportação aos EUA,False,baixa,
3546207,SANTA CRUZ DA CONCEIÇÃO,SP,4140,0.0,25500.0,0.0,0.0,False,sem exportação aos EUA,False,baixa,
3546504,SANTA ERNESTINA,SP,5040,0.0,0.0,0.0,0.0,False,sem exportação aos EUA,False,baixa,
3546900,SANTA LÚCIA,SP,6326,0.0,877.0,0.0,0.0,False,sem exportação aos EUA,False,baixa,
3547007,SANTA MARIA DA SERRA,SP,4225,0.0,45450.0,0.0,0.0,False,sem exportação aos EUA,False,baixa,
3547106,SANTA MERCEDES,SP,2679,0.0,0.0,0.0,0.0,False,sem exportação aos EUA,False,baixa,
3547205,SANTANA DA PONTE PENSA,SP,1925,0.0,0.0,0.0,0.0,False,sem exportação aos EUA,False,baixa,
3547403,SANTA RITA D'OESTE,SP,2471,0.0,0.0,0.0,0.0,False,sem exportação aos EUA,False,baixa,
3547700,SANTO ANASTÁCIO,SP,15054,0.0,3047056.0,0.0,0.0,False,sem exportação aos EUA,False,baixa,
3547908,SANTO ANTÔNIO DA ALEGRIA,SP,5700,0.0,0.0,0.0,0.0,False,sem exportação aos EUA,False,baixa,
3548104,SANTO ANTÔNIO DO JARDIM,SP,5173,0.0,5543798.0,0.0,0.0,False,sem exportação aos EUA,False,baixa,
3548302,SANTO EXPEDITO,SP,2682,0.0,0.0,0.0,0.0,False,sem exportação aos EUA,False,baixa,
3548401,SANTÓPOLIS DO AGUAPEÍ,SP,3231,0.0,0.0,0.0,0.0,False,sem exportação aos EUA,False,baixa,
3548609,SÃO BENTO DO SAPUCAÍ,SP,9073,0.0,6947.0,0.0,0.0,False,sem exportação aos EUA,False,baixa,
3549003,SÃO FRANCISCO,SP,2505,0.0,0.0,0.0,0.0,False,sem exportação aos EUA,False,baixa,
3549201,SÃO JOÃO DAS DUAS PONTES,SP,2242,0.0,0.0,0.0,0.0,False,sem exportação aos EUA,False,baixa,
3549300,SÃO JOÃO DO PAU D'ALHO,SP,1906,0.0,0.0,0.0,0.0,False,sem exportação aos EUA,False,baixa,
3549508,SÃO JOSÉ DA BELA VISTA,SP,6916,0.0,0.0,0.0,0.0,False,sem exportação aos EUA,False,baixa,
3549607,SÃO JOSÉ DO BARREIRO,SP,3579,0.0,0.0,0.0,0.0,False,sem exportação aos EUA,False,baixa,
2802809,INDIAROBA,SE,13697,0.0,0.0,0.0,0.0,False,sem exportação aos EUA,False,baixa,
2802601,GRACCHO CARDOSO,SE,6449,0.0,0.0,0.0,0.0,False,sem exportação aos EUA,False,baixa,
4322152,TUNAS,RS,3346,0.0,0.0,0.0,0.0,False,sem exportação aos EUA,False,baixa,
4312104,MATA,RS,4013,0.0,0.0,0.0,0.0,False,sem exportação aos EUA,False,baixa,
4311205,JÚLIO DE CASTILHOS,RS,14988,0.0,2764937.0,0.0,0.0,False,sem exportação aos EUA,False,baixa,
4313490,NOVO BARREIRO,RS,3794,0.0,0.0,0.0,0.0,False,sem exportação aos EUA,False,baixa,
4313425,NOVO MACHADO,RS,3081,0.0,0.0,0.0,0.0,False,sem exportação aos EUA,False,baixa,
4313441,NOVO TIRADENTES,RS,1973,0.0,0.0,0.0,0.0,False,sem exportação aos EUA,False,baixa,
4311502,LAVRAS DO SUL,RS,5420,0.0,0.0,0.0,0.0,False,sem exportação aos EUA,False,baixa,
4314035,PARECI NOVO,RS,3442,0.0,27779.0,0.0,0.0,False,sem exportação aos EUA,False,baixa,
4314076,PASSO DO SOBRADO,RS,5251,0.0,820.0,0.0,0.0,False,sem exportação aos EUA,False,baixa,
4311700,MACHADINHO,RS,4842,0.0,0.0,0.0,0.0,False,sem exportação aos EUA,False,baixa,
4314472,PINHAL GRANDE,RS,3602,0.0,0.0,0.0,0.0,False,sem exportação aos EUA,False,baixa,
4311908,MARCELINO RAMOS,RS,3896,0.0,0.0,0.0,0.0,False,sem exportação aos EUA,False,baixa,
4314498,PINHEIRINHO DO VALE,RS,3806,0.0,0.0,0.0,0.0,False,sem exportação aos EUA,False,baixa,
4312005,MARIANO MORO,RS,2211,0.0,0.0,0.0,0.0,False,sem exportação aos EUA,False,baixa,
4314779,PONTÃO,RS,3373,0.0,0.0,0.0,0.0,False,sem exportação aos EUA,False,baixa,
4314787,PONTE PRETA,RS,1828,0.0,0.0,0.0,0.0,False,sem exportação aos EUA,False,baixa,
4311007,JAGUARÃO,RS,20370,0.0,15846526.0,0.0,0.0,False,sem exportação aos EUA,False,baixa,
4312203,MAXIMILIANO DE ALMEIDA,RS,3954,0.0,0.0,0.0,0.0,False,sem exportação aos EUA,False,baixa,
4315057,PORTO MAUÁ,RS,2251,0.0,0.0,0.0,0.0,False,sem exportação aos EUA,False,baixa,
4312302,MIRAGUAÍ,RS,4473,0.0,24913088.0,0.0,0.0,False,sem exportação aos EUA,False,baixa,
4315073,PORTO VERA CRUZ,RS,1761,0.0,0.0,0.0,0.0,False,sem exportação aos EUA,False,baixa,
4312500,MOSTARDAS,RS,9243,0.0,0.0,0.0,0.0,False,sem exportação aos EUA,False,baixa,
4315321,QUEVEDOS,RS,2385,0.0,0.0,0.0,0.0,False,sem exportação aos EUA,False,baixa,
4315552,RIO DOS ÍNDIOS,RS,2854,0.0,0.0,0.0,0.0,False,sem exportação aos EUA,False,baixa,
4316428,SAGRADA FAMÍLIA,RS,2272,0.0,0.0,0.0,0.0,False,sem exportação aos EUA,False,baixa,
4316477,SALVADOR DAS MISSÕES,RS,2746,0.0,0.0,0.0,0.0,False,sem exportação aos EUA,False,baixa,
4312807,NOVA ARAÇÁ,RS,4136,0.0,31600934.0,0.0,0.0,False,sem exportação aos EUA,False,baixa,
4316758,SANTA CLARA DO SUL,RS,5711,0.0,0.0,0.0,0.0,False,sem exportação aos EUA,False,baixa,
4312906,NOVA BASSANO,RS,7205,0.0,16729420.0,0.0,0.0,False,sem exportação aos EUA,False,baixa,
4317251,SANTA TEREZA,RS,1750,0.0,0.0,0.0,0.0,False,sem exportação aos EUA,False,baixa,
4313086,NOVA PÁDUA,RS,2410,0.0,22758.0,0.0,0.0,False,sem exportação aos EUA,False,baixa,
4310900,JACUTINGA,RS,2991,0.0,37172.0,0.0,0.0,False,sem exportação aos EUA,False,baixa,
4313102,NOVA PALMA,RS,5060,0.0,5509.0,0.0,0.0,False,sem exportação aos EUA,False,baixa,
4311759,MANOEL VIANA,RS,5536,0.0,0.0,0.0,0.0,False,sem exportação aos EUA,False,baixa,
4308656,GARRUCHOS,RS,2516,0.0,0.0,0.0,0.0,False,sem exportação aos EUA,False,baixa,
4308805,GENERAL CÂMARA,RS,6173,0.0,0.0,0.0,0.0,False,sem exportação aos EUA,False,baixa,
4308854,GENTIL,RS,1673,0.0,0.0,0.0,0.0,False,sem exportação aos EUA,False,baixa,
4319802,SÃO VICENTE DO SUL,RS,6760,0.0,3480177.0,0.0,0.0,False,sem exportação aos EUA,False,baixa,
4309126,GRAMADO DOS LOUREIROS,RS,2631,0.0,21855.0,0.0,0.0,False,sem exportação aos EUA,False,baixa,
4308904,GETÚLIO VARGAS,RS,12197,0.0,7541650.0,0.0,0.0,False,sem exportação aos EUA,False,baixa,
4309159,GRAMADO XAVIER,RS,3049,0.0,0.0,0.0,0.0,False,sem exportação aos EUA,False,baixa,
4310413,INHACORÁ,RS,2071,0.0,0.0,0.0,0.0,False,sem exportação aos EUA,False,baixa,
4310579,ITAPUCA,RS,1824,0.0,0.0,0.0,0.0,False,sem exportação aos EUA,False,baixa,
4311429,LAJEADO DO BUGRE,RS,2108,0.0,0.0,0.0,0.0,False,sem exportação aos EUA,False,baixa,
4311270,LAGOA DOS TRÊS CANTOS,RS,1717,0.0,13450.0,0.0,0.0,False,sem exportação aos EUA,False,baixa,
4309506,GUARANI DAS MISSÕES,RS,5851,0.0,9390360.0,0.0,0.0,False,sem exportação aos EUA,False,baixa,
4311643,LINHA NOVA,RS,1511,0.0,0.0,0.0,0.0,False,sem exportação aos EUA,False,baixa,
4309704,HUMAITÁ,RS,4020,0.0,0.0,0.0,0.0,False,sem exportação aos EUA,False,baixa,
4312674,NICOLAU VERGUEIRO,RS,2406,0.0,0.0,0.0,0.0,False,sem exportação aos EUA,False,baixa,
4311775,MAQUINÉ,RS,5922,0.0,0.0,0.0,0.0,False,sem exportação aos EUA,False,baixa,
4309803,IBIAÇÁ,RS,3988,0.0,0.0,0.0,0.0,False,sem exportação aos EUA,False,baixa,
4311791,MARATÁ,RS,2435,0.0,5581.0,0.0,0.0,False,sem exportação aos EUA,False,baixa,
4309902,IBIRAIARAS,RS,5419,0.0,33063.0,0.0,0.0,False,sem exportação aos EUA,False,baixa,
4311981,MARIANA PIMENTEL,RS,3608,0.0,0.0,0.0,0.0,False,sem exportação aos EUA,False,baixa,
4312138,MATO CASTELHANO,RS,3019,0.0,0.0,0.0,0.0,False,sem exportação aos EUA,False,baixa,
4312153,MATO LEITÃO,RS,4115,0.0,232653.0,0.0,0.0,False,sem exportação aos EUA,False,baixa,
4312427,MORMAÇO,RS,2764,0.0,0.0,0.0,0.0,False,sem exportação aos EUA,False,baixa,
4310504,IRAÍ,RS,5812,0.0,0.0,0.0,0.0,False,sem exportação aos EUA,False,baixa,
4312443,MORRINHOS DO SUL,RS,3216,0.0,0.0,0.0,0.0,False,sem exportação aos EUA,False,baixa,
4310603,ITAQUI,RS,26152,0.0,23084462.0,0.0,0.0,False,sem exportação aos EUA,False,baixa,
4310702,ITATIBA DO SUL,RS,3342,0.0,0.0,0.0,0.0,False,sem exportação aos EUA,False,baixa,
4312625,MULITERNO,RS,2237,0.0,0.0,0.0,0.0,False,sem exportação aos EUA,False,baixa,
4317558,SANTO ANTÔNIO DO PALMA,RS,2077,0.0,0.0,0.0,0.0,False,sem exportação aos EUA,False,baixa,
4317756,SANTO ANTÔNIO DO PLANALTO,RS,2163,0.0,18946.0,0.0,0.0,False,sem exportação aos EUA,False,baixa,
2802403,GARARU,SE,9619,0.0,0.0,0.0,0.0,False,sem exportação aos EUA,False,baixa,
4304713,CARAÁ,RS,6518,0.0,0.0,0.0,0.0,False,sem exportação aos EUA,False,baixa,
4315701,RIO PARDO,RS,28673,0.0,29407.0,0.0,0.0,False,sem exportação aos EUA,False,baixa,
4315800,ROCA SALES,RS,7666,0.0,716029.0,0.0,0.0,False,sem exportação aos EUA,False,baixa,
4304671,CAPIVARI DO SUL,RS,3711,0.0,2815016.0,0.0,0.0,False,sem exportação aos EUA,False,baixa,
4315909,RODEIO BONITO,RS,5375,0.0,0.0,0.0,0.0,False,sem exportação aos EUA,False,baixa,
4313011,NOVA CANDELÁRIA,RS,2588,0.0,38555.0,0.0,0.0,False,sem exportação aos EUA,False,baixa,
4308250,FLORIANO PEIXOTO,RS,1811,0.0,0.0,0.0,0.0,False,sem exportação aos EUA,False,baixa,
4316105,RONDA ALTA,RS,7415,0.0,36290.0,0.0,0.0,False,sem exportação aos EUA,False,baixa,
4305447,CHUVISCA,RS,4354,0.0,0.0,0.0,0.0,False,sem exportação aos EUA,False,baixa,
4316204,RONDINHA,RS,4481,0.0,0.0,0.0,0.0,False,sem exportação aos EUA,False,baixa,
4307450,ESPERANÇA DO SUL,RS,3315,0.0,0.0,0.0,0.0,False,sem exportação aos EUA,False,baixa,
4316303,ROQUE GONZALES,RS,5416,0.0,0.0,0.0,0.0,False,sem exportação aos EUA,False,baixa,
4306759,DOUTOR RICARDO,RS,2080,0.0,261271.0,0.0,0.0,False,sem exportação aos EUA,False,baixa,
4309571,HERVEIRAS,RS,2629,0.0,0.0,0.0,0.0,False,sem exportação aos EUA,False,baixa,
4316600,SANANDUVA,RS,13017,0.0,2363629.0,0.0,0.0,False,sem exportação aos EUA,False,baixa,
4315503,RESTINGA SÊCA,RS,12277,0.0,7826383.0,0.0,0.0,False,sem exportação aos EUA,False,baixa,
4308078,FAZENDA VILANOVA,RS,3798,0.0,112837.0,0.0,0.0,False,sem exportação aos EUA,False,baixa,
4316709,SANTA BÁRBARA DO SUL,RS,6723,0.0,4452728.0,0.0,0.0,False,sem exportação aos EUA,False,baixa,
4310538,ITAARA,RS,4530,0.0,0.0,0.0,0.0,False,sem exportação aos EUA,False,baixa,
4307815,ESTRELA VELHA,RS,2953,0.0,0.0,0.0,0.0,False,sem exportação aos EUA,False,baixa,
4302055,BENJAMIN CONSTANT DO SUL,RS,2125,0.0,0.0,0.0,0.0,False,sem exportação aos EUA,False,baixa,
4317004,SANTANA DA BOA VISTA,RS,6598,0.0,0.0,0.0,0.0,False,sem exportação aos EUA,False,baixa,
4311718,MAÇAMBARÁ,RS,3970,0.0,0.0,0.0,0.0,False,sem exportação aos EUA,False,baixa,
4306551,DOM PEDRO DE ALCÂNTARA,RS,2646,0.0,0.0,0.0,0.0,False,sem exportação aos EUA,False,baixa,
4322376,UNISTALDA,RS,2687,0.0,0.0,0.0,0.0,False,sem exportação aos EUA,False,baixa,
4317301,SANTA VITÓRIA DO PALMAR,RS,23324,0.0,128730169.0,0.0,0.0,False,sem exportação aos EUA,False,baixa,
4322327,TURUÇU,RS,3449,0.0,0.0,0.0,0.0,False,sem exportação aos EUA,False,baixa,
4317400,SANTIAGO,RS,39884,0.0,279180.0,0.0,0.0,False,sem exportação aos EUA,False,baixa,
4306072,CRISTAL DO SUL,RS,2662,0.0,0.0,0.0,0.0,False,sem exportação aos EUA,False,baixa,
4323804,XANGRI-LÁ,RS,14765,0.0,0.0,0.0,0.0,False,sem exportação aos EUA,False,baixa,
4323754,VITÓRIA DAS MISSÕES,RS,3443,0.0,0.0,0.0,0.0,False,sem exportação aos EUA,False,baixa,
4317954,SANTO EXPEDITO DO SUL,RS,2242,0.0,0.0,0.0,0.0,False,sem exportação aos EUA,False,baixa,
4320354,SENTINELA DO SUL,RS,4237,0.0,85416.0,0.0,0.0,False,sem exportação aos EUA,False,baixa,
4318432,SÃO JOÃO DO POLÊSINE,RS,2578,0.0,127630.0,0.0,0.0,False,sem exportação aos EUA,False,baixa,
4318622,SÃO JOSÉ DOS AUSENTES,RS,3387,0.0,0.0,0.0,0.0,False,sem exportação aos EUA,False,baixa,
4318499,SÃO JOSÉ DO INHACORÁ,RS,2244,0.0,1999753.0,0.0,0.0,False,sem exportação aos EUA,False,baixa,
4313607,PAIM FILHO,RS,3753,0.0,0.0,0.0,0.0,False,sem exportação aos EUA,False,baixa,
4318457,SÃO JOSÉ DAS MISSÕES,RS,2443,0.0,0.0,0.0,0.0,False,sem exportação aos EUA,False,baixa,
4313706,PALMEIRA DAS MISSÕES,RS,24062,0.0,573696.0,0.0,0.0,False,sem exportação aos EUA,False,baixa,
4319125,SÃO MARTINHO DA SERRA,RS,3157,0.0,0.0,0.0,0.0,False,sem exportação aos EUA,False,baixa,
4313805,PALMITINHO,RS,5953,0.0,0.0,0.0,0.0,False,sem exportação aos EUA,False,baixa,
4319356,SÃO PEDRO DA SERRA,RS,3188,0.0,235998.0,0.0,0.0,False,sem exportação aos EUA,False,baixa,
4319372,SÃO PEDRO DO BUTIÁ,RS,2665,0.0,0.0,0.0,0.0,False,sem exportação aos EUA,False,baixa,
4319711,SÃO VALENTIM DO SUL,RS,2224,0.0,1630767.0,0.0,0.0,False,sem exportação aos EUA,False,baixa,
4319737,SÃO VALÉRIO DO SUL,RS,2348,0.0,0.0,0.0,0.0,False,sem exportação aos EUA,False,baixa,
4314209,PEDRO OSÓRIO,RS,6862,0.0,0.0,0.0,0.0,False,sem exportação aos EUA,False,baixa,
4314308,PEJUÇARA,RS,3096,0.0,4374304.0,0.0,0.0,False,sem exportação aos EUA,False,baixa,
4315404,REDENTORA,RS,6768,0.0,0.0,0.0,0.0,False,sem exportação aos EUA,False,baixa,
4320453,SÉRIO,RS,2072,0.0,0.0,0.0,0.0,False,sem exportação aos EUA,False,baixa,
4320552,SERTÃO SANTANA,RS,5324,0.0,0.0,0.0,0.0,False,sem exportação aos EUA,False,baixa,
4314506,PINHEIRO MACHADO,RS,9524,0.0,0.0,0.0,0.0,False,sem exportação aos EUA,False,baixa,
4320677,SINIMBU,RS,6825,0.0,553046.0,0.0,0.0,False,sem exportação aos EUA,False,baixa,
4321477,TIRADENTES DO SUL,RS,4724,0.0,0.0,0.0,0.0,False,sem exportação aos EUA,False,baixa,
4321626,TRAVESSEIRO,RS,1983,0.0,0.0,0.0,0.0,False,sem exportação aos EUA,False,baixa,
4321832,TRÊS FORQUILHAS,RS,3297,0.0,0.0,0.0,0.0,False,sem exportação aos EUA,False,baixa,
4322186,TUPANCI DO SUL,RS,1474,0.0,0.0,0.0,0.0,False,sem exportação aos EUA,False,baixa,
4315008,PORTO LUCENA,RS,3887,0.0,0.0,0.0,0.0,False,sem exportação aos EUA,False,baixa,
4322350,UNIÃO DA SERRA,RS,1523,0.0,0.0,0.0,0.0,False,sem exportação aos EUA,False,baixa,
4315107,PORTO XAVIER,RS,7966,0.0,4766874.0,0.0,0.0,False,sem exportação aos EUA,False,baixa,
4322541,VALE REAL,RS,4872,0.0,53793.0,0.0,0.0,False,sem exportação aos EUA,False,baixa,
4323457,VILA NOVA DO SUL,RS,3746,0.0,0.0,0.0,0.0,False,sem exportação aos EUA,False,baixa,
4306924,ENGENHO VELHO,RS,1179,0.0,0.0,0.0,0.0,False,sem exportação aos EUA,False,baixa,
4306429,DOIS IRMÃOS DAS MISSÕES,RS,2066,0.0,0.0,0.0,0.0,False,sem exportação aos EUA,False,baixa,
4306320,DERRUBADAS,RS,2624,0.0,0.0,0.0,0.0,False,sem exportação aos EUA,False,baixa,
4309050,GLORINHA,RS,6780,0.0,9646159.0,0.0,0.0,False,sem exportação aos EUA,False,baixa,
4314456,PINHAL,RS,2557,0.0,0.0,0.0,0.0,False,sem exportação aos EUA,False,baixa,
4301800,BARRACÃO,RS,4352,0.0,0.0,0.0,0.0,False,sem exportação aos EUA,False,baixa,
4321667,TRÊS CACHOEIRAS,RS,8189,0.0,33995.0,0.0,0.0,False,sem exportação aos EUA,False,baixa,
4319752,SÃO VENDELINO,RS,2409,0.0,624551.0,0.0,0.0,False,sem exportação aos EUA,False,baixa,
4302006,BARROS CASSAL,RS,8271,0.0,0.0,0.0,0.0,False,sem exportação aos EUA,False,baixa,
4315172,PROTÁSIO ALVES,RS,1939,0.0,0.0,0.0,0.0,False,sem exportação aos EUA,False,baixa,
4315131,POUSO NOVO,RS,1660,0.0,0.0,0.0,0.0,False,sem exportação aos EUA,False,baixa,
4302204,BOA VISTA DO BURICÁ,RS,5645,0.0,89472.0,0.0,0.0,False,sem exportação aos EUA,False,baixa,
4307831,EUGÊNIO DE CASTRO,RS,2554,0.0,1980155.0,0.0,0.0,False,sem exportação aos EUA,False,baixa,
4306056,CRISTAL,RS,6418,0.0,0.0,0.0,0.0,False,sem exportação aos EUA,False,baixa,
4302402,BOM RETIRO DO SUL,RS,9902,0.0,388667.0,0.0,0.0,False,sem exportação aos EUA,False,baixa,
4319158,SÃO MIGUEL DAS MISSÕES,RS,5911,0.0,0.0,0.0,0.0,False,sem exportação aos EUA,False,baixa,
4302501,BOSSOROCA,RS,5117,0.0,1949080.0,0.0,0.0,False,sem exportação aos EUA,False,baixa,
4302600,BRAGA,RS,2865,0.0,0.0,0.0,0.0,False,sem exportação aos EUA,False,baixa,
4301057,ARROIO DO SAL,RS,9495,0.0,475354.0,0.0,0.0,False,sem exportação aos EUA,False,baixa,
4320263,SEGREDO,RS,5695,0.0,5.0,0.0,0.0,False,sem exportação aos EUA,False,baixa,
4302709,BUTIÁ,RS,14823,0.0,387370.0,0.0,0.0,False,sem exportação aos EUA,False,baixa,
4300455,ALEGRIA,RS,3209,0.0,0.0,0.0,0.0,False,sem exportação aos EUA,False,baixa,
4302808,CAÇAPAVA DO SUL,RS,25010,0.0,982947.0,0.0,0.0,False,sem exportação aos EUA,False,baixa,
4316436,SALDANHA MARINHO,RS,2529,0.0,968438.0,0.0,0.0,False,sem exportação aos EUA,False,baixa,
4302907,CACEQUI,RS,8495,0.0,0.0,0.0,0.0,False,sem exportação aos EUA,False,baixa,
4318465,SÃO JOSÉ DO HERVAL,RS,2231,0.0,0.0,0.0,0.0,False,sem exportação aos EUA,False,baixa,
4323507,VISTA ALEGRE,RS,2612,0.0,0.0,0.0,0.0,False,sem exportação aos EUA,False,baixa,
4303202,CACIQUE DOBLE,RS,3985,0.0,0.0,0.0,0.0,False,sem exportação aos EUA,False,baixa,
4303301,CAIBATÉ,RS,4013,0.0,0.0,0.0,0.0,False,sem exportação aos EUA,False,baixa,
4321329,TAQUARUÇU DO SUL,RS,2822,0.0,0.0,0.0,0.0,False,sem exportação aos EUA,False,baixa,
4303400,CAIÇARA,RS,4303,0.0,0.0,0.0,0.0,False,sem exportação aos EUA,False,baixa,
4310330,IMBÉ,RS,24070,0.0,0.0,0.0,0.0,False,sem exportação aos EUA,False,baixa,
4301701,BARÃO DE COTEGIPE,RS,5354,0.0,7957355.0,0.0,0.0,False,sem exportação aos EUA,False,baixa,
4301503,AUGUSTO PESTANA,RS,5869,0.0,0.0,0.0,0.0,False,sem exportação aos EUA,False,baixa,
4308409,FORMIGUEIRO,RS,5763,0.0,0.0,0.0,0.0,False,sem exportação aos EUA,False,baixa,
4307054,ERNESTINA,RS,2930,0.0,0.0,0.0,0.0,False,sem exportação aos EUA,False,baixa,
4318424,SÃO JOÃO DA URTIGA,RS,4198,0.0,0.0,0.0,0.0,False,sem exportação aos EUA,False,baixa,
4309258,GUABIJU,RS,1395,0.0,902881.0,0.0,0.0,False,sem exportação aos EUA,False,baixa,
4315354,QUINZE DE NOVEMBRO,RS,3825,0.0,88964.0,0.0,0.0,False,sem exportação aos EUA,False,baixa,
4306734,DOUTOR MAURÍCIO CARDOSO,RS,3822,0.0,0.0,0.0,0.0,False,sem exportação aos EUA,False,baixa,
4311122,JAQUIRANA,RS,3757,0.0,105465.0,0.0,0.0,False,sem exportação aos EUA,False,baixa,
4322558,VANINI,RS,2018,0.0,0.0,0.0,0.0,False,sem exportação aos EUA,False,baixa,
4302451,BOQUEIRÃO DO LEÃO,RS,5325,0.0,0.0,0.0,0.0,False,sem exportação aos EUA,False,baixa,
4300059,ÁGUA SANTA,RS,3300,0.0,0.0,0.0,0.0,False,sem exportação aos EUA,False,baixa,
4320651,SILVEIRA MARTINS,RS,2147,0.0,669123.0,0.0,0.0,False,sem exportação aos EUA,False,baixa,
4309951,IBIRAPUITÃ,RS,3410,0.0,0.0,0.0,0.0,False,sem exportação aos EUA,False,baixa,
4309753,IBARAMA,RS,3655,0.0,0.0,0.0,0.0,False,sem exportação aos EUA,False,baixa,
4313953,PANTANO GRANDE,RS,8416,0.0,22819095.0,0.0,0.0,False,sem exportação aos EUA,False,baixa,
4300109,AGUDO,RS,12534,0.0,234520.0,0.0,0.0,False,sem exportação aos EUA,False,baixa,
4300208,AJURICABA,RS,5799,0.0,0.0,0.0,0.0,False,sem exportação aos EUA,False,baixa,
4307559,ESTAÇÃO,RS,4871,0.0,5008188.0,0.0,0.0,False,sem exportação aos EUA,False,baixa,
4306353,DEZESSEIS DE NOVEMBRO,RS,2615,0.0,0.0,0.0,0.0,False,sem exportação aos EUA,False,baixa,
4300307,ALECRIM,RS,5602,0.0,0.0,0.0,0.0,False,sem exportação aos EUA,False,baixa,
4306973,EREBANGO,RS,2616,0.0,63240.0,0.0,0.0,False,sem exportação aos EUA,False,baixa,
4306932,ENTRE-IJUÍS,RS,7421,0.0,2836134.0,0.0,0.0,False,sem exportação aos EUA,False,baixa,
4300703,ANTA GORDA,RS,4872,0.0,280886.0,0.0,0.0,False,sem exportação aos EUA,False,baixa,
4314159,PAVERAMA,RS,6036,0.0,8772.0,0.0,0.0,False,sem exportação aos EUA,False,baixa,
4321436,TERRA DE AREIA,RS,7779,0.0,0.0,0.0,0.0,False,sem exportação aos EUA,False,baixa,
4300901,ARATIBA,RS,6202,0.0,16853.0,0.0,0.0,False,sem exportação aos EUA,False,baixa,
4304101,CAMPOS BORGES,RS,3183,0.0,114012.0,0.0,0.0,False,sem exportação aos EUA,False,baixa,
4301107,ARROIO DOS RATOS,RS,10249,0.0,38090.0,0.0,0.0,False,sem exportação aos EUA,False,baixa,
4305157,CERRO GRANDE,RS,2482,0.0,0.0,0.0,0.0,False,sem exportação aos EUA,False,baixa,
4301305,ARROIO GRANDE,RS,14461,0.0,0.0,0.0,0.0,False,sem exportação aos EUA,False,baixa,
4311254,LAGOÃO,RS,4895,0.0,0.0,0.0,0.0,False,sem exportação aos EUA,False,baixa,
4320230,SEDE NOVA,RS,2508,0.0,0.0,0.0,0.0,False,sem exportação aos EUA,False,baixa,
4303707,CAMPINA DAS MISSÕES,RS,4989,0.0,0.0,0.0,0.0,False,sem exportação aos EUA,False,baixa,
4303806,CAMPINAS DO SUL,RS,4618,0.0,0.0,0.0,0.0,False,sem exportação aos EUA,False,baixa,
4307302,ERVAL SECO,RS,5497,0.0,0.0,0.0,0.0,False,sem exportação aos EUA,False,baixa,
4316956,SANTA MARIA DO HERVAL,RS,5271,0.0,0.0,0.0,0.0,False,sem exportação aos EUA,False,baixa,
4301651,BARÃO,RS,5073,0.0,2105432.0,0.0,0.0,False,sem exportação aos EUA,False,baixa,
4306304,DAVID CANABARRO,RS,4085,0.0,180370.0,0.0,0.0,False,sem exportação aos EUA,False,baixa,
4306502,DOM FELICIANO,RS,10375,0.0,0.0,0.0,0.0,False,sem exportação aos EUA,False,baixa,
4306700,DONA FRANCISCA,RS,3059,0.0,0.0,0.0,0.0,False,sem exportação aos EUA,False,baixa,
4300851,ARAMBARÉ,RS,3684,0.0,0.0,0.0,0.0,False,sem exportação aos EUA,False,baixa,
4301750,BARÃO DO TRIUNFO,RS,4618,0.0,0.0,0.0,0.0,False,sem exportação aos EUA,False,baixa,
4306908,ENCRUZILHADA DO SUL,RS,18702,0.0,5780503.0,0.0,0.0,False,sem exportação aos EUA,False,baixa,
4301859,BARRA DO GUARITA,RS,2600,0.0,0.0,0.0,0.0,False,sem exportação aos EUA,False,baixa,
4301925,BARRA DO RIO AZUL,RS,1751,0.0,0.0,0.0,0.0,False,sem exportação aos EUA,False,baixa,
4307104,HERVAL,RS,5214,0.0,0.0,0.0,0.0,False,sem exportação aos EUA,False,baixa,
4307203,ERVAL GRANDE,RS,4359,0.0,85757.0,0.0,0.0,False,sem exportação aos EUA,False,baixa,
4302154,BOA VISTA DAS MISSÕES,RS,2075,0.0,0.0,0.0,0.0,False,sem exportação aos EUA,False,baixa,
4302378,BOM PROGRESSO,RS,2604,0.0,0.0,0.0,0.0,False,sem exportação aos EUA,False,baixa,
4315453,RELVADO,RS,2167,0.0,1091.0,0.0,0.0,False,sem exportação aos EUA,False,baixa,
4307401,ESMERALDA,RS,2884,0.0,0.0,0.0,0.0,False,sem exportação aos EUA,False,baixa,
4303673,CAMPESTRE DA SERRA,RS,2886,0.0,0.0,0.0,0.0,False,sem exportação aos EUA,False,baixa,
4307500,ESPUMOSO,RS,12400,0.0,43000.0,0.0,0.0,False,sem exportação aos EUA,False,baixa,
4304358,CANDIOTA,RS,8121,0.0,57668.0,0.0,0.0,False,sem exportação aos EUA,False,baixa,
4304697,CAPITÃO,RS,2872,0.0,76544.0,0.0,0.0,False,sem exportação aos EUA,False,baixa,
4304853,CARLOS GOMES,RS,1396,0.0,0.0,0.0,0.0,False,sem exportação aos EUA,False,baixa,
4305116,CENTENÁRIO,RS,2650,0.0,390213.0,0.0,0.0,False,sem exportação aos EUA,False,baixa,
4305371,CHARRUA,RS,2510,0.0,0.0,0.0,0.0,False,sem exportação aos EUA,False,baixa,
4305587,COLINAS,RS,2354,0.0,504650.0,0.0,0.0,False,sem exportação aos EUA,False,baixa,
4305850,COQUEIROS DO SUL,RS,2451,0.0,0.0,0.0,0.0,False,sem exportação aos EUA,False,baixa,
4305871,CORONEL BARROS,RS,2668,0.0,0.0,0.0,0.0,False,sem exportação aos EUA,False,baixa,
4308300,FONTOURA XAVIER,RS,8245,0.0,3254.0,0.0,0.0,False,sem exportação aos EUA,False,baixa,
4305975,COXILHA,RS,2867,0.0,332989.0,0.0,0.0,False,sem exportação aos EUA,False,baixa,
4312450,MORRO REDONDO,RS,5309,0.0,1104885.0,0.0,0.0,False,sem exportação aos EUA,False,baixa,
4306007,CRISSIUMAL,RS,10489,0.0,8935849.0,0.0,0.0,False,sem exportação aos EUA,False,baixa,
4312757,NOVA ALVORADA,RS,2805,0.0,187737.0,0.0,0.0,False,sem exportação aos EUA,False,baixa,
4305900,CORONEL BICACO,RS,5810,0.0,0.0,0.0,0.0,False,sem exportação aos EUA,False,baixa,
4304002,CAMPO NOVO,RS,3967,0.0,0.0,0.0,0.0,False,sem exportação aos EUA,False,baixa,
4305454,CIDREIRA,RS,12724,0.0,0.0,0.0,0.0,False,sem exportação aos EUA,False,baixa,
4304200,CANDELÁRIA,RS,22407,0.0,2764924.0,0.0,0.0,False,sem exportação aos EUA,False,baixa,
4312351,MONTAURI,RS,1514,0.0,485557.0,0.0,0.0,False,sem exportação aos EUA,False,baixa,
4304309,CÂNDIDO GODÓI,RS,5545,0.0,3417197.0,0.0,0.0,False,sem exportação aos EUA,False,baixa,
4323705,VISTA GAÚCHA,RS,2652,0.0,0.0,0.0,0.0,False,sem exportação aos EUA,False,baixa,
4323606,VISTA ALEGRE DO PRATA,RS,1657,0.0,0.0,0.0,0.0,False,sem exportação aos EUA,False,baixa,
4304952,CASEIROS,RS,3182,0.0,0.0,0.0,0.0,False,sem exportação aos EUA,False,baixa,
4310553,ITACURUBI,RS,2718,0.0,0.0,0.0,0.0,False,sem exportação aos EUA,False,baixa,
4306957,ENTRE RIOS DO SUL,RS,2654,0.0,0.0,0.0,0.0,False,sem exportação aos EUA,False,baixa,
4305173,CERRO GRANDE DO SUL,RS,7118,0.0,0.0,0.0,0.0,False,sem exportação aos EUA,False,baixa,
4303558,CAMARGO,RS,2637,0.0,832360.0,0.0,0.0,False,sem exportação aos EUA,False,baixa,
4305009,CATUÍPE,RS,7517,0.0,0.0,0.0,0.0,False,sem exportação aos EUA,False,baixa,
4314027,PARAÍSO DO SUL,RS,5367,0.0,20.0,0.0,0.0,False,sem exportação aos EUA,False,baixa,
4305207,CERRO LARGO,RS,10195,0.0,173051.0,0.0,0.0,False,sem exportação aos EUA,False,baixa,
4308052,FAXINALZINHO,RS,2419,0.0,0.0,0.0,0.0,False,sem exportação aos EUA,False,baixa,
4305306,CHAPADA,RS,7697,0.0,0.0,0.0,0.0,False,sem exportação aos EUA,False,baixa,
4300638,AMARAL FERRADOR,RS,4601,0.0,0.0,0.0,0.0,False,sem exportação aos EUA,False,baixa,
4305405,CHIAPETTA,RS,3635,0.0,0.0,0.0,0.0,False,sem exportação aos EUA,False,baixa,
4305504,CIRÍACO,RS,3627,0.0,0.0,0.0,0.0,False,sem exportação aos EUA,False,baixa,
4305132,CERRO BRANCO,RS,3490,0.0,0.0,0.0,0.0,False,sem exportação aos EUA,False,baixa,
4305603,COLORADO,RS,2995,0.0,395070.0,0.0,0.0,False,sem exportação aos EUA,False,baixa,
4300661,ANDRÉ DA ROCHA,RS,1399,0.0,0.0,0.0,0.0,False,sem exportação aos EUA,False,baixa,
4305702,CONDOR,RS,6118,0.0,3095279.0,0.0,0.0,False,sem exportação aos EUA,False,baixa,
4314753,POÇO DAS ANTAS,RS,2014,0.0,0.0,0.0,0.0,False,sem exportação aos EUA,False,baixa,
4305801,CONSTANTINA,RS,8077,0.0,0.0,0.0,0.0,False,sem exportação aos EUA,False,baixa,
4321857,TRÊS PALMEIRAS,RS,4078,0.0,2666.0,0.0,0.0,False,sem exportação aos EUA,False,baixa,
4312617,MUITOS CAPÕES,RS,2854,0.0,57796090.0,0.0,0.0,False,sem exportação aos EUA,False,baixa,
4313334,NOVA RAMADA,RS,2039,0.0,0.0,0.0,0.0,False,sem exportação aos EUA,False,baixa,
2205300,JERUMENHA,PI,4814,0.0,0.0,0.0,0.0,False,sem exportação aos EUA,False,baixa,
4204194,CHAPADÃO DO LAGEADO,SC,2708,0.0,0.0,0.0,0.0,False,sem exportação aos EUA,False,baixa,
4207601,IPIRA,SC,3857,0.0,0.0,0.0,0.0,False,sem exportação aos EUA,False,baixa,
4215687,SANTA TEREZINHA DO PROGRESSO,SC,2456,0.0,0.0,0.0,0.0,False,sem exportação aos EUA,False,baixa,
4215356,SALTINHO,SC,3274,0.0,0.0,0.0,0.0,False,sem exportação aos EUA,False,baixa,
4207809,IRANI,SC,7724,0.0,188212.0,0.0,0.0,False,sem exportação aos EUA,False,baixa,
4209177,JUPIÁ,SC,2255,0.0,9723.0,0.0,0.0,False,sem exportação aos EUA,False,baixa,
4207908,IRINEÓPOLIS,SC,8228,0.0,0.0,0.0,0.0,False,sem exportação aos EUA,False,baixa,
4202081,BANDEIRANTE,SC,2976,0.0,586532.0,0.0,0.0,False,sem exportação aos EUA,False,baixa,
4205357,FLOR DO SERTÃO,SC,1772,0.0,0.0,0.0,0.0,False,sem exportação aos EUA,False,baixa,
4204756,CUNHATAÍ,SC,1868,0.0,0.0,0.0,0.0,False,sem exportação aos EUA,False,baixa,
4208450,ITAPOÁ,SC,21623,0.0,25227871.0,0.0,0.0,False,sem exportação aos EUA,False,baixa,
4208500,ITUPORANGA,SC,19872,0.0,4687722.0,0.0,0.0,False,sem exportação aos EUA,False,baixa,
4217956,TIGRINHOS,SC,2043,0.0,0.0,0.0,0.0,False,sem exportação aos EUA,False,baixa,
4208609,JABORÁ,SC,3843,0.0,95114.0,0.0,0.0,False,sem exportação aos EUA,False,baixa,
4201950,BALNEÁRIO ARROIO DO SILVA,SC,13141,0.0,0.0,0.0,0.0,False,sem exportação aos EUA,False,baixa,
4202578,BOM JESUS DO OESTE,SC,1876,0.0,0.0,0.0,0.0,False,sem exportação aos EUA,False,baixa,
4202099,BARRA BONITA,SC,1855,0.0,0.0,0.0,0.0,False,sem exportação aos EUA,False,baixa,
4202875,BRUNÓPOLIS,SC,2907,0.0,0.0,0.0,0.0,False,sem exportação aos EUA,False,baixa,
4209201,LACERDÓPOLIS,SC,1979,0.0,0.0,0.0,0.0,False,sem exportação aos EUA,False,baixa,
4219853,ZORTÉA,SC,3214,0.0,0.0,0.0,0.0,False,sem exportação aos EUA,False,baixa,
4209607,LAURO MÜLLER,SC,12330,0.0,16808070.0,0.0,0.0,False,sem exportação aos EUA,False,baixa,
4209706,LEBON RÉGIS,SC,8737,0.0,26000.0,0.0,0.0,False,sem exportação aos EUA,False,baixa,
4209805,LEOBERTO LEAL,SC,3293,0.0,0.0,0.0,0.0,False,sem exportação aos EUA,False,baixa,
4210209,MAJOR GERCINO,SC,3305,0.0,0.0,0.0,0.0,False,sem exportação aos EUA,False,baixa,
4210506,MARAVILHA,SC,20395,0.0,6808481.0,0.0,0.0,False,sem exportação aos EUA,False,baixa,
4210555,MAREMA,SC,2215,0.0,0.0,0.0,0.0,False,sem exportação aos EUA,False,baixa,
4210704,MATOS COSTA,SC,2463,0.0,0.0,0.0,0.0,False,sem exportação aos EUA,False,baixa,
4210803,MELEIRO,SC,5868,0.0,152746.0,0.0,0.0,False,sem exportação aos EUA,False,baixa,
4210902,MODELO,SC,3479,0.0,5712.0,0.0,0.0,False,sem exportação aos EUA,False,baixa,
4215752,SÃO BERNARDINO,SC,2576,0.0,0.0,0.0,0.0,False,sem exportação aos EUA,False,baixa,
4207403,IMBUIA,SC,5201,0.0,0.0,0.0,0.0,False,sem exportação aos EUA,False,baixa,
4210050,MACIEIRA,SC,2360,0.0,0.0,0.0,0.0,False,sem exportação aos EUA,False,baixa,
4206207,GRAVATAL,SC,9437,0.0,464025.0,0.0,0.0,False,sem exportação aos EUA,False,baixa,
4216057,SÃO CRISTÓVÃO DO SUL,SC,3557,0.0,435101.0,0.0,0.0,False,sem exportação aos EUA,False,baixa,
4204905,DESCANSO,SC,7241,0.0,0.0,0.0,0.0,False,sem exportação aos EUA,False,baixa,
4219176,VARGEM BONITA,SC,3962,0.0,23916040.0,0.0,0.0,False,sem exportação aos EUA,False,baixa,
4205001,DIONÍSIO CERQUEIRA,SC,12090,0.0,14387552.0,0.0,0.0,False,sem exportação aos EUA,False,baixa,
4205209,ERVAL VELHO,SC,3844,0.0,589778.0,0.0,0.0,False,sem exportação aos EUA,False,baixa,
4203956,CAPIVARI DE BAIXO,SC,18207,0.0,460121.0,0.0,0.0,False,sem exportação aos EUA,False,baixa,
4205308,FAXINAL DOS GUEDES,SC,8705,0.0,4486425.0,0.0,0.0,False,sem exportação aos EUA,False,baixa,
4211256,MORRO GRANDE,SC,2721,0.0,0.0,0.0,0.0,False,sem exportação aos EUA,False,baixa,
4204459,CORONEL MARTINS,SC,2010,0.0,0.0,0.0,0.0,False,sem exportação aos EUA,False,baixa,
4206009,GOVERNADOR CELSO RAMOS,SC,16835,0.0,0.0,0.0,0.0,False,sem exportação aos EUA,False,baixa,
4208955,JARDINÓPOLIS,SC,1699,0.0,123503.0,0.0,0.0,False,sem exportação aos EUA,False,baixa,
4217253,SÃO PEDRO DE ALCÂNTARA,SC,4795,0.0,0.0,0.0,0.0,False,sem exportação aos EUA,False,baixa,
4215695,SANTIAGO DO SUL,SC,1538,0.0,0.0,0.0,0.0,False,sem exportação aos EUA,False,baixa,
4202131,BELA VISTA DO TOLDO,SC,5321,0.0,0.0,0.0,0.0,False,sem exportação aos EUA,False,baixa,
4211876,PAIAL,SC,1999,0.0,0.0,0.0,0.0,False,sem exportação aos EUA,False,baixa,
4206306,GUABIRUBA,SC,17162,0.0,607036.0,0.0,0.0,False,sem exportação aos EUA,False,baixa,
4211892,PAINEL,SC,2599,0.0,0.0,0.0,0.0,False,sem exportação aos EUA,False,baixa,
4202438,BOCAINA DO SUL,SC,3180,0.0,0.0,0.0,0.0,False,sem exportação aos EUA,False,baixa,
4206603,GUARUJÁ DO SUL,SC,3992,0.0,6004135.0,0.0,0.0,False,sem exportação aos EUA,False,baixa,
4200754,ALTO BELA VISTA,SC,1764,0.0,1383393.0,0.0,0.0,False,sem exportação aos EUA,False,baixa,
4206702,HERVAL D'OESTE,SC,16804,0.0,307879.0,0.0,0.0,False,sem exportação aos EUA,False,baixa,
4205555,FREI ROGÉRIO,SC,2251,0.0,0.0,0.0,0.0,False,sem exportação aos EUA,False,baixa,
4206801,IBICARÉ,SC,3018,0.0,0.0,0.0,0.0,False,sem exportação aos EUA,False,baixa,
4218350,TREVISO,SC,3946,0.0,0.0,0.0,0.0,False,sem exportação aos EUA,False,baixa,
4202537,BOM JESUS,SC,2593,0.0,0.0,0.0,0.0,False,sem exportação aos EUA,False,baixa,
4206751,IBIAM,SC,1985,0.0,70258.0,0.0,0.0,False,sem exportação aos EUA,False,baixa,
4207205,IMARUÍ,SC,10187,0.0,0.0,0.0,0.0,False,sem exportação aos EUA,False,baixa,
4205175,ENTRE RIOS,SC,3097,0.0,0.0,0.0,0.0,False,sem exportação aos EUA,False,baixa,
4211108,MONTE CASTELO,SC,6982,0.0,0.0,0.0,0.0,False,sem exportação aos EUA,False,baixa,
4211801,OURO,SC,5678,0.0,854290.0,0.0,0.0,False,sem exportação aos EUA,False,baixa,
4212106,PALMITOS,SC,12297,0.0,46230.0,0.0,0.0,False,sem exportação aos EUA,False,baixa,
2800704,BREJO GRANDE,SE,8118,0.0,0.0,0.0,0.0,False,sem exportação aos EUA,False,baixa,
4219200,VIDAL RAMOS,SC,5308,0.0,0.0,0.0,0.0,False,sem exportação aos EUA,False,baixa,
4219606,XAVANTINA,SC,3388,0.0,0.0,0.0,0.0,False,sem exportação aos EUA,False,baixa,
4202503,BOM JARDIM DA SERRA,SC,3852,0.0,0.0,0.0,0.0,False,sem exportação aos EUA,False,baixa,
4220000,BALNEÁRIO RINCÃO,SC,13698,0.0,304233.0,0.0,0.0,False,sem exportação aos EUA,False,baixa,
4210407,MARACAJÁ,SC,6447,0.0,0.0,0.0,0.0,False,sem exportação aos EUA,False,baixa,
4212650,PESCARIA BRAVA,SC,8428,0.0,13975.0,0.0,0.0,False,sem exportação aos EUA,False,baixa,
4218103,TIMBÉ DO SUL,SC,4542,0.0,0.0,0.0,0.0,False,sem exportação aos EUA,False,baixa,
2806404,SANTANA DO SÃO FRANCISCO,SE,6340,0.0,0.0,0.0,0.0,False,sem exportação aos EUA,False,baixa,
2800100,AMPARO DE SÃO FRANCISCO,SE,3095,0.0,0.0,0.0,0.0,False,sem exportação aos EUA,False,baixa,
2800209,AQUIDABÃ,SE,17283,0.0,0.0,0.0,0.0,False,sem exportação aos EUA,False,baixa,
2800407,ARAUÁ,SE,9692,0.0,0.0,0.0,0.0,False,sem exportação aos EUA,False,baixa,
2800506,AREIA BRANCA,SE,15286,0.0,0.0,0.0,0.0,False,sem exportação aos EUA,False,baixa,
2800605,BARRA DOS COQUEIROS,SE,31707,0.0,37980131.0,0.0,0.0,False,sem exportação aos EUA,False,baixa,
2801009,CAMPO DO BRITO,SE,15710,0.0,27963.0,0.0,0.0,False,sem exportação aos EUA,False,baixa,
4212304,PAULO LOPES,SC,7411,0.0,184240.0,0.0,0.0,False,sem exportação aos EUA,False,baixa,
2801108,CANHOBA,SE,4709,0.0,0.0,0.0,0.0,False,sem exportação aos EUA,False,baixa,
2801207,CANINDÉ DE SÃO FRANCISCO,SE,24727,0.0,0.0,0.0,0.0,False,sem exportação aos EUA,False,baixa,
2801306,CAPELA,SE,27103,0.0,0.0,0.0,0.0,False,sem exportação aos EUA,False,baixa,
2801405,CARIRA,SE,17134,0.0,0.0,0.0,0.0,False,sem exportação aos EUA,False,baixa,
2801504,CARMÓPOLIS,SE,12534,0.0,0.0,0.0,0.0,False,sem exportação aos EUA,False,baixa,
2801603,CEDRO DE SÃO JOÃO,SE,5345,0.0,0.0,0.0,0.0,False,sem exportação aos EUA,False,baixa,
2801702,CRISTINÁPOLIS,SE,14633,0.0,0.0,0.0,0.0,False,sem exportação aos EUA,False,baixa,
2804458,NOSSA SENHORA APARECIDA,SE,7652,0.0,0.0,0.0,0.0,False,sem exportação aos EUA,False,baixa,
2801900,CUMBE,SE,4501,0.0,0.0,0.0,0.0,False,sem exportação aos EUA,False,baixa,
2802007,DIVINA PASTORA,SE,4411,0.0,0.0,0.0,0.0,False,sem exportação aos EUA,False,baixa,
2802205,FEIRA NOVA,SE,6299,0.0,0.0,0.0,0.0,False,sem exportação aos EUA,False,baixa,
2802304,FREI PAULO,SE,13549,0.0,0.0,0.0,0.0,False,sem exportação aos EUA,False,baixa,
2802502,GENERAL MAYNARD,SE,3345,0.0,0.0,0.0,0.0,False,sem exportação aos EUA,False,baixa,
4218905,URUBICI,SC,8139,0.0,31520.0,0.0,0.0,False,sem exportação aos EUA,False,baixa,
4218756,TUNÁPOLIS,SC,4043,0.0,0.0,0.0,0.0,False,sem exportação aos EUA,False,baixa,
4218608,TROMBUDO CENTRAL,SC,5524,0.0,11537410.0,0.0,0.0,False,sem exportação aos EUA,False,baixa,
4218400,TREZE DE MAIO,SC,6518,0.0,51248.0,0.0,0.0,False,sem exportação aos EUA,False,baixa,
4212403,PEDRAS GRANDES,SC,4152,0.0,557581.0,0.0,0.0,False,sem exportação aos EUA,False,baixa,
4212601,PERITIBA,SC,2879,0.0,0.0,0.0,0.0,False,sem exportação aos EUA,False,baixa,
4212700,PETROLÂNDIA,SC,5523,0.0,0.0,0.0,0.0,False,sem exportação aos EUA,False,baixa,
4212809,BALNEÁRIO PIÇARRAS,SC,23277,0.0,0.0,0.0,0.0,False,sem exportação aos EUA,False,baixa,
4213104,PIRATUBA,SC,5246,0.0,15120.0,0.0,0.0,False,sem exportação aos EUA,False,baixa,
4213807,PRAIA GRANDE,SC,6688,0.0,59775.0,0.0,0.0,False,sem exportação aos EUA,False,baixa,
4213906,PRESIDENTE CASTELLO BRANCO,SC,1670,0.0,0.0,0.0,0.0,False,sem exportação aos EUA,False,baixa,
4214102,PRESIDENTE NEREU,SC,2237,0.0,0.0,0.0,0.0,False,sem exportação aos EUA,False,baixa,
4214201,QUILOMBO,SC,8066,0.0,0.0,0.0,0.0,False,sem exportação aos EUA,False,baixa,
4214300,RANCHO QUEIMADO,SC,3744,0.0,0.0,0.0,0.0,False,sem exportação aos EUA,False,baixa,
4214409,RIO DAS ANTAS,SC,5383,0.0,638342.0,0.0,0.0,False,sem exportação aos EUA,False,baixa,
4214607,RIO DO OESTE,SC,6043,0.0,0.0,0.0,0.0,False,sem exportação aos EUA,False,baixa,
4214904,RIO FORTUNA,SC,4372,0.0,3696.0,0.0,0.0,False,sem exportação aos EUA,False,baixa,
4215109,RODEIO,SC,9464,0.0,412316.0,0.0,0.0,False,sem exportação aos EUA,False,baixa,
4215208,ROMELÂNDIA,SC,4125,0.0,0.0,0.0,0.0,False,sem exportação aos EUA,False,baixa,
4215406,SALTO VELOSO,SC,3446,0.0,2052435.0,0.0,0.0,False,sem exportação aos EUA,False,baixa,
4215604,SANTA ROSA DE LIMA,SC,2019,0.0,0.0,0.0,0.0,False,sem exportação aos EUA,False,baixa,
4215901,SÃO BONIFÁCIO,SC,2932,0.0,0.0,0.0,0.0,False,sem exportação aos EUA,False,baixa,
4216008,SÃO CARLOS,SC,8222,0.0,890329.0,0.0,0.0,False,sem exportação aos EUA,False,baixa,
4216107,SÃO DOMINGOS,SC,7343,0.0,1381501.0,0.0,0.0,False,sem exportação aos EUA,False,baixa,
4216404,SÃO JOÃO DO SUL,SC,7398,0.0,18705.0,0.0,0.0,False,sem exportação aos EUA,False,baixa,
4216701,SÃO JOSÉ DO CEDRO,SC,10947,0.0,407405.0,0.0,0.0,False,sem exportação aos EUA,False,baixa,
4216800,SÃO JOSÉ DO CERRITO,SC,7722,0.0,0.0,0.0,0.0,False,sem exportação aos EUA,False,baixa,
4217105,SÃO MARTINHO,SC,3230,0.0,2993.0,0.0,0.0,False,sem exportação aos EUA,False,baixa,
4217501,SEARA,SC,13942,0.0,81440327.0,0.0,0.0,False,sem exportação aos EUA,False,baixa,
4217808,TAIÓ,SC,14737,0.0,809563.0,0.0,0.0,False,sem exportação aos EUA,False,baixa,
4217907,TANGARÁ,SC,6620,0.0,48217.0,0.0,0.0,False,sem exportação aos EUA,False,baixa,
4213351,PONTE ALTA DO NORTE,SC,2635,0.0,625437.0,0.0,0.0,False,sem exportação aos EUA,False,baixa,
4205431,FORMOSA DO SUL,SC,2622,0.0,0.0,0.0,0.0,False,sem exportação aos EUA,False,baixa,
4311130,JARI,RS,2794,0.0,0.0,0.0,0.0,False,sem exportação aos EUA,False,baixa,
4316733,SANTA CECÍLIA DO SUL,RS,1940,0.0,0.0,0.0,0.0,False,sem exportação aos EUA,False,baixa,
4320305,SELBACH,RS,4334,0.0,0.0,0.0,0.0,False,sem exportação aos EUA,False,baixa,
4302584,BOZANO,RS,2625,0.0,0.0,0.0,0.0,False,sem exportação aos EUA,False,baixa,
4304614,CANUDOS DO VALE,RS,1944,0.0,0.0,0.0,0.0,False,sem exportação aos EUA,False,baixa,
4320503,SERTÃO,RS,5015,0.0,254766.0,0.0,0.0,False,sem exportação aos EUA,False,baixa,
4304622,CAPÃO BONITO DO SUL,RS,2112,0.0,0.0,0.0,0.0,False,sem exportação aos EUA,False,baixa,
4320602,SEVERIANO DE ALMEIDA,RS,3414,0.0,0.0,0.0,0.0,False,sem exportação aos EUA,False,baixa,
4304655,CAPÃO DO CIPÓ,RS,3105,0.0,0.0,0.0,0.0,False,sem exportação aos EUA,False,baixa,
4304630,CAPÃO DA CANOA,RS,46049,0.0,0.0,0.0,0.0,False,sem exportação aos EUA,False,baixa,
4305835,COQUEIRO BAIXO,RS,1351,0.0,0.0,0.0,0.0,False,sem exportação aos EUA,False,baixa,
4305934,CORONEL PILAR,RS,1569,0.0,0.0,0.0,0.0,False,sem exportação aos EUA,False,baixa,
4306130,CRUZALTENSE,RS,1928,0.0,0.0,0.0,0.0,False,sem exportação aos EUA,False,baixa,
4308433,FORQUETINHA,RS,2588,0.0,0.0,0.0,0.0,False,sem exportação aos EUA,False,baixa,
4321006,TAPERA,RS,7887,0.0,1145779.0,0.0,0.0,False,sem exportação aos EUA,False,baixa,
4310652,ITATI,RS,3450,0.0,0.0,0.0,0.0,False,sem exportação aos EUA,False,baixa,
4320206,SEBERI,RS,9356,0.0,39844809.0,0.0,0.0,False,sem exportação aos EUA,False,baixa,
4310876,JACUIZINHO,RS,2056,0.0,0.0,0.0,0.0,False,sem exportação aos EUA,False,baixa,
4311239,LAGOA BONITA DO SUL,RS,2310,0.0,0.0,0.0,0.0,False,sem exportação aos EUA,False,baixa,
4312179,MATO QUEIMADO,RS,1617,0.0,0.0,0.0,0.0,False,sem exportação aos EUA,False,baixa,
4321402,TENENTE PORTELA,RS,10706,0.0,12815.0,0.0,0.0,False,sem exportação aos EUA,False,baixa,
4313466,NOVO XINGU,RS,1591,0.0,0.0,0.0,0.0,False,sem exportação aos EUA,False,baixa,
4321600,TRAMANDAÍ,RS,39076,0.0,775164.0,0.0,0.0,False,sem exportação aos EUA,False,baixa,
4314464,PINHAL DA SERRA,RS,2584,0.0,0.0,0.0,0.0,False,sem exportação aos EUA,False,baixa,
4315313,QUATRO IRMÃOS,RS,1733,0.0,0.0,0.0,0.0,False,sem exportação aos EUA,False,baixa,
4315958,ROLADOR,RS,2396,0.0,0.0,0.0,0.0,False,sem exportação aos EUA,False,baixa,
4321907,TRÊS PASSOS,RS,18437,0.0,6463005.0,0.0,0.0,False,sem exportação aos EUA,False,baixa,
4316972,SANTA MARGARIDA DO SUL,RS,2829,0.0,0.0,0.0,0.0,False,sem exportação aos EUA,False,baixa,
4322103,TUCUNDUVA,RS,4755,0.0,0.0,0.0,0.0,False,sem exportação aos EUA,False,baixa,
4318614,SÃO JOSÉ DO SUL,RS,2065,0.0,975866.0,0.0,0.0,False,sem exportação aos EUA,False,baixa,
4302238,BOA VISTA DO INCRA,RS,2195,0.0,0.0,0.0,0.0,False,sem exportação aos EUA,False,baixa,
4302220,BOA VISTA DO CADEADO,RS,2067,0.0,0.0,0.0,0.0,False,sem exportação aos EUA,False,baixa,
4207858,IRATI,SC,2036,0.0,742021.0,0.0,0.0,False,sem exportação aos EUA,False,baixa,
4318804,SÃO LOURENÇO DO SUL,RS,35085,0.0,4654230.0,0.0,0.0,False,sem exportação aos EUA,False,baixa,
4317806,SANTO AUGUSTO,RS,11312,0.0,4261736.0,0.0,0.0,False,sem exportação aos EUA,False,baixa,
4322343,UBIRETAMA,RS,1894,0.0,0.0,0.0,0.0,False,sem exportação aos EUA,False,baixa,
4301875,BARRA DO QUARAÍ,RS,3355,0.0,6293.0,0.0,0.0,False,sem exportação aos EUA,False,baixa,
4305124,CERRITO,RS,5309,0.0,0.0,0.0,0.0,False,sem exportação aos EUA,False,baixa,
4318101,SÃO FRANCISCO DE ASSIS,RS,14252,0.0,0.0,0.0,0.0,False,sem exportação aos EUA,False,baixa,
4322525,VALE VERDE,RS,3292,0.0,0.0,0.0,0.0,False,sem exportação aos EUA,False,baixa,
4313391,NOVO CABRAIS,RS,3764,0.0,180179.0,0.0,0.0,False,sem exportação aos EUA,False,baixa,
4320578,SETE DE SETEMBRO,RS,1804,0.0,0.0,0.0,0.0,False,sem exportação aos EUA,False,baixa,
4320859,TABAÍ,RS,4093,0.0,0.0,0.0,0.0,False,sem exportação aos EUA,False,baixa,
4323358,VILA LÂNGARO,RS,2175,0.0,29811.0,0.0,0.0,False,sem exportação aos EUA,False,baixa,
4318606,SÃO JOSÉ DO OURO,RS,5762,0.0,25068.0,0.0,0.0,False,sem exportação aos EUA,False,baixa,
4320321,SENADOR SALGADO FILHO,RS,2669,0.0,0.0,0.0,0.0,False,sem exportação aos EUA,False,baixa,
4322855,VESPASIANO CORRÊA,RS,2485,0.0,0.0,0.0,0.0,False,sem exportação aos EUA,False,baixa,
4312377,MONTE ALEGRE DOS CAMPOS,RS,3352,0.0,0.0,0.0,0.0,False,sem exportação aos EUA,False,baixa,
4301073,ARROIO DO PADRE,RS,2775,0.0,0.0,0.0,0.0,False,sem exportação aos EUA,False,baixa,
4318903,SÃO LUIZ GONZAGA,RS,26267,0.0,34040480.0,0.0,0.0,False,sem exportação aos EUA,False,baixa,
4312054,MARQUES DE SOUZA,RS,3511,0.0,0.0,0.0,0.0,False,sem exportação aos EUA,False,baixa,
4305439,CHUÍ,RS,4888,0.0,1040029.0,0.0,0.0,False,sem exportação aos EUA,False,baixa,
4319109,SÃO MARTINHO,RS,4808,0.0,0.0,0.0,0.0,False,sem exportação aos EUA,False,baixa,
4319208,SÃO NICOLAU,RS,4337,0.0,0.0,0.0,0.0,False,sem exportação aos EUA,False,baixa,
4314068,PASSA SETE,RS,3747,0.0,0.0,0.0,0.0,False,sem exportação aos EUA,False,baixa,
4319307,SÃO PAULO DAS MISSÕES,RS,5214,0.0,0.0,0.0,0.0,False,sem exportação aos EUA,False,baixa,
4321493,TOROPI,RS,2745,0.0,0.0,0.0,0.0,False,sem exportação aos EUA,False,baixa,
4319406,SÃO PEDRO DO SUL,RS,12686,0.0,61672.0,0.0,0.0,False,sem exportação aos EUA,False,baixa,
4311734,MAMPITUBA,RS,3155,0.0,0.0,0.0,0.0,False,sem exportação aos EUA,False,baixa,
4319703,SÃO VALENTIM,RS,3073,0.0,0.0,0.0,0.0,False,sem exportação aos EUA,False,baixa,
4300034,ACEGUÁ,RS,3982,0.0,41767.0,0.0,0.0,False,sem exportação aos EUA,False,baixa,
4300471,ALMIRANTE TAMANDARÉ DO SUL,RS,1979,0.0,0.0,0.0,0.0,False,sem exportação aos EUA,False,baixa,
4322202,TUPANCIRETÃ,RS,15943,0.0,0.0,0.0,0.0,False,sem exportação aos EUA,False,baixa,
4319364,SÃO PEDRO DAS MISSÕES,RS,1650,0.0,0.0,0.0,0.0,False,sem exportação aos EUA,False,baixa,
4322301,TUPARENDI,RS,7111,0.0,253453.0,0.0,0.0,False,sem exportação aos EUA,False,baixa,
4215075,RIQUEZA,SC,3992,0.0,71365.0,0.0,0.0,False,sem exportação aos EUA,False,baixa,
4217550,SERRA ALTA,SC,2818,0.0,0.0,0.0,0.0,False,sem exportação aos EUA,False,baixa,
4201505,ARMAZÉM,SC,7195,0.0,61640.0,0.0,0.0,False,sem exportação aos EUA,False,baixa,
4201604,ARROIO TRINTA,SC,3124,0.0,7839.0,0.0,0.0,False,sem exportação aos EUA,False,baixa,
4211454,NOVA ITABERABA,SC,3921,0.0,264758.0,0.0,0.0,False,sem exportação aos EUA,False,baixa,
4201802,ATALANTA,SC,2919,0.0,0.0,0.0,0.0,False,sem exportação aos EUA,False,baixa,
4204178,CERRO NEGRO,SC,3206,0.0,0.0,0.0,0.0,False,sem exportação aos EUA,False,baixa,
4212254,PASSO DE TORRES,SC,9128,0.0,0.0,0.0,0.0,False,sem exportação aos EUA,False,baixa,
4202859,BRAÇO DO TROMBUDO,SC,3307,0.0,880667.0,0.0,0.0,False,sem exportação aos EUA,False,baixa,
4201273,ARABUTÃ,SC,3907,0.0,185025.0,0.0,0.0,False,sem exportação aos EUA,False,baixa,
4200556,ÁGUAS FRIAS,SC,2566,0.0,2375848.0,0.0,0.0,False,sem exportação aos EUA,False,baixa,
4202701,BOTUVERÁ,SC,4908,0.0,186321.0,0.0,0.0,False,sem exportação aos EUA,False,baixa,
4206652,GUATAMBÚ,SC,6236,0.0,1050017.0,0.0,0.0,False,sem exportação aos EUA,False,baixa,
4213153,PLANALTO ALEGRE,SC,2907,0.0,0.0,0.0,0.0,False,sem exportação aos EUA,False,baixa,
4209458,LAJEADO GRANDE,SC,1593,0.0,0.0,0.0,0.0,False,sem exportação aos EUA,False,baixa,
4321469,TIO HUGO,RS,2707,0.0,0.0,0.0,0.0,False,sem exportação aos EUA,False,baixa,
4203105,CAIBI,SC,5294,0.0,128748.0,0.0,0.0,False,sem exportação aos EUA,False,baixa,
4215059,RIO RUFINO,SC,2423,0.0,0.0,0.0,0.0,False,sem exportação aos EUA,False,baixa,
4203154,CALMON,SC,3186,0.0,0.0,0.0,0.0,False,sem exportação aos EUA,False,baixa,
4203501,CAMPO ERÊ,SC,7540,0.0,323472.0,0.0,0.0,False,sem exportação aos EUA,False,baixa,
4212239,PARAÍSO,SC,3609,0.0,26624.0,0.0,0.0,False,sem exportação aos EUA,False,baixa,
4202156,BELMONTE,SC,2400,0.0,0.0,0.0,0.0,False,sem exportação aos EUA,False,baixa,
4211652,NOVO HORIZONTE,SC,2570,0.0,0.0,0.0,0.0,False,sem exportação aos EUA,False,baixa,
4217154,SÃO MIGUEL DA BOA VISTA,SC,1757,0.0,0.0,0.0,0.0,False,sem exportação aos EUA,False,baixa,
4204103,CAXAMBU DO SUL,SC,4374,0.0,26032.0,0.0,0.0,False,sem exportação aos EUA,False,baixa,
4201653,ARVOREDO,SC,2620,0.0,0.0,0.0,0.0,False,sem exportação aos EUA,False,baixa,
4207684,IPUAÇU,SC,5697,0.0,22629793.0,0.0,0.0,False,sem exportação aos EUA,False,baixa,
4211850,OURO VERDE,SC,2040,0.0,0.0,0.0,0.0,False,sem exportação aos EUA,False,baixa,
4204400,CORONEL FREITAS,SC,8081,0.0,1029533.0,0.0,0.0,False,sem exportação aos EUA,False,baixa,
4204152,CELSO RAMOS,SC,2766,0.0,0.0,0.0,0.0,False,sem exportação aos EUA,False,baixa,
4215653,SANTA ROSA DO SUL,SC,7760,0.0,21000.0,0.0,0.0,False,sem exportação aos EUA,False,baixa,
4201208,ANTÔNIO CARLOS,SC,9356,0.0,760026.0,0.0,0.0,False,sem exportação aos EUA,False,baixa,
4200051,ABDON BATISTA,SC,2681,0.0,0.0,0.0,0.0,False,sem exportação aos EUA,False,baixa,
4323770,WESTFALIA,RS,2689,0.0,3047189.0,0.0,0.0,False,sem exportação aos EUA,False,baixa,
4314175,PEDRAS ALTAS,RS,1976,0.0,0.0,0.0,0.0,False,sem exportação aos EUA,False,baixa,
4322905,VIADUTOS,RS,4028,0.0,0.0,0.0,0.0,False,sem exportação aos EUA,False,baixa,
4323101,VICENTE DUTRA,RS,3837,0.0,0.0,0.0,0.0,False,sem exportação aos EUA,False,baixa,
4313656,PALMARES DO SUL,RS,10969,0.0,84266.0,0.0,0.0,False,sem exportação aos EUA,False,baixa,
4323200,VICTOR GRAEFF,RS,2531,0.0,0.0,0.0,0.0,False,sem exportação aos EUA,False,baixa,
4321352,TAVARES,RS,4533,0.0,1139806.0,0.0,0.0,False,sem exportação aos EUA,False,baixa,
4305959,COTIPORÃ,RS,3488,0.0,176545.0,0.0,0.0,False,sem exportação aos EUA,False,baixa,
4308458,FORTALEZA DOS VALOS,RS,3686,0.0,1890.0,0.0,0.0,False,sem exportação aos EUA,False,baixa,
4311155,JÓIA,RS,6196,0.0,0.0,0.0,0.0,False,sem exportação aos EUA,False,baixa,
4211058,MONTE CARLO,SC,6989,0.0,2813670.0,0.0,0.0,False,sem exportação aos EUA,False,baixa,
4200101,ABELARDO LUZ,SC,12625,0.0,2862613.0,0.0,0.0,False,sem exportação aos EUA,False,baixa,
4207650,IPORÃ DO OESTE,SC,7715,0.0,0.0,0.0,0.0,False,sem exportação aos EUA,False,baixa,
4209854,LINDÓIA DO SUL,SC,3810,0.0,0.0,0.0,0.0,False,sem exportação aos EUA,False,baixa,
4201257,APIÚNA,SC,8375,0.0,3477324.0,0.0,0.0,False,sem exportação aos EUA,False,baixa,
4200408,ÁGUA DOCE,SC,5464,0.0,533507.0,0.0,0.0,False,sem exportação aos EUA,False,baixa,
4205159,DOUTOR PEDRINHO,SC,3081,0.0,70789.0,0.0,0.0,False,sem exportação aos EUA,False,baixa,
4200507,ÁGUAS DE CHAPECÓ,SC,4732,0.0,0.0,0.0,0.0,False,sem exportação aos EUA,False,baixa,
4200606,ÁGUAS MORNAS,SC,6493,0.0,878990.0,0.0,0.0,False,sem exportação aos EUA,False,baixa,
4219358,VITOR MEIRELES,SC,4377,0.0,0.0,0.0,0.0,False,sem exportação aos EUA,False,baixa,
4200705,ALFREDO WAGNER,SC,8139,0.0,0.0,0.0,0.0,False,sem exportação aos EUA,False,baixa,
4218855,UNIÃO DO OESTE,SC,2463,0.0,0.0,0.0,0.0,False,sem exportação aos EUA,False,baixa,
4218954,URUPEMA,SC,2525,0.0,0.0,0.0,0.0,False,sem exportação aos EUA,False,baixa,
4200903,ANGELINA,SC,5017,0.0,0.0,0.0,0.0,False,sem exportação aos EUA,False,baixa,
4207759,IRACEMINHA,SC,3717,0.0,40200.0,0.0,0.0,False,sem exportação aos EUA,False,baixa,
4201000,ANITA GARIBALDI,SC,6943,0.0,0.0,0.0,0.0,False,sem exportação aos EUA,False,baixa,
4201109,ANITÁPOLIS,SC,3343,0.0,0.0,0.0,0.0,False,sem exportação aos EUA,False,baixa,
2205409,JOAQUIM PIRES,PI,11817,0.0,0.0,0.0,0.0,False,sem exportação aos EUA,False,baixa,
2517100,VÁRZEA,PB,2845,0.0,0.0,0.0,0.0,False,sem exportação aos EUA,False,baixa,
2205201,JAICÓS,PI,14188,0.0,0.0,0.0,0.0,False,sem exportação aos EUA,False,baixa,
5211909,JATAÍ,GO,73593,0.0,1082199886.0,0.0,0.0,False,sem exportação aos EUA,False,baixa,
5212907,MARZAGÃO,GO,3001,0.0,0.0,0.0,0.0,False,sem exportação aos EUA,False,baixa,
5212709,MAMBAÍ,GO,6519,0.0,0.0,0.0,0.0,False,sem exportação aos EUA,False,baixa,
5212600,MAIRIPOTABA,GO,3493,0.0,0.0,0.0,0.0,False,sem exportação aos EUA,False,baixa,
5212303,LEOPOLDO DE BULHÕES,GO,7348,0.0,0.0,0.0,0.0,False,sem exportação aos EUA,False,baixa,
5212204,JUSSARA,GO,14816,0.0,0.0,0.0,0.0,False,sem exportação aos EUA,False,baixa,
5212105,JOVIÂNIA,GO,5772,0.0,0.0,0.0,0.0,False,sem exportação aos EUA,False,baixa,
5212006,JAUPACI,GO,3160,0.0,0.0,0.0,0.0,False,sem exportação aos EUA,False,baixa,
5211701,JANDAIA,GO,5992,0.0,4973.0,0.0,0.0,False,sem exportação aos EUA,False,baixa,
5213004,MAURILÂNDIA,GO,7553,0.0,0.0,0.0,0.0,False,sem exportação aos EUA,False,baixa,
5211602,IVOLÂNDIA,GO,3148,0.0,0.0,0.0,0.0,False,sem exportação aos EUA,False,baixa,
5211404,ITAUÇU,GO,7690,0.0,0.0,0.0,0.0,False,sem exportação aos EUA,False,baixa,
5211305,ITARUMÃ,GO,4683,0.0,0.0,0.0,0.0,False,sem exportação aos EUA,False,baixa,
5211206,ITAPURANGA,GO,21491,0.0,0.0,0.0,0.0,False,sem exportação aos EUA,False,baixa,
5211008,ITAPIRAPUÃ,GO,6866,0.0,0.0,0.0,0.0,False,sem exportação aos EUA,False,baixa,
5210901,ITAPACI,GO,15697,0.0,0.0,0.0,0.0,False,sem exportação aos EUA,False,baixa,
5210802,ITAJÁ,GO,3668,0.0,0.0,0.0,0.0,False,sem exportação aos EUA,False,baixa,
5216304,PARANAIGUARA,GO,7170,0.0,0.0,0.0,0.0,False,sem exportação aos EUA,False,baixa,
5213400,MOIPORÁ,GO,2507,0.0,0.0,0.0,0.0,False,sem exportação aos EUA,False,baixa,
2308401,MISSÃO VELHA,CE,30981,0.0,0.0,0.0,0.0,False,sem exportação aos EUA,False,baixa,
5215207,NOVO BRASIL,GO,3599,0.0,0.0,0.0,0.0,False,sem exportação aos EUA,False,baixa,
5216809,PETROLINA DE GOIÁS,GO,7530,0.0,0.0,0.0,0.0,False,sem exportação aos EUA,False,baixa,
5216007,PANAMÁ,GO,3038,0.0,0.0,0.0,0.0,False,sem exportação aos EUA,False,baixa,
5215900,PALMINÓPOLIS,GO,4428,0.0,0.0,0.0,0.0,False,sem exportação aos EUA,False,baixa,
5215801,PALMELO,GO,2406,0.0,0.0,0.0,0.0,False,sem exportação aos EUA,False,baixa,
5215603,PADRE BERNARDO,GO,20391,0.0,0.0,0.0,0.0,False,sem exportação aos EUA,False,baixa,
5215405,OURO VERDE DE GOIÁS,GO,3766,0.0,0.0,0.0,0.0,False,sem exportação aos EUA,False,baixa,
5215306,ORIZONA,GO,12089,0.0,7832423.0,0.0,0.0,False,sem exportação aos EUA,False,baixa,
5214903,NOVA ROMA,GO,3006,0.0,2848321.0,0.0,0.0,False,sem exportação aos EUA,False,baixa,
5213509,MONTE ALEGRE DE GOIÁS,GO,5622,0.0,0.0,0.0,0.0,False,sem exportação aos EUA,False,baixa,
5214804,NOVA AURORA,GO,2328,0.0,0.0,0.0,0.0,False,sem exportação aos EUA,False,baixa,
5214705,NOVA AMÉRICA,GO,2769,0.0,0.0,0.0,0.0,False,sem exportação aos EUA,False,baixa,
5214507,NERÓPOLIS,GO,25856,0.0,13762.0,0.0,0.0,False,sem exportação aos EUA,False,baixa,
5214101,MUTUNÓPOLIS,GO,3622,0.0,0.0,0.0,0.0,False,sem exportação aos EUA,False,baixa,
5213905,MOSSÂMEDES,GO,4636,0.0,0.0,0.0,0.0,False,sem exportação aos EUA,False,baixa,
5213806,MORRINHOS,GO,37180,0.0,0.0,0.0,0.0,False,sem exportação aos EUA,False,baixa,
5213707,MONTES CLAROS DE GOIÁS,GO,7109,0.0,0.0,0.0,0.0,False,sem exportação aos EUA,False,baixa,
5210604,ITAGUARU,GO,5268,0.0,0.0,0.0,0.0,False,sem exportação aos EUA,False,baixa,
5210307,ISRAELÂNDIA,GO,2989,0.0,0.0,0.0,0.0,False,sem exportação aos EUA,False,baixa,
5210109,IPAMERI,GO,20506,0.0,167079619.0,0.0,0.0,False,sem exportação aos EUA,False,baixa,
5206800,DAMOLÂNDIA,GO,3634,0.0,0.0,0.0,0.0,False,sem exportação aos EUA,False,baixa,
5220280,SÃO PATRÍCIO,GO,2457,0.0,0.0,0.0,0.0,False,sem exportação aos EUA,False,baixa,
5219456,SANTA RITA DO NOVO DESTINO,GO,3048,0.0,150.0,0.0,0.0,False,sem exportação aos EUA,False,baixa,
5207105,DIORAMA,GO,2503,0.0,0.0,0.0,0.0,False,sem exportação aos EUA,False,baixa,
5218052,PORTEIRÃO,GO,3963,0.0,0.0,0.0,0.0,False,sem exportação aos EUA,False,baixa,
5203575,BONÓPOLIS,GO,3730,0.0,0.0,0.0,0.0,False,sem exportação aos EUA,False,baixa,
5206909,DAVINÓPOLIS,GO,4145,0.0,0.0,0.0,0.0,False,sem exportação aos EUA,False,baixa,
5200829,AMARALINA,GO,2969,0.0,0.0,0.0,0.0,False,sem exportação aos EUA,False,baixa,
5206701,DAMIANÓPOLIS,GO,4024,0.0,0.0,0.0,0.0,False,sem exportação aos EUA,False,baixa,
5209903,IACIARA,GO,8526,0.0,0.0,0.0,0.0,False,sem exportação aos EUA,False,baixa,
5200258,ÁGUAS LINDAS DE GOIÁS,GO,125210,0.0,0.0,0.0,0.0,False,sem exportação aos EUA,False,baixa,
5206602,CUMARI,GO,2613,0.0,0.0,0.0,0.0,False,sem exportação aos EUA,False,baixa,
5206503,CROMÍNIA,GO,3970,0.0,0.0,0.0,0.0,False,sem exportação aos EUA,False,baixa,
5221858,VALPARAÍSO DE GOIÁS,GO,99112,0.0,1049.0,0.0,0.0,False,sem exportação aos EUA,False,baixa,
5222203,VILA BOA,GO,4021,0.0,0.0,0.0,0.0,False,sem exportação aos EUA,False,baixa,
5206305,CRISTIANÓPOLIS,GO,4023,0.0,0.0,0.0,0.0,False,sem exportação aos EUA,False,baixa,
5203962,BURITINÓPOLIS,GO,3507,0.0,0.0,0.0,0.0,False,sem exportação aos EUA,False,baixa,
5207402,EDÉIA,GO,9541,0.0,33826453.0,0.0,0.0,False,sem exportação aos EUA,False,baixa,
5222302,VILA PROPÍCIO,GO,6026,0.0,0.0,0.0,0.0,False,sem exportação aos EUA,False,baixa,
5207501,ESTRELA DO NORTE,GO,3214,0.0,0.0,0.0,0.0,False,sem exportação aos EUA,False,baixa,
5207600,FAZENDA NOVA,GO,5536,0.0,0.0,0.0,0.0,False,sem exportação aos EUA,False,baixa,
5209804,HIDROLINA,GO,3869,0.0,0.0,0.0,0.0,False,sem exportação aos EUA,False,baixa,
5209705,HIDROLÂNDIA,GO,23574,0.0,4435454.0,0.0,0.0,False,sem exportação aos EUA,False,baixa,
5209606,HEITORAÍ,GO,4192,0.0,0.0,0.0,0.0,False,sem exportação aos EUA,False,baixa,
5209408,GUARANI DE GOIÁS,GO,4796,0.0,0.0,0.0,0.0,False,sem exportação aos EUA,False,baixa,
5209200,GUAPÓ,GO,14861,0.0,0.0,0.0,0.0,False,sem exportação aos EUA,False,baixa,
5208905,GOIÁS,GO,19216,0.0,0.0,0.0,0.0,False,sem exportação aos EUA,False,baixa,
5208509,GOIANDIRA,GO,4561,0.0,0.0,0.0,0.0,False,sem exportação aos EUA,False,baixa,
5208400,GOIANÁPOLIS,GO,10753,0.0,0.0,0.0,0.0,False,sem exportação aos EUA,False,baixa,
5208103,FORMOSO,GO,4706,0.0,0.0,0.0,0.0,False,sem exportação aos EUA,False,baixa,
5212253,LAGOA SANTA,GO,1783,0.0,0.0,0.0,0.0,False,sem exportação aos EUA,False,baixa,
5207907,FLORES DE GOIÁS,GO,8526,0.0,0.0,0.0,0.0,False,sem exportação aos EUA,False,baixa,
5204854,CAMPO LIMPO DE GOIÁS,GO,6772,0.0,0.0,0.0,0.0,False,sem exportação aos EUA,False,baixa,
5207808,FIRMINÓPOLIS,GO,8767,0.0,0.0,0.0,0.0,False,sem exportação aos EUA,False,baixa,
5208152,GAMELEIRA DE GOIÁS,GO,3713,0.0,0.0,0.0,0.0,False,sem exportação aos EUA,False,baixa,
5210158,IPIRANGA DE GOIÁS,GO,3148,0.0,0.0,0.0,0.0,False,sem exportação aos EUA,False,baixa,
5216908,PILAR DE GOIÁS,GO,3938,0.0,0.0,0.0,0.0,False,sem exportação aos EUA,False,baixa,
5217104,PIRACANJUBA,GO,18846,0.0,10.0,0.0,0.0,False,sem exportação aos EUA,False,baixa,
5217203,PIRANHAS,GO,9094,0.0,0.0,0.0,0.0,False,sem exportação aos EUA,False,baixa,
2100436,ALTO ALEGRE DO MARANHÃO,MA,18076,0.0,0.0,0.0,0.0,False,sem exportação aos EUA,True,média,Amazônia Legal
2100501,ALTO PARNAÍBA,MA,8142,0.0,25562609.0,0.0,0.0,False,sem exportação aos EUA,True,média,Amazônia Legal
2100550,AMAPÁ DO MARANHÃO,MA,4953,0.0,0.0,0.0,0.0,False,sem exportação aos EUA,True,média,Amazônia Legal
2100402,ALTAMIRA DO MARANHÃO,MA,5758,0.0,0.0,0.0,0.0,False,sem exportação aos EUA,True,média,Amazônia Legal
2100832,APICUM-AÇU,MA,13470,0.0,0.0,0.0,0.0,False,sem exportação aos EUA,True,média,Amazônia Legal
2100303,ALDEIAS ALTAS,MA,18506,0.0,0.0,0.0,0.0,False,sem exportação aos EUA,False,baixa,
2100477,ALTO ALEGRE DO PINDARÉ,MA,20251,0.0,0.0,0.0,0.0,False,sem exportação aos EUA,True,média,Amazônia Legal
2100204,ALCÂNTARA,MA,17613,0.0,0.0,0.0,0.0,False,sem exportação aos EUA,True,média,Amazônia Legal
2100105,AFONSO CUNHA,MA,7467,0.0,0.0,0.0,0.0,False,sem exportação aos EUA,False,baixa,
5202353,ARENÓPOLIS,GO,3626,0.0,0.0,0.0,0.0,False,sem exportação aos EUA,False,baixa,
2100154,ÁGUA DOCE DO MARANHÃO,MA,11520,0.0,0.0,0.0,0.0,False,sem exportação aos EUA,False,baixa,
5200175,ÁGUA FRIA DE GOIÁS,GO,5099,0.0,0.0,0.0,0.0,False,sem exportação aos EUA,False,baixa,
5200159,ADELÂNDIA,GO,2963,0.0,0.0,0.0,0.0,False,sem exportação aos EUA,False,baixa,
5219357,SANTA ISABEL,GO,3820,0.0,0.0,0.0,0.0,False,sem exportação aos EUA,False,baixa,
5204656,CAMPINAÇU,GO,3775,0.0,0.0,0.0,0.0,False,sem exportação aos EUA,False,baixa,
5219753,SANTO ANTÔNIO DO DESCOBERTO,GO,46706,0.0,0.0,0.0,0.0,False,sem exportação aos EUA,False,baixa,
5207253,DOVERLÂNDIA,GO,5670,0.0,0.0,0.0,0.0,False,sem exportação aos EUA,False,baixa,
2100873,ARAGUANÃ,MA,8007,0.0,0.0,0.0,0.0,False,sem exportação aos EUA,True,média,Amazônia Legal
2100600,AMARANTE DO MARANHÃO,MA,28108,0.0,0.0,0.0,0.0,False,sem exportação aos EUA,True,média,Amazônia Legal
2101251,BACABEIRA,MA,16057,0.0,0.0,0.0,0.0,False,sem exportação aos EUA,True,média,Amazônia Legal
2100709,ANAJATUBA,MA,20568,0.0,0.0,0.0,0.0,False,sem exportação aos EUA,True,média,Amazônia Legal
2102077,BOM LUGAR,MA,11468,0.0,0.0,0.0,0.0,False,sem exportação aos EUA,True,média,Amazônia Legal
2101400,BALSAS,MA,71213,0.0,1721379255.0,0.0,0.0,False,sem exportação aos EUA,True,média,Amazônia Legal
2102036,BOM JESUS DAS SELVAS,MA,19650,0.0,0.0,0.0,0.0,False,sem exportação aos EUA,True,média,Amazônia Legal
2101301,BACURI,MA,13893,0.0,0.0,0.0,0.0,False,sem exportação aos EUA,True,média,Amazônia Legal
2103752,DAVINÓPOLIS,MA,12223,0.0,0.0,0.0,0.0,False,sem exportação aos EUA,True,média,Amazônia Legal
2101202,BACABAL,MA,71838,0.0,6036.0,0.0,0.0,False,sem exportação aos EUA,True,média,Amazônia Legal
2102374,CACHOEIRA GRANDE,MA,9001,0.0,0.0,0.0,0.0,False,sem exportação aos EUA,True,média,Amazônia Legal
2101103,AXIXÁ,MA,11529,0.0,0.0,0.0,0.0,False,sem exportação aos EUA,True,média,Amazônia Legal
2101939,BERNARDO DO MEARIM,MA,5015,0.0,0.0,0.0,0.0,False,sem exportação aos EUA,True,média,Amazônia Legal
2101004,ARARI,MA,24000,0.0,0.0,0.0,0.0,False,sem exportação aos EUA,True,média,Amazônia Legal
2101772,BELA VISTA DO MARANHÃO,MA,10096,0.0,0.0,0.0,0.0,False,sem exportação aos EUA,True,média,Amazônia Legal
2100907,ARAIOSES,MA,32649,0.0,0.0,0.0,0.0,False,sem exportação aos EUA,False,baixa,
2101731,BELÁGUA,MA,8091,0.0,0.0,0.0,0.0,False,sem exportação aos EUA,False,baixa,
2100808,ANAPURUS,MA,14136,0.0,230819784.0,0.0,0.0,False,sem exportação aos EUA,False,baixa,
2101350,BACURITUBA,MA,5647,0.0,0.0,0.0,0.0,False,sem exportação aos EUA,True,média,Amazônia Legal
5204250,CACHOEIRA DOURADA,GO,7232,0.0,0.0,0.0,0.0,False,sem exportação aos EUA,False,baixa,
5202155,ARAGUAPAZ,GO,6011,0.0,0.0,0.0,0.0,False,sem exportação aos EUA,False,baixa,
5217302,PIRENÓPOLIS,GO,20745,0.0,45033.0,0.0,0.0,False,sem exportação aos EUA,False,baixa,
5218904,RUBIATABA,GO,15629,0.0,1699807.0,0.0,0.0,False,sem exportação aos EUA,False,baixa,
5219605,SANTA TEREZA DE GOIÁS,GO,3838,0.0,0.0,0.0,0.0,False,sem exportação aos EUA,False,baixa,
5219506,SANTA ROSA DE GOIÁS,GO,3527,0.0,0.0,0.0,0.0,False,sem exportação aos EUA,False,baixa,
5219407,SANTA RITA DO ARAGUAIA,GO,4460,0.0,0.0,0.0,0.0,False,sem exportação aos EUA,False,baixa,
5219308,SANTA HELENA DE GOIÁS,GO,30181,0.0,52007333.0,0.0,0.0,False,sem exportação aos EUA,False,baixa,
5219209,SANTA CRUZ DE GOIÁS,GO,3504,0.0,0.0,0.0,0.0,False,sem exportação aos EUA,False,baixa,
5219100,SANTA BÁRBARA DE GOIÁS,GO,5600,0.0,0.0,0.0,0.0,False,sem exportação aos EUA,False,baixa,
5219001,SANCLERLÂNDIA,GO,7135,0.0,581973.0,0.0,0.0,False,sem exportação aos EUA,False,baixa,
5218805,RIO VERDE,GO,153307,0.0,3416505251.0,0.0,0.0,False,sem exportação aos EUA,False,baixa,
5200852,AMERICANO DO BRASIL,GO,5599,0.0,0.0,0.0,0.0,False,sem exportação aos EUA,False,baixa,
5218706,RIANÁPOLIS,GO,3946,0.0,305.0,0.0,0.0,False,sem exportação aos EUA,False,baixa,
5218607,RIALMA,GO,9232,0.0,0.0,0.0,0.0,False,sem exportação aos EUA,False,baixa,
5218300,POSSE,GO,25339,0.0,0.0,0.0,0.0,False,sem exportação aos EUA,False,baixa,
5218102,PORTELÂNDIA,GO,3416,0.0,0.0,0.0,0.0,False,sem exportação aos EUA,False,baixa,
5218003,PORANGATU,GO,30959,0.0,8047739.0,0.0,0.0,False,sem exportação aos EUA,False,baixa,
5217708,PONTALINA,GO,14364,0.0,2116.0,0.0,0.0,False,sem exportação aos EUA,False,baixa,
5217401,PIRES DO RIO,GO,22071,0.0,51554766.0,0.0,0.0,False,sem exportação aos EUA,False,baixa,
5219704,SANTA TEREZINHA DE GOIÁS,GO,8524,0.0,0.0,0.0,0.0,False,sem exportação aos EUA,False,baixa,
5219803,SÃO DOMINGOS,GO,7284,0.0,0.0,0.0,0.0,False,sem exportação aos EUA,False,baixa,
5219902,SÃO FRANCISCO DE GOIÁS,GO,5392,0.0,0.0,0.0,0.0,False,sem exportação aos EUA,False,baixa,
5217609,PLANALTINA,GO,66587,0.0,1274.0,0.0,0.0,False,sem exportação aos EUA,False,baixa,
5222054,VICENTINÓPOLIS,GO,7110,0.0,0.0,0.0,0.0,False,sem exportação aos EUA,False,baixa,
5214861,NOVA GLÓRIA,GO,6881,0.0,0.0,0.0,0.0,False,sem exportação aos EUA,False,baixa,
5214838,NOVA CRIXÁS,GO,9335,0.0,115775.0,0.0,0.0,False,sem exportação aos EUA,False,baixa,
5214051,MUNDO NOVO,GO,5366,0.0,0.0,0.0,0.0,False,sem exportação aos EUA,False,baixa,
5222005,VIANÓPOLIS,GO,11287,0.0,0.0,0.0,0.0,False,sem exportação aos EUA,False,baixa,
5221908,VARJÃO,GO,4454,0.0,0.0,0.0,0.0,False,sem exportação aos EUA,False,baixa,
5221809,URUTAÍ,GO,3949,0.0,0.0,0.0,0.0,False,sem exportação aos EUA,False,baixa,
5221700,URUANA,GO,10812,0.0,0.0,0.0,0.0,False,sem exportação aos EUA,False,baixa,
5221502,TURVÂNIA,GO,4582,0.0,0.0,0.0,0.0,False,sem exportação aos EUA,False,baixa,
5221304,TRÊS RANCHOS,GO,3894,0.0,0.0,0.0,0.0,False,sem exportação aos EUA,False,baixa,
5221007,TAQUARAL DE GOIÁS,GO,4447,0.0,0.0,0.0,0.0,False,sem exportação aos EUA,False,baixa,
5220702,SÍTIO D'ABADIA,GO,3498,0.0,0.0,0.0,0.0,False,sem exportação aos EUA,False,baixa,
5220504,SERRANÓPOLIS,GO,6621,0.0,25793589.0,0.0,0.0,False,sem exportação aos EUA,False,baixa,
5220207,SÃO MIGUEL DO ARAGUAIA,GO,18389,0.0,0.0,0.0,0.0,False,sem exportação aos EUA,False,baixa,
5220009,SÃO JOÃO D'ALIANÇA,GO,7763,0.0,684084.0,0.0,0.0,False,sem exportação aos EUA,False,baixa,
5221577,UIRAPURU,GO,3080,0.0,0.0,0.0,0.0,False,sem exportação aos EUA,False,baixa,
5219712,SANTO ANTÔNIO DA BARRA,GO,4303,0.0,0.0,0.0,0.0,False,sem exportação aos EUA,False,baixa,
5205901,CORUMBAÍBA,GO,7145,0.0,0.0,0.0,0.0,False,sem exportação aos EUA,False,baixa,
2304350,FORQUILHA,CE,19740,0.0,0.0,0.0,0.0,False,sem exportação aos EUA,False,baixa,
3200169,ÁGUA DOCE DO NORTE,ES,11111,0.0,159910.0,0.0,0.0,False,sem exportação aos EUA,False,baixa,
2313955,VARJOTA,CE,15992,0.0,0.0,0.0,0.0,False,sem exportação aos EUA,False,baixa,
2313757,UMIRIM,CE,16067,0.0,0.0,0.0,0.0,False,sem exportação aos EUA,False,baixa,
2311355,QUIXELÔ,CE,14956,0.0,0.0,0.0,0.0,False,sem exportação aos EUA,False,baixa,
2304269,DEPUTADO IRAPUAN PINHEIRO,CE,7474,0.0,0.0,0.0,0.0,False,sem exportação aos EUA,False,baixa,
2308351,MILHÃ,CE,11291,0.0,0.0,0.0,0.0,False,sem exportação aos EUA,False,baixa,
2305332,IBICUITINGA,CE,12514,0.0,0.0,0.0,0.0,False,sem exportação aos EUA,False,baixa,
2304251,CRUZ,CE,23786,0.0,0.0,0.0,0.0,False,sem exportação aos EUA,False,baixa,
2313401,TIANGUÁ,CE,59588,0.0,0.0,0.0,0.0,False,sem exportação aos EUA,False,baixa,
2304236,CROATÁ,CE,15338,0.0,0.0,0.0,0.0,False,sem exportação aos EUA,False,baixa,
2300754,AMONTADA,CE,36349,0.0,2284112.0,0.0,0.0,False,sem exportação aos EUA,False,baixa,
2314102,VIÇOSA DO CEARÁ,CE,48288,0.0,800088.0,0.0,0.0,False,sem exportação aos EUA,False,baixa,
2314003,VÁRZEA ALEGRE,CE,32554,0.0,0.0,0.0,0.0,False,sem exportação aos EUA,False,baixa,
2313906,URUOCA,CE,11317,0.0,24325950.0,0.0,0.0,False,sem exportação aos EUA,False,baixa,
2313807,URUBURETAMA,CE,18709,0.0,0.0,0.0,0.0,False,sem exportação aos EUA,False,baixa,
2313708,UMARI,CE,6522,0.0,0.0,0.0,0.0,False,sem exportação aos EUA,False,baixa,
3200201,ALEGRE,ES,23554,0.0,0.0,0.0,0.0,False,sem exportação aos EUA,False,baixa,
3202652,IRUPI,ES,11392,0.0,881736.0,0.0,0.0,False,sem exportação aos EUA,False,baixa,
3200359,ALTO RIO NOVO,ES,6545,0.0,0.0,0.0,0.0,False,sem exportação aos EUA,False,baixa,
3200508,APIACÁ,ES,6320,0.0,0.0,0.0,0.0,False,sem exportação aos EUA,False,baixa,
3203502,MONTANHA,ES,15424,0.0,0.0,0.0,0.0,False,sem exportação aos EUA,False,baixa,
3203304,MANTENÓPOLIS,ES,10402,0.0,0.0,0.0,0.0,False,sem exportação aos EUA,False,baixa,
3203007,IÚNA,ES,21285,0.0,174336.0,0.0,0.0,False,sem exportação aos EUA,False,baixa,
3202900,ITARANA,ES,9584,0.0,0.0,0.0,0.0,False,sem exportação aos EUA,False,baixa,
3202702,ITAGUAÇU,ES,11742,0.0,0.0,0.0,0.0,False,sem exportação aos EUA,False,baixa,
3202603,ICONHA,ES,11401,0.0,0.0,0.0,0.0,False,sem exportação aos EUA,False,baixa,
3202553,IBITIRAMA,ES,7471,0.0,0.0,0.0,0.0,False,sem exportação aos EUA,False,baixa,
3202207,FUNDÃO,ES,14736,0.0,0.0,0.0,0.0,False,sem exportação aos EUA,False,baixa,
3202108,ECOPORANGA,ES,19065,0.0,4209875.0,0.0,0.0,False,sem exportação aos EUA,False,baixa,
3201605,CONCEIÇÃO DA BARRA,ES,25964,0.0,0.0,0.0,0.0,False,sem exportação aos EUA,False,baixa,
3202256,GOVERNADOR LINDENBERG,ES,9107,0.0,231182.0,0.0,0.0,False,sem exportação aos EUA,False,baixa,
3205176,VILA VALÉRIO,ES,12919,0.0,37924775.0,0.0,0.0,False,sem exportação aos EUA,False,baixa,
3201100,BOM JESUS DO NORTE,ES,8487,0.0,0.0,0.0,0.0,False,sem exportação aos EUA,False,baixa,
3204252,PONTO BELO,ES,6490,0.0,0.0,0.0,0.0,False,sem exportação aos EUA,False,baixa,
3204955,SÃO ROQUE DO CANAÃ,ES,9890,0.0,248392.0,0.0,0.0,False,sem exportação aos EUA,False,baixa,
2313500,TRAIRI,CE,49869,0.0,223984.0,0.0,0.0,False,sem exportação aos EUA,False,baixa,
2313302,TAUÁ,CE,47270,0.0,0.0,0.0,0.0,False,sem exportação aos EUA,False,baixa,
3204005,PANCAS,ES,15876,0.0,65311.0,0.0,0.0,False,sem exportação aos EUA,False,baixa,
2309409,NOVO ORIENTE,CE,23218,0.0,0.0,0.0,0.0,False,sem exportação aos EUA,False,baixa,
2310407,PARAMOTI,CE,10188,0.0,0.0,0.0,0.0,False,sem exportação aos EUA,False,baixa,
2310308,PARAMBU,CE,27269,0.0,0.0,0.0,0.0,False,sem exportação aos EUA,False,baixa,
2310100,PALMÁCIA,CE,9908,0.0,7.0,0.0,0.0,False,sem exportação aos EUA,False,baixa,
2309904,PACUJÁ,CE,6659,0.0,0.0,0.0,0.0,False,sem exportação aos EUA,False,baixa,
2309805,PACOTI,CE,10776,0.0,0.0,0.0,0.0,False,sem exportação aos EUA,False,baixa,
2309706,PACATUBA,CE,57825,0.0,286858.0,0.0,0.0,False,sem exportação aos EUA,False,baixa,
2309508,ORÓS,CE,17682,0.0,0.0,0.0,0.0,False,sem exportação aos EUA,False,baixa,
2309300,NOVA RUSSAS,CE,24866,0.0,0.0,0.0,0.0,False,sem exportação aos EUA,False,baixa,
2313203,TAMBORIL,CE,21345,0.0,0.0,0.0,0.0,False,sem exportação aos EUA,False,baixa,
2309201,NOVA OLINDA,CE,12790,0.0,0.0,0.0,0.0,False,sem exportação aos EUA,False,baixa,
2309102,MULUNGU,CE,9751,0.0,0.0,0.0,0.0,False,sem exportação aos EUA,False,baixa,
2309003,MUCAMBO,CE,12736,0.0,0.0,0.0,0.0,False,sem exportação aos EUA,False,baixa,
2308906,MORRINHOS,CE,19053,0.0,7763033.0,0.0,0.0,False,sem exportação aos EUA,False,baixa,
2308807,MORAÚJO,CE,8262,0.0,0.0,0.0,0.0,False,sem exportação aos EUA,False,baixa,
2308708,MORADA NOVA,CE,56913,0.0,1231838.0,0.0,0.0,False,sem exportação aos EUA,False,baixa,
2308609,MONSENHOR TABOSA,CE,14947,0.0,0.0,0.0,0.0,False,sem exportação aos EUA,False,baixa,
2310605,PENAFORTE,CE,8694,0.0,0.0,0.0,0.0,False,sem exportação aos EUA,False,baixa,
2310704,PENTECOSTE,CE,32386,0.0,0.0,0.0,0.0,False,sem exportação aos EUA,False,baixa,
2310902,PIQUET CARNEIRO,CE,12098,0.0,0.0,0.0,0.0,False,sem exportação aos EUA,False,baixa,
2311009,PORANGA,CE,10071,0.0,0.0,0.0,0.0,False,sem exportação aos EUA,False,baixa,
2313104,TABULEIRO DO NORTE,CE,26004,0.0,0.0,0.0,0.0,False,sem exportação aos EUA,False,baixa,
2313005,SOLONÓPOLE,CE,14292,0.0,99639.0,0.0,0.0,False,sem exportação aos EUA,False,baixa,
2312809,SENADOR SÁ,CE,7038,0.0,0.0,0.0,0.0,False,sem exportação aos EUA,False,baixa,
2312700,SENADOR POMPEU,CE,20302,0.0,1611676.0,0.0,0.0,False,sem exportação aos EUA,False,baixa,
2312601,SÃO LUÍS DO CURU,CE,12630,0.0,0.0,0.0,0.0,False,sem exportação aos EUA,False,baixa,
2312502,SÃO JOÃO DO JAGUARIBE,CE,5965,0.0,0.0,0.0,0.0,False,sem exportação aos EUA,False,baixa,
2312304,SÃO BENEDITO,CE,37548,0.0,0.0,0.0,0.0,False,sem exportação aos EUA,False,baixa,
2311959,SALITRE,CE,14839,0.0,0.0,0.0,0.0,False,sem exportação aos EUA,False,baixa,
2312106,SANTANA DO CARIRI,CE,13899,0.0,0.0,0.0,0.0,False,sem exportação aos EUA,False,baixa,
2312007,SANTANA DO ACARAÚ,CE,25778,0.0,3204355.0,0.0,0.0,False,sem exportação aos EUA,False,baixa,
2311900,SABOEIRO,CE,12621,0.0,0.0,0.0,0.0,False,sem exportação aos EUA,False,baixa,
2311702,RERIUTABA,CE,15853,0.0,0.0,0.0,0.0,False,sem exportação aos EUA,False,baixa,
2311603,REDENÇÃO,CE,24248,0.0,0.0,0.0,0.0,False,sem exportação aos EUA,False,baixa,
2311207,POTENGI,CE,8102,0.0,0.0,0.0,0.0,False,sem exportação aos EUA,False,baixa,
2311108,PORTEIRAS,CE,14641,0.0,0.0,0.0,0.0,False,sem exportação aos EUA,False,baixa,
3203601,MUCURICI,ES,5141,0.0,0.0,0.0,0.0,False,sem exportação aos EUA,False,baixa,
3204302,PRESIDENTE KENNEDY,ES,13256,0.0,0.0,0.0,0.0,False,sem exportação aos EUA,False,baixa,
5213772,MONTIVIDIU DO NORTE,GO,3716,0.0,0.0,0.0,0.0,False,sem exportação aos EUA,False,baixa,
5204300,CAÇU,GO,10792,0.0,9089030.0,0.0,0.0,False,sem exportação aos EUA,False,baixa,
5200555,ALTO HORIZONTE,GO,6397,0.0,504093167.0,0.0,0.0,True,sem exportação aos EUA,False,baixa,
5204706,CAMPINORTE,GO,9168,0.0,0.0,0.0,0.0,False,sem exportação aos EUA,False,baixa,
5205471,CHAPADÃO DO CÉU,GO,9497,0.0,211284991.0,0.0,0.0,False,sem exportação aos EUA,False,baixa,
5204607,CAMPESTRE DE GOIÁS,GO,4041,0.0,0.0,0.0,0.0,False,sem exportação aos EUA,False,baixa,
5205513,COCALZINHO DE GOIÁS,GO,17515,0.0,0.0,0.0,0.0,False,sem exportação aos EUA,False,baixa,
5204409,CAIAPÔNIA,GO,13208,0.0,3377870.0,0.0,0.0,False,sem exportação aos EUA,False,baixa,
5209457,GUARINOS,GO,3062,0.0,0.0,0.0,0.0,False,sem exportação aos EUA,False,baixa,
5204201,CACHOEIRA DE GOIÁS,GO,2065,0.0,0.0,0.0,0.0,False,sem exportação aos EUA,False,baixa,
5220686,SIMOLÂNDIA,GO,5580,0.0,0.0,0.0,0.0,False,sem exportação aos EUA,False,baixa,
5218789,RIO QUENTE,GO,4413,0.0,0.0,0.0,0.0,False,sem exportação aos EUA,False,baixa,
5204102,CACHOEIRA ALTA,GO,7723,0.0,10370516.0,0.0,0.0,False,sem exportação aos EUA,False,baixa,
5221551,TURVELÂNDIA,GO,4210,0.0,0.0,0.0,0.0,False,sem exportação aos EUA,False,baixa,
5204003,CABECEIRAS,GO,7447,0.0,1314452.0,0.0,0.0,False,sem exportação aos EUA,False,baixa,
5221452,TROMBAS,GO,3059,0.0,0.0,0.0,0.0,False,sem exportação aos EUA,False,baixa,
5203906,BURITI ALEGRE,GO,8690,0.0,0.0,0.0,0.0,False,sem exportação aos EUA,False,baixa,
5221080,TERESINA DE GOIÁS,GO,3252,0.0,0.0,0.0,0.0,False,sem exportação aos EUA,False,baixa,
5204805,CAMPO ALEGRE DE GOIÁS,GO,5811,0.0,0.0,0.0,0.0,False,sem exportação aos EUA,False,baixa,
5205059,CASTELÂNDIA,GO,3999,0.0,0.0,0.0,0.0,False,sem exportação aos EUA,False,baixa,
5204904,CAMPOS BELOS,GO,14899,0.0,0.0,0.0,0.0,False,sem exportação aos EUA,False,baixa,
5212055,JESÚPOLIS,GO,2726,0.0,0.0,0.0,0.0,False,sem exportação aos EUA,False,baixa,
5205802,CORUMBÁ DE GOIÁS,GO,7930,0.0,0.0,0.0,0.0,False,sem exportação aos EUA,False,baixa,
5209937,INACIOLÂNDIA,GO,4809,0.0,0.0,0.0,0.0,False,sem exportação aos EUA,False,baixa,
5205703,CÓRREGO DO OURO,GO,3112,0.0,0.0,0.0,0.0,False,sem exportação aos EUA,False,baixa,
5209291,GUARAÍTA,GO,2781,0.0,0.0,0.0,0.0,False,sem exportação aos EUA,False,baixa,
5204557,CALDAZINHA,GO,4292,0.0,0.0,0.0,0.0,False,sem exportação aos EUA,False,baixa,
5203939,BURITI DE GOIÁS,GO,3494,0.0,0.0,0.0,0.0,False,sem exportação aos EUA,False,baixa,
5208301,DIVINÓPOLIS DE GOIÁS,GO,5110,0.0,0.0,0.0,0.0,False,sem exportação aos EUA,False,baixa,
5214879,NOVA IGUAÇU DE GOIÁS,GO,2680,0.0,0.0,0.0,0.0,False,sem exportação aos EUA,False,baixa,
5205406,CERES,GO,16940,0.0,0.0,0.0,0.0,False,sem exportação aos EUA,False,baixa,
5216452,PEROLÂNDIA,GO,3152,0.0,14452612.0,0.0,0.0,False,sem exportação aos EUA,False,baixa,
5205307,CAVALCANTE,GO,7953,0.0,0.0,0.0,0.0,False,sem exportação aos EUA,False,baixa,
5218391,PROFESSOR JAMIL,GO,3597,0.0,0.0,0.0,0.0,False,sem exportação aos EUA,False,baixa,
5205208,CATURAÍ,GO,5460,0.0,0.0,0.0,0.0,False,sem exportação aos EUA,False,baixa,
5201454,APARECIDA DO RIO DOCE,GO,3439,0.0,0.0,0.0,0.0,False,sem exportação aos EUA,False,baixa,
5205000,CARMO DO RIO VERDE,GO,7229,0.0,74.0,0.0,0.0,False,sem exportação aos EUA,False,baixa,
5203807,BRITÂNIA,GO,5183,0.0,0.0,0.0,0.0,False,sem exportação aos EUA,False,baixa,
5203609,BRAZABRANTES,GO,3891,0.0,0.0,0.0,0.0,False,sem exportação aos EUA,False,baixa,
3204609,SANTA TERESA,ES,20737,0.0,541663.0,0.0,0.0,False,sem exportação aos EUA,False,baixa,
5200506,ALOÂNDIA,GO,2168,0.0,0.0,0.0,0.0,False,sem exportação aos EUA,False,baixa,
5207535,FAINA,GO,6624,0.0,0.0,0.0,0.0,False,sem exportação aos EUA,False,baixa,
5207352,EDEALINA,GO,4159,0.0,0.0,0.0,0.0,False,sem exportação aos EUA,False,baixa,
5200902,AMORINÓPOLIS,GO,3862,0.0,0.0,0.0,0.0,False,sem exportação aos EUA,False,baixa,
5213855,MORRO AGUDO DE GOIÁS,GO,3067,0.0,0.0,0.0,0.0,False,sem exportação aos EUA,False,baixa,
5200803,ALVORADA DO NORTE,GO,6780,0.0,0.0,0.0,0.0,False,sem exportação aos EUA,False,baixa,
5205521,COLINAS DO SUL,GO,3848,0.0,0.0,0.0,0.0,False,sem exportação aos EUA,False,baixa,
5205455,CEZARINA,GO,7360,0.0,0.0,0.0,0.0,False,sem exportação aos EUA,False,baixa,
5200209,ÁGUA LIMPA,GO,2635,0.0,0.0,0.0,0.0,False,sem exportação aos EUA,False,baixa,
5203500,BOM JESUS,GO,18138,0.0,0.0,0.0,0.0,False,sem exportação aos EUA,False,baixa,
5203559,BONFINÓPOLIS,GO,7873,0.0,0.0,0.0,0.0,False,sem exportação aos EUA,False,baixa,
3203163,LARANJA DA TERRA,ES,9495,0.0,0.0,0.0,0.0,False,sem exportação aos EUA,False,baixa,
3204054,PEDRO CANÁRIO,ES,18937,0.0,0.0,0.0,0.0,False,sem exportação aos EUA,False,baixa,
3204351,RIO BANANAL,ES,15535,0.0,6546398.0,0.0,0.0,False,sem exportação aos EUA,False,baixa,
3202454,IBATIBA,ES,19598,0.0,0.0,0.0,0.0,False,sem exportação aos EUA,False,baixa,
3203353,MARILÂNDIA,ES,10864,0.0,180600.0,0.0,0.0,False,sem exportação aos EUA,False,baixa,
3204807,SÃO JOSÉ DO CALÇADO,ES,9759,0.0,0.0,0.0,0.0,False,sem exportação aos EUA,False,baixa,
5201207,ANHANGÜERA,GO,1738,0.0,0.0,0.0,0.0,False,sem exportação aos EUA,False,baixa,
5201306,ANICUNS,GO,15170,0.0,0.0,0.0,0.0,False,sem exportação aos EUA,False,baixa,
5209150,GOUVELÂNDIA,GO,4011,0.0,0.0,0.0,0.0,False,sem exportação aos EUA,False,baixa,
5201504,APORÉ,GO,3455,0.0,28141559.0,0.0,0.0,False,sem exportação aos EUA,False,baixa,
5203401,BOM JARDIM DE GOIÁS,GO,7603,0.0,0.0,0.0,0.0,False,sem exportação aos EUA,False,baixa,
5220264,SÃO MIGUEL DO PASSA QUATRO,GO,4211,0.0,0.0,0.0,0.0,False,sem exportação aos EUA,False,baixa,
5220157,SÃO LUIZ DO NORTE,GO,5107,0.0,0.0,0.0,0.0,False,sem exportação aos EUA,False,baixa,
5220058,SÃO JOÃO DA PARAÚNA,GO,2198,0.0,0.0,0.0,0.0,False,sem exportação aos EUA,False,baixa,
5203104,BALIZA,GO,3329,0.0,0.0,0.0,0.0,False,sem exportação aos EUA,False,baixa,
5202809,AVELINÓPOLIS,GO,4465,0.0,0.0,0.0,0.0,False,sem exportação aos EUA,False,baixa,
5202601,AURILÂNDIA,GO,3295,0.0,726.0,0.0,0.0,False,sem exportação aos EUA,False,baixa,
5202502,ARUANÃ,GO,7391,0.0,0.0,0.0,0.0,False,sem exportação aos EUA,False,baixa,
5215652,PALESTINA DE GOIÁS,GO,3576,0.0,0.0,0.0,0.0,False,sem exportação aos EUA,False,baixa,
5215256,NOVO PLANALTO,GO,4131,0.0,0.0,0.0,0.0,False,sem exportação aos EUA,False,baixa,
5201801,ARAGOIÂNIA,GO,10215,0.0,4507.0,0.0,0.0,False,sem exportação aos EUA,False,baixa,
5213053,MIMOSO DE GOIÁS,GO,3345,0.0,0.0,0.0,0.0,False,sem exportação aos EUA,False,baixa,
5201702,ARAGARÇAS,GO,13908,0.0,0.0,0.0,0.0,False,sem exportação aos EUA,False,baixa,
5212956,MATRINCHÃ,GO,3955,0.0,0.0,0.0,0.0,False,sem exportação aos EUA,False,baixa,
5201603,ARAÇU,GO,4172,0.0,0.0,0.0,0.0,False,sem exportação aos EUA,False,baixa,
2101509,BARÃO DE GRAJAÚ,MA,16130,0.0,0.0,0.0,0.0,False,sem exportação aos EUA,False,baixa,
2102150,BREJO DE AREIA,MA,8475,0.0,0.0,0.0,0.0,False,sem exportação aos EUA,True,média,Amazônia Legal
2101608,BARRA DO CORDA,MA,63831,0.0,0.0,0.0,0.0,False,sem exportação aos EUA,True,média,Amazônia Legal
3135076,JAMPRUCA,MG,4243,0.0,426848.0,0.0,0.0,False,sem exportação aos EUA,False,baixa,
3139250,MAMONAS,MG,6126,0.0,0.0,0.0,0.0,False,sem exportação aos EUA,False,baixa,
3102001,ALTEROSA,MG,12246,0.0,0.0,0.0,0.0,False,sem exportação aos EUA,False,baixa,
3138658,LONTRA,MG,8567,0.0,0.0,0.0,0.0,False,sem exportação aos EUA,False,baixa,
3101904,ALPINÓPOLIS,MG,16047,0.0,0.0,0.0,0.0,False,sem exportação aos EUA,False,baixa,
3138625,LIMEIRA DO OESTE,MG,6632,0.0,146294807.0,0.0,0.0,False,sem exportação aos EUA,False,baixa,
3101805,ALPERCATA,MG,6064,0.0,123354.0,0.0,0.0,False,sem exportação aos EUA,False,baixa,
3137536,LAGOA GRANDE,MG,7611,0.0,0.0,0.0,0.0,False,sem exportação aos EUA,False,baixa,
3101508,ALÉM PARAÍBA,MG,27004,0.0,0.0,0.0,0.0,False,sem exportação aos EUA,False,baixa,
3101003,ÁGUAS VERMELHAS,MG,10868,0.0,0.0,0.0,0.0,False,sem exportação aos EUA,False,baixa,
3135050,JAÍBA,MG,27130,0.0,3328303.0,0.0,0.0,False,sem exportação aos EUA,False,baixa,
3131158,IPABA,MG,13853,0.0,0.0,0.0,0.0,False,sem exportação aos EUA,False,baixa,
3101300,ALAGOA,MG,2619,0.0,0.0,0.0,0.0,False,sem exportação aos EUA,False,baixa,
3130051,ICARAÍ DE MINAS,MG,8823,0.0,0.0,0.0,0.0,False,sem exportação aos EUA,False,baixa,
3101201,AIURUOCA,MG,4838,0.0,4341.0,0.0,0.0,False,sem exportação aos EUA,False,baixa,
3126752,FRANCISCÓPOLIS,MG,5005,0.0,351511.0,0.0,0.0,False,sem exportação aos EUA,False,baixa,
3101102,AIMORÉS,MG,19149,0.0,0.0,0.0,0.0,False,sem exportação aos EUA,False,baixa,
3102100,ALTO RIO DOCE,MG,10053,0.0,0.0,0.0,0.0,False,sem exportação aos EUA,False,baixa,
3140555,MATA VERDE,MG,7529,0.0,0.0,0.0,0.0,False,sem exportação aos EUA,False,baixa,
3102209,ALVARENGA,MG,4518,0.0,0.0,0.0,0.0,False,sem exportação aos EUA,False,baixa,
3140852,MATIAS CARDOSO,MG,7349,0.0,0.0,0.0,0.0,False,sem exportação aos EUA,False,baixa,
3154457,RIACHINHO,MG,6015,0.0,0.0,0.0,0.0,False,sem exportação aos EUA,False,baixa,
3103009,ANTÔNIO DIAS,MG,9101,0.0,758789.0,0.0,0.0,False,sem exportação aos EUA,False,baixa,
3152170,PONTO DOS VOLANTES,MG,9457,0.0,0.0,0.0,0.0,False,sem exportação aos EUA,False,baixa,
3102902,ANTÔNIO CARLOS,MG,9889,0.0,0.0,0.0,0.0,False,sem exportação aos EUA,False,baixa,
3149952,PERIQUITO,MG,6318,0.0,0.0,0.0,0.0,False,sem exportação aos EUA,False,baixa,
3102803,ANDRELÂNDIA,MG,9886,0.0,0.0,0.0,0.0,False,sem exportação aos EUA,False,baixa,
3149150,PEDRAS DE MARIA DA CRUZ,MG,8112,0.0,0.0,0.0,0.0,False,sem exportação aos EUA,False,baixa,
3102704,CACHOEIRA DE PAJEÚ,MG,6975,0.0,0.0,0.0,0.0,False,sem exportação aos EUA,False,baixa,
3146750,PALMÓPOLIS,MG,6338,0.0,0.0,0.0,0.0,False,sem exportação aos EUA,False,baixa,
3145356,NOVO ORIENTE DE MINAS,MG,9100,0.0,0.0,0.0,0.0,False,sem exportação aos EUA,False,baixa,
3102506,AMPARO DO SERRA,MG,4531,0.0,0.0,0.0,0.0,False,sem exportação aos EUA,False,baixa,
3144359,NAQUE,MG,5485,0.0,0.0,0.0,0.0,False,sem exportação aos EUA,False,baixa,
3102407,ALVORADA DE MINAS,MG,4946,0.0,0.0,0.0,0.0,False,sem exportação aos EUA,False,baixa,
3143450,MONTEZUMA,MG,5966,0.0,0.0,0.0,0.0,False,sem exportação aos EUA,False,baixa,
3102308,ALVINÓPOLIS,MG,13098,0.0,727314.0,0.0,0.0,False,sem exportação aos EUA,False,baixa,
3125952,FERVEDOURO,MG,8564,0.0,0.0,0.0,0.0,False,sem exportação aos EUA,False,baixa,
3123858,ENTRE FOLHAS,MG,5891,0.0,0.0,0.0,0.0,False,sem exportação aos EUA,False,baixa,
3156452,ROSÁRIO DA LIMEIRA,MG,5195,0.0,0.0,0.0,0.0,False,sem exportação aos EUA,False,baixa,
2112704,VARGEM GRANDE,MA,32648,0.0,0.0,0.0,0.0,False,sem exportação aos EUA,False,baixa,
2110039,SANTA LUZIA DO PARUÁ,MA,17081,0.0,0.0,0.0,0.0,False,sem exportação aos EUA,True,média,Amazônia Legal
2108108,PAULO RAMOS,MA,16850,0.0,0.0,0.0,0.0,False,sem exportação aos EUA,True,média,Amazônia Legal
2109908,SANTA INÊS,MA,63447,0.0,0.0,0.0,0.0,False,sem exportação aos EUA,True,média,Amazônia Legal
2102002,BOM JARDIM,MA,26888,0.0,0.0,0.0,0.0,False,sem exportação aos EUA,True,média,Amazônia Legal
2113009,VITORINO FREIRE,MA,22898,0.0,0.0,0.0,0.0,False,sem exportação aos EUA,True,média,Amazônia Legal
2112902,VITÓRIA DO MEARIM,MA,24683,0.0,0.0,0.0,0.0,False,sem exportação aos EUA,True,média,Amazônia Legal
2112803,VIANA,MA,39769,0.0,0.0,0.0,0.0,False,sem exportação aos EUA,True,média,Amazônia Legal
2112605,URBANO SANTOS,MA,25803,0.0,0.0,0.0,0.0,False,sem exportação aos EUA,False,baixa,
3100906,ÁGUAS FORMOSAS,MG,14491,0.0,0.0,0.0,0.0,False,sem exportação aos EUA,False,baixa,
2112407,TURIAÇU,MA,28166,0.0,0.0,0.0,0.0,False,sem exportação aos EUA,True,média,Amazônia Legal
2112308,TUNTUM,MA,28443,0.0,0.0,0.0,0.0,False,sem exportação aos EUA,True,média,Amazônia Legal
2112209,TIMON,MA,124767,0.0,748991.0,0.0,0.0,False,sem exportação aos EUA,False,baixa,
2112100,TIMBIRAS,MA,21254,0.0,0.0,0.0,0.0,False,sem exportação aos EUA,False,baixa,
2112001,TASSO FRAGOSO,MA,6854,0.0,109886195.0,0.0,0.0,False,sem exportação aos EUA,True,média,Amazônia Legal
2111904,SUCUPIRA DO NORTE,MA,8257,0.0,0.0,0.0,0.0,False,sem exportação aos EUA,True,média,Amazônia Legal
2111805,SÍTIO NOVO,MA,13984,0.0,0.0,0.0,0.0,False,sem exportação aos EUA,True,média,Amazônia Legal
2100956,ARAME,MA,20826,0.0,0.0,0.0,0.0,False,sem exportação aos EUA,True,média,Amazônia Legal
2106755,MIRANDA DO NORTE,MA,16991,0.0,0.0,0.0,0.0,False,sem exportação aos EUA,True,média,Amazônia Legal
2114007,ZÉ DOCA,MA,33014,0.0,0.0,0.0,0.0,False,sem exportação aos EUA,True,média,Amazônia Legal
3101631,ALFREDO VASCONCELOS,MG,6138,0.0,0.0,0.0,0.0,False,sem exportação aos EUA,False,baixa,
3123528,DURANDÉ,MG,6586,0.0,0.0,0.0,0.0,False,sem exportação aos EUA,False,baixa,
3100807,AGUANIL,MG,4331,0.0,0.0,0.0,0.0,False,sem exportação aos EUA,False,baixa,
3122454,DIVISÓPOLIS,MG,7088,0.0,0.0,0.0,0.0,False,sem exportação aos EUA,False,baixa,
3100708,ÁGUA COMPRIDA,MG,2699,0.0,0.0,0.0,0.0,False,sem exportação aos EUA,False,baixa,
3122355,DIVISA ALEGRE,MG,5228,0.0,724629.0,0.0,0.0,False,sem exportação aos EUA,False,baixa,
3100609,ÁGUA BOA,MG,11836,0.0,0.0,0.0,0.0,False,sem exportação aos EUA,False,baixa,
3115458,CATUJI,MG,8492,0.0,0.0,0.0,0.0,False,sem exportação aos EUA,False,baixa,
3100500,AÇUCENA,MG,8227,0.0,0.0,0.0,0.0,False,sem exportação aos EUA,False,baixa,
3100401,ACAIACA,MG,3518,0.0,0.0,0.0,0.0,False,sem exportação aos EUA,False,baixa,
3112653,CAPITÃO ANDRADE,MG,4057,0.0,0.0,0.0,0.0,False,sem exportação aos EUA,False,baixa,
3100302,ABRE CAMPO,MG,12103,0.0,0.0,0.0,0.0,False,sem exportação aos EUA,False,baixa,
3108552,BRASILÂNDIA DE MINAS,MG,12436,0.0,2343471.0,0.0,0.0,False,sem exportação aos EUA,False,baixa,
3100203,ABAETÉ,MG,17445,0.0,0.0,0.0,0.0,False,sem exportação aos EUA,False,baixa,
3103751,ARAPORÃ,MG,7006,0.0,40363822.0,0.0,0.0,False,sem exportação aos EUA,False,baixa,
3100104,ABADIA DOS DOURADOS,MG,5720,0.0,0.0,0.0,0.0,False,sem exportação aos EUA,False,baixa,
3103108,ANTÔNIO PRADO DE MINAS,MG,1915,0.0,0.0,0.0,0.0,False,sem exportação aos EUA,False,baixa,
3103207,ARAÇAÍ,MG,2834,0.0,0.0,0.0,0.0,False,sem exportação aos EUA,False,baixa,
2111607,SÃO RAIMUNDO DAS MANGABEIRAS,MA,15701,0.0,0.0,0.0,0.0,False,sem exportação aos EUA,True,média,Amazônia Legal
3148756,PEDRA BONITA,MG,6260,0.0,0.0,0.0,0.0,False,sem exportação aos EUA,False,baixa,
3152131,PONTO CHIQUE,MG,3901,0.0,0.0,0.0,0.0,False,sem exportação aos EUA,False,baixa,
3107000,BIQUINHAS,MG,2682,0.0,0.0,0.0,0.0,False,sem exportação aos EUA,False,baixa,
3150570,PINTÓPOLIS,MG,6546,0.0,0.0,0.0,0.0,False,sem exportação aos EUA,False,baixa,
3106903,BICAS,MG,11578,0.0,0.0,0.0,0.0,False,sem exportação aos EUA,False,baixa,
3150539,PINGO D'ÁGUA,MG,4149,0.0,0.0,0.0,0.0,False,sem exportação aos EUA,False,baixa,
3106804,BIAS FORTES,MG,3816,0.0,0.0,0.0,0.0,False,sem exportação aos EUA,False,baixa,
3150158,PIEDADE DE CARATINGA,MG,7808,0.0,0.0,0.0,0.0,False,sem exportação aos EUA,False,baixa,
3106606,BERTÓPOLIS,MG,4066,0.0,0.0,0.0,0.0,False,sem exportação aos EUA,False,baixa,
3145455,OLHOS D'ÁGUA,MG,5281,0.0,64.0,0.0,0.0,False,sem exportação aos EUA,False,baixa,
3147956,PATIS,MG,5226,0.0,0.0,0.0,0.0,False,sem exportação aos EUA,False,baixa,
3106507,BERILO,MG,8995,0.0,0.0,0.0,0.0,False,sem exportação aos EUA,False,baixa,
3146552,PAI PEDRO,MG,5550,0.0,0.0,0.0,0.0,False,sem exportação aos EUA,False,baixa,
3106408,BELO VALE,MG,8588,0.0,0.0,0.0,0.0,False,sem exportação aos EUA,False,baixa,
3146255,PADRE CARVALHO,MG,5095,0.0,0.0,0.0,0.0,False,sem exportação aos EUA,False,baixa,
3145877,ORIZÂNIA,MG,6817,0.0,0.0,0.0,0.0,False,sem exportação aos EUA,False,baixa,
3145851,ORATÓRIOS,MG,4326,0.0,0.0,0.0,0.0,False,sem exportação aos EUA,False,baixa,
3154150,REDUTO,MG,5853,0.0,0.0,0.0,0.0,False,sem exportação aos EUA,False,baixa,
3107208,BOCAINA DE MINAS,MG,4428,0.0,0.0,0.0,0.0,False,sem exportação aos EUA,False,baixa,
3157278,SANTA BÁRBARA DO MONTE VERDE,MG,3595,0.0,0.0,0.0,0.0,False,sem exportação aos EUA,False,baixa,
3157336,SANTA CRUZ DE MINAS,MG,6469,0.0,0.0,0.0,0.0,False,sem exportação aos EUA,False,baixa,
3108305,BORDA DA MATA,MG,13454,0.0,0.0,0.0,0.0,False,sem exportação aos EUA,False,baixa,
3162948,SÃO JOSÉ DA BARRA,MG,6753,0.0,0.0,0.0,0.0,False,sem exportação aos EUA,False,baixa,
3108206,BONFINÓPOLIS DE MINAS,MG,5046,0.0,172200.0,0.0,0.0,False,sem exportação aos EUA,False,baixa,
3108107,BONFIM,MG,7317,0.0,0.0,0.0,0.0,False,sem exportação aos EUA,False,baixa,
3162450,SÃO JOÃO DAS MISSÕES,MG,9981,0.0,0.0,0.0,0.0,False,sem exportação aos EUA,False,baixa,
3108008,BOM SUCESSO,MG,15102,0.0,82.0,0.0,0.0,False,sem exportação aos EUA,False,baixa,
3161650,SÃO GERALDO DO BAIXIO,MG,3221,0.0,0.0,0.0,0.0,False,sem exportação aos EUA,False,baixa,
3107901,BOM REPOUSO,MG,10209,0.0,3248.0,0.0,0.0,False,sem exportação aos EUA,False,baixa,
3161056,SÃO FÉLIX DE MINAS,MG,3799,0.0,0.0,0.0,0.0,False,sem exportação aos EUA,False,baixa,
3107802,BOM JESUS DO GALHO,MG,12062,0.0,0.0,0.0,0.0,False,sem exportação aos EUA,False,baixa,
3160959,SÃO DOMINGOS DAS DORES,MG,5911,0.0,0.0,0.0,0.0,False,sem exportação aos EUA,False,baixa,
3107703,BOM JESUS DO AMPARO,MG,5181,0.0,0.0,0.0,0.0,False,sem exportação aos EUA,False,baixa,
3160454,SANTO ANTÔNIO DO RETIRO,MG,6670,0.0,0.0,0.0,0.0,False,sem exportação aos EUA,False,baixa,
3107604,BOM JESUS DA PENHA,MG,3674,0.0,0.0,0.0,0.0,False,sem exportação aos EUA,False,baixa,
3157377,SANTA CRUZ DE SALINAS,MG,4496,0.0,0.0,0.0,0.0,False,sem exportação aos EUA,False,baixa,
3106101,BELMIRO BRAGA,MG,3228,0.0,0.0,0.0,0.0,False,sem exportação aos EUA,False,baixa,
3105905,BARROSO,MG,17476,0.0,11745.0,0.0,0.0,False,sem exportação aos EUA,False,baixa,
3157252,SANTA BÁRBARA DO LESTE,MG,6925,0.0,0.0,0.0,0.0,False,sem exportação aos EUA,False,baixa,
3104304,AREADO,MG,11770,0.0,22155374.0,0.0,0.0,False,sem exportação aos EUA,False,baixa,
3104700,ATALÉIA,MG,11033,0.0,0.0,0.0,0.0,False,sem exportação aos EUA,False,baixa,
3136579,JOSENÓPOLIS,MG,3576,0.0,0.0,0.0,0.0,False,sem exportação aos EUA,False,baixa,
3104601,ASTOLFO DUTRA,MG,10808,0.0,72947.0,0.0,0.0,False,sem exportação aos EUA,False,baixa,
3170578,VARGEM ALEGRE,MG,5430,0.0,0.0,0.0,0.0,False,sem exportação aos EUA,False,baixa,
3170529,URUCUIA,MG,7988,0.0,0.0,0.0,0.0,False,sem exportação aos EUA,False,baixa,
3104403,ARGIRITA,MG,3035,0.0,0.0,0.0,0.0,False,sem exportação aos EUA,False,baixa,
3170057,UBAPORANGA,MG,10135,0.0,0.0,0.0,0.0,False,sem exportação aos EUA,False,baixa,
3165578,SENADOR AMARAL,MG,6008,0.0,0.0,0.0,0.0,False,sem exportação aos EUA,False,baixa,
3145059,NOVA PORTEIRINHA,MG,6102,0.0,0.0,0.0,0.0,False,sem exportação aos EUA,False,baixa,
3165560,SEM PEIXE,MG,3765,0.0,0.0,0.0,0.0,False,sem exportação aos EUA,False,baixa,
3162658,SÃO JOÃO DO PACUÍ,MG,4046,0.0,0.0,0.0,0.0,False,sem exportação aos EUA,False,baixa,
3103702,ARAPONGA,MG,6500,0.0,0.0,0.0,0.0,False,sem exportação aos EUA,False,baixa,
3103603,ARANTINA,MG,2872,0.0,0.0,0.0,0.0,False,sem exportação aos EUA,False,baixa,
3162252,SÃO JOÃO DA LAGOA,MG,5131,0.0,0.0,0.0,0.0,False,sem exportação aos EUA,False,baixa,
3159357,SANTA RITA DE MINAS,MG,5935,0.0,0.0,0.0,0.0,False,sem exportação aos EUA,False,baixa,
3103306,ARACITABA,MG,2839,0.0,0.0,0.0,0.0,False,sem exportação aos EUA,False,baixa,
3136959,JUVENÍLIA,MG,5569,0.0,0.0,0.0,0.0,False,sem exportação aos EUA,False,baixa,
3104809,AUGUSTO DE LIMA,MG,4467,0.0,0.0,0.0,0.0,False,sem exportação aos EUA,False,baixa,
3138351,LEME DO PRADO,MG,4360,0.0,0.0,0.0,0.0,False,sem exportação aos EUA,False,baixa,
3104908,BAEPENDI,MG,15621,0.0,98238.0,0.0,0.0,False,sem exportação aos EUA,False,baixa,
3144672,NOVA BELÉM,MG,3553,0.0,0.0,0.0,0.0,False,sem exportação aos EUA,False,baixa,
3105707,BARRA LONGA,MG,5500,0.0,0.0,0.0,0.0,False,sem exportação aos EUA,False,baixa,
3144656,NINHEIRA,MG,8803,0.0,0.0,0.0,0.0,False,sem exportação aos EUA,False,baixa,
3144375,NATALÂNDIA,MG,3571,0.0,0.0,0.0,0.0,False,sem exportação aos EUA,False,baixa,
3105509,BARÃO DE MONTE ALTO,MG,5613,0.0,0.0,0.0,0.0,False,sem exportação aos EUA,False,baixa,
3143153,MONTE FORMOSO,MG,4603,0.0,0.0,0.0,0.0,False,sem exportação aos EUA,False,baixa,
3105400,BARÃO DE COCAIS,MG,24133,0.0,134481088.0,0.0,0.0,False,sem exportação aos EUA,False,baixa,
3142254,MIRAVÂNIA,MG,4128,0.0,0.0,0.0,0.0,False,sem exportação aos EUA,False,baixa,
3105301,BANDEIRA DO SUL,MG,5237,0.0,0.0,0.0,0.0,False,sem exportação aos EUA,False,baixa,
3140530,MARTINS SOARES,MG,8197,0.0,919295.0,0.0,0.0,False,sem exportação aos EUA,False,baixa,
3105202,BANDEIRA,MG,4576,0.0,0.0,0.0,0.0,False,sem exportação aos EUA,False,baixa,
3140159,MÁRIO CAMPOS,MG,12178,0.0,0.0,0.0,0.0,False,sem exportação aos EUA,False,baixa,
3138682,LUISLÂNDIA,MG,6783,0.0,0.0,0.0,0.0,False,sem exportação aos EUA,False,baixa,
3105004,BALDIM,MG,7093,0.0,0.0,0.0,0.0,False,sem exportação aos EUA,False,baixa,
3138674,LUISBURGO,MG,5861,0.0,104187.0,0.0,0.0,False,sem exportação aos EUA,False,baixa,
2111706,SÃO VICENTE FERRER,MA,16729,0.0,0.0,0.0,0.0,False,sem exportação aos EUA,True,média,Amazônia Legal
2111508,SÃO MATEUS DO MARANHÃO,MA,30147,0.0,0.0,0.0,0.0,False,sem exportação aos EUA,True,média,Amazônia Legal
2101970,BOA VISTA DO GURUPI,MA,6551,0.0,0.0,0.0,0.0,False,sem exportação aos EUA,True,média,Amazônia Legal
2105922,LAGOA DO MATO,MA,8284,0.0,0.0,0.0,0.0,False,sem exportação aos EUA,False,baixa,
2106359,MARAJÁ DO SENA,MA,6771,0.0,0.0,0.0,0.0,False,sem exportação aos EUA,True,média,Amazônia Legal
2104602,GOVERNADOR EUGÊNIO BARROS,MA,10692,0.0,0.0,0.0,0.0,False,sem exportação aos EUA,True,média,Amazônia Legal
2106326,MARACAÇUMÉ,MA,15698,0.0,0.0,0.0,0.0,False,sem exportação aos EUA,True,média,Amazônia Legal
2104503,GOVERNADOR ARCHER,MA,8077,0.0,0.0,0.0,0.0,False,sem exportação aos EUA,True,média,Amazônia Legal
2105989,LAJEADO NOVO,MA,6682,0.0,0.0,0.0,0.0,False,sem exportação aos EUA,True,média,Amazônia Legal
2104404,GONÇALVES DIAS,MA,13629,0.0,0.0,0.0,0.0,False,sem exportação aos EUA,True,média,Amazônia Legal
2105963,LAGOA GRANDE DO MARANHÃO,MA,9997,0.0,0.0,0.0,0.0,False,sem exportação aos EUA,True,média,Amazônia Legal
2104206,FORTUNA,MA,13022,0.0,0.0,0.0,0.0,False,sem exportação aos EUA,True,média,Amazônia Legal
2105427,ITINGA DO MARANHÃO,MA,17555,0.0,0.0,0.0,0.0,False,sem exportação aos EUA,True,média,Amazônia Legal
2105948,LAGO DOS RODRIGUES,MA,8271,0.0,0.0,0.0,0.0,False,sem exportação aos EUA,True,média,Amazônia Legal
2104107,FORTALEZA DOS NOGUEIRAS,MA,10569,0.0,0.0,0.0,0.0,False,sem exportação aos EUA,True,média,Amazônia Legal
2105658,JUNCO DO MARANHÃO,MA,5092,0.0,0.0,0.0,0.0,False,sem exportação aos EUA,True,média,Amazônia Legal
2104008,ESPERANTINÓPOLIS,MA,14795,0.0,0.0,0.0,0.0,False,sem exportação aos EUA,True,média,Amazônia Legal
2105476,JENIPAPO DOS VIEIRAS,MA,13237,0.0,0.0,0.0,0.0,False,sem exportação aos EUA,True,média,Amazônia Legal
2103901,DUQUE BACELAR,MA,9654,0.0,0.0,0.0,0.0,False,sem exportação aos EUA,False,baixa,
2105450,JATOBÁ,MA,7205,0.0,0.0,0.0,0.0,False,sem exportação aos EUA,True,média,Amazônia Legal
2104701,GRAÇA ARANHA,MA,6274,0.0,0.0,0.0,0.0,False,sem exportação aos EUA,True,média,Amazônia Legal
2106375,MARANHÃOZINHO,MA,8133,0.0,0.0,0.0,0.0,False,sem exportação aos EUA,True,média,Amazônia Legal
2104800,GRAJAÚ,MA,52273,0.0,0.0,0.0,0.0,False,sem exportação aos EUA,True,média,Amazônia Legal
2106631,MATÕES DO NORTE,MA,7654,0.0,0.0,0.0,0.0,False,sem exportação aos EUA,True,média,Amazônia Legal
2109056,PORTO RICO DO MARANHÃO,MA,7200,0.0,0.0,0.0,0.0,False,sem exportação aos EUA,True,média,Amazônia Legal
2105500,JOÃO LISBOA,MA,21876,0.0,0.0,0.0,0.0,False,sem exportação aos EUA,True,média,Amazônia Legal
2108454,PERITORÓ,MA,16364,0.0,0.0,0.0,0.0,False,sem exportação aos EUA,True,média,Amazônia Legal
2105401,ITAPECURU MIRIM,MA,47851,0.0,0.0,0.0,0.0,False,sem exportação aos EUA,True,média,Amazônia Legal
2108256,PEDRO DO ROSÁRIO,MA,18241,0.0,0.0,0.0,0.0,False,sem exportação aos EUA,True,média,Amazônia Legal
2111409,SÃO LUÍS GONZAGA DO MARANHÃO,MA,17211,0.0,0.0,0.0,0.0,False,sem exportação aos EUA,True,média,Amazônia Legal
2108058,PAULINO NEVES,MA,15080,0.0,0.0,0.0,0.0,False,sem exportação aos EUA,False,baixa,
2107456,OLINDA NOVA DO MARANHÃO,MA,11175,0.0,0.0,0.0,0.0,False,sem exportação aos EUA,True,média,Amazônia Legal
2105203,IGARAPÉ GRANDE,MA,8484,0.0,0.0,0.0,0.0,False,sem exportação aos EUA,True,média,Amazônia Legal
2107357,NOVA OLINDA DO MARANHÃO,MA,13507,0.0,0.0,0.0,0.0,False,sem exportação aos EUA,True,média,Amazônia Legal
2105104,ICATU,MA,23106,0.0,0.0,0.0,0.0,False,sem exportação aos EUA,True,média,Amazônia Legal
2107258,NOVA COLINAS,MA,4514,0.0,0.0,0.0,0.0,False,sem exportação aos EUA,True,média,Amazônia Legal
2105005,HUMBERTO DE CAMPOS,MA,23439,0.0,0.0,0.0,0.0,False,sem exportação aos EUA,False,baixa,
2106672,MILAGRES DO MARANHÃO,MA,6650,0.0,0.0,0.0,0.0,False,sem exportação aos EUA,False,baixa,
2104909,GUIMARÃES,MA,9820,0.0,0.0,0.0,0.0,False,sem exportação aos EUA,True,média,Amazônia Legal
2103802,DOM PEDRO,MA,17803,0.0,0.0,0.0,0.0,False,sem exportação aos EUA,True,média,Amazônia Legal
2103703,CURURUPU,MA,26322,0.0,0.0,0.0,0.0,False,sem exportação aos EUA,True,média,Amazônia Legal
2109239,PRESIDENTE MÉDICI,MA,5728,0.0,0.0,0.0,0.0,False,sem exportação aos EUA,True,média,Amazônia Legal
2102200,BURITI,MA,22995,0.0,0.0,0.0,0.0,False,sem exportação aos EUA,False,baixa,
2103257,CIDELÂNDIA,MA,10660,0.0,0.0,0.0,0.0,False,sem exportação aos EUA,True,média,Amazônia Legal
2102507,CAJARI,MA,16136,0.0,0.0,0.0,0.0,False,sem exportação aos EUA,True,média,Amazônia Legal
2103174,CENTRO NOVO DO MARANHÃO,MA,11932,0.0,0.0,0.0,0.0,False,sem exportação aos EUA,True,média,Amazônia Legal
2102408,CAJAPIÓ,MA,10224,0.0,0.0,0.0,0.0,False,sem exportação aos EUA,True,média,Amazônia Legal
2103158,CENTRO DO GUILHERME,MA,7966,0.0,0.0,0.0,0.0,False,sem exportação aos EUA,True,média,Amazônia Legal
2102309,BURITI BRAVO,MA,17755,0.0,0.0,0.0,0.0,False,sem exportação aos EUA,False,baixa,
2103125,CENTRAL DO MARANHÃO,MA,7808,0.0,0.0,0.0,0.0,False,sem exportação aos EUA,True,média,Amazônia Legal
2102754,CAPINZAL DO NORTE,MA,8689,0.0,0.0,0.0,0.0,False,sem exportação aos EUA,True,média,Amazônia Legal
2105351,ITAIPAVA DO GRAJAÚ,MA,11234,0.0,0.0,0.0,0.0,False,sem exportação aos EUA,True,média,Amazônia Legal
2102101,BREJO,MA,25937,0.0,0.0,0.0,0.0,False,sem exportação aos EUA,False,baixa,
2102556,CAMPESTRE DO MARANHÃO,MA,9948,0.0,0.0,0.0,0.0,False,sem exportação aos EUA,True,média,Amazônia Legal
2101905,BEQUIMÃO,MA,18606,0.0,0.0,0.0,0.0,False,sem exportação aos EUA,True,média,Amazônia Legal
2102358,BURITIRANA,MA,10837,0.0,0.0,0.0,0.0,False,sem exportação aos EUA,True,média,Amazônia Legal
2101806,BENEDITO LEITE,MA,4638,0.0,0.0,0.0,0.0,False,sem exportação aos EUA,True,média,Amazônia Legal
2102325,BURITICUPU,MA,42732,0.0,0.0,0.0,0.0,False,sem exportação aos EUA,True,média,Amazônia Legal
2101707,BARREIRINHAS,MA,52533,0.0,0.0,0.0,0.0,False,sem exportação aos EUA,False,baixa,
2102606,CÂNDIDO MENDES,MA,14853,0.0,0.0,0.0,0.0,False,sem exportação aos EUA,True,média,Amazônia Legal
2103554,CONCEIÇÃO DO LAGO-AÇU,MA,11878,0.0,0.0,0.0,0.0,False,sem exportação aos EUA,True,média,Amazônia Legal
2102705,CANTANHEDE,MA,14177,0.0,0.0,0.0,0.0,False,sem exportação aos EUA,True,média,Amazônia Legal
2104073,FEIRA NOVA DO MARANHÃO,MA,6389,0.0,0.0,0.0,0.0,False,sem exportação aos EUA,True,média,Amazônia Legal
2103604,COROATÁ,MA,46886,0.0,0.0,0.0,0.0,False,sem exportação aos EUA,True,média,Amazônia Legal
2105153,IGARAPÉ DO MEIO,MA,10867,0.0,10642919.0,0.0,0.0,False,sem exportação aos EUA,True,média,Amazônia Legal
2103505,COLINAS,MA,28426,0.0,0.0,0.0,0.0,False,sem exportação aos EUA,True,média,Amazônia Legal
2104677,GOVERNADOR NUNES FREIRE,MA,17561,0.0,0.0,0.0,0.0,False,sem exportação aos EUA,True,média,Amazônia Legal
2103406,COELHO NETO,MA,33370,0.0,0.0,0.0,0.0,False,sem exportação aos EUA,False,baixa,
2104651,GOVERNADOR NEWTON BELLO,MA,7695,0.0,0.0,0.0,0.0,False,sem exportação aos EUA,True,média,Amazônia Legal
2103307,CODÓ,MA,82435,0.0,0.0,0.0,0.0,False,sem exportação aos EUA,False,baixa,
2104628,GOVERNADOR LUIZ ROCHA,MA,6417,0.0,0.0,0.0,0.0,False,sem exportação aos EUA,True,média,Amazônia Legal
2103208,CHAPADINHA,MA,60242,0.0,0.0,0.0,0.0,False,sem exportação aos EUA,False,baixa,
2103109,CEDRAL,MA,9329,0.0,0.0,0.0,0.0,False,sem exportação aos EUA,True,média,Amazônia Legal
2103000,CAXIAS,MA,113420,0.0,0.0,0.0,0.0,False,sem exportação aos EUA,False,baixa,
2104099,FORMOSA DA SERRA NEGRA,MA,14076,0.0,0.0,0.0,0.0,False,sem exportação aos EUA,True,média,Amazônia Legal
2102903,CARUTAPERA,MA,19093,0.0,0.0,0.0,0.0,False,sem exportação aos EUA,True,média,Amazônia Legal
2104081,FERNANDO FALCÃO,MA,9487,0.0,0.0,0.0,0.0,False,sem exportação aos EUA,True,média,Amazônia Legal
2102804,CAROLINA,MA,18310,0.0,0.0,0.0,0.0,False,sem exportação aos EUA,True,média,Amazônia Legal
2105609,JOSELÂNDIA,MA,12529,0.0,0.0,0.0,0.0,False,sem exportação aos EUA,True,média,Amazônia Legal
2105708,LAGO DA PEDRA,MA,34283,0.0,0.0,0.0,0.0,False,sem exportação aos EUA,True,média,Amazônia Legal
2111102,SÃO JOÃO DOS PATOS,MA,19533,0.0,0.0,0.0,0.0,False,sem exportação aos EUA,False,baixa,
2108306,PENALVA,MA,26013,0.0,0.0,0.0,0.0,False,sem exportação aos EUA,True,média,Amazônia Legal
2109007,PORTO FRANCO,MA,18862,0.0,123508879.0,0.0,0.0,False,sem exportação aos EUA,True,média,Amazônia Legal
2108900,POÇÃO DE PEDRAS,MA,14763,0.0,0.0,0.0,0.0,False,sem exportação aos EUA,True,média,Amazônia Legal
2108801,PIRAPEMAS,MA,12904,0.0,0.0,0.0,0.0,False,sem exportação aos EUA,True,média,Amazônia Legal
2108702,PIO XII,MA,18787,0.0,0.0,0.0,0.0,False,sem exportação aos EUA,True,média,Amazônia Legal
2108603,PINHEIRO,MA,62812,0.0,610757.0,0.0,0.0,False,sem exportação aos EUA,True,média,Amazônia Legal
2108504,PINDARÉ-MIRIM,MA,25951,0.0,0.0,0.0,0.0,False,sem exportação aos EUA,True,média,Amazônia Legal
2108405,PERI MIRIM,MA,11291,0.0,0.0,0.0,0.0,False,sem exportação aos EUA,True,média,Amazônia Legal
2112852,VILA NOVA DOS MARTÍRIOS,MA,8903,0.0,0.0,0.0,0.0,False,sem exportação aos EUA,True,média,Amazônia Legal
2111789,SERRANO DO MARANHÃO,MA,9228,0.0,0.0,0.0,0.0,False,sem exportação aos EUA,True,média,Amazônia Legal
2112456,TURILÂNDIA,MA,15977,0.0,0.0,0.0,0.0,False,sem exportação aos EUA,True,média,Amazônia Legal
2108009,PASTOS BONS,MA,15148,0.0,0.0,0.0,0.0,False,sem exportação aos EUA,True,média,Amazônia Legal
2112274,TUFILÂNDIA,MA,6051,0.0,0.0,0.0,0.0,False,sem exportação aos EUA,True,média,Amazônia Legal
2107902,PASSAGEM FRANCA,MA,14692,0.0,0.0,0.0,0.0,False,sem exportação aos EUA,False,baixa,
2112233,TRIZIDELA DO VALE,MA,16878,0.0,0.0,0.0,0.0,False,sem exportação aos EUA,True,média,Amazônia Legal
2107803,PARNARAMA,MA,26242,0.0,0.0,0.0,0.0,False,sem exportação aos EUA,False,baixa,
2111953,SUCUPIRA DO RIACHÃO,MA,4707,0.0,0.0,0.0,0.0,False,sem exportação aos EUA,False,baixa,
2109106,PRESIDENTE DUTRA,MA,32781,0.0,0.0,0.0,0.0,False,sem exportação aos EUA,True,média,Amazônia Legal
2109205,PRESIDENTE JUSCELINO,MA,10017,0.0,0.0,0.0,0.0,False,sem exportação aos EUA,True,média,Amazônia Legal
2109304,PRESIDENTE VARGAS,MA,10343,0.0,0.0,0.0,0.0,False,sem exportação aos EUA,True,média,Amazônia Legal
2109403,PRIMEIRA CRUZ,MA,11110,0.0,0.0,0.0,0.0,False,sem exportação aos EUA,False,baixa,
2111003,SÃO JOÃO BATISTA,MA,20103,0.0,0.0,0.0,0.0,False,sem exportação aos EUA,True,média,Amazônia Legal
2110906,SÃO FRANCISCO DO MARANHÃO,MA,9159,0.0,0.0,0.0,0.0,False,sem exportação aos EUA,False,baixa,
2110807,SÃO FÉLIX DE BALSAS,MA,4224,0.0,3732366.0,0.0,0.0,False,sem exportação aos EUA,True,média,Amazônia Legal
2110708,SÃO DOMINGOS DO MARANHÃO,MA,28537,0.0,0.0,0.0,0.0,False,sem exportação aos EUA,True,média,Amazônia Legal
2110609,SÃO BERNARDO,MA,21808,0.0,0.0,0.0,0.0,False,sem exportação aos EUA,False,baixa,
2110500,SÃO BENTO,MA,29322,0.0,0.0,0.0,0.0,False,sem exportação aos EUA,True,média,Amazônia Legal
2110401,SÃO BENEDITO DO RIO PRETO,MA,16310,0.0,0.0,0.0,0.0,False,sem exportação aos EUA,False,baixa,
2110203,SANTA RITA,MA,28000,0.0,0.0,0.0,0.0,False,sem exportação aos EUA,True,média,Amazônia Legal
2110104,SANTA QUITÉRIA DO MARANHÃO,MA,21175,0.0,0.0,0.0,0.0,False,sem exportação aos EUA,False,baixa,
2110005,SANTA LUZIA,MA,45122,0.0,0.0,0.0,0.0,False,sem exportação aos EUA,True,média,Amazônia Legal
2109809,SANTA HELENA,MA,24651,0.0,0.0,0.0,0.0,False,sem exportação aos EUA,True,média,Amazônia Legal
2109700,SAMBAÍBA,MA,5411,0.0,26063459.0,0.0,0.0,False,sem exportação aos EUA,True,média,Amazônia Legal
2109601,ROSÁRIO,MA,32344,0.0,0.0,0.0,0.0,False,sem exportação aos EUA,True,média,Amazônia Legal
2111201,SÃO JOSÉ DE RIBAMAR,MA,131324,0.0,372527.0,0.0,0.0,False,sem exportação aos EUA,True,média,Amazônia Legal
2109502,RIACHÃO,MA,16914,0.0,26778450.0,0.0,0.0,False,sem exportação aos EUA,True,média,Amazônia Legal
2107704,PARAIBANO,MA,14960,0.0,0.0,0.0,0.0,False,sem exportação aos EUA,False,baixa,
2107605,PALMEIRÂNDIA,MA,17179,0.0,0.0,0.0,0.0,False,sem exportação aos EUA,True,média,Amazônia Legal
2109270,PRESIDENTE SARNEY,MA,15655,0.0,0.0,0.0,0.0,False,sem exportação aos EUA,True,média,Amazônia Legal
2106201,LUÍS DOMINGUES,MA,6072,0.0,0.0,0.0,0.0,False,sem exportação aos EUA,True,média,Amazônia Legal
2111029,SÃO JOÃO DO CARÚ,MA,10141,0.0,0.0,0.0,0.0,False,sem exportação aos EUA,True,média,Amazônia Legal
2106508,MATINHA,MA,20053,0.0,0.0,0.0,0.0,False,sem exportação aos EUA,True,média,Amazônia Legal
2110856,SÃO FRANCISCO DO BREJÃO,MA,8123,0.0,0.0,0.0,0.0,False,sem exportação aos EUA,True,média,Amazônia Legal
2106409,MATA ROMA,MA,16271,0.0,0.0,0.0,0.0,False,sem exportação aos EUA,False,baixa,
2110658,SÃO DOMINGOS DO AZEITÃO,MA,6763,0.0,58884599.0,0.0,0.0,False,sem exportação aos EUA,True,média,Amazônia Legal
2106300,MAGALHÃES DE ALMEIDA,MA,12195,0.0,0.0,0.0,0.0,False,sem exportação aos EUA,False,baixa,
2110278,SANTO AMARO DO MARANHÃO,MA,13330,0.0,0.0,0.0,0.0,False,sem exportação aos EUA,False,baixa,
2110237,SANTANA DO MARANHÃO,MA,8165,0.0,0.0,0.0,0.0,False,sem exportação aos EUA,False,baixa,
2111763,SENADOR LA ROCQUE,MA,12262,0.0,0.0,0.0,0.0,False,sem exportação aos EUA,True,média,Amazônia Legal
2106102,LORETO,MA,8569,0.0,4043692.0,0.0,0.0,False,sem exportação aos EUA,True,média,Amazônia Legal
2109759,SANTA FILOMENA DO MARANHÃO,MA,6119,0.0,0.0,0.0,0.0,False,sem exportação aos EUA,True,média,Amazônia Legal
2106003,LIMA CAMPOS,MA,11183,0.0,0.0,0.0,0.0,False,sem exportação aos EUA,True,média,Amazônia Legal
2109551,RIBAMAR FIQUENE,MA,6276,0.0,0.0,0.0,0.0,False,sem exportação aos EUA,True,média,Amazônia Legal
2105906,LAGO VERDE,MA,12196,0.0,0.0,0.0,0.0,False,sem exportação aos EUA,True,média,Amazônia Legal
2109452,RAPOSA,MA,24288,0.0,628372.0,0.0,0.0,False,sem exportação aos EUA,True,média,Amazônia Legal
2105807,LAGO DO JUNCO,MA,8447,0.0,362611.0,0.0,0.0,False,sem exportação aos EUA,True,média,Amazônia Legal
2106607,MATÕES,MA,27285,0.0,0.0,0.0,0.0,False,sem exportação aos EUA,False,baixa,
2111052,SÃO JOÃO DO PARAÍSO,MA,8599,0.0,0.0,0.0,0.0,False,sem exportação aos EUA,True,média,Amazônia Legal
2106706,MIRADOR,MA,16373,0.0,0.0,0.0,0.0,False,sem exportação aos EUA,True,média,Amazônia Legal
2111078,SÃO JOÃO DO SOTER,MA,14327,0.0,0.0,0.0,0.0,False,sem exportação aos EUA,False,baixa,
2107506,PAÇO DO LUMIAR,MA,90287,0.0,0.0,0.0,0.0,False,sem exportação aos EUA,True,média,Amazônia Legal
2111748,SENADOR ALEXANDRE COSTA,MA,8450,0.0,0.0,0.0,0.0,False,sem exportação aos EUA,True,média,Amazônia Legal
2107407,OLHO D'ÁGUA DAS CUNHÃS,MA,14387,0.0,0.0,0.0,0.0,False,sem exportação aos EUA,True,média,Amazônia Legal
2111722,SATUBINHA,MA,7469,0.0,0.0,0.0,0.0,False,sem exportação aos EUA,True,média,Amazônia Legal
2107308,NOVA IORQUE,MA,4134,0.0,0.0,0.0,0.0,False,sem exportação aos EUA,True,média,Amazônia Legal
2111672,SÃO ROBERTO,MA,4547,0.0,0.0,0.0,0.0,False,sem exportação aos EUA,True,média,Amazônia Legal
2107209,NINA RODRIGUES,MA,10518,0.0,0.0,0.0,0.0,False,sem exportação aos EUA,False,baixa,
2111631,SÃO RAIMUNDO DO DOCA BEZERRA,MA,5160,0.0,0.0,0.0,0.0,False,sem exportação aos EUA,True,média,Amazônia Legal
2107100,MORROS,MA,16701,0.0,0.0,0.0,0.0,False,sem exportação aos EUA,True,média,Amazônia Legal
2111573,SÃO PEDRO DOS CRENTES,MA,4689,0.0,0.0,0.0,0.0,False,sem exportação aos EUA,True,média,Amazônia Legal
2107001,MONTES ALTOS,MA,7514,0.0,0.0,0.0,0.0,False,sem exportação aos EUA,True,média,Amazônia Legal
2111532,SÃO PEDRO DA ÁGUA BRANCA,MA,9693,0.0,128050.0,0.0,0.0,False,sem exportação aos EUA,True,média,Amazônia Legal
2106904,MONÇÃO,MA,21263,0.0,0.0,0.0,0.0,False,sem exportação aos EUA,True,média,Amazônia Legal
2111250,SÃO JOSÉ DOS BASÍLIOS,MA,6388,0.0,0.0,0.0,0.0,False,sem exportação aos EUA,True,média,Amazônia Legal
2106805,MIRINZAL,MA,12016,0.0,0.0,0.0,0.0,False,sem exportação aos EUA,True,média,Amazônia Legal
2308500,MOMBAÇA,CE,32520,0.0,1768.0,0.0,0.0,False,sem exportação aos EUA,False,baixa,
2308377,MIRAÍMA,CE,12141,0.0,0.0,0.0,0.0,False,sem exportação aos EUA,False,baixa,
2205102,ITAUEIRA,PI,9279,0.0,0.0,0.0,0.0,False,sem exportação aos EUA,False,baixa,
2901304,ANDARAÍ,BA,9794,0.0,0.0,0.0,0.0,False,sem exportação aos EUA,False,baixa,
2901908,APORÁ,BA,14198,0.0,0.0,0.0,0.0,False,sem exportação aos EUA,False,baixa,
2901809,ANTÔNIO GONÇALVES,BA,8672,0.0,221723.0,0.0,0.0,False,sem exportação aos EUA,False,baixa,
2901700,ANTÔNIO CARDOSO,BA,12130,0.0,0.0,0.0,0.0,False,sem exportação aos EUA,False,baixa,
2901601,ANTAS,BA,10594,0.0,0.0,0.0,0.0,False,sem exportação aos EUA,False,baixa,
2901502,ANGUERA,BA,10304,0.0,0.0,0.0,0.0,False,sem exportação aos EUA,False,baixa,
2901403,ANGICAL,BA,12831,0.0,0.0,0.0,0.0,False,sem exportação aos EUA,False,baixa,
2901353,ANDORINHA,BA,13508,0.0,0.0,0.0,0.0,False,sem exportação aos EUA,False,baixa,
2901205,ANAGÉ,BA,18704,0.0,0.0,0.0,0.0,False,sem exportação aos EUA,False,baixa,
2902005,ARACATU,BA,12568,0.0,0.0,0.0,0.0,False,sem exportação aos EUA,False,baixa,
2901106,AMÉLIA RODRIGUES,BA,19625,0.0,136084.0,0.0,0.0,False,sem exportação aos EUA,False,baixa,
2901007,AMARGOSA,BA,28384,0.0,8698872.0,0.0,0.0,False,sem exportação aos EUA,False,baixa,
2900900,ALMADINA,BA,4923,0.0,0.0,0.0,0.0,False,sem exportação aos EUA,False,baixa,
2900603,AIQUARA,BA,4318,0.0,0.0,0.0,0.0,False,sem exportação aos EUA,False,baixa,
2900504,ÉRICO CARDOSO,BA,8440,0.0,241432.0,0.0,0.0,False,sem exportação aos EUA,False,baixa,
2900405,ÁGUA FRIA,BA,13416,0.0,0.0,0.0,0.0,False,sem exportação aos EUA,False,baixa,
2900355,ADUSTINA,BA,12402,0.0,0.0,0.0,0.0,False,sem exportação aos EUA,False,baixa,
2902054,ARAÇÁS,BA,10800,0.0,0.0,0.0,0.0,False,sem exportação aos EUA,False,baixa,
2901957,APUAREMA,BA,6358,0.0,0.0,0.0,0.0,False,sem exportação aos EUA,False,baixa,
2308302,MILAGRES,CE,22637,0.0,0.0,0.0,0.0,False,sem exportação aos EUA,False,baixa,
2902906,BARRA DO CHOÇA,BA,28911,0.0,0.0,0.0,0.0,False,sem exportação aos EUA,False,baixa,
2903706,BOA NOVA,BA,13066,0.0,0.0,0.0,0.0,False,sem exportação aos EUA,False,baixa,
2903607,BIRITINGA,BA,13259,0.0,0.0,0.0,0.0,False,sem exportação aos EUA,False,baixa,
2903508,BELO CAMPO,BA,15726,0.0,0.0,0.0,0.0,False,sem exportação aos EUA,False,baixa,
2903409,BELMONTE,BA,14778,0.0,1740214.0,0.0,0.0,False,sem exportação aos EUA,False,baixa,
2903300,BARRO PRETO,BA,5763,0.0,0.0,0.0,0.0,False,sem exportação aos EUA,False,baixa,
2903102,BARRA DO ROCHA,BA,4427,0.0,0.0,0.0,0.0,False,sem exportação aos EUA,False,baixa,
2903003,BARRA DO MENDES,BA,12115,0.0,0.0,0.0,0.0,False,sem exportação aos EUA,False,baixa,
2902807,BARRA DA ESTIVA,BA,21065,0.0,0.0,0.0,0.0,False,sem exportação aos EUA,False,baixa,
2902104,ARACI,BA,40272,0.0,0.0,0.0,0.0,False,sem exportação aos EUA,False,baixa,
2902708,BARRA,BA,37117,0.0,0.0,0.0,0.0,False,sem exportação aos EUA,False,baixa,
2902658,BANZAÊ,BA,10902,0.0,0.0,0.0,0.0,False,sem exportação aos EUA,False,baixa,
2902609,BAIXA GRANDE,BA,15480,0.0,128987.0,0.0,0.0,False,sem exportação aos EUA,False,baixa,
2902500,BAIANÓPOLIS,BA,12451,0.0,0.0,0.0,0.0,False,sem exportação aos EUA,False,baixa,
2902401,AURELINO LEAL,BA,9612,0.0,0.0,0.0,0.0,False,sem exportação aos EUA,False,baixa,
2902302,ARATUÍPE,BA,8424,0.0,0.0,0.0,0.0,False,sem exportação aos EUA,False,baixa,
2902203,ARAMARI,BA,9785,0.0,0.0,0.0,0.0,False,sem exportação aos EUA,False,baixa,
2900306,ACAJUTIBA,BA,12019,0.0,0.0,0.0,0.0,False,sem exportação aos EUA,False,baixa,
2900207,ABARÉ,BA,14734,0.0,0.0,0.0,0.0,False,sem exportação aos EUA,False,baixa,
2900108,ABAÍRA,BA,6761,0.0,0.0,0.0,0.0,False,sem exportação aos EUA,False,baixa,
1600105,AMAPÁ,AP,7523,0.0,0.0,0.0,0.0,False,sem exportação aos EUA,True,média,Amazônia Legal
1600501,OIAPOQUE,AP,24220,0.0,595686.0,0.0,0.0,False,sem exportação aos EUA,True,média,Amazônia Legal
1600154,PEDRA BRANCA DO AMAPARI,AP,9909,0.0,0.0,0.0,0.0,False,sem exportação aos EUA,True,média,Amazônia Legal
1600402,MAZAGÃO,AP,22212,0.0,2080277.0,0.0,0.0,False,sem exportação aos EUA,True,média,Amazônia Legal
1600212,CUTIAS,AP,6300,0.0,0.0,0.0,0.0,False,sem exportação aos EUA,True,média,Amazônia Legal
1600253,ITAUBAL,AP,8881,0.0,0.0,0.0,0.0,False,sem exportação aos EUA,True,média,Amazônia Legal
1600204,CALÇOENE,AP,8907,0.0,0.0,0.0,0.0,False,sem exportação aos EUA,True,média,Amazônia Legal
1600535,PORTO GRANDE,AP,15533,0.0,127080.0,0.0,0.0,False,sem exportação aos EUA,True,média,Amazônia Legal
1600550,PRACUÚBA,AP,4022,0.0,0.0,0.0,0.0,False,sem exportação aos EUA,True,média,Amazônia Legal
2918357,JOÃO DOURADO,BA,19862,0.0,0.0,0.0,0.0,False,sem exportação aos EUA,False,baixa,
1304237,TONANTINS,AM,11653,0.0,0.0,0.0,0.0,False,sem exportação aos EUA,True,média,Amazônia Legal
1304260,UARINI,AM,9798,0.0,0.0,0.0,0.0,False,sem exportação aos EUA,True,média,Amazônia Legal
1304062,TABATINGA,AM,40230,0.0,1297707.0,0.0,0.0,False,sem exportação aos EUA,True,média,Amazônia Legal
1303957,SÃO SEBASTIÃO DO UATUMÃ,AM,7748,0.0,0.0,0.0,0.0,False,sem exportação aos EUA,True,média,Amazônia Legal
1303569,RIO PRETO DA EVA,AM,23243,0.0,0.0,0.0,0.0,False,sem exportação aos EUA,True,média,Amazônia Legal
1303536,PRESIDENTE FIGUEIREDO,AM,28343,0.0,107377937.0,0.0,0.0,False,sem exportação aos EUA,True,média,Amazônia Legal
1302553,MANAQUIRI,AM,15304,0.0,0.0,0.0,0.0,False,sem exportação aos EUA,True,média,Amazônia Legal
1600055,SERRA DO NAVIO,AP,4111,0.0,999270.0,0.0,0.0,False,sem exportação aos EUA,True,média,Amazônia Legal
1600238,FERREIRA GOMES,AP,7861,0.0,0.0,0.0,0.0,False,sem exportação aos EUA,True,média,Amazônia Legal
1600808,VITÓRIA DO JARI,AP,10405,0.0,0.0,0.0,0.0,False,sem exportação aos EUA,True,média,Amazônia Legal
1600279,LARANJAL DO JARI,AP,28170,0.0,0.0,0.0,0.0,False,sem exportação aos EUA,True,média,Amazônia Legal
2911857,HELIÓPOLIS,BA,12729,0.0,0.0,0.0,0.0,False,sem exportação aos EUA,False,baixa,
2911659,GUAJERU,BA,6431,0.0,0.0,0.0,0.0,False,sem exportação aos EUA,False,baixa,
2911253,GAVIÃO,BA,4375,0.0,0.0,0.0,0.0,False,sem exportação aos EUA,False,baixa,
2910859,FILADÉLFIA,BA,15281,0.0,0.0,0.0,0.0,False,sem exportação aos EUA,False,baixa,
2910750,FÁTIMA,BA,15318,0.0,0.0,0.0,0.0,False,sem exportação aos EUA,False,baixa,
2906824,CANUDOS,BA,13077,0.0,0.0,0.0,0.0,False,sem exportação aos EUA,False,baixa,
2906873,CAPIM GROSSO,BA,24872,0.0,0.0,0.0,0.0,False,sem exportação aos EUA,False,baixa,
2906857,CAPELA DO ALTO ALEGRE,BA,9756,0.0,0.0,0.0,0.0,False,sem exportação aos EUA,False,baixa,
2904753,BURITIRAMA,BA,15728,0.0,0.0,0.0,0.0,False,sem exportação aos EUA,False,baixa,
2903235,BARRO ALTO,BA,11523,0.0,0.0,0.0,0.0,False,sem exportação aos EUA,False,baixa,
2902252,ARATACA,BA,6559,0.0,0.0,0.0,0.0,False,sem exportação aos EUA,False,baixa,
2901155,AMÉRICA DOURADA,BA,12503,0.0,0.0,0.0,0.0,False,sem exportação aos EUA,False,baixa,
2918555,JUSSARI,BA,4647,0.0,0.0,0.0,0.0,False,sem exportação aos EUA,False,baixa,
2917334,IUIU,BA,8643,0.0,0.0,0.0,0.0,False,sem exportação aos EUA,False,baixa,
1600709,TARTARUGALZINHO,AP,11437,0.0,0.0,0.0,0.0,False,sem exportação aos EUA,True,média,Amazônia Legal
2903805,BOA VISTA DO TUPIM,BA,14089,0.0,0.0,0.0,0.0,False,sem exportação aos EUA,False,baixa,
2903904,BOM JESUS DA LAPA,BA,48946,0.0,3085502.0,0.0,0.0,False,sem exportação aos EUA,False,baixa,
2903953,BOM JESUS DA SERRA,BA,9372,0.0,0.0,0.0,0.0,False,sem exportação aos EUA,False,baixa,
2909505,CRAVOLÂNDIA,BA,4632,0.0,0.0,0.0,0.0,False,sem exportação aos EUA,False,baixa,
2910206,DOM MACEDO COSTA,BA,4864,0.0,0.0,0.0,0.0,False,sem exportação aos EUA,False,baixa,
2910107,DOM BASÍLIO,BA,10634,0.0,0.0,0.0,0.0,False,sem exportação aos EUA,False,baixa,
2910008,DÁRIO MEIRA,BA,8515,0.0,0.0,0.0,0.0,False,sem exportação aos EUA,False,baixa,
2909901,CURAÇÁ,BA,27548,0.0,1608811.0,0.0,0.0,False,sem exportação aos EUA,False,baixa,
2909802,CRUZ DAS ALMAS,BA,49209,0.0,4211082.0,0.0,0.0,False,sem exportação aos EUA,False,baixa,
2909703,CRISTÓPOLIS,BA,12379,0.0,0.0,0.0,0.0,False,sem exportação aos EUA,False,baixa,
2909604,CRISÓPOLIS,BA,16673,0.0,0.0,0.0,0.0,False,sem exportação aos EUA,False,baixa,
2909406,COTEGIPE,BA,11726,0.0,0.0,0.0,0.0,False,sem exportação aos EUA,False,baixa,
2908002,COARACI,BA,15399,0.0,0.0,0.0,0.0,False,sem exportação aos EUA,False,baixa,
2909307,CORRENTINA,BA,28078,0.0,235036221.0,0.0,0.0,False,sem exportação aos EUA,False,baixa,
2909208,CORONEL JOÃO SÁ,BA,15065,0.0,0.0,0.0,0.0,False,sem exportação aos EUA,False,baixa,
2909109,CORIBE,BA,12810,0.0,0.0,0.0,0.0,False,sem exportação aos EUA,False,baixa,
2909000,CORDEIROS,BA,7148,0.0,0.0,0.0,0.0,False,sem exportação aos EUA,False,baixa,
2908804,CONTENDAS DO SINCORÁ,BA,4520,0.0,0.0,0.0,0.0,False,sem exportação aos EUA,False,baixa,
2908705,CONDEÚBA,BA,15144,0.0,6332.0,0.0,0.0,False,sem exportação aos EUA,False,baixa,
2908200,CONCEIÇÃO DA FEIRA,BA,17483,0.0,0.0,0.0,0.0,False,sem exportação aos EUA,False,baixa,
2910305,ELÍSIO MEDRADO,BA,7650,0.0,0.0,0.0,0.0,False,sem exportação aos EUA,False,baixa,
2910404,ENCRUZILHADA,BA,15576,0.0,0.0,0.0,0.0,False,sem exportação aos EUA,False,baixa,
2910503,ENTRE RIOS,BA,31166,0.0,0.0,0.0,0.0,False,sem exportação aos EUA,False,baixa,
2910602,ESPLANADA,BA,26991,0.0,785779.0,0.0,0.0,False,sem exportação aos EUA,False,baixa,
2912103,IBICARAÍ,BA,17862,0.0,0.0,0.0,0.0,False,sem exportação aos EUA,False,baixa,
2912004,IBIASSUCÊ,BA,8476,0.0,0.0,0.0,0.0,False,sem exportação aos EUA,False,baixa,
2911907,IAÇU,BA,20513,0.0,0.0,0.0,0.0,False,sem exportação aos EUA,False,baixa,
2911808,GUARATINGA,BA,15720,0.0,0.0,0.0,0.0,False,sem exportação aos EUA,False,baixa,
2911709,GUANAMBI,BA,67489,0.0,0.0,0.0,0.0,False,sem exportação aos EUA,False,baixa,
2911600,GOVERNADOR MANGABEIRA,BA,19120,0.0,11838208.0,0.0,0.0,False,sem exportação aos EUA,False,baixa,
2911501,GONGOGI,BA,5380,0.0,0.0,0.0,0.0,False,sem exportação aos EUA,False,baixa,
2911402,GLÓRIA,BA,13025,0.0,262056.0,0.0,0.0,False,sem exportação aos EUA,False,baixa,
2911303,GENTIO DO OURO,BA,9718,0.0,0.0,0.0,0.0,False,sem exportação aos EUA,False,baixa,
2911204,GANDU,BA,23509,0.0,518008.0,0.0,0.0,False,sem exportação aos EUA,False,baixa,
2911105,FORMOSA DO RIO PRETO,BA,20786,0.0,302749310.0,0.0,0.0,False,sem exportação aos EUA,False,baixa,
2911006,FLORESTA AZUL,BA,7825,0.0,0.0,0.0,0.0,False,sem exportação aos EUA,False,baixa,
2910909,FIRMINO ALVES,BA,5527,0.0,0.0,0.0,0.0,False,sem exportação aos EUA,False,baixa,
2910776,FEIRA DA MATA,BA,5181,0.0,0.0,0.0,0.0,False,sem exportação aos EUA,False,baixa,
2910701,EUCLIDES DA CUNHA,BA,45601,0.0,0.0,0.0,0.0,False,sem exportação aos EUA,False,baixa,
2908101,COCOS,BA,16368,0.0,23112594.0,0.0,0.0,False,sem exportação aos EUA,False,baixa,
2907905,CIPÓ,BA,15277,0.0,0.0,0.0,0.0,False,sem exportação aos EUA,False,baixa,
2904001,BONINAL,BA,10945,0.0,0.0,0.0,0.0,False,sem exportação aos EUA,False,baixa,
2904852,CABACEIRAS DO PARAGUAÇU,BA,14433,0.0,0.0,0.0,0.0,False,sem exportação aos EUA,False,baixa,
2905503,CALDEIRÃO GRANDE,BA,10361,0.0,248273.0,0.0,0.0,False,sem exportação aos EUA,False,baixa,
2905404,CAIRU,BA,15480,0.0,0.0,0.0,0.0,False,sem exportação aos EUA,False,baixa,
2905305,CAFARNAUM,BA,14513,0.0,0.0,0.0,0.0,False,sem exportação aos EUA,False,baixa,
2905206,CAETITÉ,BA,42181,0.0,1615993.0,0.0,0.0,False,sem exportação aos EUA,False,baixa,
2905156,CAETANOS,BA,11192,0.0,0.0,0.0,0.0,False,sem exportação aos EUA,False,baixa,
2905107,CAEM,BA,8150,0.0,0.0,0.0,0.0,False,sem exportação aos EUA,False,baixa,
2905008,CACULÉ,BA,18021,0.0,0.0,0.0,0.0,False,sem exportação aos EUA,False,baixa,
2904803,CAATIBA,BA,5851,0.0,0.0,0.0,0.0,False,sem exportação aos EUA,False,baixa,
2907806,CÍCERO DANTAS,BA,26260,0.0,0.0,0.0,0.0,False,sem exportação aos EUA,False,baixa,
2904704,BUERAREMA,BA,13021,0.0,0.0,0.0,0.0,False,sem exportação aos EUA,False,baixa,
2904506,BROTAS DE MACAÚBAS,BA,9505,0.0,763293.0,0.0,0.0,False,sem exportação aos EUA,False,baixa,
2904407,BREJOLÂNDIA,BA,8415,0.0,0.0,0.0,0.0,False,sem exportação aos EUA,False,baixa,
2904308,BREJÕES,BA,10919,0.0,0.0,0.0,0.0,False,sem exportação aos EUA,False,baixa,
2904209,BOTUPORÃ,BA,9465,0.0,0.0,0.0,0.0,False,sem exportação aos EUA,False,baixa,
2904100,BOQUIRA,BA,16616,0.0,488439.0,0.0,0.0,False,sem exportação aos EUA,False,baixa,
2904050,BONITO,BA,12270,0.0,0.0,0.0,0.0,False,sem exportação aos EUA,False,baixa,
2905602,CAMACAN,BA,17301,0.0,0.0,0.0,0.0,False,sem exportação aos EUA,False,baixa,
2905800,CAMAMU,BA,24576,0.0,8463748.0,0.0,0.0,False,sem exportação aos EUA,False,baixa,
2905909,CAMPO ALEGRE DE LOURDES,BA,23549,0.0,0.0,0.0,0.0,False,sem exportação aos EUA,False,baixa,
2906105,CANÁPOLIS,BA,8772,0.0,0.0,0.0,0.0,False,sem exportação aos EUA,False,baixa,
2907707,CHORROCHÓ,BA,9081,0.0,0.0,0.0,0.0,False,sem exportação aos EUA,False,baixa,
2907608,CENTRAL,BA,13497,0.0,0.0,0.0,0.0,False,sem exportação aos EUA,False,baixa,
2907558,CATURAMA,BA,7298,0.0,44901.0,0.0,0.0,False,sem exportação aos EUA,False,baixa,
2907400,CATOLÂNDIA,BA,4177,0.0,0.0,0.0,0.0,False,sem exportação aos EUA,False,baixa,
2907301,CASTRO ALVES,BA,22931,0.0,57463.0,0.0,0.0,False,sem exportação aos EUA,False,baixa,
2907103,CARINHANHA,BA,22328,0.0,0.0,0.0,0.0,False,sem exportação aos EUA,False,baixa,
2907004,CARDEAL DA SILVA,BA,8041,0.0,0.0,0.0,0.0,False,sem exportação aos EUA,False,baixa,
2906907,CARAVELAS,BA,16260,0.0,1898370.0,0.0,0.0,False,sem exportação aos EUA,False,baixa,
2906899,CARAÍBAS,BA,8699,0.0,0.0,0.0,0.0,False,sem exportação aos EUA,False,baixa,
2906808,CANSANÇÃO,BA,28890,0.0,0.0,0.0,0.0,False,sem exportação aos EUA,False,baixa,
2906709,CÂNDIDO SALES,BA,20878,0.0,0.0,0.0,0.0,False,sem exportação aos EUA,False,baixa,
2906600,CANDIBA,BA,11498,0.0,0.0,0.0,0.0,False,sem exportação aos EUA,False,baixa,
2906402,CANDEAL,BA,7799,0.0,0.0,0.0,0.0,False,sem exportação aos EUA,False,baixa,
2906303,CANAVIEIRAS,BA,25424,0.0,0.0,0.0,0.0,False,sem exportação aos EUA,False,baixa,
2906204,CANARANA,BA,20021,0.0,0.0,0.0,0.0,False,sem exportação aos EUA,False,baixa,
1301951,ITAMARATI,AM,7343,0.0,0.0,0.0,0.0,False,sem exportação aos EUA,True,média,Amazônia Legal
1301852,IRANDUBA,AM,45948,0.0,1346146.0,0.0,0.0,False,sem exportação aos EUA,True,média,Amazônia Legal
1300839,CAAPIRANGA,AM,9486,0.0,0.0,0.0,0.0,False,sem exportação aos EUA,True,média,Amazônia Legal
2703106,IGACI,AL,20525,0.0,0.0,0.0,0.0,False,sem exportação aos EUA,False,baixa,
2703908,JUNDIÁ,AL,4851,0.0,0.0,0.0,0.0,False,sem exportação aos EUA,False,baixa,
2703809,JOAQUIM GOMES,AL,15470,0.0,0.0,0.0,0.0,False,sem exportação aos EUA,False,baixa,
2703700,JARAMATAIA,AL,5223,0.0,0.0,0.0,0.0,False,sem exportação aos EUA,False,baixa,
2703502,JACUÍPE,AL,6044,0.0,0.0,0.0,0.0,False,sem exportação aos EUA,False,baixa,
2703403,JACARÉ DOS HOMENS,AL,5258,0.0,0.0,0.0,0.0,False,sem exportação aos EUA,False,baixa,
2703304,INHAPI,AL,14561,0.0,0.0,0.0,0.0,False,sem exportação aos EUA,False,baixa,
2703205,IGREJA NOVA,AL,17729,0.0,13444339.0,0.0,0.0,False,sem exportação aos EUA,False,baixa,
2703007,IBATEGUARA,AL,11536,0.0,0.0,0.0,0.0,False,sem exportação aos EUA,False,baixa,
2702009,COITÉ DO NÓIA,AL,9481,0.0,0.0,0.0,0.0,False,sem exportação aos EUA,False,baixa,
2702900,GIRAU DO PONCIANO,AL,28504,0.0,0.0,0.0,0.0,False,sem exportação aos EUA,False,baixa,
2702801,FLEXEIRAS,AL,8538,0.0,0.0,0.0,0.0,False,sem exportação aos EUA,False,baixa,
2702702,FELIZ DESERTO,AL,3975,0.0,0.0,0.0,0.0,False,sem exportação aos EUA,False,baixa,
2702603,FEIRA GRANDE,AL,19459,0.0,0.0,0.0,0.0,False,sem exportação aos EUA,False,baixa,
2702504,DOIS RIACHOS,AL,9497,0.0,0.0,0.0,0.0,False,sem exportação aos EUA,False,baixa,
2702405,DELMIRO GOUVEIA,AL,41407,0.0,0.0,0.0,0.0,False,sem exportação aos EUA,False,baixa,
2702207,COQUEIRO SECO,AL,5554,0.0,0.0,0.0,0.0,False,sem exportação aos EUA,False,baixa,
2704005,JUNQUEIRO,AL,20177,0.0,0.0,0.0,0.0,False,sem exportação aos EUA,False,baixa,
2704104,LAGOA DA CANOA,AL,17008,0.0,3867235.0,0.0,0.0,False,sem exportação aos EUA,False,baixa,
2704203,LIMOEIRO DE ANADIA,AL,20414,0.0,0.0,0.0,0.0,False,sem exportação aos EUA,False,baixa,
2704401,MAJOR ISIDORO,AL,15675,0.0,0.0,0.0,0.0,False,sem exportação aos EUA,False,baixa,
2706000,OLIVENÇA,AL,10337,0.0,0.0,0.0,0.0,False,sem exportação aos EUA,False,baixa,
2705903,OLHO D'ÁGUA GRANDE,AL,5133,0.0,0.0,0.0,0.0,False,sem exportação aos EUA,False,baixa,
2705804,OLHO D'ÁGUA DO CASADO,AL,7631,0.0,0.0,0.0,0.0,False,sem exportação aos EUA,False,baixa,
2705705,OLHO D'ÁGUA DAS FLORES,AL,16240,0.0,0.0,0.0,0.0,False,sem exportação aos EUA,False,baixa,
2705606,NOVO LINO,AL,10016,0.0,0.0,0.0,0.0,False,sem exportação aos EUA,False,baixa,
2705507,MURICI,AL,20644,0.0,6921.0,0.0,0.0,False,sem exportação aos EUA,False,baixa,
2705408,MONTEIRÓPOLIS,AL,6417,0.0,0.0,0.0,0.0,False,sem exportação aos EUA,False,baixa,
2705309,MINADOR DO NEGRÃO,AL,5111,0.0,0.0,0.0,0.0,False,sem exportação aos EUA,False,baixa,
2705200,MESSIAS,AL,14073,0.0,41045.0,0.0,0.0,False,sem exportação aos EUA,False,baixa,
2705101,MATRIZ DE CAMARAGIBE,AL,18656,0.0,0.0,0.0,0.0,False,sem exportação aos EUA,False,baixa,
2705002,MATA GRANDE,AL,18418,0.0,0.0,0.0,0.0,False,sem exportação aos EUA,False,baixa,
2704906,MAR VERMELHO,AL,3653,0.0,0.0,0.0,0.0,False,sem exportação aos EUA,False,baixa,
2704807,MARIBONDO,AL,11142,0.0,0.0,0.0,0.0,False,sem exportação aos EUA,False,baixa,
2704609,MARAVILHA,AL,8963,0.0,0.0,0.0,0.0,False,sem exportação aos EUA,False,baixa,
2704500,MARAGOGI,AL,26019,0.0,0.0,0.0,0.0,False,sem exportação aos EUA,False,baixa,
2702108,COLÔNIA LEOPOLDINA,AL,15416,0.0,33102.0,0.0,0.0,False,sem exportação aos EUA,False,baixa,
2701902,CHÃ PRETA,AL,6923,0.0,0.0,0.0,0.0,False,sem exportação aos EUA,False,baixa,
2706208,PALESTINA,AL,4992,0.0,0.0,0.0,0.0,False,sem exportação aos EUA,False,baixa,
1200252,EPITACIOLÂNDIA,AC,14599,0.0,7773116.0,0.0,0.0,False,sem exportação aos EUA,True,média,Amazônia Legal
2706448,PARIPUEIRA,AL,12721,0.0,0.0,0.0,0.0,False,sem exportação aos EUA,False,baixa,
1200054,ASSIS BRASIL,AC,7294,0.0,0.0,0.0,0.0,False,sem exportação aos EUA,True,média,Amazônia Legal
1200385,PLÁCIDO DE CASTRO,AC,12291,0.0,0.0,0.0,0.0,False,sem exportação aos EUA,True,média,Amazônia Legal
1200708,XAPURI,AC,12774,0.0,795752.0,0.0,0.0,False,sem exportação aos EUA,True,média,Amazônia Legal
1200609,TARAUACÁ,AC,29970,0.0,227313.0,0.0,0.0,False,sem exportação aos EUA,True,média,Amazônia Legal
1200302,FEIJÓ,AC,24197,0.0,0.0,0.0,0.0,False,sem exportação aos EUA,True,média,Amazônia Legal
1200013,ACRELÂNDIA,AC,10207,0.0,0.0,0.0,0.0,False,sem exportação aos EUA,True,média,Amazônia Legal
1200328,JORDÃO,AC,5999,0.0,0.0,0.0,0.0,False,sem exportação aos EUA,True,média,Amazônia Legal
2701803,CARNEIROS,AL,7751,0.0,0.0,0.0,0.0,False,sem exportação aos EUA,False,baixa,
1200336,MÂNCIO LIMA,AC,14657,0.0,0.0,0.0,0.0,False,sem exportação aos EUA,True,média,Amazônia Legal
1200427,RODRIGUES ALVES,AC,12185,0.0,0.0,0.0,0.0,False,sem exportação aos EUA,True,média,Amazônia Legal
1200393,PORTO WALTER,AC,8032,0.0,0.0,0.0,0.0,False,sem exportação aos EUA,True,média,Amazônia Legal
1200104,BRASILÉIA,AC,19978,0.0,26660751.0,0.0,0.0,False,sem exportação aos EUA,True,média,Amazônia Legal
1200351,MARECHAL THAUMATURGO,AC,11897,0.0,0.0,0.0,0.0,False,sem exportação aos EUA,True,média,Amazônia Legal
1200435,SANTA ROSA DO PURUS,AC,3927,0.0,0.0,0.0,0.0,False,sem exportação aos EUA,True,média,Amazônia Legal
1200807,PORTO ACRE,AC,14284,0.0,0.0,0.0,0.0,False,sem exportação aos EUA,True,média,Amazônia Legal
2700102,ÁGUA BRANCA,AL,16513,0.0,0.0,0.0,0.0,False,sem exportação aos EUA,False,baixa,
2706422,PARICONHA,AL,9772,0.0,0.0,0.0,0.0,False,sem exportação aos EUA,False,baixa,
2700201,ANADIA,AL,13090,0.0,0.0,0.0,0.0,False,sem exportação aos EUA,False,baixa,
2702553,ESTRELA DE ALAGOAS,AL,13040,0.0,0.0,0.0,0.0,False,sem exportação aos EUA,False,baixa,
2701704,CAPELA,AL,12900,0.0,0.0,0.0,0.0,False,sem exportação aos EUA,False,baixa,
2701605,CANAPI,AL,14793,0.0,0.0,0.0,0.0,False,sem exportação aos EUA,False,baixa,
2701506,CAMPO GRANDE,AL,9154,0.0,0.0,0.0,0.0,False,sem exportação aos EUA,False,baixa,
2701407,CAMPO ALEGRE,AL,27042,0.0,906459.0,0.0,0.0,False,sem exportação aos EUA,False,baixa,
2701308,CAJUEIRO,AL,14474,0.0,0.0,0.0,0.0,False,sem exportação aos EUA,False,baixa,
2701209,CACIMBINHAS,AL,8774,0.0,0.0,0.0,0.0,False,sem exportação aos EUA,False,baixa,
2701100,BRANQUINHA,AL,9119,0.0,0.0,0.0,0.0,False,sem exportação aos EUA,False,baixa,
2701001,BOCA DA MATA,AL,19738,0.0,4637623.0,0.0,0.0,False,sem exportação aos EUA,False,baixa,
2700904,BELO MONTE,AL,6030,0.0,0.0,0.0,0.0,False,sem exportação aos EUA,False,baixa,
2700805,BELÉM,AL,5054,0.0,0.0,0.0,0.0,False,sem exportação aos EUA,False,baixa,
2700706,BATALHA,AL,13574,0.0,0.0,0.0,0.0,False,sem exportação aos EUA,False,baixa,
2700607,BARRA DE SÃO MIGUEL,AL,8063,0.0,0.0,0.0,0.0,False,sem exportação aos EUA,False,baixa,
2700508,BARRA DE SANTO ANTÔNIO,AL,14944,0.0,0.0,0.0,0.0,False,sem exportação aos EUA,False,baixa,
2701357,CAMPESTRE,AL,6077,0.0,0.0,0.0,0.0,False,sem exportação aos EUA,False,baixa,
2703759,JEQUIÁ DA PRAIA,AL,8245,0.0,0.0,0.0,0.0,False,sem exportação aos EUA,False,baixa,
2706109,OURO BRANCO,AL,10029,0.0,0.0,0.0,0.0,False,sem exportação aos EUA,False,baixa,
2706307,PALMEIRA DOS ÍNDIOS,AL,54544,0.0,0.0,0.0,0.0,False,sem exportação aos EUA,False,baixa,
1300680,BOA VISTA DO RAMOS,AM,13666,0.0,0.0,0.0,0.0,False,sem exportação aos EUA,True,média,Amazônia Legal
1301506,ENVIRA,AM,10870,0.0,0.0,0.0,0.0,False,sem exportação aos EUA,True,média,Amazônia Legal
1302207,JURUÁ,AM,7620,0.0,0.0,0.0,0.0,False,sem exportação aos EUA,True,média,Amazônia Legal
1302108,JAPURÁ,AM,5709,0.0,0.0,0.0,0.0,False,sem exportação aos EUA,True,média,Amazônia Legal
1302009,ITAPIRANGA,AM,9689,0.0,0.0,0.0,0.0,False,sem exportação aos EUA,True,média,Amazônia Legal
1301803,IPIXUNA,AM,11575,0.0,0.0,0.0,0.0,False,sem exportação aos EUA,True,média,Amazônia Legal
1303601,SANTA ISABEL DO RIO NEGRO,AM,9379,0.0,0.0,0.0,0.0,False,sem exportação aos EUA,True,média,Amazônia Legal
1301704,HUMAITÁ,AM,34907,0.0,0.0,0.0,0.0,False,sem exportação aos EUA,True,média,Amazônia Legal
1301605,FONTE BOA,AM,17120,0.0,0.0,0.0,0.0,False,sem exportação aos EUA,True,média,Amazônia Legal
1301407,EIRUNEPÉ,AM,22838,0.0,0.0,0.0,0.0,False,sem exportação aos EUA,True,média,Amazônia Legal
1300409,BARCELOS,AM,12648,0.0,0.0,0.0,0.0,False,sem exportação aos EUA,True,média,Amazônia Legal
1301308,CODAJÁS,AM,17092,0.0,0.0,0.0,0.0,False,sem exportação aos EUA,True,média,Amazônia Legal
1301100,CAREIRO,AM,27452,0.0,0.0,0.0,0.0,False,sem exportação aos EUA,True,média,Amazônia Legal
1301001,CARAUARI,AM,20927,0.0,60040.0,0.0,0.0,False,sem exportação aos EUA,True,média,Amazônia Legal
1300904,CANUTAMA,AM,10740,0.0,0.0,0.0,0.0,False,sem exportação aos EUA,True,média,Amazônia Legal
1300805,BORBA,AM,24462,0.0,29894.0,0.0,0.0,False,sem exportação aos EUA,True,média,Amazônia Legal
1300706,BOCA DO ACRE,AM,23223,0.0,462641.0,0.0,0.0,False,sem exportação aos EUA,True,média,Amazônia Legal
1300607,BENJAMIN CONSTANT,AM,24218,0.0,0.0,0.0,0.0,False,sem exportação aos EUA,True,média,Amazônia Legal
1302306,JUTAÍ,AM,15903,0.0,0.0,0.0,0.0,False,sem exportação aos EUA,True,média,Amazônia Legal
1302405,LÁBREA,AM,29351,0.0,0.0,0.0,0.0,False,sem exportação aos EUA,True,média,Amazônia Legal
1302702,MANICORÉ,AM,33789,0.0,0.0,0.0,0.0,False,sem exportação aos EUA,True,média,Amazônia Legal
1302801,MARAÃ,AM,9995,0.0,0.0,0.0,0.0,False,sem exportação aos EUA,True,média,Amazônia Legal
1300631,BERURI,AM,15139,0.0,0.0,0.0,0.0,False,sem exportação aos EUA,True,média,Amazônia Legal
1300086,ANAMÃ,AM,9177,0.0,0.0,0.0,0.0,False,sem exportação aos EUA,True,média,Amazônia Legal
1300060,AMATURÁ,AM,7522,0.0,0.0,0.0,0.0,False,sem exportação aos EUA,True,média,Amazônia Legal
1300029,ALVARÃES,AM,12444,0.0,0.0,0.0,0.0,False,sem exportação aos EUA,True,média,Amazônia Legal
1304401,URUCURITUBA,AM,14200,0.0,0.0,0.0,0.0,False,sem exportação aos EUA,True,média,Amazônia Legal
1304302,URUCARÁ,AM,12648,0.0,539751.0,0.0,0.0,False,sem exportação aos EUA,True,média,Amazônia Legal
1303809,SÃO GABRIEL DA CACHOEIRA,AM,32420,0.0,28653.0,0.0,0.0,False,sem exportação aos EUA,True,média,Amazônia Legal
1304104,TAPAUÁ,AM,14621,0.0,365207.0,0.0,0.0,False,sem exportação aos EUA,True,média,Amazônia Legal
1303908,SÃO PAULO DE OLIVENÇA,AM,21421,0.0,0.0,0.0,0.0,False,sem exportação aos EUA,True,média,Amazônia Legal
1303700,SANTO ANTÔNIO DO IÇÁ,AM,18469,0.0,0.0,0.0,0.0,False,sem exportação aos EUA,True,média,Amazônia Legal
1303502,PAUINI,AM,11565,0.0,0.0,0.0,0.0,False,sem exportação aos EUA,True,média,Amazônia Legal
1303403,PARINTINS,AM,73020,0.0,215405.0,0.0,0.0,False,sem exportação aos EUA,True,média,Amazônia Legal
1303304,NOVO ARIPUANÃ,AM,13283,0.0,0.0,0.0,0.0,False,sem exportação aos EUA,True,média,Amazônia Legal
1303007,NHAMUNDÁ,AM,15833,0.0,0.0,0.0,0.0,False,sem exportação aos EUA,True,média,Amazônia Legal
1302900,MAUÉS,AM,38063,0.0,86000.0,0.0,0.0,False,sem exportação aos EUA,True,média,Amazônia Legal
1300508,BARREIRINHA,AM,22727,0.0,0.0,0.0,0.0,False,sem exportação aos EUA,True,média,Amazônia Legal
1300300,AUTAZES,AM,32340,0.0,1.0,0.0,0.0,False,sem exportação aos EUA,True,média,Amazônia Legal
2706406,PÃO DE AÇÚCAR,AL,18843,0.0,0.0,0.0,0.0,False,sem exportação aos EUA,False,baixa,
2707305,PORTO CALVO,AL,21598,0.0,0.0,0.0,0.0,False,sem exportação aos EUA,False,baixa,
2708105,SANTANA DO MUNDAÚ,AL,9415,0.0,0.0,0.0,0.0,False,sem exportação aos EUA,False,baixa,
2708006,SANTANA DO IPANEMA,AL,33109,0.0,0.0,0.0,0.0,False,sem exportação aos EUA,False,baixa,
2707909,SANTA LUZIA DO NORTE,AL,6471,0.0,0.0,0.0,0.0,False,sem exportação aos EUA,False,baixa,
2707800,ROTEIRO,AL,5776,0.0,0.0,0.0,0.0,False,sem exportação aos EUA,False,baixa,
2707602,QUEBRANGULO,AL,10425,0.0,0.0,0.0,0.0,False,sem exportação aos EUA,False,baixa,
2707503,PORTO REAL DO COLÉGIO,AL,17563,0.0,0.0,0.0,0.0,False,sem exportação aos EUA,False,baixa,
2707404,PORTO DE PEDRAS,AL,8457,0.0,0.0,0.0,0.0,False,sem exportação aos EUA,False,baixa,
2707206,POÇO DAS TRINCHEIRAS,AL,11257,0.0,0.0,0.0,0.0,False,sem exportação aos EUA,False,baixa,
1300201,ATALAIA DO NORTE,AM,9508,0.0,0.0,0.0,0.0,False,sem exportação aos EUA,True,média,Amazônia Legal
2707107,PIRANHAS,AL,20101,0.0,0.0,0.0,0.0,False,sem exportação aos EUA,False,baixa,
2707008,PINDOBA,AL,2895,0.0,0.0,0.0,0.0,False,sem exportação aos EUA,False,baixa,
2706901,PILAR,AL,29494,0.0,0.0,0.0,0.0,False,sem exportação aos EUA,False,baixa,
2706802,PIAÇABUÇU,AL,13930,0.0,0.0,0.0,0.0,False,sem exportação aos EUA,False,baixa,
2706703,PENEDO,AL,44742,0.0,1585.0,0.0,0.0,False,sem exportação aos EUA,False,baixa,
2706604,PAULO JACINTO,AL,6620,0.0,0.0,0.0,0.0,False,sem exportação aos EUA,False,baixa,
2706505,PASSO DE CAMARAGIBE,AL,12513,0.0,0.0,0.0,0.0,False,sem exportação aos EUA,False,baixa,
2708204,SÃO BRÁS,AL,7353,0.0,0.0,0.0,0.0,False,sem exportação aos EUA,False,baixa,
2708303,SÃO JOSÉ DA LAJE,AL,17824,0.0,48476835.0,0.0,0.0,False,sem exportação aos EUA,False,baixa,
2708402,SÃO JOSÉ DA TAPERA,AL,23495,0.0,0.0,0.0,0.0,False,sem exportação aos EUA,False,baixa,
2708501,SÃO LUÍS DO QUITUNDE,AL,23573,0.0,89796014.0,0.0,0.0,False,sem exportação aos EUA,False,baixa,
1301159,CAREIRO DA VÁRZEA,AM,18436,0.0,0.0,0.0,0.0,False,sem exportação aos EUA,True,média,Amazônia Legal
1300102,ANORI,AM,11109,0.0,0.0,0.0,0.0,False,sem exportação aos EUA,True,média,Amazônia Legal
1301654,GUAJARÁ,AM,12171,0.0,0.0,0.0,0.0,False,sem exportação aos EUA,True,média,Amazônia Legal
1303205,NOVO AIRÃO,AM,13332,0.0,0.0,0.0,0.0,False,sem exportação aos EUA,True,média,Amazônia Legal
1300144,APUÍ,AM,11540,0.0,0.0,0.0,0.0,False,sem exportação aos EUA,True,média,Amazônia Legal
2708956,SENADOR RUI PALMEIRA,AL,9681,0.0,0.0,0.0,0.0,False,sem exportação aos EUA,False,baixa,
2702355,CRAÍBAS,AL,21887,0.0,225505658.0,0.0,0.0,False,sem exportação aos EUA,False,baixa,
2709400,VIÇOSA,AL,20902,0.0,0.0,0.0,0.0,False,sem exportação aos EUA,False,baixa,
2709301,UNIÃO DOS PALMARES,AL,48373,0.0,0.0,0.0,0.0,False,sem exportação aos EUA,False,baixa,
2709202,TRAIPU,AL,19176,0.0,0.0,0.0,0.0,False,sem exportação aos EUA,False,baixa,
2709103,TAQUARANA,AL,15528,0.0,0.0,0.0,0.0,False,sem exportação aos EUA,False,baixa,
2709004,TANQUE D'ARCA,AL,6000,0.0,0.0,0.0,0.0,False,sem exportação aos EUA,False,baixa,
2708907,SATUBA,AL,15433,0.0,0.0,0.0,0.0,False,sem exportação aos EUA,False,baixa,
2708808,SÃO SEBASTIÃO,AL,27082,0.0,0.0,0.0,0.0,False,sem exportação aos EUA,False,baixa,
2708709,SÃO MIGUEL DOS MILAGRES,AL,8255,0.0,0.0,0.0,0.0,False,sem exportação aos EUA,False,baixa,
2912202,IBICOARA,BA,15956,0.0,0.0,0.0,0.0,False,sem exportação aos EUA,False,baixa,
2912301,IBICUÍ,BA,11456,0.0,0.0,0.0,0.0,False,sem exportação aos EUA,False,baixa,
2912400,IBIPEBA,BA,13655,0.0,0.0,0.0,0.0,False,sem exportação aos EUA,False,baixa,
2919959,MAETINGA,BA,6722,0.0,0.0,0.0,0.0,False,sem exportação aos EUA,False,baixa,
2928059,SANTA LUZIA,BA,9034,0.0,81193.0,0.0,0.0,False,sem exportação aos EUA,False,baixa,
2925956,RAFAEL JAMBEIRO,BA,19049,0.0,0.0,0.0,0.0,False,sem exportação aos EUA,False,baixa,
2925931,QUIXABEIRA,BA,8784,0.0,0.0,0.0,0.0,False,sem exportação aos EUA,False,baixa,
2924652,PINTADAS,BA,8931,0.0,108864.0,0.0,0.0,False,sem exportação aos EUA,False,baixa,
2924058,PÉ DE SERRA,BA,12191,0.0,0.0,0.0,0.0,False,sem exportação aos EUA,False,baixa,
2922656,NORDESTINA,BA,10580,0.0,16284206.0,0.0,0.0,False,sem exportação aos EUA,False,baixa,
2920452,MANSIDÃO,BA,10491,0.0,0.0,0.0,0.0,False,sem exportação aos EUA,False,baixa,
2933604,XIQUE-XIQUE,BA,35384,0.0,155727.0,0.0,0.0,False,sem exportação aos EUA,False,baixa,
2932606,URANDI,BA,13766,0.0,0.0,0.0,0.0,False,sem exportação aos EUA,False,baixa,
2933505,WENCESLAU GUIMARÃES,BA,16675,0.0,0.0,0.0,0.0,False,sem exportação aos EUA,False,baixa,
2933406,WAGNER,BA,6804,0.0,0.0,0.0,0.0,False,sem exportação aos EUA,False,baixa,
2933257,VEREDA,BA,6714,0.0,0.0,0.0,0.0,False,sem exportação aos EUA,False,baixa,
2933208,VERA CRUZ,BA,36715,0.0,0.0,0.0,0.0,False,sem exportação aos EUA,False,baixa,
2933174,VARZEDO,BA,9468,0.0,0.0,0.0,0.0,False,sem exportação aos EUA,False,baixa,
2933109,VÁRZEA DO POÇO,BA,7284,0.0,0.0,0.0,0.0,False,sem exportação aos EUA,False,baixa,
2932804,UTINGA,BA,13057,0.0,76801.0,0.0,0.0,False,sem exportação aos EUA,False,baixa,
2929255,SÃO GABRIEL,BA,16440,0.0,989973.0,0.0,0.0,False,sem exportação aos EUA,False,baixa,
2930766,SÍTIO DO QUINTO,BA,9929,0.0,0.0,0.0,0.0,False,sem exportação aos EUA,False,baixa,
2931053,TANQUE NOVO,BA,14688,0.0,0.0,0.0,0.0,False,sem exportação aos EUA,False,baixa,
2929354,SÃO JOSÉ DA VITÓRIA,BA,5258,0.0,0.0,0.0,0.0,False,sem exportação aos EUA,False,baixa,
2300507,ALCÂNTARAS,CE,10265,0.0,0.0,0.0,0.0,False,sem exportação aos EUA,False,baixa,
2313559,TURURU,CE,15653,0.0,0.0,0.0,0.0,False,sem exportação aos EUA,False,baixa,
2300408,AIUABA,CE,11440,0.0,0.0,0.0,0.0,False,sem exportação aos EUA,False,baixa,
2304657,GRAÇA,CE,12854,0.0,0.0,0.0,0.0,False,sem exportação aos EUA,False,baixa,
2300309,ACOPIARA,CE,38571,0.0,0.0,0.0,0.0,False,sem exportação aos EUA,False,baixa,
2310951,PIRES FERREIRA,CE,8610,0.0,0.0,0.0,0.0,False,sem exportação aos EUA,False,baixa,
2307635,MADALENA,CE,14764,0.0,0.0,0.0,0.0,False,sem exportação aos EUA,False,baixa,
2300101,ABAIARA,CE,7775,0.0,0.0,0.0,0.0,False,sem exportação aos EUA,False,baixa,
2307254,JIJOCA DE JERICOACOARA,CE,21575,0.0,0.0,0.0,0.0,False,sem exportação aos EUA,False,baixa,
2933455,WANDERLEY,BA,10702,0.0,0.0,0.0,0.0,False,sem exportação aos EUA,False,baixa,
2930774,SOBRADINHO,BA,20427,0.0,0.0,0.0,0.0,False,sem exportação aos EUA,False,baixa,
2933059,VÁRZEA DA ROÇA,BA,10928,0.0,0.0,0.0,0.0,False,sem exportação aos EUA,False,baixa,
2922755,NOVA IBIÁ,BA,5509,0.0,0.0,0.0,0.0,False,sem exportação aos EUA,False,baixa,
2933158,VÁRZEA NOVA,BA,10874,0.0,2408.0,0.0,0.0,False,sem exportação aos EUA,False,baixa,
2923035,NOVO HORIZONTE,BA,9200,0.0,30342.0,0.0,0.0,False,sem exportação aos EUA,False,baixa,
2932705,URUÇUCA,BA,18222,0.0,54338.0,0.0,0.0,False,sem exportação aos EUA,False,baixa,
2932457,UMBURANAS,BA,11651,0.0,0.0,0.0,0.0,False,sem exportação aos EUA,False,baixa,
2300606,ALTANEIRA,CE,6949,0.0,0.0,0.0,0.0,False,sem exportação aos EUA,False,baixa,
2929800,SAÚDE,BA,9154,0.0,0.0,0.0,0.0,False,sem exportação aos EUA,False,baixa,
2930402,SERRA PRETA,BA,17262,0.0,0.0,0.0,0.0,False,sem exportação aos EUA,False,baixa,
2930303,SERRA DOURADA,BA,15281,0.0,0.0,0.0,0.0,False,sem exportação aos EUA,False,baixa,
2930154,SERRA DO RAMALHO,BA,26065,0.0,0.0,0.0,0.0,False,sem exportação aos EUA,False,baixa,
2930204,SENTO SÉ,BA,30127,0.0,24505177.0,0.0,0.0,False,sem exportação aos EUA,False,baixa,
2930105,SENHOR DO BONFIM,BA,53709,0.0,0.0,0.0,0.0,False,sem exportação aos EUA,False,baixa,
2930006,SEBASTIÃO LARANJEIRAS,BA,7218,0.0,0.0,0.0,0.0,False,sem exportação aos EUA,False,baixa,
2929909,SEABRA,BA,35799,0.0,49325.0,0.0,0.0,False,sem exportação aos EUA,False,baixa,
2929750,SAUBARA,BA,13374,0.0,0.0,0.0,0.0,False,sem exportação aos EUA,False,baixa,
2932408,UIBAÍ,BA,12012,0.0,0.0,0.0,0.0,False,sem exportação aos EUA,False,baixa,
2929602,SAPEAÇU,BA,16207,0.0,0.0,0.0,0.0,False,sem exportação aos EUA,False,baixa,
2929503,SÃO SEBASTIÃO DO PASSÉ,BA,34046,0.0,51256.0,0.0,0.0,False,sem exportação aos EUA,False,baixa,
2929404,SÃO MIGUEL DAS MATAS,BA,9030,0.0,0.0,0.0,0.0,False,sem exportação aos EUA,False,baixa,
2929370,SÃO JOSÉ DO JACUÍPE,BA,8830,0.0,107.0,0.0,0.0,False,sem exportação aos EUA,False,baixa,
2929305,SÃO GONÇALO DOS CAMPOS,BA,30041,0.0,13171989.0,0.0,0.0,False,sem exportação aos EUA,False,baixa,
2929057,SÃO FÉLIX DO CORIBE,BA,12580,0.0,0.0,0.0,0.0,False,sem exportação aos EUA,False,baixa,
2929107,SÃO FELIPE,BA,17802,0.0,0.0,0.0,0.0,False,sem exportação aos EUA,False,baixa,
2930501,SERRINHA,BA,63689,0.0,136357.0,0.0,0.0,False,sem exportação aos EUA,False,baixa,
2930600,SERROLÂNDIA,BA,11033,0.0,0.0,0.0,0.0,False,sem exportação aos EUA,False,baixa,
2930758,SÍTIO DO MATO,BA,11257,0.0,0.0,0.0,0.0,False,sem exportação aos EUA,False,baixa,
2930808,SOUTO SOARES,BA,14232,0.0,0.0,0.0,0.0,False,sem exportação aos EUA,False,baixa,
2932309,UBATÃ,BA,11980,0.0,0.0,0.0,0.0,False,sem exportação aos EUA,False,baixa,
2932200,UBAITABA,BA,14272,0.0,0.0,0.0,0.0,False,sem exportação aos EUA,False,baixa,
2932101,UBAÍRA,BA,15896,0.0,14123.0,0.0,0.0,False,sem exportação aos EUA,False,baixa,
2932002,UAUÁ,BA,22079,0.0,57460.0,0.0,0.0,False,sem exportação aos EUA,False,baixa,
2931905,TUCANO,BA,41771,0.0,143661.0,0.0,0.0,False,sem exportação aos EUA,False,baixa,
2931806,TREMEDAL,BA,15421,0.0,0.0,0.0,0.0,False,sem exportação aos EUA,False,baixa,
2931707,TERRA NOVA,BA,10480,0.0,0.0,0.0,0.0,False,sem exportação aos EUA,False,baixa,
2931608,TEOLÂNDIA,BA,11256,0.0,0.0,0.0,0.0,False,sem exportação aos EUA,False,baixa,
2931509,TEOFILÂNDIA,BA,18692,0.0,0.0,0.0,0.0,False,sem exportação aos EUA,False,baixa,
2931400,TEODORO SAMPAIO,BA,6868,0.0,0.0,0.0,0.0,False,sem exportação aos EUA,False,baixa,
2931301,TAPIRAMUTÁ,BA,11283,0.0,0.0,0.0,0.0,False,sem exportação aos EUA,False,baixa,
2931202,TAPEROÁ,BA,14359,0.0,7818085.0,0.0,0.0,False,sem exportação aos EUA,False,baixa,
2931103,TANQUINHO,BA,7717,0.0,0.0,0.0,0.0,False,sem exportação aos EUA,False,baixa,
2931004,TANHAÇU,BA,17984,0.0,31770.0,0.0,0.0,False,sem exportação aos EUA,False,baixa,
2930907,TABOCAS DO BREJO VELHO,BA,11241,0.0,0.0,0.0,0.0,False,sem exportação aos EUA,False,baixa,
2311264,QUITERIANÓPOLIS,CE,16987,0.0,0.0,0.0,0.0,False,sem exportação aos EUA,False,baixa,
2301950,BARREIRA,CE,19586,0.0,256950.0,0.0,0.0,False,sem exportação aos EUA,False,baixa,
2929008,SÃO FÉLIX,BA,10118,0.0,469500.0,0.0,0.0,False,sem exportação aos EUA,False,baixa,
2305001,GUARACIABA DO NORTE,CE,34685,0.0,0.0,0.0,0.0,False,sem exportação aos EUA,False,baixa,
2305704,IPAUMIRIM,CE,9459,0.0,0.0,0.0,0.0,False,sem exportação aos EUA,False,baixa,
2305605,INDEPENDÊNCIA,CE,21208,0.0,0.0,0.0,0.0,False,sem exportação aos EUA,False,baixa,
2305407,ICÓ,CE,51307,0.0,869795.0,0.0,0.0,False,sem exportação aos EUA,False,baixa,
2305308,IBIAPINA,CE,20158,0.0,0.0,0.0,0.0,False,sem exportação aos EUA,False,baixa,
2305266,IBARETAMA,CE,13532,0.0,0.0,0.0,0.0,False,sem exportação aos EUA,False,baixa,
2305209,HIDROLÂNDIA,CE,16000,0.0,0.0,0.0,0.0,False,sem exportação aos EUA,False,baixa,
2305100,GUARAMIRANGA,CE,6646,0.0,0.0,0.0,0.0,False,sem exportação aos EUA,False,baixa,
2304905,GROAÍRAS,CE,9842,0.0,0.0,0.0,0.0,False,sem exportação aos EUA,False,baixa,
2303600,CATARINA,CE,9892,0.0,0.0,0.0,0.0,False,sem exportação aos EUA,False,baixa,
2304806,GRANJEIRO,CE,6328,0.0,0.0,0.0,0.0,False,sem exportação aos EUA,False,baixa,
2304707,GRANJA,CE,44060,0.0,699882.0,0.0,0.0,False,sem exportação aos EUA,False,baixa,
2304608,GENERAL SAMPAIO,CE,8274,0.0,0.0,0.0,0.0,False,sem exportação aos EUA,False,baixa,
2304509,FRECHEIRINHA,CE,13849,0.0,3255.0,0.0,0.0,False,sem exportação aos EUA,False,baixa,
2304301,FARIAS BRITO,CE,17579,0.0,0.0,0.0,0.0,False,sem exportação aos EUA,False,baixa,
2304103,CRATEÚS,CE,60099,0.0,0.0,0.0,0.0,False,sem exportação aos EUA,False,baixa,
2303907,CHAVAL,CE,10966,0.0,0.0,0.0,0.0,False,sem exportação aos EUA,False,baixa,
2305803,IPU,CE,33130,0.0,0.0,0.0,0.0,False,sem exportação aos EUA,False,baixa,
2305902,IPUEIRAS,CE,30943,0.0,0.0,0.0,0.0,False,sem exportação aos EUA,False,baixa,
2306009,IRACEMA,CE,12096,0.0,0.0,0.0,0.0,False,sem exportação aos EUA,False,baixa,
2306108,IRAUÇUBA,CE,19467,0.0,0.0,0.0,0.0,False,sem exportação aos EUA,False,baixa,
2308203,MERUOCA,CE,13277,0.0,0.0,0.0,0.0,False,sem exportação aos EUA,False,baixa,
2308104,MAURITI,CE,36552,0.0,0.0,0.0,0.0,False,sem exportação aos EUA,False,baixa,
2308005,MASSAPÊ,CE,31825,0.0,2453160.0,0.0,0.0,False,sem exportação aos EUA,False,baixa,
2307908,MARTINÓPOLE,CE,10730,0.0,0.0,0.0,0.0,False,sem exportação aos EUA,False,baixa,
2307601,LIMOEIRO DO NORTE,CE,46944,0.0,4490538.0,0.0,0.0,False,sem exportação aos EUA,False,baixa,
2307502,LAVRAS DA MANGABEIRA,CE,24134,0.0,0.0,0.0,0.0,False,sem exportação aos EUA,False,baixa,
2307205,JATI,CE,7093,0.0,0.0,0.0,0.0,False,sem exportação aos EUA,False,baixa,
2307106,JARDIM,CE,22592,0.0,0.0,0.0,0.0,False,sem exportação aos EUA,False,baixa,
2306900,JAGUARIBE,CE,29394,0.0,104226.0,0.0,0.0,False,sem exportação aos EUA,False,baixa,
2306801,JAGUARIBARA,CE,8993,0.0,0.0,0.0,0.0,False,sem exportação aos EUA,False,baixa,
2306702,JAGUARETAMA,CE,15538,0.0,0.0,0.0,0.0,False,sem exportação aos EUA,False,baixa,
2306603,ITATIRA,CE,19602,0.0,0.0,0.0,0.0,False,sem exportação aos EUA,False,baixa,
2306504,ITAPIÚNA,CE,16385,0.0,0.0,0.0,0.0,False,sem exportação aos EUA,False,baixa,
2306306,ITAPAJÉ,CE,39662,0.0,0.0,0.0,0.0,False,sem exportação aos EUA,False,baixa,
2306207,ITAIÇABA,CE,7213,0.0,0.0,0.0,0.0,False,sem exportação aos EUA,False,baixa,
2303808,CEDRO,CE,20348,0.0,0.0,0.0,0.0,False,sem exportação aos EUA,False,baixa,
2303501,CASCAVEL,CE,60466,0.0,12216173.0,0.0,0.0,False,sem exportação aos EUA,False,baixa,
2300705,ALTO SANTO,CE,12108,0.0,0.0,0.0,0.0,False,sem exportação aos EUA,False,baixa,
2310852,PINDORETAMA,CE,21261,0.0,0.0,0.0,0.0,False,sem exportação aos EUA,False,baixa,
2301802,BAIXIO,CE,5464,0.0,0.0,0.0,0.0,False,sem exportação aos EUA,False,baixa,
2305654,IPAPORANGA,CE,10349,0.0,0.0,0.0,0.0,False,sem exportação aos EUA,False,baixa,
2301703,AURORA,CE,20292,0.0,0.0,0.0,0.0,False,sem exportação aos EUA,False,baixa,
2313351,TEJUÇUOCA,CE,15973,0.0,0.0,0.0,0.0,False,sem exportação aos EUA,False,baixa,
2301604,ASSARÉ,CE,18914,0.0,0.0,0.0,0.0,False,sem exportação aos EUA,False,baixa,
2309458,OCARA,CE,25191,0.0,0.0,0.0,0.0,False,sem exportação aos EUA,False,baixa,
2301505,ARNEIROZ,CE,6939,0.0,0.0,0.0,0.0,False,sem exportação aos EUA,False,baixa,
2301406,ARATUBA,CE,12289,0.0,0.0,0.0,0.0,False,sem exportação aos EUA,False,baixa,
2303402,CARNAUBAL,CE,14575,0.0,0.0,0.0,0.0,False,sem exportação aos EUA,False,baixa,
2311231,POTIRETAMA,CE,5834,0.0,0.0,0.0,0.0,False,sem exportação aos EUA,False,baixa,
2304954,GUAIÚBA,CE,20884,0.0,0.0,0.0,0.0,False,sem exportação aos EUA,False,baixa,
2301208,ARACOIABA,CE,24943,0.0,0.0,0.0,0.0,False,sem exportação aos EUA,False,baixa,
2304277,ERERÉ,CE,5605,0.0,0.0,0.0,0.0,False,sem exportação aos EUA,False,baixa,
2300903,APUIARÉS,CE,12696,0.0,0.0,0.0,0.0,False,sem exportação aos EUA,False,baixa,
2303956,CHOROZINHO,CE,18301,0.0,0.0,0.0,0.0,False,sem exportação aos EUA,False,baixa,
2300804,ANTONINA DO NORTE,CE,7089,0.0,0.0,0.0,0.0,False,sem exportação aos EUA,False,baixa,
2313252,TARRAFAS,CE,7393,0.0,0.0,0.0,0.0,False,sem exportação aos EUA,False,baixa,
2302008,BARRO,CE,17005,0.0,0.0,0.0,0.0,False,sem exportação aos EUA,False,baixa,
2302057,BARROQUINHA,CE,15207,0.0,0.0,0.0,0.0,False,sem exportação aos EUA,False,baixa,
2302107,BATURITÉ,CE,28552,0.0,0.0,0.0,0.0,False,sem exportação aos EUA,False,baixa,
2303303,CARIÚS,CE,15846,0.0,0.0,0.0,0.0,False,sem exportação aos EUA,False,baixa,
2303204,CARIRIAÇU,CE,24954,0.0,0.0,0.0,0.0,False,sem exportação aos EUA,False,baixa,
2303105,CARIRÉ,CE,15391,0.0,1232271.0,0.0,0.0,False,sem exportação aos EUA,False,baixa,
2303006,CARIDADE,CE,17474,0.0,0.0,0.0,0.0,False,sem exportação aos EUA,False,baixa,
2302909,CAPISTRANO,CE,16205,0.0,0.0,0.0,0.0,False,sem exportação aos EUA,False,baixa,
2302701,CAMPOS SALES,CE,20555,0.0,0.0,0.0,0.0,False,sem exportação aos EUA,False,baixa,
2304459,FORTIM,CE,17196,0.0,104697.0,0.0,0.0,False,sem exportação aos EUA,False,baixa,
2302503,BREJO SANTO,CE,36964,0.0,2406375.0,0.0,0.0,False,sem exportação aos EUA,False,baixa,
2306256,ITAITINGA,CE,38235,0.0,0.0,0.0,0.0,False,sem exportação aos EUA,False,baixa,
2302404,BOA VIAGEM,CE,42595,0.0,0.0,0.0,0.0,False,sem exportação aos EUA,False,baixa,
2303931,CHORÓ,CE,11642,0.0,0.0,0.0,0.0,False,sem exportação aos EUA,False,baixa,
2302305,BELA CRUZ,CE,21553,0.0,0.0,0.0,0.0,False,sem exportação aos EUA,False,baixa,
2303659,CATUNDA,CE,9313,0.0,0.0,0.0,0.0,False,sem exportação aos EUA,False,baixa,
2302206,BEBERIBE,CE,46979,0.0,14266059.0,0.0,0.0,False,sem exportação aos EUA,False,baixa,
2301257,ARARENDÁ,CE,9705,0.0,0.0,0.0,0.0,False,sem exportação aos EUA,False,baixa,
2928950,SÃO DOMINGOS,BA,7986,0.0,0.0,0.0,0.0,False,sem exportação aos EUA,False,baixa,
2928901,SÃO DESIDÉRIO,BA,28595,0.0,159823310.0,0.0,0.0,False,sem exportação aos EUA,False,baixa,
2928406,SANTA RITA DE CÁSSIA,BA,22965,0.0,3.0,0.0,0.0,False,sem exportação aos EUA,False,baixa,
2917508,JACOBINA,BA,61665,0.0,647659992.0,0.0,0.0,False,sem exportação aos EUA,False,baixa,
2918456,JUCURUÇU,BA,8448,0.0,0.0,0.0,0.0,False,sem exportação aos EUA,False,baixa,
2918308,JITAÚNA,BA,12992,0.0,0.0,0.0,0.0,False,sem exportação aos EUA,False,baixa,
2918209,JIQUIRIÇÁ,BA,11479,0.0,0.0,0.0,0.0,False,sem exportação aos EUA,False,baixa,
2918100,JEREMOABO,BA,29071,0.0,46822.0,0.0,0.0,False,sem exportação aos EUA,False,baixa,
2917904,JANDAÍRA,BA,9074,0.0,1012.0,0.0,0.0,False,sem exportação aos EUA,False,baixa,
2917805,JAGUARIPE,BA,15393,0.0,112726.0,0.0,0.0,False,sem exportação aos EUA,False,baixa,
2917607,JAGUAQUARA,BA,35855,0.0,0.0,0.0,0.0,False,sem exportação aos EUA,False,baixa,
2917409,JACARACI,BA,11808,0.0,0.0,0.0,0.0,False,sem exportação aos EUA,False,baixa,
2916609,ITAPITANGA,BA,5934,0.0,0.0,0.0,0.0,False,sem exportação aos EUA,False,baixa,
2917300,ITUBERÁ,BA,17839,0.0,1985867.0,0.0,0.0,False,sem exportação aos EUA,False,baixa,
2917201,ITUAÇU,BA,15600,0.0,0.0,0.0,0.0,False,sem exportação aos EUA,False,baixa,
2917102,ITORORÓ,BA,16355,0.0,0.0,0.0,0.0,False,sem exportação aos EUA,False,baixa,
2917003,ITIÚBA,BA,27758,0.0,0.0,0.0,0.0,False,sem exportação aos EUA,False,baixa,
2916906,ITIRUÇU,BA,8937,0.0,0.0,0.0,0.0,False,sem exportação aos EUA,False,baixa,
2916856,ITATIM,BA,12954,0.0,41196.0,0.0,0.0,False,sem exportação aos EUA,False,baixa,
2916807,ITARANTIM,BA,13931,0.0,839407.0,0.0,0.0,False,sem exportação aos EUA,False,baixa,
2918506,JUSSARA,BA,14126,0.0,0.0,0.0,0.0,False,sem exportação aos EUA,False,baixa,
2918605,JUSSIAPE,BA,6499,0.0,0.0,0.0,0.0,False,sem exportação aos EUA,False,baixa,
2918704,LAFAIETE COUTINHO,BA,4471,0.0,0.0,0.0,0.0,False,sem exportação aos EUA,False,baixa,
2918753,LAGOA REAL,BA,10624,0.0,0.0,0.0,0.0,False,sem exportação aos EUA,False,baixa,
2920205,MALHADA,BA,13151,0.0,0.0,0.0,0.0,False,sem exportação aos EUA,False,baixa,
2920106,MAIRI,BA,13826,0.0,0.0,0.0,0.0,False,sem exportação aos EUA,False,baixa,
2920007,MAIQUINIQUE,BA,7260,0.0,431368.0,0.0,0.0,False,sem exportação aos EUA,False,baixa,
2919900,MACURURÉ,BA,6566,0.0,0.0,0.0,0.0,False,sem exportação aos EUA,False,baixa,
2919801,MACAÚBAS,BA,32963,0.0,670416.0,0.0,0.0,False,sem exportação aos EUA,False,baixa,
2919702,MACARANI,BA,12841,0.0,0.0,0.0,0.0,False,sem exportação aos EUA,False,baixa,
2919603,MACAJUBA,BA,10033,0.0,120337.0,0.0,0.0,False,sem exportação aos EUA,False,baixa,
2919504,LIVRAMENTO DE NOSSA SENHORA,BA,34703,0.0,322984.0,0.0,0.0,False,sem exportação aos EUA,False,baixa,
2919405,LICÍNIO DE ALMEIDA,BA,10121,0.0,0.0,0.0,0.0,False,sem exportação aos EUA,False,baixa,
2919306,LENÇÓIS,BA,7895,0.0,24940.0,0.0,0.0,False,sem exportação aos EUA,False,baixa,
2919108,LAMARÃO,BA,8523,0.0,0.0,0.0,0.0,False,sem exportação aos EUA,False,baixa,
2919058,LAJEDO DO TABOCAL,BA,6287,0.0,0.0,0.0,0.0,False,sem exportação aos EUA,False,baixa,
2919009,LAJEDINHO,BA,3619,0.0,0.0,0.0,0.0,False,sem exportação aos EUA,False,baixa,
2918902,LAJEDÃO,BA,4258,0.0,0.0,0.0,0.0,False,sem exportação aos EUA,False,baixa,
2918803,LAJE,BA,20749,0.0,0.0,0.0,0.0,False,sem exportação aos EUA,False,baixa,
2916708,ITAQUARA,BA,6754,0.0,0.0,0.0,0.0,False,sem exportação aos EUA,False,baixa,
2916500,ITAPICURU,BA,23461,0.0,0.0,0.0,0.0,False,sem exportação aos EUA,False,baixa,
2920403,MANOEL VITORINO,BA,13181,0.0,0.0,0.0,0.0,False,sem exportação aos EUA,False,baixa,
2913309,ICHU,BA,6009,0.0,0.0,0.0,0.0,False,sem exportação aos EUA,False,baixa,
2914208,IRAJUBA,BA,5507,0.0,0.0,0.0,0.0,False,sem exportação aos EUA,False,baixa,
2914000,IPIRÁ,BA,47871,0.0,14637.0,0.0,0.0,False,sem exportação aos EUA,False,baixa,
2913903,IPIAÚ,BA,32735,0.0,0.0,0.0,0.0,False,sem exportação aos EUA,False,baixa,
2913804,IPECAETÁ,BA,15029,0.0,0.0,0.0,0.0,False,sem exportação aos EUA,False,baixa,
2913507,IGUAÍ,BA,17709,0.0,0.0,0.0,0.0,False,sem exportação aos EUA,False,baixa,
2913457,IGRAPIÚNA,BA,9050,0.0,49780.0,0.0,0.0,False,sem exportação aos EUA,False,baixa,
2913408,IGAPORÃ,BA,12265,0.0,0.0,0.0,0.0,False,sem exportação aos EUA,False,baixa,
2913200,IBOTIRAMA,BA,21431,0.0,0.0,0.0,0.0,False,sem exportação aos EUA,False,baixa,
2916401,ITAPETINGA,BA,48314,0.0,23035244.0,0.0,0.0,False,sem exportação aos EUA,False,baixa,
2913101,IBITITÁ,BA,15648,0.0,0.0,0.0,0.0,False,sem exportação aos EUA,False,baixa,
2913002,IBITIARA,BA,12093,0.0,437987.0,0.0,0.0,False,sem exportação aos EUA,False,baixa,
2912905,IBIRATAIA,BA,16014,0.0,362830.0,0.0,0.0,False,sem exportação aos EUA,False,baixa,
2912806,IBIRAPUÃ,BA,7516,0.0,0.0,0.0,0.0,False,sem exportação aos EUA,False,baixa,
2912707,IBIRAPITANGA,BA,14359,0.0,0.0,0.0,0.0,False,sem exportação aos EUA,False,baixa,
2912608,IBIQUERA,BA,4187,0.0,0.0,0.0,0.0,False,sem exportação aos EUA,False,baixa,
2912509,IBIPITANGA,BA,13075,0.0,0.0,0.0,0.0,False,sem exportação aos EUA,False,baixa,
2914307,IRAMAIA,BA,8556,0.0,0.0,0.0,0.0,False,sem exportação aos EUA,False,baixa,
2914406,IRAQUARA,BA,19044,0.0,2875307.0,0.0,0.0,False,sem exportação aos EUA,False,baixa,
2914505,IRARÁ,BA,25619,0.0,0.0,0.0,0.0,False,sem exportação aos EUA,False,baixa,
2914604,IRECÊ,BA,51249,0.0,0.0,0.0,0.0,False,sem exportação aos EUA,False,baixa,
2916302,ITAPEBI,BA,8383,0.0,30468.0,0.0,0.0,False,sem exportação aos EUA,False,baixa,
2916203,ITAPÉ,BA,8428,0.0,0.0,0.0,0.0,False,sem exportação aos EUA,False,baixa,
2916104,ITAPARICA,BA,20044,0.0,0.0,0.0,0.0,False,sem exportação aos EUA,False,baixa,
2916005,ITANHÉM,BA,14916,0.0,0.0,0.0,0.0,False,sem exportação aos EUA,False,baixa,
2915908,ITANAGRA,BA,6668,0.0,0.0,0.0,0.0,False,sem exportação aos EUA,False,baixa,
2915809,ITAMBÉ,BA,17831,0.0,284678.0,0.0,0.0,False,sem exportação aos EUA,False,baixa,
2915700,ITAMARI,BA,6100,0.0,0.0,0.0,0.0,False,sem exportação aos EUA,False,baixa,
2915601,ITAMARAJU,BA,45999,0.0,0.0,0.0,0.0,False,sem exportação aos EUA,False,baixa,
2915403,ITAJU DO COLÔNIA,BA,6225,0.0,10512.0,0.0,0.0,False,sem exportação aos EUA,False,baixa,
2915353,ITAGUAÇU DA BAHIA,BA,10842,0.0,0.0,0.0,0.0,False,sem exportação aos EUA,False,baixa,
2915205,ITAGIBÁ,BA,13131,0.0,237384731.0,0.0,0.0,False,sem exportação aos EUA,False,baixa,
2915106,ITAGI,BA,10639,0.0,0.0,0.0,0.0,False,sem exportação aos EUA,False,baixa,
2915007,ITAETÉ,BA,11361,0.0,0.0,0.0,0.0,False,sem exportação aos EUA,False,baixa,
2914901,ITACARÉ,BA,19616,0.0,0.0,0.0,0.0,False,sem exportação aos EUA,False,baixa,
2914703,ITABERABA,BA,48749,0.0,14428018.0,0.0,0.0,False,sem exportação aos EUA,False,baixa,
2920304,MALHADA DE PEDRAS,BA,7896,0.0,0.0,0.0,0.0,False,sem exportação aos EUA,False,baixa,
2920601,MARAGOGIPE,BA,34902,0.0,0.0,0.0,0.0,False,sem exportação aos EUA,False,baixa,
2928703,SANTO ANTÔNIO DE JESUS,BA,77886,0.0,2435850.0,0.0,0.0,False,sem exportação aos EUA,False,baixa,
2925501,PRADO,BA,25814,0.0,4100.0,0.0,0.0,False,sem exportação aos EUA,False,baixa,
2926400,RIACHO DE SANTANA,BA,23737,0.0,0.0,0.0,0.0,False,sem exportação aos EUA,False,baixa,
2926202,RIACHÃO DAS NEVES,BA,19206,0.0,145386052.0,0.0,0.0,False,sem exportação aos EUA,False,baixa,
2926004,REMANSO,BA,32212,0.0,0.0,0.0,0.0,False,sem exportação aos EUA,False,baixa,
2925907,QUIJINGUE,BA,21197,0.0,0.0,0.0,0.0,False,sem exportação aos EUA,False,baixa,
2925808,QUEIMADAS,BA,20515,0.0,0.0,0.0,0.0,False,sem exportação aos EUA,False,baixa,
2925709,PRESIDENTE JÂNIO QUADROS,BA,10674,0.0,0.0,0.0,0.0,False,sem exportação aos EUA,False,baixa,
2925600,PRESIDENTE DUTRA,BA,11979,0.0,0.0,0.0,0.0,False,sem exportação aos EUA,False,baixa,
2925402,POTIRAGUÁ,BA,7860,0.0,0.0,0.0,0.0,False,sem exportação aos EUA,False,baixa,
2924405,PILÃO ARCADO,BA,28531,0.0,0.0,0.0,0.0,False,sem exportação aos EUA,False,baixa,
2925253,PONTO NOVO,BA,15183,0.0,0.0,0.0,0.0,False,sem exportação aos EUA,False,baixa,
2925105,POÇÕES,BA,37374,0.0,0.0,0.0,0.0,False,sem exportação aos EUA,False,baixa,
2925006,PLANALTO,BA,20252,0.0,0.0,0.0,0.0,False,sem exportação aos EUA,False,baixa,
2924900,PLANALTINO,BA,6975,0.0,0.0,0.0,0.0,False,sem exportação aos EUA,False,baixa,
2924801,PIRITIBA,BA,14292,0.0,0.0,0.0,0.0,False,sem exportação aos EUA,False,baixa,
2924702,PIRIPÁ,BA,8923,0.0,0.0,0.0,0.0,False,sem exportação aos EUA,False,baixa,
2924678,PIRAÍ DO NORTE,BA,7100,0.0,0.0,0.0,0.0,False,sem exportação aos EUA,False,baixa,
2926509,RIBEIRA DO AMPARO,BA,12452,0.0,133786.0,0.0,0.0,False,sem exportação aos EUA,False,baixa,
2926608,RIBEIRA DO POMBAL,BA,45064,0.0,0.0,0.0,0.0,False,sem exportação aos EUA,False,baixa,
2926657,RIBEIRÃO DO LARGO,BA,8797,0.0,0.0,0.0,0.0,False,sem exportação aos EUA,False,baixa,
2926707,RIO DE CONTAS,BA,12117,0.0,76755.0,0.0,0.0,False,sem exportação aos EUA,False,baixa,
2928604,SANTO AMARO,BA,47773,0.0,8172.0,0.0,0.0,False,sem exportação aos EUA,False,baixa,
2928505,SANTA TEREZINHA,BA,9441,0.0,1763307.0,0.0,0.0,False,sem exportação aos EUA,False,baixa,
2928307,SANTANÓPOLIS,BA,9599,0.0,0.0,0.0,0.0,False,sem exportação aos EUA,False,baixa,
2928109,SANTA MARIA DA VITÓRIA,BA,30271,0.0,0.0,0.0,0.0,False,sem exportação aos EUA,False,baixa,
2928000,SANTALUZ,BA,32102,0.0,206934706.0,0.0,0.0,False,sem exportação aos EUA,False,baixa,
2927903,SANTA INÊS,BA,8217,0.0,0.0,0.0,0.0,False,sem exportação aos EUA,False,baixa,
2927804,SANTA CRUZ DA VITÓRIA,BA,4922,0.0,0.0,0.0,0.0,False,sem exportação aos EUA,False,baixa,
2927705,SANTA CRUZ CABRÁLIA,BA,25527,0.0,14725.0,0.0,0.0,False,sem exportação aos EUA,False,baixa,
2927606,SANTA BRÍGIDA,BA,11939,0.0,0.0,0.0,0.0,False,sem exportação aos EUA,False,baixa,
2927507,SANTA BÁRBARA,BA,20163,0.0,0.0,0.0,0.0,False,sem exportação aos EUA,False,baixa,
2927309,SALINAS DA MARGARIDA,BA,16000,0.0,0.0,0.0,0.0,False,sem exportação aos EUA,False,baixa,
2927101,RODELAS,BA,7602,0.0,0.0,0.0,0.0,False,sem exportação aos EUA,False,baixa,
2927002,RIO REAL,BA,29286,0.0,430228.0,0.0,0.0,False,sem exportação aos EUA,False,baixa,
2926905,RIO DO PIRES,BA,11178,0.0,0.0,0.0,0.0,False,sem exportação aos EUA,False,baixa,
2926806,RIO DO ANTÔNIO,BA,10690,0.0,0.0,0.0,0.0,False,sem exportação aos EUA,False,baixa,
2924504,PINDAÍ,BA,12750,0.0,0.0,0.0,0.0,False,sem exportação aos EUA,False,baixa,
2924306,PIATÃ,BA,17470,0.0,776652.0,0.0,0.0,False,sem exportação aos EUA,False,baixa,
2920700,MARAÚ,BA,16481,0.0,0.0,0.0,0.0,False,sem exportação aos EUA,False,baixa,
2921500,MONTE SANTO,BA,41809,0.0,0.0,0.0,0.0,False,sem exportação aos EUA,False,baixa,
2922250,MUQUÉM DO SÃO FRANCISCO,BA,9684,0.0,0.0,0.0,0.0,False,sem exportação aos EUA,False,baixa,
2922201,MUNIZ FERREIRA,BA,8206,0.0,0.0,0.0,0.0,False,sem exportação aos EUA,False,baixa,
2922102,MUNDO NOVO,BA,14921,0.0,0.0,0.0,0.0,False,sem exportação aos EUA,False,baixa,
2922052,MULUNGU DO MORRO,BA,10988,0.0,53568.0,0.0,0.0,False,sem exportação aos EUA,False,baixa,
2921807,MORTUGABA,BA,9597,0.0,0.0,0.0,0.0,False,sem exportação aos EUA,False,baixa,
2921708,MORRO DO CHAPÉU,BA,26151,0.0,0.0,0.0,0.0,False,sem exportação aos EUA,False,baixa,
2921609,MORPARÁ,BA,7604,0.0,0.0,0.0,0.0,False,sem exportação aos EUA,False,baixa,
2921450,MIRANTE,BA,8301,0.0,0.0,0.0,0.0,False,sem exportação aos EUA,False,baixa,
2924207,PEDRO ALEXANDRE,BA,10164,0.0,0.0,0.0,0.0,False,sem exportação aos EUA,False,baixa,
2921401,MIRANGABA,BA,12693,0.0,174138.0,0.0,0.0,False,sem exportação aos EUA,False,baixa,
2921302,MILAGRES,BA,8823,0.0,691529.0,0.0,0.0,False,sem exportação aos EUA,False,baixa,
2921203,MIGUEL CALMON,BA,19996,0.0,596134.0,0.0,0.0,False,sem exportação aos EUA,False,baixa,
2921104,MEDEIROS NETO,BA,18663,0.0,41722.0,0.0,0.0,False,sem exportação aos EUA,False,baixa,
2921054,MATINA,BA,9556,0.0,0.0,0.0,0.0,False,sem exportação aos EUA,False,baixa,
2920908,MASCOTE,BA,9177,0.0,0.0,0.0,0.0,False,sem exportação aos EUA,False,baixa,
2920809,MARCIONÍLIO SOUZA,BA,7767,0.0,0.0,0.0,0.0,False,sem exportação aos EUA,False,baixa,
2922300,MURITIBA,BA,23640,0.0,375700.0,0.0,0.0,False,sem exportação aos EUA,False,baixa,
2922409,MUTUÍPE,BA,17909,0.0,0.0,0.0,0.0,False,sem exportação aos EUA,False,baixa,
2922508,NAZARÉ,BA,22055,0.0,16891.0,0.0,0.0,False,sem exportação aos EUA,False,baixa,
2922607,NILO PEÇANHA,BA,10011,0.0,0.0,0.0,0.0,False,sem exportação aos EUA,False,baixa,
2924108,PEDRÃO,BA,6573,0.0,0.0,0.0,0.0,False,sem exportação aos EUA,False,baixa,
2923902,PAU BRASIL,BA,7547,0.0,0.0,0.0,0.0,False,sem exportação aos EUA,False,baixa,
2923803,PARIPIRANGA,BA,23527,0.0,0.0,0.0,0.0,False,sem exportação aos EUA,False,baixa,
2923704,PARATINGA,BA,24228,0.0,303059.0,0.0,0.0,False,sem exportação aos EUA,False,baixa,
2923506,PALMEIRAS,BA,7857,0.0,0.0,0.0,0.0,False,sem exportação aos EUA,False,baixa,
2923407,PALMAS DE MONTE ALTO,BA,17255,0.0,0.0,0.0,0.0,False,sem exportação aos EUA,False,baixa,
2923357,OUROLÂNDIA,BA,14353,0.0,0.0,0.0,0.0,False,sem exportação aos EUA,False,baixa,
2923308,OURIÇANGAS,BA,7224,0.0,0.0,0.0,0.0,False,sem exportação aos EUA,False,baixa,
2923209,OLIVEIRA DOS BREJINHOS,BA,16618,0.0,1218603.0,0.0,0.0,False,sem exportação aos EUA,False,baixa,
2923100,OLINDINA,BA,19699,0.0,0.0,0.0,0.0,False,sem exportação aos EUA,False,baixa,
2923050,NOVO TRIUNFO,BA,8227,0.0,0.0,0.0,0.0,False,sem exportação aos EUA,False,baixa,
2922854,NOVA REDENÇÃO,BA,6421,0.0,0.0,0.0,0.0,False,sem exportação aos EUA,False,baixa,
2922805,NOVA ITARANA,BA,6607,0.0,0.0,0.0,0.0,False,sem exportação aos EUA,False,baixa,
2922730,NOVA FÁTIMA,BA,7957,0.0,0.0,0.0,0.0,False,sem exportação aos EUA,False,baixa,
2922706,NOVA CANAÃ,BA,12377,0.0,0.0,0.0,0.0,False,sem exportação aos EUA,False,baixa,
3102852,ANGELÂNDIA,MG,6879,0.0,0.0,0.0,0.0,False,sem exportação aos EUA,False,baixa,
3108503,BOTUMIRIM,MG,5656,0.0,51002.0,0.0,0.0,False,sem exportação aos EUA,False,baixa,
3104452,ARICANDUVA,MG,5172,0.0,0.0,0.0,0.0,False,sem exportação aos EUA,False,baixa,
2509156,MARIZÓPOLIS,PB,6301,0.0,0.0,0.0,0.0,False,sem exportação aos EUA,False,baixa,
2502607,IGARACY,PB,5888,0.0,0.0,0.0,0.0,False,sem exportação aos EUA,False,baixa,
2512077,POÇO DE JOSÉ DE MOURA,PB,4432,0.0,0.0,0.0,0.0,False,sem exportação aos EUA,False,baixa,
2502508,BOQUEIRÃO,PB,15970,0.0,0.0,0.0,0.0,False,sem exportação aos EUA,False,baixa,
2502052,BERNARDINO BATISTA,PB,3353,0.0,0.0,0.0,0.0,False,sem exportação aos EUA,False,baixa,
2502409,BONITO DE SANTA FÉ,PB,7923,0.0,0.0,0.0,0.0,False,sem exportação aos EUA,False,baixa,
2509370,MATO GROSSO,PB,3319,0.0,0.0,0.0,0.0,False,sem exportação aos EUA,False,baixa,
2502300,BOM SUCESSO,PB,4846,0.0,0.0,0.0,0.0,False,sem exportação aos EUA,False,baixa,
2502201,BOM JESUS,PB,3055,0.0,0.0,0.0,0.0,False,sem exportação aos EUA,False,baixa,
2502706,BORBOREMA,PB,4895,0.0,0.0,0.0,0.0,False,sem exportação aos EUA,False,baixa,
2514552,SÃO JOSÉ DE PRINCESA,PB,3236,0.0,0.0,0.0,0.0,False,sem exportação aos EUA,False,baixa,
2502102,BOA VENTURA,PB,5167,0.0,0.0,0.0,0.0,False,sem exportação aos EUA,False,baixa,
2513968,SÃO DOMINGOS,PB,3287,0.0,0.0,0.0,0.0,False,sem exportação aos EUA,False,baixa,
2502003,BELÉM DO BREJO DO CRUZ,PB,6644,0.0,0.0,0.0,0.0,False,sem exportação aos EUA,False,baixa,
2513927,SÃO BENTINHO,PB,3802,0.0,0.0,0.0,0.0,False,sem exportação aos EUA,False,baixa,
2501906,BELÉM,PB,13281,0.0,0.0,0.0,0.0,False,sem exportação aos EUA,False,baixa,
2503753,CAJAZEIRINHAS,PB,3758,0.0,0.0,0.0,0.0,False,sem exportação aos EUA,False,baixa,
2514651,SÃO JOSÉ DO BREJO DO CRUZ,PB,2613,0.0,0.0,0.0,0.0,False,sem exportação aos EUA,False,baixa,
2513356,SANTA INÊS,PB,3848,0.0,0.0,0.0,0.0,False,sem exportação aos EUA,False,baixa,
3108602,BRASÍLIA DE MINAS,MG,27089,0.0,0.0,0.0,0.0,False,sem exportação aos EUA,False,baixa,
2516755,TENÓRIO,PB,3314,0.0,0.0,0.0,0.0,False,sem exportação aos EUA,False,baixa,
2503704,CAJAZEIRAS,PB,47827,0.0,1130.0,0.0,0.0,False,sem exportação aos EUA,False,baixa,
2512721,PEDRO RÉGIS,PB,5725,0.0,0.0,0.0,0.0,False,sem exportação aos EUA,False,baixa,
2503605,CAIÇARA,PB,6526,0.0,0.0,0.0,0.0,False,sem exportação aos EUA,False,baixa,
2510659,PARARI,PB,2403,0.0,0.0,0.0,0.0,False,sem exportação aos EUA,False,baixa,
2503506,CACIMBA DE DENTRO,PB,14334,0.0,0.0,0.0,0.0,False,sem exportação aos EUA,False,baixa,
2504850,COXIXOLA,PB,2047,0.0,0.0,0.0,0.0,False,sem exportação aos EUA,False,baixa,
2503407,CACIMBA DE AREIA,PB,4343,0.0,0.0,0.0,0.0,False,sem exportação aos EUA,False,baixa,
2503308,CACHOEIRA DOS ÍNDIOS,PB,7912,0.0,0.0,0.0,0.0,False,sem exportação aos EUA,False,baixa,
2502805,BREJO DO CRUZ,PB,10744,0.0,105147.0,0.0,0.0,False,sem exportação aos EUA,False,baixa,
2513653,JOCA CLAUDINO,PB,2516,0.0,0.0,0.0,0.0,False,sem exportação aos EUA,False,baixa,
2512036,POÇO DANTAS,PB,4135,0.0,0.0,0.0,0.0,False,sem exportação aos EUA,False,baixa,
2503100,CABACEIRAS,PB,5237,0.0,0.0,0.0,0.0,False,sem exportação aos EUA,False,baixa,
2506251,GADO BRAVO,PB,8093,0.0,0.0,0.0,0.0,False,sem exportação aos EUA,False,baixa,
2504157,CASSERENGUE,PB,6406,0.0,0.0,0.0,0.0,False,sem exportação aos EUA,False,baixa,
2502904,BREJO DOS SANTOS,PB,5994,0.0,0.0,0.0,0.0,False,sem exportação aos EUA,False,baixa,
2500734,AMPARO,PB,2665,0.0,0.0,0.0,0.0,False,sem exportação aos EUA,False,baixa,
2503555,CACIMBAS,PB,6623,0.0,0.0,0.0,0.0,False,sem exportação aos EUA,False,baixa,
2501708,BARRA DE SÃO MIGUEL,PB,6048,0.0,0.0,0.0,0.0,False,sem exportação aos EUA,False,baixa,
2517407,ZABELÊ,PB,2666,0.0,0.0,0.0,0.0,False,sem exportação aos EUA,False,baixa,
2504033,CAPIM,PB,7251,0.0,0.0,0.0,0.0,False,sem exportação aos EUA,False,baixa,
2500700,SÃO JOÃO DO RIO DO PEIXE,PB,14571,0.0,0.0,0.0,0.0,False,sem exportação aos EUA,False,baixa,
2512754,RIACHÃO DO BACAMARTE,PB,4999,0.0,0.0,0.0,0.0,False,sem exportação aos EUA,False,baixa,
2500601,ALHANDRA,PB,21079,0.0,50252.0,0.0,0.0,False,sem exportação aos EUA,False,baixa,
2505279,CURRAL DE CIMA,PB,6226,0.0,0.0,0.0,0.0,False,sem exportação aos EUA,False,baixa,
2500502,ALAGOINHA,PB,12228,0.0,0.0,0.0,0.0,False,sem exportação aos EUA,False,baixa,
2505238,CUITÉ DE MAMANGUAPE,PB,7662,0.0,0.0,0.0,0.0,False,sem exportação aos EUA,False,baixa,
2500403,ALAGOA NOVA,PB,16592,0.0,0.0,0.0,0.0,False,sem exportação aos EUA,False,baixa,
2500304,ALAGOA GRANDE,PB,23238,0.0,0.0,0.0,0.0,False,sem exportação aos EUA,False,baixa,
2501609,BARRA DE SANTA ROSA,PB,11480,0.0,0.0,0.0,0.0,False,sem exportação aos EUA,False,baixa,
2514453,SÃO JOSÉ DOS RAMOS,PB,5940,0.0,0.0,0.0,0.0,False,sem exportação aos EUA,False,baixa,
2500205,AGUIAR,PB,4779,0.0,0.0,0.0,0.0,False,sem exportação aos EUA,False,baixa,
2515971,SOBRADO,PB,8060,0.0,0.0,0.0,0.0,False,sem exportação aos EUA,False,baixa,
2500106,ÁGUA BRANCA,PB,8397,0.0,0.0,0.0,0.0,False,sem exportação aos EUA,False,baixa,
2512762,RIACHÃO DO POÇO,PB,4868,0.0,0.0,0.0,0.0,False,sem exportação aos EUA,False,baixa,
1506583,SANTA MARIA DAS BARREIRAS,PA,13340,0.0,1862794.0,0.0,0.0,False,sem exportação aos EUA,True,média,Amazônia Legal
1502939,DOM ELISEU,PA,30137,0.0,33264478.0,0.0,0.0,False,sem exportação aos EUA,True,média,Amazônia Legal
2509339,MATINHAS,PB,4881,0.0,0.0,0.0,0.0,False,sem exportação aos EUA,False,baixa,
2500809,ARAÇAGI,PB,14344,0.0,0.0,0.0,0.0,False,sem exportação aos EUA,False,baixa,
2508554,LOGRADOURO,PB,4789,0.0,0.0,0.0,0.0,False,sem exportação aos EUA,False,baixa,
2500908,ARARA,PB,9325,0.0,0.0,0.0,0.0,False,sem exportação aos EUA,False,baixa,
2501351,ASSUNÇÃO,PB,4201,0.0,0.0,0.0,0.0,False,sem exportação aos EUA,False,baixa,
2501500,BANANEIRAS,PB,19361,0.0,0.0,0.0,0.0,False,sem exportação aos EUA,False,baixa,
2501534,BARAÚNA,PB,4663,0.0,0.0,0.0,0.0,False,sem exportação aos EUA,False,baixa,
2501401,BAÍA DA TRAIÇÃO,PB,8424,0.0,0.0,0.0,0.0,False,sem exportação aos EUA,False,baixa,
2516151,SOSSÊGO,PB,3672,0.0,0.0,0.0,0.0,False,sem exportação aos EUA,False,baixa,
2505352,DAMIÃO,PB,4885,0.0,0.0,0.0,0.0,False,sem exportação aos EUA,False,baixa,
2513851,SANTO ANDRÉ,PB,3035,0.0,0.0,0.0,0.0,False,sem exportação aos EUA,False,baixa,
2501302,AROEIRAS,PB,16290,0.0,0.0,0.0,0.0,False,sem exportação aos EUA,False,baixa,
2504074,CARAÚBAS,PB,4534,0.0,0.0,0.0,0.0,False,sem exportação aos EUA,False,baixa,
2501203,AREIAL,PB,6597,0.0,0.0,0.0,0.0,False,sem exportação aos EUA,False,baixa,
2513943,SÃO DOMINGOS DO CARIRI,PB,3072,0.0,0.0,0.0,0.0,False,sem exportação aos EUA,False,baixa,
2501104,AREIA,PB,19068,0.0,0.0,0.0,0.0,False,sem exportação aos EUA,False,baixa,
2512747,RIACHÃO,PB,3550,0.0,0.0,0.0,0.0,False,sem exportação aos EUA,False,baixa,
2501005,ARARUNA,PB,14816,0.0,0.0,0.0,0.0,False,sem exportação aos EUA,False,baixa,
2515930,SERTÃOZINHO,PB,5104,0.0,0.0,0.0,0.0,False,sem exportação aos EUA,False,baixa,
2500536,ALCANTIL,PB,5001,0.0,0.0,0.0,0.0,False,sem exportação aos EUA,False,baixa,
2503803,CALDAS BRANDÃO,PB,5445,0.0,0.0,0.0,0.0,False,sem exportação aos EUA,False,baixa,
2501575,BARRA DE SANTANA,PB,7793,0.0,0.0,0.0,0.0,False,sem exportação aos EUA,False,baixa,
2508000,JURU,PB,8201,0.0,0.0,0.0,0.0,False,sem exportação aos EUA,False,baixa,
2508802,MALTA,PB,5263,0.0,0.0,0.0,0.0,False,sem exportação aos EUA,False,baixa,
2508703,MÃE D'ÁGUA,PB,3876,0.0,0.0,0.0,0.0,False,sem exportação aos EUA,False,baixa,
2508505,LIVRAMENTO,PB,5930,0.0,0.0,0.0,0.0,False,sem exportação aos EUA,False,baixa,
2508406,LASTRO,PB,4395,0.0,0.0,0.0,0.0,False,sem exportação aos EUA,False,baixa,
2508307,LAGOA SECA,PB,22056,0.0,17046.0,0.0,0.0,False,sem exportação aos EUA,False,baixa,
2508208,LAGOA DE DENTRO,PB,7869,0.0,0.0,0.0,0.0,False,sem exportação aos EUA,False,baixa,
2508109,LAGOA,PB,4698,0.0,0.0,0.0,0.0,False,sem exportação aos EUA,False,baixa,
2507903,JURIPIRANGA,PB,9829,0.0,0.0,0.0,0.0,False,sem exportação aos EUA,False,baixa,
2506806,INGÁ,PB,15724,0.0,336789.0,0.0,0.0,False,sem exportação aos EUA,False,baixa,
2507804,JUNCO DO SERIDÓ,PB,5990,0.0,0.0,0.0,0.0,False,sem exportação aos EUA,False,baixa,
2507705,JUAZEIRINHO,PB,14045,0.0,6579.0,0.0,0.0,False,sem exportação aos EUA,False,baixa,
2507606,JUAREZ TÁVORA,PB,7954,0.0,0.0,0.0,0.0,False,sem exportação aos EUA,False,baixa,
2507408,JERICÓ,PB,6938,0.0,0.0,0.0,0.0,False,sem exportação aos EUA,False,baixa,
2507309,JACARAÚ,PB,14325,0.0,0.0,0.0,0.0,False,sem exportação aos EUA,False,baixa,
2507200,ITATUBA,PB,9118,0.0,0.0,0.0,0.0,False,sem exportação aos EUA,False,baixa,
2507101,ITAPOROROCA,PB,14182,0.0,0.0,0.0,0.0,False,sem exportação aos EUA,False,baixa,
2509008,MANAÍRA,PB,9110,0.0,0.0,0.0,0.0,False,sem exportação aos EUA,False,baixa,
2509107,MARI,PB,18460,0.0,0.0,0.0,0.0,False,sem exportação aos EUA,False,baixa,
2509206,MASSARANDUBA,PB,12155,0.0,0.0,0.0,0.0,False,sem exportação aos EUA,False,baixa,
2509305,MATARACA,PB,8714,0.0,0.0,0.0,0.0,False,sem exportação aos EUA,False,baixa,
2510808,PATOS,PB,67671,0.0,0.0,0.0,0.0,False,sem exportação aos EUA,False,baixa,
2510709,PASSAGEM,PB,2846,0.0,0.0,0.0,0.0,False,sem exportação aos EUA,False,baixa,
2510600,OURO VELHO,PB,3098,0.0,0.0,0.0,0.0,False,sem exportação aos EUA,False,baixa,
2510501,OLIVEDOS,PB,4073,0.0,0.0,0.0,0.0,False,sem exportação aos EUA,False,baixa,
2510402,OLHO D'ÁGUA,PB,7440,0.0,0.0,0.0,0.0,False,sem exportação aos EUA,False,baixa,
2510303,NOVA PALMEIRA,PB,3681,0.0,0.0,0.0,0.0,False,sem exportação aos EUA,False,baixa,
2510204,NOVA OLINDA,PB,5895,0.0,0.0,0.0,0.0,False,sem exportação aos EUA,False,baixa,
2510105,NOVA FLORESTA,PB,8307,0.0,0.0,0.0,0.0,False,sem exportação aos EUA,False,baixa,
2510006,NAZAREZINHO,PB,7091,0.0,0.0,0.0,0.0,False,sem exportação aos EUA,False,baixa,
2509909,NATUBA,PB,6840,0.0,0.0,0.0,0.0,False,sem exportação aos EUA,False,baixa,
2509800,MULUNGU,PB,9094,0.0,0.0,0.0,0.0,False,sem exportação aos EUA,False,baixa,
2509701,MONTEIRO,PB,27191,0.0,0.0,0.0,0.0,False,sem exportação aos EUA,False,baixa,
2509602,MONTE HOREBE,PB,4313,0.0,0.0,0.0,0.0,False,sem exportação aos EUA,False,baixa,
2509503,MONTADAS,PB,5373,0.0,0.0,0.0,0.0,False,sem exportação aos EUA,False,baixa,
2509404,MOGEIRO,PB,11482,0.0,0.0,0.0,0.0,False,sem exportação aos EUA,False,baixa,
2507002,ITAPORANGA,PB,17565,0.0,0.0,0.0,0.0,False,sem exportação aos EUA,False,baixa,
2506707,IMACULADA,PB,9116,0.0,0.0,0.0,0.0,False,sem exportação aos EUA,False,baixa,
2503902,CAMALAÚ,PB,6294,0.0,0.0,0.0,0.0,False,sem exportação aos EUA,False,baixa,
2504405,CONCEIÇÃO,PB,15357,0.0,0.0,0.0,0.0,False,sem exportação aos EUA,False,baixa,
2509057,MARCAÇÃO,PB,7913,0.0,0.0,0.0,0.0,False,sem exportação aos EUA,False,baixa,
2504702,CONGO,PB,5388,0.0,0.0,0.0,0.0,False,sem exportação aos EUA,False,baixa,
2502151,BOA VISTA,PB,6123,0.0,152869.0,0.0,0.0,False,sem exportação aos EUA,False,baixa,
2504603,CONDE,PB,27248,0.0,152112.0,0.0,0.0,False,sem exportação aos EUA,False,baixa,
2500577,ALGODÃO DE JANDAÍRA,PB,3119,0.0,0.0,0.0,0.0,False,sem exportação aos EUA,False,baixa,
2504504,CONDADO,PB,5803,0.0,0.0,0.0,0.0,False,sem exportação aos EUA,False,baixa,
2501153,AREIA DE BARAÚNAS,PB,2502,0.0,0.0,0.0,0.0,False,sem exportação aos EUA,False,baixa,
2517209,VIEIRÓPOLIS,PB,5431,0.0,8026815.0,0.0,0.0,False,sem exportação aos EUA,False,baixa,
2506608,IBIARA,PB,5580,0.0,0.0,0.0,0.0,False,sem exportação aos EUA,False,baixa,
2504306,CATOLÉ DO ROCHA,PB,22557,0.0,0.0,0.0,0.0,False,sem exportação aos EUA,False,baixa,
2513984,SÃO FRANCISCO,PB,4138,0.0,0.0,0.0,0.0,False,sem exportação aos EUA,False,baixa,
2504207,CATINGUEIRA,PB,5416,0.0,0.0,0.0,0.0,False,sem exportação aos EUA,False,baixa,
2500775,APARECIDA,PB,7247,0.0,0.0,0.0,0.0,False,sem exportação aos EUA,False,baixa,
2504108,CARRAPATEIRA,PB,2444,0.0,0.0,0.0,0.0,False,sem exportação aos EUA,False,baixa,
2512788,RIACHO DE SANTO ANTÔNIO,PB,2834,0.0,0.0,0.0,0.0,False,sem exportação aos EUA,False,baixa,
2504355,CATURITÉ,PB,5518,0.0,0.0,0.0,0.0,False,sem exportação aos EUA,False,baixa,
2504801,COREMAS,PB,12873,0.0,0.0,0.0,0.0,False,sem exportação aos EUA,False,baixa,
2509396,MATURÉIA,PB,5807,0.0,0.0,0.0,0.0,False,sem exportação aos EUA,False,baixa,
2513158,SANTA CECÍLIA,PB,7090,0.0,0.0,0.0,0.0,False,sem exportação aos EUA,False,baixa,
2505006,CUBATI,PB,6956,0.0,0.0,0.0,0.0,False,sem exportação aos EUA,False,baixa,
2506509,GURJÃO,PB,3193,0.0,0.0,0.0,0.0,False,sem exportação aos EUA,False,baixa,
2506400,GURINHÉM,PB,11420,0.0,0.0,0.0,0.0,False,sem exportação aos EUA,False,baixa,
2506301,GUARABIRA,PB,43618,0.0,1111358.0,0.0,0.0,False,sem exportação aos EUA,False,baixa,
2506202,FREI MARTINHO,PB,2942,0.0,0.0,0.0,0.0,False,sem exportação aos EUA,False,baixa,
2506103,FAGUNDES,PB,10547,0.0,0.0,0.0,0.0,False,sem exportação aos EUA,False,baixa,
2506004,ESPERANÇA,PB,26015,0.0,0.0,0.0,0.0,False,sem exportação aos EUA,False,baixa,
2505907,EMAS,PB,3824,0.0,0.0,0.0,0.0,False,sem exportação aos EUA,False,baixa,
2505808,DUAS ESTRADAS,PB,3885,0.0,0.0,0.0,0.0,False,sem exportação aos EUA,False,baixa,
2505709,DONA INÊS,PB,9272,0.0,0.0,0.0,0.0,False,sem exportação aos EUA,False,baixa,
2505600,DIAMANTE,PB,5910,0.0,0.0,0.0,0.0,False,sem exportação aos EUA,False,baixa,
2505501,VISTA SERRANA,PB,3470,0.0,0.0,0.0,0.0,False,sem exportação aos EUA,False,baixa,
2505402,DESTERRO,PB,7716,0.0,0.0,0.0,0.0,False,sem exportação aos EUA,False,baixa,
2505303,CURRAL VELHO,PB,2327,0.0,0.0,0.0,0.0,False,sem exportação aos EUA,False,baixa,
2505204,CUITEGI,PB,6098,0.0,0.0,0.0,0.0,False,sem exportação aos EUA,False,baixa,
2505105,CUITÉ,PB,17388,0.0,0.0,0.0,0.0,False,sem exportação aos EUA,False,baixa,
1501758,BREJO GRANDE DO ARAGUAIA,PA,6821,0.0,0.0,0.0,0.0,False,sem exportação aos EUA,True,média,Amazônia Legal
1505486,PACAJÁ,PA,29481,0.0,0.0,0.0,0.0,False,sem exportação aos EUA,True,média,Amazônia Legal
1506195,RURÓPOLIS,PA,20247,0.0,0.0,0.0,0.0,False,sem exportação aos EUA,True,média,Amazônia Legal
5103304,COMODORO,MT,14317,0.0,136417769.0,0.0,0.0,False,sem exportação aos EUA,True,média,Amazônia Legal
1501576,BOM JESUS DO TOCANTINS,PA,12477,0.0,0.0,0.0,0.0,False,sem exportação aos EUA,True,média,Amazônia Legal
1500206,ACARÁ,PA,48817,0.0,11929.0,0.0,0.0,False,sem exportação aos EUA,True,média,Amazônia Legal
1507953,TAILÂNDIA,PA,55596,0.0,13267360.0,0.0,0.0,False,sem exportação aos EUA,True,média,Amazônia Legal
1503093,GOIANÉSIA DO PARÁ,PA,21405,0.0,0.0,0.0,0.0,False,sem exportação aos EUA,True,média,Amazônia Legal
5104500,INDIAVAÍ,MT,2028,0.0,0.0,0.0,0.0,False,sem exportação aos EUA,True,média,Amazônia Legal
5104104,GUARANTÃ DO NORTE,MT,22729,0.0,172023756.0,0.0,0.0,False,sem exportação aos EUA,True,média,Amazônia Legal
5103809,FIGUEIRÓPOLIS D'OESTE,MT,2866,0.0,0.0,0.0,0.0,False,sem exportação aos EUA,True,média,Amazônia Legal
5108600,VILA RICA,MT,13846,0.0,74292368.0,0.0,0.0,False,sem exportação aos EUA,True,média,Amazônia Legal
5106281,NOVO SÃO JOAQUIM,MT,5505,0.0,1511576.0,0.0,0.0,False,sem exportação aos EUA,True,média,Amazônia Legal
5108501,VERA,MT,7850,0.0,241224035.0,0.0,0.0,False,sem exportação aos EUA,True,média,Amazônia Legal
5108055,TERRA NOVA DO NORTE,MT,9125,0.0,0.0,0.0,0.0,False,sem exportação aos EUA,True,média,Amazônia Legal
5107925,SORRISO,MT,76028,0.0,2666086311.0,0.0,0.0,True,sem exportação aos EUA,True,média,Amazônia Legal
5107156,RESERVA DO CABAÇAL,MT,1838,0.0,0.0,0.0,0.0,False,sem exportação aos EUA,True,média,Amazônia Legal
5106828,PORTO ESPERIDIÃO,MT,8053,0.0,82295.0,0.0,0.0,False,sem exportação aos EUA,True,média,Amazônia Legal
5106778,PORTO ALEGRE DO NORTE,MT,7904,0.0,204883328.0,0.0,0.0,False,sem exportação aos EUA,True,média,Amazônia Legal
5106299,PARANAÍTA,MT,9406,0.0,0.0,0.0,0.0,False,sem exportação aos EUA,True,média,Amazônia Legal
1507474,SÃO JOÃO DE PIRABAS,PA,18795,0.0,0.0,0.0,0.0,False,sem exportação aos EUA,True,média,Amazônia Legal
1500404,ALENQUER,PA,45624,0.0,0.0,0.0,0.0,False,sem exportação aos EUA,True,média,Amazônia Legal
1504059,MÃE DO RIO,PA,25345,0.0,0.0,0.0,0.0,False,sem exportação aos EUA,True,média,Amazônia Legal
1500602,ALTAMIRA,PA,86743,0.0,0.0,0.0,0.0,False,sem exportação aos EUA,True,média,Amazônia Legal
1508126,ULIANÓPOLIS,PA,20159,0.0,24221.0,0.0,0.0,False,sem exportação aos EUA,True,média,Amazônia Legal
1501600,BONITO,PA,12897,0.0,0.0,0.0,0.0,False,sem exportação aos EUA,True,média,Amazônia Legal
1505551,PAU D'ARCO,PA,8655,0.0,0.0,0.0,0.0,False,sem exportação aos EUA,True,média,Amazônia Legal
1508050,TRAIRÃO,PA,12441,0.0,7218.0,0.0,0.0,False,sem exportação aos EUA,True,média,Amazônia Legal
1500347,ÁGUA AZUL DO NORTE,PA,10878,0.0,211658250.0,0.0,0.0,False,sem exportação aos EUA,True,média,Amazônia Legal
1501204,BAIÃO,PA,27595,0.0,0.0,0.0,0.0,False,sem exportação aos EUA,True,média,Amazônia Legal
1501725,BRASIL NOVO,PA,16697,0.0,0.0,0.0,0.0,False,sem exportação aos EUA,True,média,Amazônia Legal
1501105,BAGRE,PA,16607,0.0,0.0,0.0,0.0,False,sem exportação aos EUA,True,média,Amazônia Legal
1503754,JACAREACANGA,PA,13777,0.0,0.0,0.0,0.0,False,sem exportação aos EUA,True,média,Amazônia Legal
1501006,AVEIRO,PA,11870,0.0,0.0,0.0,0.0,False,sem exportação aos EUA,True,média,Amazônia Legal
1503457,IPIXUNA DO PARÁ,PA,24689,0.0,1126.0,0.0,0.0,False,sem exportação aos EUA,True,média,Amazônia Legal
1505494,PALESTINA DO PARÁ,PA,5862,0.0,0.0,0.0,0.0,False,sem exportação aos EUA,True,média,Amazônia Legal
1506559,SANTA LUZIA DO PARÁ,PA,18518,0.0,0.0,0.0,0.0,False,sem exportação aos EUA,True,média,Amazônia Legal
1500701,ANAJÁS,PA,22636,0.0,234.0,0.0,0.0,False,sem exportação aos EUA,True,média,Amazônia Legal
1502954,ELDORADO DOS CARAJÁS,PA,20306,0.0,0.0,0.0,0.0,False,sem exportação aos EUA,True,média,Amazônia Legal
5106273,NOVO HORIZONTE DO NORTE,MT,3305,0.0,0.0,0.0,0.0,False,sem exportação aos EUA,True,média,Amazônia Legal
5106216,NOVA CANAÃ DO NORTE,MT,10256,0.0,333761.0,0.0,0.0,False,sem exportação aos EUA,True,média,Amazônia Legal
1507979,TERRA SANTA,PA,15511,0.0,0.0,0.0,0.0,False,sem exportação aos EUA,True,média,Amazônia Legal
5105903,NOBRES,MT,12502,0.0,0.0,0.0,0.0,False,sem exportação aos EUA,True,média,Amazônia Legal
5107701,ROSÁRIO OESTE,MT,13155,0.0,25170247.0,0.0,0.0,False,sem exportação aos EUA,True,média,Amazônia Legal
5107008,POXORÉU,MT,14509,0.0,0.0,0.0,0.0,False,sem exportação aos EUA,True,média,Amazônia Legal
5106802,PORTO DOS GAÚCHOS,MT,4455,0.0,68058653.0,0.0,0.0,False,sem exportação aos EUA,True,média,Amazônia Legal
5106703,PONTE BRANCA,MT,2037,0.0,0.0,0.0,0.0,False,sem exportação aos EUA,True,média,Amazônia Legal
5106505,POCONÉ,MT,25545,0.0,4030944.0,0.0,0.0,False,sem exportação aos EUA,True,média,Amazônia Legal
5106109,NOSSA SENHORA DO LIVRAMENTO,MT,13537,0.0,17286047.0,0.0,0.0,False,sem exportação aos EUA,True,média,Amazônia Legal
5106000,NORTELÂNDIA,MT,4871,0.0,35163329.0,0.0,0.0,False,sem exportação aos EUA,True,média,Amazônia Legal
5104542,ITANHANGÁ,MT,5239,0.0,0.0,0.0,0.0,False,sem exportação aos EUA,True,média,Amazônia Legal
5106232,NOVA OLÍMPIA,MT,12967,0.0,43303080.0,0.0,0.0,False,sem exportação aos EUA,True,média,Amazônia Legal
5104526,IPIRANGA DO NORTE,MT,5997,0.0,400584262.0,0.0,0.0,True,sem exportação aos EUA,True,média,Amazônia Legal
5105309,LUCIARA,MT,2406,0.0,0.0,0.0,0.0,False,sem exportação aos EUA,True,média,Amazônia Legal
5107768,SANTA RITA DO TRIVELATO,MT,2606,0.0,98996738.0,0.0,0.0,True,sem exportação aos EUA,True,média,Amazônia Legal
5108352,VALE DE SÃO DOMINGOS,MT,2721,0.0,0.0,0.0,0.0,False,sem exportação aos EUA,True,média,Amazônia Legal
5103361,CONQUISTA D'OESTE,MT,3426,0.0,0.0,0.0,0.0,False,sem exportação aos EUA,True,média,Amazônia Legal
5107743,SANTA CRUZ DO XINGU,MT,2268,0.0,34425536.0,0.0,0.0,False,sem exportação aos EUA,True,média,Amazônia Legal
5106174,NOVA NAZARÉ,MT,3521,0.0,36576455.0,0.0,0.0,False,sem exportação aos EUA,True,média,Amazônia Legal
5107800,SANTO ANTÔNIO DO LEVERGER,MT,17145,0.0,0.0,0.0,0.0,False,sem exportação aos EUA,True,média,Amazônia Legal
5108105,TESOURO,MT,2759,0.0,0.0,0.0,0.0,False,sem exportação aos EUA,True,média,Amazônia Legal
5108204,TORIXORÉU,MT,3727,0.0,0.0,0.0,0.0,False,sem exportação aos EUA,True,média,Amazônia Legal
5106372,PEDRA PRETA,MT,14477,0.0,152721575.0,0.0,0.0,False,sem exportação aos EUA,True,média,Amazônia Legal
5105580,MARCELÂNDIA,MT,9499,0.0,87460808.0,0.0,0.0,False,sem exportação aos EUA,True,média,Amazônia Legal
5104559,ITAÚBA,MT,4349,0.0,78869.0,0.0,0.0,False,sem exportação aos EUA,True,média,Amazônia Legal
5103106,COCALINHO,MT,5454,0.0,0.0,0.0,0.0,False,sem exportação aos EUA,True,média,Amazônia Legal
5102603,CAMPINÁPOLIS,MT,11507,0.0,0.0,0.0,0.0,False,sem exportação aos EUA,True,média,Amazônia Legal
5101001,ARAGUAIANA,MT,3259,0.0,0.0,0.0,0.0,False,sem exportação aos EUA,True,média,Amazônia Legal
5100607,ALTO TAQUARI,MT,7979,0.0,94958413.0,0.0,0.0,False,sem exportação aos EUA,True,média,Amazônia Legal
5103452,DENISE,MT,5710,0.0,0.0,0.0,0.0,False,sem exportação aos EUA,True,média,Amazônia Legal
5105101,JUARA,MT,25464,0.0,44643972.0,0.0,0.0,False,sem exportação aos EUA,True,média,Amazônia Legal
5107305,SÃO JOSÉ DO RIO CLARO,MT,11217,0.0,89441488.0,0.0,0.0,False,sem exportação aos EUA,True,média,Amazônia Legal
5107776,SANTA TEREZINHA,MT,5358,0.0,0.0,0.0,0.0,False,sem exportação aos EUA,True,média,Amazônia Legal
5106257,NOVA XAVANTINA,MT,16249,0.0,0.0,0.0,0.0,False,sem exportação aos EUA,True,média,Amazônia Legal
5102702,CANARANA,MT,17766,0.0,846203488.0,0.0,0.0,True,sem exportação aos EUA,True,média,Amazônia Legal
5100201,ÁGUA BOA,MT,21159,0.0,393754318.0,0.0,0.0,False,sem exportação aos EUA,True,média,Amazônia Legal
5105200,JUSCIMEIRA,MT,8751,0.0,0.0,0.0,0.0,False,sem exportação aos EUA,True,média,Amazônia Legal
5107859,SÃO FÉLIX DO ARAGUAIA,MT,8490,0.0,348894590.0,0.0,0.0,True,sem exportação aos EUA,True,média,Amazônia Legal
1500958,AURORA DO PARÁ,PA,18265,0.0,0.0,0.0,0.0,False,sem exportação aos EUA,True,média,Amazônia Legal
1501907,BUJARU,PA,21846,0.0,0.0,0.0,0.0,False,sem exportação aos EUA,True,média,Amazônia Legal
1503077,GARRAFÃO DO NORTE,PA,22326,0.0,0.0,0.0,0.0,False,sem exportação aos EUA,True,média,Amazônia Legal
1505601,PEIXE-BOI,PA,9487,0.0,0.0,0.0,0.0,False,sem exportação aos EUA,True,média,Amazônia Legal
1506302,SALVATERRA,PA,20320,0.0,400096.0,0.0,0.0,False,sem exportação aos EUA,True,média,Amazônia Legal
1506203,SALINÓPOLIS,PA,38078,0.0,0.0,0.0,0.0,False,sem exportação aos EUA,True,média,Amazônia Legal
1506104,PRIMAVERA,PA,11339,0.0,0.0,0.0,0.0,False,sem exportação aos EUA,True,média,Amazônia Legal
1506005,PRAINHA,PA,27386,0.0,1114306.0,0.0,0.0,False,sem exportação aos EUA,True,média,Amazônia Legal
1505908,PORTO DE MOZ,PA,23709,0.0,0.0,0.0,0.0,False,sem exportação aos EUA,True,média,Amazônia Legal
1505809,PORTEL,PA,41746,0.0,0.0,0.0,0.0,False,sem exportação aos EUA,True,média,Amazônia Legal
1505700,PONTA DE PEDRAS,PA,23302,0.0,0.0,0.0,0.0,False,sem exportação aos EUA,True,média,Amazônia Legal
1505403,OURÉM,PA,16525,0.0,0.0,0.0,0.0,False,sem exportação aos EUA,True,média,Amazônia Legal
1504307,MARACANÃ,PA,27798,0.0,0.0,0.0,0.0,False,sem exportação aos EUA,True,média,Amazônia Legal
1505205,OEIRAS DO PARÁ,PA,25487,0.0,0.0,0.0,0.0,False,sem exportação aos EUA,True,média,Amazônia Legal
1505007,NOVA TIMBOTEUA,PA,11967,0.0,0.0,0.0,0.0,False,sem exportação aos EUA,True,média,Amazônia Legal
1504901,MUANÁ,PA,30413,0.0,0.0,0.0,0.0,False,sem exportação aos EUA,True,média,Amazônia Legal
1504802,MONTE ALEGRE,PA,52563,0.0,0.0,0.0,0.0,False,sem exportação aos EUA,True,média,Amazônia Legal
1504703,MOJU,PA,56811,0.0,140043059.0,0.0,0.0,False,sem exportação aos EUA,True,média,Amazônia Legal
1504505,MELGAÇO,PA,19565,0.0,0.0,0.0,0.0,False,sem exportação aos EUA,True,média,Amazônia Legal
1504406,MARAPANIM,PA,25293,0.0,0.0,0.0,0.0,False,sem exportação aos EUA,True,média,Amazônia Legal
1506401,SANTA CRUZ DO ARARI,PA,7042,0.0,0.0,0.0,0.0,False,sem exportação aos EUA,True,média,Amazônia Legal
1506500,SANTA IZABEL DO PARÁ,PA,49185,0.0,0.0,0.0,0.0,False,sem exportação aos EUA,True,média,Amazônia Legal
1506708,SANTANA DO ARAGUAIA,PA,25280,0.0,139381647.0,0.0,0.0,False,sem exportação aos EUA,True,média,Amazônia Legal
1506906,SANTARÉM NOVO,PA,6794,0.0,0.0,0.0,0.0,False,sem exportação aos EUA,True,média,Amazônia Legal
1502772,CURIONÓPOLIS,PA,17009,0.0,672219743.0,0.0,0.0,True,sem exportação aos EUA,True,média,Amazônia Legal
1502756,CONCÓRDIA DO PARÁ,PA,24113,0.0,0.0,0.0,0.0,False,sem exportação aos EUA,True,média,Amazônia Legal
1507458,SÃO GERALDO DO ARAGUAIA,PA,19494,0.0,201643361.0,0.0,0.0,False,sem exportação aos EUA,True,média,Amazônia Legal
1504455,MEDICILÂNDIA,PA,20484,0.0,0.0,0.0,0.0,False,sem exportação aos EUA,True,média,Amazônia Legal
1506161,RIO MARIA,PA,13846,0.0,108907957.0,0.0,0.0,False,sem exportação aos EUA,True,média,Amazônia Legal
1508308,VISEU,PA,43477,0.0,0.0,0.0,0.0,False,sem exportação aos EUA,True,média,Amazônia Legal
1508100,TUCURUÍ,PA,73025,0.0,0.0,0.0,0.0,False,sem exportação aos EUA,True,média,Amazônia Legal
1507904,SOURE,PA,22800,0.0,0.0,0.0,0.0,False,sem exportação aos EUA,True,média,Amazônia Legal
1507805,SENADOR JOSÉ PORFÍRIO,PA,14884,0.0,0.0,0.0,0.0,False,sem exportação aos EUA,True,média,Amazônia Legal
1507706,SÃO SEBASTIÃO DA BOA VISTA,PA,23902,0.0,0.0,0.0,0.0,False,sem exportação aos EUA,True,média,Amazônia Legal
1507607,SÃO MIGUEL DO GUAMÁ,PA,42257,0.0,0.0,0.0,0.0,False,sem exportação aos EUA,True,média,Amazônia Legal
1507508,SÃO JOÃO DO ARAGUAIA,PA,13212,0.0,0.0,0.0,0.0,False,sem exportação aos EUA,True,média,Amazônia Legal
1507409,SÃO FRANCISCO DO PARÁ,PA,15923,0.0,0.0,0.0,0.0,False,sem exportação aos EUA,True,média,Amazônia Legal
1507300,SÃO FÉLIX DO XINGU,PA,43015,0.0,49870206.0,0.0,0.0,False,sem exportação aos EUA,True,média,Amazônia Legal
1507102,SÃO CAETANO DE ODIVELAS,PA,15886,0.0,0.0,0.0,0.0,False,sem exportação aos EUA,True,média,Amazônia Legal
1504752,MOJUÍ DOS CAMPOS,PA,24248,0.0,53361.0,0.0,0.0,False,sem exportação aos EUA,True,média,Amazônia Legal
1507755,SAPUCAIA,PA,5430,0.0,0.0,0.0,0.0,False,sem exportação aos EUA,True,média,Amazônia Legal
1502004,CACHOEIRA DO ARARI,PA,18975,0.0,0.0,0.0,0.0,False,sem exportação aos EUA,True,média,Amazônia Legal
1502608,COLARES,PA,12702,0.0,0.0,0.0,0.0,False,sem exportação aos EUA,True,média,Amazônia Legal
1501253,BANNACH,PA,3170,0.0,0.0,0.0,0.0,False,sem exportação aos EUA,True,média,Amazônia Legal
1502905,CURUÇÁ,PA,36832,0.0,0.0,0.0,0.0,False,sem exportação aos EUA,True,média,Amazônia Legal
1503044,FLORESTA DO ARAGUAIA,PA,13756,0.0,0.0,0.0,0.0,False,sem exportação aos EUA,True,média,Amazônia Legal
1502806,CURRALINHO,PA,25964,0.0,0.0,0.0,0.0,False,sem exportação aos EUA,True,média,Amazônia Legal
1507961,TERRA ALTA,PA,12581,0.0,0.0,0.0,0.0,False,sem exportação aos EUA,True,média,Amazônia Legal
1502707,CONCEIÇÃO DO ARAGUAIA,PA,33537,0.0,7704456.0,0.0,0.0,False,sem exportação aos EUA,True,média,Amazônia Legal
1502764,CUMARU DO NORTE,PA,8216,0.0,0.0,0.0,0.0,False,sem exportação aos EUA,True,média,Amazônia Legal
1500131,ABEL FIGUEIREDO,PA,6010,0.0,469060.0,0.0,0.0,False,sem exportação aos EUA,True,média,Amazônia Legal
1507466,SÃO JOÃO DA PONTA,PA,6367,0.0,0.0,0.0,0.0,False,sem exportação aos EUA,True,média,Amazônia Legal
1502509,CHAVES,PA,15966,0.0,0.0,0.0,0.0,False,sem exportação aos EUA,True,média,Amazônia Legal
1504950,NOVA ESPERANÇA DO PIRIÁ,PA,15528,0.0,0.0,0.0,0.0,False,sem exportação aos EUA,True,média,Amazônia Legal
1507151,SÃO DOMINGOS DO ARAGUAIA,PA,15405,0.0,0.0,0.0,0.0,False,sem exportação aos EUA,True,média,Amazônia Legal
1502202,CAPANEMA,PA,54759,0.0,1212131.0,0.0,0.0,False,sem exportação aos EUA,True,média,Amazônia Legal
1505064,NOVO REPARTIMENTO,PA,45702,0.0,0.0,0.0,0.0,False,sem exportação aos EUA,True,média,Amazônia Legal
1502103,CAMETÁ,PA,106190,0.0,0.0,0.0,0.0,False,sem exportação aos EUA,True,média,Amazônia Legal
1508357,VITÓRIA DO XINGU,PA,16489,0.0,0.0,0.0,0.0,False,sem exportação aos EUA,True,média,Amazônia Legal
1503002,FARO,PA,7131,0.0,0.0,0.0,0.0,False,sem exportação aos EUA,True,média,Amazônia Legal
1504976,NOVA IPIXUNA,PA,11487,0.0,0.0,0.0,0.0,False,sem exportação aos EUA,True,média,Amazônia Legal
1503101,GURUPÁ,PA,24520,0.0,0.0,0.0,0.0,False,sem exportação aos EUA,True,média,Amazônia Legal
1505650,PLACAS,PA,14807,0.0,153192.0,0.0,0.0,False,sem exportação aos EUA,True,média,Amazônia Legal
1504109,MAGALHÃES BARATA,PA,8796,0.0,0.0,0.0,0.0,False,sem exportação aos EUA,True,média,Amazônia Legal
1501451,BELTERRA,PA,17778,0.0,0.0,0.0,0.0,False,sem exportação aos EUA,True,média,Amazônia Legal
1504000,LIMOEIRO DO AJURU,PA,22959,0.0,0.0,0.0,0.0,False,sem exportação aos EUA,True,média,Amazônia Legal
1505635,PIÇARRA,PA,9403,0.0,0.0,0.0,0.0,False,sem exportação aos EUA,True,média,Amazônia Legal
1503903,JURUTI,PA,39112,0.0,16939586.0,0.0,0.0,False,sem exportação aos EUA,True,média,Amazônia Legal
1501956,CACHOEIRA DO PIRIÁ,PA,14421,0.0,0.0,0.0,0.0,False,sem exportação aos EUA,True,média,Amazônia Legal
1503804,JACUNDÁ,PA,30585,0.0,0.0,0.0,0.0,False,sem exportação aos EUA,True,média,Amazônia Legal
1502855,CURUÁ,PA,11427,0.0,0.0,0.0,0.0,False,sem exportação aos EUA,True,média,Amazônia Legal
1503705,ITUPIRANGA,PA,32730,0.0,30094.0,0.0,0.0,False,sem exportação aos EUA,True,média,Amazônia Legal
1500859,ANAPU,PA,25278,0.0,34353.0,0.0,0.0,False,sem exportação aos EUA,True,média,Amazônia Legal
1502152,CANAÃ DOS CARAJÁS,PA,73378,0.0,6555345199.0,0.0,0.0,True,sem exportação aos EUA,True,média,Amazônia Legal
1503507,IRITUIA,PA,26388,0.0,0.0,0.0,0.0,False,sem exportação aos EUA,True,média,Amazônia Legal
1506112,QUATIPURU,PA,10484,0.0,0.0,0.0,0.0,False,sem exportação aos EUA,True,média,Amazônia Legal
1508035,TRACUATEUA,PA,25730,0.0,0.0,0.0,0.0,False,sem exportação aos EUA,True,média,Amazônia Legal
1503200,IGARAPÉ-AÇU,PA,31175,0.0,0.0,0.0,0.0,False,sem exportação aos EUA,True,média,Amazônia Legal
2510907,PAULISTA,PB,10996,0.0,0.0,0.0,0.0,False,sem exportação aos EUA,False,baixa,
2511004,PEDRA BRANCA,PB,4075,0.0,0.0,0.0,0.0,False,sem exportação aos EUA,False,baixa,
2511202,PEDRAS DE FOGO,PB,25239,0.0,0.0,0.0,0.0,False,sem exportação aos EUA,False,baixa,
2615607,TRINDADE,PE,25102,0.0,0.0,0.0,0.0,False,sem exportação aos EUA,False,baixa,
2616308,VICÊNCIA,PE,22237,0.0,0.0,0.0,0.0,False,sem exportação aos EUA,False,baixa,
2616209,VERTENTES,PE,16698,0.0,0.0,0.0,0.0,False,sem exportação aos EUA,False,baixa,
2616100,VERDEJANTE,PE,8411,0.0,0.0,0.0,0.0,False,sem exportação aos EUA,False,baixa,
2616001,VENTUROSA,PE,14784,0.0,0.0,0.0,0.0,False,sem exportação aos EUA,False,baixa,
2615904,TUPARETAMA,PE,7990,0.0,0.0,0.0,0.0,False,sem exportação aos EUA,False,baixa,
2615805,TUPANATINGA,PE,16635,0.0,0.0,0.0,0.0,False,sem exportação aos EUA,False,baixa,
2615706,TRIUNFO,PE,12186,0.0,0.0,0.0,0.0,False,sem exportação aos EUA,False,baixa,
2615508,TRACUNHAÉM,PE,12070,0.0,0.0,0.0,0.0,False,sem exportação aos EUA,False,baixa,
2614402,SOLIDÃO,PE,5531,0.0,0.0,0.0,0.0,False,sem exportação aos EUA,False,baixa,
2615409,TORITAMA,PE,35207,0.0,0.0,0.0,0.0,False,sem exportação aos EUA,False,baixa,
2615201,TERRA NOVA,PE,8841,0.0,0.0,0.0,0.0,False,sem exportação aos EUA,False,baixa,
2615102,TEREZINHA,PE,6630,0.0,0.0,0.0,0.0,False,sem exportação aos EUA,False,baixa,
2615003,TAQUARITINGA DO NORTE,PE,22236,0.0,0.0,0.0,0.0,False,sem exportação aos EUA,False,baixa,
2614808,TACARATU,PE,18225,0.0,0.0,0.0,0.0,False,sem exportação aos EUA,False,baixa,
2614709,TACAIMBÓ,PE,11013,0.0,0.0,0.0,0.0,False,sem exportação aos EUA,False,baixa,
2614600,TABIRA,PE,21365,0.0,0.0,0.0,0.0,False,sem exportação aos EUA,False,baixa,
2605459,FERNANDO DE NORONHA,PE,3657,0.0,0.0,0.0,0.0,False,sem exportação aos EUA,False,baixa,
2201960,BRASILEIRA,PI,8739,0.0,0.0,0.0,0.0,False,sem exportação aos EUA,False,baixa,
2200103,AGRICOLÂNDIA,PI,5547,0.0,0.0,0.0,0.0,False,sem exportação aos EUA,False,baixa,
2200277,ALEGRETE DO PIAUÍ,PI,4534,0.0,0.0,0.0,0.0,False,sem exportação aos EUA,False,baixa,
2200905,AROAZES,PI,5575,0.0,0.0,0.0,0.0,False,sem exportação aos EUA,False,baixa,
2202251,CANAVIEIRA,PI,3447,0.0,0.0,0.0,0.0,False,sem exportação aos EUA,False,baixa,
2200806,ANTÔNIO ALMEIDA,PI,3064,0.0,0.0,0.0,0.0,False,sem exportação aos EUA,False,baixa,
2202091,CALDEIRÃO GRANDE DO PIAUÍ,PI,5176,0.0,0.0,0.0,0.0,False,sem exportação aos EUA,False,baixa,
2200707,ANÍSIO DE ABREU,PI,7166,0.0,0.0,0.0,0.0,False,sem exportação aos EUA,False,baixa,
2202059,CABECEIRAS DO PIAUÍ,PI,9837,0.0,0.0,0.0,0.0,False,sem exportação aos EUA,False,baixa,
2200608,ANGICAL DO PIAUÍ,PI,6640,0.0,0.0,0.0,0.0,False,sem exportação aos EUA,False,baixa,
2202026,BURITI DOS MONTES,PI,6972,0.0,0.0,0.0,0.0,False,sem exportação aos EUA,False,baixa,
2200509,AMARANTE,PI,16004,0.0,0.0,0.0,0.0,False,sem exportação aos EUA,False,baixa,
2201929,BONFIM DO PIAUÍ,PI,4967,0.0,0.0,0.0,0.0,False,sem exportação aos EUA,False,baixa,
2200400,ALTOS,PI,37002,0.0,1932147.0,0.0,0.0,False,sem exportação aos EUA,False,baixa,
2201919,BOM PRINCÍPIO DO PIAUÍ,PI,6778,0.0,0.0,0.0,0.0,False,sem exportação aos EUA,False,baixa,
2200301,ALTO LONGÁ,PI,12857,0.0,0.0,0.0,0.0,False,sem exportação aos EUA,False,baixa,
2201150,BAIXA GRANDE DO RIBEIRO,PI,11444,0.0,12990614.0,0.0,0.0,False,sem exportação aos EUA,False,baixa,
2200202,ÁGUA BRANCA,PI,15858,0.0,0.0,0.0,0.0,False,sem exportação aos EUA,False,baixa,
2614501,SURUBIM,PE,48477,0.0,0.0,0.0,0.0,False,sem exportação aos EUA,False,baixa,
2614303,MOREILÂNDIA,PE,9938,0.0,0.0,0.0,0.0,False,sem exportação aos EUA,False,baixa,
2201002,ARRAIAL,PI,4367,0.0,0.0,0.0,0.0,False,sem exportação aos EUA,False,baixa,
2611002,PETROLÂNDIA,PE,26448,0.0,0.0,0.0,0.0,False,sem exportação aos EUA,False,baixa,
2612208,SALGUEIRO,PE,43388,0.0,0.0,0.0,0.0,False,sem exportação aos EUA,False,baixa,
2612109,SALGADINHO,PE,7134,0.0,0.0,0.0,0.0,False,sem exportação aos EUA,False,baixa,
2612000,SAIRÉ,PE,11278,0.0,0.0,0.0,0.0,False,sem exportação aos EUA,False,baixa,
2611705,RIACHO DAS ALMAS,PE,20962,0.0,0.0,0.0,0.0,False,sem exportação aos EUA,False,baixa,
2611507,QUIPAPÁ,PE,15431,0.0,0.0,0.0,0.0,False,sem exportação aos EUA,False,baixa,
2611309,POMBOS,PE,20453,0.0,26726.0,0.0,0.0,False,sem exportação aos EUA,False,baixa,
2611200,POÇÃO,PE,10334,0.0,5385.0,0.0,0.0,False,sem exportação aos EUA,False,baixa,
2610905,PESQUEIRA,PE,52492,0.0,0.0,0.0,0.0,False,sem exportação aos EUA,False,baixa,
2614204,SIRINHAÉM,PE,28560,0.0,50350436.0,0.0,0.0,False,sem exportação aos EUA,False,baixa,
2610806,PEDRA,PE,18714,0.0,0.0,0.0,0.0,False,sem exportação aos EUA,False,baixa,
2610608,PAUDALHO,PE,45812,0.0,0.0,0.0,0.0,False,sem exportação aos EUA,False,baixa,
2610509,PASSIRA,PE,26110,0.0,0.0,0.0,0.0,False,sem exportação aos EUA,False,baixa,
2610400,PARNAMIRIM,PE,18517,0.0,0.0,0.0,0.0,False,sem exportação aos EUA,False,baixa,
2610301,PARANATAMA,PE,11943,0.0,0.0,0.0,0.0,False,sem exportação aos EUA,False,baixa,
2610202,PANELAS,PE,19612,0.0,0.0,0.0,0.0,False,sem exportação aos EUA,False,baixa,
2610103,PALMEIRINA,PE,6511,0.0,0.0,0.0,0.0,False,sem exportação aos EUA,False,baixa,
2612307,SALOÁ,PE,13660,0.0,0.0,0.0,0.0,False,sem exportação aos EUA,False,baixa,
2612406,SANHARÓ,PE,16323,0.0,0.0,0.0,0.0,False,sem exportação aos EUA,False,baixa,
2612505,SANTA CRUZ DO CAPIBARIBE,PE,66108,0.0,12901.0,0.0,0.0,False,sem exportação aos EUA,False,baixa,
2612604,SANTA MARIA DA BOA VISTA,PE,30641,0.0,120967.0,0.0,0.0,False,sem exportação aos EUA,False,baixa,
2614105,SERTÂNIA,PE,27423,0.0,0.0,0.0,0.0,False,sem exportação aos EUA,False,baixa,
2614006,SERRITA,PE,17061,0.0,0.0,0.0,0.0,False,sem exportação aos EUA,False,baixa,
2613909,SERRA TALHADA,PE,63665,0.0,0.0,0.0,0.0,False,sem exportação aos EUA,False,baixa,
2613800,SÃO VICENTE FÉRRER,PE,14551,0.0,0.0,0.0,0.0,False,sem exportação aos EUA,False,baixa,
2613701,SÃO LOURENÇO DA MATA,PE,83623,0.0,406929.0,0.0,0.0,False,sem exportação aos EUA,False,baixa,
2613602,SÃO JOSÉ DO EGITO,PE,24100,0.0,0.0,0.0,0.0,False,sem exportação aos EUA,False,baixa,
2613503,SÃO JOSÉ DO BELMONTE,PE,28341,0.0,0.0,0.0,0.0,False,sem exportação aos EUA,False,baixa,
2613404,SÃO JOSÉ DA COROA GRANDE,PE,17746,0.0,0.0,0.0,0.0,False,sem exportação aos EUA,False,baixa,
2613305,SÃO JOAQUIM DO MONTE,PE,17631,0.0,0.0,0.0,0.0,False,sem exportação aos EUA,False,baixa,
2613206,SÃO JOÃO,PE,18178,0.0,0.0,0.0,0.0,False,sem exportação aos EUA,False,baixa,
2613107,SÃO CAITANO,PE,30888,0.0,0.0,0.0,0.0,False,sem exportação aos EUA,False,baixa,
2613008,SÃO BENTO DO UNA,PE,38192,0.0,0.0,0.0,0.0,False,sem exportação aos EUA,False,baixa,
2612901,SÃO BENEDITO DO SUL,PE,7832,0.0,0.0,0.0,0.0,False,sem exportação aos EUA,False,baixa,
2612802,SANTA TEREZINHA,PE,8044,0.0,0.0,0.0,0.0,False,sem exportação aos EUA,False,baixa,
2612703,SANTA MARIA DO CAMBUCÁ,PE,11524,0.0,0.0,0.0,0.0,False,sem exportação aos EUA,False,baixa,
2202737,COIVARAS,PI,5672,0.0,0.0,0.0,0.0,False,sem exportação aos EUA,False,baixa,
2202752,COLÔNIA DO GURGUÉIA,PI,5574,0.0,0.0,0.0,0.0,False,sem exportação aos EUA,False,baixa,
2609907,OURICURI,PE,48563,0.0,0.0,0.0,0.0,False,sem exportação aos EUA,False,baixa,
2203602,ELISEU MARTINS,PI,4015,0.0,0.0,0.0,0.0,False,sem exportação aos EUA,False,baixa,
2204006,FRANCINÓPOLIS,PI,4556,0.0,0.0,0.0,0.0,False,sem exportação aos EUA,False,baixa,
2203909,FLORIANO,PI,44933,0.0,0.0,0.0,0.0,False,sem exportação aos EUA,False,baixa,
2203230,CURRAIS,PI,6287,0.0,84688.0,0.0,0.0,False,sem exportação aos EUA,False,baixa,
2203800,FLORES DO PIAUÍ,PI,4318,0.0,0.0,0.0,0.0,False,sem exportação aos EUA,False,baixa,
2202174,CAMPO LARGO DO PIAUÍ,PI,5863,0.0,0.0,0.0,0.0,False,sem exportação aos EUA,False,baixa,
2203701,ESPERANTINA,PI,32709,0.0,0.0,0.0,0.0,False,sem exportação aos EUA,False,baixa,
2202133,CAMPO GRANDE DO PIAUÍ,PI,5304,0.0,0.0,0.0,0.0,False,sem exportação aos EUA,False,baixa,
2202455,CAPITÃO GERVÁSIO OLIVEIRA,PI,4054,0.0,2560.0,0.0,0.0,False,sem exportação aos EUA,False,baixa,
2203107,CRISTINO CASTRO,PI,8594,0.0,0.0,0.0,0.0,False,sem exportação aos EUA,False,baixa,
2203503,ELESBÃO VELOSO,PI,13416,0.0,0.0,0.0,0.0,False,sem exportação aos EUA,False,baixa,
2203453,DOM INOCÊNCIO,PI,7564,0.0,0.0,0.0,0.0,False,sem exportação aos EUA,False,baixa,
2203404,DOM EXPEDITO LOPES,PI,6542,0.0,0.0,0.0,0.0,False,sem exportação aos EUA,False,baixa,
2201770,BOA HORA,PI,6884,0.0,0.0,0.0,0.0,False,sem exportação aos EUA,False,baixa,
2203305,DEMERVAL LOBÃO,PI,13788,0.0,0.0,0.0,0.0,False,sem exportação aos EUA,False,baixa,
2201988,BREJO DO PIAUÍ,PI,3894,0.0,0.0,0.0,0.0,False,sem exportação aos EUA,False,baixa,
2203206,CURIMATÁ,PI,9386,0.0,0.0,0.0,0.0,False,sem exportação aos EUA,False,baixa,
2204550,GUARIBAS,PI,4478,0.0,0.0,0.0,0.0,False,sem exportação aos EUA,False,baixa,
2204105,FRANCISCO AYRES,PI,5168,0.0,0.0,0.0,0.0,False,sem exportação aos EUA,False,baixa,
2204659,ILHA GRANDE,PI,9354,0.0,0.0,0.0,0.0,False,sem exportação aos EUA,False,baixa,
2204204,FRANCISCO SANTOS,PI,7087,0.0,0.0,0.0,0.0,False,sem exportação aos EUA,False,baixa,
2205003,ITAINÓPOLIS,PI,9605,0.0,0.0,0.0,0.0,False,sem exportação aos EUA,False,baixa,
2209971,SÃO JOÃO DO ARRAIAL,PI,7625,0.0,0.0,0.0,0.0,False,sem exportação aos EUA,False,baixa,
2204907,ISAÍAS COELHO,PI,6463,0.0,0.0,0.0,0.0,False,sem exportação aos EUA,False,baixa,
2207959,NOVA SANTA RITA,PI,4142,0.0,0.0,0.0,0.0,False,sem exportação aos EUA,False,baixa,
2204808,IPIRANGA DO PIAUÍ,PI,7746,0.0,0.0,0.0,0.0,False,sem exportação aos EUA,False,baixa,
2207553,PAQUETÁ,PI,4173,0.0,0.0,0.0,0.0,False,sem exportação aos EUA,False,baixa,
2204709,INHUMA,PI,13109,0.0,0.0,0.0,0.0,False,sem exportação aos EUA,False,baixa,
2206753,NOSSA SENHORA DE NAZARÉ,PI,6117,0.0,0.0,0.0,0.0,False,sem exportação aos EUA,False,baixa,
2204600,HUGO NAPOLEÃO,PI,4428,0.0,0.0,0.0,0.0,False,sem exportação aos EUA,False,baixa,
2206951,NOVO SANTO ANTÔNIO,PI,4732,0.0,0.0,0.0,0.0,False,sem exportação aos EUA,False,baixa,
2204501,GUADALUPE,PI,8682,0.0,8100.0,0.0,0.0,False,sem exportação aos EUA,False,baixa,
2206654,MORRO CABEÇA NO TEMPO,PI,4202,0.0,0.0,0.0,0.0,False,sem exportação aos EUA,False,baixa,
2205573,LAGOA DE SÃO FRANCISCO,PI,6040,0.0,0.0,0.0,0.0,False,sem exportação aos EUA,False,baixa,
2204303,FRONTEIRAS,PI,9541,0.0,0.0,0.0,0.0,False,sem exportação aos EUA,False,baixa,
2205532,JUREMA,PI,5184,0.0,0.0,0.0,0.0,False,sem exportação aos EUA,False,baixa,
2201556,BELA VISTA DO PIAUÍ,PI,3462,0.0,0.0,0.0,0.0,False,sem exportação aos EUA,False,baixa,
2201176,BARRA D'ALCÂNTARA,PI,3576,0.0,0.0,0.0,0.0,False,sem exportação aos EUA,False,baixa,
2201101,AVELINO LOPES,PI,9563,0.0,0.0,0.0,0.0,False,sem exportação aos EUA,False,baixa,
2205250,JARDIM DO MULATO,PI,4530,0.0,0.0,0.0,0.0,False,sem exportação aos EUA,False,baixa,
2207777,PATOS DO PIAUÍ,PI,5568,0.0,0.0,0.0,0.0,False,sem exportação aos EUA,False,baixa,
2201903,BOM JESUS,PI,19900,0.0,290964791.0,0.0,0.0,False,sem exportação aos EUA,False,baixa,
2205953,MARCOLÂNDIA,PI,8736,0.0,0.0,0.0,0.0,False,sem exportação aos EUA,False,baixa,
2201804,BOCAINA,PI,5573,0.0,0.0,0.0,0.0,False,sem exportação aos EUA,False,baixa,
2201705,BERTOLÍNIA,PI,4969,0.0,0.0,0.0,0.0,False,sem exportação aos EUA,False,baixa,
2205557,LAGOA ALEGRE,PI,8599,0.0,0.0,0.0,0.0,False,sem exportação aos EUA,False,baixa,
2201606,BENEDITINOS,PI,9612,0.0,0.0,0.0,0.0,False,sem exportação aos EUA,False,baixa,
2201507,BATALHA,PI,22539,0.0,0.0,0.0,0.0,False,sem exportação aos EUA,False,baixa,
2203008,CRISTALÂNDIA DO PIAUÍ,PI,6237,0.0,0.0,0.0,0.0,False,sem exportação aos EUA,False,baixa,
2205151,JACOBINA DO PIAUÍ,PI,5231,0.0,0.0,0.0,0.0,False,sem exportação aos EUA,False,baixa,
2201408,BARRO DURO,PI,6411,0.0,0.0,0.0,0.0,False,sem exportação aos EUA,False,baixa,
2203750,FARTURA DO PIAUÍ,PI,4753,0.0,0.0,0.0,0.0,False,sem exportação aos EUA,False,baixa,
2201309,BARREIRAS DO PIAUÍ,PI,3633,0.0,0.0,0.0,0.0,False,sem exportação aos EUA,False,baixa,
2202851,CORONEL JOSÉ DIAS,PI,5395,0.0,0.0,0.0,0.0,False,sem exportação aos EUA,False,baixa,
2201200,BARRAS,PI,38201,0.0,0.0,0.0,0.0,False,sem exportação aos EUA,False,baixa,
2202778,COLÔNIA DO PIAUÍ,PI,6180,0.0,0.0,0.0,0.0,False,sem exportação aos EUA,False,baixa,
2202000,BURITI DOS LOPES,PI,17653,0.0,0.0,0.0,0.0,False,sem exportação aos EUA,False,baixa,
2207751,PASSAGEM FRANCA DO PIAUÍ,PI,4164,0.0,0.0,0.0,0.0,False,sem exportação aos EUA,False,baixa,
2202109,CAMPINAS DO PIAUÍ,PI,5376,0.0,0.0,0.0,0.0,False,sem exportação aos EUA,False,baixa,
2208650,QUEIMADA NOVA,PI,7227,0.0,0.0,0.0,0.0,False,sem exportação aos EUA,False,baixa,
2211357,VÁRZEA BRANCA,PI,4694,0.0,0.0,0.0,0.0,False,sem exportação aos EUA,False,baixa,
2202901,CORRENTE,PI,21194,0.0,38116871.0,0.0,0.0,False,sem exportação aos EUA,False,baixa,
2210359,SÃO LOURENÇO DO PIAUÍ,PI,4860,0.0,0.0,0.0,0.0,False,sem exportação aos EUA,False,baixa,
2202802,CONCEIÇÃO DO CANINDÉ,PI,5002,0.0,0.0,0.0,0.0,False,sem exportação aos EUA,False,baixa,
2210656,SIGEFREDO PACHECO,PI,9278,0.0,0.0,0.0,0.0,False,sem exportação aos EUA,False,baixa,
2202703,COCAL,PI,23420,0.0,0.0,0.0,0.0,False,sem exportação aos EUA,False,baixa,
2210052,SÃO JOSÉ DO DIVINO,PI,5071,0.0,0.0,0.0,0.0,False,sem exportação aos EUA,False,baixa,
2202604,CASTELO DO PIAUÍ,PI,16956,0.0,209371.0,0.0,0.0,False,sem exportação aos EUA,False,baixa,
2209559,SÃO BRAZ DO PIAUÍ,PI,4155,0.0,0.0,0.0,0.0,False,sem exportação aos EUA,False,baixa,
2202505,CARACOL,PI,8414,0.0,0.0,0.0,0.0,False,sem exportação aos EUA,False,baixa,
2209351,SANTANA DO PIAUÍ,PI,4214,0.0,0.0,0.0,0.0,False,sem exportação aos EUA,False,baixa,
2202406,CAPITÃO DE CAMPOS,PI,10509,0.0,0.0,0.0,0.0,False,sem exportação aos EUA,False,baixa,
2209377,SANTA ROSA DO PIAUÍ,PI,4981,0.0,0.0,0.0,0.0,False,sem exportação aos EUA,False,baixa,
2202307,CANTO DO BURITI,PI,16253,0.0,0.0,0.0,0.0,False,sem exportação aos EUA,False,baixa,
2209153,SANTA CRUZ DOS MILAGRES,PI,3971,0.0,0.0,0.0,0.0,False,sem exportação aos EUA,False,baixa,
2610004,PALMARES,PE,40845,0.0,16431.0,0.0,0.0,False,sem exportação aos EUA,False,baixa,
2609808,OROCÓ,PE,12481,0.0,0.0,0.0,0.0,False,sem exportação aos EUA,False,baixa,
2511301,PIANCÓ,PB,12777,0.0,0.0,0.0,0.0,False,sem exportação aos EUA,False,baixa,
2516508,TAPEROÁ,PB,11366,0.0,0.0,0.0,0.0,False,sem exportação aos EUA,False,baixa,
2611533,QUIXABA,PE,6216,0.0,0.0,0.0,0.0,False,sem exportação aos EUA,False,baixa,
1200179,CAPIXABA,AC,8170,0.0,0.0,0.0,0.0,False,sem exportação aos EUA,True,média,Amazônia Legal
2517001,UMBUZEIRO,PB,7797,0.0,0.0,0.0,0.0,False,sem exportação aos EUA,False,baixa,
2516904,UIRAÚNA,PB,13083,0.0,0.0,0.0,0.0,False,sem exportação aos EUA,False,baixa,
2516805,TRIUNFO,PB,7597,0.0,0.0,0.0,0.0,False,sem exportação aos EUA,False,baixa,
2516706,TEIXEIRA,PB,12091,0.0,0.0,0.0,0.0,False,sem exportação aos EUA,False,baixa,
2516607,TAVARES,PB,11897,0.0,0.0,0.0,0.0,False,sem exportação aos EUA,False,baixa,
2516409,TACIMA,PB,8148,0.0,0.0,0.0,0.0,False,sem exportação aos EUA,False,baixa,
2515500,SERRA BRANCA,PB,10863,0.0,0.0,0.0,0.0,False,sem exportação aos EUA,False,baixa,
2516300,SUMÉ,PB,14168,0.0,0.0,0.0,0.0,False,sem exportação aos EUA,False,baixa,
2516201,SOUSA,PB,48187,0.0,85229.0,0.0,0.0,False,sem exportação aos EUA,False,baixa,
2516102,SOLEDADE,PB,11716,0.0,9964.0,0.0,0.0,False,sem exportação aos EUA,False,baixa,
2516003,SOLÂNEA,PB,22196,0.0,0.0,0.0,0.0,False,sem exportação aos EUA,False,baixa,
2515906,SERRARIA,PB,4595,0.0,0.0,0.0,0.0,False,sem exportação aos EUA,False,baixa,
2515807,SERRA REDONDA,PB,6492,0.0,0.0,0.0,0.0,False,sem exportação aos EUA,False,baixa,
2515708,SERRA GRANDE,PB,3110,0.0,0.0,0.0,0.0,False,sem exportação aos EUA,False,baixa,
2600104,AFOGADOS DA INGAZEIRA,PE,30094,0.0,0.0,0.0,0.0,False,sem exportação aos EUA,False,baixa,
2608453,LAGOA DO CARRO,PE,15710,0.0,0.0,0.0,0.0,False,sem exportação aos EUA,False,baixa,
2600203,AFRÂNIO,PE,17488,0.0,0.0,0.0,0.0,False,sem exportação aos EUA,False,baixa,
2612471,SANTA CRUZ DA BAIXA VERDE,PE,9916,0.0,0.0,0.0,0.0,False,sem exportação aos EUA,False,baixa,
2601052,ARAÇOIABA,PE,17404,0.0,0.0,0.0,0.0,False,sem exportação aos EUA,False,baixa,
2601003,ANGELIM,PE,9105,0.0,0.0,0.0,0.0,False,sem exportação aos EUA,False,baixa,
2600906,AMARAJI,PE,17368,0.0,0.0,0.0,0.0,False,sem exportação aos EUA,False,baixa,
2603926,CARNAUBEIRA DA PENHA,PE,12559,0.0,0.0,0.0,0.0,False,sem exportação aos EUA,False,baixa,
2600807,ALTINHO,PE,17270,0.0,0.0,0.0,0.0,False,sem exportação aos EUA,False,baixa,
2605152,DORMENTES,PE,16158,0.0,0.0,0.0,0.0,False,sem exportação aos EUA,False,baixa,
2600708,ALIANÇA,PE,29186,0.0,0.0,0.0,0.0,False,sem exportação aos EUA,False,baixa,
2608255,JUCATI,PE,10180,0.0,0.0,0.0,0.0,False,sem exportação aos EUA,False,baixa,
2600609,ALAGOINHA,PE,12070,0.0,0.0,0.0,0.0,False,sem exportação aos EUA,False,baixa,
2612455,SANTA CRUZ,PE,12838,0.0,0.0,0.0,0.0,False,sem exportação aos EUA,False,baixa,
2600500,ÁGUAS BELAS,PE,35255,0.0,0.0,0.0,0.0,False,sem exportação aos EUA,False,baixa,
2616183,VERTENTE DO LÉRIO,PE,8292,0.0,0.0,0.0,0.0,False,sem exportação aos EUA,False,baixa,
2600401,ÁGUA PRETA,PE,20198,0.0,0.0,0.0,0.0,False,sem exportação aos EUA,False,baixa,
2616506,XEXÉU,PE,11213,0.0,0.0,0.0,0.0,False,sem exportação aos EUA,False,baixa,
2600302,AGRESTINA,PE,20932,0.0,0.0,0.0,0.0,False,sem exportação aos EUA,False,baixa,
2515609,SERRA DA RAIZ,PB,3167,0.0,0.0,0.0,0.0,False,sem exportação aos EUA,False,baixa,
2515401,SÃO VICENTE DO SERIDÓ,PB,9254,0.0,0.0,0.0,0.0,False,sem exportação aos EUA,False,baixa,
2604155,CASINHAS,PE,12078,0.0,0.0,0.0,0.0,False,sem exportação aos EUA,False,baixa,
2512309,PRINCESA ISABEL,PB,16939,0.0,0.0,0.0,0.0,False,sem exportação aos EUA,False,baixa,
2513109,SALGADO DE SÃO FÉLIX,PB,10366,0.0,0.0,0.0,0.0,False,sem exportação aos EUA,False,baixa,
2513000,SALGADINHO,PB,3477,0.0,0.0,0.0,0.0,False,sem exportação aos EUA,False,baixa,
2512903,RIO TINTO,PB,18838,0.0,0.0,0.0,0.0,False,sem exportação aos EUA,False,baixa,
2512804,RIACHO DOS CAVALOS,PB,8428,0.0,0.0,0.0,0.0,False,sem exportação aos EUA,False,baixa,
2512705,REMÍGIO,PB,15062,0.0,0.0,0.0,0.0,False,sem exportação aos EUA,False,baixa,
2512606,QUIXABA,PB,2501,0.0,0.0,0.0,0.0,False,sem exportação aos EUA,False,baixa,
2512507,QUEIMADAS,PB,36681,0.0,0.0,0.0,0.0,False,sem exportação aos EUA,False,baixa,
2512200,PRATA,PB,4236,0.0,0.0,0.0,0.0,False,sem exportação aos EUA,False,baixa,
2515302,SAPÉ,PB,38037,0.0,0.0,0.0,0.0,False,sem exportação aos EUA,False,baixa,
2512101,POMBAL,PB,25859,0.0,0.0,0.0,0.0,False,sem exportação aos EUA,False,baixa,
2512002,POCINHOS,PB,15440,0.0,792033.0,0.0,0.0,False,sem exportação aos EUA,False,baixa,
2511806,PIRPIRITUBA,PB,8201,0.0,0.0,0.0,0.0,False,sem exportação aos EUA,False,baixa,
2511707,PILÕEZINHOS,PB,5890,0.0,0.0,0.0,0.0,False,sem exportação aos EUA,False,baixa,
2511608,PILÕES,PB,7122,0.0,0.0,0.0,0.0,False,sem exportação aos EUA,False,baixa,
2511509,PILAR,PB,10756,0.0,0.0,0.0,0.0,False,sem exportação aos EUA,False,baixa,
2511400,PICUÍ,PB,15036,0.0,9996.0,0.0,0.0,False,sem exportação aos EUA,False,baixa,
2513208,SANTA CRUZ,PB,5529,0.0,0.0,0.0,0.0,False,sem exportação aos EUA,False,baixa,
2513307,SANTA HELENA,PB,5959,0.0,0.0,0.0,0.0,False,sem exportação aos EUA,False,baixa,
2513505,SANTANA DE MANGUEIRA,PB,4562,0.0,0.0,0.0,0.0,False,sem exportação aos EUA,False,baixa,
2513604,SANTANA DOS GARROTES,PB,6318,0.0,0.0,0.0,0.0,False,sem exportação aos EUA,False,baixa,
2515203,SÃO SEBASTIÃO DO UMBUZEIRO,PB,3304,0.0,0.0,0.0,0.0,False,sem exportação aos EUA,False,baixa,
2515104,SÃO SEBASTIÃO DE LAGOA DE ROÇA,PB,9171,0.0,0.0,0.0,0.0,False,sem exportação aos EUA,False,baixa,
2515005,SÃO MIGUEL DE TAIPU,PB,6576,0.0,0.0,0.0,0.0,False,sem exportação aos EUA,False,baixa,
2514909,SÃO MAMEDE,PB,7110,0.0,0.0,0.0,0.0,False,sem exportação aos EUA,False,baixa,
2514800,SÃO JOSÉ DOS CORDEIROS,PB,3778,0.0,0.0,0.0,0.0,False,sem exportação aos EUA,False,baixa,
2514701,SÃO JOSÉ DO SABUGI,PB,4227,0.0,0.0,0.0,0.0,False,sem exportação aos EUA,False,baixa,
2514602,SÃO JOSÉ DO BONFIM,PB,4531,0.0,0.0,0.0,0.0,False,sem exportação aos EUA,False,baixa,
2514503,SÃO JOSÉ DE PIRANHAS,PB,15561,0.0,0.0,0.0,0.0,False,sem exportação aos EUA,False,baixa,
2514404,SÃO JOSÉ DE ESPINHARAS,PB,4450,0.0,0.0,0.0,0.0,False,sem exportação aos EUA,False,baixa,
2514305,SÃO JOSÉ DE CAIANA,PB,5643,0.0,0.0,0.0,0.0,False,sem exportação aos EUA,False,baixa,
2514206,SÃO JOSÉ DA LAGOA TAPADA,PB,7125,0.0,0.0,0.0,0.0,False,sem exportação aos EUA,False,baixa,
2514107,SÃO JOÃO DO TIGRE,PB,3965,0.0,0.0,0.0,0.0,False,sem exportação aos EUA,False,baixa,
2514008,SÃO JOÃO DO CARIRI,PB,4578,0.0,0.0,0.0,0.0,False,sem exportação aos EUA,False,baixa,
2513901,SÃO BENTO,PB,29523,0.0,154079.0,0.0,0.0,False,sem exportação aos EUA,False,baixa,
2513802,SANTA TERESINHA,PB,5773,0.0,606355.0,0.0,0.0,False,sem exportação aos EUA,False,baixa,
2601102,ARARIPINA,PE,60070,0.0,0.0,0.0,0.0,False,sem exportação aos EUA,False,baixa,
2601201,ARCOVERDE,PE,51729,0.0,0.0,0.0,0.0,False,sem exportação aos EUA,False,baixa,
2609709,OROBÓ,PE,18326,0.0,0.0,0.0,0.0,False,sem exportação aos EUA,False,baixa,
2606408,GRAVATÁ,PE,67863,0.0,0.0,0.0,0.0,False,sem exportação aos EUA,False,baixa,
2607307,IPUBI,PE,24789,0.0,0.0,0.0,0.0,False,sem exportação aos EUA,False,baixa,
2607109,INGAZEIRA,PE,4249,0.0,0.0,0.0,0.0,False,sem exportação aos EUA,False,baixa,
2607000,INAJÁ,PE,15906,0.0,8892071.0,0.0,0.0,False,sem exportação aos EUA,False,baixa,
2606903,IGUARACY,PE,9100,0.0,0.0,0.0,0.0,False,sem exportação aos EUA,False,baixa,
2606705,IBIRAJUBA,PE,6807,0.0,0.0,0.0,0.0,False,sem exportação aos EUA,False,baixa,
2606606,IBIMIRIM,PE,21737,0.0,329423.0,0.0,0.0,False,sem exportação aos EUA,False,baixa,
2606507,IATI,PE,16331,0.0,0.0,0.0,0.0,False,sem exportação aos EUA,False,baixa,
2606309,GRANITO,PE,6958,0.0,0.0,0.0,0.0,False,sem exportação aos EUA,False,baixa,
2605301,EXU,PE,29164,0.0,0.0,0.0,0.0,False,sem exportação aos EUA,False,baixa,
2606101,GLÓRIA DO GOITÁ,PE,23472,0.0,0.0,0.0,0.0,False,sem exportação aos EUA,False,baixa,
2606002,GARANHUNS,PE,99315,0.0,290561.0,0.0,0.0,False,sem exportação aos EUA,False,baixa,
2605905,GAMELEIRA,PE,14871,0.0,0.0,0.0,0.0,False,sem exportação aos EUA,False,baixa,
2605806,FREI MIGUELINHO,PE,12929,0.0,0.0,0.0,0.0,False,sem exportação aos EUA,False,baixa,
2605707,FLORESTA,PE,25254,0.0,1399.0,0.0,0.0,False,sem exportação aos EUA,False,baixa,
2605608,FLORES,PE,16541,0.0,0.0,0.0,0.0,False,sem exportação aos EUA,False,baixa,
2605509,FERREIROS,PE,10137,0.0,0.0,0.0,0.0,False,sem exportação aos EUA,False,baixa,
2607406,ITACURUBA,PE,4741,0.0,139179.0,0.0,0.0,False,sem exportação aos EUA,False,baixa,
2607505,ITAÍBA,PE,21182,0.0,0.0,0.0,0.0,False,sem exportação aos EUA,False,baixa,
2607604,ILHA DE ITAMARACÁ,PE,18612,0.0,0.0,0.0,0.0,False,sem exportação aos EUA,False,baixa,
2607802,ITAQUITINGA,PE,12828,0.0,0.0,0.0,0.0,False,sem exportação aos EUA,False,baixa,
2609501,NAZARÉ DA MATA,PE,25649,0.0,661637.0,0.0,0.0,False,sem exportação aos EUA,False,baixa,
2609402,MORENO,PE,48774,0.0,1313497.0,0.0,0.0,False,sem exportação aos EUA,False,baixa,
2609303,MIRANDIBA,PE,11941,0.0,0.0,0.0,0.0,False,sem exportação aos EUA,False,baixa,
2609204,MARAIAL,PE,8002,0.0,0.0,0.0,0.0,False,sem exportação aos EUA,False,baixa,
2609105,MACHADOS,PE,11111,0.0,0.0,0.0,0.0,False,sem exportação aos EUA,False,baixa,
2609006,MACAPARANA,PE,20026,0.0,0.0,0.0,0.0,False,sem exportação aos EUA,False,baixa,
2608909,LIMOEIRO,PE,45789,0.0,0.0,0.0,0.0,False,sem exportação aos EUA,False,baixa,
2608800,LAJEDO,PE,32462,0.0,0.0,0.0,0.0,False,sem exportação aos EUA,False,baixa,
2608701,LAGOA DOS GATOS,PE,11190,0.0,0.0,0.0,0.0,False,sem exportação aos EUA,False,baixa,
2608602,LAGOA DO OURO,PE,12046,0.0,0.0,0.0,0.0,False,sem exportação aos EUA,False,baixa,
2608503,LAGOA DE ITAENGA,PE,18474,0.0,0.0,0.0,0.0,False,sem exportação aos EUA,False,baixa,
2608404,JUREMA,PE,12362,0.0,0.0,0.0,0.0,False,sem exportação aos EUA,False,baixa,
2608305,JUPI,PE,13003,0.0,0.0,0.0,0.0,False,sem exportação aos EUA,False,baixa,
2608107,JOÃO ALFREDO,PE,24726,0.0,0.0,0.0,0.0,False,sem exportação aos EUA,False,baixa,
2608008,JATAÚBA,PE,15816,0.0,0.0,0.0,0.0,False,sem exportação aos EUA,False,baixa,
2605400,FEIRA NOVA,PE,18025,0.0,0.0,0.0,0.0,False,sem exportação aos EUA,False,baixa,
2605103,CUSTÓDIA,PE,29588,0.0,0.0,0.0,0.0,False,sem exportação aos EUA,False,baixa,
2609154,MANARI,PE,14245,0.0,0.0,0.0,0.0,False,sem exportação aos EUA,False,baixa,
2601805,BETÂNIA,PE,10088,0.0,0.0,0.0,0.0,False,sem exportação aos EUA,False,baixa,
2602605,BREJO DA MADRE DE DEUS,PE,36268,0.0,0.0,0.0,0.0,False,sem exportação aos EUA,False,baixa,
2602506,BREJINHO,PE,7811,0.0,0.0,0.0,0.0,False,sem exportação aos EUA,False,baixa,
2602407,BREJÃO,PE,9703,0.0,0.0,0.0,0.0,False,sem exportação aos EUA,False,baixa,
2602308,BONITO,PE,30694,0.0,9382.0,0.0,0.0,False,sem exportação aos EUA,False,baixa,
2602100,BOM CONSELHO,PE,34189,0.0,0.0,0.0,0.0,False,sem exportação aos EUA,False,baixa,
2602001,BODOCÓ,PE,27831,0.0,0.0,0.0,0.0,False,sem exportação aos EUA,False,baixa,
2601904,BEZERROS,PE,48313,0.0,250968.0,0.0,0.0,False,sem exportação aos EUA,False,baixa,
2612554,SANTA FILOMENA,PE,12092,0.0,0.0,0.0,0.0,False,sem exportação aos EUA,False,baixa,
2605004,CUPIRA,PE,19864,0.0,7011.0,0.0,0.0,False,sem exportação aos EUA,False,baixa,
2601607,BELÉM DO SÃO FRANCISCO,PE,15567,0.0,0.0,0.0,0.0,False,sem exportação aos EUA,False,baixa,
2607950,JAQUEIRA,PE,9225,0.0,0.0,0.0,0.0,False,sem exportação aos EUA,False,baixa,
2601508,BELÉM DE MARIA,PE,9176,0.0,0.0,0.0,0.0,False,sem exportação aos EUA,False,baixa,
2614857,TAMANDARÉ,PE,20268,0.0,0.0,0.0,0.0,False,sem exportação aos EUA,False,baixa,
2601409,BARREIROS,PE,30474,0.0,0.0,0.0,0.0,False,sem exportação aos EUA,False,baixa,
2608057,JATOBÁ,PE,11616,0.0,0.0,0.0,0.0,False,sem exportação aos EUA,False,baixa,
2601300,BARRA DE GUABIRABA,PE,10106,0.0,0.0,0.0,0.0,False,sem exportação aos EUA,False,baixa,
2602704,BUENOS AIRES,PE,11990,0.0,0.0,0.0,0.0,False,sem exportação aos EUA,False,baixa,
2602803,BUÍQUE,PE,42576,0.0,0.0,0.0,0.0,False,sem exportação aos EUA,False,baixa,
2603009,CABROBÓ,PE,25723,0.0,3404854.0,0.0,0.0,False,sem exportação aos EUA,False,baixa,
2603108,CACHOEIRINHA,PE,16068,0.0,0.0,0.0,0.0,False,sem exportação aos EUA,False,baixa,
2604908,CUMARU,PE,14479,0.0,0.0,0.0,0.0,False,sem exportação aos EUA,False,baixa,
2604809,CORTÊS,PE,11265,0.0,0.0,0.0,0.0,False,sem exportação aos EUA,False,baixa,
2604700,CORRENTES,PE,14583,0.0,0.0,0.0,0.0,False,sem exportação aos EUA,False,baixa,
2604601,CONDADO,PE,19764,0.0,0.0,0.0,0.0,False,sem exportação aos EUA,False,baixa,
2604502,CHÃ GRANDE,PE,18860,0.0,0.0,0.0,0.0,False,sem exportação aos EUA,False,baixa,
2604403,CHÃ DE ALEGRIA,PE,11584,0.0,0.0,0.0,0.0,False,sem exportação aos EUA,False,baixa,
2604304,CEDRO,PE,10190,0.0,0.0,0.0,0.0,False,sem exportação aos EUA,False,baixa,
2604205,CATENDE,PE,25872,0.0,0.0,0.0,0.0,False,sem exportação aos EUA,False,baixa,
2604007,CARPINA,PE,59993,0.0,32814.0,0.0,0.0,False,sem exportação aos EUA,False,baixa,
2603900,CARNAÍBA,PE,16879,0.0,0.0,0.0,0.0,False,sem exportação aos EUA,False,baixa,
2603801,CAPOEIRAS,PE,16542,0.0,0.0,0.0,0.0,False,sem exportação aos EUA,False,baixa,
2603504,CAMOCIM DE SÃO FÉLIX,PE,15623,0.0,0.0,0.0,0.0,False,sem exportação aos EUA,False,baixa,
2603405,CALUMBI,PE,7378,0.0,0.0,0.0,0.0,False,sem exportação aos EUA,False,baixa,
2603306,CALÇADO,PE,7893,0.0,0.0,0.0,0.0,False,sem exportação aos EUA,False,baixa,
2603207,CAETÉS,PE,20683,0.0,0.0,0.0,0.0,False,sem exportação aos EUA,False,baixa,
5104807,JACIARA,MT,20547,0.0,1924673.0,0.0,0.0,False,sem exportação aos EUA,True,média,Amazônia Legal
5106315,NOVO SANTO ANTÔNIO,MT,2039,0.0,0.0,0.0,0.0,False,sem exportação aos EUA,True,média,Amazônia Legal
5107883,SERRA NOVA DOURADA,MT,1725,0.0,0.0,0.0,0.0,False,sem exportação aos EUA,True,média,Amazônia Legal
3129301,IAPU,MG,8427,0.0,0.0,0.0,0.0,False,sem exportação aos EUA,False,baixa,
3130507,ILICÍNEA,MG,9938,0.0,0.0,0.0,0.0,False,sem exportação aos EUA,False,baixa,
3130408,IJACI,MG,5796,0.0,33978.0,0.0,0.0,False,sem exportação aos EUA,False,baixa,
3130200,IGARATINGA,MG,8345,0.0,0.0,0.0,0.0,False,sem exportação aos EUA,False,baixa,
3130002,IBITURUNA,MG,2602,0.0,0.0,0.0,0.0,False,sem exportação aos EUA,False,baixa,
3129608,IBIAÍ,MG,6806,0.0,0.0,0.0,0.0,False,sem exportação aos EUA,False,baixa,
3129509,IBIÁ,MG,16840,0.0,993174.0,0.0,0.0,False,sem exportação aos EUA,False,baixa,
3129400,IBERTIOGA,MG,4944,0.0,0.0,0.0,0.0,False,sem exportação aos EUA,False,baixa,
3129202,HELIODORA,MG,5308,0.0,0.0,0.0,0.0,False,sem exportação aos EUA,False,baixa,
3128006,GUANHÃES,MG,25045,0.0,0.0,0.0,0.0,False,sem exportação aos EUA,False,baixa,
3129103,GURINHATÃ,MG,5083,0.0,0.0,0.0,0.0,False,sem exportação aos EUA,False,baixa,
3129004,GUIRICEMA,MG,7504,0.0,0.0,0.0,0.0,False,sem exportação aos EUA,False,baixa,
3128907,GUIMARÂNIA,MG,6658,0.0,0.0,0.0,0.0,False,sem exportação aos EUA,False,baixa,
3128808,GUIDOVAL,MG,6718,0.0,0.0,0.0,0.0,False,sem exportação aos EUA,False,baixa,
3128600,GUARDA-MOR,MG,6295,0.0,0.0,0.0,0.0,False,sem exportação aos EUA,False,baixa,
3128501,GUARARÁ,MG,3674,0.0,0.0,0.0,0.0,False,sem exportação aos EUA,False,baixa,
3128204,GUARACIABA,MG,8024,0.0,0.0,0.0,0.0,False,sem exportação aos EUA,False,baixa,
3130705,INDIANÓPOLIS,MG,5187,0.0,495902383.0,0.0,0.0,True,sem exportação aos EUA,False,baixa,
3130804,INGAÍ,MG,2824,0.0,0.0,0.0,0.0,False,sem exportação aos EUA,False,baixa,
3131000,INHAÚMA,MG,5730,0.0,23468.0,0.0,0.0,False,sem exportação aos EUA,False,baixa,
3131208,IPANEMA,MG,16009,0.0,0.0,0.0,0.0,False,sem exportação aos EUA,False,baixa,
3134301,ITUMIRIM,MG,5825,0.0,0.0,0.0,0.0,False,sem exportação aos EUA,False,baixa,
3133907,ITAVERAVA,MG,5696,0.0,101958.0,0.0,0.0,False,sem exportação aos EUA,False,baixa,
3133402,ITAPAGIPE,MG,10384,0.0,51042801.0,0.0,0.0,False,sem exportação aos EUA,False,baixa,
3133303,ITAOBIM,MG,16895,0.0,0.0,0.0,0.0,False,sem exportação aos EUA,False,baixa,
3133006,ITAMONTE,MG,12325,0.0,90280.0,0.0,0.0,False,sem exportação aos EUA,False,baixa,
3132909,ITAMOGI,MG,9062,0.0,256512.0,0.0,0.0,False,sem exportação aos EUA,False,baixa,
3132800,ITAMBÉ DO MATO DENTRO,MG,2720,0.0,0.0,0.0,0.0,False,sem exportação aos EUA,False,baixa,
3132701,ITAMBACURI,MG,18385,0.0,0.0,0.0,0.0,False,sem exportação aos EUA,False,baixa,
3132503,ITAMARANDIBA,MG,26424,0.0,0.0,0.0,0.0,False,sem exportação aos EUA,False,baixa,
3132305,ITAIPÉ,MG,9564,0.0,0.0,0.0,0.0,False,sem exportação aos EUA,False,baixa,
3132107,ITACARAMBI,MG,14164,0.0,0.0,0.0,0.0,False,sem exportação aos EUA,False,baixa,
3132008,ITACAMBIRA,MG,4825,0.0,0.0,0.0,0.0,False,sem exportação aos EUA,False,baixa,
3131604,IRAÍ DE MINAS,MG,6872,0.0,0.0,0.0,0.0,False,sem exportação aos EUA,False,baixa,
3131505,IPUIÚNA,MG,7715,0.0,0.0,0.0,0.0,False,sem exportação aos EUA,False,baixa,
3131406,IPIAÇU,MG,3926,0.0,0.0,0.0,0.0,False,sem exportação aos EUA,False,baixa,
3128105,GUAPÉ,MG,10938,0.0,83173.0,0.0,0.0,False,sem exportação aos EUA,False,baixa,
3127909,GRUPIARA,MG,1789,0.0,0.0,0.0,0.0,False,sem exportação aos EUA,False,baixa,
3134608,JABOTICATUBAS,MG,16254,0.0,41570.0,0.0,0.0,False,sem exportação aos EUA,False,baixa,
3124609,ESTRELA DALVA,MG,2914,0.0,0.0,0.0,0.0,False,sem exportação aos EUA,False,baixa,
3125408,FELÍCIO DOS SANTOS,MG,5047,0.0,0.0,0.0,0.0,False,sem exportação aos EUA,False,baixa,
3125309,FARIA LEMOS,MG,3325,0.0,0.0,0.0,0.0,False,sem exportação aos EUA,False,baixa,
3125200,FAMA,MG,3353,0.0,0.0,0.0,0.0,False,sem exportação aos EUA,False,baixa,
3125002,EWBANK DA CÂMARA,MG,4497,0.0,0.0,0.0,0.0,False,sem exportação aos EUA,False,baixa,
3124906,EUGENÓPOLIS,MG,8752,0.0,103327.0,0.0,0.0,False,sem exportação aos EUA,False,baixa,
3124807,ESTRELA DO SUL,MG,5930,0.0,0.0,0.0,0.0,False,sem exportação aos EUA,False,baixa,
3124708,ESTRELA DO INDAIÁ,MG,2723,0.0,0.0,0.0,0.0,False,sem exportação aos EUA,False,baixa,
3124500,ESTIVA,MG,9545,0.0,0.0,0.0,0.0,False,sem exportação aos EUA,False,baixa,
3127800,GRÃO MOGOL,MG,12003,0.0,474800.0,0.0,0.0,False,sem exportação aos EUA,False,baixa,
3124401,ESPÍRITO SANTO DO DOURADO,MG,5532,0.0,175400.0,0.0,0.0,False,sem exportação aos EUA,False,baixa,
3124302,ESPINOSA,MG,23564,0.0,0.0,0.0,0.0,False,sem exportação aos EUA,False,baixa,
3124104,ESMERALDAS,MG,56992,0.0,6934.0,0.0,0.0,False,sem exportação aos EUA,False,baixa,
3123908,ENTRE RIOS DE MINAS,MG,12811,0.0,929.0,0.0,0.0,False,sem exportação aos EUA,False,baixa,
3123809,ENGENHEIRO NAVARRO,MG,6173,0.0,0.0,0.0,0.0,False,sem exportação aos EUA,False,baixa,
3123502,DOURADOQUARA,MG,2127,0.0,0.0,0.0,0.0,False,sem exportação aos EUA,False,baixa,
3123403,DORESÓPOLIS,MG,2217,0.0,0.0,0.0,0.0,False,sem exportação aos EUA,False,baixa,
3125507,SÃO GONÇALO DO RIO PRETO,MG,3128,0.0,0.0,0.0,0.0,False,sem exportação aos EUA,False,baixa,
3125606,FELISBURGO,MG,5960,0.0,0.0,0.0,0.0,False,sem exportação aos EUA,False,baixa,
3125705,FELIXLÂNDIA,MG,12556,0.0,0.0,0.0,0.0,False,sem exportação aos EUA,False,baixa,
3125804,FERNANDES TOURINHO,MG,2576,0.0,0.0,0.0,0.0,False,sem exportação aos EUA,False,baixa,
3127602,GOUVEIA,MG,10625,0.0,0.0,0.0,0.0,False,sem exportação aos EUA,False,baixa,
3127503,GONZAGA,MG,4583,0.0,0.0,0.0,0.0,False,sem exportação aos EUA,False,baixa,
3127305,GALILÉIA,MG,5434,0.0,4508266.0,0.0,0.0,False,sem exportação aos EUA,False,baixa,
3127206,FUNILÂNDIA,MG,5397,0.0,0.0,0.0,0.0,False,sem exportação aos EUA,False,baixa,
3127008,FRONTEIRA,MG,10748,0.0,0.0,0.0,0.0,False,sem exportação aos EUA,False,baixa,
3126901,FREI INOCÊNCIO,MG,6787,0.0,0.0,0.0,0.0,False,sem exportação aos EUA,False,baixa,
3126802,FREI GASPAR,MG,5965,0.0,0.0,0.0,0.0,False,sem exportação aos EUA,False,baixa,
3126703,FRANCISCO SÁ,MG,19570,0.0,0.0,0.0,0.0,False,sem exportação aos EUA,False,baixa,
3126604,FRANCISCO DUMONT,MG,4726,0.0,256516.0,0.0,0.0,False,sem exportação aos EUA,False,baixa,
3126505,FRANCISCO BADARÓ,MG,7239,0.0,0.0,0.0,0.0,False,sem exportação aos EUA,False,baixa,
3126406,FORTUNA DE MINAS,MG,3012,0.0,0.0,0.0,0.0,False,sem exportação aos EUA,False,baixa,
3126307,FORTALEZA DE MINAS,MG,3215,0.0,0.0,0.0,0.0,False,sem exportação aos EUA,False,baixa,
3126208,FORMOSO,MG,6282,0.0,1246911.0,0.0,0.0,False,sem exportação aos EUA,False,baixa,
3126000,FLORESTAL,MG,6984,0.0,3445.0,0.0,0.0,False,sem exportação aos EUA,False,baixa,
3125903,FERROS,MG,8590,0.0,0.0,0.0,0.0,False,sem exportação aos EUA,False,baixa,
3134509,ITUTINGA,MG,3559,0.0,0.0,0.0,0.0,False,sem exportação aos EUA,False,baixa,
3134707,JACINTO,MG,9221,0.0,0.0,0.0,0.0,False,sem exportação aos EUA,False,baixa,
3123106,DORES DE GUANHÃES,MG,5278,0.0,4504838.0,0.0,0.0,False,sem exportação aos EUA,False,baixa,
3142007,MIRABELA,MG,10866,0.0,0.0,0.0,0.0,False,sem exportação aos EUA,False,baixa,
3142809,MONTE ALEGRE DE MINAS,MG,15409,0.0,0.0,0.0,0.0,False,sem exportação aos EUA,False,baixa,
3142700,MONTALVÂNIA,MG,13202,0.0,0.0,0.0,0.0,False,sem exportação aos EUA,False,baixa,
3142601,MONSENHOR PAULO,MG,6960,0.0,4669635.0,0.0,0.0,False,sem exportação aos EUA,False,baixa,
3142403,MOEMA,MG,6829,0.0,0.0,0.0,0.0,False,sem exportação aos EUA,False,baixa,
3142304,MOEDA,MG,5316,0.0,0.0,0.0,0.0,False,sem exportação aos EUA,False,baixa,
3142205,MIRAÍ,MG,10695,0.0,10924.0,0.0,0.0,False,sem exportação aos EUA,False,baixa,
3142106,MIRADOURO,MG,8125,0.0,0.0,0.0,0.0,False,sem exportação aos EUA,False,baixa,
3141900,MINDURI,MG,3240,0.0,0.0,0.0,0.0,False,sem exportação aos EUA,False,baixa,
3140803,MATIAS BARBOSA,MG,11981,0.0,0.0,0.0,0.0,False,sem exportação aos EUA,False,baixa,
3141801,MINAS NOVAS,MG,22788,0.0,47115.0,0.0,0.0,False,sem exportação aos EUA,False,baixa,
3141702,MESQUITA,MG,5447,0.0,0.0,0.0,0.0,False,sem exportação aos EUA,False,baixa,
3141603,MERCÊS,MG,8100,0.0,0.0,0.0,0.0,False,sem exportação aos EUA,False,baixa,
3141504,MENDES PIMENTEL,MG,4977,0.0,0.0,0.0,0.0,False,sem exportação aos EUA,False,baixa,
3141405,MEDINA,MG,16321,0.0,556512.0,0.0,0.0,False,sem exportação aos EUA,False,baixa,
3141306,MEDEIROS,MG,3335,0.0,0.0,0.0,0.0,False,sem exportação aos EUA,False,baixa,
3141207,MATUTINA,MG,3386,0.0,0.0,0.0,0.0,False,sem exportação aos EUA,False,baixa,
3142908,MONTE AZUL,MG,17843,0.0,0.0,0.0,0.0,False,sem exportação aos EUA,False,baixa,
3143104,MONTE CARMELO,MG,35703,0.0,1938113.0,0.0,0.0,False,sem exportação aos EUA,False,baixa,
3143500,MORADA NOVA DE MINAS,MG,7207,0.0,0.0,0.0,0.0,False,sem exportação aos EUA,False,baixa,
3143609,MORRO DA GARÇA,MG,3045,0.0,0.0,0.0,0.0,False,sem exportação aos EUA,False,baixa,
3145802,ONÇA DE PITANGUI,MG,3368,0.0,0.0,0.0,0.0,False,sem exportação aos EUA,False,baixa,
3145703,OLIVEIRA FORTES,MG,2731,0.0,0.0,0.0,0.0,False,sem exportação aos EUA,False,baixa,
3145604,OLIVEIRA,MG,33504,0.0,2816695.0,0.0,0.0,False,sem exportação aos EUA,False,baixa,
3145505,OLÍMPIO NORONHA,MG,2869,0.0,0.0,0.0,0.0,False,sem exportação aos EUA,False,baixa,
3145406,OLARIA,MG,2313,0.0,0.0,0.0,0.0,False,sem exportação aos EUA,False,baixa,
3145307,NOVO CRUZEIRO,MG,24963,0.0,0.0,0.0,0.0,False,sem exportação aos EUA,False,baixa,
3145000,NOVA PONTE,MG,13442,0.0,333782.0,0.0,0.0,False,sem exportação aos EUA,False,baixa,
3144904,NOVA MÓDICA,MG,3589,0.0,0.0,0.0,0.0,False,sem exportação aos EUA,False,baixa,
3144508,NAZARENO,MG,6298,0.0,72115629.0,0.0,0.0,False,sem exportação aos EUA,False,baixa,
3144409,NATÉRCIA,MG,4090,0.0,14879577.0,0.0,0.0,False,sem exportação aos EUA,False,baixa,
3144201,NACIP RAYDAN,MG,2825,0.0,0.0,0.0,0.0,False,sem exportação aos EUA,False,baixa,
3144102,MUZAMBINHO,MG,17966,0.0,2562.0,0.0,0.0,False,sem exportação aos EUA,False,baixa,
3143906,MURIAÉ,MG,78840,0.0,7335.0,0.0,0.0,False,sem exportação aos EUA,False,baixa,
3143807,MUNHOZ,MG,6066,0.0,0.0,0.0,0.0,False,sem exportação aos EUA,False,baixa,
3143708,MORRO DO PILAR,MG,3968,0.0,0.0,0.0,0.0,False,sem exportação aos EUA,False,baixa,
3141009,MATO VERDE,MG,10840,0.0,0.0,0.0,0.0,False,sem exportação aos EUA,False,baixa,
3140605,MATERLÂNDIA,MG,4509,0.0,0.0,0.0,0.0,False,sem exportação aos EUA,False,baixa,
3134806,JACUÍ,MG,6410,0.0,0.0,0.0,0.0,False,sem exportação aos EUA,False,baixa,
3136009,JOAÍMA,MG,11145,0.0,0.0,0.0,0.0,False,sem exportação aos EUA,False,baixa,
3137106,LAGAMAR,MG,6403,0.0,0.0,0.0,0.0,False,sem exportação aos EUA,False,baixa,
3137007,LADAINHA,MG,12287,0.0,0.0,0.0,0.0,False,sem exportação aos EUA,False,baixa,
3136801,JURAMENTO,MG,4669,0.0,0.0,0.0,0.0,False,sem exportação aos EUA,False,baixa,
3136603,NOVA UNIÃO,MG,5802,0.0,0.0,0.0,0.0,False,sem exportação aos EUA,False,baixa,
3136504,JORDÂNIA,MG,7734,0.0,0.0,0.0,0.0,False,sem exportação aos EUA,False,baixa,
3136405,JOAQUIM FELÍCIO,MG,3756,0.0,66016.0,0.0,0.0,False,sem exportação aos EUA,False,baixa,
3136108,JOANÉSIA,MG,5118,0.0,0.0,0.0,0.0,False,sem exportação aos EUA,False,baixa,
3135902,JESUÂNIA,MG,4445,0.0,1190085.0,0.0,0.0,False,sem exportação aos EUA,False,baixa,
3140506,MARTINHO CAMPOS,MG,11161,0.0,8194.0,0.0,0.0,False,sem exportação aos EUA,False,baixa,
3135803,JEQUITINHONHA,MG,18092,0.0,0.0,0.0,0.0,False,sem exportação aos EUA,False,baixa,
3135704,JEQUITIBÁ,MG,5903,0.0,0.0,0.0,0.0,False,sem exportação aos EUA,False,baixa,
3135605,JEQUITAÍ,MG,6548,0.0,0.0,0.0,0.0,False,sem exportação aos EUA,False,baixa,
3135506,JEQUERI,MG,10390,0.0,0.0,0.0,0.0,False,sem exportação aos EUA,False,baixa,
3135308,JAPARAÍBA,MG,3685,0.0,658877.0,0.0,0.0,False,sem exportação aos EUA,False,baixa,
3135209,JANUÁRIA,MG,51291,0.0,0.0,0.0,0.0,False,sem exportação aos EUA,False,baixa,
3135001,JAGUARAÇU,MG,3209,0.0,0.0,0.0,0.0,False,sem exportação aos EUA,False,baixa,
3137304,LAGOA DOS PATOS,MG,3774,0.0,0.0,0.0,0.0,False,sem exportação aos EUA,False,baixa,
3137403,LAGOA DOURADA,MG,10425,0.0,0.0,0.0,0.0,False,sem exportação aos EUA,False,baixa,
3137502,LAGOA FORMOSA,MG,15873,0.0,0.0,0.0,0.0,False,sem exportação aos EUA,False,baixa,
3137700,LAJINHA,MG,16637,0.0,248985.0,0.0,0.0,False,sem exportação aos EUA,False,baixa,
3140407,MARMELÓPOLIS,MG,3077,0.0,0.0,0.0,0.0,False,sem exportação aos EUA,False,baixa,
3140308,MARLIÉRIA,MG,4514,0.0,0.0,0.0,0.0,False,sem exportação aos EUA,False,baixa,
3140209,MARIPÁ DE MINAS,MG,3150,0.0,0.0,0.0,0.0,False,sem exportação aos EUA,False,baixa,
3140100,MARILAC,MG,4681,0.0,0.0,0.0,0.0,False,sem exportação aos EUA,False,baixa,
3139300,MANGA,MG,16127,0.0,0.0,0.0,0.0,False,sem exportação aos EUA,False,baixa,
3139201,MALACACHETA,MG,15507,0.0,0.0,0.0,0.0,False,sem exportação aos EUA,False,baixa,
3139102,MADRE DE DEUS DE MINAS,MG,4478,0.0,0.0,0.0,0.0,False,sem exportação aos EUA,False,baixa,
3138906,MACHACALIS,MG,5799,0.0,0.0,0.0,0.0,False,sem exportação aos EUA,False,baixa,
3138609,LIMA DUARTE,MG,14497,0.0,0.0,0.0,0.0,False,sem exportação aos EUA,False,baixa,
3138500,LIBERDADE,MG,4275,0.0,0.0,0.0,0.0,False,sem exportação aos EUA,False,baixa,
3138302,LEANDRO FERREIRA,MG,3322,0.0,0.0,0.0,0.0,False,sem exportação aos EUA,False,baixa,
3138104,LASSANCE,MG,6216,0.0,652783.0,0.0,0.0,False,sem exportação aos EUA,False,baixa,
3138005,LARANJAL,MG,5921,0.0,0.0,0.0,0.0,False,sem exportação aos EUA,False,baixa,
3137908,LAMIM,MG,3521,0.0,0.0,0.0,0.0,False,sem exportação aos EUA,False,baixa,
3137809,LAMBARI,MG,17336,0.0,211503.0,0.0,0.0,False,sem exportação aos EUA,False,baixa,
3123304,DORES DO TURVO,MG,5453,0.0,0.0,0.0,0.0,False,sem exportação aos EUA,False,baixa,
3122900,DONA EUSÉBIA,MG,5779,0.0,0.0,0.0,0.0,False,sem exportação aos EUA,False,baixa,
3146305,PADRE PARAÍSO,MG,14207,0.0,286.0,0.0,0.0,False,sem exportação aos EUA,False,baixa,
3136520,JOSÉ GONÇALVES DE MINAS,MG,3806,0.0,0.0,0.0,0.0,False,sem exportação aos EUA,False,baixa,
3166956,SERRANÓPOLIS DE MINAS,MG,4136,0.0,0.0,0.0,0.0,False,sem exportação aos EUA,False,baixa,
3111903,CANA VERDE,MG,4983,0.0,0.0,0.0,0.0,False,sem exportação aos EUA,False,baixa,
3164472,SÃO SEBASTIÃO DO ANTA,MG,5604,0.0,0.0,0.0,0.0,False,sem exportação aos EUA,False,baixa,
3111804,CANÁPOLIS,MG,8776,0.0,43242981.0,0.0,0.0,False,sem exportação aos EUA,False,baixa,
3164431,SÃO SEBASTIÃO DA VARGEM ALEGRE,MG,3045,0.0,0.0,0.0,0.0,False,sem exportação aos EUA,False,baixa,
3111705,CANAÃ,MG,4403,0.0,0.0,0.0,0.0,False,sem exportação aos EUA,False,baixa,
3136553,JOSÉ RAYDAN,MG,4368,0.0,0.0,0.0,0.0,False,sem exportação aos EUA,False,baixa,
3111507,CAMPOS ALTOS,MG,10084,0.0,2295497.0,0.0,0.0,False,sem exportação aos EUA,False,baixa,
3110806,CAMPANÁRIO,MG,3378,0.0,0.0,0.0,0.0,False,sem exportação aos EUA,False,baixa,
3135456,JENIPAPO DE MINAS,MG,6076,0.0,0.0,0.0,0.0,False,sem exportação aos EUA,False,baixa,
3111309,CAMPO DO MEIO,MG,10449,0.0,0.0,0.0,0.0,False,sem exportação aos EUA,False,baixa,
3130655,INDAIABIRA,MG,6438,0.0,0.0,0.0,0.0,False,sem exportação aos EUA,False,baixa,
3130556,IMBÉ DE MINAS,MG,5725,0.0,0.0,0.0,0.0,False,sem exportação aos EUA,False,baixa,
3111101,CAMPINA VERDE,MG,14505,0.0,20414617.0,0.0,0.0,False,sem exportação aos EUA,False,baixa,
3129657,IBIRACATU,MG,5860,0.0,0.0,0.0,0.0,False,sem exportação aos EUA,False,baixa,
3128253,GUARACIAMA,MG,5315,0.0,0.0,0.0,0.0,False,sem exportação aos EUA,False,baixa,
3112000,CANDEIAS,MG,11511,0.0,459360.0,0.0,0.0,False,sem exportação aos EUA,False,baixa,
3165552,SETUBINHA,MG,9306,0.0,0.0,0.0,0.0,False,sem exportação aos EUA,False,baixa,
3112109,CAPARAÓ,MG,4641,0.0,0.0,0.0,0.0,False,sem exportação aos EUA,False,baixa,
3168051,TAPARUBA,MG,4088,0.0,0.0,0.0,0.0,False,sem exportação aos EUA,False,baixa,
3113008,CARAÍ,MG,15521,0.0,43161.0,0.0,0.0,False,sem exportação aos EUA,False,baixa,
3169059,TOCOS DO MOJI,MG,4159,0.0,0.0,0.0,0.0,False,sem exportação aos EUA,False,baixa,
3112901,CAPUTIRA,MG,7830,0.0,420553.0,0.0,0.0,False,sem exportação aos EUA,False,baixa,
3171154,VERMELHO NOVO,MG,5097,0.0,0.0,0.0,0.0,False,sem exportação aos EUA,False,baixa,
3112802,CAPITÓLIO,MG,8244,0.0,1173429.0,0.0,0.0,False,sem exportação aos EUA,False,baixa,
3171071,VEREDINHA,MG,5268,0.0,0.0,0.0,0.0,False,sem exportação aos EUA,False,baixa,
3171030,VERDELÂNDIA,MG,6974,0.0,0.0,0.0,0.0,False,sem exportação aos EUA,False,baixa,
3170750,VARJÃO DE MINAS,MG,6717,0.0,134466.0,0.0,0.0,False,sem exportação aos EUA,False,baixa,
3112505,CAPIM BRANCO,MG,8469,0.0,0.0,0.0,0.0,False,sem exportação aos EUA,False,baixa,
3170651,VARGEM GRANDE DO RIO PARDO,MG,4199,0.0,0.0,0.0,0.0,False,sem exportação aos EUA,False,baixa,
3112406,CAPETINGA,MG,5621,0.0,0.0,0.0,0.0,False,sem exportação aos EUA,False,baixa,
3170479,URUANA DE MINAS,MG,3686,0.0,0.0,0.0,0.0,False,sem exportação aos EUA,False,baixa,
3112307,CAPELINHA,MG,31072,0.0,346670.0,0.0,0.0,False,sem exportação aos EUA,False,baixa,
3170438,UNIÃO DE MINAS,MG,3158,0.0,0.0,0.0,0.0,False,sem exportação aos EUA,False,baixa,
3112208,CAPELA NOVA,MG,4746,0.0,0.0,0.0,0.0,False,sem exportação aos EUA,False,baixa,
3127388,GOIANÁ,MG,4491,0.0,0.0,0.0,0.0,False,sem exportação aos EUA,False,baixa,
3127370,GOIABEIRA,MG,3104,0.0,0.0,0.0,0.0,False,sem exportação aos EUA,False,baixa,
3113206,CARANDAÍ,MG,20681,0.0,0.0,0.0,0.0,False,sem exportação aos EUA,False,baixa,
3109105,BUENO BRANDÃO,MG,8694,0.0,0.0,0.0,0.0,False,sem exportação aos EUA,False,baixa,
3109501,CABO VERDE,MG,9574,0.0,576905.0,0.0,0.0,False,sem exportação aos EUA,False,baixa,
3116159,CHAPADA GAÚCHA,MG,9589,0.0,51840.0,0.0,0.0,False,sem exportação aos EUA,False,baixa,
3115474,CATUTI,MG,4594,0.0,0.0,0.0,0.0,False,sem exportação aos EUA,False,baixa,
3109303,BURITIS,MG,20584,0.0,0.0,0.0,0.0,False,sem exportação aos EUA,False,baixa,
3115359,CATAS ALTAS,MG,5156,0.0,471047028.0,0.0,0.0,True,sem exportação aos EUA,False,baixa,
3109204,BUENÓPOLIS,MG,8547,0.0,0.0,0.0,0.0,False,sem exportação aos EUA,False,baixa,
3112059,CANTAGALO,MG,3858,0.0,0.0,0.0,0.0,False,sem exportação aos EUA,False,baixa,
3111150,CAMPO AZUL,MG,4494,0.0,0.0,0.0,0.0,False,sem exportação aos EUA,False,baixa,
3110707,CAMBUQUIRA,MG,10157,0.0,0.0,0.0,0.0,False,sem exportação aos EUA,False,baixa,
3109451,CABECEIRA GRANDE,MG,5891,0.0,0.0,0.0,0.0,False,sem exportação aos EUA,False,baixa,
3108909,BRAZÓPOLIS,MG,12541,0.0,0.0,0.0,0.0,False,sem exportação aos EUA,False,baixa,
3109253,BUGRE,MG,4366,0.0,0.0,0.0,0.0,False,sem exportação aos EUA,False,baixa,
3108800,BRAÚNAS,MG,4386,0.0,0.0,0.0,0.0,False,sem exportação aos EUA,False,baixa,
3108255,BONITO DE MINAS,MG,8624,0.0,0.0,0.0,0.0,False,sem exportação aos EUA,False,baixa,
3108701,BRÁS PIRES,MG,4684,0.0,0.0,0.0,0.0,False,sem exportação aos EUA,False,baixa,
3106655,BERIZAL,MG,4307,0.0,0.0,0.0,0.0,False,sem exportação aos EUA,False,baixa,
3117836,CÔNEGO MARINHO,MG,6340,0.0,0.0,0.0,0.0,False,sem exportação aos EUA,False,baixa,
3109600,CACHOEIRA DA PRATA,MG,3473,0.0,0.0,0.0,0.0,False,sem exportação aos EUA,False,baixa,
3109709,CACHOEIRA DE MINAS,MG,10111,0.0,8104.0,0.0,0.0,False,sem exportação aos EUA,False,baixa,
3119955,CÓRREGO FUNDO,MG,5391,0.0,0.0,0.0,0.0,False,sem exportação aos EUA,False,baixa,
3127354,GLAUCILÂNDIA,MG,4010,0.0,0.0,0.0,0.0,False,sem exportação aos EUA,False,baixa,
3127339,GAMELEIRAS,MG,4725,0.0,0.0,0.0,0.0,False,sem exportação aos EUA,False,baixa,
3127073,FRUTA DE LEITE,MG,5143,0.0,0.0,0.0,0.0,False,sem exportação aos EUA,False,baixa,
3110400,CAMACHO,MG,3110,0.0,0.0,0.0,0.0,False,sem exportação aos EUA,False,baixa,
3126950,FREI LAGONEGRO,MG,3669,0.0,0.0,0.0,0.0,False,sem exportação aos EUA,False,baixa,
3110301,CALDAS,MG,10805,0.0,600211.0,0.0,0.0,False,sem exportação aos EUA,False,baixa,
3122470,DOM BOSCO,MG,3779,0.0,0.0,0.0,0.0,False,sem exportação aos EUA,False,baixa,
3110202,CAJURI,MG,4769,0.0,0.0,0.0,0.0,False,sem exportação aos EUA,False,baixa,
3121258,DELTA,MG,7483,0.0,165077717.0,0.0,0.0,False,sem exportação aos EUA,False,baixa,
3110103,CAIANA,MG,4437,0.0,0.0,0.0,0.0,False,sem exportação aos EUA,False,baixa,
3110004,CAETÉ,MG,34347,0.0,132013527.0,0.0,0.0,False,sem exportação aos EUA,False,baixa,
3120839,CUPARAQUE,MG,3950,0.0,0.0,0.0,0.0,False,sem exportação aos EUA,False,baixa,
3109907,CAETANÓPOLIS,MG,8761,0.0,384946.0,0.0,0.0,False,sem exportação aos EUA,False,baixa,
3120151,CRISÓLITA,MG,4714,0.0,0.0,0.0,0.0,False,sem exportação aos EUA,False,baixa,
3109808,CACHOEIRA DOURADA,MG,2798,0.0,0.0,0.0,0.0,False,sem exportação aos EUA,False,baixa,
3113107,CARANAÍBA,MG,3454,0.0,0.0,0.0,0.0,False,sem exportação aos EUA,False,baixa,
3113305,CARANGOLA,MG,23082,0.0,1356.0,0.0,0.0,False,sem exportação aos EUA,False,baixa,
3122801,DOM VIÇOSO,MG,3158,0.0,0.0,0.0,0.0,False,sem exportação aos EUA,False,baixa,
3119500,CORONEL MURTA,MG,7295,0.0,0.0,0.0,0.0,False,sem exportação aos EUA,False,baixa,
3120300,CRISTÁLIA,MG,5202,0.0,0.0,0.0,0.0,False,sem exportação aos EUA,False,baixa,
3120201,CRISTAIS,MG,8667,0.0,0.0,0.0,0.0,False,sem exportação aos EUA,False,baixa,
3120102,COUTO DE MAGALHÃES DE MINAS,MG,3916,0.0,2209.0,0.0,0.0,False,sem exportação aos EUA,False,baixa,
3120003,CÓRREGO NOVO,MG,3921,0.0,0.0,0.0,0.0,False,sem exportação aos EUA,False,baixa,
3119906,CÓRREGO DO BOM JESUS,MG,4380,0.0,0.0,0.0,0.0,False,sem exportação aos EUA,False,baixa,
3119807,CÓRREGO DANTA,MG,3391,0.0,0.0,0.0,0.0,False,sem exportação aos EUA,False,baixa,
3119609,CORONEL PACHECO,MG,3068,0.0,0.0,0.0,0.0,False,sem exportação aos EUA,False,baixa,
3119203,COROACI,MG,7969,0.0,0.0,0.0,0.0,False,sem exportação aos EUA,False,baixa,
3117900,CONGONHAL,MG,9730,0.0,0.0,0.0,0.0,False,sem exportação aos EUA,False,baixa,
3119005,CORDISLÂNDIA,MG,2969,0.0,0.0,0.0,0.0,False,sem exportação aos EUA,False,baixa,
3118908,CORDISBURGO,MG,6880,0.0,0.0,0.0,0.0,False,sem exportação aos EUA,False,baixa,
3118809,CORAÇÃO DE JESUS,MG,21928,0.0,0.0,0.0,0.0,False,sem exportação aos EUA,False,baixa,
3118700,COQUEIRAL,MG,7797,0.0,0.0,0.0,0.0,False,sem exportação aos EUA,False,baixa,
3118502,CONSOLAÇÃO,MG,2032,0.0,0.0,0.0,0.0,False,sem exportação aos EUA,False,baixa,
3118403,CONSELHEIRO PENA,MG,15714,0.0,1834457.0,0.0,0.0,False,sem exportação aos EUA,False,baixa,
3118205,CONQUISTA,MG,5471,0.0,0.0,0.0,0.0,False,sem exportação aos EUA,False,baixa,
3120409,CRISTIANO OTONI,MG,4448,0.0,0.0,0.0,0.0,False,sem exportação aos EUA,False,baixa,
3120508,CRISTINA,MG,8297,0.0,605678.0,0.0,0.0,False,sem exportação aos EUA,False,baixa,
3120607,CRUCILÂNDIA,MG,5672,0.0,0.0,0.0,0.0,False,sem exportação aos EUA,False,baixa,
3120706,CRUZEIRO DA FORTALEZA,MG,4351,0.0,0.0,0.0,0.0,False,sem exportação aos EUA,False,baixa,
3122702,DOM SILVÉRIO,MG,4478,0.0,35593.0,0.0,0.0,False,sem exportação aos EUA,False,baixa,
3122603,DOM JOAQUIM,MG,4274,0.0,212550.0,0.0,0.0,False,sem exportação aos EUA,False,baixa,
3122405,DIVISA NOVA,MG,5108,0.0,0.0,0.0,0.0,False,sem exportação aos EUA,False,baixa,
3122207,DIVINOLÂNDIA DE MINAS,MG,6375,0.0,0.0,0.0,0.0,False,sem exportação aos EUA,False,baixa,
3122108,DIVINO DAS LARANJEIRAS,MG,4710,0.0,185483.0,0.0,0.0,False,sem exportação aos EUA,False,baixa,
3122009,DIVINO,MG,16044,0.0,1978928.0,0.0,0.0,False,sem exportação aos EUA,False,baixa,
3121902,DIVINÉSIA,MG,5015,0.0,0.0,0.0,0.0,False,sem exportação aos EUA,False,baixa,
3121803,DIONÍSIO,MG,6910,0.0,0.0,0.0,0.0,False,sem exportação aos EUA,False,baixa,
3121704,DIOGO DE VASCONCELOS,MG,3860,0.0,0.0,0.0,0.0,False,sem exportação aos EUA,False,baixa,
3121506,DESTERRO DO MELO,MG,4211,0.0,0.0,0.0,0.0,False,sem exportação aos EUA,False,baixa,
3121407,DESTERRO DE ENTRE RIOS,MG,6445,0.0,0.0,0.0,0.0,False,sem exportação aos EUA,False,baixa,
3121308,DESCOBERTO,MG,4548,0.0,0.0,0.0,0.0,False,sem exportação aos EUA,False,baixa,
3121100,DELFIM MOREIRA,MG,6363,0.0,0.0,0.0,0.0,False,sem exportação aos EUA,False,baixa,
3121001,DATAS,MG,5139,0.0,235052.0,0.0,0.0,False,sem exportação aos EUA,False,baixa,
3120805,CRUZÍLIA,MG,12917,0.0,1511.0,0.0,0.0,False,sem exportação aos EUA,False,baixa,
3118106,CONGONHAS DO NORTE,MG,4429,0.0,0.0,0.0,0.0,False,sem exportação aos EUA,False,baixa,
3117801,CONCEIÇÃO DOS OUROS,MG,9042,0.0,215362.0,0.0,0.0,False,sem exportação aos EUA,False,baixa,
3113503,CARBONITA,MG,8159,0.0,0.0,0.0,0.0,False,sem exportação aos EUA,False,baixa,
3114600,CARRANCAS,MG,3441,0.0,1333.0,0.0,0.0,False,sem exportação aos EUA,False,baixa,
3115409,CATAS ALTAS DA NORUEGA,MG,4149,0.0,20059.0,0.0,0.0,False,sem exportação aos EUA,False,baixa,
3115201,CONCEIÇÃO DA BARRA DE MINAS,MG,3677,0.0,0.0,0.0,0.0,False,sem exportação aos EUA,False,baixa,
3115102,CÁSSIA,MG,13923,0.0,0.0,0.0,0.0,False,sem exportação aos EUA,False,baixa,
3115003,CASCALHO RICO,MG,3773,0.0,0.0,0.0,0.0,False,sem exportação aos EUA,False,baixa,
3114907,CASA GRANDE,MG,3027,0.0,0.0,0.0,0.0,False,sem exportação aos EUA,False,baixa,
3114808,CARVALHOS,MG,3994,0.0,0.0,0.0,0.0,False,sem exportação aos EUA,False,baixa,
3114709,CARVALHÓPOLIS,MG,3407,0.0,228795.0,0.0,0.0,False,sem exportação aos EUA,False,baixa,
3114501,CARMÓPOLIS DE MINAS,MG,13900,0.0,0.0,0.0,0.0,False,sem exportação aos EUA,False,baixa,
3117702,CONCEIÇÃO DO RIO VERDE,MG,10403,0.0,0.0,0.0,0.0,False,sem exportação aos EUA,False,baixa,
3114402,CARMO DO RIO CLARO,MG,15908,0.0,0.0,0.0,0.0,False,sem exportação aos EUA,False,baixa,
3114204,CARMO DO CAJURU,MG,19084,0.0,85406.0,0.0,0.0,False,sem exportação aos EUA,False,baixa,
3114006,CARMO DA MATA,MG,9616,0.0,356528.0,0.0,0.0,False,sem exportação aos EUA,False,baixa,
3113909,CARMO DA CACHOEIRA,MG,9450,0.0,16688.0,0.0,0.0,False,sem exportação aos EUA,False,baixa,
3113800,CARMÉSIA,MG,2716,0.0,0.0,0.0,0.0,False,sem exportação aos EUA,False,baixa,
3113701,CARLOS CHAGAS,MG,16296,0.0,63251428.0,0.0,0.0,False,sem exportação aos EUA,False,baixa,
3113602,CAREAÇU,MG,5368,0.0,5018.0,0.0,0.0,False,sem exportação aos EUA,False,baixa,
3115607,CEDRO DO ABAETÉ,MG,1420,0.0,0.0,0.0,0.0,False,sem exportação aos EUA,False,baixa,
3115706,CENTRAL DE MINAS,MG,5637,0.0,0.0,0.0,0.0,False,sem exportação aos EUA,False,baixa,
3115805,CENTRALINA,MG,7672,0.0,0.0,0.0,0.0,False,sem exportação aos EUA,False,baixa,
3115904,CHÁCARA,MG,4371,0.0,0.0,0.0,0.0,False,sem exportação aos EUA,False,baixa,
3117504,CONCEIÇÃO DO MATO DENTRO,MG,19793,0.0,1047065816.0,0.0,0.0,True,sem exportação aos EUA,False,baixa,
3117405,CONCEIÇÃO DE IPANEMA,MG,4497,0.0,0.0,0.0,0.0,False,sem exportação aos EUA,False,baixa,
3117306,CONCEIÇÃO DAS ALAGOAS,MG,20159,0.0,89441881.0,0.0,0.0,False,sem exportação aos EUA,False,baixa,
3117207,CONCEIÇÃO DAS PEDRAS,MG,2816,0.0,0.0,0.0,0.0,False,sem exportação aos EUA,False,baixa,
3117108,CONCEIÇÃO DA APARECIDA,MG,8307,0.0,0.0,0.0,0.0,False,sem exportação aos EUA,False,baixa,
3117009,COMERCINHO,MG,6685,0.0,0.0,0.0,0.0,False,sem exportação aos EUA,False,baixa,
3116902,COMENDADOR GOMES,MG,2849,0.0,0.0,0.0,0.0,False,sem exportação aos EUA,False,baixa,
3116803,COLUNA,MG,6936,0.0,0.0,0.0,0.0,False,sem exportação aos EUA,False,baixa,
3116704,COIMBRA,MG,6598,0.0,55218.0,0.0,0.0,False,sem exportação aos EUA,False,baixa,
3116506,CLARO DOS POÇÕES,MG,7507,0.0,0.0,0.0,0.0,False,sem exportação aos EUA,False,baixa,
3116407,CLARAVAL,MG,5081,0.0,266543.0,0.0,0.0,False,sem exportação aos EUA,False,baixa,
3116308,CIPOTÂNEA,MG,5815,0.0,0.0,0.0,0.0,False,sem exportação aos EUA,False,baixa,
3116209,CHIADOR,MG,3296,0.0,0.0,0.0,0.0,False,sem exportação aos EUA,False,baixa,
3116100,CHAPADA DO NORTE,MG,9254,0.0,0.0,0.0,0.0,False,sem exportação aos EUA,False,baixa,
3116001,CHALÉ,MG,5275,0.0,0.0,0.0,0.0,False,sem exportação aos EUA,False,baixa,
3146206,OURO VERDE DE MINAS,MG,7237,0.0,0.0,0.0,0.0,False,sem exportação aos EUA,False,baixa,
3146404,PAINEIRAS,MG,3921,0.0,0.0,0.0,0.0,False,sem exportação aos EUA,False,baixa,
5104609,ITIQUIRA,MT,9345,0.0,148130695.0,0.0,0.0,False,sem exportação aos EUA,True,média,Amazônia Legal
5002308,BRASILÂNDIA,MS,9576,0.0,0.0,0.0,0.0,False,sem exportação aos EUA,False,baixa,
5004106,GUIA LOPES DA LAGUNA,MS,7950,0.0,0.0,0.0,0.0,False,sem exportação aos EUA,False,baixa,
5003801,FÁTIMA DO SUL,MS,16886,0.0,4328.0,0.0,0.0,False,sem exportação aos EUA,False,baixa,
5003306,COXIM,MS,26464,0.0,12153369.0,0.0,0.0,False,sem exportação aos EUA,False,baixa,
5003108,CORGUINHO,MS,4479,0.0,0.0,0.0,0.0,False,sem exportação aos EUA,False,baixa,
5002902,CASSILÂNDIA,MS,15301,0.0,50264930.0,0.0,0.0,False,sem exportação aos EUA,False,baixa,
5002803,CARACOL,MS,4723,0.0,0.0,0.0,0.0,False,sem exportação aos EUA,False,baixa,
5002605,CAMAPUÃ,MS,10948,0.0,8970482.0,0.0,0.0,False,sem exportação aos EUA,False,baixa,
5002209,BONITO,MS,19254,0.0,0.0,0.0,0.0,False,sem exportação aos EUA,False,baixa,
5003900,FIGUEIRÃO,MS,2805,0.0,0.0,0.0,0.0,False,sem exportação aos EUA,False,baixa,
5002100,BELA VISTA,MS,16420,0.0,0.0,0.0,0.0,False,sem exportação aos EUA,False,baixa,
5002001,BATAYPORÃ,MS,8414,0.0,25693500.0,0.0,0.0,False,sem exportação aos EUA,False,baixa,
5001508,BANDEIRANTES,MS,6799,0.0,426120.0,0.0,0.0,False,sem exportação aos EUA,False,baixa,
5001102,AQUIDAUANA,MS,36393,0.0,0.0,0.0,0.0,False,sem exportação aos EUA,False,baixa,
5000906,ANTÔNIO JOÃO,MS,7911,0.0,157751942.0,0.0,0.0,False,sem exportação aos EUA,False,baixa,
5000807,ANAURILÂNDIA,MS,6297,0.0,0.0,0.0,0.0,False,sem exportação aos EUA,False,baixa,
5000609,AMAMBAI,MS,27203,0.0,430900.0,0.0,0.0,False,sem exportação aos EUA,False,baixa,
5004403,INOCÊNCIA,MS,7251,0.0,0.0,0.0,0.0,False,sem exportação aos EUA,False,baixa,
5004700,IVINHEMA,MS,21196,0.0,122527772.0,0.0,0.0,False,sem exportação aos EUA,False,baixa,
5004908,JARAGUARI,MS,6048,0.0,302570.0,0.0,0.0,False,sem exportação aos EUA,False,baixa,
5005004,JARDIM,MS,18633,0.0,426267.0,0.0,0.0,False,sem exportação aos EUA,False,baixa,
5003454,DEODÁPOLIS,MS,10690,0.0,938084.0,0.0,0.0,False,sem exportação aos EUA,False,baixa,
5001243,ARAL MOREIRA,MS,8273,0.0,0.0,0.0,0.0,False,sem exportação aos EUA,False,baixa,
5000856,ANGÉLICA,MS,8695,0.0,102606424.0,0.0,0.0,False,sem exportação aos EUA,False,baixa,
5008008,TERENOS,MS,13850,0.0,3662532.0,0.0,0.0,False,sem exportação aos EUA,False,baixa,
5007406,RIO VERDE DE MATO GROSSO,MS,13917,0.0,0.0,0.0,0.0,False,sem exportação aos EUA,False,baixa,
5007307,RIO NEGRO,MS,4176,0.0,0.0,0.0,0.0,False,sem exportação aos EUA,False,baixa,
5007208,RIO BRILHANTE,MS,26188,0.0,139517536.0,0.0,0.0,False,sem exportação aos EUA,False,baixa,
5006903,PORTO MURTINHO,MS,8647,0.0,0.0,0.0,0.0,False,sem exportação aos EUA,False,baixa,
5006606,PONTA PORÃ,MS,69957,0.0,51342923.0,0.0,0.0,False,sem exportação aos EUA,False,baixa,
5006408,PEDRO GOMES,MS,6048,0.0,24840591.0,0.0,0.0,False,sem exportação aos EUA,False,baixa,
5005806,NIOAQUE,MS,10377,0.0,2630611.0,0.0,0.0,False,sem exportação aos EUA,False,baixa,
5005608,MIRANDA,MS,20066,0.0,0.0,0.0,0.0,False,sem exportação aos EUA,False,baixa,
5005400,MARACAJU,MS,29813,0.0,180026931.0,0.0,0.0,False,sem exportação aos EUA,False,baixa,
5005202,LADÁRIO,MS,13609,0.0,1060.0,0.0,0.0,False,sem exportação aos EUA,False,baixa,
5005103,JATEÍ,MS,4340,0.0,0.0,0.0,0.0,False,sem exportação aos EUA,False,baixa,
5000203,ÁGUA CLARA,MS,13465,0.0,18207248.0,0.0,0.0,False,sem exportação aos EUA,False,baixa,
5006275,PARAÍSO DAS ÁGUAS,MS,4335,0.0,28185910.0,0.0,0.0,False,sem exportação aos EUA,False,baixa,
5003488,DOIS IRMÃOS DO BURITI,MS,8601,0.0,134589.0,0.0,0.0,False,sem exportação aos EUA,False,baixa,
3168408,TARUMIRIM,MG,10127,0.0,0.0,0.0,0.0,False,sem exportação aos EUA,False,baixa,
3169604,TUPACIGUARA,MG,20966,0.0,162646046.0,0.0,0.0,False,sem exportação aos EUA,False,baixa,
3169505,TUMIRITINGA,MG,5517,0.0,0.0,0.0,0.0,False,sem exportação aos EUA,False,baixa,
3169208,TOMBOS,MG,6714,0.0,0.0,0.0,0.0,False,sem exportação aos EUA,False,baixa,
3169109,TOLEDO,MG,7507,0.0,0.0,0.0,0.0,False,sem exportação aos EUA,False,baixa,
3169000,TOCANTINS,MG,12649,0.0,427410.0,0.0,0.0,False,sem exportação aos EUA,False,baixa,
3168804,TIRADENTES,MG,6892,0.0,0.0,0.0,0.0,False,sem exportação aos EUA,False,baixa,
3168507,TEIXEIRAS,MG,10098,0.0,0.0,0.0,0.0,False,sem exportação aos EUA,False,baixa,
3168309,TAQUARAÇU DE MINAS,MG,5759,0.0,0.0,0.0,0.0,False,sem exportação aos EUA,False,baixa,
5006259,NOVO HORIZONTE DO SUL,MS,3610,0.0,0.0,0.0,0.0,False,sem exportação aos EUA,False,baixa,
3168200,TAPIRAÍ,MG,1974,0.0,0.0,0.0,0.0,False,sem exportação aos EUA,False,baixa,
3168101,TAPIRA,MG,4968,0.0,41.0,0.0,0.0,False,sem exportação aos EUA,False,baixa,
3167905,TABULEIRO,MG,4006,0.0,0.0,0.0,0.0,False,sem exportação aos EUA,False,baixa,
3167806,SOLEDADE DE MINAS,MG,5000,0.0,0.0,0.0,0.0,False,sem exportação aos EUA,False,baixa,
3167707,SOBRÁLIA,MG,4076,0.0,0.0,0.0,0.0,False,sem exportação aos EUA,False,baixa,
3167608,SIMONÉSIA,MG,16466,0.0,0.0,0.0,0.0,False,sem exportação aos EUA,False,baixa,
3167509,SIMÃO PEREIRA,MG,3145,0.0,0.0,0.0,0.0,False,sem exportação aos EUA,False,baixa,
3169703,TURMALINA,MG,16553,0.0,0.0,0.0,0.0,False,sem exportação aos EUA,False,baixa,
3169802,TURVOLÂNDIA,MG,4957,0.0,27911.0,0.0,0.0,False,sem exportação aos EUA,False,baixa,
3170008,UBAÍ,MG,9797,0.0,0.0,0.0,0.0,False,sem exportação aos EUA,False,baixa,
3170305,UMBURATIBA,MG,2736,0.0,0.0,0.0,0.0,False,sem exportação aos EUA,False,baixa,
5004809,JAPORÃ,MS,6581,0.0,0.0,0.0,0.0,False,sem exportação aos EUA,False,baixa,
5005251,LAGUNA CARAPÃ,MS,5465,0.0,0.0,0.0,0.0,False,sem exportação aos EUA,False,baixa,
5000252,ALCINÓPOLIS,MS,3809,0.0,0.0,0.0,0.0,False,sem exportação aos EUA,False,baixa,
3133758,ITAÚ DE MINAS,MG,12435,0.0,0.0,0.0,0.0,False,sem exportação aos EUA,False,baixa,
3172103,VOLTA GRANDE,MG,4431,0.0,0.0,0.0,0.0,False,sem exportação aos EUA,False,baixa,
3171907,VIRGOLÂNDIA,MG,4613,0.0,0.0,0.0,0.0,False,sem exportação aos EUA,False,baixa,
3171709,VIRGÍNIA,MG,7521,0.0,0.0,0.0,0.0,False,sem exportação aos EUA,False,baixa,
3171501,MATHIAS LOBATO,MG,3363,0.0,0.0,0.0,0.0,False,sem exportação aos EUA,False,baixa,
3171402,VIEIRAS,MG,4007,0.0,0.0,0.0,0.0,False,sem exportação aos EUA,False,baixa,
3171105,VERÍSSIMO,MG,3223,0.0,0.0,0.0,0.0,False,sem exportação aos EUA,False,baixa,
3172202,WENCESLAU BRAZ,MG,2695,0.0,5056.0,0.0,0.0,False,sem exportação aos EUA,False,baixa,
3170909,VARZELÂNDIA,MG,17159,0.0,0.0,0.0,0.0,False,sem exportação aos EUA,False,baixa,
3170602,VARGEM BONITA,MG,2601,0.0,0.0,0.0,0.0,False,sem exportação aos EUA,False,baixa,
3170503,URUCÂNIA,MG,8712,0.0,0.0,0.0,0.0,False,sem exportação aos EUA,False,baixa,
3170404,UNAÍ,MG,64172,0.0,280880717.0,0.0,0.0,False,sem exportação aos EUA,False,baixa,
5002951,CHAPADÃO DO SUL,MS,23000,0.0,231858147.0,0.0,0.0,False,sem exportação aos EUA,False,baixa,
5005152,JUTI,MS,5982,0.0,0.0,0.0,0.0,False,sem exportação aos EUA,False,baixa,
3167301,SILVEIRÂNIA,MG,2977,0.0,0.0,0.0,0.0,False,sem exportação aos EUA,False,baixa,
5108956,NOVA MONTE VERDE,MT,6036,0.0,12143346.0,0.0,0.0,False,sem exportação aos EUA,True,média,Amazônia Legal
5103056,CLÁUDIA,MT,8579,0.0,114849554.0,0.0,0.0,False,sem exportação aos EUA,True,média,Amazônia Legal
5102678,CAMPO VERDE,MT,33977,0.0,886613620.0,0.0,0.0,False,sem exportação aos EUA,True,média,Amazônia Legal
5102637,CAMPO NOVO DO PARECIS,MT,31126,0.0,1043681582.0,0.0,0.0,True,sem exportação aos EUA,True,média,Amazônia Legal
5101902,BRASNORTE,MT,12659,0.0,321551882.0,0.0,0.0,False,sem exportação aos EUA,True,média,Amazônia Legal
5107198,RIBEIRÃOZINHO,MT,2466,0.0,0.0,0.0,0.0,False,sem exportação aos EUA,True,média,Amazônia Legal
5107404,SÃO PEDRO DA CIPA,MT,3891,0.0,0.0,0.0,0.0,False,sem exportação aos EUA,True,média,Amazônia Legal
5106158,NOVA BANDEIRANTES,MT,10127,0.0,0.0,0.0,0.0,False,sem exportação aos EUA,True,média,Amazônia Legal
5101803,BARRA DO GARÇAS,MT,47123,0.0,381656634.0,0.0,0.0,False,sem exportação aos EUA,True,média,Amazônia Legal
5101209,ARAGUAINHA,MT,1233,0.0,0.0,0.0,0.0,False,sem exportação aos EUA,True,média,Amazônia Legal
5106455,PLANALTO DA SERRA,MT,3110,0.0,0.0,0.0,0.0,False,sem exportação aos EUA,True,média,Amazônia Legal
5101704,BARRA DO BUGRES,MT,22360,0.0,161816914.0,0.0,0.0,False,sem exportação aos EUA,True,média,Amazônia Legal
5107263,SANTO AFONSO,MT,2661,0.0,0.0,0.0,0.0,False,sem exportação aos EUA,True,média,Amazônia Legal
5101605,BARÃO DE MELGAÇO,MT,6862,0.0,0.0,0.0,0.0,False,sem exportação aos EUA,True,média,Amazônia Legal
5105234,LAMBARI D'OESTE,MT,4215,0.0,0.0,0.0,0.0,False,sem exportação aos EUA,True,média,Amazônia Legal
5100805,APIACÁS,MT,6340,0.0,0.0,0.0,0.0,False,sem exportação aos EUA,True,média,Amazônia Legal
5101308,ARENÁPOLIS,MT,7881,0.0,0.0,0.0,0.0,False,sem exportação aos EUA,True,média,Amazônia Legal
5102850,CASTANHEIRA,MT,6035,0.0,0.0,0.0,0.0,False,sem exportação aos EUA,True,média,Amazônia Legal
5104906,JANGADA,MT,7473,0.0,0.0,0.0,0.0,False,sem exportação aos EUA,True,média,Amazônia Legal
5105176,JURUENA,MT,7692,0.0,24516585.0,0.0,0.0,False,sem exportação aos EUA,True,média,Amazônia Legal
5103007,CHAPADA DOS GUIMARÃES,MT,17941,0.0,0.0,0.0,0.0,False,sem exportação aos EUA,True,média,Amazônia Legal
5101852,BOM JESUS DO ARAGUAIA,MT,5661,0.0,43300278.0,0.0,0.0,False,sem exportação aos EUA,True,média,Amazônia Legal
5106240,NOVA UBIRATÃ,MT,7592,0.0,230415873.0,0.0,0.0,False,sem exportação aos EUA,True,média,Amazônia Legal
5106182,NOVA LACERDA,MT,4972,0.0,0.0,0.0,0.0,False,sem exportação aos EUA,True,média,Amazônia Legal
5108303,UNIÃO DO SUL,MT,3630,0.0,28300193.0,0.0,0.0,False,sem exportação aos EUA,True,média,Amazônia Legal
5104203,GUIRATINGA,MT,8175,0.0,0.0,0.0,0.0,False,sem exportação aos EUA,True,média,Amazônia Legal
5103858,GAÚCHA DO NORTE,MT,6795,0.0,4812755.0,0.0,0.0,False,sem exportação aos EUA,True,média,Amazônia Legal
5106265,NOVO MUNDO,MT,6075,0.0,106843625.0,0.0,0.0,False,sem exportação aos EUA,True,média,Amazônia Legal
5103908,GENERAL CARNEIRO,MT,4719,0.0,0.0,0.0,0.0,False,sem exportação aos EUA,True,média,Amazônia Legal
5102793,CARLINDA,MT,8400,0.0,87758145.0,0.0,0.0,False,sem exportação aos EUA,True,média,Amazônia Legal
5102686,CAMPOS DE JÚLIO,MT,6787,0.0,386940618.0,0.0,0.0,True,sem exportação aos EUA,True,média,Amazônia Legal
5103601,DOM AQUINO,MT,6230,0.0,2518669.0,0.0,0.0,False,sem exportação aos EUA,True,média,Amazônia Legal
5106653,PONTAL DO ARAGUAIA,MT,5354,0.0,0.0,0.0,0.0,False,sem exportação aos EUA,True,média,Amazônia Legal
5108006,TAPURAH,MT,9694,0.0,209945519.0,0.0,0.0,False,sem exportação aos EUA,True,média,Amazônia Legal
5106224,NOVA MUTUM,MT,37953,0.0,1047290982.0,0.0,0.0,False,sem exportação aos EUA,True,média,Amazônia Legal
5105259,LUCAS DO RIO VERDE,MT,54792,0.0,696064257.0,0.0,0.0,False,sem exportação aos EUA,True,média,Amazônia Legal
5107354,SÃO JOSÉ DO XINGU,MT,5340,0.0,125968492.0,0.0,0.0,False,sem exportação aos EUA,True,média,Amazônia Legal
5107941,TABAPORÃ,MT,8039,0.0,24808599.0,0.0,0.0,False,sem exportação aos EUA,True,média,Amazônia Legal
5006358,PARANHOS,MS,9433,0.0,0.0,0.0,0.0,False,sem exportação aos EUA,False,baixa,
5007703,SETE QUEDAS,MS,7773,0.0,60045.0,0.0,0.0,False,sem exportação aos EUA,False,baixa,
5106208,NOVA BRASILÂNDIA,MT,3832,0.0,0.0,0.0,0.0,False,sem exportação aos EUA,True,média,Amazônia Legal
5103437,CURVELÂNDIA,MT,4408,0.0,0.0,0.0,0.0,False,sem exportação aos EUA,True,média,Amazônia Legal
5103205,COLÍDER,MT,23598,0.0,290872912.0,0.0,0.0,False,sem exportação aos EUA,True,média,Amazônia Legal
5101837,BOA ESPERANÇA DO NORTE,MT,4326,0.0,0.0,0.0,0.0,False,sem exportação aos EUA,True,média,Amazônia Legal
5003157,CORONEL SAPUCAIA,MS,12105,0.0,611306.0,0.0,0.0,False,sem exportação aos EUA,False,baixa,
5007976,TAQUARUSSU,MS,3942,0.0,0.0,0.0,0.0,False,sem exportação aos EUA,False,baixa,
5007950,TACURU,MS,7003,0.0,0.0,0.0,0.0,False,sem exportação aos EUA,False,baixa,
5007802,SELVÍRIA,MS,7236,0.0,0.0,0.0,0.0,False,sem exportação aos EUA,False,baixa,
5103957,GLÓRIA D'OESTE,MT,2685,0.0,0.0,0.0,0.0,False,sem exportação aos EUA,True,média,Amazônia Legal
5004601,ITAQUIRAÍ,MS,14628,0.0,84435911.0,0.0,0.0,False,sem exportação aos EUA,False,baixa,
5003504,DOURADINA,MS,4920,0.0,0.0,0.0,0.0,False,sem exportação aos EUA,False,baixa,
5003256,COSTA RICA,MS,22355,0.0,26532566.0,0.0,0.0,False,sem exportação aos EUA,False,baixa,
5002159,BODOQUENA,MS,6487,0.0,0.0,0.0,0.0,False,sem exportação aos EUA,False,baixa,
5008404,VICENTINA,MS,5998,0.0,823140.0,0.0,0.0,False,sem exportação aos EUA,False,baixa,
5007935,SONORA,MS,11254,0.0,16039253.0,0.0,0.0,False,sem exportação aos EUA,False,baixa,
5007554,SANTA RITA DO PARDO,MS,5541,0.0,0.0,0.0,0.0,False,sem exportação aos EUA,False,baixa,
5106190,NOVA SANTA HELENA,MT,3384,0.0,112996668.0,0.0,0.0,True,sem exportação aos EUA,True,média,Amazônia Legal
5107792,SANTO ANTÔNIO DO LESTE,MT,2731,0.0,45249315.0,0.0,0.0,False,sem exportação aos EUA,True,média,Amazônia Legal
5105002,JAURU,MT,7115,0.0,0.0,0.0,0.0,False,sem exportação aos EUA,True,média,Amazônia Legal
5107107,SÃO JOSÉ DOS QUATRO MARCOS,MT,13117,0.0,1933571.0,0.0,0.0,False,sem exportação aos EUA,True,média,Amazônia Legal
5106851,PORTO ESTRELA,MT,3328,0.0,0.0,0.0,0.0,False,sem exportação aos EUA,True,média,Amazônia Legal
5108857,NOVA MARILÂNDIA,MT,3030,0.0,8460.0,0.0,0.0,False,sem exportação aos EUA,True,média,Amazônia Legal
5108808,NOVA GUARITA,MT,4119,0.0,0.0,0.0,0.0,False,sem exportação aos EUA,True,média,Amazônia Legal
5108907,NOVA MARINGÁ,MT,4626,0.0,68635233.0,0.0,0.0,False,sem exportação aos EUA,True,média,Amazônia Legal
5107248,SANTA CARMEM,MT,4178,0.0,139322385.0,0.0,0.0,True,sem exportação aos EUA,True,média,Amazônia Legal
5100508,ALTO PARAGUAI,MT,6195,0.0,0.0,0.0,0.0,False,sem exportação aos EUA,True,média,Amazônia Legal
5102694,CANABRAVA DO NORTE,MT,4167,0.0,0.0,0.0,0.0,False,sem exportação aos EUA,True,média,Amazônia Legal
5100409,ALTO GARÇAS,MT,8774,0.0,53311053.0,0.0,0.0,False,sem exportação aos EUA,True,média,Amazônia Legal
5107065,QUERÊNCIA,MT,18997,0.0,1032444609.0,0.0,0.0,True,sem exportação aos EUA,True,média,Amazônia Legal
5100300,ALTO ARAGUAIA,MT,11527,0.0,632313033.0,0.0,0.0,True,sem exportação aos EUA,True,média,Amazônia Legal
5100359,ALTO BOA VISTA,MT,4151,0.0,0.0,0.0,0.0,False,sem exportação aos EUA,True,média,Amazônia Legal
5107297,SÃO JOSÉ DO POVO,MT,3000,0.0,0.0,0.0,0.0,False,sem exportação aos EUA,True,média,Amazônia Legal
5107750,SALTO DO CÉU,MT,3076,0.0,0.0,0.0,0.0,False,sem exportação aos EUA,True,média,Amazônia Legal
5107578,RONDOLÂNDIA,MT,3084,0.0,0.0,0.0,0.0,False,sem exportação aos EUA,True,média,Amazônia Legal
5107206,RIO BRANCO,MT,3897,0.0,0.0,0.0,0.0,False,sem exportação aos EUA,True,média,Amazônia Legal
3167400,SILVIANÓPOLIS,MG,4859,0.0,0.0,0.0,0.0,False,sem exportação aos EUA,False,baixa,
3167103,SERRO,MG,17103,0.0,8659.0,0.0,0.0,False,sem exportação aos EUA,False,baixa,
3146602,PAIVA,MG,1859,0.0,0.0,0.0,0.0,False,sem exportação aos EUA,False,baixa,
3154002,RAUL SOARES,MG,18357,0.0,0.0,0.0,0.0,False,sem exportação aos EUA,False,baixa,
3155108,RIO DO PRADO,MG,4338,0.0,0.0,0.0,0.0,False,sem exportação aos EUA,False,baixa,
3155009,RIO DOCE,MG,2624,0.0,0.0,0.0,0.0,False,sem exportação aos EUA,False,baixa,
3154903,RIO CASCA,MG,10834,0.0,0.0,0.0,0.0,False,sem exportação aos EUA,False,baixa,
3154705,RIBEIRÃO VERMELHO,MG,3461,0.0,0.0,0.0,0.0,False,sem exportação aos EUA,False,baixa,
3154408,RESSAQUINHA,MG,4433,0.0,0.0,0.0,0.0,False,sem exportação aos EUA,False,baixa,
3154309,RESPLENDOR,MG,12729,0.0,193447.0,0.0,0.0,False,sem exportação aos EUA,False,baixa,
3154101,RECREIO,MG,7959,0.0,0.0,0.0,0.0,False,sem exportação aos EUA,False,baixa,
3153905,RAPOSOS,MG,12906,0.0,0.0,0.0,0.0,False,sem exportação aos EUA,False,baixa,
3153004,PRATINHA,MG,3312,0.0,0.0,0.0,0.0,False,sem exportação aos EUA,False,baixa,
3153806,QUELUZITO,MG,2785,0.0,0.0,0.0,0.0,False,sem exportação aos EUA,False,baixa,
3153707,QUARTEL GERAL,MG,3749,0.0,0.0,0.0,0.0,False,sem exportação aos EUA,False,baixa,
3153608,PRUDENTE DE MORAIS,MG,8555,0.0,0.0,0.0,0.0,False,sem exportação aos EUA,False,baixa,
3153509,ALTO JEQUITIBÁ,MG,7177,0.0,128923.0,0.0,0.0,False,sem exportação aos EUA,False,baixa,
3153400,PRESIDENTE OLEGÁRIO,MG,16281,0.0,169318.0,0.0,0.0,False,sem exportação aos EUA,False,baixa,
3153301,PRESIDENTE KUBITSCHEK,MG,3087,0.0,0.0,0.0,0.0,False,sem exportação aos EUA,False,baixa,
3153202,PRESIDENTE JUSCELINO,MG,4089,0.0,0.0,0.0,0.0,False,sem exportação aos EUA,False,baixa,
3155207,RIO ESPERA,MG,5784,0.0,0.0,0.0,0.0,False,sem exportação aos EUA,False,baixa,
3155306,RIO MANSO,MG,5025,0.0,0.0,0.0,0.0,False,sem exportação aos EUA,False,baixa,
3155405,RIO NOVO,MG,7131,0.0,0.0,0.0,0.0,False,sem exportação aos EUA,False,baixa,
3155504,RIO PARANAÍBA,MG,11055,0.0,5532786.0,0.0,0.0,False,sem exportação aos EUA,False,baixa,
3157302,SANTA BÁRBARA DO TUGÚRIO,MG,4340,0.0,0.0,0.0,0.0,False,sem exportação aos EUA,False,baixa,
3157203,SANTA BÁRBARA,MG,24261,0.0,0.0,0.0,0.0,False,sem exportação aos EUA,False,baixa,
3156809,SABINÓPOLIS,MG,12417,0.0,1435382.0,0.0,0.0,False,sem exportação aos EUA,False,baixa,
3156700,SABARÁ,MG,94323,0.0,91062482.0,0.0,0.0,False,sem exportação aos EUA,False,baixa,
3156601,RUBIM,MG,7158,0.0,0.0,0.0,0.0,False,sem exportação aos EUA,False,baixa,
3156502,RUBELITA,MG,7524,0.0,427874.0,0.0,0.0,False,sem exportação aos EUA,False,baixa,
3156403,ROMARIA,MG,3430,0.0,0.0,0.0,0.0,False,sem exportação aos EUA,False,baixa,
3156304,RODEIRO,MG,6844,0.0,2087681.0,0.0,0.0,False,sem exportação aos EUA,False,baixa,
3156205,ROCHEDO DE MINAS,MG,2917,0.0,0.0,0.0,0.0,False,sem exportação aos EUA,False,baixa,
3156106,RITÁPOLIS,MG,4803,0.0,0.0,0.0,0.0,False,sem exportação aos EUA,False,baixa,
3156007,RIO VERMELHO,MG,10175,0.0,0.0,0.0,0.0,False,sem exportação aos EUA,False,baixa,
3155900,RIO PRETO,MG,5409,0.0,0.0,0.0,0.0,False,sem exportação aos EUA,False,baixa,
3155801,RIO POMBA,MG,13402,0.0,0.0,0.0,0.0,False,sem exportação aos EUA,False,baixa,
3155702,RIO PIRACICABA,MG,12444,0.0,29489034.0,0.0,0.0,False,sem exportação aos EUA,False,baixa,
3155603,RIO PARDO DE MINAS,MG,22281,0.0,0.0,0.0,0.0,False,sem exportação aos EUA,False,baixa,
3153103,PRESIDENTE BERNARDES,MG,5729,0.0,0.0,0.0,0.0,False,sem exportação aos EUA,False,baixa,
3152907,PRATÁPOLIS,MG,7457,0.0,0.0,0.0,0.0,False,sem exportação aos EUA,False,baixa,
3157500,SANTA EFIGÊNIA DE MINAS,MG,3985,0.0,0.0,0.0,0.0,False,sem exportação aos EUA,False,baixa,
3148400,PAULISTAS,MG,4222,0.0,0.0,0.0,0.0,False,sem exportação aos EUA,False,baixa,
3149408,PEDRO TEIXEIRA,MG,2507,0.0,0.0,0.0,0.0,False,sem exportação aos EUA,False,baixa,
3149200,PEDRINÓPOLIS,MG,3421,0.0,0.0,0.0,0.0,False,sem exportação aos EUA,False,baixa,
3149101,PEDRALVA,MG,9379,0.0,162370.0,0.0,0.0,False,sem exportação aos EUA,False,baixa,
3149002,PEDRA DOURADA,MG,2730,0.0,0.0,0.0,0.0,False,sem exportação aos EUA,False,baixa,
3148905,PEDRA DO INDAIÁ,MG,3864,0.0,2243755.0,0.0,0.0,False,sem exportação aos EUA,False,baixa,
3148806,PEDRA DO ANTA,MG,3516,0.0,0.0,0.0,0.0,False,sem exportação aos EUA,False,baixa,
3148509,PAVÃO,MG,6314,0.0,0.0,0.0,0.0,False,sem exportação aos EUA,False,baixa,
3148301,PAULA CÂNDIDO,MG,7817,0.0,0.0,0.0,0.0,False,sem exportação aos EUA,False,baixa,
3152808,PRATA,MG,22334,0.0,2224220.0,0.0,0.0,False,sem exportação aos EUA,False,baixa,
3148202,PATROCÍNIO DO MURIAÉ,MG,5085,0.0,0.0,0.0,0.0,False,sem exportação aos EUA,False,baixa,
3147808,PASSA VINTE,MG,2493,0.0,0.0,0.0,0.0,False,sem exportação aos EUA,False,baixa,
3147709,PASSA TEMPO,MG,7354,0.0,2200162.0,0.0,0.0,False,sem exportação aos EUA,False,baixa,
3147600,PASSA QUATRO,MG,13298,0.0,1571.0,0.0,0.0,False,sem exportação aos EUA,False,baixa,
3147501,PASSABÉM,MG,1914,0.0,0.0,0.0,0.0,False,sem exportação aos EUA,False,baixa,
3127057,FRONTEIRA DOS VALES,MG,4372,0.0,0.0,0.0,0.0,False,sem exportação aos EUA,False,baixa,
3146701,PALMA,MG,5273,0.0,0.0,0.0,0.0,False,sem exportação aos EUA,False,baixa,
3149507,PEQUERI,MG,3368,0.0,194798.0,0.0,0.0,False,sem exportação aos EUA,False,baixa,
3150000,PESCADOR,MG,3581,0.0,0.0,0.0,0.0,False,sem exportação aos EUA,False,baixa,
3150109,PIAU,MG,3238,0.0,0.0,0.0,0.0,False,sem exportação aos EUA,False,baixa,
3150208,PIEDADE DE PONTE NOVA,MG,3812,0.0,0.0,0.0,0.0,False,sem exportação aos EUA,False,baixa,
3152709,PRADOS,MG,7485,0.0,8154.0,0.0,0.0,False,sem exportação aos EUA,False,baixa,
3152402,POTÉ,MG,12644,0.0,0.0,0.0,0.0,False,sem exportação aos EUA,False,baixa,
3152303,PORTO FIRME,MG,9025,0.0,0.0,0.0,0.0,False,sem exportação aos EUA,False,baixa,
3152204,PORTEIRINHA,MG,31682,0.0,0.0,0.0,0.0,False,sem exportação aos EUA,False,baixa,
3151909,POCRANE,MG,7548,0.0,14487.0,0.0,0.0,False,sem exportação aos EUA,False,baixa,
3151602,PLANURA,MG,8677,0.0,49442125.0,0.0,0.0,False,sem exportação aos EUA,False,baixa,
3151503,PIUMHI,MG,26253,0.0,7766097.0,0.0,0.0,False,sem exportação aos EUA,False,baixa,
3151305,PIRAÚBA,MG,9664,0.0,1550.0,0.0,0.0,False,sem exportação aos EUA,False,baixa,
3151008,PIRANGUINHO,MG,7298,0.0,0.0,0.0,0.0,False,sem exportação aos EUA,False,baixa,
3150901,PIRANGUÇU,MG,4789,0.0,14133.0,0.0,0.0,False,sem exportação aos EUA,False,baixa,
3150802,PIRANGA,MG,14052,0.0,0.0,0.0,0.0,False,sem exportação aos EUA,False,baixa,
3150703,PIRAJUBA,MG,4817,0.0,118795088.0,0.0,0.0,False,sem exportação aos EUA,False,baixa,
3150505,PIMENTA,MG,7313,0.0,0.0,0.0,0.0,False,sem exportação aos EUA,False,baixa,
3150406,PIEDADE DOS GERAIS,MG,5270,0.0,0.0,0.0,0.0,False,sem exportação aos EUA,False,baixa,
3150307,PIEDADE DO RIO GRANDE,MG,4083,0.0,0.0,0.0,0.0,False,sem exportação aos EUA,False,baixa,
3157401,SANTA CRUZ DO ESCALVADO,MG,4879,0.0,0.0,0.0,0.0,False,sem exportação aos EUA,False,baixa,
3157609,SANTA FÉ DE MINAS,MG,3706,0.0,0.0,0.0,0.0,False,sem exportação aos EUA,False,baixa,
3167004,SERRANOS,MG,2075,0.0,0.0,0.0,0.0,False,sem exportação aos EUA,False,baixa,
3163904,SÃO PEDRO DA UNIÃO,MG,4328,0.0,0.0,0.0,0.0,False,sem exportação aos EUA,False,baixa,
3164605,SÃO SEBASTIÃO DO OESTE,MG,7573,0.0,27650143.0,0.0,0.0,False,sem exportação aos EUA,False,baixa,
3164506,SÃO SEBASTIÃO DO MARANHÃO,MG,8934,0.0,590740.0,0.0,0.0,False,sem exportação aos EUA,False,baixa,
3164407,SÃO SEBASTIÃO DA BELA VISTA,MG,6472,0.0,1745163.0,0.0,0.0,False,sem exportação aos EUA,False,baixa,
3164308,SÃO ROQUE DE MINAS,MG,5891,0.0,0.0,0.0,0.0,False,sem exportação aos EUA,False,baixa,
3164209,SÃO ROMÃO,MG,7275,0.0,0.0,0.0,0.0,False,sem exportação aos EUA,False,baixa,
3164100,SÃO PEDRO DO SUAÇUÍ,MG,4666,0.0,0.0,0.0,0.0,False,sem exportação aos EUA,False,baixa,
3164001,SÃO PEDRO DOS FERROS,MG,6402,0.0,0.0,0.0,0.0,False,sem exportação aos EUA,False,baixa,
3163805,SÃO MIGUEL DO ANTA,MG,6021,0.0,0.0,0.0,0.0,False,sem exportação aos EUA,False,baixa,
3162906,SÃO JOÃO NEPOMUCENO,MG,20106,0.0,0.0,0.0,0.0,False,sem exportação aos EUA,False,baixa,
3163706,SÃO LOURENÇO,MG,34836,0.0,10044.0,0.0,0.0,False,sem exportação aos EUA,False,baixa,
3163607,SÃO JOSÉ DO MANTIMENTO,MG,3068,0.0,0.0,0.0,0.0,False,sem exportação aos EUA,False,baixa,
3163508,SÃO JOSÉ DO JACURI,MG,5252,0.0,0.0,0.0,0.0,False,sem exportação aos EUA,False,baixa,
3163409,SÃO JOSÉ DO GOIABAL,MG,4897,0.0,0.0,0.0,0.0,False,sem exportação aos EUA,False,baixa,
3163300,SÃO JOSÉ DO DIVINO,MG,3170,0.0,0.0,0.0,0.0,False,sem exportação aos EUA,False,baixa,
3163201,SÃO JOSÉ DO ALEGRE,MG,3727,0.0,0.0,0.0,0.0,False,sem exportação aos EUA,False,baixa,
3163102,SÃO JOSÉ DA VARGINHA,MG,3988,0.0,0.0,0.0,0.0,False,sem exportação aos EUA,False,baixa,
3164803,SÃO SEBASTIÃO DO RIO PRETO,MG,2043,0.0,0.0,0.0,0.0,False,sem exportação aos EUA,False,baixa,
3164902,SÃO SEBASTIÃO DO RIO VERDE,MG,2163,0.0,0.0,0.0,0.0,False,sem exportação aos EUA,False,baixa,
3165008,SÃO TIAGO,MG,9396,0.0,1231.0,0.0,0.0,False,sem exportação aos EUA,False,baixa,
3165305,SÃO VICENTE DE MINAS,MG,5681,0.0,874174.0,0.0,0.0,False,sem exportação aos EUA,False,baixa,
3166907,SERRANIA,MG,6378,0.0,0.0,0.0,0.0,False,sem exportação aos EUA,False,baixa,
3166808,SERRA DO SALITRE,MG,9396,0.0,0.0,0.0,0.0,False,sem exportação aos EUA,False,baixa,
3166709,SERRA DOS AIMORÉS,MG,6251,0.0,0.0,0.0,0.0,False,sem exportação aos EUA,False,baixa,
3166600,SERRA DA SAUDADE,MG,1281,0.0,0.0,0.0,0.0,False,sem exportação aos EUA,False,baixa,
3166501,SERRA AZUL DE MINAS,MG,3725,0.0,0.0,0.0,0.0,False,sem exportação aos EUA,False,baixa,
3166402,SERITINGA,MG,2045,0.0,0.0,0.0,0.0,False,sem exportação aos EUA,False,baixa,
3166303,SERICITA,MG,7087,0.0,0.0,0.0,0.0,False,sem exportação aos EUA,False,baixa,
3166204,SENHORA DOS REMÉDIOS,MG,8367,0.0,0.0,0.0,0.0,False,sem exportação aos EUA,False,baixa,
3166105,SENHORA DO PORTO,MG,3323,0.0,0.0,0.0,0.0,False,sem exportação aos EUA,False,baixa,
3166006,SENHORA DE OLIVEIRA,MG,5747,0.0,0.0,0.0,0.0,False,sem exportação aos EUA,False,baixa,
3165800,SENADOR JOSÉ BENTO,MG,2481,0.0,0.0,0.0,0.0,False,sem exportação aos EUA,False,baixa,
3165701,SENADOR FIRMINO,MG,7117,0.0,0.0,0.0,0.0,False,sem exportação aos EUA,False,baixa,
3165602,SENADOR CORTES,MG,2545,0.0,0.0,0.0,0.0,False,sem exportação aos EUA,False,baixa,
3165503,SARDOÁ,MG,4955,0.0,0.0,0.0,0.0,False,sem exportação aos EUA,False,baixa,
3165404,SAPUCAÍ-MIRIM,MG,6091,0.0,0.0,0.0,0.0,False,sem exportação aos EUA,False,baixa,
3163003,SÃO JOSÉ DA SAFIRA,MG,4189,0.0,0.0,0.0,0.0,False,sem exportação aos EUA,False,baixa,
3162807,SÃO JOÃO EVANGELISTA,MG,12840,0.0,0.0,0.0,0.0,False,sem exportação aos EUA,False,baixa,
3157708,SANTA JULIANA,MG,11819,0.0,51224656.0,0.0,0.0,False,sem exportação aos EUA,False,baixa,
3158706,SANTANA DO GARAMBÉU,MG,2352,0.0,0.0,0.0,0.0,False,sem exportação aos EUA,False,baixa,
3159704,SANTA ROSA DA SERRA,MG,3513,0.0,240221.0,0.0,0.0,False,sem exportação aos EUA,False,baixa,
3159407,SANTA RITA DE IBITIPOCA,MG,3384,0.0,0.0,0.0,0.0,False,sem exportação aos EUA,False,baixa,
3159308,SANTA RITA DE JACUTINGA,MG,4360,0.0,0.0,0.0,0.0,False,sem exportação aos EUA,False,baixa,
3159209,SANTA RITA DE CALDAS,MG,7062,0.0,3668095.0,0.0,0.0,False,sem exportação aos EUA,False,baixa,
3159100,SANTANA DOS MONTES,MG,3869,0.0,0.0,0.0,0.0,False,sem exportação aos EUA,False,baixa,
3159001,SANTANA DO RIACHO,MG,6031,0.0,0.0,0.0,0.0,False,sem exportação aos EUA,False,baixa,
3158805,SANTANA DO JACARÉ,MG,3915,0.0,0.0,0.0,0.0,False,sem exportação aos EUA,False,baixa,
3158607,SANTANA DO DESERTO,MG,3542,0.0,0.0,0.0,0.0,False,sem exportação aos EUA,False,baixa,
3162609,SÃO JOÃO DO ORIENTE,MG,6955,0.0,0.0,0.0,0.0,False,sem exportação aos EUA,False,baixa,
3158508,SANTANA DE PIRAPAMA,MG,7165,0.0,0.0,0.0,0.0,False,sem exportação aos EUA,False,baixa,
3158409,SANTANA DE CATAGUASES,MG,3385,0.0,0.0,0.0,0.0,False,sem exportação aos EUA,False,baixa,
3158300,SANTANA DA VARGEM,MG,5973,0.0,52515.0,0.0,0.0,False,sem exportação aos EUA,False,baixa,
3158201,SANTA MARIA DO SUAÇUÍ,MG,12134,0.0,0.0,0.0,0.0,False,sem exportação aos EUA,False,baixa,
3158102,SANTA MARIA DO SALTO,MG,4598,0.0,0.0,0.0,0.0,False,sem exportação aos EUA,False,baixa,
3158003,SANTA MARIA DE ITABIRA,MG,8798,0.0,0.0,0.0,0.0,False,sem exportação aos EUA,False,baixa,
3157906,SANTA MARGARIDA,MG,12910,0.0,0.0,0.0,0.0,False,sem exportação aos EUA,False,baixa,
3160009,SANTO ANTÔNIO DO AVENTUREIRO,MG,3747,0.0,0.0,0.0,0.0,False,sem exportação aos EUA,False,baixa,
3160207,SANTO ANTÔNIO DO ITAMBÉ,MG,3863,0.0,0.0,0.0,0.0,False,sem exportação aos EUA,False,baixa,
3160306,SANTO ANTÔNIO DO JACINTO,MG,9461,0.0,0.0,0.0,0.0,False,sem exportação aos EUA,False,baixa,
3160504,SANTO ANTÔNIO DO RIO ABAIXO,MG,2393,0.0,0.0,0.0,0.0,False,sem exportação aos EUA,False,baixa,
3162401,SÃO JOÃO DA PONTE,MG,22992,0.0,0.0,0.0,0.0,False,sem exportação aos EUA,False,baixa,
3162302,SÃO JOÃO DA MATA,MG,3192,0.0,0.0,0.0,0.0,False,sem exportação aos EUA,False,baixa,
3162203,SÃO JOÃO BATISTA DO GLÓRIA,MG,6432,0.0,0.0,0.0,0.0,False,sem exportação aos EUA,False,baixa,
3161908,SÃO GONÇALO DO RIO ABAIXO,MG,11721,0.0,1652230536.0,0.0,0.0,True,sem exportação aos EUA,False,baixa,
3161700,SÃO GONÇALO DO ABAETÉ,MG,5648,0.0,656000.0,0.0,0.0,False,sem exportação aos EUA,False,baixa,
3161601,SÃO GERALDO DA PIEDADE,MG,3667,0.0,0.0,0.0,0.0,False,sem exportação aos EUA,False,baixa,
3161502,SÃO GERALDO,MG,7348,0.0,0.0,0.0,0.0,False,sem exportação aos EUA,False,baixa,
3161403,SÃO FRANCISCO DO GLÓRIA,MG,4163,0.0,0.0,0.0,0.0,False,sem exportação aos EUA,False,baixa,
3161304,SÃO FRANCISCO DE SALES,MG,4637,0.0,0.0,0.0,0.0,False,sem exportação aos EUA,False,baixa,
3161205,SÃO FRANCISCO DE PAULA,MG,5996,0.0,1114362.0,0.0,0.0,False,sem exportação aos EUA,False,baixa,
3161106,SÃO FRANCISCO,MG,41950,0.0,0.0,0.0,0.0,False,sem exportação aos EUA,False,baixa,
3161007,SÃO DOMINGOS DO PRATA,MG,14284,0.0,0.0,0.0,0.0,False,sem exportação aos EUA,False,baixa,
3160900,SÃO BRÁS DO SUAÇUÍ,MG,3755,0.0,0.0,0.0,0.0,False,sem exportação aos EUA,False,baixa,
3160801,SÃO BENTO ABADE,MG,4193,0.0,0.0,0.0,0.0,False,sem exportação aos EUA,False,baixa,
3160603,SANTO HIPÓLITO,MG,3387,0.0,0.0,0.0,0.0,False,sem exportação aos EUA,False,baixa,
1703107,BARROLÂNDIA,TO,4903,0.0,0.0,0.0,0.0,False,sem exportação aos EUA,True,média,Amazônia Legal
