cand,id,pagina,secao,texto,temas,publicos,concreto,meta_numerica,resumo_modelo,ok_modelo
lula,0,6,P R O G R A M A D E G O V E R N O,"DIRETRIZES PARA O PROGRAMA DE TRANSFORMAÇÃO DO BRASIL: UM PAÍS SOBERANO, DEMOCRÁTICO, DESENVOLVIDO, SUSTENTÁVEL E CRIATIVO COMPROMISSO COM O PROJETO DE NAÇÃO O povo brasileiro sonha e almeja um futuro melhor. A esperança é o que nos move. Sem sonhos, criatividade, desejo de transformação, fé, esperança e trabalho, nada acontece. É com essa força coletiva que o Brasil pode seguir transformando realidades.",soberania_nacional;emprego,,False,False,"Texto introdutório sobre a visão de nação, esperança e transformação coletiva do Brasil.",True
lula,1,6,P R O G R A M A D E G O V E R N O,"Todas as vezes que estivemos à frente do Executivo Federal, governamos para todas as pessoas, sobretudo, para quem mais precisa, comprometidos com aqueles e aquelas cujos sonhos parecem mais distantes e cujas necessidades ainda não foram plenamente atendidas. Nosso compromisso histórico é construir um Brasil como potência criativa, sustentável, democrática e soberana, com menos desigualdades.",soberania_nacional,,False,False,"Declaração de valores sobre governança inclusiva, redução de desigualdades e soberania nacional.",True
lula,2,6,P R O G R A M A D E G O V E R N O,"Queremos continuar trabalhando para fortalecer uma democracia real e efetiva, capaz de assegurar que todos os brasileiros participem dos benefícios do crescimento econômico e dos frutos do progresso social. Isso exige políticas públicas orientadas pela inclusão, pela equidade, pela solidariedade e pelo interesse público.",instituicoes_stf_reeleicao;programas_sociais,,False,False,Defesa do fortalecimento da democracia e de políticas públicas voltadas à inclusão social.,True
lula,3,6,P R O G R A M A D E G O V E R N O,"O Brasil proposto por este programa de governo não é uma utopia distante nem uma promessa vaga. É a continuidade de um projeto concreto de ampliação de direitos, reconstrução do Estado, aprofundamento da democracia e transformação estrutural do país. Todos os compromissos aqui assumidos são factíveis, necessários e possíveis, e têm como base as conquistas e entregas do atual mandato.",instituicoes_stf_reeleicao,,False,False,Texto introdutório que reafirma a continuidade do projeto de governo e a democracia.,True
lula,4,6,P R O G R A M A D E G O V E R N O,"Vamos continuar fazendo as escolhas políticas necessárias à construção de um país em que o trabalho seja valorizado, os serviços públicos sejam continuamente aprimorados, a democracia seja praticada e não apenas declarada, e a soberania nacional seja efetivamente exercida.",emprego;instituicoes_stf_reeleicao;soberania_nacional,,False,False,"Declaração de valores sobre valorização do trabalho, serviços públicos, democracia e soberania nacional.",True
lula,5,7,P R O G R A M A D E G O V E R N O,"Representamos um governo que age, executa, aprende e aperfeiçoa rumos, mantendo o foco no que realmente importa: o bem-estar dos brasileiros e brasileiras, a centralidade do interesse público e a construção de um modelo eficaz de governança democrática.",,,False,False,Afirmação de valores sobre governança democrática e foco no bem-estar da população.,True
lula,6,7,P R O G R A M A D E G O V E R N O,"O Brasil já demonstrou, em vários momentos de sua história, que é capaz de realizar transformações essenciais quando reúne liderança política, capacidade institucional e energia social. Foi assim na construção do maior sistema universal público de saúde, o SUS, no combate à fome e à pobreza, na liderança em energias renováveis e na produção de alimentos.",saude_sus,,False,False,"Exalta conquistas históricas brasileiras em saúde, combate à pobreza, energia e alimentos.",True
lula,7,7,P R O G R A M A D E G O V E R N O,"Este programa aposta nessa força. Aposta que uma criança nascida em qualquer região, de qualquer origem, terá mais oportunidades do que as gerações anteriores. Não porque o futuro esteja garantido, mas porque políticas públicas sérias, bem planejadas, participativas e voltadas para quem mais precisa são capazes de mudar a vida das pessoas.",,criancas_familias,False,False,Defesa de políticas públicas para ampliar oportunidades de crianças e populações vulneráveis.,True
lula,8,7,P R O G R A M A D E G O V E R N O,"Somos o verdadeiro novo porque enfrentamos o velho sistema que mantém o Brasil no atraso, na desigualdade e na dependência. Queremos continuar perseguindo esses objetivos, o que exige enfrentar as forças políticas do passado, que atuam para conservar privilégios e não democratizar o uso adequado dos recursos públicos, com transparência e foco nas grandes questões nacionais. Nossa tarefa é derrotar o projeto liberal-conservador para seguir construindo um Brasil popular, democrático, soberano e justo. O Brasil que sonhamos e que seja partilhado por todos e todas.",soberania_nacional,,False,False,Texto define a orientação ideológica do governo contra o projeto liberal-conservador.,True
lula,9,7,P R O G R A M A D E G O V E R N O,"Estamos prontos para continuar as tarefas de ampliar a capacidade de planejamento do Estado brasileiro, fortalecer a base produtiva e tecnológica, democratizar o orçamento público, reafirmar a soberania nacional e enfrentar as ameaças externas que desconsideram os interesses do povo brasileiro. Não há desenvolvimento sem soberania em áreas estratégicas, capacidade industrial, domínio tecnológico e projeto nacional. Por isso, a disputa por recursos estratégicos, tecnologias, conhecimento e fontes de energia impõe novos desafios ao desenvolvimento do nosso país, e temos todas as condições de enfrentá-los.",soberania_nacional,,False,False,"Defesa da soberania nacional, capacidade industrial e tecnológica para o desenvolvimento do país.",True
lula,10,8,P R O G R A M A D E G O V E R N O,"Seguimos com um projeto de desenvolvimento para o Brasil e pelo Brasil, baseado nos nossos interesses, e não nos interesses de outras potências.",,,False,False,Defesa de um projeto de desenvolvimento baseado nos interesses nacionais.,True
lula,11,8,P R O G R A M A D E G O V E R N O,"O governo Lula III começou com a tentativa golpista de 8 de janeiro de 2023, mobilizações violentas contra a democracia e um Estado profundamente desmontado e fiscalmente desequilibrado. Essa destruição começou com o golpe contra a presidenta Dilma Rousseff e se aprofundou com os governos Temer e Bolsonaro.",instituicoes_stf_reeleicao,,False,False,Diagnóstico sobre a situação democrática e fiscal do país após governos anteriores.,True
lula,12,8,P R O G R A M A D E G O V E R N O,"O resultado foi uma verdadeira herança maldita, marcada por uma economia combalida, políticas públicas destruídas, revogação de direitos, aumento das desigualdades, precarização do trabalho, fortes expressões de violência social e política e aviltamento da soberania nacional.",emprego;soberania_nacional,,False,False,"Diagnóstico crítico sobre a situação econômica, social e política herdada pelo governo.",True
lula,13,8,P R O G R A M A D E G O V E R N O,"A deterioração das condições de vida da população brasileira entre 2016 e 2022 não foi fruto do acaso, mas o resultado de uma política econômica equivocada, e da inação planejada e do desmantelamento de políticas sociais consolidadas. Entre 2017 e 2022, a economia brasileira enfrentou baixo crescimento, com uma taxa média de 1,5% ao ano. Nesse período, a indústria de transformação, setor essencial para a agregação de valor e geração de empregos de qualidade, teve desempenho ainda pior, crescendo em média apenas 0,47% ao ano. O governo Bolsonaro deixou, ainda, um legado de passivos expressivos, muito longe de uma herança de responsabilidade fiscal. Recebemos um orçamento fictício, deixando de fora políticas essenciais. Na tentativa de se reeleger, Bolsonaro dilapidou os cofres públicos, deu calote em precatórios e armou uma bomba fiscal para estados e municípios com a desoneração artificial de combustíveis. Além disso, delegou parte expressiva do orçamento discricionário da União ao chamado orçamento secreto.",emprego;impostos_isencao_ir,,False,True,Diagnóstico crítico sobre a economia e a gestão fiscal do governo anterior.,True
lula,14,8,P R O G R A M A D E G O V E R N O,"De forma ainda mais irresponsável, a gestão anterior promoveu uma flexibilização eleitoreira das políticas sociais, com prejuízos ao desenho e à efetividade dos programas. O retrocesso mais visível expressou-se na volta do Brasil ao Mapa da Fome da ONU e na fila do osso.",,,False,False,Crítica à gestão anterior por retrocessos em políticas sociais e aumento da fome.,True
lula,15,9,P R O G R A M A D E G O V E R N O,"Na saúde e na educação, os impactos da omissão federal traduziram-se em severos retrocessos civilizatórios. A negligência do Governo Federal no enfretamento à Covid 19 resultou na perda de 700 mil vidas e a falta de coordenação de campanhas nacionais de vacinação teve como consequência a queda dramática das taxas de imunização infantil. Na educação, a ausência de uma coordenação federativa integrada, a redução dos recursos e a paralisia de milhares de obras de creches e escolas que abandonaram os municípios à própria sorte, deprimindo a qualidade pedagógica e estimulando o aumento da evasão escolar.",saude_sus;educacao,criancas_familias;estudantes,False,True,Diagnóstico sobre retrocessos na saúde e educação devido à omissão do governo anterior.,True
lula,16,9,P R O G R A M A D E G O V E R N O,"No mercado de trabalho e na previdência, observamos a precarização das relações laborais, a expansão da informalidade e o desamparo de trabalhadores de plataforma, reduzindo o rendimento médio real das famílias.",emprego;previdencia,trabalhadores_informais_aplicativo,False,False,"Diagnóstico sobre a precarização do trabalho, informalidade e impacto na renda familiar.",True
lula,17,9,P R O G R A M A D E G O V E R N O,"A agenda de Ciência, Tecnologia e Inovação esteve no centro dos ataques negacionistas e dos cortes orçamentários arbitrários que comprometeram a pesquisa científica e o futuro do País.",,,False,False,"Diagnóstico sobre ataques negacionistas e cortes orçamentários em ciência, tecnologia e inovação.",True
lula,18,9,P R O G R A M A D E G O V E R N O,"No campo cultural, o desmonte institucional culminou na extinção do próprio Ministério da Cultura (MinC), rebaixado a órgão subalterno e alvo de ataques ideológicos sistemáticos. A gestão federal passada opôs-se de forma veemente ao suporte emergencial destinado aos fazedores de cultura duramente impactados pela pandemia.",,,False,False,Diagnóstico sobre a extinção do Ministério da Cultura e a falta de suporte emergencial.,True
lula,19,9,P R O G R A M A D E G O V E R N O,"A segurança pública, sob o pretexto da desregulamentação, facilitou a proliferação descontrolada de armas de fogo, o que fortaleceu estruturas de milícias e facções criminosas nos territórios vulneráveis e ampliou a letalidade das violências domésticas, em especial contra mulheres, crianças e adolescentes. A demolição planejada das estruturas ambientais legitimou o garimpo ilegal, a grilagem de terras públicas e o aumento recorde do desmatamento ilegal. Esse desmonte institucional promoveu o aumento expressivo de conflitos no campo e o assassinato de defensores ambientais e lideranças tradicionais pela ação impune de redes criminosas.",seguranca_publica;agronegocio_meio_ambiente,mulheres;criancas_familias,False,False,"Diagnóstico sobre a proliferação de armas, violência doméstica e crimes ambientais e fundiários.",True
lula,20,10,P R O G R A M A D E G O V E R N O,"Internacionalmente, o Brasil foi isolado geopoliticamente, sofrendo rebaixamento de seu prestígio diplomático, desidratação de acordos regionais e o risco iminente de perda de direito de voto em organismos multilaterais pelo não pagamento de cotas internacionais básicas.",,,False,False,Diagnóstico sobre o isolamento geopolítico e a perda de prestígio diplomático do Brasil.,True
lula,21,10,P R O G R A M A D E G O V E R N O,"Voltamos ao governo em 2023 para reconstruir o Estado, retomar políticas públicas, recuperar o crescimento econômico, reduzir desigualdades, ampliar a sustentabilidade ambiental, recompor o protagonismo internacional e reconstruir a presença do Brasil no mundo. Tínhamos chegado ao governo vinte anos antes e começamos a mudar o país. Com o golpe de 2016, o Brasil foi jogado para trás. Ao final de 2026, serão quatro anos de recuperação das condições macroeconômicas, recomposição das políticas públicas essenciais, fortalecimento das instituições democráticas e recuperação do papel do Brasil no mundo. A economia brasileira passou a crescer em torno de 3% ao ano, retomando seu posto entre as 10 maiores economias do mundo. De acordo com o FMI, o Brasil terá crescimento no período 2023-2026 acima da média da América Latina. A inflação registrou o menor índice acumulado de um mandato presidencial na história do país, alcançando uma média anual de 4,6%. Retomamos o crescimento da nossa indústria, entre 2023 e 2025, foi a 6ª que mais cresceu no mundo entre as economias do G20, com 3,2% acumulados.",custo_de_vida_inflacao_alimentos,,False,True,"Balanço do governo entre 2023 e 2026, destacando economia, inflação e protagonismo internacional.",True
lula,22,10,P R O G R A M A D E G O V E R N O,"Sob a diretriz de “colocar o pobre no orçamento e o rico no Imposto de Renda”, a gestão realizou uma profunda reorganização fiscal que elevou a proteção social sem renunciar ao reequilíbrio das contas públicas. Fizemos a gestão fiscal mais republicana da história do Brasil. Trabalhamos em conjunto com o Congresso Nacional para a aprovação do arcabouço fiscal, das medidas de recomposição e justiça tributária e da redução dos benefícios fiscais. Foi assim que cortamos isenções tributárias e colocamos fim a benefícios ineficientes.",programas_sociais;impostos_isencao_ir,baixa_renda,False,False,"Relato sobre reorganização fiscal, justiça tributária e ampliação da proteção social.",True
lula,23,10,P R O G R A M A D E G O V E R N O,"Adotamos uma estratégia fiscal inovadora com o novo arcabouço fiscal, que controlou o crescimento das despesas sem prejudicar a recomposição de gastos sociais. Restabelecemos os pisos constitucionais da saúde e da educação, reorganizamos as contas públicas. Entre 2023 e 2026, fizemos um enorme esforço",saude_sus;educacao,,False,False,Balanço sobre a gestão fiscal e a recomposição de gastos em saúde e educação.,True
lula,24,11,P R O G R A M A D E G O V E R N O,"fiscal, de aproximadamente 2% do PIB, R$ 240 bilhões. As projeções indicam que o déficit primário encerrará 2026 próximo de 0,4% do PIB, bastante próximo do equilíbrio fiscal.",,,False,True,Projeções sobre o déficit primário e a situação do equilíbrio fiscal para 2026.,True
lula,25,11,P R O G R A M A D E G O V E R N O,"Nossa estrutura tributária mudou para melhor. Tributamos a renda dos super ricos e fechamos diversas brechas que só geravam distorções na economia, como a tributação de offshores e fundos exclusivos. Ao mesmo tempo, reduzimos o peso dos impostos sobre os mais pobres, com medidas de isenção total ou parcial do Imposto de Renda. Na prática, cerca de 140 mil contribuintes do topo da pirâmide social passaram a contribuir mais, viabilizando alívio tributário para mais de 15 milhões de brasileiros e brasileiras.",impostos_isencao_ir,baixa_renda,False,True,Relato sobre a tributação de super-ricos e isenções de Imposto de Renda.,True
lula,26,11,P R O G R A M A D E G O V E R N O,"Aprovamos a histórica reforma tributária do consumo. O número de impostos cairá de cinco (PIS, Cofins, IPI, ICMS e ISS) para dois (CBS federal e IBS subnacional). A reforma amplia a transparência, acaba com a cumulatividade e elimina a guerra fiscal entre os entes subnacionais. A cesta básica ficará isenta desses impostos e os mais pobres terão direito a um mecanismo de cashback, o que favorece a progressividade tributária.",impostos_isencao_ir;custo_de_vida_inflacao_alimentos,baixa_renda,True,False,Implementação da reforma tributária com isenção da cesta básica e cashback para pobres.,True
lula,27,11,P R O G R A M A D E G O V E R N O,"Com a Nova Indústria Brasil - NIB, investimos massivamente em áreas estratégicas e na estrutura produtiva brasileira. Com fortalecimento institucional, diálogo com diferentes atores da sociedade e responsabilidade pública, alcançamos a retomada da produção industrial, recordes de safra, o crescimento das exportações e a retomada dos investimentos públicos e privados. Com o Plano de Transformação Ecológica (PTE) criamos os instrumentos econômicos para implementação dos compromissos climáticos do Brasil, colocando a sustentabilidade no centro das políticas industriais, energéticas e de infraestrutura.",agronegocio_meio_ambiente,,False,False,Balanço sobre a Nova Indústria Brasil e o Plano de Transformação Ecológica.,True
lula,28,11,P R O G R A M A D E G O V E R N O,"O Novo PAC levou à mobilização de um volume histórico de investimentos, previstos em R$1,3 trilhão até o final de 2026, articulando recursos do orçamento federal, das empresas estatais, do setor privado e de financiamentos. São investimentos em rodovias, ferrovias, portos, aeroportos, energia, infraestrutura urbana, habitação, saneamento básico, saúde, educação, inclusão digital e",transporte_mobilidade;moradia_mcmv;saneamento,,False,True,"Relato sobre investimentos do Novo PAC em infraestrutura, habitação, saneamento, saúde e educação.",True
lula,29,12,P R O G R A M A D E G O V E R N O,"O País voltou a crescer com redução das desigualdades, algo que só ocorreu nos nossos governos. A política de valorização real do salário-mínimo e o mercado de trabalho aquecido levaram a uma expansão da massa salarial e do consumo. Alcançamos a maior renda real do trabalho e o menor desemprego da série histórica. O Bolsa Família foi recriado e expandido com benefícios especiais para crianças e adolescentes. A desigualdade, medida pelo coeficiente de Gini, atingiu o menor patamar histórico de 0,504, enquanto a pobreza extrema recuou para o menor nível da série de 4,6% da população.",emprego;renda_salario_minimo;programas_sociais,baixa_renda;criancas_familias,False,True,"Balanço de resultados governamentais sobre crescimento econômico, emprego, renda e redução da pobreza.",True
lula,30,12,P R O G R A M A D E G O V E R N O,"Herdamos uma taxa Selic elevada e uma política econômica equivocada do governo que levaram ao endividamento elevado das famílias. Para aliviar o comprometimento da renda com dívidas das famílias e das empresas, promovemos duas edições do programa Desenrola Brasil. Em 2026, o Novo Desenrola Brasil apoiou famílias de menor renda, pequenos negócios e agricultores familiares, oferecendo descontos elevados, juros menores e prazos mais longos.",endividamento_apostas,rural_agricultores,True,False,"Implementação do Novo Desenrola Brasil para reduzir dívidas de famílias, pequenos negócios e agricultores.",True
lula,31,12,P R O G R A M A D E G O V E R N O,"Alcançamos esses resultados tão positivos a despeito de um cenário internacional extremamente desafiador marcado por ataques ao multilateralismo e ao direito internacional e pela tentativa de imposição de uma ordem mundial predatória. As restrições que as guerras na Ucrânia e no Irã trouxeram ao comércio, aos fertilizantes, à energia e à estabilidade global afetaram diretamente países em desenvolvimento como o Brasil. Além disso, fomos alvos também de pelo menos três ondas de tarifaços pelo Governo Trump. Esse cenário exigiu um conjunto robusto de medidas, como o Plano Brasil Soberano, que vem dando fôlego às empresas brasileiras, preservando o emprego e a renda do povo brasileiro. Recebemos o Brasil na fila do osso e o entregamos fora do Mapa da Fome, novamente.",soberania_nacional;emprego;custo_de_vida_inflacao_alimentos,,False,False,Balanço de resultados econômicos e sociais diante de desafios internacionais e pressões externas.,True
lula,32,12,P R O G R A M A D E G O V E R N O,O Sistema Único de Saúde (SUS) foi resgatado da negligência e da asfixia para consolidar-se como a espinha dorsal do desenvolvimento humano e da soberania,saude_sus;soberania_nacional,,False,False,Afirma que o SUS foi resgatado para consolidar o desenvolvimento humano e a soberania.,True
lula,33,13,P R O G R A M A D E G O V E R N O,"sanitária do país. A cobertura vacinal de rotina foi plenamente recuperada, neutralizando o risco de reintrodução de doenças infectocontagiosas. O Ministério da Educação reassumiu a liderança estratégica e federativa do setor. Os investimentos em todos os níveis educacionais voltaram. E o governo desenhou uma inovadora e premiada política contra a evasão no Ensino Médio: o programa Pé-de-Meia.",educacao,,False,False,Relato sobre a recuperação da cobertura vacinal e a implementação do programa Pé-de-Meia.,True
lula,34,13,P R O G R A M A D E G O V E R N O,"Na cultura, a recriação do Ministério da Cultura (MinC) e a retomada dos mecanismos de financiamento permitiram voltar a valorizar a identidade nacional e a diversidade cultural brasileira.",,,False,False,Menciona a recriação do Ministério da Cultura e a retomada de financiamentos culturais.,True
lula,35,13,P R O G R A M A D E G O V E R N O,"O governo estancou a destruição acelerada dos biomas nacionais por meio do restabelecimento das ações ambientais, com expressiva redução do desmatamento. Em três anos e meio, alcançamos a menor taxa de desmatamento da história da Amazônia. Além disso, promovemos a recuperação e a restauração florestal. Retomamos o compromisso do Brasil com o Acordo de Paris, atualizando nossas metas de redução de emissões.",agronegocio_meio_ambiente,,False,False,Balanço de ações governamentais no combate ao desmatamento e compromissos climáticos internacionais.,True
lula,36,13,P R O G R A M A D E G O V E R N O,"A agenda de segurança pública, por sua vez, foi reorganizada visando o enfrentamento ao crime organizado, com cooperação federativa por meio do fortalecimento do Sistema Único de Segurança Pública (SUSP), inteligência tática e o controle de armas de fogo. Avançamos na cooperação internacional para enfrentar crimes transnacionais, especialmente em fronteiras, rotas do tráfico e fluxos financeiros ilícitos.",seguranca_publica,,False,False,Relato sobre a reorganização da segurança pública e cooperação contra o crime organizado.,True
lula,37,13,P R O G R A M A D E G O V E R N O,"Esse legado evidencia os resultados robustos que devolveram ao país a melhores patamares nos indicadores econômicos, sociais e ambientais. Recuperamos uma década de retrocessos em três anos e meio de mandato.",agronegocio_meio_ambiente,,False,False,"Avaliação positiva dos resultados econômicos, sociais e ambientais do atual mandato.",True
lula,38,13,P R O G R A M A D E G O V E R N O,"Contudo, sabemos que a simples recuperação do passado é insuficiente diante das exigências do futuro e os anseios legítimos da nossa população.",,,False,False,Afirma que recuperar o passado é insuficiente para atender às demandas futuras da população.,True
lula,39,14,P R O G R A M A D E G O V E R N O,"Na atual conjuntura histórica, o Brasil deve reafirmar sua soberania com serenidade, criatividade, firmeza e espírito de cooperação. Em um mundo marcado por transformações profundas, incertezas e disputas estratégicas, o país precisa fortalecer sua autonomia de decisão, proteger seu território, seu povo, seus recursos naturais, sua democracia e sua capacidade de construir um projeto nacional de desenvolvimento. Defender o Brasil significa garantir que as decisões sobre o nosso futuro sejam tomadas pelo povo brasileiro, em benefício do desenvolvimento nacional, da redução das desigualdades e das futuras gerações. Queremos fortalecer a soberania brasileira em todas as suas dimensões: democrática, institucional, defesa nacional, geopolítica, científica, tecnológica, digital, energética, mineral, ambiental, cultural, econômica, financeira, trabalho decente, alimentar, educação e saúde.",soberania_nacional;instituicoes_stf_reeleicao;agronegocio_meio_ambiente,,False,False,Defesa da soberania nacional e autonomia do Brasil em diversas dimensões estratégicas.,True
lula,40,14,P R O G R A M A D E G O V E R N O,"Poucos países têm a riqueza cultural, a diversidade étnica, racial, as reservas hídricas, os biomas, os recursos minerais, a capacidade agroalimentar, a matriz energética limpa, o soft power e o potencial científico e tecnológico do Brasil. Hoje acumulamos capacidade de execução, implementação e entrega. E, como em pouco momentos de nossa história, reunimos as condições necessárias para dar um salto qualitativo de desenvolvimento, inclusão, sustentabilidade e soberania.",agronegocio_meio_ambiente;soberania_nacional,,False,False,"Diagnóstico sobre as potencialidades do Brasil para alcançar desenvolvimento, inclusão e soberania.",True
lula,41,14,P R O G R A M A D E G O V E R N O,"Para produzir desenvolvimento, essas potencialidades precisam ser articuladas com planejamento democrático, inteligência estratégica e soberania nacional. Precisam estar integradas ao combate às discriminações, condição essencial para o desenvolvimento democrático do Brasil. Precisam caminhar junto com a reafirmação de nossa luta pela redução de todas as dimensões da desigualdade. Precisa assegurar a defesa da vida, garantindo segurança para a população brasileira.",soberania_nacional;seguranca_publica,,False,False,"Defesa do desenvolvimento baseado em planejamento democrático, soberania nacional, igualdade e segurança.",True
lula,42,14,P R O G R A M A D E G O V E R N O,"Fizemos muito, e é preciso fazer ainda mais. E é por isso que queremos continuar governando o Brasil, porque a tarefa de realizar as reformas estruturais necessárias para o país atingir um novo patamar de civilidade e implementar um verdadeiro projeto nacional de desenvolvimento segue em curso.",,,False,False,Desejo de continuidade do governo para realizar reformas estruturais e projeto de desenvolvimento.,True
lula,43,15,DIRETRIZES PROGRAMÁTICAS,"1. Fortalecer a Democracia, a Participação Social e Modernizar o Estado A democracia deve ser, de fato, o sistema político que representa o povo, assegura uma vida livre e digna e promove o combate às desigualdades. A reforma política e eleitoral é inadiável para superar a dissociação entre a representação política e a composição real da sociedade brasileira, para fortalecer a democracia brasileira, e recuperar a confiança da sociedade no sistema político. Uma das dimensões importantes de fortalecimento de nossa democracia é a relação entre os poderes da República e entre os entes da Federação. Nosso compromisso é manter diálogo permanente, respeitoso e construtivo em torno dos interesses nacionais. Consistente com o compromisso com a democracia participativa, o atual mandato do Presidente Lula recriou os conselhos de políticas públicas, retomou as conferências nacionais – foram realizadas 28 conferências desde 2023 – e instituiu o Sistema de Participação Social.",instituicoes_stf_reeleicao,,False,False,"Defesa do fortalecimento da democracia, reforma política e a manutenção da participação social.",True
lula,44,15,DIRETRIZES PROGRAMÁTICAS,Vamos aprofundar a participação. o controle social nas políticas públicas e continuaremos realizando conferências para implantar e aprimorar políticas e programas sob responsabilidade federal.,,,True,False,Aprofundar a participação e o controle social via conferências em políticas federais.,True
lula,45,15,DIRETRIZES PROGRAMÁTICAS,"Construímos, na atual gestão, o PPA mais participativo da história, com plenárias em todos os estados e municípios e mais de 1,4 milhão de participantes na plataforma Brasil Participativo. Reforçamos a utilização no orçamento de marcadores que permitem acompanhar gastos relacionados a cada uma das agendas transversais do PPA 2024-2027 (mulheres; meio ambiente; igualdade racial; povos indígenas; crianças e adolescentes). Queremos que o PPA 2028- 2031 seja ainda mais participativo e que o ciclo orçamentário federal brasileiro também seja objeto de participação social.",,mulheres;populacao_negra;criancas_familias,True,True,Ampliação da participação social no PPA 2028-2031 e no ciclo orçamentário federal.,True
lula,46,15,DIRETRIZES PROGRAMÁTICAS,"Propomos ainda enfrentar uma grave distorção na elaboração e gestão do orçamento federal – o atual sistema de emendas parlamentares. No orçamento de 2026, as emendas somaram R$ 50 bilhões, consumindo aproximadamente um quinto dos recursos discricionários do Poder Executivo. As emendas impositivas",,,True,True,Proposta de enfrentar distorções no sistema de emendas parlamentares no orçamento federal.,True
lula,47,16,P R O G R A M A D E G O V E R N O,"e o orçamento secreto são práticas que mudaram as relações entre o Executivo e o Legislativo, sequestram o orçamento público, dispersam os recursos e reduzem a eficiência alocativa. Essas práticas se reproduzem nas assembleias legislativas e câmaras municipais por todo o Brasil, dificultando a renovação do Legislativo. É preciso que o tema das emendas parlamentares seja debatido com a sociedade. É parte da reafirmação da democracia avançar ainda mais na regulação democrática das redes sociais e das plataformas digitais, de modo a impedir que elas difundam desinformação, acolham campanhas de ódio e outras formas de comunicação nocivas para a democracia. Nenhuma democracia sobrevive sem uma opinião pública plural e sem a garantia plena da liberdade de expressão. Não obstante os avanços recentes, o sistema de Justiça brasileira ainda é marcado por uma morosidade decisória decorrente da quantidade excessiva de processos e instâncias recursais. Nesse sentido, propomos a continuidade do diálogo permanente com os atores do judiciário, respeitada a autonomia dos Poderes, para estimular o aperfeiçoamento do sistema de Justiça.",instituicoes_stf_reeleicao;soberania_nacional,,True,False,"Propõe regular redes sociais, debater emendas parlamentares e aperfeiçoar o sistema de Justiça.",True
lula,48,16,P R O G R A M A D E G O V E R N O,"Queremos um país em que o poder seja exercido pelo povo, por meio de representantes eleitos e da participação social; em que o diálogo e a liberdade de opinião fortaleçam o debate democrático; e em que as instituições inspirem confiança, assegurando independência, harmonia e cooperação entre os Poderes em todos os níveis da Federação.",,,False,False,"Defesa da democracia, participação social e harmonia entre os Poderes da Federação.",True
lula,49,16,Gestão e Modernização do Estado,"O governo do presidente Lula adotou, desde 2023, políticas e medidas para promover uma gestão pública eficiente e inovadora, orientada para a geração de valor público e redução das desigualdades.",,,False,False,Relato sobre políticas de gestão pública eficiente e inovadora adotadas desde 2023.,True
lula,50,16,Gestão e Modernização do Estado,"Houve a maior reestruturação na gestão de pessoas do governo federal em um único mandato nas últimas três décadas e a retomada da política de valorização e diálogo com servidores. Vamos aprofundar este processo, a partir da Mesa Nacional de Negociação Permanente, que foi reaberta em nosso mandato. Estamos construindo “um governo para cada pessoa”, com serviços",,,True,False,Aprofundamento da valorização e diálogo com servidores federais via Mesa Nacional de Negociação.,True
lula,51,17,Gestão e Modernização do Estado,"personalizados para cada indivíduo. Com Lula, o governo passou a tratar os dados dos brasileiros e brasileiras como ativos estratégicos. A infraestrutura nacional de dados – a Base de Dados do Brasil – vem avançando na estruturação de ecossistemas de dados para tornar as políticas públicas mais eficazes e criar oportunidades de inovação e maior eficiência.",,,False,False,Trata a infraestrutura de dados nacionais como ativo estratégico para a eficiência pública.,True
lula,52,17,Gestão e Modernização do Estado,"Vamos continuar investindo na universalização dos serviços públicos digitais de qualidade, e na construção de infraestruturas públicas digitais que deem suporte à personalização dos serviços. Vamos buscar alavancar novas iniciativas que melhorem e facilitem a experiência de uso de plataformas públicas, como o Gov. br, que já reúne mais de 5 mil serviços públicos federais.",,,True,True,Investimento na universalização e modernização de serviços públicos digitais e plataforma Gov.br.,True
lula,53,17,Gestão e Modernização do Estado,"Instituiremos uma Política Nacional de Letramento Digital, estruturada para capacitar cidadãos de todas as idades a navegar criticamente na rede, combater a desinformação, proteger sua privacidade e transformar o ecossistema digital em um espaço de geração de renda, educação continuada e pleno exercício da cidadania. Propomos a criação de um Conselho Nacional pela Soberania Digital, com participação da sociedade.",educacao;soberania_nacional,,True,False,Criação de Política Nacional de Letramento Digital e Conselho Nacional pela Soberania Digital.,True
lula,54,17,Gestão e Modernização do Estado,"Aprimoraremos o modelo de centralização e compartilhamento de serviços de suporte (gestão de pessoas, orçamento, contratações etc.) entre ministérios e órgãos do Executivo federal, que tanto contribui para racionalizar o uso dos recursos e conferir mais qualidade ao gasto público.",,,True,False,Aprimorar a centralização e compartilhamento de serviços de suporte no Executivo federal.,True
lula,55,17,Gestão e Modernização do Estado,"No governo Lula, voltamos a usar o poder de compra do Estado como uma ferramenta crucial de desenvolvimento, indução de políticas e investimentos, inovação, estabelecimento de padrões de sustentabilidade e soberania. No próximo mandato, vamos aprimorar os mecanismos de utilização do poder de compra do Estado em todos os níveis da federação, estimulando o desenvolvimento nos territórios e a descentralização das contratações públicas por meio de plataformas como o Contrata+ Brasil.",soberania_nacional,,True,False,Aprimorar o poder de compra do Estado para induzir desenvolvimento e descentralizar contratações.,True
lula,56,17,Gestão e Modernização do Estado,"Em nosso governo, o patrimônio imobiliário da União foi colocado a serviço das políticas públicas de habitação, com destinação de 1,8 mil imóveis e terrenos. O Imóvel da Gente terá continuidade para que terrenos e imóveis da União",moradia_mcmv,,True,True,Continuidade do programa Imóvel da Gente para destinar imóveis da União à habitação.,True
lula,57,18,P R O G R A M A D E G O V E R N O,"beneficiem famílias com regularização fundiária dos imóveis em que já residem ou sejam convertidos em equipamentos de saúde, educação, assistência social, entre outros. Além disso, criamos o Fundo Imobiliário da União, para tornar a gestão do patrimônio público mais eficiente e colocar esses ativos a serviço do desenvolvimento dos territórios.",moradia_mcmv;saude_sus;educacao,criancas_familias,True,False,"Regularização fundiária, conversão de imóveis em serviços públicos e criação de Fundo Imobiliário.",True
lula,58,18,P R O G R A M A D E G O V E R N O,"Para superar a desigualdade na capacidade dos estados e municípios de prestar melhores serviços à população, buscaremos fortalecer ainda mais a cooperação e a governança federativa, por meio de instrumentos como compartilhamento de infraestrutura pública digital, formação de servidores e elaboração de estratégias nacionais. Como já fizemos na atual gestão, esta cooperação persistirá, orientada pelo princípio republicano.",,,True,False,"Fortalecer a cooperação federativa via infraestrutura digital, formação de servidores e estratégias nacionais.",True
lula,59,18,P R O G R A M A D E G O V E R N O,"Vamos dar sequência às medidas de controle e integridade da administração pública e ao combate à corrupção. O Plano de Integridade e Combate à Corrupção 2025–2027 representa um avanço institucional que será aprofundado, fortalecendo a prevenção, a investigação e a responsabilização de corruptos e corruptores, inclusive os do andar de cima, com pleno respeito à independência das instituições.",corrupcao,,True,False,Continuidade e aprofundamento do Plano de Integridade e Combate à Corrupção 2025–2027.,True
lula,60,18,P R O G R A M A D E G O V E R N O,"Persistiremos, como no atual mandato, aprimorando as políticas e medidas de transparência. O Portal da Transparência receberá investimentos para evoluir para uma plataforma inteligente baseada em dados abertos e inteligência artificial. Fortaleceremos ainda mais organismos como a Ouvidoria-Geral da União e as consultas públicas, em laboratórios de inovação cívica, consultas digitais, uso de inteligência artificial, observatórios temáticos, fortalecendo uma nova cultura democrática baseada na participação da sociedade no combate à corrupção. 2. Combater as desigualdades O combate às desigualdades requer justiça tributária, fortalecimento do Estado de bem-estar social, valorização do salário-mínimo, inclusão produtiva, educação, saúde, programas eficientes de transferência de renda. Por isso, devemos manter, aperfeiçoar e ampliar as políticas de proteção social para quem mais necessita.",corrupcao;renda_salario_minimo;programas_sociais,,True,False,"Investimento em transparência digital, combate à corrupção e ampliação de políticas de proteção social.",True
lula,61,19,P R O G R A M A D E G O V E R N O,"Esse processo exige políticas públicas transversais e intersetoriais que enfrentem suas causas estruturais. Desde 2023, avançamos muito na reconstrução e criação de políticas para combater as desigualdades. Recriamos e expandimos o Bolsa Família. Reinstituímos a política de valorização do salário-mínimo, que assegurou ganhos reais para trabalhadores, aposentados e beneficiários do BPC. Reorganizamos o Estado para que segmentos historicamente excluídos voltassem a ter canais de interlocução. Voltamos a assegurar aos povos e comunidades tradicionais – indígenas, quilombolas e ribeirinhos – seus direitos, inclusive em relação a seus territórios. Reorganizamos as redes de proteção para enfrentar a violência contra as mulheres e de fomento à autonomia das mulheres. Aprovamos a reforma tributária do consumo e isentamos de imposto de renda todos os que ganham até R$ 5.000, compromisso assumido na campanha de 2022, marcos do início do processo de redução da regressividade do sistema tributário brasileiro. Os indicadores mostram que avançamos. O índice de Gini, que mede o grau de desigualdade de renda, chegou ao menor patamar histórico. O Brasil alcançou, pela primeira vez na história, o nível de muito alto desenvolvimento humano, segundo o PNUD, e saímos do Mapa da Fome, segundo a FAO. Fizemos muito, mas há muito ainda a fazer para alcançarmos um Brasil mais igualitário. Manteremos o combate ao racismo no centro de nossa estratégia de desenvolvimento, pois não é possível compreender nem superar as desigualdades brasileiras sem enfrentar a questão racial como dimensão estruturante da sociedade.",programas_sociais;renda_salario_minimo;impostos_isencao_ir,idosos_aposentados;mulheres;populacao_negra,True,True,Balanço de ações contra desigualdades e compromisso em manter o combate ao racismo.,True
lula,62,19,P R O G R A M A D E G O V E R N O,"Vamos continuar engajados na implementação das deliberações da 5ª Conferência Nacional de Promoção da Igualdade Racial (V CONAPIR), realizada em 2025, após um intervalo de sete anos. Avançaremos ainda mais na regulamentação do Estatuto da Igualdade Racial para a consolidação da equidade como política de Estado. As políticas de fomento à participação da população negra no funcionalismo público, especialmente nos espaços superiores da gestão governamental, terão continuidade, alinhadas à política de cotas no serviço público que aprimoramos no atual mandato.",,populacao_negra,True,False,Continuidade de políticas de igualdade racial e cotas no funcionalismo público.,True
lula,63,20,P R O G R A M A D E G O V E R N O,"estudantes de graduação que declaram cor ou raça, 45,5% identificam-se como pretos, pardos ou indígenas, e três em cada quatro ingressantes vêm da escola pública. Neste mandato, a política de cotas foi aperfeiçoada, com a inclusão de reserva para quilombolas.",educacao,estudantes;populacao_negra,False,True,Apresenta dados sobre a diversidade e a origem de estudantes no ensino superior.,True
lula,64,20,P R O G R A M A D E G O V E R N O,"Vamos acelerar a implementação da Política Nacional de Equidade, Educação para as Relações Étnico-Raciais e Educação Escolar Quilombola (PNEERQ). Implantamos o primeiro campus quilombo dos Institutos Federais, em Minas Nova, e teremos outros mais.",educacao,populacao_negra;estudantes,True,False,Acelerar a PNEERQ e expandir a criação de campi quilombolas nos Institutos Federais.,True
lula,65,20,P R O G R A M A D E G O V E R N O,"Temos orgulho da retomada do processo de titulação de territórios quilombolas, que permitiu, desde 2023, a expedição de 65 titulações e assinatura de 72 decretos de desapropriação por interesse social, recorde histórico. Vamos dar continuidade a este processo de reconhecimento do direito ao território, buscando acelerar os procedimentos e garantir que sejam acompanhados de políticas de desenvolvimento territorial.",,populacao_negra,True,False,Continuidade e aceleração da titulação de territórios quilombolas e políticas de desenvolvimento territorial.,True
lula,66,20,P R O G R A M A D E G O V E R N O,"A criação do inédito Ministério dos Povos Indígenas retomou o compromisso do Estado com os povos indígenas. Homologamos 20 novas terras indígenas, somando cerca de 3,2 milhões de hectares de terras protegidas em 11 estados. Publicamos 21 Portarias declaratórias terras indígenas. Realizamos desintrusão em 9 terras, retirando invasores e asseguro o usofruto dos povos indígenas. Na terra Yanomami enfrentamos a emergência em saúde e combatemos o garimpo ilegal, que foi reduzido em 99%.",saude_sus,,False,True,Balanço de ações realizadas para a proteção de terras e saúde dos povos indígenas.,True
lula,67,20,P R O G R A M A D E G O V E R N O,"Reafirmamos igualmente o compromisso com a proteção dos povos indígenas, de seus territórios, culturas e modos de vida. Persistiremos, garantindo proteção a seus territórios, com ações para demarcação e desintrusão de terras sempre que necessárias. Persistiremos, assegurando que as políticas de educação escolar indígena estejam fundamentadas no respeito à autonomia dos povos indígenas, na interculturalidade, no multilinguismo e nas formas próprias de produção e difusão de conhecimentos. Vamos implantar plenamente a Universidade Indígena, criada em 2026. Manteremos nossos esforços para a elevação da qualidade de vida e da preservação dos direitos de todos os povos, com atenção especial aos yanomamis, submetidos na gestão anterior a um verdadeiro genocídio, cuja",educacao,,True,False,"Proteção de territórios indígenas, demarcações e implantação da Universidade Indígena.",True
lula,68,21,P R O G R A M A D E G O V E R N O,"reversão dos impactos ainda está em curso. A saúde indígena continuará merecendo atenção diferenciada, com os indígenas tendo participação efetiva em sua gestão.",saude_sus,,True,False,Continuidade da atenção diferenciada e gestão participativa na saúde indígena.,True
lula,69,21,P R O G R A M A D E G O V E R N O,"Enquanto as mulheres continuarem sendo discriminadas e vítimas de violência, o Brasil não será o país que queremos. É preciso ampliar as políticas de proteção às mulheres, combater o machismo, o sexismo e o feminicídio, promover a autonomia econômica, assegurar igualdade de oportunidades e garantir os direitos sexuais e reprodutivos.",seguranca_publica,mulheres,True,False,"Ampliação de políticas de proteção, combate à violência e promoção da autonomia das mulheres.",True
lula,70,21,P R O G R A M A D E G O V E R N O,"O Pacto de Enfrentamento ao Feminicídio permanecerá como guia central de nossa estratégia de enfrentamento à violência contra mulheres. Com a parceria dos três poderes da República, em menos de seis meses de vigência do pacto, já foram sancionadas dez leis e editados cinco decretos para ampliar a capacidade do Estado de enfrentar a violência contra a mulher. Criamos o Centro Integrado Mulher Segura e aceleramos o tempo para expedição de Medidas Protetivas de Urgência, que caiu de 16 para 3 dias. Em parceria com estados, executamos operações Mulher Segura, com resultados extraordinários.",seguranca_publica,mulheres,False,False,Relato de ações e leis implementadas para o enfrentamento ao feminicídio.,True
lula,71,21,P R O G R A M A D E G O V E R N O,"Vamos dar sequência ao Pacto, ampliando a rede de proteção às mulheres – concluiremos as 30 Casas da Mulher Brasileira e os 15 Centros de Referência da Mulher Brasileira. Ampliaremos as Salas Lilás e vamos adquirir e distribuir aos Estados kits para aprimorar o monitoramento de agressores. Seguiremos fomentando a capacitação das forças de segurança para qualificar o atendimento às mulheres vítimas de violência e a punição aos que infligirem a violência. Queremos também, no próximo mandato, avançar, junto com a sociedade, em medidas que mudem e ampliem, cultural e estruturalmente, o respeito às meninas e mulheres.",seguranca_publica,mulheres,True,False,"Ampliação da rede de proteção, monitoramento de agressores e combate à violência contra mulheres.",True
lula,72,21,P R O G R A M A D E G O V E R N O,"A Lei da Igualdade Salarial, que aprovamos em 2023, continuará orientando nossas ações para promoção do trabalho das mulheres. Persistiremos buscando assegurar políticas que apoiem as mulheres em sua inserção no mundo do trabalho, com linhas de crédito mais favorecidas para agricultoras e extrativistas no âmbito do Pronaf; com programas de qualificação específicos, como o Mulheres Mil, que foi retomado no atual mandato: com programas de fomento ao",emprego;agricultura_familiar,mulheres;rural_agricultores,True,False,"Promoção do trabalho feminino via igualdade salarial, crédito no Pronaf e qualificação profissional.",True
lula,73,22,P R O G R A M A D E G O V E R N O,"Envelhecer é uma conquista civilizatória e não deve ser encarada como um problema. A população brasileira com mais de 60 anos cresce rapidamente. Cabe ao Estado se preparar para o futuro e garantir que todas as pessoas possam envelhecer com dignidade, autonomia e acesso ao cuidado.",,,False,False,"Defesa da dignidade, autonomia e cuidado para a população idosa brasileira.",True
lula,74,22,P R O G R A M A D E G O V E R N O,"No próximo mandato, intensificaremos tanto as ações de promoção da autonomia das pessoas idosas, voltadas para aquelas pessoas com baixo grau de dependência, quanto medidas centradas na garantia do cuidado para aquelas pessoas com maior dependência.",,idosos_aposentados,True,False,Intensificação de ações de autonomia e cuidado para pessoas idosas.,True
lula,75,22,P R O G R A M A D E G O V E R N O,"As estratégias de atendimento serão organizadas a partir de dois eixos. Um centrado no fomento a serviços de atendimento com foco em saúde, lazer, convivência, esporte, assistência social e proteção contra violações de direitos humanos e maus tratos. O outro para atendimento domiciliar, de ‘porta em porta’, em que o Estado vai até pessoas idosas com dificuldades de locomoção ou que vivam em regiões distantes da rede de proteção social.",saude_sus,idosos_aposentados,True,False,Organização de atendimento em serviços focados e domiciliar para idosos e vulneráveis.,True
lula,76,22,P R O G R A M A D E G O V E R N O,"Vamos ampliar o apoio aos municípios para expandir e qualificar a rede de atendimento dos Centros-Dia e outros equipamentos para promoção do envelhecimento saudável e ativo, como academias públicas, praças, espaços de leitura, entre outros.",,,True,False,Ampliação do apoio municipal para Centros-Dia e equipamentos de envelhecimento saudável e ativo.,True
lula,77,22,P R O G R A M A D E G O V E R N O,"Seguiremos apoiando a ampliação das vagas públicas em Instituições de Longa Permanência - ILPIS e aperfeiçoando os mecanismos de fiscalização desses estabelecimentos para garantir condições adequadas de funcionamento e identificar eventuais casos de violações de direitos humanos e maus tratos. O Programa de Atenção Domiciliar ao Idoso – PADI Brasil, voltado ao atendimento domiciliar multiprofissional às pessoas idosas com limitações funcionais, condições crônicas e fragilidades clínicas, já está implantado em 2.655 municípios. Vamos dar escala a esse programa do SUS para que idosos tenham acesso a esse direito em todo território nacional.",saude_sus,idosos_aposentados,True,False,Ampliação de vagas em ILPIs e expansão nacional do Programa de Atenção Domiciliar (PADI).,True
lula,78,23,P R O G R A M A D E G O V E R N O,"Vamos ampliar as parcerias com iniciativa privada para qualificação e contratação de pessoas com mais de 60 anos, assim como medidas de valorização dos saberes das pessoas idosas no mercado de trabalho.",emprego,idosos_aposentados,True,False,Ampliação de parcerias privadas para qualificação e contratação de pessoas com mais de 60 anos.,True
lula,79,23,P R O G R A M A D E G O V E R N O,Seguiremos fortalecendo iniciativas de letramento digital buscando ampliar o acesso dos idosos aos serviços públicos digitais e reduzir sua vulnerabilidade a fraudes e crimes cibernéticos.,seguranca_publica,idosos_aposentados,True,False,Fortalecer letramento digital para idosos acessarem serviços públicos e evitarem fraudes cibernéticas.,True
lula,80,23,P R O G R A M A D E G O V E R N O,Lançamos a Política Nacional de Educação Bilingue de surdos estabelecendo a libras como primeira língua e o português escrito como segunda língua em todo o País. Retomamos e ampliamos o Viver sem Limites que reúne medidas e políticas para assegurar e promover os direitos das pessoas com deficiência. O Novo PAC apoiou 52 Centros Especializados em Reabilitação e 17 Oficinas Ortopédicas.,educacao,pessoas_com_deficiencia,True,False,Implementação de educação bilíngue para surdos e ampliação de políticas para pessoas com deficiência.,True
lula,81,23,P R O G R A M A D E G O V E R N O,"Manteremos a implementação do Viver sem Limites. Continuaremos promovendo ambientes inclusivos, com a aplicação rigorosa da legislação de acessibilidade. A fiscalização do cumprimento das cotas de contratação de pessoas com deficiência no mercado de trabalho será fortalecida, ampliando a política de inclusão econômica. A educação inclusiva e a educação bilíngue de surdos continuarão recebendo apoio federal, para ampliar a acessibilidade nas escolas, com tecnologia assistiva como recurso individual, estruturar as redes de serviços, ofertar materiais visando à redução de desigualdades regionais e territoriais e atender estudantes em situação de vulnerabilidade de várias ordens. Na saúde, ampliaremos ainda mais o número de Centros Especializados em Reabilitação e Oficinas Ortopédicas.",emprego;educacao;saude_sus,pessoas_com_deficiencia;estudantes,True,False,"Fortalecimento de políticas de acessibilidade, inclusão laboral, educação bilíngue e reabilitação em saúde.",True
lula,82,23,P R O G R A M A D E G O V E R N O,"Continuaremos a planejar e construir políticas e ações levando em conta as dimensões de gênero, identidade, orientação sexual, étnico-raciais e classe social assim como as demais desigualdades sociais, de modo a garantir capacidade de o Estado atender, de forma adequada, justa e inclusiva, às pessoas LGBTQIAP+ e todas as suas especificidades.",,,False,False,"Garantia de políticas públicas inclusivas considerando diversidade de gênero, raça, classe e sexualidade.",True
lula,83,23,P R O G R A M A D E G O V E R N O,"Estamos comprometidos com a proteção das crianças e de suas infâncias, do que são exemplo as medidas que implantamos, como os benefícios especiais do",programas_sociais,criancas_familias,False,False,Compromisso com a proteção das crianças e menção a benefícios implantados.,True
lula,84,24,P R O G R A M A D E G O V E R N O,"Bolsa Família para crianças e adolescentes, a proibição de celular nas escolas, os investimentos na construção de creches e pré-escolas por meio do Novo PAC, a expansão da educação em tempo integral, a retomada e fortalecimento do programa de vacinação, e o ECA digital. Continuaremos buscando ampliar e fortalecer as políticas para nossas crianças, por meio do enfrentamento da pobreza infantil, da garantia de acesso às políticas públicas e do direito ao brincar. O combate à pedofilia continuará prioritário e persistirá sendo executado, envolvendo diferentes esferas governamentais e sociais. Reforçaremos ações de inteligência e justiça para agilizar as investigações e a punição de crimes contra crianças e adolescentes. Não recuaremos um passo sequer na proteção digital de crianças e adolescentes, com aprimoramento do ECA Digital, regulamentação do uso de telas por faixa etária, promoção do uso seguro das tecnologias e regulamentação das plataformas de jogos e dos ambientes digitais. A juventude brasileira está no centro dos desafios e das disputas que definirão o futuro do país. A persistência das desigualdades e das limitações do desenvolvimento brasileiro impede que a juventude realize plenamente seu potencial e construa perspectivas de futuro compatíveis com suas expectativas e direitos. Estamos comprometidos em ampliar, para os jovens, além de mais oportunidades na educação, o acesso ao lazer, à cultura, ao esporte, ao descanso e às oportunidades de desenvolvimento pessoal e profissional.",educacao;programas_sociais,criancas_familias;jovens,True,False,"Ações para proteção infantil, educação integral, combate à pedofilia e oportunidades para jovens.",True
lula,85,24,P R O G R A M A D E G O V E R N O,"Aprimoraremos o Programa Pé-de-Meia, para continuar apoiando a juventude em seu processo educacional. Manteremos os investimentos na rede nacional de cursinhos populares (CPop), de modo a facilitar o acesso da juventude ao ensino superior. Fortaleceremos ainda mais a assistência estudantil, ampliando o acesso à alimentação e à moradia estudantil para os jovens que estão no ensino superior. A política de aprendizagem para o trabalho, aprimorada no atual mandato, receberá atenção adicional, como mecanismo de estímulo à inserção no mundo do trabalho.",educacao;emprego,jovens;estudantes,True,False,"Aprimorar o Pé-de-Meia, cursinhos populares, assistência estudantil e políticas de aprendizagem profissional.",True
lula,86,24,P R O G R A M A D E G O V E R N O,"Quando colocamos como prioridade o desenvolvimento com geração de emprego decente, ancorado no estímulo a setores ligados às novas tecnologias e à indústria verde e criativa, estamos almejando ampliar oportunidades",emprego,,False,False,"Foco no desenvolvimento econômico via empregos decentes, novas tecnologias e indústria verde.",True
lula,87,25,P R O G R A M A D E G O V E R N O,"ocupacionais de maior qualidade para nossos jovens. Emprego com proteção previdenciária, direitos trabalhistas, remuneração justa e jornada de trabalho não exaustiva pode ser um sonho de nossa juventude. Persistiremos também criando políticas de fomento ao empreendedorismo entre os jovens e apoiando a juventude rural com crédito e ações específicas para seu perfil.",emprego;previdencia;jornada_6x1,jovens;rural_agricultores;empreendedores,True,False,"Fomento ao emprego jovem com direitos, apoio ao empreendedorismo e crédito para juventude rural.",True
lula,88,25,P R O G R A M A D E G O V E R N O,"Aprimorar a política de saúde mental para a juventude é um de nossos compromissos, com foco na Política Nacional de Atenção Psicossocial, na redução de danos e na desconstrução de preconceitos nas comunidades escolares e universitárias. Vamos fortalecer ainda mais a produção cultural das juventudes, reconhecendo e apoiando a produção cultural nas periferias, garantindo acesso livre às comunidades e promovendo a integração entre as diferentes linguagens artísticas e as oportunidades da economia criativa. Queremos participação ainda maior da juventude nos espaços de decisão, para que o Estado se torne ainda mais responsivo às suas demandas.",saude_sus;educacao;periferias_favelas,jovens;estudantes;periferia_urbana,True,False,"Aprimorar saúde mental juvenil, apoiar cultura periférica e ampliar participação jovem em decisões.",True
lula,89,25,P R O G R A M A D E G O V E R N O,"Desde o início do atual mandato, vimos trabalhando para consolidar o SUAS como política estratégica do desenvolvimento social brasileiro, assegurando seu fortalecimento institucional, a valorização do controle social, o aprimoramento da governança interfederativa e sua sustentabilidade como política permanente de Estado. No próximo mandato, avançaremos ainda mais no fortalecimento da Proteção Social Básica e da Proteção Social Especial de média e alta complexidade, seja com mais recursos para atendimento às populações, seja por meio da expansão e modernização da rede de atendimento. Buscaremos também consolidar uma agenda nacional de proteção social para povos e comunidades tradicionais e integrar o SUAS à agenda de enfrentamento das mudanças climáticas e dos desastres, para amplificar a capacidade de o Estado proteger famílias atingidas por eventos extremos.",agronegocio_meio_ambiente,criancas_familias,True,False,"Fortalecimento do SUAS, expansão da rede de atendimento e proteção contra desastres climáticos.",True
lula,90,25,P R O G R A M A D E G O V E R N O,"A estratégia dos cuidados é a nova fronteira de um Estado de Bem-estar Social para enfrentar as desigualdades e orientar o desenvolvimento. Os investimentos em cuidados são fundamentais para responder aos desafios do envelhecimento da população, às transformações do mundo do trabalho e às necessidades das famílias. Por isso, o governo Lula instituiu a Política Nacional de Cuidados, que",emprego,criancas_familias,False,False,Apresenta a Política Nacional de Cuidados para enfrentar desigualdades e desafios demográficos.,True
lula,91,26,P R O G R A M A D E G O V E R N O,"reconhece o cuidado como um direito universal (a receber cuidados, a cuidar e ao autocuidado), a ser garantido pelo Estado, por meio da corresponsabilização social e entre homens e mulheres pela sua provisão.",,mulheres,False,False,Reconhece o cuidado como direito universal garantido pelo Estado e corresponsabilidade social.,True
lula,92,26,P R O G R A M A D E G O V E R N O,"Começamos a implementar as ações no âmbito desta política, que, no novo mandato, serão fortalecidas, e ganharão escala e sustentabilidade. Apoiaremos as Cuidotecas, espaços de acolhida de crianças de 3 a 12 anos, que liberam o tempo das mulheres responsáveis pelo cuidado das crianças. Fomentaremos a construção de infraestruturas que ampliam os cuidados indiretos e comunitários, como as lavanderias públicas, as cozinhas solidárias e os restaurantes populares. Vamos instituir um programa visando a capacitação de cuidadores com currículos inclusivos, para fazer frente à potencialmente forte expansão da demanda por estes trabalhadores.",,mulheres;criancas_familias,True,False,"Fortalecimento de redes de cuidado, infraestruturas comunitárias e capacitação de cuidadores.",True
lula,93,26,P R O G R A M A D E G O V E R N O,"Queremos um país que enfrente as desigualdades por meio da justiça tributária, da valorização do trabalho, da proteção social e da universalização do acesso à educação, à saúde, à renda e aos demais direitos fundamentais. Um país em que todas as pessoas, independentemente de origem, raça, etnia, gênero, orientação sexual, idade, crença ou condição social, possam desenvolver plenamente seu potencial e viver com dignidade. Um Brasil comprometido com a dignidade humana, democrático e inclusivo, que combata todas as formas de discriminação e assegure os direitos das mulheres, da população negra, dos povos indígenas e quilombolas, da população LGBTQIAP+, das pessoas com deficiência, dos povos do campo, das águas e das florestas, com amplo respeito às liberdades e aos direitos humanos.",impostos_isencao_ir;emprego,mulheres;populacao_negra;pessoas_com_deficiencia,False,False,"Visão de país inclusivo com foco em justiça tributária, direitos humanos e combate a discriminações.",True
lula,94,26,P R O G R A M A D E G O V E R N O,"3. Proteger a vida com uma segurança pública mais eficiente e integrada A segurança é um direito de toda brasileira e de todo brasileiro e uma responsabilidade do Estado. O compromisso do governo Lula é proteger a vida, garantir a cidadania e assegurar a presença do Estado onde a violência e o crime organizado tentam impor o medo e controlar territórios.",seguranca_publica,,False,False,Compromisso com a segurança pública como direito e responsabilidade do Estado.,True
lula,95,26,P R O G R A M A D E G O V E R N O,"A segurança pública é prioridade nacional e exige coordenação federativa, integração de dados, inteligência, prevenção, repressão qualificada e políticas",seguranca_publica,,False,False,A segurança pública é tratada como prioridade nacional exigindo coordenação e inteligência.,True
lula,96,27,P R O G R A M A D E G O V E R N O,"baseadas em evidências. O crime organizado deve ser enfrentado com firmeza, nos marcos da Constituição e do Estado Democrático de Direito, por meio da desarticulação de suas estruturas econômicas e financeiras.",seguranca_publica,,True,False,Combate ao crime organizado via desarticulação financeira e respeito ao Estado de Direito.,True
lula,97,27,P R O G R A M A D E G O V E R N O,"O enfrentamento da violência requer uma ação permanente e integrada do Estado, baseada em investigação, cooperação entre as instituições, controle das fronteiras e das redes de financiamento do crime, além de políticas de prevenção, redução das desigualdades e ampliação de oportunidades, especialmente para a juventude. É nesse contexto que deve avançar a construção de um Sistema Nacional de Segurança Pública mais articulado, capaz de combinar medidas imediatas com as reformas constitucionais e legais necessárias para superar o atual modelo fragmentado.",seguranca_publica,jovens,False,False,Propõe a articulação do Sistema Nacional de Segurança Pública e políticas de prevenção.,True
lula,98,27,P R O G R A M A D E G O V E R N O,Enviamos ao Congresso Nacional proposta de emenda constitucional para revisar as atribuições dos entes da Federação na área de segurança pública. Precisamos aprofundar a cooperação entre as instituições dos três níveis de governo e ampliar o escopo de ação do Poder Federal para podermos avançar ainda mais no enfrentamento à violência.,seguranca_publica,,True,False,Proposta de emenda constitucional para ampliar a atuação federal na segurança pública.,True
lula,99,27,P R O G R A M A D E G O V E R N O,"Com a Lei Antifacção, sancionada em 2026, ampliamos nossa capacidade de enfrentar o crime organizado, as milícias e as redes criminosas que alimentam mercados ilícitos, crimes financeiros, corrupção e violência. Manteremos a estratégia de asfixia financeira do crime organizado por meio de ações articuladas, que já permitiu, desde 2023, causar R$ 35,8 bilhões de prejuízos às organizações criminosas. Em conjunto com os demais poderes, vamos continuar liderando o processo de estabelecimento de procedimentos jurídicos mais ágeis para punir esses crimes, além de medidas rígidas para barrar candidaturas de indivíduos ligados ao crime organizado.",seguranca_publica;corrupcao,,True,True,"Combate ao crime organizado via asfixia financeira, agilidade jurídica e barreiras a candidaturas.",True
lula,100,27,P R O G R A M A D E G O V E R N O,"Fortaleceremos o Programa Brasil Contra o Crime Organizado, lançado em maio de 2026. Em cooperação com estados e municípios, vamos avançar no enfrentamento ao tráfico de armas, munições, acessórios e explosivos; asfixia financeira do crime organizado e das milícias; qualificação da investigação de homicídios; retomada de territórios; e fortalecimento da segurança no sistema prisional. O programa prevê R$ 10 bilhões do Fundo Nacional de Investimento em",seguranca_publica,,True,True,Fortalecimento do Programa Brasil Contra o Crime Organizado com investimento de R$ 10 bilhões.,True
lula,101,28,P R O G R A M A D E G O V E R N O,"As medidas de enfrentamento ao crime organizado, contudo, requerem também ações que consolidem a presença do Estado no território. Com repressão qualificada aos grupos criminosos e participação ativa das comunidades locais, priorizaremos investimentos continuados na urbanização de favelas e periferias, na requalificação de espaços públicos e na ampliação do acesso a serviços públicos essenciais para estimular atividades econômicas lícitas e reduzir mercados explorados pelo crime organizado.",seguranca_publica;periferias_favelas,periferia_urbana,True,False,Investimentos em urbanização e serviços públicos para combater o crime organizado em periferias.,True
lula,102,28,P R O G R A M A D E G O V E R N O,"Consolidaremos o Sistema de Inteligência de Segurança Pública e Justiça Criminal, modernizaremos o SINESP e a Infoseg e ampliaremos as Forças Integradas de Combate ao Crime Organizado (FICCOs).",seguranca_publica,,True,False,Modernização de sistemas de inteligência e ampliação das Forças Integradas de Combate ao Crime.,True
lula,103,28,P R O G R A M A D E G O V E R N O,"A revogação dos decretos editados no governo anterior, que facilitavam o acesso a armas de fogo, foi uma medida acertada. Por isso, manteremos uma política de controle de armas e munições, fundamental para reduzir a violência e fortalecer uma política democrática de segurança pública. Aprimoraremos os mecanismos de rastreabilidade de armas e munições e reforçaremos a capacidade de fiscalização da Polícia Federal e do Exército sobre empresas de segurança privada, defesa pessoal e registros de caçadores, atiradores e colecionadores. A gestão do sistema prisional é estratégica para o enfrentamento ao crime organizado, a redução da reincidência e a garantia de direitos. Cumpriremos as metas do Plano Pena Justa e instituiremos o Pacto Nacional de Execução Penal para o Enfrentamento ao Crime Organizado, fortalecendo a governança do sistema prisional e a cooperação entre União, estados e sistema de justiça. Seguiremos apoiando Estados para implementar padrões nacionais de gestão, monitoramento e modernização das penitenciárias estaduais.",seguranca_publica,,True,False,"Controle de armas, fiscalização de CACs e modernização da gestão do sistema prisional.",True
lula,104,28,P R O G R A M A D E G O V E R N O,"Fortaleceremos o sistema penitenciário federal, ampliando sua capacidade operacional e de isolamento de lideranças criminosas, e implantaremos um protocolo nacional de classificação e transferência de presos de alta periculosidade, baseado em critérios objetivos e evidências.",,,True,False,Fortalecer o sistema penitenciário federal e criar protocolo de transferência de presos perigosos.,True
lula,105,29,P R O G R A M A D E G O V E R N O,"Vamos fortalecer ainda mais as ações de segurança na Amazônia Legal, em cooperação federativa e consolidando o modelo das Forças Integradas de Combate ao Crime Organizado (FICCOs) como política de Estado. Manteremos as Forças Armadas presentes nas fronteiras amazônicas e na Pan-Amazônia, com patrulhamento fluvial e aéreo, inteligência policial e ambiental e cooperação com os países da Organização do Tratado de Cooperação Amazônica (OTCA). Daremos continuidade aos investimentos em radares, drones, sensores, imagens de satélite e centros integrados de comando e controle para fortalecer o monitoramento territorial, integrar a detecção do desmatamento às ações de segurança e incorporar o controle das rotas fluviais ao sistema nacional de enfrentamento ao crime ambiental. O combate à mineração ilegal continuará sendo prioridade estratégica, com investigação financeira obrigatória em todas as ações de desarticulação de organizações criminosas.",seguranca_publica;agronegocio_meio_ambiente,,True,False,"Fortalecimento da segurança, monitoramento tecnológico e combate ao crime ambiental na Amazônia Legal.",True
lula,106,29,P R O G R A M A D E G O V E R N O,"Continuaremos expandindo e aprimorando o Programa Celular Seguro, que já conta com mais de 4 milhões de usuários cadastrados. Com a criação da Base Nacional de Celulares com Restrição, o programa passou a oferecer ao cidadão possibilidade de verificar, antes da compra, se o aparelho possui restrição. Vamos continuar intensificando o enfrentamento às redes de receptação, reduzindo também fraudes bancárias, golpes financeiros e outros crimes associados. Reforçaremos a prevenção, a inteligência, a investigação e a repressão qualificada aos crimes financeiros e cibernéticos, assegurando a proteção dos direitos no ambiente digital. As ações priorizarão o combate à exploração sexual de crianças e adolescentes, à violência contra mulheres e pessoas LGBTQIAP+, ao racismo, às fraudes bancárias eletrônicas, aos crimes de alta tecnologia, aos crimes de ódio e aos delitos cibernéticos praticados contra o Estado brasileiro ou de caráter transnacional.",seguranca_publica,mulheres;populacao_negra;criancas_familias,True,True,"Expansão do Celular Seguro e combate a crimes cibernéticos, financeiros e de ódio.",True
lula,107,29,P R O G R A M A D E G O V E R N O,"Fortaleceremos as políticas de prevenção à violência com foco na proteção da juventude negra e da expansão de programas de mediação comunitária e justiça restaurativa em parceria com estados e municípios. Apoiaremos e disseminaremos metodologias bem-sucedidas de prevenção da violência e promoção de direitos, inspiradas em experiências municipais e estaduais, fortalecendo a presença do Estado nos territórios mais vulneráveis.",seguranca_publica,jovens;populacao_negra,True,False,Fortalecer a prevenção da violência e a justiça restaurativa em territórios vulneráveis.,True
lula,108,30,P R O G R A M A D E G O V E R N O,"Consolidaremos uma política migratória humanista e estratégica, assegurando a plena implementação da Política Nacional de Migrações, Refúgio e Apatridia (PNMRA), o acolhimento digno de migrantes e refugiados, o combate à xenofobia e a ampliação do acesso a direitos e serviços públicos.",,,True,False,"Consolidação de política migratória humanista, combate à xenofobia e ampliação de direitos a migrantes.",True
lula,109,30,P R O G R A M A D E G O V E R N O,"Uma vez aprovada a PEC da Segurança Pública proposta pelo Executivo, criaremos o Ministério da Segurança Pública para coordenar, em articulação com estados e municípios, a execução das políticas nacionais de segurança pública no âmbito do Sistema Único de Segurança Pública (SUSP). O Ministério fortalecerá a integração entre os entes federados, a inteligência estatal, o enfrentamento ao crime organizado, a prevenção da violência e a proteção dos direitos civis. A valorização e a qualificação dos profissionais de segurança pública são fundamentais para fortalecer a atuação policial, assegurar o uso legítimo da força e ampliar a confiança da população nas instituições. Construiremos, junto com os entes federados, programas no modelo de policiamento de proximidade, fortalecendo a relação entre polícias e comunidades. Ampliaremos o programa de estímulos para uso de câmeras corporais, com padrões nacionais para utilização, gestão e preservação das imagens. Estimularemos o fortalecimento dos mecanismos de controle interno e externo da atividade policial. Queremos um país em que todas as pessoas possam viver em paz e segurança, protegidas por instituições fortes, democráticas e comprometidas com os direitos humanos. Um país capaz de combater eficazmente o crime organizado e todas as formas de violência, assegurando a vida, a liberdade, a igualdade e a proteção da população em todo o território nacional.",seguranca_publica,,True,False,Criação do Ministério da Segurança Pública e fortalecimento da integração e controle policial.,True
lula,110,30,P R O G R A M A D E G O V E R N O,"4. Garantir o Direito à Educação para Transformar Vidas e o País A educação constitui o principal instrumento de transformação social, mobilidade social intergeracional e de construção de um projeto nacional de desenvolvimento democrático, soberano, sustentável e inclusivo. É por meio dela que um país amplia sua capacidade de produzir e compartilhar conhecimento, reduzir desigualdades, fortalecer a democracia e afirmar sua soberania.",educacao;soberania_nacional,,False,False,"A educação como instrumento de transformação social, desenvolvimento nacional e redução de desigualdades.",True
lula,111,31,P R O G R A M A D E G O V E R N O,"regime de colaboração federativa para acelerar a superação dos gargalos e insuficiências ainda existentes neste nível de escolaridade. Mesmo priorizando a educação básica, voltamos a investir na expansão do ensino técnico e tecnológico, e retomamos o fomento ao ensino superior, em especial à rede federal. No novo mandato, a conciliação destes objetivos continuará orientando a ação federal, que será também pautada pelo compromisso em cumprir as metas do Plano Nacional de Educação 2026-2036.",educacao,estudantes,True,False,"Investimento em educação básica, técnica, superior e cumprimento das metas do PNE 2026-2036.",True
lula,112,31,P R O G R A M A D E G O V E R N O,"O Compromisso Nacional Criança Alfabetizada instituiu uma estratégia nacional de cooperação federativa, cujos resultados – 66% das crianças alfabetizadas na idade certa em 2025 - superaram a meta prevista de 64%. Seguiremos com as ações e políticas já pactuadas com os estados e municípios brasileiros para chegarmos à meta de 80% das nossas crianças alfabetizadas na idade certa. Ao mesmo tempo, continuaremos fortalecendo as políticas de enfrentamento do analfabetismo na população adulta e vamos instituir uma estratégia nacional permanente de recomposição e aceleração das aprendizagens, com atenção especial aos anos finais do ensino fundamental e ao ensino médio. A creche cumpre papel decisivo no desenvolvimento cognitivo, social e emocional da criança, período em que se constroem as bases do aprendizado ao longo da vida, e representa também um ganho concreto para as famílias, sobretudo para a inserção das mães no mercado de trabalho, que passam a contar com a tranquilidade de saber que seus filhos estão em ambiente seguro e estimulante enquanto trabalham. O Novo PAC apoiou a construção de 3.562 creches e escolas de educação infantil em 2.360 municípios. Na segunda edição do Novo PAC, ampliaremos ainda mais o fomento a estados e municípios para juntos alcançarmos a metas do PNE.",educacao;emprego,criancas_familias;mulheres,True,True,"Ampliação da alfabetização infantil, combate ao analfabetismo adulto e fomento a novas creches.",True
lula,113,31,P R O G R A M A D E G O V E R N O,"O fomento à expansão da educação em tempo integral terá absoluta prioridade no novo mandato. Entre 2023 e 2025, 1,8 milhão de novas matrículas foram registradas. A partir de 2026, com a inclusão, no Fundeb, do financiamento à educação em tempo integral, a expectativa é que a ampliação dessa modalidade se acelere, garantindo melhores condições de aprendizado para os estudantes.",educacao,estudantes,True,True,Prioridade na expansão da educação em tempo integral a partir de 2026 via Fundeb.,True
lula,114,32,P R O G R A M A D E G O V E R N O,"Com recursos do Novo PAC, apoiamos, no atual mandato, estados e municípios na melhoria e expansão de sua infraestrutura de educação básica. Repassamos recursos para a construção de 686 escolas de educação em tempo integral. Na segunda edição do Novo PAC, manteremos o apoio a estados e municípios. Vale lembrar que o governo Lula também retomou obras que estavam paralisadas em governos anteriores – no caso da educação, são 5.967 creches, escolas, quadras esportivas e outros equipamentos que tiveram seus contratos repactuados e voltaram a receber recursos para conclusão.",educacao,estudantes;criancas_familias,True,False,Manutenção do apoio a estados e municípios para infraestrutura de educação básica via PAC.,True
lula,115,32,P R O G R A M A D E G O V E R N O,"Também com recursos do Novo PAC, estamos levando internet de qualidade às escolas brasileiras, já tendo alcançado 75% delas com conectividade nos parâmetros adequados. Vamos universalizar este serviço no próximo mandato, garantindo acesso a essa dimensão cada vez mais central para a qualidade da educação.",educacao,estudantes,True,True,Universalização da internet de qualidade nas escolas brasileiras através do Novo PAC.,True
lula,116,32,P R O G R A M A D E G O V E R N O,"Aprovamos a nova lei do ensino médio, buscando reequilibrar a formação geral básica e a formação profissional, e criamos o Pé-de-Meia, para enfrentar o desafio da evasão no ensino médio. O programa já beneficiou 7,3 milhões de jovens e mostrou ter impacto sobre os indicadores de permanência e de participação no Enem. Vamos dar continuidade e fortalecer o Pé-de-Meia. Nenhum jovem em situação de pobreza ou vulnerabilidade social no Brasil deve deixar a escola por falta de renda.",educacao;programas_sociais,jovens;estudantes;baixa_renda,True,True,Continuidade e fortalecimento do programa Pé-de-Meia para combater a evasão escolar.,True
lula,117,32,P R O G R A M A D E G O V E R N O,"Lançamos o MEC Livros e o MEC Idiomas, iniciativas que, ao permitir o acesso via celular, democratizam o acesso a leitura e aprendizagem de inglês e espanhol. No próximo mandato seguiremos ampliando o acervo do MEC Livros e incluindo novas línguas no MEC Idiomas.",,,True,False,Ampliação do acervo do MEC Livros e inclusão de novas línguas no MEC Idiomas.,True
lula,118,32,P R O G R A M A D E G O V E R N O,"Continuaremos exercendo liderança estratégica, apoiando tecnicamente os estados, o Distrito Federal e os municípios para fortalecer a cooperação entre os entes e contribuir com a formação de gestores e equipes técnicas. Avançaremos com o compartilhamento de dados para eficiente execução das políticas educacionais.",educacao,,True,False,Fortalecer a cooperação técnica entre entes federativos e aprimorar o compartilhamento de dados educacionais.,True
lula,119,33,P R O G R A M A D E G O V E R N O,"com condições adequadas de trabalho. O Piso Nacional do Magistério será mantido e daremos continuidade às medidas de apoio à formação docente, de elevação da atratividade das licenciaturas, por meio do Pé-de-Meia Licenciatura, e de fixação de docentes em regiões do país e áreas do conhecimento, por meio do Bolsa Mais Professores.",educacao;emprego,,True,False,Manutenção do Piso do Magistério e apoio à formação e fixação de docentes.,True
lula,120,33,P R O G R A M A D E G O V E R N O,"A educação e formação profissional é uma prioridade para os jovens e toda a sociedade brasileira. Por isto, retomamos a expansão da rede de institutos federais de educação técnica e tecnológica, os IFs. Serão mais 111 IFs, com novos campus em 106 municípios de todos os estados. Também criamos o Partiu IF, que oferece cursinho preparatório gratuito para estudantes do nono ano do ensino fundamental, para facilitar o ingresso nos IFs. As duas iniciativas têm um propósito comum – democratizar o acesso à educação técnica de qualidade. No novo mandato, continuaremos a expansão da nossa rede de institutos federais, priorizando a interiorização, os vazios educacionais, as periferias urbanas e os municípios com baixa oferta de cursos técnicos.",educacao,jovens;estudantes;periferia_urbana,True,False,Expansão da rede de Institutos Federais com foco em interiorização e periferias.,True
lula,121,33,P R O G R A M A D E G O V E R N O,"Uma marca de todos os mandatos do Presidente Lula é o financiamento ao ensino superior, fundamental para a formação e produção de conhecimento e condição para a soberania nacional e para a democracia. O orçamento das universidades, para custeio e para investimento, foi restaurado. O Novo PAC destinou recursos para 10 novos campi da rede federal e para 367 obras na infraestrutura das universidades, tais como laboratórios, restaurantes, salas de aula, novas sedes. O ProUni voltou a bater recorde de ofertas de bolsa e renegociamos, por duas vezes, as dívidas do FIES. Reajustamos as bolsas de estudo que estavam congeladas por uma década.",educacao;soberania_nacional,,False,True,Relato de ações realizadas para restaurar e expandir o financiamento ao ensino superior.,True
lula,122,33,P R O G R A M A D E G O V E R N O,"Daremos sequência ao fomento ao ensino superior no próximo mandato. Além de concluir as obras em curso, inclusive dos novos campi, será concluída a implantação da nova unidade do ITA, no Ceará, e da Universidade Indígena e da Universidade do Esporte. Haverá também novo ciclo expansão e interiorização da educação superior pública para superar os vazios educacionais e as assimetrias regionais. Adotaremos medidas para aperfeiçoar a assistência estudantil, para garantir a permanência e a conclusão dos cursos pelos estudantes nas instituições públicas.",educacao,estudantes,True,False,"Expansão do ensino superior público, novas universidades e melhoria da assistência estudantil.",True
lula,123,34,P R O G R A M A D E G O V E R N O,"Continuaremos a investir na ampliação e na melhoria da qualidade de pós- graduação nas áreas de conhecimento, nas regiões e nas localidades pouco ou não atendidas.",,,True,False,Investimento na ampliação e melhoria da qualidade da pós-graduação em diversas regiões.,True
lula,124,34,P R O G R A M A D E G O V E R N O,"Ampliamos a rede de hospitais universitários com a criação de 13 novas unidades, inclusive onde esta infraestrutura não existia, como Acre e Rondônia. No próximo mandato, avançaremos na implantação de novos hospitais universitários e na sua articulação com o Agora tem Especialistas.",saude_sus,,True,True,Ampliação da rede de hospitais universitários e articulação com o Agora tem Especialistas.,True
lula,125,34,P R O G R A M A D E G O V E R N O,"Ao priorizarmos a expansão da cobertura das creches, investirmos no ensino em tempo integral e criarmos mais oportunidades de acesso ao ensino técnico e superior, estaremos preparando nossas crianças e jovens para as exigências de um mundo em rápida transformação. A educação é o nosso pacto inegociável com o futuro, um investimento essencial para o desenvolvimento sustentável, inclusivo e soberano do Brasil.",educacao,criancas_familias;jovens,True,False,"Expansão de creches, ensino em tempo integral, técnico e superior para jovens e crianças.",True
lula,126,34,"5. Fortalecer a saúde com equidade, inovação e soberania","Com Lula, o SUS voltou a estar ao lado do povo brasileiro. A atenção básica, como eixo estruturante do sistema, foi apoiada na expansão de serviços e na modernização e ampliação da infraestrutura. Na atenção especializada, começamos a enfrentar o desafio da redução do tempo de espera por consultas e tratamentos. Buscamos ampliar e democratizar o acesso a medicamentos e incorporar novas tecnologias ao sistema. Combatemos o negacionismo, defendendo a ciência e a vida, recuperando as coberturas vacinais. Avançamos muito, mas o SUS é um sistema que requer contínua evolução para assegurar, de fato, o direito universal à saúde. Este compromisso orientará as políticas a serem implementadas no novo mandato.",saude_sus,,False,False,Balanço das ações no SUS e compromisso com a evolução do sistema de saúde.,True
lula,127,34,"5. Fortalecer a saúde com equidade, inovação e soberania","Na atenção básica, com o Novo PAC, apoiamos a construção de 2.734 unidades básicas de saúde e adquirimos e distribuímos 10 mil combos com equipamentos. Renovamos e ampliamos a frota do SAMU, doando 2.994 ambulâncias para estados e municípios.",saude_sus,,True,True,"Investimento em novas unidades básicas de saúde, equipamentos e ampliação da frota do SAMU.",True
lula,128,35,"5. Fortalecer a saúde com equidade, inovação e soberania","da família, em especial as equipes multiprofissionais, que serão peça central no cuidado à uma população que envelhece com velocidade. Fortaleceremos instrumentos de indução e de financiamento para adoção de parâmetros de qualidade no atendimento, em especial em territórios de maior vulnerabilidade social.",saude_sus,baixa_renda,True,False,Fortalecimento de equipes multiprofissionais de saúde e financiamento para áreas vulneráveis.,True
lula,129,35,"5. Fortalecer a saúde com equidade, inovação e soberania","Avançamos na modernização, com a entrega de 5.257 kits de equipamentos para implantar teleconsultas. Vamos intensificar o apoio ao uso de ferramentas de saúde digital, como teleconsultas, teleorientação e teleacolhimento na rede básica de saúde. E vamos continuar investindo no aumento de oferta de exames e recursos diagnósticos, para aumentar a capacidade resolutiva das equipes e evitar encaminhamentos desnecessários à atenção especializada.",saude_sus,,True,False,Intensificar a saúde digital e ampliar a oferta de exames e diagnósticos.,True
lula,130,35,"5. Fortalecer a saúde com equidade, inovação e soberania","Um dos mais importantes avanços no sistema, que já começamos a implementar e ganhará velocidade e escala na próxima gestão, é a integração entre a Atenção Primária, a Vigilância em Saúde, a Assistência Farmacêutica e a Atenção Especializada, com prontuário compartilhado, fluxos claros de referência e contrarreferência e articulação com as Ofertas de Cuidados Integrados (OCI), propiciando o conhecimento e a articulação do cuidado ao longo de toda a trajetória do usuário na rede.",saude_sus,,True,False,Integração da rede de saúde com prontuário compartilhado e fluxos de cuidado.,True
lula,131,35,"5. Fortalecer a saúde com equidade, inovação e soberania","Vamos acelerar os esforços na consolidação do prontuário único do cidadão, que já avança por meio da Rede Nacional de Dados em Saúde (RNDS). Essa integração dos sistemas de informação interfederativos permitirá disponibilizar diretamente no celular a marcação de consultas nas UBS e os resultados de exames, especialmente em regiões de vulnerabilidade e vazios assistenciais. Vamos acelerar a utilização de inteligência artificial para a triagem, a priorização de casos graves, a regulação por risco clínico e o diagnóstico em áreas com escassez de especialistas.",saude_sus,baixa_renda,True,False,Acelerar a consolidação do prontuário único e uso de IA na saúde pública.,True
lula,132,35,"5. Fortalecer a saúde com equidade, inovação e soberania","O Programa Mais Médicos, que dobrou de tamanho em nossa gestão, seguirá o caminho de vinculação e fixação de profissionais, valorizando a formação de especialistas em medicina de família e comunidade dentro do programa, para garantir a continuidade do cuidado nos municípios e áreas de maior vulnerabilidade.",saude_sus,baixa_renda,True,False,Continuidade e aprimoramento do Programa Mais Médicos com foco em fixação de profissionais.,True
lula,133,36,P R O G R A M A D E G O V E R N O,"No Brasil Sorridente, há hoje quase 35 mil equipes de saúde bucal em 5.208 municípios, 23% a mais que em dezembro de 2022. Até o final de 2026 serão 1.228 centros de especialidades odontológicas e 1.324 Unidades Odontológicas Móveis – UOMs, esta última uma inovação do nosso mandato. Manteremos o apoio aos municípios para que, conforme a lei aprovada em nosso mandato, universalizem a oferta de saúde bucal. Continuaremos, como na atual gestão, comprando e transferindo aos municípios os equipamentos necessários a esta universalização.",saude_sus,,True,True,"Ampliação de equipes de saúde bucal, centros odontológicos e unidades móveis até 2026.",True
lula,134,36,P R O G R A M A D E G O V E R N O,"Retomamos o Farmácia Popular, ampliando para 41 o número de medicamentos gratuitos distribuídos. Chegamos, em 2025, a 27,3 milhões de pessoas atendidas, 32% mais que em 2022. O programa será mantido, 100% gratuito, assegurando contínua revisão dos medicamentos ofertados e a continuidade da distribuição de fraldas geriátricas. Vamos continuar construindo parcerias para ampliar o número de locais de retirada nas periferias das grandes cidades e alternativas para onde não houver farmácia privada para conveniar.",saude_sus;periferias_favelas,periferia_urbana,True,True,"Manutenção e ampliação do Farmácia Popular, com foco em gratuidade e acesso periférico.",True
lula,135,36,P R O G R A M A D E G O V E R N O,"Uma inovação do programa será incluir exames laboratoriais, de diagnóstico e de monitoramento de condições crônicas de saúde, que afetam parcela significativa da população, tais como hipertensão arterial e diabetes.",saude_sus,,True,False,Inclusão de exames laboratoriais e monitoramento de doenças crônicas no programa de saúde.,True
lula,136,36,P R O G R A M A D E G O V E R N O,"Desde o primeiro dia do mandato, buscamos reverter o negacionismo em relação às vacinas e retomar a elevada cobertura vacinal que diferenciava, para melhor, o Brasil de grande parte do resto do mundo. O retrocesso foi revertido e ampliamos a cobertura em 15 das 16 principais vacinas infantis. A UNICEF mostrou que o Brasil foi o país que registrou um dos maiores avanços mundiais na recuperação da cobertura vacinal infantil entre 2023 e 2025.",,,False,False,Relato sobre a recuperação da cobertura vacinal infantil no Brasil entre 2023 e 2025.,True
lula,137,36,P R O G R A M A D E G O V E R N O,"Vamos manter todos os esforços para continuar ampliando o acesso e a adesão da população à vacinação em todo o território nacional, com campanhas nacionais e ações em locais de fácil acesso e grande visibilidade.",,,True,False,Ampliação do acesso e adesão da população à vacinação em todo o território nacional.,True
lula,138,36,P R O G R A M A D E G O V E R N O,"A vacinação nas escolas seguirá como eixo prioritário para recuperar coberturas vacinais e avançar na prevenção de doenças e no controle de diferentes tipos de câncer, com destaque para o HPV. Fortaleceremos a vacinação contra a dengue",educacao,estudantes,True,False,Priorização da vacinação em escolas e fortalecimento da imunização contra a dengue.,True
lula,139,37,P R O G R A M A D E G O V E R N O,"para toda a população brasileira elegível, bem como a vacinação contra o Vírus Sincicial Respiratório (VSR), principal causador de bronquiolite em crianças pequenas. Continuaremos incorporando novas vacinas ao calendário do SUS, como fizemos com a Pneumo 20, para crianças e com a bronquiolite, para gestantes.",saude_sus,criancas_familias,True,False,"Ampliação do calendário de vacinação do SUS, incluindo vacinas contra VSR e Pneumo 20.",True
lula,140,37,P R O G R A M A D E G O V E R N O,"Começamos a enfrentar, no atual mandato, com o Agora tem Especialistas, um dos maiores desafios da saúde pública brasileira – garantir o acesso à atenção especializada, com qualidade e agilidade. Começamos a atuar de forma firme na integração entre serviços, na regulação do sistema, na ampliação da rede hospitalar e de equipamentos para reduzir filas para exames e tratamentos especializados.",saude_sus,,False,False,Relato de ações iniciais para reduzir filas e melhorar a atenção especializada na saúde.,True
lula,141,37,P R O G R A M A D E G O V E R N O,"Os resultados do Agora tem Especialistas mostram que o caminho está correto. Em 2025, foram 15 milhões de cirurgias, maior volume na história do SUS; 31,4 milhões de consultas e 45 milhões de exames, 141% e 40% a mais que em 2022, respectivamente. Em 52 municípios de 21 estados, as filas de espera foram zeradas para procedimentos de saúde da mulher, exames de imagem e oftalmologia. Com o Novo PAC, fizemos um investimento inédito na infraestrutura e equipamentos do SUS: 15 hospitais regionais e 13 universitários, 101 policlínicas, 60 máquinas de diagnóstico por imagem (ressonância magnética e tomografia), 146 kits de cirurgia geral e oftalmológica, 70 equipamentos para radioterapia e 3.300 veículos para transporte sanitária, mais uma novidade desse mandato. As ações do Agora Tem Especialistas serão ainda mais impulsionadas. A expansão do terceiro turno nos serviços de saúde, o reforço das Carretas da Saúde e dos mutirões de atendimento seguirão como estratégias centrais para ampliar a oferta de consultas, exames e cirurgias em todo o país. Daremos continuidade à parceria com hospitais privados para assegurar, em troca de créditos financeiros ou de dívidas, a oferta de exames e cirurgias para o SUS.",saude_sus;transporte_mobilidade,mulheres,True,True,"Expansão de consultas, exames e cirurgias no SUS via Novo PAC e parcerias.",True
lula,142,37,P R O G R A M A D E G O V E R N O,"Continuaremos investindo para garantir à rede pública equipamentos modernos e em número suficiente para atender a população. Será nossa diretriz continuar ampliando e modernizando equipamentos de hemodinâmica, tomografia,",,,True,False,Ampliação e modernização de equipamentos de hemodinâmica e tomografia na rede pública.,True
lula,143,38,P R O G R A M A D E G O V E R N O,"ressonância magnética, radioterapia, PET-CT e salas completas de cirurgias, policlínicas e hospitais, investimentos já iniciados pelo Novo PAC. A modernização tecnológica iniciada no atual governo terá continuidade, com mais salas telessaúde, telecirurgia, cirurgia robótica e serviços e hospitais inteligentes. Aprimoraremos ainda mais a regulação do acesso à atenção especializada, garantindo maior transparência das filas e utilizando inteligência artificial, com fila única digital e ordenada pelo risco clínico, com transporte sanitário em todas as regiões de saúde.",saude_sus;transporte_mobilidade,,True,False,"Modernização tecnológica da saúde, gestão de filas com IA e ampliação de transporte sanitário.",True
lula,144,38,P R O G R A M A D E G O V E R N O,"Vamos consolidar, em todo o Brasil, a maior rede pública de cuidado ao câncer do mundo, com prevenção, diagnóstico e tratamento ao câncer com equipamentos e tratamentos modernos e atualização de novos medicamentos quimioterápicos e imunoterápicos. Consolidaremos o Supercentro Brasil de telediagnóstico do câncer, reduzindo o tempo para realização de diagnóstico das biopsias nas regiões remotas ou com déficit de profissionais. Ampliaremos os Centros Especializados de diagnóstico e tratamento do câncer (UNACONS e CACONS), com expansão de centros de radioterapia e cirurgias.",saude_sus,,True,False,"Expansão da rede pública de prevenção, diagnóstico e tratamento do câncer no Brasil.",True
lula,145,38,P R O G R A M A D E G O V E R N O,"Com o Novo PAC, apoiamos a construção de 39 maternidades e 27 Centros de Parto Normal para dar maior segurança às gestantes. A Farmácia Popular passou a distribuir absorventes, garantindo a dignidade menstrual de 3,3 milhões de meninas e mulheres. Avançamos na oferta de anticoncepcionais no SUS com a disponibilidade do Implanom, que já disponibilizou 1,4 milhão de unidades. Permaneceremos comprometidos com a saúde integral das mulheres em todas as fases da vida. Continuaremos reforçando a cobertura de exames e tratamento, incluindo o diagnóstico precoce dos cânceres de mama e do colo do útero, bem como os cuidados para mulheres que sofrem de endometriose e outras condições ginecológicas crônicas. Fortaleceremos o planejamento reprodutivo ampliando o acesso a métodos contraceptivos modernos e de longa duração, a serem distribuídos gratuitamente no SUS, como fizemos com o Implanom. Fortaleceremos, também, o Programa Dignidade Menstrual, com acesso aos insumos essenciais para a saúde menstrual – absorventes e medicamentos. A maternidade segura continuará sendo um compromisso central do SUS, com",saude_sus,mulheres,True,True,"Ampliação de maternidades, métodos contraceptivos, dignidade menstrual e exames preventivos para mulheres no SUS.",True
lula,146,39,P R O G R A M A D E G O V E R N O,"intensificação da redução da mortalidade materna e atenção específica para mulheres negras, que seguem as mais afetadas por óbitos evitáveis. O acesso oportuno ao parto, especialmente para mulheres de áreas rurais, do campo, da floresta e das águas também será fortalecido. Fortaleceremos o Samu para atuação integrada com a Rede Alyne, as casas de gestantes próximas às maternidades, ambulância perinatal e enfermeiras obstétricas na Amazônia Legal. O Novo PAC apoiou a estruturação de 336 novos Centros de Atenção Psicossocial - CAPS. Na saúde mental, ampliaremos os investimentos na Rede de Atenção Psicossocial e nos CAPS, ampliando a atenção a crianças, adolescentes e jovens. Também fortaleceremos o diagnóstico e o acompanhamento de pessoas com TEA e outras neurodivergências, bem como o cuidado psicossocial a mulheres em situação de violência. Ampliaremos os profissionais e as estratégias voltadas às pessoas com problemas relacionados a jogos de apostas.",saude_sus;endividamento_apostas,mulheres;populacao_negra;rural_agricultores,True,True,"Ampliação da saúde materna, mental, apoio a neurodivergentes e combate ao vício em apostas.",True
lula,147,39,P R O G R A M A D E G O V E R N O,"O apoio ao desenvolvimento científico e tecnológico da saúde voltou a ter centralidade, por meio do fomento ao Complexo Econômico e Industrial da Saúde (CEIS). Trata-se de ação fundamental para a soberania sanitária e tecnológica do Brasil e a ampliação da capacidade de resposta do SUS. Foram assinadas 31 parcerias para desenvolvimento produtivo a partir de 2024, entre as quais para a volta de produção nacional de insulina, e aprovados 54 Programas de Desenvolvimento e Inovação Local. Concluímos a fábrica Hemobrás, que nos coloca rumo a nacionalização completa da produção de hemoderivados, ampliando nossa soberania nesse tipo de insumo.",saude_sus;soberania_nacional,,False,False,Relato sobre fomento ao Complexo Econômico e Industrial da Saúde e soberania sanitária.,True
lula,148,39,P R O G R A M A D E G O V E R N O,"Aprovamos a lei que institui a Estratégia Nacional de Saúde do Complexo Econômico-Industrial da Saúde. E, no próximo mandato, seguiremos mobilizando instituições públicas de saúde em articulação com empresas nacionais comprometidas com a inovação e com universidades e institutos de pesquisa. Continuaremos aperfeiçoando os instrumentos das PDPs para ampliar a absorção tecnológica, a inovação e o fortalecimento da indústria nacional. Fortaleceremos a pesquisa e o desenvolvimento de insumos farmacêuticos ativos (IFAS) a partir da biodiversidade brasileira, com destaque para o potencial da Amazônia, e ampliaremos o sequenciamento genômico voltado ao estudo de variantes associadas à resistência ou à susceptibilidade a doenças infecciosas e crônicas.",saude_sus,,True,False,"Fortalecimento do complexo industrial da saúde, inovação tecnológica e produção de insumos farmacêuticos.",True
lula,149,40,P R O G R A M A D E G O V E R N O,A saúde é um direito de todos os brasileiros e brasileiras e um investimento estratégico para um Brasil soberano. Nosso compromisso com o fortalecimento do SUS público e universal é inalienável.,saude_sus;soberania_nacional,,False,False,Afirma a saúde como direito universal e o fortalecimento do SUS como compromisso.,True
lula,150,40,P R O G R A M A D E G O V E R N O,"6. Ampliar o acesso à cultura e ao esporte como Vetores de Transformação Social A cultura é elemento essencial da identidade nacional e uma das principais fontes de riqueza simbólica, social e econômica do Brasil. A diversidade cultural brasileira constitui patrimônio imaterial de valor inestimável, fortalece a cidadania, a coesão social a projeção internacional do país, impulsiona a economia e promove o desenvolvimento territorial.",,,False,False,Defesa da cultura e esporte como elementos de identidade e transformação social.,True
lula,151,40,P R O G R A M A D E G O V E R N O,"As atividades de esporte também são expressões da cultura brasileira e instrumentos de desenvolvimento humano, inclusão social e dinamização econômica.",,,False,False,"Define o esporte como expressão cultural, instrumento de inclusão social e desenvolvimento econômico.",True
lula,152,40,Cultura,"A cultura é uma dimensão estratégica da nossa luta pela democracia, pela soberania, pela justiça social e pela sustentabilidade ambiental. A cultura é o campo privilegiado da disputa de valores, visões de mundo e o lócus onde fermentarão as condições necessárias para a consolidação de um projeto de nação que considere todos os brasileiros e brasileiras e que seja sustentável em relação à natureza.",instituicoes_stf_reeleicao;costumes_religiao;agronegocio_meio_ambiente,,False,False,"A cultura como campo estratégico para a democracia, valores e sustentabilidade ambiental.",True
lula,153,40,Cultura,"O governo Lula reposicionou a cultura, restabelecendo o diálogo com a sociedade e fortalecendo a cooperação federativa. A recriação do Ministério da Cultura foi um dos passos fundamentais para reafirmar a cultura como um direito fundamental e vetor do desenvolvimento econômico e social. Aprovamos a Lei do Sistema Nacional de Cultura e modernizamos todos os instrumentos de fomento. Os recursos para financiar as atividades culturais nunca foram tão expressivos. No quarto mandato do presidente Lula, vamos dar sequência à revolução na política de fomento à cultura brasileira. Os principais instrumentos de fomento – Lei Aldir Blanc e Lei Rouanet – serão aperfeiçoados e implementados de forma",,,True,False,Promessa de aperfeiçoar e dar sequência à política de fomento à cultura brasileira.,True
lula,154,41,Cultura,"transparente e democrática, para apoiar todas as artes. Vamos avançar ainda mais na desconcentração regional e para todas as formas de manifestação cultural, fortalecendo nossa diversidade cultural. Para isto, serão ainda mais fortalecidas as instâncias de participação social na elaboração, desenvolvimento e acompanhamento das políticas culturais, como o Conselho Nacional de Política Cultural e os Comitês de Cultura Estaduais.",,,True,False,Fortalecimento da diversidade cultural e de instâncias de participação social na cultura.,True
lula,155,41,Cultura,"Vamos seguir preservando e difundindo os saberes, as memórias e os patrimônios culturais do Brasil, fortalecendo instituições responsáveis por essas atividades. E vamos cuidar de quem guarda esse patrimônio: mestras e mestres das culturas populares e tradicionais terão políticas de salvaguarda e valorização, com regras claras de direito autoral sobre os saberes que eles mantêm vivos.",,,True,False,Preservação de patrimônios culturais e valorização de mestres de culturas populares e tradicionais.,True
lula,156,41,Cultura,"No atual mandato, recuperamos o Cultura Viva e chegamos a 16 mil Pontos e Pontões de Cultura. Vamos fortalecer ainda mais as iniciativas culturais comunitárias e ampliar o fomento ao desenvolvimento da infraestrutura cultural em territórios periféricos, inclusive apoiando a formação de arranjos regionais voltados à articulação de redes locais e ao fortalecimento de ecossistemas criativos nos territórios. Daremos especial atenção à consolidação dos Pontos de Cultura, buscando assegurar planos de ação continuados, previsibilidade, segurança jurídica, corresponsabilidade federativa e participação ativa da sociedade civil na gestão compartilhada da Política Nacional Cultura Viva. No atual mandato, com o Novo PAC, enfrentamos o desafio de ampliar o acesso a bens culturais. Investimos em equipamentos culturais como CEUs da Cultura, MovCEUs, sobre rodas e flutuantes. Fomentamos 6 mil bibliotecas públicas e estamos apoiando a implantação de 1.500 bibliotecas em unidades do Minha Casa Minha Vida. Asseguramos recursos para 144 obras de restauração do patrimônio histórico e artístico e para 105 projetos, que permitirão, na próxima edição do Novo PAC, apoiar mais obras. Vamos dar continuidade aos investimentos para consolidar e manter a rede de equipamentos culturais nos territórios e para fomentar programas de circulação e mobilidade artística e iniciativas de democratização da cultura.",periferias_favelas;moradia_mcmv,periferia_urbana,True,True,"Fortalecimento de Pontos de Cultura, infraestrutura cultural em periferias e expansão de bibliotecas.",True
lula,157,42,P R O G R A M A D E G O V E R N O,"O cinema nacional voltou a ser prestigiado e apoiado em nosso mandato. Retomamos a Cota de Tela e o Fundo do Audiovisual aplicou R$ 3,6 bilhões entre 2023 e 2025 na produção nacional. Lançamos o Tela Brasil e vamos continuar trabalhando pela aprovação, no Congresso Nacional, de uma regulamentação do streaming (VOD) que atenda ao interesse nacional e assegure o País como um produtor e exportador ativo de obras audiovisuais. No próximo mandato, queremos ainda fortalecer a governança das políticas do audiovisual e consolidar uma política industrial para o setor audiovisual.",,,True,True,Fortalecer a governança e a política industrial do setor audiovisual nacional.,True
lula,158,42,P R O G R A M A D E G O V E R N O,"Ao mesmo tempo, fortaleceremos a proteção dos direitos autorais e da propriedade intelectual. Na cultura digital, ampliaremos as condições de criação, produção e difusão, com acesso a tecnologias e plataformas. Trabalharemos pela aprovação de lei do direito autoral em ambiente digital e a regulamentação da inteligência artificial, para que músicos, autores e artistas sejam pagos quando as plataformas usarem conteúdo brasileiro. Quem cria não pode ser o único a não ganhar.",,,True,False,Regulamentação da IA e direitos autorais digitais para remunerar artistas e produtores brasileiros.,True
lula,159,42,P R O G R A M A D E G O V E R N O,"Continuaremos a fortalecer a diplomacia cultural e a internacionalização da produção brasileira, ampliando a presença de artistas e obras nacionais no exterior e apoiando fazedores de cultura brasileiros em outros países e imigrantes no Brasil.",,,True,False,Fortalecer a diplomacia cultural e a internacionalização de artistas e obras brasileiras.,True
lula,160,42,P R O G R A M A D E G O V E R N O,"Estimularemos o empreendedorismo cultural, a inovação e a formação profissional para gerar empregos e ampliar oportunidades econômicas no setor cultural, ampliando o acesso a crédito para iniciativas de economia criativa. Fomentaremos a oferta de vagas em cursos técnicos e profissionalizantes de formação e qualificação artística Técnica e Cultural.",emprego,empreendedores,True,False,"Estímulo ao empreendedorismo cultural, crédito para economia criativa e ampliação de cursos técnicos.",True
lula,161,42,P R O G R A M A D E G O V E R N O,"Sancionamos o Marco Legal dos Games, que reconhece e equipara os games a criações culturais. Com isto, esta importante indústria passa a acessar os mecanismos de fomento da Lei Rouanet e da Lei do Audiovisual. Criamos uma classificação específica para o setor na CNAE e, em março/2026, incluímos o setor na Classificação Brasileira de Ocupações, para incentivar a formalização dos gamers. Seguiremos apoiando este setor estratégico, um braço da economia criativa, que gera emprego, em especial para jovens, e projeção internacional, que pode mobilizar investimentos bilionários no país.",emprego,jovens,True,False,"Apoio à indústria de games via fomento cultural, formalização profissional e investimentos.",True
lula,162,43,P R O G R A M A D E G O V E R N O,"Avançaremos na integração da Cultura com a educação, por meio de políticas como o programa Mais Cultura nas Escolas e a ação Arte e Cultura na Educação de Tempo Integral. Queremos consolidar atividades artísticas integradas ao currículo que estimulem a criatividade, a capacidade crítica e o letramento digital, democratizando o acesso da juventude à produção e ao repertório cultural. Estamos comprometidos também com o desenvolvimento de programas específicos voltados para a formação de plateia, promovendo o acesso a experiências culturais e artísticas desde a infância e juventude.",educacao,estudantes;jovens;criancas_familias,True,False,Integração da cultura na educação básica e formação de plateia para jovens e crianças.,True
lula,163,43,Esporte,"O atual governo Lula reconstruiu o papel do Estado nas políticas de esporte. Além da recriação do Ministério, com capacidade para formular e implementar políticas públicas eficazes, retomou políticas e reorganizou a legislação do setor, com a aprovação da Nova Lei de Incentivo ao Esporte e a Lei Geral do Esporte. O Bolsa Atleta teve o valor das bolsas reajustado pela primeira vez desde sua criação e alcançou o maior número de atletas da história – 11 mil contemplados em 2026. Vamos continuar ampliando e fortalecendo o programa, além de manter o patrocínio das empresas estatais para assegurar que no próximo ciclo olímpico e paralímpico avancemos ainda mais na conquista de bons resultados e medalhas. O esporte de alto rendimento continuará sendo apoiado no próximo mandato de Lula.",,,True,True,Ampliação do Bolsa Atleta e manutenção de patrocínios estatais para o esporte.,True
lula,164,43,Esporte,"No próximo mandato, realizaremos a Copa do Mundo de Futebol Feminino, que ocorrerá pela primeira vez na América do Sul. Continuaremos trabalhando para o sucesso do evento, que ocorrerá em 8 capitais brasileiras, e que tem o potencial de promover ainda mais o Brasil no exterior, estimulando também a atividade turística. Sediar o evento terá também o efeito de estimular ainda mais a prática do futebol feminino no Brasil.",,mulheres,True,False,Realização da Copa do Mundo de Futebol Feminino em oito capitais brasileiras.,True
lula,165,43,Esporte,"A Universidade do Esporte foi aprovada pelo Congresso Nacional. No próximo mandato, temos a tarefa de implementar a universidade, para formar quadros técnicos e democratizar o acesso ao esporte e instituiremos a rede nacional de pesquisa, inovação e tecnologia do esporte.",educacao,,True,False,Implementação da Universidade do Esporte e criação de rede nacional de pesquisa e tecnologia.,True
lula,166,44,P R O G R A M A D E G O V E R N O,"No atual mandato, começamos a implantação de Arenas Brasil em todos os estados com o Novo PAC, apoiamos 500 unidades por todo o Brasil. Ampliaremos este apoio no novo mandato, para assegurar acesso às práticas esportivas em todo o território nacional.",,,True,False,Ampliação do apoio às Arenas Brasil para expandir o acesso a práticas esportivas.,True
lula,167,44,P R O G R A M A D E G O V E R N O,"Queremos um país que reconheça a cultura, a economia criativa, e o esporte como forças estratégicas do desenvolvimento nacional, capazes de gerar trabalho, renda, inovação, pertencimento, qualidade de vida e desenvolvimento em todos os territórios brasileiros.",emprego,,False,False,"Defesa da cultura, economia criativa e esporte como estratégias de desenvolvimento nacional.",True
lula,168,44,7. Fortalecer o direito à cidade,"No governo Lula 3, as cidades brasileiras readquiriram centralidade no planejamento e execução de investimentos federais. O direito à cidade exige uma reforma urbana que integre habitação, saneamento, mobilidade, uso do solo, gestão de riscos, adaptação às mudanças climáticas, meio ambiente urbano, cultura, comunicação e desenvolvimento econômico local. Cidades criativas articulam inovação, tecnologia, cultura e participação social em torno de suas vocações e potencialidades. As históricas desigualdades territoriais, as crescentes demandas por infraestrutura e serviços urbanos, associados aos impactos das mudanças climáticas, exigem contínuos aperfeiçoamentos nas políticas públicas, capazes de aprofundar a integração entre planejamento, investimento e participação social.",moradia_mcmv;transporte_mobilidade;saneamento,,False,False,Diagnóstico sobre a necessidade de reforma urbana integrada e combate às desigualdades territoriais.,True
lula,169,44,7. Fortalecer o direito à cidade,"Com uma carteira de projetos de R$ 118 bilhões no Novo PAC, a infraestrutura urbana voltou a receber atenção para assegurar um desenvolvimento urbano inclusivo, com base em cidades mais inteligentes, sustentáveis e resilientes. Fizemos isto recuperando a institucionalidade responsável pela política urbana no Governo Federal, recriando o Ministério das Cidades, e reinstituindo o diálogo com setor produtivo, movimentos sociais e estados e municípios, do que é exemplar a retomada da Conferência Nacional das Cidades. Dialogamos continuamente com governos estaduais e municipais, para que a carteira de investimento refletisse as prioridades de cada local. Qualificamos, desta forma, os empreendimentos apoiados. E este método cooperativo federativo mostrou",,,False,True,Relato sobre investimentos em infraestrutura urbana e governança via Novo PAC e Ministério das Cidades.,True
lula,170,45,7. Fortalecer o direito à cidade,"que instituir instrumentos para reforçar a capacidade técnica e financeira dos municípios para planejar, executar e fiscalizar os investimentos deve seguir como tarefa a ser apoiada no próximo mandato.",,,True,False,Reforçar a capacidade técnica e financeira de municípios para planejar e executar investimentos.,True
lula,171,45,7. Fortalecer o direito à cidade,"Garantir moradia digna, em especial para as famílias de menor renda, voltou a ser prioridade do governo federal. Recriamos o Minha Casa Minha Vida – MCMV, introduzindo melhorias no padrão construtivo, elevando os valores dos imóveis enquadráveis no programa, criando uma nova faixa de renda no programa para atingir a classe média, que estava ameaçada por insuficiência de recursos da poupança para seu financiamento. Retomamos obras do MCMV que estavam paralisadas, algumas desde 2014, por falta de apoio do governo anterior. Os resultados foram extraordinários. O programa alcançou sua meta de contratar 2 milhões de moradias com um ano de antecedência, o que nos levou a elevar esta meta para 3 milhões até o final de 2026. Mais de 80% das obras que estavam paralisadas já foram retomadas. Um milhão de moradias foram quitadas para beneficiários do Bolsa Família e BPC. Mais importante, dinamizamos o mercado imobiliário, fazendo com que, pela primeira vez na história, o crédito imobiliário ultrapassasse a barreira dos 10% do PIB.",moradia_mcmv;programas_sociais,baixa_renda;classe_media;criancas_familias,True,True,Ampliação da meta do Minha Casa Minha Vida para 3 milhões de moradias.,True
lula,172,45,7. Fortalecer o direito à cidade,"Esta equação bem-sucedida continuará. O MCMV será mantido e ampliado no próximo mandato, para todas as faixas de renda e preservando seu foco nas famílias de mais baixa renda. Serão mobilizados novos instrumentos para ampliar o acesso à moradia, como o Compra Assistida, que, em situações excepcionais, permite a aquisição de imóveis já prontos. Continuaremos melhorando o padrão construtivo, simplificando processos, apoiando os movimentos sociais a participarem do programa. Daremos sequência também à iniciativa, que se mostrou bem-sucedida, de utilizar áreas da União, algumas em regiões centrais e valorizadas das cidades, para construir moradias do MCMV, inclusive com novos instrumentos, como o Fundo Imobiliário da União. Aprimoraremos e ampliaremos o Reforma Casa Brasil.",moradia_mcmv,baixa_renda;criancas_familias,True,False,Manutenção e ampliação do Minha Casa Minha Vida e programas de acesso à moradia.,True
lula,173,45,7. Fortalecer o direito à cidade,"Com o Periferia Viva, voltamos a investir em urbanização de favelas e em regularização fundiária, abandonados no governo anterior. Retomamos 85 obras que estavam paralisadas ou em ritmo muito lento e selecionamos outras 59",moradia_mcmv;periferias_favelas,periferia_urbana,True,False,"Investimento em urbanização de favelas, regularização fundiária e retomada de obras paralisadas.",True
lula,174,46,P R O G R A M A D E G O V E R N O,"propostas, que envolvem provimento de infraestrutura, moradia digna, equipamentos e serviços públicos. No próximo mandato, todas estas obras terão recursos assegurados para sua conclusão, para garantir melhores condições de vida às periferias por elas atendidas. Faremos novas rodadas de seleção, visando apoiar mais projetos e persistir em nosso compromisso de garantir que as periferias sejam parte do nosso projeto de desenvolvimento urbano sustentável. O governo Lula investiu de forma consistente em saneamento. A partir de 2023, foram R$ 23,3 bilhões para novas obras de abastecimento de água, esgotamento sanitário e gestão de resíduos sólidos, além de R$ 3,5 bilhões para retomada e conclusão de obras inacabadas de anos anteriores. Continuaremos, no próximo mandato, a perseguir o objetivo de apoiar estados e municípios a universalizar acesso à água tratada e ao esgotamento sanitário, buscando priorizar periferias historicamente negligenciadas.",moradia_mcmv;saneamento;periferias_favelas,periferia_urbana,True,True,Garantia de conclusão de obras e universalização de saneamento e infraestrutura nas periferias.,True
lula,175,46,P R O G R A M A D E G O V E R N O,"A mobilidade urbana é um dos maiores desafios para tornar as médias e grandes cidades espaços mais inclusivos. O tempo perdido em deslocamentos, a precariedade do transporte coletivo, o elevado custo das tarifas e a saturação dos sistemas de transporte reduzem a qualidade de vida da população e comprometem a produtividade da economia. Com o Novo PAC, o governo federal voltou a investir em infraestrutura de transporte e renovação de frota. A atual carteira, entre retomada de obras e novos investimentos, resultará em mais 233 km de metrôs, trens e VLTs e outros 296 km de corredores exclusivos de ônibus no padrão BRT. Permitirá também renovar a frota de ônibus de 144 municípios, com a aquisição de 3.942 ônibus Euro 6, 203 ônibus elétricos e 39 veículos sobre trilhos. Além disso, finalizamos estudos e focaremos em investimentos na integração das regiões metropolitanas e das médias cidades do país. Nosso compromisso é continuar apoiando investimentos em transporte coletivo de alta capacidade e na modernização e eletrificação progressiva das frotas do transporte coletivo. Manteremos a diretriz de apoiar investimentos que gerem demanda para a indústria nacional de equipamentos de transporte, integrando política urbana e política industrial.",transporte_mobilidade,,True,False,"Investimentos em metrôs, BRTs e renovação de frotas via Novo PAC para mobilidade urbana.",True
lula,176,47,P R O G R A M A D E G O V E R N O,"Outra área em que pretendemos avançar, por sua urgência cada vez maior, é na preparação de nossas cidades para enfrentar os desafios das mudanças climáticas. Já voltamos a investir R$ 25 bilhões, com o Novo PAC, em obras de contenção de encostas e drenagem urbana sustentável, priorizando áreas mapeadas e classificadas com risco alto ou muito alto em municípios com problemas recorrentes de deslizamentos e inundações. Vamos aperfeiçoar nossa capacidade de resposta e seguir aprimorando a Defesa Civil. Queremos fomentar a adaptação climática por meio de infraestrutura verde, proteção de mananciais e ocupação resiliente do território.",agronegocio_meio_ambiente,,True,True,Investimentos em infraestrutura urbana e Defesa Civil para enfrentar mudanças climáticas e desastres.,True
lula,177,47,P R O G R A M A D E G O V E R N O,"A gestão dos resíduos sólidos e o tratamento de esgotos continuarão a ter o apoio da União, estimulando soluções inovadoras, como a produção de biogás e biometano.",saneamento,,True,False,"Apoio da União à gestão de resíduos, esgotos e produção de biogás e biometano.",True
lula,178,47,P R O G R A M A D E G O V E R N O,"Queremos um país que invista na construção de cidades mais inclusivas, sustentáveis e inovadoras, ampliando a qualidade de vida da população, reduzindo desigualdades territoriais e fortalecendo uma rede policêntrica de cidades que impulsione a integração nacional e sul-americana, valorizando o papel das cidades médias na geração de oportunidades, serviços e desenvolvimento. 8. Promover uma Economia Mais Sustentável, Produtiva e Digital, Para Todas e Todos Para dar um salto em nosso processo de desenvolvimento, precisamos seguir transformando nossa economia. O governo Lula III consolidou um legado de combate estruturante às desigualdades, aliando responsabilidade social, fiscal e ambiental. Fizemos uma política econômica assentada em cinco pilares: (i) a retomada do crescimento econômico e do emprego; (ii) o combate às desigualdades e a promoção da justiça social; (iii) inflação controlada e responsabilidade fiscal; (iv) a modernização produtiva, com a neoindustrialização e a transformação ecológica como eixos estruturantes; e (v) a reabertura do Brasil ao mundo, assegurando a soberania nacional.",custo_de_vida_inflacao_alimentos;soberania_nacional,,True,False,"Investimento em cidades sustentáveis, neoindustrialização, controle inflacionário e fortalecimento da soberania nacional.",True
lula,179,47,P R O G R A M A D E G O V E R N O,"A economia brasileira voltou a crescer com inclusão e estabilidade, promovendo também mudanças estruturais para um futuro mais próspero. Para consolidar",,,False,False,"Diagnóstico sobre o crescimento econômico, inclusão e estabilidade do país.",True
lula,180,48,P R O G R A M A D E G O V E R N O,"esse ciclo e dar um salto de desenvolvimento, é necessário continuar implementando uma política macroeconômica comprometida com o crescimento, a redução das desigualdades, a valorização do trabalho, a responsabilidade ambiental, a responsabilidade fiscal, a queda dos juros e a inflação controlada. Nosso desafio é sustentar taxas robustas de crescimento, ampliar os investimentos, elevar a produtividade e consolidar os avanços promovidos pela reforma tributária e pelas políticas de desenvolvimento produtivo.",emprego;custo_de_vida_inflacao_alimentos;impostos_isencao_ir,,False,False,"Diretrizes macroeconômicas para promover crescimento, controle da inflação e desenvolvimento produtivo.",True
lula,181,48,P R O G R A M A D E G O V E R N O,"O crescimento sustentado depende da nossa capacidade de continuar mobilizando as potencialidades da economia brasileira e suas principais frentes de expansão: os investimentos produtivos públicos e privados, puxados pela ampliação e qualificação das infraestruturas logísticas, urbanas e sociais; a transformação ecológica, utilizando de forma ambientalmente sustentável os recursos naturais estratégicos com inovações e adensamento das cadeias industriais e proteção dos bens de uso comum; a mobilização da capacidade produtiva para atender as prioridades sociais e a força do nosso mercado interno com potencial de produção e consumo em massa.",agronegocio_meio_ambiente,,False,False,"Análise sobre pilares para o crescimento econômico sustentado, infraestrutura e transformação ecológica.",True
lula,182,48,Crescimento com Inclusão e Estabilidade,"Vamos assegurar que a política econômica siga promovendo o crescimento e que ele continue se traduzindo em melhoria real das condições de vida da população. É preciso sustentar esse crescimento, ano após ano, década após década. Para isso, vamos elevar a taxa de investimento da economia. Ampliar os investimentos em infraestrutura logística, para dar mais competitividade à produção nacional, e em infraestrutura social, para aprimorar os serviços e os cuidados básicos prestados à população. Também continuaremos a incentivar os investimentos privados na indústria, com foco em inovação e em setores portadores de futuro, para que o Brasil avance posições na corrida tecnológica global.",,,True,False,"Promessa de elevar investimentos em infraestrutura logística, social e incentivos à indústria tecnológica.",True
lula,183,48,Crescimento com Inclusão e Estabilidade,"Ao investir em infraestrutura, indústria e crédito produtivo, o Estado induz o aumento da produtividade e o adensamento produtivo, contribuindo para o crescimento sustentável da economia, com postos de trabalho de qualidade.",emprego,,False,False,Investimento em infraestrutura e indústria para gerar crescimento econômico e empregos de qualidade.,True
lula,184,49,Crescimento com Inclusão e Estabilidade,"A taxa de juros é hoje o que a inflação foi no passado no Brasil: promove concentração de renda e desorganiza a nossa economia. Para impulsionar ainda mais os investimentos produtivos e o crescimento econômico de longo prazo, vamos criar as condições para uma redução sustentada das taxas de juros, com inflação controlada e assegurando uma política fiscal responsável. Para isso, manteremos o novo arcabouço fiscal, que controlou o crescimento das despesas sem prejudicar as políticas sociais e permitiu uma redução significativa do déficit primário.",custo_de_vida_inflacao_alimentos,,True,False,Promessa de reduzir taxas de juros com inflação controlada e responsabilidade fiscal.,True
lula,185,49,Crescimento com Inclusão e Estabilidade,"O resultado fiscal virá, como fizemos até aqui, da retomada do crescimento econômico, do controle do aumento do gasto primário, investindo na melhoria da eficiência e da qualidade do gasto público, da promoção de justiça tributária e do combate aos privilégios e às distorções.",impostos_isencao_ir,,False,False,"Diretrizes para alcançar resultado fiscal via crescimento, eficiência de gastos e justiça tributária.",True
lula,186,49,Crescimento com Inclusão e Estabilidade,"A inflação baixa e a estabilidade de preços são pressupostos fundamentais do nosso governo. Manteremos a inflação sob controle de forma duradoura e sustentável, garantindo que a renda real da população cresça acima do custo de vida.",custo_de_vida_inflacao_alimentos;renda_salario_minimo,,True,False,Promessa de manter a inflação controlada para garantir o crescimento da renda real.,True
lula,187,49,Crescimento com Inclusão e Estabilidade,"Vamos também garantir a estabilidade e a saúde do sistema financeiro nacional por meio do fortalecimento dos órgãos de regulação, fiscalização e controle. E vamos aprofundar o mercado de capitais doméstico – aprimorando o uso das debêntures de infraestrutura, dos fundos de investimento em participações e do mercado secundário de recebíveis – e ampliar a atuação de investidores institucionais como financiadores de longo prazo.",,,True,False,Fortalecer o sistema financeiro e aprofundar o mercado de capitais para infraestrutura.,True
lula,188,49,Crescimento com Inclusão e Estabilidade,"Além disso, seguiremos monitorando a evolução do endividamento das famílias e das empresas, assegurando a continuidade dos fundos garantidores, mantendo os mecanismos de controle de gastos excessivos em apostas on-line e aprimorando as regras de oferta e responsabilidade na concessão de crédito, conferindo maior proteção aos consumidores.",endividamento_apostas,,True,False,"Monitoramento do endividamento, controle de apostas on-line e aprimoramento da concessão de crédito.",True
lula,189,50,"Indústria ainda mais forte, inovadora e verde","A retomada do crescimento industrial nesse mandato é resultado do enfrentamento do processo de desindustrialização por meio dos investimentos coordenados por uma nova, legítima e indispensável política industrial, a Nova Indústria Brasil (NIB). Somente em financiamentos por meio do Plano Mais Produção (P+P), a NIB terá disponibilizado R$ 860 bilhões entre 2023 e 2026. No próximo ciclo governamental, nosso objetivo central será aprimorar e fortalecer a neoindustrialização, repensando o papel da indústria no Brasil a partir das prioridades da sociedade, de suas contribuições para a melhoria das condições de vida das pessoas, para a geração de empregos decentes e para a prosperidade econômica. O foco estratégico está na inovação, IA, minerais críticos e outros ativos capazes de colocar o Brasil de uma vez por todas como protagonista em áreas portadoras de futuro.",emprego,,True,True,"Fortalecer a neoindustrialização com foco em inovação, IA e minerais críticos.",True
lula,190,50,"Indústria ainda mais forte, inovadora e verde","Vamos continuar integrando as políticas industrial, científica, tecnológica, de inovação e de comércio exterior, combinando cinco objetivos centrais: elevar a produtividade, agregar valor às cadeias produtivas, fortalecer a soberania tecnológica, gerar empregos qualificados e descarbonizar a economia. Além disso, o aumento da capacidade inovativa e da produtividade industrial será fundamental para reduzir pressões inflacionárias e melhorar a inserção externa do Brasil por meio da diversificação de mercados.",emprego;custo_de_vida_inflacao_alimentos;soberania_nacional,,True,False,"Integração de políticas industriais e tecnológicas para produtividade, empregos e descarbonização da economia.",True
lula,191,50,"Indústria ainda mais forte, inovadora e verde","O governo seguirá fortalecendo e ampliando os investimentos em ciência, tecnologia e inovação, área fundamental para fomentar pesquisas que sustentam o desenvolvimento produtivo do país. Essa estratégia se apoia em uma rede articulada de instituições que financiam a inovação e a modernização produtiva; que sustentam o fomento direto à pesquisa e ao desenvolvimento tecnológico; que conectam a ciência ao agronegócio e à indústria, inovando a ampliando a produtividade; e que apoiam a capacitação e a competitividade de micro, pequenas e médias empresas; e que formam talentos e geram o conhecimento. É desse ecossistema que nascerão novas soluções, que permitirão ao Brasil competir em melhores condições.",agronegocio_meio_ambiente,,True,False,Fortalecimento de investimentos em ciência e tecnologia para modernizar a indústria e o agronegócio.,True
lula,192,51,"Indústria ainda mais forte, inovadora e verde","com o Programa Conhecimento Brasil. Já temos 599 pesquisadores aprovados de 2.500 que demonstraram interesse. Daremos sequência a esta ação, para que cientistas brasileiros possam permanecer ou retornar ao Brasil, contribuindo para o desenvolvimento tecnológico e inovação no País.",,,True,False,Continuidade do Programa Conhecimento Brasil para atrair e reter cientistas no país.,True
lula,193,51,"Indústria ainda mais forte, inovadora e verde","Seguiremos fortalecendo os instrumentos de apoio à indústria. Utilizaremos financiamento direcionado, com soluções inovadoras de parceria entre crédito público e privado, compras públicas, concessões, regulações e benefícios condicionados a conteúdo local, valor agregado nacional, margens de preferência com estímulos para empresas brasileiras. Asseguraremos ainda a continuidade do uso estratégico do FNDCT, que sustentou o maior ciclo de investimentos de sua história e deixou de ter seus recursos contingenciados.",,,True,False,"Fortalecimento da indústria via crédito, compras públicas, conteúdo local e investimentos no FNDCT.",True
lula,194,51,"Indústria ainda mais forte, inovadora e verde","A transformação ecológica continuará a ser parte estruturante do crescimento e do desenvolvimento produtivo, colocando a sustentabilidade no centro das políticas industriais, energéticas e de infraestrutura. A Taxonomia Sustentável Brasileira (TSB), criada neste governo, trouxe critérios transparentes e cientificamente fundamentados para sustentabilidade climática e ambiental, além de critérios mensuráveis para agenda social e redução de desigualdades. Através dela vamos instituir incentivos para mobilizar a alocação de capital e orientar práticas produtivas sustentáveis.",agronegocio_meio_ambiente,,True,False,Uso da Taxonomia Sustentável Brasileira para incentivar capital e práticas produtivas sustentáveis.,True
lula,195,51,"Indústria ainda mais forte, inovadora e verde","O Plano de Transformação Ecológica (PTE) estruturou um conjunto de iniciativas para ampliação das fontes públicas e privadas de financiamento para impulsionar a indústria, agricultura e finanças para um novo patamar de desenvolvimento sustentável e tecnológico. Fizemos as primeiras emissões na história do país de títulos públicos vinculados a projetos sustentáveis, com relevante aderência internacional, tendo captado R$ 27 bilhões. Lançamos o Eco Invest Brasil, instrumento inovador destinado à mobilização de investimentos privados para a transformação ecológica, com 4 leilões realizados e mais de R$ 141 bilhões mobilizados. Lançamos as Letras de Crédito de Desenvolvimento (LCD), as Debêntures incentivadas e de infraestrutura Vamos seguir mobilizando instrumentos financeiros, fiscais e regulatórios em torno desse objetivo. Avançaremos em uma regulamentação do Sistema Brasileiro de Comércio de Emissões (SBCE), aprovado neste mandato, articulada com objetivos da Nova Indústria Brasil.",,,True,True,Mobilização de recursos financeiros e regulamentação do mercado de emissões para transformação ecológica.,True
lula,196,52,P R O G R A M A D E G O V E R N O,"Nosso compromisso será ampliar a produção local em cadeias produtivas estratégicas e fortalecer a inserção do Brasil nas tecnologias da Indústria 4.0, internalizando tecnologias, verticalizando cadeias produtivas e promovendo um amplo processo de digitalização e renovação do maquinário industrial. Nesse esforço, priorizaremos o fortalecimento de setores de alta e média intensidade tecnológica.",,,True,False,"Ampliar a produção local, internalizar tecnologias da Indústria 4.0 e renovar o maquinário industrial.",True
lula,197,52,P R O G R A M A D E G O V E R N O,"Desenvolveremos uma política específica para minerais críticos e terras raras, capaz de organizar suas cadeias produtivas, diferenciar seus usos tecnológicos e evitar a simples exportação de matérias-primas estratégicas. promoveremos uma estratégia regional de mapeamento, beneficiamento e agregação de valor, para inserir o país de forma soberana nas cadeias globais de valor desses recursos. A política de comércio exterior deve continuar alinhada aos objetivos das políticas industrial, tecnológica e de inovação. Melhorar a inserção externa da economia brasileira será decisivo para garantir escala e competitividade global. Para isso, vamos estimular as exportações industriais, ampliar a presença em novos mercados e tornar a pauta exportadora mais concentrada em produtos com maior valor agregado, e aprimorando continuamente os instrumentos de defesa comercial.",soberania_nacional,,True,False,Política de minerais críticos para agregar valor industrial e reduzir exportação de matérias-primas.,True
lula,198,52,P R O G R A M A D E G O V E R N O,"Seguiremos transformando riquezas como a biodiversidade e a matriz energética limpa em vantagens competitivas duradouras, capazes de sustentar a reindustrialização, a inovação e a geração de empregos de qualidade. Continuaremos a transição justa para uma economia de baixo carbono com distribuição de renda e a justiça social, provando que desenvolvimento produtivo e responsabilidade ambiental caminham juntos.",emprego;agronegocio_meio_ambiente,,False,False,Transformar biodiversidade e energia limpa em vantagens competitivas para reindustrialização e economia sustentável.,True
lula,199,52,Investimentos em logística,"Fortalecer o planejamento das ações e dos investimentos em infraestrutura, com uma visão nacional e de longo prazo, proporcionará um desenvolvimento mais equilibrado e sustentável nas diferentes regiões do país. A expansão e o aperfeiçoamento do Novo PAC e a contínua revisão dos planos nacional e setoriais",,,True,False,Fortalecer planejamento de infraestrutura e expandir o Novo PAC para desenvolvimento regional.,True
lula,200,53,Investimentos em logística,"de longo prazo da logística e suas vertentes rodoviária, ferroviária, hidroviária, aérea e marítima serão importantes instrumentos para tornar a infraestrutura mais integrada, priorizando investimentos com maior potencial de redução das desigualdades e descarbonização.",transporte_mobilidade,,False,False,Investimentos em logística integrada com foco em redução de desigualdades e descarbonização.,True
lula,201,53,Investimentos em logística,"O Novo PAC alcançou o objetivo de retomar os investimentos públicos e privados em infraestrutura no País. No ano de 2025, alcançamos o recorde de investimento em infraestrutura, R$ 280 bilhões e devemos fechar 2026 com nova marca ainda maior, R$ 300 bilhões.",,,False,True,Relato sobre recordes de investimentos em infraestrutura via Novo PAC em 2025 e 2026.,True
lula,202,53,Investimentos em logística,"Ao organizar a carteira de investimentos estratégicos, o Novo PAC orientou as expectativas dos agentes públicos e privados e desencadeou um ciclo virtuoso de investimento. Os dados de execução apontam a realização de R$1,3 trilhão, com empreendimentos que chegaram a 99% dos municípios. Batemos o recorde de concessões, quadruplicando o número de leilões de rodovias em relação ao governo anterior e alcançando 46% de todas as concessões rodoviárias já realizadas no país.",transporte_mobilidade,,False,True,Balanço de investimentos em logística e recorde de concessões rodoviárias via Novo PAC.,True
lula,203,53,Investimentos em logística,"E tudo isso aconteceu articulando os objetivos de industrialização contidos na Nova Indústria Brasil (NIB), no Plano de Transição Ecológica (PTE) e no desenvolvimento regional. Dessa forma, o Novo PAC estimulou a geração de empregos de qualidade, como na indústria naval e na produção de trens, e em setores que colaboram com a sustentabilidade ambiental, como na geração de energia eólica e solar, na garantia de recursos hídricos no Nordeste brasileiro e nos investimentos em saneamento.",emprego;saneamento,,False,False,"Relato sobre como o Novo PAC estimulou empregos, indústria e sustentabilidade ambiental.",True
lula,204,53,Investimentos em logística,"A nova edição do Novo PAC manterá a articulação dos investimentos públicos e privados em infraestrutura logística, dando sequência a obras públicas e concessões. Manteremos o ritmo nas concessões rodoviárias e intensificaremos as de ferrovias em duas frentes: leilão de novos projetos e repactuação dos contratos existentes.",transporte_mobilidade,,True,False,"Continuidade de investimentos em infraestrutura logística, concessões rodoviárias e intensificação de ferrovias.",True
lula,205,53,Investimentos em logística,"Em relação aos aeroportos, tendo em vista que as principais infraestruturas já estão concedidas, daremos continuidade ao fortalecimento dos investimentos em aeroportos regionais e medidas de incentivo a novas rotas aéreas.",,,True,False,Investimento em aeroportos regionais e incentivo a novas rotas aéreas.,True
lula,206,54,P R O G R A M A D E G O V E R N O,"Além disso, daremos prosseguimento à política de novos arrendamentos nos portos organizados, bem como aos processos de concessão da manutenção dos canais de acesso e outros serviços portuários.",,,True,False,Continuidade de arrendamentos e concessões de serviços e manutenção em portos organizados.,True
lula,207,54,P R O G R A M A D E G O V E R N O,"Enfim, poucos países possuem tantas oportunidades econômicas com a consolidação de sua infraestrutura. O Brasil tem a possibilidade de cumprir essa missão articulando um plano de desenvolvimento com geração de empregos de qualidade, sustentabilidade ambiental e integração regional.",emprego;agronegocio_meio_ambiente,,False,False,"O Brasil pode crescer articulando infraestrutura, empregos de qualidade, sustentabilidade e integração regional.",True
lula,208,54,Economia digital,"Garantiremos a soberania digital para que o Brasil e os brasileiros tenham capacidade de desenvolver, operar, regular e governar tecnologias estratégicas e as infraestruturas críticas das quais dependem a economia, os serviços públicos, a ciência, a defesa e a democracia. Isso também significa assegurar que o ambiente digital esteja submetido às leis brasileiras, proteja os direitos fundamentais e sirva ao interesse público. É esse conjunto de capacidades que garantirá ao país liberdade de escolha e autodeterminação sobre seu futuro digital.",soberania_nacional;instituicoes_stf_reeleicao,,True,False,"Garantia de soberania digital, regulação de tecnologias estratégicas e submissão às leis brasileiras.",True
lula,209,54,Economia digital,"Para que o Brasil ocupe posição de liderança em áreas estratégicas como inteligência artificial, transformação digital, biotecnologia, fármacos avançados e transição energética, precisamos avançar nos elos da cadeia de valor da transformação digital. No próximo ciclo, vamos fomentar o desenvolvimento do ecossistema nacional de tecnologia digital, desde a cadeia de datacenters até os serviços de nuvem, com destaque para o fortalecimento da inteligência artificial desenvolvida por empresas brasileiras. Mobilizaremos investimentos, inovação, compras governamentais e sinergias entre empresas públicas e privadas, universidades e centros de pesquisa, fortalecendo a capacidade nacional nas cadeias digitais.",,,True,False,"Fomento ao ecossistema nacional de tecnologia digital, nuvem e inteligência artificial brasileira.",True
lula,210,54,Economia digital,"Vamos avançar numa infraestrutura computacional soberana, com supercomputadores desenvolvidos e operados por instituições nacionais. Vamos assegurar que a expansão de data centers e infraestruturas de inteligência artificial seja acompanhada de salvaguardas socioambientais obrigatórias,",soberania_nacional;agronegocio_meio_ambiente,,True,False,Desenvolvimento de infraestrutura computacional soberana com salvaguardas socioambientais para data centers e IA.,True
lula,211,55,Economia digital,"exigindo eficiência energética, utilização progressiva de fontes 100% renováveis e avaliação de impactos sobre o sistema elétrico, hídrico e populações locais. Além disso, a instalação dos datacenters em solo brasileiro deve prever contrapartidas de conteúdo local e capacidade computacional para o mercado interno. Vamos desenvolver e sustentar modelos de linguagem em português e outras línguas, voltados aos problemas do País, apoiados numa plataforma nacional de dados para treinamento e avaliação. Junto disso, estabeleceremos regras e infraestrutura para uma economia de dados.",,,True,True,Regulação de datacenters sustentáveis e desenvolvimento de modelos de linguagem e economia de dados.,True
lula,212,55,Economia digital,"Vamos acelerar a difusão da inteligência artificial no setor produtivo, com foco em agro, saúde e serviços financeiros. Vamos investir em instituições públicas de pesquisa e desenvolvimento que já desenvolvem IA e na indústria que produz tecnologia de hardware e software de alto desempenho no país. E vamos levar essa transformação digital à pequena empresa e à economia popular. Também formaremos talentos para consolidar um hub nacional de competências digitais, reforçando a articulação entre polos de inovação, universidades, centros de pesquisa e setor produtivo.",agronegocio_meio_ambiente,empreendedores,True,False,"Acelerar a difusão de IA no setor produtivo, investir em tecnologia e formar talentos.",True
lula,213,55,Economia digital,"Ao mesmo tempo, avançaremos ainda mais na oferta de conectividade significativa. Vamos reduzir o déficit de fibra óptica que ainda atinge 11% dos municípios e ampliar o 5G no campo, com prioridade para Norte, Nordeste e periferias. Manteremos o uso do FUST, que voltou a operar depois de mais de duas décadas, como instrumentos de apoio a investimentos em conectividade em todo o país.",periferias_favelas,rural_agricultores;periferia_urbana,True,True,Ampliação da conectividade via fibra óptica e 5G em regiões prioritárias e periferias.,True
lula,214,55,Economia digital,"Vamos consolidar a transparência algorítmica e a rastreabilidade de conteúdo sintético, ancoradas no Centro Nacional de Transparência Algorítmica – porque democracia não convive com decisão automatizada que ninguém pode examinar. Desenvolvimento Regional O desenvolvimento nacional não se realiza pela soma dos crescimentos regionais, mas pela capacidade do Estado de tratar o equilíbrio territorial como critério permanente de suas políticas. Por isso, continuaremos defendendo que a Política",instituicoes_stf_reeleicao,,True,False,Consolidação da transparência algorítmica e rastreabilidade de conteúdo sintético via Centro Nacional.,True
lula,215,56,P R O G R A M A D E G O V E R N O,"Nacional de Desenvolvimento e seus fundos constitucionais de financiamento (FNE, FNO e FCO) atuem como instrumento central da promoção do desenvolvimento regional, articulando financiamento produtivo, planejamento territorial e fortalecimento das capacidades econômicas locais.",,,True,False,Uso de fundos constitucionais para promover desenvolvimento regional e financiamento produtivo local.,True
lula,216,56,P R O G R A M A D E G O V E R N O,"No âmbito da reforma tributária foi criado o Fundo Nacional de Desenvolvimento Regional que será regulamentado no próximo período. Seus recursos permitirão apoiar investimentos e políticas redutoras das desigualdades sociais e regionais, em substituição da predatória guerra tributária do ICMS.",impostos_isencao_ir,,True,False,Regulamentação do Fundo Nacional de Desenvolvimento Regional para reduzir desigualdades regionais e sociais.,True
lula,217,56,P R O G R A M A D E G O V E R N O,"Continuaremos garantindo que o fomento à inovação, às compras públicas e aos programas de infraestrutura, operem sob o critério de equilíbrio territorial, revertendo a concentração de investimentos em poucos polos do país. Nosso objetivo é que os territórios onde a riqueza é produzida deixem de apenas fornecer insumos a outras regiões e passem a reter o valor gerado por essa produção, por meio da indústria, do emprego qualificado e da inovação local. É preciso compreender a Amazônia não como periferia extrativa ou como reserva passiva de recursos naturais, mas como eixo estratégico do desenvolvimento nacional. Por isso, defendemos seguir expandindo políticas públicas para estimular as atividades industriais, farmacêuticas, alimentares, da construção civil e da cosmética derivadas da biodiversidade e reforçar a política de regularização fundiária. O Fundo Amazônia seguirá garantindo recursos para projetos de desenvolvimento sustentável.",emprego;agronegocio_meio_ambiente,,True,False,"Fomento à inovação e industrialização regional sustentável, com foco estratégico na Amazônia.",True
lula,218,56,P R O G R A M A D E G O V E R N O,"Assim como o Nordeste, que apresenta novas perspectivas de desenvolvimento por concentrar hoje cerca de 70% da geração eólica e solar do país. Vamos transformar a região em um polo de atração de plantas industriais eletrointensivas que buscam energia renovável e previsível para produzir com baixa emissão — siderurgia verde, fertilizantes, química, cimento, alumínio, processamento de minerais críticos, hidrogênio de baixo carbono e seus derivados.",,,True,True,Transformar o Nordeste em polo industrial de energias renováveis e baixa emissão.,True
lula,219,56,P R O G R A M A D E G O V E R N O,"No atual mandato, o turismo doméstico e internacional se consolidou como um pilar da economia e do desenvolvimento regional. Os brasileiros voltaram a viajar. Batemos recorde de turistas estrangeiros, e o gasto desses turistas chegou a U$",,,False,False,Balanço sobre a consolidação e recordes do turismo doméstico e internacional.,True
lula,220,57,P R O G R A M A D E G O V E R N O,"10,4 bilhões, maior patamar da história. A Organização Mundial do Turismo abriu um escritório regional no Rio de Janeiro, com foco nas Américas e no Caribe. O Fungetur apoiou mais de 6 mil operações, mobilizando R$ 2,8 bilhões. Vamos continuar apoiando o segmento para que o turismo, em seus múltiplos destinos regionais, contribua cada vez mais com o PIB. Atuaremos para desenvolver destinos turísticos assentados na riqueza natural e diversidade cultural. Vamos continuar estimulando a colaboração entre setores criativos (artes, música, gastronomia) e o turismo, criando experiências diferenciadas e atraentes. Buscaremos criar e promover novos roteiros turísticos baseados em temas como gastronomia, arte, cultura e ecoturismo, que atraem nichos de mercado específicos. Avançaremos na promoção internacional do Brasil no exterior.",,,True,True,"Promoção do turismo sustentável, cultural e gastronômico para impulsionar o PIB e imagem internacional.",True
lula,221,57,"Micro, pequenas e médias empresas","O Brasil é um país de pequenos negócios. Dada a relevância deste segmento para o desenvolvimento de nosso país, é preciso aprofundar o seu fortalecimento nas políticas e planejamento governamental. Vamos transformar as micro e pequenas empresas em protagonistas da inovação, das exportações e da transição verde, fortalecendo o empreendedorismo feminino.",,empreendedores;mulheres,True,False,"Fortalecimento de micro e pequenas empresas com foco em inovação, exportações e transição verde.",True
lula,222,57,"Micro, pequenas e médias empresas","Durante esse mandato, os programas como o Acredita, o Procred 360, o Desenrola Pequenos Negócios e os mecanismos de garantia, como o FGI PEAC e o FGO, ampliaram as possibilidades de financiamento para esse segmento. O Pronampe já atingiu 1,6 milhão de operações e o Procred 360 outras 211 mil, mobilizando um montante de R$ 130 bilhões. Criamos a plataforma MEI Conta Com a Gente, que permite o acesso a uma equipe de contadores para orientação inicial gratuita. O Novo Desenrola já contratou 219 mil operações, permitindo renegociação de dívida, reduzindo o montante e os juros e alongando o prazo de pagamento. No próximo período, vamos simplificar ainda mais o ambiente de negócios, ampliar o acesso das pequenas empresas às compras governamentais, assegurar tratamento tributário justo na implementação da reforma tributária e estimular uma cultura de inovação tecnológica e inserção exportadora.",impostos_isencao_ir,empreendedores,True,True,"Ampliação de crédito, renegociação de dívidas e simplificação tributária para micro e pequenas empresas.",True
lula,223,58,P R O G R A M A D E G O V E R N O,"Seguiremos potencializando o acesso a crédito para MPMEs por meio dos fundos garantidores. Também ampliaremos investimentos para apoiar o crescimento de pequenas e médias empresas em setores dinâmicos e portadores de futuro, por meio de fundos de participação estruturados pelos bancos públicos, em parceria com gestores privados e em conformidade com as diretrizes da política industrial. O Brasil Mais Produtivo (B+P) será ampliado para alcançar mais micro, pequenas e médias empresas e fortalecer o empreendedorismo, especialmente por meio de linhas de crédito voltadas à digitalização e ao aumento da produtividade dessas empresas.",,empreendedores,True,False,"Ampliação de crédito, investimentos e produtividade para micro, pequenas e médias empresas.",True
lula,224,58,9. Segurança alimentar e produção agrícola,"O Brasil saiu do Mapa da Fome – cumprimos um dos mais importantes compromissos políticos assumidos na eleição de 2022. Temos, hoje, o menor percentual de pessoas em insegurança alimentar severa da história. Estas conquistas devem-se às políticas de garantia de renda e elevação do poder de compra das famílias, como o Bolsa Família e a política de valorização do salário- mínimo; às medidas para ampliar o acesso à alimentação, como a recuperação do valor do repasse para a alimentação escolar e a retomada do PAA-Programa de Aquisição de Alimentos da agricultura familiar; ao fomento à produção de alimentos e a retomada dos estoques reguladores, fundamentais para reduzir a inflação de alimentos. E foram obtidas com a participação da sociedade civil e dos movimentos sociais, uma vez que restauramos a governança e as instâncias de participação que haviam sido abolidas ou fragilizadas no mandato anterior. Para o próximo mandato, vamos continuar fortalecendo as instâncias de participação e governança na área da segurança alimentar e da produção de alimentos.",renda_salario_minimo;custo_de_vida_inflacao_alimentos;programas_sociais,baixa_renda;rural_agricultores;criancas_familias,True,False,"Continuidade de políticas de segurança alimentar, renda e fortalecimento da governança participativa.",True
lula,225,58,9. Segurança alimentar e produção agrícola,"Estes resultados habilitaram o Brasil a retomar seu papel de liderança internacional no tema do enfrentamento à fome. Propusemos e estamos à frente da Aliança Global contra a Fome e a Pobreza. Voltamos a atuar na cooperação técnica Sul- Sul para fortalecer os sistemas de segurança alimentar na África e na América Latina. Daremos seguimento a estas iniciativas no âmbito internacional e, internamente, vamos avançar ainda mais na garantia de alimentação saudável",,,True,False,Continuidade da Aliança Global contra a Fome e ampliação da garantia de alimentação saudável.,True
lula,226,59,9. Segurança alimentar e produção agrícola,"para nossa população. Já ampliamos para 45% o percentual da alimentação escolar a ser comprada da agricultura familiar. E elevamos para 80% a parcela da alimentação escolar composta por alimentos in natura ou minimamente processados. No próximo mandato, continuaremos apoiando estados e municípios para cumprirem estes percentuais, inclusive por meio de soluções tecnológicas, como a plataforma Contrata+Brasil. Vamos também manter regras de publicidade que evitem a indução do consumo de produtos nocivos à saúde. Ao regulamentar a reforma tributária, vamos, por meio do Imposto Seletivo, desestimular produtos nocivos à saúde.",agricultura_familiar;impostos_isencao_ir;saude_sus,rural_agricultores;estudantes,True,True,Apoio à agricultura familiar na alimentação escolar e tributação de produtos nocivos.,True
lula,227,59,9. Segurança alimentar e produção agrícola,"A agricultura familiar contou, ao longo do atual mandato do Presidente Lula, com políticas consistentes com sua importância para o Brasil. O crédito disponibilizado por meio do Pronaf foi, ano após ano, recorde, e buscou atender às diferentes necessidades da agricultura familiar. No próximo mandato, vamos assegurar que quem alimenta o Brasil continue a ter condições adequadas para produzir e prosperar.",agricultura_familiar,rural_agricultores,True,False,Garantia de condições adequadas de produção e prosperidade para a agricultura familiar.,True
lula,228,59,9. Segurança alimentar e produção agrícola,"Queremos um país que garanta segurança alimentar, fortaleça sua produção agropecuária e agroindustrial, promova a inclusão produtiva no meio rural, fortaleça a agricultura familiar, agregue valor às exportações, preserve o meio ambiente e assegure alimentos de qualidade a preços acessíveis. Um Brasil competitivo, inovador e sustentável, capaz de produzir riqueza, combater a fome e ampliar sua presença nos mercados internacionais.",agronegocio_meio_ambiente;custo_de_vida_inflacao_alimentos;agricultura_familiar,rural_agricultores,False,False,"Busca conciliar produção agroindustrial, agricultura familiar, sustentabilidade ambiental e combate à fome.",True
lula,229,59,9. Segurança alimentar e produção agrícola,"Vamos continuar expandindo o Plano Safra da Agricultura Familiar, com juros compatíveis com o perfil do agricultor e tipo de produto, com prioridade para produção de alimentos da cesta básica. Reforçaremos ainda mais as linhas de crédito específicas para agroecologia, produção orgânica e sociobiodiversidade, a inovação e a introdução de tecnologias e máquinas adaptadas. Manteremos linhas de crédito diferenciadas para jovens agricultores, promovendo a sucessão familiar e reduzindo o êxodo rural; para mulheres agricultoras, e para cooperativas e associações. Simplificaremos o acesso ao crédito, escalando soluções digitais, como o aplicativo Meu Imóvel Rural, e tornando processos menos burocráticos. A ampliação do PAA será mantida, priorizando a compra de alimentos frescos e",agricultura_familiar;agronegocio_meio_ambiente;custo_de_vida_inflacao_alimentos,rural_agricultores;jovens;mulheres,True,False,"Expansão do crédito para agricultura familiar, agroecologia, sucessão rural e ampliação do PAA.",True
lula,230,60,P R O G R A M A D E G O V E R N O,"diversificados da agricultura familiar e da sociobiodiversidade para equipamentos públicos e famílias vulneráveis. Continuaremos ampliando a oferta de Assistência Técnica e Extensão Rural (ATER). Avançaremos no aperfeiçoamento da segurança agropecuária para agroindústrias familiares, facilitando a comercialização interestadual.",agricultura_familiar;agronegocio_meio_ambiente,rural_agricultores;baixa_renda,True,False,Ampliação da ATER e melhoria da comercialização e segurança para agroindústrias familiares.,True
lula,231,60,P R O G R A M A D E G O V E R N O,"Retomamos o programa Mais Alimentos e o acesso da agricultura familiar à mecanização adaptada às pequenas propriedades voltou a receber apoio, estratégia fundamental para elevação da produtividade, que será fortalecida. Frente à maior frequência da ocorrência de eventos climáticos extremos, daremos especial atenção ao fortalecimento do Programa Garantia-Safra e à ampliação do acesso ao seguro rural da agricultura familiar.",agricultura_familiar;agronegocio_meio_ambiente,rural_agricultores,True,False,"Fortalecimento da mecanização, do Garantia-Safra e do seguro rural para agricultura familiar.",True
lula,232,60,P R O G R A M A D E G O V E R N O,"A produção sustentável da agricultura familiar será priorizada. O Plano Nacional de Agroecologia e Produção Orgânica (PLANAPO) vai avançar ainda mais. Vamos ampliar o Programa Nacional de Florestas Produtivas e os sistemas agroflorestais. Vamos ampliar o fomento à produção nacional de bioinsumos para reduzir a dependência de fertilizantes químicos importados. Haverá incentivos para os agricultores familiares recuperarem áreas degradadas e conservar nascentes. O acesso à terra é um tema central para o desenvolvimento rural e para a promoção da paz no campo. Continuaremos a avançar na política de reforma agrária, assentando as famílias acampadas, estruturando os assentamentos e ampliando o acesso ao crédito fundiário. A regularização fundiária, especialmente na região Norte, também é essencial para a segurança jurídica dos produtores rurais e incentivo aos investimentos. Ao mesmo tempo, é crítico acelerar a titulação dos territórios quilombola e a regularização fundiária dos povos e comunidades tradicionais, promovendo a reparação histórica.",agricultura_familiar;agronegocio_meio_ambiente,rural_agricultores;populacao_negra,True,False,"Fomento à agroecologia, reforma agrária, regularização fundiária e apoio à agricultura familiar sustentável.",True
lula,233,60,P R O G R A M A D E G O V E R N O,"Ampliaremos o Programa Nacional de Educação na Reforma Agrária (PRONERA), garantindo acesso ao ensino técnico e superior às populações do campo. Ampliar a busca pela universalização do acesso à água potável e ampliar os investimentos em saneamento rural ecológico. Ampliaremos o Programa Cisternas em regiões com estresse hídrico, garantindo água para consumo e produção. Será buscada a universalização do acesso à energia elétrica no campo, priorizando fontes",educacao;saneamento,rural_agricultores,True,False,"Ampliação da educação, saneamento, acesso à água e energia elétrica no campo.",True
lula,234,61,P R O G R A M A D E G O V E R N O,"renováveis, como solar e eólica. Fortaleceremos políticas de prevenção e combate à violência no campo, assegurando a proteção de quem vive no campo e dos defensores dos direitos humanos e ambientais.",agronegocio_meio_ambiente;seguranca_publica,rural_agricultores,True,False,Fortalecimento de energias renováveis e combate à violência contra defensores ambientais e rurais.,True
lula,235,61,P R O G R A M A D E G O V E R N O,"No novo mandato, manteremos nosso compromisso com o fomento à pesca artesanal e à aquicultura familiar, com a implementação das diretrizes e prioridades estabelecidas no Plano Nacional da Pesca Artesanal (PNPA). Fortaleceremos a promoção da proteção dos territórios pesqueiros, da sociobiodiversidade e dos modos de vida das comunidades das águas como dimensão estratégica do desenvolvimento nacional.",,,True,False,"Fomento à pesca artesanal, aquicultura familiar e proteção de territórios pesqueiros e sociobiodiversidade.",True
lula,236,61,P R O G R A M A D E G O V E R N O,"O agronegócio é fundamental para o desempenho de nossa balança comercial e para a evolução do PIB nacional. Para seu desenvolvimento é necessário políticas que integrem a eficiência produtiva à sustentabilidade ambiental e à inovação tecnológica. Adicionar valor à pauta exportadora é um desafio que precisamos avançar ainda mais, diminuindo de forma relativa a primarização das relações comerciais brasileiras.",agronegocio_meio_ambiente,,False,False,"Análise sobre a importância do agronegócio, sustentabilidade e a necessidade de agregar valor.",True
lula,237,61,P R O G R A M A D E G O V E R N O,"No atual mandato, foram batidos recordes de produção de grãos, graças a uma oferta crescente de crédito rural, em condições adequadas à produção agrícola. Continuaremos fortalecendo o crédito rural, ampliando os recursos do Plano Safra e assegurando juros compatíveis com a rentabilidade da atividade agropecuária. Queremos consolidar o crédito como instrumento de modernização, priorizando o financiamento de máquinas, equipamentos, sistemas de irrigação e tecnologias para o aumento da produtividade. Buscaremos também continuar diversificando as fontes de financiamento, estimulando o mercado de capitais e títulos do agronegócio. Haverá medidas para simplificar ainda mais o acesso ao crédito, com processos menos burocráticos e critérios claros.",agronegocio_meio_ambiente,rural_agricultores,True,False,"Fortalecimento do crédito rural, ampliação do Plano Safra e modernização da produção agropecuária.",True
lula,238,61,P R O G R A M A D E G O V E R N O,"Frente ao crescente risco associado às mudanças climáticas, buscaremos implementar um programa nacional de resiliência climática no campo, ampliando as áreas irrigadas, promovendo a conservação dos solos, incentivando a agricultura de precisão e o plantio direto, além de modernizar ainda mais o monitoramento meteorológico e os sistemas de alerta precoce para os produtores. Aprimoraremos os instrumentos de fomento a sistemas produtivos integrados,",agronegocio_meio_ambiente,rural_agricultores,True,False,Implementação de programa de resiliência climática no campo e modernização do monitoramento meteorológico.,True
lula,239,62,P R O G R A M A D E G O V E R N O,"como a Integração Lavoura-Pecuária-Floresta (ILPF), para aumentar a retenção de água no solo, reduzir o estresse térmico das culturas e do rebanho e fortalecer a gestão do risco climático como fator de competitividade e continuidade da produção.",agronegocio_meio_ambiente,,False,False,Fomento à Integração Lavoura-Pecuária-Floresta para sustentabilidade e competitividade da produção rural.,True
lula,240,62,P R O G R A M A D E G O V E R N O,"Daremos especial atenção ao fortalecimento da política de seguro rural. Estabeleceremos diálogo com o setor produtivo para viabilizar um instrumento de mitigação dos efeitos das catástrofes para cobrir perdas sistêmicas decorrentes de quebras severas de safra e para promover a educação em gestão de riscos, integrando o seguro rural a instrumentos de comercialização e proteção financeira.",agronegocio_meio_ambiente,rural_agricultores,True,False,Fortalecimento do seguro rural e mitigação de perdas por quebras de safra.,True
lula,241,62,P R O G R A M A D E G O V E R N O,"No atual mandato, foram abertos 656 novos mercados para a produção agrícola e pecuária brasileira, permitindo diversificar destinos para nossos produtos e proteger nosso país e produtores das incertezas geopolíticas. Vamos continuar neste caminho, fortalecendo a diplomacia comercial, promovendo a imagem do agronegócio e reforçando a atuação dos adidos agrícolas em mercados estratégicos, além de ampliar as missões comerciais.",agronegocio_meio_ambiente,rural_agricultores,True,True,Fortalecer a diplomacia comercial e ampliar mercados para a produção agrícola e pecuária.,True
lula,242,62,P R O G R A M A D E G O V E R N O,"Reafirmamos nosso compromisso em fortalecer a pecuária sustentável. Vamos dar sequência ao ousado programa de recuperação de pastagens degradadas, ampliando a eficiência produtiva e a sustentabilidade da pecuária. Continuaremos apoiando o melhoramento genético do rebanho e a nutrição animal de precisão para reduzir o ciclo de abate e as emissões de gases de efeito estufa por quilo de carne produzida. Os produtores serão apoiados na implementação de sistemas de rastreabilidade individual do rebanho, do nascimento ao abate, para atender às exigências dos mercados internacionais.",,rural_agricultores,True,False,"Fortalecimento da pecuária sustentável via recuperação de pastagens, melhoramento genético e rastreabilidade.",True
lula,243,62,P R O G R A M A D E G O V E R N O,"Devemos acelerar a modernização da agricultura e da pecuária sustentáveis. A Embrapa será fortalecida para consolidar a liderança do Brasil em tecnologia agropecuária tropical, com investimentos em biotecnologia, edição genômica e cultivares mais resistentes a pragas e secas. Fomentaremos a expansão da conectividade no mundo rural, para elevar a produtividade e facilitar a gestão das propriedades.",agronegocio_meio_ambiente,rural_agricultores,True,False,Modernização da agropecuária sustentável via fortalecimento da Embrapa e expansão da conectividade rural.,True
lula,244,63,P R O G R A M A D E G O V E R N O,"Continuaremos ampliando e fortalecendo a produção de biocombustíveis, como etanol de milho e cana, biodiesel e combustível sustentável de aviação (SAF). Fomentaremos o aproveitamento de subprodutos da agroindústria para a geração de bioenergia e biogás, fortalecendo a bioeconomia e a integração sustentável entre a produção de alimentos, fibras e energia.",agronegocio_meio_ambiente,,True,False,Ampliação da produção de biocombustíveis e fomento à bioenergia e biogás na agroindústria.,True
lula,245,63,P R O G R A M A D E G O V E R N O,"Os conflitos internacionais evidenciaram a importância da autossuficiência em fertilizantes. Por isso a Petrobras retomou a produção com 3 unidades em Sergipe, Bahia, Paraná e as obras da unidade do Mato Grosso do Sul foram reiniciadas. No próximo governo, seguiremos acelerando a produção nacional de fertilizantes.",soberania_nacional,,True,False,Aceleração da produção nacional de fertilizantes para garantir autossuficiência e soberania.,True
lula,246,63,P R O G R A M A D E G O V E R N O,"Queremos um país que garanta segurança alimentar, fortaleça sua produção agropecuária e agroindustrial, agregue valor às exportações, preserve o meio ambiente e assegure alimentos de qualidade a preços acessíveis. Um Brasil competitivo, inovador e sustentável, capaz de produzir riqueza, combater a fome e ampliar sua presença nos mercados internacionais.",agronegocio_meio_ambiente;custo_de_vida_inflacao_alimentos,,False,False,"Busca equilibrar produção agroindustrial, sustentabilidade ambiental, combate à fome e competitividade internacional.",True
lula,247,63,P R O G R A M A D E G O V E R N O,"10. Ampliar a Segurança Energética e liderar a transição para uma economia de baixo carbono Neste governo, fortalecemos a governança integrada do setor energético, ampliando a coordenação das políticas de energia elétrica, petróleo, gás, biocombustíveis e hidrogênio verde em torno de uma estratégia nacional coerente de longo prazo em direção à transição energética justa.",,,True,False,Ampliar a segurança energética e liderar a transição para economia de baixo carbono.,True
lula,248,63,P R O G R A M A D E G O V E R N O,"Criamos a Política Nacional de Transição Energética (PNTE) para orientar a transformação da matriz energética rumo a uma estrutura que combine oferta estável, redução de emissões e desenvolvimento econômico e socioambiental. O governo avançou na modernização do setor elétrico, conciliando expansão da infraestrutura, segurança energética, competitividade e modicidade tarifária. Houve forte expansão das fontes solar e eólica na geração elétrica. Retomou os investimentos em petróleo e gás. Fortaleceu o papel do gás natural e do biometano e estimulou fortemente a produção e o desenvolvimento de biocombustíveis rumo à necessária transição energética justa.",agronegocio_meio_ambiente;soberania_nacional,,False,False,Relato sobre a implementação da Política Nacional de Transição Energética e modernização do setor.,True
lula,249,64,P R O G R A M A D E G O V E R N O,"A carteira do Novo PAC reúne R$ 595 bilhões em investimentos em geração e transmissão de energia elétrica petróleo, gás, fertilizantes, indústria naval e refino. Esses investimentos contribuem para segurança energética, para reduzir a dependência externa de combustíveis e fertilizantes e para acelerar o crescimento econômico, reduzir pressões inflacionárias num cenário geopolítico conturbado e gerar empregos qualificados.",emprego;custo_de_vida_inflacao_alimentos,,True,True,"Investimentos de R$ 595 bilhões no Novo PAC para energia, indústria e empregos.",True
lula,250,64,P R O G R A M A D E G O V E R N O,"No próximo mandato, continuaremos atuando para, em simultâneo, assegurar segurança energética, avançar na transição energética justa e combater a pobreza energética. Com planejamento e coordenação estratégica, o Brasil garantirá a energia necessária a seu desenvolvimento.",custo_de_vida_inflacao_alimentos,,True,False,"Garantir segurança, transição justa e combate à pobreza energética para o desenvolvimento nacional.",True
lula,251,64,P R O G R A M A D E G O V E R N O,"Daremos sequência à estratégia de incrementar a participação de fontes renováveis, ampliar os investimentos em armazenamento e flexibilidade do sistema elétrico, e acelerar a substituição progressiva de combustíveis fósseis por biocombustíveis e combustíveis de baixa intensidade de carbono, incluindo derivados de hidrogênio.",,,True,False,"Ampliação de energias renováveis, biocombustíveis e redução de combustíveis fósseis.",True
lula,252,64,P R O G R A M A D E G O V E R N O,"A transição energética permitirá avançar no programa de neoindustrialização do País, agregando valor às cadeias de baterias e armazenamento, hidrogênio de baixa emissão, petroquímica verde, bioprodutos, fertilizantes e reatores nucleares modulares. Assim como, continuaremos fomentando a descarbonização do transporte público coletivo com eletrificação de frotas de ônibus e a expansão de trens e metrô.",transporte_mobilidade,,True,False,Fomento à neoindustrialização sustentável e descarbonização do transporte público coletivo.,True
lula,253,64,P R O G R A M A D E G O V E R N O,"No segmento de geração de energia elétrica, o Novo PAC impulsionou uma expansão sem precedentes da capacidade instalada do país, com a incorporação de 31.289 MW ao sistema elétrico nacional, volume equivalente a aproximadamente duas usinas de Itaipu. Na transmissão de energia estamos promovendo a maior expansão da rede elétrica brasileira das últimas décadas, mais do que o dobro verificado entre 2019 e 2022 O avanço foi liderado pelas fontes renováveis, que responderam por 80% da nova capacidade instalada, consolidando a posição do Brasil como uma das economias mais limpas do mundo, com 89% de participação de fontes renováveis na matriz elétrica, frente a 31% na OCDE.",custo_de_vida_inflacao_alimentos,,False,True,Balanço sobre a expansão da capacidade instalada e a matriz elétrica renovável brasileira.,True
lula,254,65,P R O G R A M A D E G O V E R N O,"Os projetos de transmissão já contratados somam 21.847 quilômetros, o que ampliará em 18% a malha nacional, reforçando a segurança energética e a integração do território brasileiro. Entre as obras mais emblemáticas destaca-se a Linha de Transmissão Graça Aranha (MA) – Silvânia (GO), um dos maiores projetos de transmissão em execução no mundo. Também merece destaque a conclusão da Linha de Transmissão Manaus–Boa Vista, que integrou Roraima ao Sistema Interligado Nacional, eliminando uma vulnerabilidade histórica do abastecimento elétrico da região.",transporte_mobilidade,,False,True,Relato sobre a expansão da malha de transmissão elétrica e integração energética nacional.,True
lula,255,65,P R O G R A M A D E G O V E R N O,"O combate à pobreza energética se deu por meio do Luz do Povo, que reviu a política de Tarifa Social de energia, e ampliou a gratuidade da conta de luz para famílias do Cadastro Único com consumo até 80 kWh/mês, com alcance de mais de 60 milhões de pessoas.",custo_de_vida_inflacao_alimentos;programas_sociais,baixa_renda;criancas_familias,False,True,Relato sobre a ampliação da gratuidade de energia para famílias de baixa renda.,True
lula,256,65,P R O G R A M A D E G O V E R N O,"O Luz para Todos foi recolocado como política de combate à pobreza energética, com foco em áreas rurais e Amazônia Legal, usando fontes limpas e renováveis. A promoção da resiliência do sistema energético frente às mudanças climáticas constitui prioridade estratégica, exigindo a incorporação de riscos climáticos como variável obrigatória no planejamento. Será fundamental expandir de forma coordenada e integrada a transmissão, a geração e o desenvolvimento regional, incentivando o aumento da demanda industrial em outras regiões de modo a reduzir restrições operativas e aumentar o aproveitamento dos recursos renováveis.",agronegocio_meio_ambiente,baixa_renda,True,False,Expansão do Luz para Todos com energias renováveis e planejamento contra riscos climáticos.,True
lula,257,65,P R O G R A M A D E G O V E R N O,"Vamos seguir expandindo a geração hidrelétrica por critérios socioambientais, de segurança energética e flexibilidade do sistema à integração das renováveis e acelerar a redução da produção de carvão. No caso das hidrelétricas, seguiremos buscando soluções para a repotenciação do parque existente.",agronegocio_meio_ambiente,,True,False,"Expansão de hidrelétricas sustentáveis, integração de renováveis e redução da produção de carvão.",True
lula,258,65,P R O G R A M A D E G O V E R N O,Daremos continuidade aos leilões de transmissão e vamos abrir uma nova fronteira de investimentos em baterias para melhorar a oferta de energia e a robustez do sistema.,custo_de_vida_inflacao_alimentos,,True,False,Continuidade de leilões de transmissão e investimentos em baterias para o sistema energético.,True
lula,259,65,P R O G R A M A D E G O V E R N O,Um debate importante a ser promovido no próximo período refere-se ao barateamento da energia elétrica para os consumidores residenciais e as,custo_de_vida_inflacao_alimentos,,False,False,Proposta de promover debate sobre a redução do custo da energia elétrica residencial.,True
lula,260,66,P R O G R A M A D E G O V E R N O,"O governo Lula III retomou os investimentos em petróleo e gás. A Petrobras tem batido sucessivos recordes de produção de petróleo e voltou a investir em refino e derivados, em gás e fertilizantes, ampliando suas encomendas às indústrias naval e petroquímica.",soberania_nacional,,False,False,"Relato sobre a retomada de investimentos da Petrobras em petróleo, gás e refino.",True
lula,261,66,P R O G R A M A D E G O V E R N O,No final de 2025 o país alcançou o recorde de 4.897 milhões de barris de óleo equivalente por dia e os investimentos da Petrobras cresceram 79% no triênio 2023–2025 em relação a 2019–2021.,soberania_nacional,,False,True,Apresenta dados sobre a produção de petróleo e investimentos da Petrobras até 2025.,True
lula,262,66,P R O G R A M A D E G O V E R N O,"A retomada também alcançou a indústria naval, com encomenda de 96 embarcações somente pela Petrobras, 71 delas a serem construídas no Brasil. A indústria naval registrou 70.725 empregos em 2026, o que significa criação de mais de 47 mil empregos desde o final 2022, retornando ao pico atingido pelo setor em 2013.",emprego;soberania_nacional,,False,True,Relato sobre a retomada da indústria naval e a criação de empregos no setor.,True
lula,263,66,P R O G R A M A D E G O V E R N O,"Com o Gás do Povo, o governo substituiu e ampliou o antigo Auxílio Gás, oferecendo recarga gratuita do botijão de GLP de 13 kg para famílias de baixa renda. O programa atende mais de 15 milhões de famílias, cerca de 50 milhões de pessoas.",,baixa_renda;criancas_familias,True,True,Substituição e ampliação do Auxílio Gás com recargas gratuitas para famílias de baixa renda.,True
lula,264,66,P R O G R A M A D E G O V E R N O,"A nova política de preços da Petrobras, combinada com a ação de subvenções governamentais, diminuiu a volatilidade dos preços do diesel, da gasolina e do GLP e teve um papel importante para não repassar os preços internacionais para o mercado doméstico, especialmente no período da Guerra do Estreito de Ormuz. Continuaremos a atuar para mitigar a volatilidade dos preços internacionais, garantindo que os brasileiros não fiquem expostos a choques externos. O papel do gás natural e do biometano, como fontes complementares às energias renováveis, continuará sendo estimulado, ampliando a segurança energética, a flexibilidade do sistema elétrico e a competitividade da economia brasileira. A infraestrutura de gás natural continuará sendo expandida e integrada para",custo_de_vida_inflacao_alimentos;soberania_nacional,,True,False,Manutenção da política de preços da Petrobras e expansão da infraestrutura de gás natural.,True
lula,265,67,P R O G R A M A D E G O V E R N O,"Entendemos que a Petrobras continuará ampliando investimentos em exploração onshore e offshore, para recuperar participação no controle de reservas nacionais, e deverá expandir investimentos em revitalização de campos maduros. As novas reservas serão exploradas com cuidados socioambientais ainda maiores e visão estratégica. A Petrobras deverá retornar ao segmento de distribuição de combustíveis, expandindo sua capacidade de refino e ampliando a atuação da Transpetro para logística de GNL.",soberania_nacional;agronegocio_meio_ambiente,,True,False,"Ampliação de investimentos da Petrobras em exploração, refino, distribuição de combustíveis e logística.",True
lula,266,67,P R O G R A M A D E G O V E R N O,"Defendemos ainda que a Petrobras continue também a orientar para a transição energética, alinhados ao Acordo de Paris e NDC brasileira, com investimentos em fontes de baixo carbono e redução efetiva de emissões operacionais. Vamos readequar o marco legal do REPETRO às necessidades de descarbonização. Asseguraremos que os investimentos da Petrobras continuem estimulando a indústria naval, com reafirmação de regras de conteúdo local.",soberania_nacional,,True,False,"Investimentos da Petrobras em transição energética, descarbonização e estímulo à indústria naval.",True
lula,267,67,P R O G R A M A D E G O V E R N O,"O setor de biocombustíveis avançou para uma nova fase no Brasil, com financiamento de mais de R$ 13 bilhões entre 2023 e 2025, o que representa mais de 200% comparado ao governo anterior. O fato de o Brasil ter cada vez mais biocombustível sendo produzido de forma sustentável tem tornado o país o grande hub de desenvolvimento de motores flex, híbrido flex do setor automotivo no mundo. Várias empresas têm transferido seus centros de pesquisa e desenvolvimento para o Brasil.",,,False,True,Relato sobre investimentos em biocombustíveis e a posição do Brasil como hub automotivo.,True
lula,268,67,P R O G R A M A D E G O V E R N O,"A Lei do Combustível do Futuro criou condições para ampliar a presença do etanol, biodiesel, biometano, SAF, diesel verde, combustíveis sintéticos e captura/ armazenamento de carbono. O Marco Legal do Hidrogênio de Baixa Emissão de Carbono instituiu a política nacional, Rehidro e PHBC, com diretrizes de neutralidade tecnológica, segurança jurídica, financiamento, inovação para a inserção competitiva do hidrogênio na matriz brasileira. O Marco Legal das Eólicas Offshore criou regras para cessão de uso de áreas da União e exploração de energia eólica no mar.",,,False,False,Relata a criação de marcos legais para combustíveis sustentáveis e energia eólica offshore.,True
lula,269,68,P R O G R A M A D E G O V E R N O,"Além disso, o mandato de mistura obrigatória de biocombustíveis foi ampliado de 27% para 32% de etanol na gasolina (E32) e de 10% para 15% de biodiesel no diesel (B15), fortalecendo a demanda por biocombustíveis, tornando o Brasil referência na descarbonização dos transportes e ampliando a segurança energética do país.",transporte_mobilidade,,True,True,Ampliação da mistura obrigatória de etanol na gasolina e biodiesel no diesel.,True
lula,270,68,P R O G R A M A D E G O V E R N O,"A carteira do Novo PAC também atesta essa evolução ao incluir 8 plantas de etanol de segunda geração e as 2 primeiras biorrefinarias voltadas para produção de SAF do Brasil, além de biometano, de diesel coprocessado, captura e armazenamento de carbono, estudos em hidrogênio e outras tecnologias de transição energética.",,,True,False,"Investimentos em biorrefinarias, SAF, biometano e tecnologias de transição energética via Novo PAC.",True
lula,271,68,P R O G R A M A D E G O V E R N O,"A Política Nacional de Biocombustíveis (RenovaBio) continuará sendo aprimorada, incorporando diretrizes para desenvolvimento de 2ª e 3ª geração, bem como seus encadeamentos com a indústria nacional. A participação da Petrobras em biocombustíveis, de forma integrada à Petrobras Biocombustíveis (Pbio), será fortalecida.",soberania_nacional,,True,False,Aprimorar o RenovaBio e fortalecer a participação da Petrobras em biocombustíveis.,True
lula,272,68,P R O G R A M A D E G O V E R N O,"Também daremos sequência aos esforços de desenvolvimento tecnológico e expansão dos combustíveis sustentáveis (SAF, biometano e combustíveis marítimos), acelerando a implementação de políticas de descarbonização Diante do papel crescente da biomassa em nossa matriz energética, será preciso avançar em políticas bioenergéticas integradas para as cadeias produtivas de grãos e proteínas, considerando também seus impactos sobre o uso do solo, da água e dos fertilizantes.",agronegocio_meio_ambiente,,True,False,Expansão de combustíveis sustentáveis e políticas bioenergéticas integradas para cadeias de grãos e proteínas.,True
lula,273,68,P R O G R A M A D E G O V E R N O,"A competência nuclear brasileira, como política de Estado, será preservada para uso exclusivamente pacífico, valorizando sua base científica, tecnológica e industrial e suas aplicações em energia, saúde, pesquisa, indústria e segurança radiológica. Avançaremos na autonomia do ciclo do combustível nuclear e aproveitaremos de forma responsável as reservas nacionais de urânio, sempre condicionado à viabilidade técnica, econômica, ambiental e social. O novo Brasil que queremos construir avançará, ao mesmo tempo, na segurança energética e na transição energética, somando as vantagens de ambas para",custo_de_vida_inflacao_alimentos;agronegocio_meio_ambiente,,True,False,"Preservação da competência nuclear para fins pacíficos, autonomia do combustível e segurança energética.",True
lula,274,69,P R O G R A M A D E G O V E R N O,"fortalecer nossas matrizes elétrica e de combustíveis, combater a pobreza energética, impulsionar o desenvolvimento nacional e ampliar a soberania do país.",soberania_nacional,,True,False,Fortalecer matrizes energéticas para combater a pobreza energética e ampliar a soberania nacional.,True
lula,275,69,11. Promover a Sustentabilidade Ambiental e Climática,"No atual mandato, retomamos os instrumentos de colaboração federativa necessários à efetiva implementação da política ambiental. Criamos o Programa União com Municípios, para apoiar a atuação dos municípios no combate ao desmatamento, com foco naqueles que registravam as maiores taxas de desmatamento.",agronegocio_meio_ambiente,,False,False,Relato sobre a retomada de instrumentos de colaboração federativa no combate ao desmatamento.,True
lula,276,69,11. Promover a Sustentabilidade Ambiental e Climática,"Aprovamos a Política Nacional de Manejo Integrado do Fogo e mobilizamos mais de meio bilhão de reais do Fundo Amazônia para fortalecer a capacidade operacional dos Estados. Incorporamos mais 308 mil hectares às unidades de conservação. Há 3,4 milhões de hectares em processo de restauração florestal e fizemos concessões florestais em um total de 1,6 milhão de hectares. Construímos o portfólio mais robusto de políticas de proteção animal da história recente do Brasil. Criamos, em 2023, o inédito Departamento de Proteção, Defesa e Direitos Animais, hoje vinculado à Secretaria Nacional de Biodiversidade, Florestas e Direitos Animais. Sancionamos a Lei do RG Animal e lançamos o ProPatinhas, com meta de mais de 675 mil castrações até o fim de 2026, um crescimento de 3.450% em relação ao governo anterior. Lançamos também o SinPatinhas, que já identificou mais de 1,1 milhão de cães e gatos em 97% dos municípios brasileiros. Em 2026, sancionamos a Lei AMAR, voltada à proteção de animais em emergências e desastres, editamos o decreto “Justiça por Orelha”, que elevou as multas por maus-tratos a até R$ 1 milhão.",agronegocio_meio_ambiente,,True,True,"Ações de preservação ambiental, restauração florestal e políticas de proteção e direitos animais.",True
lula,277,69,11. Promover a Sustentabilidade Ambiental e Climática,"No campo da mudança climática, o Brasil voltou a planejar com ambição e base institucional. A nova NDC, entregue em Baku durante a COP29, estabeleceu uma meta de redução de 59% a 67% das emissões líquidas de gases de efeito estufa até 2035, em relação a 2005. O Plano Clima passou a orientar a política climática brasileira até 2035, com 8 planos de mitigação, 16 planos de adaptação e 5 estratégias transversais para ação climática. O AdaptaCidades lançou estratégia para 581 cidades, alcançando mais de 50 milhões de pessoas. Ainda em 2024, o",agronegocio_meio_ambiente,,False,True,Relato sobre metas de redução de emissões e planos de adaptação climática.,True
lula,278,70,P R O G R A M A D E G O V E R N O,"país aprovou e submeteu à ONU seu Primeiro Relatório Nacional Bienal de Transparência. Promovemos uma das principais reformas da política climática nacional ao instituir o mercado regulado de carbono, com a lei que criou o Sistema Brasileiro de Comércio de Emissões (SBCE).",agronegocio_meio_ambiente,,False,False,Relata a criação do mercado regulado de carbono e relatório de transparência à ONU.,True
lula,279,70,P R O G R A M A D E G O V E R N O,"Na COP30, o Brasil assumiu a liderança pelo exemplo. O Pacote de Belém reuniu 29 decisões aprovadas por consenso, incluindo avanços em transição justa, financiamento da adaptação, comércio, gênero e tecnologia. O Roteiro Baku– Belém definiu a missão de US$ 1,3 trilhão para financiamento climático. O Balanço Ético Global – iniciativa liderada pelo Presidente Lula e pelo Secretário-Geral das Nações Unidas, António Guterres – mobilizou 128 lideranças nos seis continentes e atores sociais em 49 países.",agronegocio_meio_ambiente,,False,False,Relato de liderança brasileira e acordos internacionais sobre financiamento e governança climática.,True
lula,280,70,P R O G R A M A D E G O V E R N O,"No financiamento climático, houve grande mudança de escala. O Fundo Clima e o Eco Invest mobilizaram R$ 179 bilhões desde 2023. Só o Fundo Clima, que saiu de uma média anual de R$ 400 milhões até 2022, mobilizou R$ 52,4 bilhões desde 2023 e R$ 34,6 bilhões apenas em 2025. A esses se somam o Fundo Amazônia, a Plataforma Brasil de Investimentos Climáticos e o Fundo Florestas Tropicais para Sempre, que juntos contam com cerca de R$ 350 bilhões, motor para viabilizarmos um novo ciclo de prosperidade que combina conservação e desenvolvimento sustentável. O TFFF lançado na COP30, em Belém, consagrou a liderança do Brasil na construção de soluções multilaterais para desafios globais. A transformação ecológica é uma oportunidade histórica do Brasil no século XXI. Não é um custo a pagar, é um caminho para desenvolver o país.",agronegocio_meio_ambiente,,False,True,Balanço sobre a mobilização de recursos financeiros para o financiamento climático e transformação ecológica.,True
lula,281,70,P R O G R A M A D E G O V E R N O,"No próximo mandato, continuaremos trabalhando para alcançar o desmatamento líquido zero até 2030, meta que reafirmamos. Para isto, todas as instâncias do governo persistirão atuando de forma integrada na implementação dos planos de controle e prevenção do desmatamento e na implementação plena do Plano Nacional de Manejo Integrado do Fogo. Continuaremos mobilizando políticas para assegurar a efetividade do Código Florestal e da Lei da Mata Atlântica. Vamos avançar na destinação das terras públicas para unidades de conservação, territórios indígenas e quilombolas ou assentamentos, e reforçar a regularização fundiária.",agronegocio_meio_ambiente,,True,False,"Combate ao desmatamento, manejo do fogo e regularização de terras e territórios.",True
lula,282,71,P R O G R A M A D E G O V E R N O,"Vamos contribuir, no contexto internacional, para implementar o mapa do caminho para eliminação global do desmatamento, articulando instrumentos nacionais com compromissos internacionais.",agronegocio_meio_ambiente,,True,False,Implementar a eliminação global do desmatamento articulando instrumentos nacionais e compromissos internacionais.,True
lula,283,71,P R O G R A M A D E G O V E R N O,"Articularemos as políticas e mobilizaremos todos os atores governamentais, privados e da sociedade civil para que cumpramos a nossa nova NDC. Continuaremos acompanhando e participando do debate internacional sobre a construção de um mapa do caminho global para longe dos combustíveis fósseis, preservando soberania e segurança energéticas, responsabilidade ambiental e social e previsibilidade regulatória.",agronegocio_meio_ambiente;soberania_nacional,,True,False,Cumprimento da NDC e participação em debates globais sobre transição energética.,True
lula,284,71,P R O G R A M A D E G O V E R N O,Seguiremos ampliando os instrumentos necessários para o financiamento climático. O Fundo Clima e o Eco Invest continuarão a ser instrumentos fundamentais para o financiar a descarbonização da economia. O Fundo Florestas Tropicais para Sempre implementará suas estruturas de governança para que os investimentos possam começar a ocorrer.,agronegocio_meio_ambiente,,True,False,Ampliação de financiamentos para descarbonização da economia e implementação do Fundo Florestas Tropicais.,True
lula,285,71,P R O G R A M A D E G O V E R N O,"Entendemos que o fortalecimento de arranjos regionais de planejamento e governança, envolvendo União, estados, municípios, consórcios públicos, universidades, instituições financeiras e setor produtivo, permitirá acelerar a implementação de políticas climáticas, compartilhar capacidades técnicas, estruturar projetos de escala regional e ampliar a eficiência dos investimentos públicos.",agronegocio_meio_ambiente,,False,False,Defesa do fortalecimento de arranjos regionais para implementar políticas climáticas e investimentos.,True
lula,286,71,P R O G R A M A D E G O V E R N O,"Vamos seguir fortalecendo instrumentos e equipamentos que assegurem a preservação de nossa biodiversidade, sem abdicar de seu potencial para o desenvolvimento do país. Incentivaremos a criação de Reservas Particulares do Patrimônio Natural (RPPNs) e buscaremos avançar em uma política de valorização dos 75 parques nacionais, integrando conservação ambiental, turismo sustentável, desenvolvimento regional e educação ambiental.",agronegocio_meio_ambiente,,True,False,"Fortalecimento da biodiversidade, incentivo a RPPNs e valorização de parques nacionais.",True
lula,287,71,P R O G R A M A D E G O V E R N O,"A proteção ambiental continuará caminhando ao lado da defesa dos direitos animais. Vamos ampliar o ProPatinhas, fortalecendo as caravanas de castração, e dar continuidade ao SinPatinhas, cadastro nacional de cães e gatos. Por meio da retomada da participação social, criamos a Conferência Nacional de Direitos dos Animais, espaço permanente de diálogo federativo para orientar as políticas do",agronegocio_meio_ambiente,,True,False,"Ampliação de programas de castração, cadastro de pets e criação de conferência nacional.",True
lula,288,72,P R O G R A M A D E G O V E R N O,"setor, com nova edição prevista para 2028. Seguiremos fortalecendo o combate aos maus-tratos, com penas que assegurem que essas práticas não se repitam, avançando nesta agenda com prioridade e participação social.",,,True,False,Fortalecimento do combate aos maus-tratos animais com penas rigorosas e participação social.,True
lula,289,72,P R O G R A M A D E G O V E R N O,"Vamos aprimorar a implementação de programas de Pagamento por Serviços Ambientais (PSA) voltados à biodiversidade e reconhecer legalmente a restauração biocultural como estratégia de Estado, distinta e complementar à restauração florestal convencional.",agronegocio_meio_ambiente,,True,False,Aprimorar programas de Pagamento por Serviços Ambientais e legalizar a restauração biocultural.,True
lula,290,72,P R O G R A M A D E G O V E R N O,"No próximo mandato, avançaremos na inclusão da Caatinga como ativo estratégico para a adaptação às mudanças do clima e para a mitigação das emissões de gases de efeito estufa. O governo deverá continuar estruturando mecanismos permanentes de financiamento climático para o Semiárido brasileiro, reconhecendo que adaptação climática, combate à desertificação e restauração ecológica constituem investimentos estratégicos para o desenvolvimento nacional.",agronegocio_meio_ambiente,,True,False,Inclusão da Caatinga como ativo estratégico e financiamento climático para o Semiárido brasileiro.,True
lula,291,72,P R O G R A M A D E G O V E R N O,Seguiremos fortalecendo e aprimorando as ações de fiscalização. Buscaremos dialogar com o setor produtivo nacional para estabelecer mecanismos de rastreabilidade e devida diligência nas cadeias produtivas. Vamos expandir monitoramento satelital e uso de inteligência artificial no combate a crimes ambientais.,agronegocio_meio_ambiente,,True,False,"Fortalecimento da fiscalização ambiental via tecnologia, rastreabilidade e diálogo com setor produtivo.",True
lula,292,72,P R O G R A M A D E G O V E R N O,"O Novo PAC retomou os investimentos de segurança hídrica, investindo R$ 15 bilhões em obras complementares da transposição do São Francisco e em 2.800 km de canais e adutoras, 2,2 milhões de m³ em novos reservatórios, recuperação de 162 barragens e construção de 172,4 mil cisternas.",,,False,True,Relato de investimentos realizados pelo Novo PAC em segurança hídrica e infraestrutura.,True
lula,293,72,P R O G R A M A D E G O V E R N O,"Frente aos riscos associados às mudanças climáticas, vamos avançar nos investimentos para revitalizar as bacias hidrográficas e ampliar as infraestruturas para Segurança hídrica, garantindo água de qualidade para beber e produzir e proteção contra cheias e enchentes Continuaremos a ampliar o investimento em políticas de prevenção e redução de riscos de desastres. Institucionalizaremos a adaptação climática como eixo",agronegocio_meio_ambiente,,True,False,"Investimentos em segurança hídrica, revitalização de bacias e prevenção de desastres climáticos.",True
lula,294,73,P R O G R A M A D E G O V E R N O,"permanente do planejamento público, assegurando continuidade e fortalecimento do Plano Nacional de Adaptação à Mudança do Clima e estimulando a criação de planos estaduais e municipais de enfrentamento ao calor extremo e fortalecimento da capacidade de prevenção e resposta a eventos climáticos extremos. Com base nas experiências de enfrentamento dos impactos sobre a sociedade de desastres climáticos, como foi o caso do Rio Grande do Sul, construímos protocolos de oferta de políticas de proteção à população afetada ou deslocada que serão continuamente aprimorados.",agronegocio_meio_ambiente,,True,False,Fortalecimento de planos de adaptação climática e protocolos de proteção a populações afetadas.,True
lula,295,73,P R O G R A M A D E G O V E R N O,"Avançaremos na agenda ecológica com a mobilização de financiamento, inovação tecnológica e cooperação entre governos, setor privado e sociedade civil para transformar os desafios ambientais e climáticos em oportunidades de desenvolvimento sustentável, consolidando o Brasil como uma referência global na construção de um futuro mais justo, resiliente e ambientalmente responsável. 12. Valorizar o Trabalho em suas Múltiplas Formas O novo mandato do Presidente Lula continuará construindo um país que valorize o trabalho em todas as suas formas, assegure direitos às trabalhadoras e aos trabalhadores, prepare as pessoas para as transformações tecnológicas e fortaleça o empreendedorismo, o cooperativismo e a economia solidária. Um Brasil capaz de combinar inovação, produtividade, proteção social e geração de oportunidades, colocando o trabalho no centro do desenvolvimento nacional. No atual mandato, a retomada do crescimento, do investimento em infraestrutura, da política industrial e a oferta de linhas de crédito adequadas aos vários perfis e segmentos produtivos recolocaram o emprego em trajetória de expansão. O Brasil chegou às mais baixas taxas de desemprego da história e gerou 8,0 milhões de empregos entre 2023 e junho de 2026. Com a retomada da política de valorização do salário-mínimo, asseguramos aumento real para o piso de remuneração todos os anos, permitindo a recuperação de seu poder de compra e impulsionando os rendimentos do trabalho, que chegaram aos maiores patamares reais da história.",agronegocio_meio_ambiente;emprego;renda_salario_minimo,trabalhadores_formais;empreendedores,True,True,"Agenda ecológica, valorização do trabalho, proteção de direitos e manutenção do aumento real do salário-mínimo.",True
lula,296,74,P R O G R A M A D E G O V E R N O,"produtivo, bem remunerado e socialmente reconhecido persistem. O Brasil precisa continuar crescendo, e gerando oportunidades, precisa superar a estratégia de competitividade com baixos salários e avançar para o desenvolvimento sustentado pela inovação e difusão tecnológica, qualificação profissional contínua, infraestrutura econômica e social, acesso ao crédito produtivo, assistência técnica e aos mercados.",renda_salario_minimo,,False,False,"Diagnóstico sobre a necessidade de crescer via inovação e qualificação, superando baixos salários.",True
lula,297,74,P R O G R A M A D E G O V E R N O,"Por isto, o novo mandato de Lula dará continuidade à política de valorização do salário mínimo como meio estratégico de distribuição de renda, combate à pobreza e promoção do desenvolvimento econômico e social. Buscará ainda integrar a oferta de crédito público, assistência técnica, incentivos fiscais e a política de compras governamentais a compromissos com a geração de empregos de qualidade.",renda_salario_minimo;emprego,baixa_renda,True,False,Continuidade da valorização do salário mínimo e incentivos para geração de empregos de qualidade.,True
lula,298,74,P R O G R A M A D E G O V E R N O,"Começamos a reconstruir o Sistema Público de Emprego, Trabalho, Renda, objetivo que será fortalecido. Vamos integrar e ampliar as políticas de qualificação profissional, reforçando sua articulação com os objetivos do desenvolvimento econômico, novas competências e demandas do setor produtivo e do serviço público. Vamos expandir, na rede SINE, a Plataforma Pública Nacional de Empregabilidade com IA, para integrar vagas, cursos, certificações e serviços de orientação profissional. Vamos buscar estimular ocupações sociais, criando oportunidades de trabalho em atividades de interesse coletivo, socialmente úteis como conservação ambiental, cultura, preservação do patrimônio, esporte e economia do cuidado.",emprego,,True,False,"Fortalecimento do sistema de emprego via qualificação profissional, IA no SINE e ocupações sociais.",True
lula,299,74,P R O G R A M A D E G O V E R N O,"A ampliação da parcela de trabalhadoras e trabalhadores coberta pela proteção trabalhista sempre foi um desafio no Brasil, aprofundado pela disseminação do trabalho plataformizado e na economia digital. Aumentamos a proteção graças ao crescimento do emprego formal, objetivo que continuará a ser perseguido, mas almejamos novos avanços.",emprego,trabalhadores_formais,True,False,Busca ampliar a proteção trabalhista e fomentar o crescimento do emprego formal.,True
lula,300,74,P R O G R A M A D E G O V E R N O,"Vamos continuar combatendo a pejotização espúria, com fiscalização, regras que inibam migrações fraudulentas, equiparando responsabilidades administrativas e previdenciárias e fortalecendo a inspeção do trabalho.",emprego;previdencia,,True,False,Combate à pejotização fraudulenta via fiscalização e equiparação de responsabilidades administrativas e previdenciárias.,True
lula,301,75,P R O G R A M A D E G O V E R N O,"digital e de plataformas, que normatize de forma adequada a atividade empresarial e estabeleça as regras para definir a relação de trabalho, a remuneração, condições de trabalho, proteções e direitos laborais e previdenciários, transparência algorítmica. Buscaremos também implementar políticas públicas para relação virtuosa entre tecnologia, inovação e trabalho e proteção a categorias afetadas com requalificação e inserção ocupacional. Manteremos nossa ação junto ao Senado Federal para assegurar o fim da escala 6x1 e a redução da jornada de trabalho para 40 horas, sem redução salarial, nos termos aprovados na Câmara dos Deputados.",emprego;jornada_6x1,trabalhadores_informais_aplicativo,True,False,"Regulação do trabalho por plataformas, fim da escala 6x1 e redução da jornada.",True
lula,302,75,P R O G R A M A D E G O V E R N O,"Vamos aprimorar a legislação trabalhista, alterando regras que induzem a precarização das condições de trabalho, os marcos regressivos contidos na legislação, as fraudes presentes em muitas terceirizações, e retomando assistência sindical nas homologações de rescisão do contrato de trabalho.",emprego,,True,False,"Aprimorar a legislação trabalhista para combater a precarização, fraudes em terceirizações e retomar homologações.",True
lula,303,75,P R O G R A M A D E G O V E R N O,"Seguiremos com as políticas de inclusão produtiva das pessoas com deficiência, privadas das oportunidades de trabalho em decorrência do capacitismo, e fortalecer as políticas de erradicação do trabalho análogo ao escravo e do trabalho infantil, em todas as suas formas e espaços de ocorrência, incluindo o meio rural, urbano e as plataformas digitais.",emprego,pessoas_com_deficiencia,True,False,Continuidade da inclusão produtiva de PcDs e combate ao trabalho escravo e infantil.,True
lula,304,75,P R O G R A M A D E G O V E R N O,"Vamos avançar na efetiva equivalência remuneratória entre mulheres e homens, fortalecendo a implementação da Lei de Igualdade Salarial, sancionada no atual mandato do Presidente Lula. A execução dos Planos de Ação nas empresas com desigualdades identificadas será tornada obrigatória, com metas progressivas de redução das disparidades salariais e ampliação da presença de mulheres, especialmente negras e pessoas com deficiência. Vamos continuar combatendo a xenofobia, o capacitismo e as discriminações racial, étnica, LGBTQIAP+ e de classe no acesso ao trabalho decente, com atenção especial ao acolhimento de migrantes.",emprego,mulheres;populacao_negra;pessoas_com_deficiencia,True,False,Tornar obrigatórios planos de ação para igualdade salarial e combater discriminações no trabalho.,True
lula,305,75,P R O G R A M A D E G O V E R N O,"No atual mandato, recriamos a Secretaria Nacional de Economia Solidária, aprovamos a Lei Paul Singer e iniciamos a reconstrução das políticas de fomento a este segmento. Vamos fortalecer a Economia Popular e Solidária com prioridade à inclusão produtiva de empreendedores populares, ocupações informais,",,empreendedores,True,False,Fortalecimento da Economia Popular e Solidária com foco na inclusão produtiva de empreendedores.,True
lula,306,76,P R O G R A M A D E G O V E R N O,"catadores, agricultores familiares e da cultura e economia do cuidado de base comunitária e demais segmentos da economia popular. Vamos seguir com as ações de constituição e fortalecimento de cooperativas populares; com a criação de redes territoriais de produção e comercialização; o investimento e inovação para agregação de valor e escala; a assistência técnica permanente, incubação de empreendimentos econômicos solidários; o acesso ao crédito produtivo orientado; e a integração aos sistemas de compras públicas.",,rural_agricultores,True,False,"Fortalecimento de cooperativas, redes de produção e crédito para a economia popular.",True
lula,307,76,P R O G R A M A D E G O V E R N O,"Reconhecendo a importância do trabalho autônomo e do empreendedorismo no Brasil, o atual mandato do Presidente Lula criou linhas de crédito com juros mais baixos e garantia para os empreendedores individuais e para os micro e pequenos negócios. Criou o Contrata+ Brasil, plataforma que permite a estes trabalhadores participarem do mercado de compras públicas. Elevou a faixa de faturamento para o MEI e criou linhas de crédito para que trabalhadores de transporte por aplicativos consigam adquirir veículos e motos.",emprego;transporte_mobilidade,empreendedores;trabalhadores_informais_aplicativo,False,False,"Relata ações já realizadas para apoiar empreendedores, MEIs e motoristas de aplicativo.",True
lula,308,76,P R O G R A M A D E G O V E R N O,"Vamos ampliar e aprimorar políticas para os trabalhadores autônomos e pequenos empreendedores, com acesso ao crédito produtivo, programas de qualificação e assistência técnica, apoio à inovação na agregação de valor, produção e escala e planos de comercialização, inclusão digital, simplificação tributária, além da cobertura da proteção social, especialmente em relação à previdência, à proteção diante de acidentes, doenças e períodos de interrupção da atividade laboral em garantia da estabilidade, produtividade e segurança econômica.",impostos_isencao_ir;previdencia,empreendedores,True,False,"Ampliação de crédito, qualificação, simplificação tributária e proteção social para autônomos e pequenos empreendedores.",True
lula,309,76,P R O G R A M A D E G O V E R N O,"Reafirmamos nosso compromisso com o fortalecimento da negociação coletiva e com a atualização do sistema sindical de representação coletiva de interesse. Vamos continuar fomentando o diálogo social e estimular a contratação coletiva em diferentes âmbitos (local, regional, setorial, cadeia produtiva, temático e nacional), desenvolver políticas e ferramentas que apoiem a negociação coletiva (formação, documentação, mediação e arbitragem, entre outros) e regras que favoreçam o processo negocial.",,,True,False,Fortalecimento da negociação coletiva e atualização do sistema de representação sindical.,True
lula,310,76,P R O G R A M A D E G O V E R N O,Vamos implementar a regulamentação do direito de negociação coletiva no setor público e apoiar um processo de atualização sindical que democratize o sistema,,,True,False,Regulamentação da negociação coletiva no setor público e democratização do sistema sindical.,True
lula,311,77,P R O G R A M A D E G O V E R N O,"de relações de trabalho no setor público e no setor privado, urbano e rural. Estamos comprometidos com o fortalecimento e a ampliação do acesso à Previdência Social, garantidora de direitos e proteção de renda. Com a política de valorização do salário-mínimo, elevamos o poder de compra de aposentados e pensionistas. Estamos enfrentando as filas do INSS, e diminuindo o tempo de espera por benefícios. Estamos trabalhando para voltar à situação em que, quando completava os requisitos, o trabalhador recebia uma carta, em casa, avisando de seus direitos. O golpe contra a Presidenta Dilma e a reforma previdenciária do governo Bolsonaro promoveram uma desorganização que ainda estamos enfrentando.",emprego;renda_salario_minimo;previdencia,idosos_aposentados;trabalhadores_formais;rural_agricultores,True,False,"Fortalecimento da Previdência Social, valorização do salário-mínimo e redução de filas no INSS.",True
lula,312,77,P R O G R A M A D E G O V E R N O,"Estamos seguros de que, no próximo mandato, concluiremos o processo de modernização e aprimoramento da prestação dos serviços previdenciários. Vamos continuar, em diálogo com a sociedade, a aprimorar a política de acesso e buscar reestruturar a base de financiamento da Previdência, buscando a diversidade das fontes de custeio. Queremos construir mecanismos contributivos mais flexíveis, capazes de acompanhar trajetórias ocupacionais descontínuas e múltiplas, permitindo que a pessoa que trabalha mantenha sua proteção ao longo de toda a vida laboral.",previdencia,,True,False,"Modernização da previdência, diversificação do custeio e flexibilização de contribuições para trajetórias laborais.",True
lula,313,77,P R O G R A M A D E G O V E R N O,"Buscaremos inserir na regulação do trabalho mediado por plataforma o financiamento da previdência social e a cobertura adequada para aposentadoria, incapacidade temporária, acidentes, maternidade ou demais contingências sociais.",emprego;previdencia,trabalhadores_informais_aplicativo,True,False,Regulação do trabalho por plataformas para garantir previdência e cobertura social.,True
lula,314,77,P R O G R A M A D E G O V E R N O,"Queremos um país em que o trabalho seja mais digno, a jornada mais humana, o empreendedorismo mais qualificado e a produtividade mais alta — não à custa da exaustão das pessoas, mas a serviço do desenvolvimento com justiça social. 13. Defender a soberania nacional e o protagonismo internacional do Brasil O mundo contemporâneo vivencia o ressurgimento do unilateralismo, do protecionismo e de conflitos sem precedentes desde a Segunda Guerra Mundial. Em um cenário de tensões geopolíticas crescentes e quebras das regras de convivência internacional, o Brasil deve reafirmar sua soberania e preservar sua",emprego;jornada_6x1;soberania_nacional,empreendedores,False,False,"Busca por trabalho digno, produtividade com justiça social e reafirmação da soberania nacional.",True
lula,315,78,P R O G R A M A D E G O V E R N O,"capacidade de fazer escolhas políticas e econômicas de forma independente, à luz de seus interesses, sem qualquer tipo de subordinação estratégica Neste cenário, política externa e defesa nacional são dimensões complementares de uma mesma estratégia voltada à proteção dos interesses do Brasil. Não há projeção internacional soberana sem capacidade de defesa. Defendemos uma política de defesa baseada na autonomia estratégica, na inovação tecnológica, na integração entre defesa e desenvolvimento e na combinação entre persuasão diplomática e capacidade de dissuasão, o que exige um orçamento nacional consoante a essas necessidades e responsabilidades. A defesa nacional exige Forças Armadas bem equipadas e uma indústria de defesa sólida, capazes de proteger o território brasileiro e seus recursos naturais diante de ameaças externas. Por isso, fortaleceremos a Base Industrial e Tecnológica de Defesa, de modo a assegurar maior autonomia nacional nesse campo e estimular inovações com impactos positivos sobre o conjunto da economia. Sua importância é estratégica, por estar vinculada à produção de equipamentos essenciais à defesa do país, mas também econômica, já que envolve o domínio de tecnologias sensíveis, a geração de empregos de alta qualificação e a ampliação de exportações de maior valor agregado. Retomamos o investimento na capacitação tecnológica de nossas Forças Armadas e o fortalecimento da política de defesa nacional. Aprovamos nova legislação orçamentária que assegura previsibilidade e continuidade para os investimentos em defesa, o que garante continuidade dos projetos e fortalece a Base Industrial e Tecnológica de Defesa como vetor de inovação, geração de empregos qualificados, exportações e neoindustrialização.",soberania_nacional;emprego,,True,False,"Fortalecimento da defesa nacional, autonomia tecnológica e investimento na Base Industrial de Defesa.",True
lula,316,78,P R O G R A M A D E G O V E R N O,"Com o Novo PAC, o Brasil tem alavancado fortemente os investimentos na área de Defesa. Desde 2023 já foram executados R$ 20,4 bilhões em projetos estratégicos. Entregamos 7 caças gripens-F-39, tendo sido produzida a primeira aeronave em solo brasileiro este ano. Adquirimos 3 cargueiros KC-390 fabricados no país. Estamos construindo 4 fragatas, a primeira já em operação. Produzimos 226 viaturas blindadas.",,,False,True,Balanço de investimentos e entregas em projetos estratégicos de Defesa via Novo PAC.,True
lula,317,79,P R O G R A M A D E G O V E R N O,"Reforçaremos a defesa cibernética, protegendo infraestruturas críticas e bases de dados governamentais, desenvolvendo tecnologias próprias e reduzindo a dependência externa em áreas estratégicas.",,,True,False,Reforço da defesa cibernética e desenvolvimento de tecnologias próprias para reduzir dependência externa.,True
lula,318,79,P R O G R A M A D E G O V E R N O,"Fortaleceremos a Inteligência de Estado como instrumento de proteção da soberania, da capacidade decisória e da segurança nacional diante de ameaças geopolíticas, tecnológicas, cibernéticas e do crime organizado transnacional. A atividade será exercida em caráter civil, subordinada ao Estado Democrático de Direito, à neutralidade político-partidária, aos direitos fundamentais e ao controle democrático, rejeitando seu uso para fins de perseguição política. Protegeremos as fronteiras, a Amazônia e a Amazônia Azul. Fortaleceremos a vigilância territorial, a proteção dos recursos naturais e o combate ao crime organizado transnacional. As regiões de fronteira serão tratadas como espaços estratégicos de integração e desenvolvimento, com maior presença do Estado, infraestrutura, serviços públicos e cooperação com os países vizinhos. O Brasil voltou a ser ouvido e respeitado no mundo. Restauramos políticas que sempre nos diferenciaram, como o combate ao desmatamento na Amazônia, o enfrentamento ao aquecimento global, a defesa e a proteção de refugiados, o compromisso com a paz. Sediamos, com sucesso, eventos internacionais, como a COP 30, a 17ª Cúpula dos BRICS, a 19ª Cúpula de Chefes de Estado do G20. Propusemos a criação de mecanismos inovadores como a Aliança Global contra a Fome e a Pobreza e o Fundo Florestas Tropicais para Sempre (TFFF). Nossa diplomacia comercial permitiu abrir 656 novos mercados para os produtos brasileiros e a conclusão de acordos do Mercosul com a União Europeia, EFTA e Singapura. E o Brasil foi reinserido na rota do turismo internacional, com recordes de estrangeiros vindo visitar nosso País.",soberania_nacional;agronegocio_meio_ambiente,,True,True,"Fortalecimento da inteligência de estado, proteção ambiental, soberania nacional e inserção diplomática internacional.",True
lula,319,79,P R O G R A M A D E G O V E R N O,"Seguiremos reafirmando os princípios constitucionais que orientam a política externa brasileira — independência nacional, prevalência dos direitos humanos, autodeterminação dos povos, não-intervenção, igualdade entre os Estados, defesa da paz, solução pacífica dos conflitos, repudio ao terrorismo e ao racismo, cooperação entre os povos para o progresso da humanidade e concessão de asilo político —, porque acreditamos em um país com autonomia para decidir seus",soberania_nacional,,False,False,Reafirmação dos princípios constitucionais e da autonomia da política externa brasileira.,True
lula,320,80,P R O G R A M A D E G O V E R N O,"Na política externa, o Brasil deverá ser cada vez mais independente, ativo e comprometido com a integração regional e com a afirmação da América do Sul e do Caribe como zona de paz. A integração sul-americana é o primeiro círculo de projeção estratégica do Brasil. Seguiremos aprofundando o Mercosul e os espaços de integração regional, especialmente nas áreas de infraestrutura, defesa, segurança pública, energia e saúde. Consolidaremos o Mercosul como principal plataforma de integração econômica, produtiva, política e social da América do Sul. Aprofundaremos a integração em infraestrutura, priorizando redes multimodais, com destaque para as conexões com o Pacífico e o Caribe. Promoveremos um mercado comum sul-americano de energia, com interconexões e coordenação regulatória. Consolidaremos a Amazônia como eixo estratégico da integração regional fortalecendo a Organização do Tratado de Cooperação Amazônica (OTCA) na bioeconomia, na ciência, no financiamento verde e no combate coordenado aos ilícitos transnacionais.",seguranca_publica,,True,False,"Fortalecimento da integração regional sul-americana, Mercosul, infraestrutura e cooperação na Amazônia.",True
lula,321,80,P R O G R A M A D E G O V E R N O,"Manteremos uma política externa universalista e ampliaremos os esforços de cooperação e negociação com todas as regiões do mundo, diversificando nossas parcerias estratégicas. Investiremos em novos acordos comerciais e na abertura de novos mercados para nossos bens e serviços, de modo a continuar enfrentando agressões comerciais e a defender os interesses do país com base nas normas internacionais e no multilateralismo.",,,True,False,"Ampliação da cooperação internacional, diversificação de parcerias estratégicas e abertura de novos mercados.",True
lula,322,80,P R O G R A M A D E G O V E R N O,"Manteremos o empenho na construção de uma ordem mundial mais justa e equilibrada, livre da lógica da submissão, das imposições unilaterais e dos esquemas obsoletos de uma nova Guerra Fria. O Brasil defenderá relações internacionais fundadas na reciprocidade, na cooperação pacífica e no respeito entre as nações.",,,False,False,"Defesa de uma ordem mundial justa, baseada na cooperação e reciprocidade entre nações.",True
lula,323,80,P R O G R A M A D E G O V E R N O,"Aprofundaremos as relações com a África, reconhecendo sua crescente importância na ordem internacional e os laços históricos e culturais que unem o Brasil ao continente africano. Consolidaremos o Atlântico Sul como região de paz, cooperação e desenvolvimento e fortaleceremos a Comunidade dos Países de Língua Portuguesa (CPLP). Promoveremos mecanismos permanentes de",,,True,False,"Fortalecimento das relações diplomáticas com a África, Atlântico Sul e a CPLP.",True
lula,324,81,P R O G R A M A D E G O V E R N O,"Persistiremos na reaproximação com a Ásia, o Oriente Médio e a Europa regiões com grande potencial para ampliar a cooperação política, econômica, tecnológica e cultural.",,,True,False,"Reaproximação e ampliação da cooperação com Ásia, Oriente Médio e Europa.",True
lula,325,81,P R O G R A M A D E G O V E R N O,"Continuaremos engajados na reforma das Nações Unidas, especialmente do Conselho de Segurança, para torná-lo mais democrático e representativo, com maior participação dos países em desenvolvimento entre os membros permanentes Seguiremos advogando a reforma e fortalecimento da Organização Mundial do Comércio, defendendo a retomada do mecanismo de solução de controvérsias, o tratamento diferenciado para os países em desenvolvimento e a articulação entre comércio, sustentabilidade e acesso a tecnologias verdes. Defenderemos a reforma da arquitetura financeira internacional, com a democratização do FMI, do Banco Mundial e dos bancos multilaterais e o fortalecimento do CAF, do Novo Banco de Desenvolvimento (NDB) e dos mecanismos financeiros dos BRICS. Aprofundaremos a aproximação geopolítica com o BRICS e com o Sul Global, bem como com o G20, espaços fundamentais para a afirmação dos interesses da maioria da humanidade.",,,True,False,Defesa de reformas em organismos internacionais e fortalecimento da cooperação com o Sul Global.,True
lula,326,81,P R O G R A M A D E G O V E R N O,Será necessário redobrado protagonismo diplomático brasileiro para acelerar o cumprimento global dos Objetivos de Desenvolvimento Sustentável (ODS) em seus anos finais de implementação e negociar uma nova agenda de desenvolvimento sustentável pós-2030.,,,False,False,Protagonismo diplomático para cumprir ODS e negociar agenda de desenvolvimento pós-2030.,True
lula,327,81,P R O G R A M A D E G O V E R N O,"Serão prioridades de nossa ação externa a implementação da Aliança Global contra a Fome e a Pobreza e o enfrentamento da emergência climática, inclusive o Fundo Florestas Tropicais para Sempre (TFFF).",agronegocio_meio_ambiente,,True,False,Implementação da Aliança Global contra a Fome e combate à emergência climática.,True
lula,328,82,P R O G R A M A D E G O V E R N O,"tecnologias digitais e a inteligência artificial, baseada na soberania digital com proteção de dados, cooperação científica, transferência de tecnologias estratégicas e regulamentação democrática das plataformas digitais e da IA. Reforçaremos os compromissos internacionais do Brasil em matéria de direitos humanos e igualdade de gênero e raça, trabalhando para evitar retrocessos na garantia de direitos.",soberania_nacional,,True,False,"Foco em soberania digital, regulação de IA e defesa de direitos humanos e igualdade.",True
lula,329,82,P R O G R A M A D E G O V E R N O,"Valorizaremos e protegeremos as brasileiras e os brasileiros no exterior, fortalecendo a assistência e a proteção consular, ampliando os mecanismos de participação da diáspora e reconhecendo seu papel como elo cultural, econômico e afetivo entre o Brasil e o mundo.",,,True,False,Fortalecimento da assistência consular e participação de brasileiros residentes no exterior.,True
lula,330,83,P R O G R A M A D E G O V E R N O,"Faremos firme oposição a qualquer tentativa de subordinar o Brasil a interesses estrangeiros ou de reduzir nosso país a uma posição de dependência geopolítica. Rejeitamos a visão daqueles que aceitam, com servilismo, a renúncia à soberania nacional em nome de alinhamentos automáticos e ideologias fracassadas. Defenderemos os interesses do Brasil e do povo brasileiro com firmeza, responsabilidade e altivez. Para nós, soberania não é palavra de ocasião: é princípio permanente e inegociável.",soberania_nacional,,False,False,Defesa da soberania nacional contra a dependência geopolítica e alinhamentos estrangeiros.,True
flavio,0,8,APRESENTAÇÃO O Brasil merece voltar a ser o Brasil,"O Estado brasileiro possui o vício de enxergar a realidade em pedaços. A administração pública foi organizada para enfrentar problemas de forma isolada, enquanto a vida dos brasileiros acontece exatamente de maneira oposta. A insegurança restringe a liberdade de ir e vir, afeta o trabalho, desestimula o empreendedorismo e transforma a rotina das famílias. Uma doença compromete o orçamento familiar; a falta de apoio no cuidado com crianças e idosos dificulta a permanência de pais e mães no mercado de trabalho; uma educação de baixa qualidade reduz oportunidades e compromete o futuro de toda uma geração.",seguranca_publica;emprego;educacao,empreendedores;criancas_familias,False,False,Diagnóstico sobre a fragmentação da administração pública e seus impactos na vida do cidadão.,True
flavio,1,8,APRESENTAÇÃO O Brasil merece voltar a ser o Brasil,"Se os desafios enfrentados pelos brasileiros estão conectados, a resposta do governo também precisa ser integrada. Governar é olhar para a vida das pessoas como ela realmente é.",,,False,False,Texto introdutório sobre a necessidade de uma gestão governamental integrada e realista.,True
flavio,2,8,APRESENTAÇÃO O Brasil merece voltar a ser o Brasil,Quem trabalha de sol a sol para sustentar a família não formula suas dúvidas em termos de ministérios. As perguntas são outras: como pago as contas este mês? Como consigo um emprego melhor? Como cuido dos meus filhos? Como tenho certeza de que todos voltam para casa em segurança? Como saio do auxílio pelas minhas próprias pernas? Como compro minha primeira casa? Como abro meu próprio negócio?,emprego;seguranca_publica;moradia_mcmv,criancas_familias,False,False,Diagnóstico sobre as dificuldades cotidianas e preocupações financeiras e sociais do trabalhador brasileiro.,True
flavio,3,8,APRESENTAÇÃO O Brasil merece voltar a ser o Brasil,"Essas perguntas nunca foram tão difíceis de responder. Nos últimos anos, a vida ficou mais cara e mais incerta, e a razão tem nome: o gasto público sem controle. Quando o Estado gasta mais do que arrecada, a conta não desaparece, ela volta para a família em forma de imposto no preço, de juro no cartão e de dinheiro que compra menos no fim do mês.",custo_de_vida_inflacao_alimentos;impostos_isencao_ir,criancas_familias,False,False,"Diagnóstico sobre a relação entre gastos públicos, impostos e a perda do poder compra.",True
flavio,4,8,APRESENTAÇÃO O Brasil merece voltar a ser o Brasil,"O Brasil já viveu esse filme. No segundo trimestre de 2014, o país entrou na maior recessão de sua história. Não foi acaso nem azar, foi a escolha de um modelo que incha a máquina pública e gasta mais do que pode. E esse modelo se repete hoje: mesmo arrecadando como nunca, o governo atual gasta ainda mais, e a dívida pública, que havíamos reduzido entre 2019 e 2022, voltou a crescer de forma acelerada, um salto de cerca de 13 pontos do PIB em apenas quatro anos. Depois de quase duas décadas no poder, com um intervalo de apenas seis anos, a tragédia que aí está tem a assinatura do PT. Insistir no",,,False,False,Crítica ao modelo de gastos públicos e à gestão econômica do PT.,True
flavio,5,9,APRESENTAÇÃO O Brasil merece voltar a ser o Brasil,"Nós já mostramos que dá para fazer diferente: mesmo diante da maior pandemia em cem anos, fizemos a dívida cair. Há outro caminho, e é o que este Plano apresenta: o caminho de volta ao equilíbrio, para que a vida caiba no orçamento e o esforço de cada família volte a valer a pena.",,criancas_familias,False,False,Defesa do equilíbrio fiscal para melhorar o orçamento e a vida das famílias.,True
flavio,6,9,APRESENTAÇÃO O Brasil merece voltar a ser o Brasil,"Nesta escolha, o que está em jogo não é qual candidatura vence, é o próprio Brasil. Continuar no mesmo caminho é condená-lo a perder; mudar é a chance de fazê-lo vencer de novo.",,,False,False,Texto introdutório com tom retórico sobre a necessidade de mudança para o país.,True
flavio,7,9,APRESENTAÇÃO O Brasil merece voltar a ser o Brasil,"Este Plano foi organizado para responder a essas perguntas, fazendo o Brasil crescer e melhorando a vida das famílias no seu dia a dia. É por isso que ele existe: para que o Brasil volte a vencer.",,criancas_familias,False,False,Texto introdutório com intenções genéricas de crescimento econômico e melhoria de vida.,True
flavio,8,9,Nossos valores,"Nossa forma de governar permanece fiel a valores que consideramos inegociáveis e que sustentam a sociedade brasileira: o respeito à liberdade, à família, à vida desde a concepção, à propriedade privada, à democracia, à liberdade de expressão e à liberdade religiosa.",costumes_religiao;instituicoes_stf_reeleicao,,False,False,"Definição de valores inegociáveis como liberdade, família, vida, propriedade e democracia.",True
flavio,9,9,Nossos valores,"O papel do Estado não é tornar as pessoas dependentes do governo, mas criar as condições para que as famílias conquistem autonomia, prosperidade e liberdade. Manteremos e aperfeiçoaremos os programas sociais, porque nenhum brasileiro pode ficar para trás, mas a proteção não é o fim da linha: é o começo de uma trilha que leva à qualificação, ao trabalho, ao crédito e ao patrimônio. Apenas administrar carências é comodismo. Nossa missão é apoiar cada brasileiro na construção do próprio futuro, e acompanhar cada família em todas as etapas da vida, inclusive no cuidado com quem envelhece. Essa forma de governar já demonstrou sua capacidade de produzir resultados concretos. Foi com esses princípios que o governo do Presidente Jair Bolsonaro enfrentou um dos períodos mais desafiadores da história recente, preservando a responsabilidade fiscal, fortalecendo a proteção às famílias mais vulneráveis, realizando reformas estruturantes e modernizando o Estado, mesmo diante da pandemia e dos impactos da guerra no cenário internacional.",programas_sociais;emprego;costumes_religiao,baixa_renda;criancas_familias,False,False,Defesa da autonomia individual através de programas sociais como ponte para o trabalho.,True
flavio,10,10,A jornada do cidadão,"A vida de uma família não se divide em ministérios. Ela se organiza como uma trajetória: proteção, formação, trabalho, iniciativa, crédito, patrimônio e um envelhecimento digno. A maior parte dos capítulos deste Plano acompanha essa trajetória. A segurança protege a criança na escola e o comerciante no balcão. A simplificação do Estado poupa tempo de quem busca o primeiro emprego e de quem já se aposentou. O crédito serve a quem quer estudar, a quem quer empreender e a quem quer comprar a casa própria. E a tecnologia e a inteligência artificial estarão a serviço de toda a jornada, integrando informações, eliminando burocracias e aproximando o Estado de quem ele deve servir.",emprego;seguranca_publica,empreendedores;estudantes;criancas_familias,False,False,Visão integrada do Estado focada na trajetória de vida do cidadão e desburocratização.,True
flavio,11,10,A jornada do cidadão,"Mas a jornada de cada família acontece dentro de um país, e esse país também precisa funcionar. Por isso, ao lado dos capítulos que acompanham a vida do cidadão, este Plano dedica um eixo ao Brasil que precisa crescer: a infraestrutura, a energia, o agronegócio, a tecnologia e a inserção no mundo. Quando o país cresce, cada conquista individual vale mais, dura mais e alcança mais gente.",agronegocio_meio_ambiente;custo_de_vida_inflacao_alimentos,criancas_familias,False,False,"Defesa do crescimento econômico via infraestrutura, energia, agronegócio e tecnologia para beneficiar famílias.",True
flavio,12,11,"Brasil sem Medo, para sua família voltar para casa em paz","Nossa jornada começa pelo direito de viver sem medo. Sem segurança não há trabalho, não há negócio aberto, não há criança brincando na rua de casa, não há futuro. É por isso que a primeira obrigação do nosso governo será devolver o Brasil às famílias brasileiras e tirá-lo das mãos do crime.",seguranca_publica;emprego;costumes_religiao,criancas_familias,False,False,Defesa da segurança pública como base para o desenvolvimento social e econômico do país.,True
flavio,13,11,"Brasil por Elas, fortalecer as mulheres é fortalecer a família","Quando protegemos uma mulher, protegemos uma família. Este programa não é um capítulo à parte: ele percorre todos os eixos deste Plano, da proteção ao patrimônio.",costumes_religiao,mulheres;criancas_familias,False,False,Defesa da proteção à mulher como forma de fortalecer a estrutura familiar.,True
flavio,14,11,"Brasil sem Fila, seu tempo é seu","Um governo que facilita a vida, e não que cria obstáculos. Um Tesouraço da Burocracia para integrar serviços, reunir o atendimento em um só lugar e acabar com o que trava o cidadão e o empreendedor.",,empreendedores,True,False,Proposta de redução da burocracia e integração de serviços públicos para cidadãos e empreendedores.,True
flavio,15,11,"Brasil Mais Barato, para sobrar dinheiro no fim do mês","Menos imposto no que a família consome, conta de luz mais simples e mais barata, custo de transporte menor na prateleira do supermercado e crédito que não afunda o orçamento.",custo_de_vida_inflacao_alimentos;impostos_isencao_ir;transporte_mobilidade,criancas_familias,True,False,"Redução de impostos no consumo, energia, transporte e facilitação de crédito para famílias.",True
flavio,16,11,"Brasil Mais Barato, para sobrar dinheiro no fim do mês","Brasil que Prepara, para sua família ter as ferramentas para vencer Educação de verdade, saúde acessível, esporte que forma e apoio no cuidado com crianças e idosos. Ninguém constrói futuro sem preparo e sem tempo. Brasil que Prospera, para você conquistar o que é seu Proteção social como ponto de partida, trabalho que compensa, negócio próprio, a CAIXA como ferramenta de crédito e mobilidade social, e a casa própria. A jornada em que o cidadão conquista o que é seu pelo próprio esforço.",emprego;educacao;moradia_mcmv,criancas_familias;idosos_aposentados,False,False,"Propõe educação, saúde, apoio familiar, fomento ao trabalho, crédito e acesso à moradia.",True
flavio,17,11,"Brasil Mais Barato, para sobrar dinheiro no fim do mês","Brasil que Cresce, o país que dá condições a quem quer trabalhar e produzir Segurança jurídica, infraestrutura, energia, agronegócio, tecnologia, minerais críticos, meio ambiente, turismo e inserção no mundo. O país que funciona por baixo da vida de cada família e faz cada conquista ir mais longe.",agronegocio_meio_ambiente,,False,False,Texto genérico sobre a criação de condições para o crescimento econômico e produção.,True
flavio,18,12,"Brasil Mais Barato, para sobrar dinheiro no fim do mês","Brasil que Cumpre a Constituição, regras que valem para todos e não mudam no meio do jogo Instituições fortes, cada Poder dentro de seus limites e um Tesouraço na Censura para garantir a liberdade de criticar sem medo. Regras iguais para todos: ninguém está acima da Constituição.",instituicoes_stf_reeleicao,,False,False,"Defesa do cumprimento da Constituição, limites entre Poderes e combate à censura.",True
flavio,19,12,"Brasil que Não Volta Atrás, para que isso seja permanente","Tesouraço nos gastos públicas: equilíbrio fiscal, reforma do Estado, combate à corrupção e menos impostos. A garantia que tudo o que foi prometido tem lastro.",impostos_isencao_ir;corrupcao,,True,False,"Promessa de corte de gastos públicos, equilíbrio fiscal, combate à corrupção e redução tributária.",True
flavio,20,12,Um novo caminho,"O Brasil precisa de uma alternativa liberal, conservadora, reformista e corajosa: um Estado eficiente, que cumpra bem o que é seu dever, pare de atrapalhar quem trabalha e volte a servir o cidadão, respeitando seus valores. Governar é devolver ao cidadão a segurança, a liberdade e as oportunidades para construir o próprio destino.",seguranca_publica;costumes_religiao,,False,False,"Defesa de um Estado liberal e conservador focado em segurança, liberdade e valores.",True
flavio,21,13,BRASIL SEM MEDO A soberania começa na porta da sua casa,"Nenhuma família vive, trabalha ou prospera sob o domínio do medo. Antes de qualquer outra coisa, o brasileiro precisa poder deixar o filho ir à escola, abrir a porta do comércio de manhã e voltar para casa à noite sem rezar para chegar inteiro. Segurança não é um tema entre outros: é a condição para todos os demais. Sem ela, não há emprego que vingue, negócio que abra, criança brincando na rua nem futuro que se construa.",seguranca_publica;emprego;costumes_religiao,criancas_familias,False,False,Defende a segurança pública como condição essencial para a prosperidade e vida familiar.,True
flavio,22,13,BRASIL SEM MEDO A soberania começa na porta da sua casa,"Por isso a jornada deste Plano começa aqui, devolvendo o Brasil às mãos de quem trabalha e tirando-o do controle do crime. O que se segue não é discurso: é um conjunto de medidas duras, concretas e aplicáveis desde o primeiro dia, para que quem volte a mandar no Brasil seja a lei. Terrorista vai ser tratado como terrorista Vamos declarar guerra ao crime organizado. PCC, CV, milícias e todas as outras facções serão declaradas como organizações narcoterroristas. Elas serão combatidas com força, inteligência e integração para que seus líderes sejam presos e seus negócios ilícitos, asfixiados. Vamos seguir o dinheiro do crime: bloquearemos ativos e desarticularemos a lavagem de dinheiro que sustenta as facções. Bandido armado com fuzil na mão vai ser abatido pelas forças de segurança. Vamos fazer consórcios e convênios com estados e municípios para investir em inteligência, retomada de territórios alinhada a políticas públicas estruturantes, tecnologia, armamentos de última geração e valorização do policial. Quem vai voltar a mandar no Brasil será a lei. O crime do menor não é menor O novo governo do Brasil vai apoiar e sancionar a redução da maioridade penal de 18 para 16 anos. Vamos punir também maiores de 14 anos que cometerem crimes graves, como estupro, tráfico, tortura e assassinato. Quem comete crime como gente grande vai ser punido como gente grande. Tropa de elite nas fronteiras Hoje, temos 16 mil quilômetros de fronteiras abertas e um efetivo de 1 policial para cada 100 quilômetros. Esse “liberou geral” vai acabar. Vamos criar o Sistema Nacional de Fronteira, uma tropa de elite do Exército, da Marinha e",seguranca_publica,,True,True,"Combate ao crime organizado, redução da maioridade penal e reforço na segurança das fronteiras.",True
flavio,23,14,BRASIL SEM MEDO A soberania começa na porta da sua casa,"da Força Aérea Brasileira, equipada com armas de guerra, inteligência e tecnologia, responsável por criar um paredão na fronteira. Fuzis e drogas que abastecem 100% das facções serão interceptados por terra, pelos portos e pelo espaço aéreo. Vamos desorganizar o crime organizado e asfixiar o crime física e financeiramente.",seguranca_publica;soberania_nacional,,True,True,Criação de paredão na fronteira com a FAB para interceptar armas e drogas.,True
flavio,24,14,"Mais presídios, menos bandidos soltos","O Brasil terá 5 novos presídios de segurança máxima no modelo adotado por El Salvador. Junto com os atuais 5 presídios federais, eles formarão o Complexo Federal de Segurança Máxima. Para tirar o medo do cidadão e botar medo no bandido, ele vai se chamar TREVA. Chefes de quadrilha e marginais de alta periculosidade serão tirados de circulação e isolados. Com isso, os bandidos vão deixar de controlar as facções criminosas de dentro dos presídios, como ocorre hoje. Eles vão viver sem celular, sem visita íntima e com visitas monitoradas. Em parceria com os governos estaduais, vamos criar meio milhão de novas vagas no sistema prisional em 4 anos e zerar o déficit carcerário. Quem comete crimes graves vai entender que prisão é punição. Cortar o mal pela raiz Vamos usar a força da Presidência da República e a nossa experiência legislativa para aprovar e implementar a castração química de criminosos que abusam de mulheres e crianças. A medida deverá ser aplicada a estupradores e abusadores de crianças condenados pela Justiça. Criminoso que destrói a vida de mulheres e crianças não merece privilégio nem complacência do Estado. Quem comete esse tipo de crime perde o direito de receber qualquer tipo de tolerância do Estado e deve enfrentar as punições mais duras permitidas pela lei.",seguranca_publica,mulheres;criancas_familias,True,False,Criação de presídios de segurança máxima e implementação de castração química para estupradores.,True
flavio,25,14,Tolerância zero para o feminicídio,Medida protetiva vai deixar de ser um pedaço de papel para ser um instrumento real de proteção às mulheres. Os agressores das mais de meio milhão de mulheres com medida protetiva no Brasil serão monitorados pelas autoridades com o uso de tornozeleiras eletrônicas. Vamos endurecer a lei e obrigar assassinos e agressores de mulheres a cumprir integralmente suas penas. Porque hoje o sistema liberta criminosos depois de 55% do tempo da pena. Isso vai acabar. É cadeia o tempo todo: do primeiro ao último dia.,,mulheres,True,True,Monitoramento de agressores com tornozeleiras e cumprimento integral de penas para feminicidas.,True
flavio,26,15,Acabar com a cocaína “made in Brazil”,"Não plantamos coca nem produzimos cocaína. Mas, sob Lula e o PT, o Porto de Santos se tornou um dos maiores exportadores de cocaína do mundo. Nós vamos usar tropas especiais da Marinha e da Aeronáutica para ocupar e monitorar, de forma permanente, os portos e aeroportos brasileiros. Traficante que resistir e enfrentar o Estado vai ser preso ou vai virar pó. Menos verbo mais verba O novo governo do Brasil vai dobrar os investimentos federais em segurança pública ao longo do mandato. O blá-blá-blá ideológico da esquerda não traz resultados práticos. Dados do Ministério da Fazenda apontam que o Governo Federal destina somente 0,4% dos seus gastos à segurança pública. Assim, fica difícil combater o crime. Quem tem que viver em paz é o cidadão de bem, não as facções do mal. Não se combate o crime a quatro meses de uma eleição com discurso e PowerPoint, como faz Lula e o PT, depois de 18 anos no poder passando pano para bandido.",seguranca_publica,,True,True,Ocupação de portos e aeroportos por tropas especiais e dobra de verbas de segurança.,True
flavio,27,15,"Luz, câmara, prisão","Vamos implantar o Muralha Brasileira - um sistema nacional de reconhecimento facial integrado a bancos de dados criminais, inspirado no Smart Sampa, da Prefeitura de São Paulo, e no Muralha Paulista, do Governo do Estado. Além de localizar foragidos e prevenir crimes, vamos vigiar portos, aeroportos e áreas públicas com mais de 1 milhão de novas câmeras espalhadas por todo o país. Bandido não vai ter mais onde se esconder. Auxílio das famílias das vítimas, não dos bandidos O novo Governo do Brasil vai colocar a vítima em primeiro lugar. Os recursos hoje direcionados às famílias de detentos serão redirecionados às famílias das vítimas, conforme recomendado pela ONU e por tratados internacionais dos quais o Brasil é signatário, embora Lula e o PT nunca os tenham cumprido. Sem desconto para a barbárie Hoje, 4 em cada 10 presos soltos após o cumprimento da pena ou libertados por progressão de regime voltam a cometer crimes. Por isso, o novo Governo do Brasil vai usar toda a sua força para acabar com a progressão de regime de quem comete crimes hediondos. Quem tirar uma vida vai cumprir",seguranca_publica,,True,True,"Implementação de vigilância facial, redirecionamento de auxílios e fim da progressão de regime.",True
flavio,28,16,"Luz, câmara, prisão","integralmente sua condenação para proteger a sociedade e para que os bandidos entendam, antes de cometerem seus crimes, que aqueles que desafiarem a lei vão mofar na prisão.",seguranca_publica,,False,False,Defesa do cumprimento integral de penas para coibir a criminalidade.,True
flavio,29,16,"Luz, câmara, prisão","Quem não entrar na linha vai ser desligado da sociedade Ao contrário do que diz Lula, que ofende os brasileiros mais humildes, pobre não gosta de comprar celular roubado. Pobre compra parcelado em 12 vezes. Por isso, o novo Governo do Brasil vai jogar duro com quem rouba, furta e comercializa celulares roubados. Criminoso que for pego roubando celular vai ficar preso. Quem furta ou revende um aparelho fruto de crime vai ter a pena inicial quadruplicada, também sem benefícios. E o que está em jogo não é só um aparelho: são as fotos da família, o acesso ao banco, os documentos, a intimidade e, muitas vezes, a ferramenta de trabalho de quem depende dele para viver. Muitos brasileiros perdem a vida em roubos de celular. Vamos acabar com essa indústria do crime e do assassinato.",seguranca_publica,baixa_renda,True,False,"Promete endurecer penas e prisões para quem rouba, furta ou revende celulares.",True
flavio,30,17,BRASIL POR ELAS fortalecer as mulheres é fortalecer a família,"Mais da metade das famílias brasileiras é chefiada por uma mulher. Quando ela é protegida, capacitada e tem renda própria, não é só a vida dela que muda: é a da família inteira. Este Plano respeita todos os arranjos familiares e a liberdade de cada mulher decidir o próprio caminho, seja no cuidado do lar, seja no mercado de trabalho. O Brasil por Elas foi criado para garantir que nenhuma mulher deixe de ter escolha por falta de informação, de proteção, de renda ou de oportunidade.",emprego;renda_salario_minimo;costumes_religiao,mulheres;criancas_familias,False,False,Valorização da autonomia financeira e proteção da mulher para fortalecer a estrutura familiar.,True
flavio,31,17,BRASIL POR ELAS fortalecer as mulheres é fortalecer a família,"É o maior programa de inclusão digital, proteção e crescimento financeiro da história do país, construído sobre uma convicção simples: a internet é a maior infraestrutura de prosperidade social do século XXI, e conectar uma mulher é abrir a ela as portas do estudo, do trabalho, do crédito e da proteção. Este não é um capítulo isolado dos demais. O Brasil por Elas é a jornada deste Plano vista pelos olhos de quem mais precisa dela, e atravessa todos os outros eixos: a segurança do Brasil sem Medo, a desburocratização do Brasil sem Fila, a educação do Brasil que Prepara, o crédito e a casa própria do Brasil que Prospera. O que se faz por elas aqui reaparece, com o nome delas, ao longo de todo o plano. São doze compromissos com elas, e com o Brasil. Central da Mulher um único lugar para resolver tudo A Central da Mulher será um espaço físico onde a mulher resolve a vida sem perder tempo nem percorrer a cidade inteira. Nela, encontrará acolhimento e proteção, orientação jurídica e apoio psicológico, saúde preventiva, qualificação e cadastramento, a possibilidade de se candidatar a vagas de emprego, orientação para abrir o próprio negócio, crédito, renegociação de dívidas, regularização da casa e acesso a benefícios. Vamos abrir essas centrais em todo o Brasil, em parceria com estados e municípios, em imóveis da União e em conjunto com o Sistema S e instituições públicas e privadas. E teremos unidades itinerantes, como caminhões adaptados que percorrerão o país de ponta a ponta e, onde for preciso, barcos adaptados para atender a população ribeirinha e mais distante.",emprego;costumes_religiao;programas_sociais,mulheres;criancas_familias,True,False,Criação de Centrais da Mulher para oferecer serviços integrados de apoio e inclusão digital.,True
flavio,32,18,tudo na palma da mão,"O mesmo lugar que existe perto de casa também estará dentro do celular. Todos os serviços oferecidos nos espaços físicos estarão disponíveis no aplicativo, que vai conectar as mulheres de todo o Brasil, oferecendo trilhas de proteção e de capacitação e o acompanhamento personalizado de toda a jornada.",,mulheres,True,False,Criação de aplicativo com serviços de proteção e capacitação para mulheres.,True
flavio,33,18,conectar pessoas é conectar oportunidades,"Vamos conectar o Brasil, porque a internet é a infraestrutura da prosperidade no século XXI. Garantiremos pacotes de internet para que nenhuma mulher deixe de estudar, se capacitar, buscar emprego, empreender ou pedir ajuda por falta de conexão. É o que dará acesso ao aplicativo, aos cursos da Escola Brasil por Elas, à ClarIA, à busca por vagas de emprego, à marcação de exames e aos demais serviços da plataforma.",emprego;educacao,mulheres;estudantes;empreendedores,True,False,"Garantia de pacotes de internet para mulheres acessarem educação, emprego e serviços públicos.",True
flavio,34,18,a amiga virtual que acompanha cada etapa da jornada,"A ClarIA estará ao lado da mulher em cada passo. Sempre que surgir uma dúvida ou um problema, ela será a guia, oferecendo atendimento personalizado, orientação e encaminhamento imediato, como ter uma amiga disponível 24 horas por dia. Inspirada nas mais avançadas plataformas de inteligência artificial, com uma experiência simples e acessível, ela acompanha a jornada ao longo do tempo, cria um histórico, envia lembretes e sugere oportunidades de acordo com o perfil de cada uma. Vai orientar como acompanhar a medida protetiva, como agendar mamografia e outros exames, como procurar apoio psicológico, como conseguir um emprego melhor, como obter crédito para abrir um negócio e como comprar a primeira casa, entre muitas outras.",emprego;moradia_mcmv,mulheres,True,False,"Criação da ClarIA, assistente virtual para orientar mulheres em saúde, segurança, emprego e moradia.",True
flavio,35,18,a tecnologia vai impedir que a violência aconteça,"Quem vive com medo não pode esperar. Vamos modernizar e integrar os canais de denúncia, reunindo o Ligue 180, as delegacias online, o botão de",seguranca_publica,,True,False,Modernização e integração de canais de denúncia contra a violência.,True
flavio,36,19,a tecnologia vai impedir que a violência aconteça,"emergência e as centrais de monitoramento em uma plataforma inteligente de resposta rápida. Pelo chat da ClarIA será possível registrar ocorrência, pedir medida protetiva e receber orientação e acolhimento. Vamos implantar um sistema nacional de avaliação de risco, para que cada denúncia receba atendimento proporcional ao nível da ameaça, priorizando os casos mais graves. E vamos monitorar por tornozeleira eletrônica os agressores sob medida protetiva de maior risco, alertando de imediato as autoridades e a vítima em caso de descumprimento da ordem judicial ou de aproximação indevida.",seguranca_publica,,True,False,"Implementação de plataforma inteligente, sistema de risco e monitoramento de agressores via tornozeleira.",True
flavio,37,19,da proteção ao patrimônio,"Muitas mulheres permanecem em relações abusivas porque não têm condições financeiras de recomeçar. Nosso compromisso é ajudar cada uma a conquistar a independência. Vamos oferecer orientação financeira, do primeiro salário ao primeiro patrimônio, com programas para organizar a vida financeira: cuidar do orçamento doméstico, sair do endividamento, criar poupança e se proteger do impacto das apostas online sobre a família. O foco é fortalecer a autonomia econômica e proteger a renda familiar. Ganha, Ganha atitude que vira benefício O Brasil tem cerca de 10 milhões de mulheres empreendedoras, responsáveis pelo sustento de milhões de famílias, e mesmo sendo em média mais escolarizadas ainda enfrentam mais dificuldade para acessar crédito e pagam juros mais altos. Elas fazem a coisa certa todos os dias, mas não recebem nada por isso, e esse esforço merece ser reconhecido.",endividamento_apostas;costumes_religiao,mulheres;empreendedores;criancas_familias,True,True,Apoio à independência financeira de mulheres em relações abusivas e fomento ao empreendedorismo feminino.,True
flavio,38,19,da proteção ao patrimônio,"Com o Ganha, Ganha, atitudes como concluir cursos de capacitação, trabalhar de forma regular, poupar e pagar as contas em dia passarão a gerar pontuação positiva. Esses pontos poderão ser convertidos em benefícios concretos: juros menores, cashback, acesso facilitado ao crédito, descontos em serviços e incentivo à poupança. Quem hoje é invisível ao sistema financeiro poderá construir um histórico positivo, baseado não só no passado financeiro, mas no compromisso com a família, o trabalho e o futuro.",emprego;costumes_religiao,,True,False,Criação de sistema de pontuação por comportamento positivo para facilitar acesso a crédito.,True
flavio,39,20,da proteção ao patrimônio,"A CAIXA Econômica Federal, o Banco da Amazônia e o Banco do Nordeste serão motores dessa prosperidade, ampliando o programa CAIXA Pra Elas e ajudando milhões de mulheres a construir reputação financeira e formar patrimônio ao longo da vida.",,mulheres,True,False,Ampliação do programa CAIXA Pra Elas para fomentar a autonomia financeira de mulheres.,True
flavio,40,20,a proteção começa pelo lar,"Vamos ampliar os espaços de acolhimento para mulheres em situação de violência, porque nenhuma mulher deve continuar ao lado do agressor por não ter para onde ir. E vamos assessorar a mulher a obter a escritura da casa própria no seu nome, uma das formas mais sólidas de autonomia e de proteção contra a violência doméstica: um patrimônio que é dela e que um dia passará aos filhos, aconteça o que acontecer. Essa é uma agenda que já mostrou resultado: durante o governo Bolsonaro, dos cerca de 450 mil títulos de propriedade rural entregues, 90% foram destinados a mulheres. Escola Brasil por Elas mais conhecimento e capacitação às mulheres A Escola Brasil por Elas será o maior programa gratuito de capacitação feminina da América Latina, integrado aos cursos do Sistema S e a parcerias público-privadas. Para quem quer empreender, trabalhar de casa ou conseguir um emprego melhor, ela oferecerá formação em inteligência artificial, programação, marketing digital, finanças, idiomas e muito mais. Todos os cursos, online ou presenciais, terão certificado ao final e conexão com vagas de emprego e trilhas para quem deseja abrir o próprio negócio. Mais Trabalho para Elas mais emprego, mais renda, mais independência Vamos criar um sistema que integre vagas de emprego, qualificação, abertura simplificada de empresa, apoio ao pequeno negócio e intermediação de mão de obra. E vamos montar um grande banco de dados conectado ao RH de empresas de todo o país, para impulsionar de forma mais segura a colocação de mais mulheres no mercado de trabalho.",emprego;moradia_mcmv;educacao,mulheres;empreendedores,True,True,"Ampliação de acolhimento, titulação de imóveis e capacitação profissional para mulheres.",True
flavio,41,21,o cuidado como parte da economia,"As mulheres dedicam quase o dobro de horas dos homens ao trabalho doméstico, um cuidado não remunerado que equivale a cerca de 8,5% do PIB brasileiro. Vamos ampliar a oferta de creches para as crianças desde a primeira infância, em período integral, com alimentação digna e foco no desenvolvimento infantil. Onde não houver vaga na rede pública, a família receberá um voucher-creche para acesso à rede privada credenciada até a vaga pública surgir, para que nenhuma mulher deixe de trabalhar, estudar ou empreender por falta de creche. Também estruturaremos uma Rede Nacional de Cuidado, ampliando o apoio a idosos e pessoas com deficiência, com centros-dia e atendimento domiciliar em parcerias público privado com estados, municípios e organizações sociais. Nosso compromisso é devolver às mulheres aquilo que hoje lhes falta: tempo, inclusive para cuidar de si mesmas. Saúde para Elas mais prevenção, menos filas Vamos cuidar da saúde da mulher de forma preventiva, sem fila longa, com atendimento perto de casa e também pelo celular, por telemedicina ou em postos de saúde que vamos ampliar e construir. O prontuário eletrônico integrado garantirá rastreamento e acompanhamento ao longo da vida, através de um banco de dados da saúde que conectará médicos de diferentes especialidades, e a mulher não perderá mais o dia inteiro de trabalho para cuidar da própria saúde. Vamos ampliar o acesso a exames preventivos, cuidando da mulher com câncer, na menopausa, na gestação ou que sofre de endometriose, por exemplo, e dar acesso também à saúde bucal. E teremos Unidades Móveis de Saúde da Mulher, ônibus ou caminhões adaptados que percorrerão o país, além de barcos adaptados para atender a população ribeirinha.",saude_sus;educacao;emprego,mulheres;criancas_familias;pessoas_com_deficiencia,True,True,"Ampliação de creches, rede de cuidado e saúde preventiva focada no público feminino.",True
flavio,42,21,o cuidado como parte da economia,O Brasil por Elas não divide o país entre homens e mulheres. Ao contrário: ele organiza o Estado a partir da realidade de quem já está à frente de milhões de famílias brasileiras. Uma mulher que se sente protegida denuncia o agressor,costumes_religiao,mulheres;criancas_familias,False,False,Aborda a proteção da mulher e a organização do Estado com foco na família.,True
flavio,43,22,o cuidado como parte da economia,sem medo. Uma mulher com acesso a crédito tem coragem de abrir o próprio negócio. Uma mulher que sabe que pode contar com uma creche volta a trabalhar. Uma mulher com a casa no próprio nome se sente segura e confia no futuro.,educacao;moradia_mcmv,mulheres,False,False,"Texto discute a importância do crédito, creches e moradia para a autonomia feminina.",True
flavio,44,22,o cuidado como parte da economia,Governar pensando nelas não é governar para uma parte do país: é fortalecer a base sobre a qual se apoiam as famílias brasileiras. Fortalecer as mulheres é fortalecer o Brasil inteiro.,costumes_religiao,mulheres;criancas_familias,False,False,Afirma que fortalecer as mulheres e a base familiar fortalece todo o Brasil.,True
flavio,45,23,BRASIL SEM FILA seu tempo é seu,"Poucas coisas revelam tanto o descaso de um governo quanto a fila. A fila do INSS, que chegou a 3 milhões de requerimentos no início de 2026, é um recorde absoluto. A fila do posto de saúde, onde o paciente refaz um exame que já fez porque ninguém encontrou o resultado. A fila do cartório, do banco, da repartição, para entregar ao Estado um papel que o próprio Estado já emitiu.",previdencia;saude_sus,,False,True,Diagnóstico sobre a ineficiência e a demora em filas de serviços públicos.,True
flavio,46,23,BRASIL SEM FILA seu tempo é seu,"Cada uma dessas filas cobra o mesmo preço: um dia de trabalho perdido. Para quem é assalariado, é uma falta. Para quem é autônomo, é a diária que não entrou. Para a mãe que precisa buscar o filho na creche, é a escolha entre resolver o problema e chegar a tempo. O tempo do brasileiro é tratado como se não valesse nada, quando é justamente o que ele tem de mais escasso. Ao longo de décadas, o Estado brasileiro foi organizado para a própria conveniência, não para a de quem paga por ele. São dezenas de portas de entrada, dezenas de cadastros, dezenas de sistemas que não conversam entre si. Nenhum resolve a vida de ninguém sozinho, e o cidadão é obrigado a percorrer todos.",emprego,mulheres;criancas_familias,False,False,Diagnóstico sobre a ineficiência do Estado e a perda de tempo do cidadão.,True
flavio,47,23,BRASIL SEM FILA seu tempo é seu,"Nós já mostramos que é possível fazer diferente. O governo do Presidente Jair Bolsonaro transformou o Brasil em uma referência mundial em governo digital: o Banco Mundial classificou o país como o sétimo do mundo em maturidade de governo digital, à frente de todas as nações das Américas, incluindo Estados Unidos e Canadá. A plataforma Gov.br chegou a 4,9 mil serviços do Governo Federal, com 75% deles totalmente digitalizados. O PIX deu a milhões de brasileiros um meio de pagamento instantâneo e gratuito, dispensando taxas bancárias. A Carteira de Trabalho Digital foi baixada por 65 milhões de brasileiros, e o seguro-desemprego passou a ser solicitado pelo próprio aplicativo. O idoso passou a fazer prova de vida pelo celular, sem sair de casa. E o Sistema Eletrônico dos Registros Públicos abriu caminho para que registros e consultas em cartório sejam feitos pela internet. Foi também o governo Bolsonaro que realizou o leilão do 5G, um dos maiores do mundo, trazendo ao país a rede de nova geração sobre a qual todos esses serviços passam a funcionar. E não foi só o cidadão que ganhou: também demos os",soberania_nacional,idosos_aposentados,False,True,Exaltação de conquistas do governo anterior em digitalização de serviços públicos e tecnologia.,True
flavio,48,24,BRASIL SEM FILA seu tempo é seu,"Agora vamos concluir esse trabalho, com um Tesouraço da Burocracia que corta pela raiz o que faz o cidadão e o empreendedor perderem tempo. Nosso governo vai inverter de vez a lógica: o Estado passa a ser um só para quem procura por ele, e o tempo do brasileiro volta a ser dele.",,empreendedores,True,False,Promessa de redução da burocracia estatal para cidadãos e empreendedores.,True
flavio,49,24,conexão é o que dá acesso a tudo,"A internet é a infraestrutura da prosperidade no século XXI. É por ela que se marca uma consulta, se estuda para uma nova profissão, se procura emprego, se abre um negócio e se pede socorro. Um brasileiro sem conexão está fora de tudo isso, por mais serviços que o governo digitalize.",emprego,,False,False,Diagnóstico sobre a importância da conectividade para o acesso a serviços e oportunidades.,True
flavio,50,24,conexão é o que dá acesso a tudo,"Tratar a internet como infraestrutura é tratá-la como se trata uma estrada ou uma rede de energia: não é luxo, é o que permite que todo o resto funcione. Vamos garantir pacotes de conexão para que nenhum brasileiro deixe de estudar, se capacitar, buscar emprego, empreender ou pedir ajuda por falta de internet, com prioridade para as mulheres alcançadas pelo Brasil por Elas. E vamos levar conectividade às localidades de baixa cobertura, priorizando escolas, áreas rurais e regiões de fronteira, dando continuidade ao trabalho que, no governo Bolsonaro, já havia conectado mais de 11 milhões de pessoas, por meio da instalação de mais de 21.000 pontos de inclusão digital pelo Programa Wi-Fi Brasil.",emprego;educacao,mulheres;estudantes;empreendedores,True,True,"Garantir pacotes de conexão e expandir conectividade em escolas, áreas rurais e fronteiras.",True
flavio,51,24,conexão é o que dá acesso a tudo,"Digitalizar sem conectar é excluir. Nenhum serviço digital cumpre sua função para quem está fora da rede, e é por isso que a conexão vem antes de tudo neste capítulo.",,,False,False,Defesa da conectividade como pré-requisito essencial para a digitalização de serviços públicos.,True
flavio,52,24,"uma porta só, sem sair de casa","Hoje, o brasileiro precisa adivinhar qual órgão resolve o seu problema e depois provar a esse órgão aquilo que outro órgão já sabe. É o cidadão fazendo o trabalho de integração que o Estado deveria ter feito.",,,False,False,Crítica à burocracia estatal e à falta de integração entre órgãos públicos.,True
flavio,53,25,"uma porta só, sem sair de casa","Vamos digitalizar 100% dos serviços públicos do Governo Federal passíveis de digitalização, sob o princípio do digital by design, e eliminar a exigência de reapresentar documentos que o Estado já possui. Se o governo já tem a informação, não vai pedir de novo.",,,True,True,Digitalização total dos serviços federais e eliminação de redundância de documentos.,True
flavio,54,25,"uma porta só, sem sair de casa","A identidade digital única, com autenticação integrada ao Gov.br, permitirá que assistentes automatizados montem a trilha de serviços de cada cidadão, inclusive por comando de voz, o que facilita a vida de quem tem mais idade ou menos familiaridade com tecnologia. Em vez de o cidadão procurar o serviço, o serviço passa a encontrá-lo. Vamos assegurar que esses serviços sejam simples, intuitivos e acessíveis a qualquer cidadão.",,,True,False,Implementação de identidade digital única e assistentes automatizados para facilitar acesso a serviços.,True
flavio,55,25,"uma porta só, sem sair de casa","O Brasil se tornou uma das maiores referências mundiais em governo digital, graças ao trabalho do governo Bolsonaro. Vamos aprofundar essa liderança e fazê-la chegar a cada brasileiro, onde quer que ele viva, até que nenhum serviço público exija sair de casa ou perder o dia de trabalho.",emprego,,True,False,Ampliação do governo digital para eliminar a necessidade de deslocamento para serviços públicos.,True
flavio,56,25,o governo se antecipa à sua necessidade,"A inteligência artificial não precisa ser uma abstração distante. Bem usada pelo Estado, ela é o que permite que o governo antecipe a necessidade do cidadão, em vez de esperar que ele descubra sozinho a porta certa. Assistentes automatizados vão indicar a cada brasileiro os serviços e benefícios a que ele tem direito e o caminho para obtê-los, sem que ele precise descobrir sozinho a qual órgão recorrer. A ClarIA, apresentada no Brasil por Elas, acompanhará cada cidadão em sua jornada. E um aplicativo de companhia e alerta dará mais segurança a quem vive sozinho na terceira idade.",programas_sociais,idosos_aposentados,True,False,Uso de IA e assistentes automatizados para facilitar acesso a serviços e benefícios.,True
flavio,57,25,o governo se antecipa à sua necessidade,"O objetivo é simples: que o cidadão precise saber cada vez menos sobre como o governo funciona por dentro para conseguir o que precisa dele. Saúde digital e prontuário eletrônico único seu histórico de saúde vai com você Todos os anos, milhares de brasileiros morrem de doenças que poderiam ter sido tratadas a tempo, porque a informação sobre a própria saúde está",saude_sus,,True,False,Implementação de saúde digital e prontuário eletrônico único para os cidadãos.,True
flavio,58,26,o governo se antecipa à sua necessidade,"espalhada em papéis, sistemas e unidades que não conversam entre si. O médico que atende hoje não sabe o que outro médico já descobriu. Esse trabalho foi iniciado no Governo Bolsonaro: criamos o Conecte SUS e a rede nacional que deu ao cidadão acesso ao seu histórico e começou a conectar os sistemas de saúde do país. Agora vamos concluí-lo.",saude_sus,,True,False,Conclusão da integração de sistemas de saúde e do histórico do cidadão.,True
flavio,59,26,o governo se antecipa à sua necessidade,"Vamos implantar o prontuário eletrônico único, vinculado ao CPF e integrado ao Gov.br, interoperável entre as redes pública e privada, com histórico completo de consultas, exames, vacinas e prescrições, sempre observados o consentimento do paciente, a LGPD, o sigilo médico e os protocolos de segurança O ganho é direto e pode salvar a sua vida. O médico do pronto-socorro saberá na hora quais remédios você toma e a que você é alérgico. O especialista não vai pedir de novo o exame que você fez no mês passado, nem fazer você esperar mais um mês pelo resultado. Um problema detectado no posto de saúde não se perde no caminho até o hospital. Você deixa de carregar pastas de papel e de repetir a mesma história em cada atendimento, e passa a ser tratado por quem já conhece o seu caso.",saude_sus,,True,False,Implantação de prontuário eletrônico único integrado ao CPF e Gov.br para a saúde.,True
flavio,60,26,o governo se antecipa à sua necessidade,"Junto disso, vamos completar a digitalização do SUS e usar inteligência artificial para agilizar o agendamento de consultas e exames, ajudando a encaixar o paciente na primeira vaga disponível, para que ninguém mais fique meses aguardando uma marcação que poderia ser resolvida em muito menos tempo.",saude_sus,,True,False,Digitalização do SUS e uso de IA para agilizar agendamento de consultas e exames.,True
flavio,61,26,o aposentado não espera pelo que já é dele,"A atual gestão trouxe o caos ao sistema previdenciário. A fila de espera chegou a 3 milhões de requerimentos no início de 2026, um recorde absoluto, e cada número desses é um aposentado esperando pelo dinheiro que já lhe pertence. Em 2022, nós entregamos essa fila em queda.",previdencia,idosos_aposentados,False,True,Crítica à gestão atual devido ao aumento da fila de espera do INSS.,True
flavio,62,26,o aposentado não espera pelo que já é dele,"Vamos investir em tecnologia e digitalizar os processos do INSS, dando continuidade ao caminho do Meu INSS, e profissionalizar a gestão do órgão. Sai a gestão voltada a entidades sindicais, entra a gestão profissional, medida por uma coisa só: quanto tempo o aposentado espera para receber.",previdencia,idosos_aposentados,True,False,Digitalização do INSS e profissionalização da gestão para reduzir tempo de espera.,True
flavio,63,27,abrir e tocar um negócio sem labirinto,"Abrir uma empresa no Brasil já foi um calvário de semanas. Foi a Lei de Liberdade Econômica, aprovada em 2019 no governo Bolsonaro, que mudou esse quadro: dispensou alvarás e licenças para atividades de baixo risco, simplificou o registro e afirmou a presunção de boa-fé de quem produz. Demos um passo decisivo para tirar o empreendedor do labirinto. Mas esse avanço ainda não chegou a todos. Em muitos estados e municípios, abrir e manter uma empresa continua lento e caro, quando no vizinho já é simples. Vamos fazer o bom exemplo da liberdade econômica alcançar todo o país, em cada estado e município, para que a facilidade de empreender não dependa da sorte de onde a pessoa vive.",,empreendedores,True,False,Expandir a simplificação da abertura de empresas para todos os estados e municípios.,True
flavio,64,27,abrir e tocar um negócio sem labirinto,"E abrir é só o começo. O labirinto que mais sufoca está em manter o negócio de pé: as licenças, as exigências e a papelada do dia a dia que consomem o tempo de quem deveria estar produzindo. Vamos promover um amplo revogaço regulatório, revisando normas obsoletas e racionalizando procedimentos, com segurança jurídica para investir e crescer. Cada real gasto com burocracia é um real que deixa de virar máquina, estoque ou emprego. Para o pequeno empreendedor, o resultado é o tempo que deixa de gastar com papelada e passa a dedicar ao próprio negócio. Para quem procura emprego, é a vaga que existe porque a empresa pôde não só abrir, mas prosperar.",emprego,empreendedores,True,False,Promessa de revogaço regulatório para reduzir a burocracia e facilitar a manutenção de empresas.,True
flavio,65,27,"licença, outorga e título de propriedade sem espera","No campo, a burocracia tem custo direto sobre a produção de alimentos. Uma outorga de irrigação leva hoje, em média, 24 meses para ser concedida: são dois anos em que a terra produz menos do que poderia. E o pequeno produtor que não tem o título da sua terra não consegue crédito, não pode investir e não tem a segurança de que aquilo que ele trabalha é dele.",agricultura_familiar,rural_agricultores,False,False,Diagnóstico sobre a burocracia em outorgas de irrigação e regularização fundiária rural.,True
flavio,66,27,"licença, outorga e título de propriedade sem espera","Vamos simplificar as outorgas de irrigação e acelerar a regularização fundiária e a titulação do pequeno proprietário rural, retomando o ritmo de titulação que o governo Bolsonaro já havia acelerado, como detalhado no",agronegocio_meio_ambiente,rural_agricultores,True,False,Simplificar outorgas de irrigação e acelerar a regularização fundiária e titulação rural.,True
flavio,67,28,"licença, outorga e título de propriedade sem espera","Vamos instituir a rastreabilidade completa das cadeias produtivas, integrando em um só sistema os cadastros fundiários e ambientais, as guias de trânsito animal, as autorizações de supressão vegetal e o monitoramento por satélite. Esse mesmo sistema identifica o pequeno produtor não para vigiá-lo, mas para reconhecê-lo: quem hoje é invisível para o poder público passa a ser visto, e quem é visto pode ser atendido, com acesso a crédito, a programas de apoio e à garantia de que a sua produção tem origem comprovada. Com isso, separamos definitivamente o produtor que cumpre a lei daquele que a viola — e quem produz corretamente deixa de pagar, em desconfiança e em papelada, pelo que o infrator faz. Em vez de prestar a mesma informação a vários órgãos, o produtor a presta uma vez só. Menos tempo na fila, menos papel, menos labirinto. Para o cidadão, é o dia de trabalho que não se perde. Para quem produz, é o investimento que sai do papel e o emprego que vem com ele.",agronegocio_meio_ambiente;agricultura_familiar;emprego,rural_agricultores,True,False,Criação de sistema integrado de rastreabilidade fundiária e ambiental para desburocratizar o agronegócio.,True
flavio,68,29,BRASIL MAIS BARATO para sobrar dinheiro no fim do mês,"O povo se sente humilhado ao frequentar os supermercados. De nada adiantam promessas de picanha e cervejinha quando, na hora de passar no caixa, o carrinho está cada vez mais vazio e a conta, cada vez mais alta. Até as embalagens encolheram: o mesmo preço compra menos café, menos chocolate, menos de tudo. Porque, antes da embalagem, quem encolheu foi o poder de compra da família.",custo_de_vida_inflacao_alimentos,criancas_familias,False,False,Diagnóstico sobre a inflação dos alimentos e a perda do poder de compra.,True
flavio,69,29,BRASIL MAIS BARATO para sobrar dinheiro no fim do mês,"Essa é a pergunta que abre este Plano e a que mais aperta o brasileiro: como pago as contas este mês? Ela não se responde com discurso. Responde-se com o preço do arroz, com o valor da conta de luz, com o quanto sobra depois de pagar o gás, o transporte e a prestação.",custo_de_vida_inflacao_alimentos;transporte_mobilidade,,False,False,Diagnóstico sobre a dificuldade do brasileiro em arcar com as contas mensais.,True
flavio,70,29,BRASIL MAIS BARATO para sobrar dinheiro no fim do mês,"O governo do PT tornou tudo mais caro, e não por acaso. Foram 30 aumentos de tributos, a inflação de alimentos fora de controle e a maior taxa de juros em 19 anos. O Brasil tem hoje a maior taxa de juro real do mundo! Em quatro anos, a dívida pública cresceu 13 pontos percentuais em relação ao PIB. Quando o governo gasta mais do que arrecada, a conta não desaparece: ela volta para a família em forma de imposto no preço, de juro no cartão e de dinheiro que compra menos. Os dados de 2026 confirmam o que a família sente: o endividamento das famílias mais pobres bateu recorde, 85% das que ganham até três salários mínimos estão endividadas, e, de cada R$ 100 que entram no orçamento, sobram pouco mais de R$ 20 depois das contas e das dívidas.",custo_de_vida_inflacao_alimentos;impostos_isencao_ir;endividamento_apostas,baixa_renda;criancas_familias,False,True,"Diagnóstico sobre inflação, alta de impostos e endividamento das famílias brasileiras.",True
flavio,71,29,BRASIL MAIS BARATO para sobrar dinheiro no fim do mês,"Nós já mostramos que o caminho é outro. Mesmo enfrentando a maior pandemia em cem anos, reduzimos em 4 pontos percentuais a relação entre a dívida e o PIB. No governo Bolsonaro, a redução de tributos chegou ao dia a dia das famílias: caiu a conta de energia elétrica, caiu a conta de telefone, caiu o preço da gasolina e ficou mais barato comprar bens de consumo, de um fogão a uma geladeira. Também foi ali que nasceu o PIX, que tirou do brasileiro mais pobre o peso das tarifas bancárias.",custo_de_vida_inflacao_alimentos;impostos_isencao_ir;soberania_nacional,baixa_renda;criancas_familias,False,False,Relata reduções de tributos e preços e a criação do Pix no governo anterior.,True
flavio,72,30,o preço na prateleira também é feito de tributo,"Boa parte do que o brasileiro paga no supermercado não é comida: é imposto. E quem sente primeiro é quem tem menos, porque gasta quase tudo o que ganha justamente naquilo que é mais tributado. A comparação com outros países é dramática: com a atual reforma tributária, o Brasil caminha para ter um dos maiores impostos sobre valor agregado (IVA) do mundo, projetado em torno de 30%, contra uma média de 19% nos países da OCDE, e menos ainda em vários vizinhos.",custo_de_vida_inflacao_alimentos;impostos_isencao_ir,,False,True,Crítica ao impacto dos impostos e do IVA no preço dos alimentos.,True
flavio,73,30,o preço na prateleira também é feito de tributo,"Isso porque a reforma tributária aprovada pela atual gestão foi entregue ao sabor dos lobbies. Toda a transição ficou para os mandatos seguintes, o que evitou desgaste político para quem a aprovou, permitiu que os mais fortes vencessem e deixou para a população um custo que se aproxima de R$ 1 trilhão, sem fonte orçamentária definida nos dois fundos criados pela reforma, além de mais de R$ 500 bilhões em exceções decorrentes dos lobbies, que passaram a ser permanentes.",impostos_isencao_ir;custo_de_vida_inflacao_alimentos,,False,True,"Crítica à reforma tributária atual, alegando influência de lobbies e custos à população.",True
flavio,74,30,o preço na prateleira também é feito de tributo,"Vamos promover a revisão e o redimensionamento da reforma tributária em curso e da majoração de impostos efetuada pelo atual governo, com o objetivo de reduzir efetivamente a carga sobre a produção e o consumo. Vamos corrigir suas distorções, reduzir o IVA, hoje projetado num dos patamares mais altos do mundo, e assegurar a não cumulatividade, para que não se cobre imposto sobre imposto. Assim a reforma fica mais equilibrada, preservando a simplificação e a aderência às melhores práticas internacionais. O esforço de simplificação continuará: menos impostos, legislação unificada, desoneração das exportações e dos investimentos e redução das exceções, para que grupos parecidos paguem impostos parecidos. O círculo virtuoso é claro: menos impostos, mais formalidade, mais crescimento.",impostos_isencao_ir;custo_de_vida_inflacao_alimentos,,True,False,Promete revisar a reforma tributária e reduzir o IVA para baixar a carga tributária.,True
flavio,75,30,o preço na prateleira também é feito de tributo,"O resultado que o brasileiro precisa ver não é uma alíquota no papel: é o preço menor na prateleira, na bomba de combustível e na conta que chega todo mês.",custo_de_vida_inflacao_alimentos;impostos_isencao_ir,,False,False,Defesa da redução de preços ao consumidor final através da diminuição de tributos.,True
flavio,76,31,"você paga pela energia, não por encargos que não entende","Poucos brasileiros conseguem explicar a própria conta de luz, e não é por falta de atenção. A conta virou um amontoado de encargos, subsídios cruzados e siglas que ninguém decifra: o consumidor paga a energia que usou e paga também por uma série de contas que não são dele.",custo_de_vida_inflacao_alimentos,,False,False,Diagnóstico sobre a complexidade e a composição de encargos na conta de luz.,True
flavio,77,31,"você paga pela energia, não por encargos que não entende","Vamos simplificar a conta de luz, racionalizando encargos e subsídios cruzados, e promover a redução gradual da CDE e das fontes incentivadas, mantida a tarifa social para quem mais precisa dela. Vamos reduzir impostos sobre energia elétrica e combustíveis, buscar segurança energética ao menor preço possível para o consumidor e regular as diversas fontes com um único norte: o menor preço final para quem paga a conta.",custo_de_vida_inflacao_alimentos;impostos_isencao_ir,,True,False,"Redução de impostos, encargos e subsídios na conta de luz e combustíveis.",True
flavio,78,31,"você paga pela energia, não por encargos que não entende","Energia mais barata aparece no fim do mês: é a conta que cabe no orçamento, o chuveiro que a família liga sem medo, a padaria que não repassa o custo ao pão e a fábrica que não precisa demitir para pagar a luz.",custo_de_vida_inflacao_alimentos,criancas_familias,False,False,Defesa da redução do custo da energia para beneficiar famílias e empresas.,True
flavio,79,31,o Brasil produz alimento; o brasileiro precisa poder comprá-lo,"O Brasil é um dos maiores produtores de alimentos do mundo, e ainda assim há brasileiro passando aperto para encher o carrinho. Parte importante da explicação está no caminho entre a lavoura e a prateleira. O custo logístico no Brasil é de 15,5% do PIB, quase o dobro dos 8,8% dos Estados Unidos. Essa diferença não fica no meio do caminho: ela chega ao preço final e é paga pela família.",custo_de_vida_inflacao_alimentos,criancas_familias,False,True,Diagnóstico sobre como a logística cara encarece os alimentos para as famílias brasileiras.,True
flavio,80,31,o Brasil produz alimento; o brasileiro precisa poder comprá-lo,"Vamos criar os Corredores Logísticos Inteligentes, com foco direto na redução do custo de transporte, e ampliar o Seguro Rural, dando previsibilidade a quem planta: safra protegida é oferta garantida, e oferta garantida é preço estável.",transporte_mobilidade;custo_de_vida_inflacao_alimentos;agronegocio_meio_ambiente,rural_agricultores,True,False,Criação de corredores logísticos e ampliação do seguro rural para estabilizar preços.,True
flavio,81,31,o Brasil produz alimento; o brasileiro precisa poder comprá-lo,"Vamos também ampliar a capacidade de armazenamento das safras, hoje insuficiente para o que o país produz. Sem armazém, boa parte da colheita precisa ser escoada de uma vez, e o Brasil passa o resto do ano dependendo de estoque de terceiros, quando não de importação. O resultado chega à sua casa em forma de sobressalto: o preço que dispara na entressafra, o produto",custo_de_vida_inflacao_alimentos,,True,False,Ampliar a capacidade de armazenamento de safras para reduzir preços de alimentos.,True
flavio,82,32,o Brasil produz alimento; o brasileiro precisa poder comprá-lo,"que some da prateleira, a mesma compra que custa uma coisa em um mês e outra bem diferente no seguinte. Com armazenagem, o alimento fica disponível o ano inteiro, e a conta do supermercado deixa de ser uma surpresa a cada visita.",custo_de_vida_inflacao_alimentos,,False,False,Diagnóstico sobre a instabilidade de preços e disponibilidade de alimentos nos supermercados.,True
flavio,83,32,o Brasil produz alimento; o brasileiro precisa poder comprá-lo,"Cada real economizado no frete é um real a menos no preço do arroz, do feijão e da carne. É assim que a produção do campo vira comida acessível na mesa da cidade.",custo_de_vida_inflacao_alimentos,,False,False,Relaciona a redução de custos no frete à queda nos preços dos alimentos.,True
flavio,84,32,o Brasil produz alimento; o brasileiro precisa poder comprá-lo,"Comida barata também é segurança alimentar: um país que produz o próprio alimento não fica refém do preço lá de fora. Hoje, porém, o Brasil importa a maior parte dos fertilizantes que usa para produzir, e quando o preço dispara no exterior, é a comida que encarece aqui dentro. Vamos apoiar a produção nacional de fertilizantes, com os minerais que o Brasil possui, como o potássio e o fosfato, para que a mesa do brasileiro não dependa do que acontece do outro lado do mundo. Garantir que o Brasil produza o que come é garantir comida na mesa a preço justo.",custo_de_vida_inflacao_alimentos,,True,False,Apoiar a produção nacional de fertilizantes para reduzir preços dos alimentos.,True
flavio,85,32,sair da dívida é o primeiro passo para juntar dinheiro,"Milhões de famílias brasileiras trabalham o mês inteiro para pagar juros. O salário entra e sai quase todo para cobrir o rotativo do cartão, o cheque especial e o carnê atrasado. Não é falta de esforço: é o custo do dinheiro em um país onde o governo é o maior tomador de empréstimos, o que empurrou o país para a maior taxa de juros básica em 19 anos e, por consequência, pressionou o custo dos empréstimos para as famílias e as empresas. Ao contrário das vergonhosas declarações dos ministros da Fazenda da atual gestão, os juros altos são consequência da dívida crescente. Juros menores não se decretam: conquistam-se com contas em ordem, e não há conta em ordem quando o governo gasta mais do que arrecada. Já quando as contas se organizam, o resultado aparece: o governo Bolsonaro praticou a menor taxa de juros média desde o início do Plano Real. Dados do Boletim Focus de outubro de 2022, antes da eleição, previam taxa selic cerca de 7 pontos percentuais abaixo do que se praticou em 2025 e 2026.",endividamento_apostas,criancas_familias,False,False,"Diagnóstico sobre a relação entre gastos públicos, dívida governamental e juros elevados.",True
flavio,86,33,sair da dívida é o primeiro passo para juntar dinheiro,"Ao estabilizar e reduzir a dívida pública, nosso governo vai criar as condições para que os juros básicos fiquem em linha com a média internacional e para que a inflação volte ao centro da meta. É o que permite que o crediário, o financiamento da casa e o capital de giro do pequeno negócio deixem de ser impagáveis.",custo_de_vida_inflacao_alimentos;moradia_mcmv,,True,False,"Reduzir a dívida pública para baixar juros, inflação e custos de financiamento.",True
flavio,87,33,sair da dívida é o primeiro passo para juntar dinheiro,"Vamos também atacar o que empurra a família para a dívida. As apostas online consomem o dinheiro do mês antes mesmo de ele chegar em casa, corroendo a renda da população mais vulnerável. Vamos proibir o uso dos recursos dos programas sociais para apostas, porque dinheiro destinado a pôr comida na mesa não pode escoar para a casa de apostas, e promover campanhas educativas e de conscientização sobre os riscos do endividamento com jogos. E vamos ampliar a orientação financeira, pela rede da CAIXA, para que o brasileiro aprenda a sair do vermelho, organizar o orçamento e começar a poupar.",endividamento_apostas;programas_sociais,baixa_renda;criancas_familias,True,False,Proibir uso de programas sociais em apostas e ampliar orientação financeira via Caixa.,True
flavio,88,33,sair da dívida é o primeiro passo para juntar dinheiro,"Menos imposto no preço, conta de luz mais simples, comida mais estável e juros menores somam uma coisa só: o mesmo salário comprando mais. Para o aposentado, que vive de renda fixa e é o primeiro a sentir a alta de preços, isso é a diferença entre chegar ao fim do mês com o remédio comprado ou ter de escolher entre o remédio e o mercado.",custo_de_vida_inflacao_alimentos;impostos_isencao_ir;previdencia,idosos_aposentados,False,False,Análise sobre como a redução de impostos e preços aumenta o poder de compra.,True
flavio,89,33,sair da dívida é o primeiro passo para juntar dinheiro,"Nada disso é abstração de economista. Poder de compra são as famílias que conseguem comprar o material escolar do filho. São os lares que põem carne no prato na todos os dias, e não só no domingo. É a família que, pela primeira vez em muito tempo, termina o mês com algum dinheiro sobrando — e é dali que começa a casa própria, o negócio próprio e o futuro que este Plano promete.",moradia_mcmv;educacao,criancas_familias,False,False,Texto discorre sobre a importância do poder de compra para a qualidade de vida.,True
flavio,90,34,BRASIL QUE PREPARA para sua família ter as ferramentas para vencer,"Toda família brasileira quer a mesma coisa: que o filho tenha uma vida melhor do que a sua. É o pacto silencioso de todo pai e toda mãe que acordam cedo, trabalham muito e economizam no próprio prato para que o filho estude e vá mais longe.",costumes_religiao,criancas_familias,False,False,Texto reflexivo sobre o desejo dos pais de proporcionar melhor futuro aos filhos.,True
flavio,91,34,BRASIL QUE PREPARA para sua família ter as ferramentas para vencer,"Preparar uma família para a vida envolve a criança que aprende a ler na idade certa e o jovem que sai da escola sabendo fazer algo que o mercado precisa. Envolve a mãe que só consegue trabalhar se tiver onde deixar o filho pequeno, e o filho que só cresce na carreira se tiver com quem deixar o pai idoso. Envolve a saúde, porque criança doente não aprende e adulto doente não trabalha. E envolve o esporte, que tira o jovem da rua e ensina o que a sala de aula sozinha não ensina. Tudo isso faz parte do que é necessário para uma família subir na vida pelo próprio esforço.",educacao;saude_sus,criancas_familias;jovens;mulheres,False,False,"Diagnóstico sobre a importância da educação, saúde e apoio familiar para a ascensão social.",True
flavio,92,34,BRASIL QUE PREPARA para sua família ter as ferramentas para vencer,"O Estado brasileiro tem falhado em quase tudo isso: faltou ensino de qualidade, faltou creche para a mãe trabalhar, faltou saúde preventiva e faltou apoio às famílias que cuidam de um idoso. Gastou-se muito e entregou-se pouco, porque faltou compromisso com o resultado e sobrou ideologia. No governo Bolsonaro, voltamos a colocar a família no centro das políticas públicas e a defender uma escola que ensina, e não que doutrina, respeitando os valores que os pais passam em casa. Vamos retomar esse caminho, garantindo que os bons sistemas e as boas experiências sejam aproveitados por toda rede de ensino. Com isso, iremos muito além.",educacao;saude_sus;costumes_religiao,mulheres;idosos_aposentados;criancas_familias,False,False,Crítica à gestão pública e defesa de educação sem ideologia focada nos valores familiares.,True
flavio,93,34,escola boa é escola onde o aluno aprende,"Há anos o Brasil empurra alunos de um ano para o outro sem que eles tenham aprendido. A criança que não é alfabetizada na idade certa vira o adolescente que passa de série sem entender a matéria e o jovem que termina a escola sem saber o suficiente para conseguir um bom emprego. E não é por falta de dinheiro: o país mais do que triplicou o gasto por aluno e continua entre as últimas colocações do mundo. No PISA, principal avaliação internacional de",educacao;emprego,estudantes;criancas_familias;jovens,False,False,Diagnóstico sobre a baixa qualidade do aprendizado escolar e a ineficiência dos gastos.,True
flavio,94,35,escola boa é escola onde o aluno aprende,"O começo de tudo é alfabetizar direito. Vamos priorizar o método fônico, que é o de melhor resultado comprovado pela ciência, ensinando a criança a ligar cada som à sua letra, em vez das abordagens que fracassaram por décadas. E, para o aluno com dificuldade ao longo do ensino fundamental, vamos criar o Programa Acolher: um aluno com bom desempenho é remunerado para dar reforço aos colegas que precisam, de forma remota ou presencial. Todos ganham, quem precisa recebe ajuda de alguém próximo, que fala a sua língua, e quem ajuda ganha uma renda e aprende ainda mais ao ensinar. O objetivo é claro: ninguém avança de série sem ter aprendido.",educacao,estudantes;criancas_familias,True,False,Priorização do método fônico na alfabetização e criação do Programa Acolher de reforço.,True
flavio,95,35,escola boa é escola onde o aluno aprende,"A escola será cobrada pelo que existe para fazer. A gestão passa a ser baseada em indicadores de resultado e proficiência, e o financiamento seguirá o orçamento por resultados, com repasses vinculados a metas de aprendizagem, sem abandonar regiões que enfrentam maiores dificuldades. Os professores terão qualificação contínua baseada em evidências científicas, e não em modismos pedagógicos, com formação que os prepare para ensinar bem, e não para militar em sala de aula.",educacao,estudantes,True,False,"Gestão escolar por indicadores de resultado, financiamento por metas e qualificação docente científica.",True
flavio,96,35,escola boa é escola onde o aluno aprende,"A educação será orientada pelo conhecimento e livre de doutrinação político-partidária, respeitando a liberdade de consciência e o papel das famílias. Escola é lugar de aprender a pensar, não de aprender o que pensar, e quem decide sobre os valores que o filho recebe são os pais. Vamos ampliar as Escolas Cívico-Militares, que uniram disciplina e bom desempenho onde foram implantadas, e garantir atendimento ao aluno com altas habilidades, que hoje se perde por falta de estímulo: a política nacional que trata do tema é lei mas segue sem implementação, e nós vamos tirá-la do papel. Vamos ainda levar robótica, computadores, tablets e internet às escolas, e incluir no currículo competências para a economia digital, preparando o jovem para lidar com o próprio dinheiro, empreender e usar as novas tecnologias, entre elas a inteligência artificial.",educacao;costumes_religiao,estudantes;criancas_familias;jovens,True,False,"Ampliação de escolas cívico-militares, combate à doutrinação e inclusão de tecnologia e economia digital.",True
flavio,97,35,escola boa é escola onde o aluno aprende,"Apoiamos a escola em tempo integral, para que a criança tenha mais tempo de aprendizado, reforço e atividades formativas, e não fique entregue à própria sorte no contraturno. Manteremos as escolas abertas nas férias com o Escola",educacao,estudantes;criancas_familias,True,False,Apoio à escola em tempo integral e manutenção de atividades escolares nas férias.,True
flavio,98,36,escola boa é escola onde o aluno aprende,"nas Férias, oferecendo esporte, arte, música e literatura em vez de deixar a criança ociosa. E onde faltar vaga na rede pública, a família receberá um voucher educacional para matricular o filho em outra escola, porque a prioridade é a criança aprender, não a defesa de um sistema que falhou com ela.",educacao,criancas_familias;estudantes,True,False,Oferta de atividades nas férias e implementação de voucher educacional para falta de vagas.,True
flavio,99,36,"estudar tem que levar a emprego, não a um diploma sem uso","Há jovem formado sem encontrar emprego e empresa com vaga aberta sem encontrar quem saiba fazer. Essa distância entre o que a escola ensina e o que o mercado precisa custa caro duas vezes: custa ao jovem os anos de estudo que não viram trabalho, e custa ao país o crescimento que ele deixa de ter por falta de gente qualificada.",emprego;educacao,jovens;estudantes,False,False,Diagnóstico sobre o descompasso entre a formação educacional e as demandas do mercado.,True
flavio,100,36,"estudar tem que levar a emprego, não a um diploma sem uso","Há anos, setores organizados resistem a um ensino técnico voltado às necessidades reais do mercado, como se preparar o jovem para trabalhar fosse algo menor. Vamos ampliar a oferta de educação técnica para os alunos do ensino médio, para que o jovem saia da escola já com uma profissão na mão, e não apenas com um diploma. E vamos fazer essa formação técnica em parceria com o setor produtivo, com foco na inovação, de modo que quem forma o profissional converse diretamente com quem vai contratá-lo. Nessa parceria, o setor produtivo poderá custear bolsas de formação técnica, financiando a qualificação dos profissionais de que precisa.",educacao;emprego,jovens;estudantes,True,False,Ampliação do ensino técnico médio em parceria com o setor produtivo para empregabilidade.,True
flavio,101,36,"estudar tem que levar a emprego, não a um diploma sem uso","A escola também precisa preparar para a economia que vem chegando. Vamos tratar a formação como vetor da transformação tecnológica, adequando o que se ensina às profissões do presente e do futuro, e criar a Política Nacional de Formação de Talentos, para identificar e desenvolver as habilidades que o mercado de trabalho vai exigir. O Brasil não pode formar gente para o passado enquanto o mundo do trabalho corre para a frente. No ensino superior, vamos transferir a governança para o Ministério da Ciência, Tecnologia e Inovações, unificando ciência e ensino superior sob o mesmo teto. A CAPES e o CNPq passarão a priorizar o impacto produtivo, a inovação e a transferência de tecnologia, para que a pesquisa feita na universidade chegue à indústria e vire produto, emprego e renda, em vez de ficar na estante. E os cursos de pós-graduação voltados ao mercado, o lato",educacao;emprego,estudantes,True,False,Alinhamento do ensino e pesquisa às demandas do mercado de trabalho e inovação tecnológica.,True
flavio,102,37,"estudar tem que levar a emprego, não a um diploma sem uso","sensu, vão aproximar empresas e universidades: as instituições de ensino poderão receber recursos em troca da formação dos profissionais de que o país precisa, premiando quem forma para o emprego que existe. Vamos também aprimorar o financiamento estudantil. O modelo atual afasta o jovem de baixa renda, que desiste da faculdade com medo de terminar o curso afogado em dívida, antes mesmo do primeiro emprego. Em lugar dele, vamos adotar o Empréstimo Contingente à Renda: o estudante só começa a pagar quando estiver empregado e ganhando, o valor da parcela é proporcional ao que ele recebe e o prazo é bem mais longo. Estudar deixa de ser uma aposta arriscada e volta a ser o caminho seguro para subir na vida. Saúde que cuida antes de a doença chegar prevenir custa pouco; tratar tarde custa caro, e às vezes custa a vida A saúde é a base de tudo o que este capítulo promete: criança doente não aprende, adulto doente não trabalha, e uma família com um enfermo grave vê o orçamento e os planos ruírem juntos. O Brasil sem Fila já trata de acabar com a espera e digitalizar o atendimento. Aqui, o compromisso é complementar: garantir que o brasileiro chegue ao médico e, mais do que isso, que cuide da saúde antes de adoecer.",educacao;emprego;saude_sus,estudantes;baixa_renda;jovens,True,False,"Propõe vincular ensino ao mercado, criar empréstimo estudantil contingente e focar em prevenção.",True
flavio,103,37,"estudar tem que levar a emprego, não a um diploma sem uso","Vamos garantir as condições para que seja possível a correção efetiva da tabela SUS. A lei de reajuste já existe, mas, presa ao orçamento, não enfrentou a defasagem que asfixia hospitais, santas casas e clínicas, sobretudo no interior. Vamos assegurar uma remuneração que cubra o custo real do atendimento, para que o dinheiro público seja justo com quem atende e o cidadão tenha atendimento até onde hoje falta. Vamos ampliar a Estratégia Saúde da Família, levando o cuidado para perto de casa, e criar o Programa de Atendimento aos Idosos, com atendimento facilitado e adequado a quem envelhece, para que o idoso não enfrente o mesmo percurso cansativo de sempre para se cuidar. Vamos ainda ampliar o acesso a exames preventivos e manter a imunização e o incentivo à produção nacional de vacinas, porque prevenir é sempre mais barato e mais humano do que tratar tarde. Para usar bem o que já existe, vamos contratar serviços e exames na rede privada nos horários ociosos: há aparelho parado enquanto gente espera meses pelo mesmo exame, e aproveitar essa capacidade é atender mais sem",saude_sus,idosos_aposentados,True,False,"Propostas para reajuste da tabela SUS, ampliação da saúde da família e atendimento a idosos.",True
flavio,104,38,"estudar tem que levar a emprego, não a um diploma sem uso","construir do zero. Vamos também fortalecer a Rede Nacional de Hospitais Inteligentes (EBSERH), modernizando os hospitais universitários federais. Vamos também levar o atendimento até quem não consegue chegar até ele. Com a telessaúde e o teleatendimento por aplicativo, médicos de regiões com baixa demanda poderão atender pacientes onde as filas são longas, aproximando o cuidado de quem vive longe de um grande centro. E um sistema de entrega de remédio em domicílio vai garantir que o idoso, a pessoa com deficiência e o doente crônico não precisem escolher entre buscar o tratamento e pagar o transporte.",saude_sus,idosos_aposentados;pessoas_com_deficiencia,True,False,"Modernização de hospitais universitários, expansão da telessaúde e entrega de remédios em domicílio.",True
flavio,105,38,"estudar tem que levar a emprego, não a um diploma sem uso","A tecnologia também ajuda a cuidar antes de a doença se agravar. Com inteligência artificial de apoio à prevenção, o sistema poderá identificar quem corre maior risco de adoecer e chamar essa pessoa para se cuidar a tempo, em vez de esperar que ela chegue ao pronto-socorro quando já é grave. É a diferença entre tratar no começo e tratar quando já não há muito a fazer.",,,True,False,Uso de inteligência artificial para prevenção de doenças e redução de filas em prontos-socorros.,True
flavio,106,38,quem cuida de quem ama não pode ficar sozinho nessa,"Cuidar de alguém que depende de você é um dos gestos mais nobres que existem. Mas, quando se está sozinho, esse cuidado sobrecarrega. A mãe do bebê pequeno, a filha do pai com Alzheimer, a família da pessoa com deficiência: todos enfrentam a mesma escolha impossível entre sustentar a casa e cuidar de quem amam. Esse trabalho, que recai quase sempre sobre as mulheres da família, equivale a cerca de 8,5% do PIB brasileiro, uma economia inteira sustentada por quem abre mão do próprio trabalho para cuidar. O Estado não pode assumir esse cuidado no lugar da família, mas pode dividi-lo com ela.",emprego;costumes_religiao,mulheres;pessoas_com_deficiencia;criancas_familias,False,True,"Diagnóstico sobre a sobrecarga do trabalho de cuidado familiar, especialmente sobre as mulheres.",True
flavio,107,38,quem cuida de quem ama não pode ficar sozinho nessa,"Para as crianças, e também para o apoio às famílias que cuidam de idosos e pessoas com deficiência, o Brasil por Elas já detalha a ampliação de creches, o voucher-creche e a Rede Nacional de Cuidado, com centros-dia e atendimento domiciliar em parceria com estados, municípios e organizações sociais.",educacao;costumes_religiao,criancas_familias;idosos_aposentados;pessoas_com_deficiencia,True,False,"Ampliação de creches, voucher-creche e criação de Rede Nacional de Cuidado.",True
flavio,108,39,quem cuida de quem ama não pode ficar sozinho nessa,"O Brasil envelhece depressa, e a família mudou: são lares menores, mais mulheres trabalhando fora, mais idosos vivendo sozinhos e mais doenças crônicas. Cuidar de quem envelhece virou um desafio que a casa nem sempre dá conta. Por isso, para a população idosa, vamos oferecer o programa Casa Segura para Envelhecer, com subsídio à acessibilidade domiciliar para famílias de menor renda. Desenvolveremos um aplicativo de companhia com alertas de perigo, para que o idoso tenha o amparo da tecnologia e o filho que mora longe tenha tranquilidade. E vamos ampliar as instituições de longa permanência para idosos, para que recebam proteção especial quando o cuidado familiar não for viável ou suficiente.",costumes_religiao;moradia_mcmv,idosos_aposentados;criancas_familias,True,False,"Subsídios para acessibilidade domiciliar, aplicativo de monitoramento e ampliação de instituições para idosos.",True
flavio,109,39,quem cuida de quem ama não pode ficar sozinho nessa,"O mesmo cuidado vale para as pessoas com deficiência e com doenças raras, que enfrentam barreiras todos os dias e muitas vezes contam apenas com a própria família para tudo. Nossas políticas serão transversais, atravessando todas as áreas do governo, voltadas a ações concretas de garantia de direitos, inclusão e integração social, entre elas a implantação de Centros de Referência em Transtorno do Espectro Autista. Promover inclusão não é custo: é investimento com alto retorno social e econômico, porque cada pessoa que ganha autonomia é uma família inteira que ganha qualidade de vida. A saúde mental é outra face do cuidado, e hoje pesa sobre milhões de famílias, quase sempre em silêncio. Vamos fortalecer e ampliar a atenção à saúde mental, chegando às famílias que muitas vezes enfrentam tudo sozinhas: o diagnóstico precoce e o apoio às crianças com TDAH; a atenção à depressão e à ansiedade; e o cuidado com os idosos que enfrentam o Alzheimer e outras doenças neurológicas, e com quem cuida deles. Não se trata de rótulos nem de burocracia, e sim de garantir que quem precisa de ajuda encontre diagnóstico, tratamento e amparo perto de casa.",saude_sus;costumes_religiao,pessoas_com_deficiencia;idosos_aposentados;criancas_familias,True,False,"Ampliação do apoio à saúde mental, doenças raras, autismo e cuidados com idosos.",True
flavio,110,39,quem cuida de quem ama não pode ficar sozinho nessa,"Cuidar bem de uma criança, de um idoso ou de uma pessoa com deficiência não é favor: é o que permite que o resto da família trabalhe, estude e viva. Uma sociedade que divide o cuidado é uma sociedade em que ninguém precisa escolher entre a família e o próprio futuro.",costumes_religiao,idosos_aposentados;pessoas_com_deficiencia;criancas_familias,False,False,Valorização do cuidado familiar como base para o trabalho e estudo da família.,True
flavio,111,40,quadra cheia é sala de aula cheia,"O esporte é uma das ferramentas mais poderosas que existem para formar um jovem, e uma das mais desperdiçadas pelo poder público. Ele ensina disciplina, resiliência, trabalho em equipe e mérito, tira a criança da rua e do celular, dá saúde ao corpo e à mente e, para alguns, abre a porta de uma profissão. Nós tratamos o esporte como o que ele é: instrumento de liberdade individual, disciplina, superação e oportunidade real, com foco na formação de caráter e na saúde mental do jovem. E, para chegar a mais gente, vamos romper com a dependência do dinheiro público centralizado, ampliando as parcerias com a iniciativa privada, os estados e os municípios.",,jovens;criancas_familias,True,False,Ampliação de parcerias privadas para fomentar o esporte como ferramenta de formação juvenil.,True
flavio,112,40,quadra cheia é sala de aula cheia,"Vamos criar o Programa Escola de Campeões, com parcerias público- privadas para levar o esporte competitivo às escolas, muito além da aula de educação física: times escolares, treinos no contraturno e competições municipais e estaduais. O programa é também uma arma contra a evasão escolar e a repetência: o aluno que treina, que joga pelo time da escola e que sonha com a próxima competição é o aluno que continua estudando. A quadra puxa a sala de aula.",educacao,estudantes,True,False,Criação do Programa Escola de Campeões para integrar esporte competitivo e reduzir evasão escolar.,True
flavio,113,40,quadra cheia é sala de aula cheia,"Vamos fomentar a inclusão de pessoas com deficiência pelo esporte, com detecção de talentos paralímpicos desde a base e mais autonomia para as entidades paralímpicas, tratando o paradesporto como via de reabilitação, inserção profissional e superação.",,pessoas_com_deficiencia,True,False,"Fomento ao paradesporto para inclusão, reabilitação e inserção profissional de pessoas com deficiência.",True
flavio,114,40,quadra cheia é sala de aula cheia,"No alto rendimento, vamos aperfeiçoar as bolsas esportivas e, sobretudo, trazer a iniciativa privada para o patrocínio, em parceria com clubes, faculdades e universidades. Vamos incentivar o uso de tecnologia e ciência de dados por meio de editais para confederações e clubes, e fortalecer a preparação para os Jogos Olímpicos e Paralímpicos com foco em eficiência e parceria com o setor privado.",educacao,,True,False,Aperfeiçoar bolsas esportivas e incentivar patrocínios privados e tecnologia no esporte de alto rendimento.,True
flavio,115,40,quadra cheia é sala de aula cheia,"O esporte feminino foi criado justamente para dar às mulheres um espaço de competição justo. Vamos protegê-lo. Nos últimos anos, confederações internacionais reviram suas regras ao reconhecer que atletas que não nasceram do sexo feminino mantêm, mesmo após tratamento hormonal, vantagens de envergadura, densidade óssea e musculatura que a mulher não",,mulheres,False,False,Defesa da exclusividade de atletas biológicas do sexo feminino no esporte feminino.,True
flavio,116,41,quadra cheia é sala de aula cheia,"tem como equiparar. Permitir essa desigualdade é punir justamente a atleta que treina a vida inteira, abre mão da família e se dedica ao alto rendimento. Vamos assegurar que a categoria feminina, da base ao alto rendimento, seja disputada por atletas do sexo feminino, protegendo a mulher e a lisura da competição de agendas ideológicas.",costumes_religiao,mulheres,True,False,Garantir que competições esportivas femininas sejam disputadas exclusivamente por atletas do sexo feminino.,True
flavio,117,41,"menos concentração, mais Brasil na cultura","O Brasil tem uma formação única. A miscigenação e a construção de um país de imigrantes e de múltiplas culturas são motivos de orgulho, e é essa memória que celebraremos, com a preservação do nosso patrimônio histórico, dos centros históricos às obras e acervos que contam quem somos, hoje deteriorados por falta de cuidado.",,,False,False,Valorização da miscigenação e preservação do patrimônio histórico e cultural brasileiro.,True
flavio,118,41,"menos concentração, mais Brasil na cultura","Na Cultura, valorizaremos as tradições brasileiras e aperfeiçoaremos as leis de incentivo, corrigindo distorções e favorecendo o desenvolvimento de outros polos regionais. Com isso, alcançaremos os artistas de grande mérito artístico, porém de pouca projeção, hoje esquecidos pelo modelo atual. Levaremos a arte para perto do público em todo o país, sem subordiná-la a agendas políticas, nos norteando pela transparência, pela liberdade de expressão e pela distinção entre cultura e entretenimento comercial.",,,True,False,Valorização de tradições brasileiras e aprimoramento de leis de incentivo cultural regionalizadas.,True
flavio,119,42,BRASIL QUE PROSPERA para você conquistar o que é seu,"Todo brasileiro quer a mesma coisa: crescer pelo próprio esforço e ter algo que seja seu. A casa própria, o negócio próprio, o carro na garagem, o nome limpo. Não é caridade que o povo pede, é oportunidade. É poder olhar para trás daqui a dez anos e ver que a vida melhorou porque ele trabalhou por isso. O papel do Estado não é substituir esse esforço, nem sufocá-lo. É abrir o caminho: garantir que quem começou embaixo tenha por onde subir, que quem quer produzir encontre estrada, energia e crédito, e que a riqueza gerada no país chegue à vida de quem a produz. Prosperar é a etapa em que a jornada do cidadão deixa de ser sobre o que o governo faz por ele e passa a ser sobre o que ele constrói por conta própria.",emprego;moradia_mcmv,,False,False,Defesa do esforço individual e do Estado como facilitador da prosperidade econômica.,True
flavio,120,42,"o programa social é o começo da caminhada, não o fim","Existe uma mentira que a esquerda repete há vinte anos: a de que só ela cuida dos pobres. Os números dizem o contrário. Em 2020, no auge da maior pandemia em cem anos, a extrema pobreza no Brasil caiu para a menor marca da história — apenas 1,95% da população, graças ao Auxílio Emergencial. Não foi discurso: foi a proteção chegando a quem mais precisava, no pior momento possível. E não paramos aí: criamos o Auxílio Brasil, que triplicou o valor pago às famílias. ""Nenhum brasileiro fica para trás"" não é uma frase de campanha para nós; é o que já fizemos quando o mundo desabou.",programas_sociais,baixa_renda;criancas_familias,False,True,Defesa do histórico de assistência social e combate à extrema pobreza via auxílios.,True
flavio,121,42,"o programa social é o começo da caminhada, não o fim","Por isso, o compromisso é claro e vem em primeiro lugar: vamos manter os programas sociais existentes, com aperfeiçoamento da gestão, correção de distorções e combate às fraudes. Quem depende hoje da ajuda do Estado para pôr comida na mesa não vai ter essa ajuda tirada. Ponto.",programas_sociais,,True,False,Manutenção e aprimoramento da gestão dos programas sociais existentes.,True
flavio,122,42,"o programa social é o começo da caminhada, não o fim","Mas manter não basta, e é aqui que nos separamos da esquerda. Para eles, o programa social é destino: quanto mais gente dependente, melhor, porque dependência vira voto. Para nós, o programa social é ponto de partida. Ele é a rede que segura a queda e, ao mesmo tempo, o primeiro degrau de uma escada que precisa levar a algum lugar.",programas_sociais,,False,False,Defende que programas sociais devem ser porta de entrada para a autonomia econômica.,True
flavio,123,43,"o programa social é o começo da caminhada, não o fim","Por isso, o beneficiário de programa social terá prioridade em todas as ações do Estado voltadas ao trabalho: prioridade nos programas de primeiro emprego, nas ações de qualificação profissional e na intermediação de mão de obra. Criaremos uma trilha de qualificação e intermediação desenhada especialmente para quem recebe o benefício, para que a saída não seja um salto no escuro, mas um caminho com apoio em cada passo. E garantiremos o retorno imediato e sem fila ao benefício após o seguro-desemprego, mantidas as condições de elegibilidade, para que ninguém tenha medo de tentar um emprego e acabar desamparado se não der certo.",emprego;programas_sociais,,True,False,"Prioridade em qualificação e emprego para beneficiários sociais, com garantia de retorno ao benefício.",True
flavio,124,43,"o programa social é o começo da caminhada, não o fim","Nosso foco é a superação da armadilha da pobreza, não a sua administração. Toda política deste governo será desenhada com uma pergunta em mente: isso ajuda a pessoa a depender menos do Estado amanhã do que ela depende hoje? Porque o objetivo de um bom governo não é ter mais gente na fila do auxílio. É ter cada vez mais brasileiros que conquistaram a própria autonomia e não precisam mais dele.",programas_sociais,baixa_renda,False,False,Foco na autonomia do cidadão para reduzir a dependência de auxílios governamentais.,True
flavio,125,43,"emprego com carteira, e o esforço valendo a pena","O trabalhador brasileiro não tem medo de trabalhar. O que ele quer é que o trabalho compense, que a carteira assinada não seja um luxo distante e que valha a pena para a empresa contratar com registro em vez de contratar por fora.",emprego,trabalhadores_formais,False,False,Defesa da valorização do trabalho formal e do registro em carteira.,True
flavio,126,43,"emprego com carteira, e o esforço valendo a pena","Hoje, o custo de um trabalhador formal chega a cerca de duas vezes o salário que ele leva para casa. Essa diferença é o que faz muita empresa não contratar, ou contratar na informalidade, e o informal é justamente quem fica sem carteira, sem FGTS e sem seguro-desemprego. Vamos reduzir gradualmente o custo do trabalho, sem retirar direitos, para que mais brasileiros tenham carteira assinada e a proteção que vem com ela. Essa redução vai chegar com força a duas pontas que o mercado de trabalho brasileiro insiste em deixar de fora. Numa está o jovem à procura do primeiro emprego, que ouve de toda empresa a mesma exigência de experiência, sem que ninguém lhe dê a primeira chance de tê-la. Na outra está quem passou dos cinquenta e perdeu o emprego, tem experiência de sobra e mesmo assim não é chamado para as entrevistas. Para o jovem, vamos criar um contrato de",emprego,jovens;trabalhadores_informais_aplicativo,True,False,Redução do custo do trabalho para formalizar jovens e trabalhadores acima de cinquenta anos.,True
flavio,127,44,"emprego com carteira, e o esforço valendo a pena","trabalho para os 18 a 24 anos em busca do primeiro emprego, com menor custo na folha, para que a empresa tenha estímulo a dar a primeira oportunidade e o jovem consiga a experiência que hoje lhe é cobrada e negada ao mesmo tempo. Para quem tem mais idade, vamos criar um contrato mais atrativo para a contratação de pessoas com 50 anos ou mais desempregadas há pelo menos 12 meses: quem chega à meia-idade com uma vida inteira de trabalho não pode ser tratado como descartável. Vamos também dar mais liberdade a quem trabalha, com jornada flexível que caiba na vida de mães, jovens e de quem tem mais dificuldade de entrar no mercado. Por isso defendemos o negociado sobre o legislado, ou seja, permitir que trabalhador e empresa combinem diretamente as condições de trabalho que funcionam para os dois, dentro da lei, em vez de seguir uma regra única imposta a todos. Quando as duas partes negociam pensando em ganhos mútuos, cresce a qualidade do emprego, crescem as empresas e crescem as oportunidades.",emprego;jornada_6x1,jovens;trabalhadores_formais;mulheres,True,False,"Estímulos à contratação de jovens e 50+, jornada flexível e prevalência do negociado.",True
flavio,128,44,"emprego com carteira, e o esforço valendo a pena","Por fim, ninguém encontra emprego se não souber onde ele está. Por isso vamos modernizar a intermediação de mão de obra, com um banco nacional de vagas conectado ao RH das empresas, para aproximar de forma rápida e direta quem procura trabalho de quem procura trabalhador, no lugar do sistema lento e desconectado de hoje.",emprego,,True,False,Criação de um banco nacional de vagas para modernizar a intermediação de mão de obra.,True
flavio,129,44,"proteger quem trabalha, não quem vive da estrutura sindical","O país precisa se posicionar contra a República Sindical, em que os interesses de dirigentes das entidades se sobrepõem ao interesse dos trabalhadores. É público e notório que, após a modernização trabalhista de 2017, tais agentes se mobilizaram para reverter as perdas advindas do fim do imposto sindical.",impostos_isencao_ir,trabalhadores_formais,False,False,Crítica à estrutura sindical e à tentativa de reverter o fim do imposto sindical.,True
flavio,130,44,"proteger quem trabalha, não quem vive da estrutura sindical","O princípio da unicidade sindical garante monopólios a esses representantes. Por conta disso, se organizam para reproduzir seus espaços de poder, vilanizando todas as propostas que de fato colocam o trabalhador em primeiro lugar.",,trabalhadores_formais,False,False,Crítica ao monopólio da unicidade sindical e à estrutura de poder dos sindicatos.,True
flavio,131,45,"proteger quem trabalha, não quem vive da estrutura sindical","É o que aconteceu nos últimos três anos, no debate a respeito do trabalho por aplicativos. O governo enviou proposta que não avançou no Congresso, justamente por colocar à frente do processo o interesse de sindicalistas. Da mesma maneira, insistem em projetos em que os sindicatos de servidores públicos são colocados à frente de associações mais representativas, tradicionais e, muitas vezes, as únicas existentes no interesse dos servidores. Nessas proposições, o governo tem a audácia de propor que os sindicalistas sejam parte da formulação de políticas públicas, mesmo não tendo sido eleitos para tanto.",emprego,trabalhadores_informais_aplicativo,False,False,Crítica à influência de sindicatos na regulação do trabalho por aplicativos e servidores.,True
flavio,132,45,"proteger quem trabalha, não quem vive da estrutura sindical","É mais do mesmo: insegurança jurídica e retrocesso. Situações que se repetem na discussão de jornada – onde o governo deseja ignorar a prevalência do negociado sobre o legislado – ou na discussão de situações já pacificadas pela reforma trabalhista, aprovada há quase dez anos. Nosso projeto garante a manutenção das oportunidades de renda e de trabalho trazidas pelo trabalho por aplicativos. Nada pode estar à frente dos interesses de quem trabalha, dos usuários e da efetiva proteção social e previdenciária a eles assegurada. Esses trabalhadores serão protegidos, sem os interesses de dirigentes sindicais a frente do processo.",emprego;jornada_6x1;previdencia,trabalhadores_informais_aplicativo,True,False,Garante a manutenção do trabalho por aplicativos e a prevalência do negociado sobre legislado.,True
flavio,133,45,quem emprega a si mesmo tira o país das costas do Estado,"Milhões de brasileiros não querem emprego: querem o próprio negócio. São eles que geram a maior parte das vagas de trabalho no país, e é a eles que o Estado mais atrapalha, com burocracia, imposto e falta de crédito. E muitos desses são jovens, que preferem empregar a si mesmos a esperar pela primeira vaga.",emprego;impostos_isencao_ir,jovens,False,False,"Diagnóstico sobre a dificuldade de empreender devido à burocracia, impostos e falta de crédito.",True
flavio,134,45,quem emprega a si mesmo tira o país das costas do Estado,"Para quem está começando, vamos criar o Minha Primeira Empresa: menos burocracia para abrir e formalizar o negócio, capacitação e orientação pelo Sistema S, para que o empreendedor aprenda a gerir o que criou, e uma esteira de crédito e serviços da CAIXA ao seu alcance, que o acompanhe do primeiro balcão ao primeiro faturamento.",emprego,empreendedores,True,False,"Criação do programa Minha Primeira Empresa com desburocratização, capacitação e crédito via Caixa.",True
flavio,135,46,quem emprega a si mesmo tira o país das costas do Estado,"e médias empresas via BNDES e Apex-Brasil, para que o produto brasileiro chegue mais longe. Somado à redução de tributos sobre a produção que este plano defende e ao Brasil sem Fila, que corta a burocracia de abrir e tocar uma empresa, o recado é um só: quem quer empreender vai encontrar no Estado um parceiro, não um obstáculo.",impostos_isencao_ir;emprego,empreendedores,True,False,Redução de tributos e burocracia para apoiar empreendedores e a exportação de produtos.,True
flavio,136,46,a mão que ajuda o brasileiro a subir de vida,"O crédito para empreender, o financiamento da casa, a orientação para sair das dívidas não chegam ao cidadão sozinhos. Precisa de quem leve. E o Brasil tem, para isso, um ativo que poucos países têm: a CAIXA, uma das maiores redes de atendimento do mundo, presente em quase todos os municípios, com a confiança histórica da população. Não vamos criar estrutura nova: vamos dar uma nova missão à que já existe e já é do brasileiro. A CAIXA deixará de ser apenas a operadora de benefícios para se tornar o Banco da Prosperidade. Assim como os bancos privados ajudam seus clientes a construir patrimônio e realizar projetos, a CAIXA vai ajudar milhões de brasileiros a conquistar o primeiro patrimônio da vida e a autonomia financeira. Numa plataforma física e digital integrada, o cidadão encontrará num lugar só o crédito, a orientação financeira, o apoio ao empreendedorismo, a habitação e a regularização da casa, com inteligência artificial que identifica as oportunidades certas para o momento de vida de cada um, em vez de deixar o cidadão adivinhar a que tem direito.",moradia_mcmv;programas_sociais;endividamento_apostas,empreendedores,True,False,"Transformar a Caixa no Banco da Prosperidade para oferecer crédito, habitação e orientação financeira.",True
flavio,137,46,a mão que ajuda o brasileiro a subir de vida,"A grande inovação será o Ganha-Ganha, um programa em que o Estado reconhece quem faz a sua parte. De adesão voluntária, ele permite que atitudes como concluir um curso de qualificação, formalizar um negócio, conseguir um emprego ou manter as contas em dia formem um histórico positivo que trabalha a favor do cidadão: acesso a crédito, juros menores e cashback para quem hoje é invisível ao sistema financeiro. Os dados são do cidadão e ficam a serviço dele, não do Estado. Quem sempre fez a coisa certa, mas nunca teve como provar, passa a ter como.",emprego,,True,False,Criação do programa Ganha-Ganha para facilitar crédito e benefícios via histórico positivo.,True
flavio,138,47,a chave da casa é o começo do patrimônio de uma família,"Ter a casa própria é o maior sonho da família brasileira, e o primeiro patrimônio que passa de uma geração para a outra. Quem paga aluguel a vida inteira nunca constrói nada seu; quem conquista a casa própria tem onde morar e tem um bem que garante o futuro.",moradia_mcmv;costumes_religiao,criancas_familias,False,False,Defesa da casa própria como patrimônio familiar e garantia de futuro.,True
flavio,139,47,a chave da casa é o começo do patrimônio de uma família,"Vamos retomar o Casa Verde e Amarela, com meta de 2,5 milhões de residências e a menor taxa de juros possível no financiamento. Alinhado ao Brasil sem Medo, vamos retomar as áreas hoje sob domínio de facções, devolvendo aos moradores a liberdade de ir e vir na própria comunidade — ninguém é dono de verdade da sua casa enquanto o tráfico manda na esquina.",moradia_mcmv;seguranca_publica;periferias_favelas,periferia_urbana;criancas_familias,True,True,Retomada do Casa Verde e Amarela e combate ao crime em comunidades.,True
flavio,140,47,a chave da casa é o começo do patrimônio de uma família,"Vamos promover a urbanização de áreas degradadas, evitando o risco de deslizamentos em encostas, e incentivar a regularização fundiária, priorizando as áreas urbanas já consolidadas e reduzindo os vazios urbanos, com parcerias público-privadas que integrem moradia e infraestrutura no mesmo contrato. Assim, a família que já mora há anos no mesmo lugar tem a escritura no próprio nome — de preferência, no nome da mulher, como prevê o Brasil por Elas. Sem esse documento, a casa não serve de garantia nem pode ser herdada com segurança; com ele, vira patrimônio de verdade. Moradia digna tem água e esgoto. O maior avanço do país nessa área tem nome e sobrenome: foi o Marco Legal do Saneamento, sancionado pelo governo Bolsonaro em 2020, que abriu o setor ao investimento privado e fixou a meta de levar água e esgoto a praticamente toda a população até 2033. Foi também uma das maiores agendas ambientais da nossa história — porque esgoto tratado é rio limpo, é praia sem contaminação, é criança que não adoece. O governo do PT tentou desarticulá-lo por decreto; nós vamos garantir sua plena aplicação e acelerar as concessões e parcerias para universalizar o acesso à água tratada e ao esgoto, com atenção especial ao saneamento rural. Água encanada e esgoto tratado são a forma mais barata de evitar doença que existe.",moradia_mcmv;saneamento,mulheres,True,False,"Promove regularização fundiária, urbanização de encostas e universalização do saneamento via parcerias privadas.",True
flavio,141,47,a chave da casa é o começo do patrimônio de uma família,"A esse esforço somamos um compromisso social direto: nenhuma escola sem água até 2030, e a meta do Programa Lixão Zero, acabando com os lixões a",educacao,,True,False,Meta de levar água a todas as escolas e extinguir lixões até 2030.,True
flavio,142,49,BRASIL QUE CRESCE o país que dá condições a quem quer trabalhar e produzir,"Os capítulos anteriores trataram da vida de cada família, e do que muda nela desde o primeiro dia, sem depender de esperar por nada. Este capítulo trata de outra coisa: do país que cresce por baixo dessa vida e faz cada conquista ir mais longe. A internet é infraestrutura tão essencial quanto a estrada e a energia, e a conexão que dá acesso a tudo já vem tratada no Brasil sem Fila. A casa própria já vem no Brasil que Prospera; mas é a infraestrutura deste capítulo que faz chegar a esse bairro a estrada, o transporte e o emprego ao redor. O preço no mercado já cai no Brasil Mais Barato; mas é a energia e a logística baratas que sustentam essa queda no tempo. O brasileiro não precisa esperar o país crescer para viver melhor. Mas, quando o país cresce, o que ele conquistou vale mais, dura mais e alcança mais gente.",transporte_mobilidade;custo_de_vida_inflacao_alimentos;emprego,criancas_familias,False,False,Texto introdutório sobre a importância da infraestrutura para sustentar o crescimento econômico nacional.,True
flavio,143,49,BRASIL QUE CRESCE o país que dá condições a quem quer trabalhar e produzir,"Vamos fazer o Brasil crescer, e esse é um compromisso central do nosso governo. O país cresceu, em média, 2% ao ano nas últimas duas décadas, menos do que o mundo. Nossa meta é dobrar esse ritmo e alcançar um crescimento sustentado de 4% ao ano ao longo da próxima década, apoiado no investimento privado, na segurança jurídica e na competitividade do agro, da indústria e dos serviços. Não é promessa vazia: é o resultado de escolhas concretas, e é delas que trata este capítulo. O papel do Estado aqui não é ser o empresário, é ser o país que funciona, para que quem produz possa produzir e para que o esforço de cada um renda ainda mais.",agronegocio_meio_ambiente,,True,True,Meta de crescimento econômico de 4% ao ano via investimento privado e competitividade.,True
flavio,144,49,quem investe precisa confiar que o combinado será cumprido,"Nenhum país atrai investimento se muda as regras no meio do jogo, e o Brasil ganhou fama de fazer exatamente isso: o investidor entra sob uma regra, executa sob outra e termina discutindo uma terceira no Judiciário. Parte essencial de mudar essa lógica é um licenciamento ambiental ágil, moderno e com segurança jurídica: grandes obras, usinas, minas e projetos industriais vivem parados anos à espera de uma licença, e cada mês de atraso é investimento que foge e emprego que não vem. Vamos assegurar regras claras, prazos definidos e critérios técnicos, com a certeza de que agilidade e responsabilidade ambiental caminham juntas. O prazo tem que valer para os",emprego;agronegocio_meio_ambiente;instituicoes_stf_reeleicao,,True,False,Promete agilizar o licenciamento ambiental com regras claras para atrair investimentos e empregos.,True
flavio,145,50,quem investe precisa confiar que o combinado será cumprido,"dois lados. Quando o empreendedor cumpre a lei e apresenta tudo o que a norma exige, o órgão responsável deve ter um prazo definido para concluir a análise. Se não decidir nem se manifestar dentro desse prazo, a licença deve ser concedida, porque a demora do Estado não pode ser um castigo para quem fez a sua parte. A responsabilidade de analisar continua sendo do poder público, mas a inércia deixa de ser uma forma de travar quem quer investir e gerar emprego.",emprego,empreendedores,True,False,Implementação de aprovação tácita de licenças para evitar a inércia estatal em investimentos.,True
flavio,146,50,quem investe precisa confiar que o combinado será cumprido,"Vamos também garantir que a regra combinada no início seja a regra do fim. Para os grandes projetos de longa maturação, criaremos mecanismos de estabilidade das regras de até 20 anos, para que o contrato não seja mudado depois que a obra já estiver de pé. E quando o empreendedor age de boa-fé e obtém regularmente a sua licença, o Estado deve responder pelos prejuízos se voltar atrás sem que o empreendedor tenha dado causa, em vez de jogar a conta sobre quem confiou na palavra que recebeu. Um país que honra o combinado atrai o investimento e o emprego que vêm com ele, da logística à energia, da mineração ao agro.",emprego;agronegocio_meio_ambiente,empreendedores,True,False,Criação de mecanismos de estabilidade jurídica por 20 anos para atrair investimentos.,True
flavio,147,50,quem investe precisa confiar que o combinado será cumprido,"Essa mesma clareza de regras vale para quem vive nas terras tradicionais. Será conferida autonomia aos povos indígenas e quilombolas para decidir sobre atividades produtivas em suas terras, com respeito ao desenvolvimento sustentável e às regras ambientais, e com indenização de eventuais restrições ao usufruto e mecanismos de compensação, para que quem vive na terra possa dela tirar o próprio sustento.",agronegocio_meio_ambiente,populacao_negra,True,False,Autonomia produtiva para indígenas e quilombolas com indenizações por restrições de usufruto.,True
flavio,148,50,"a obra que escoa a safra, baixa o preço e gera emprego","O Brasil perde uma fortuna no caminho entre quem produz e quem consome. Nossa estratégia de infraestrutura se apoia na iniciativa privada: o Estado garante segurança jurídica, regras tarifárias estáveis e previsíveis e respeito à lógica das decisões econômicas privadas, sem intervenções que distorçam os incentivos de mercado, e é sobre essa base que o investimento privado assume a construção e a operação. Vamos modernizar os marcos regulatórios e adotar um novo modelo de financiamento para toda a infraestrutura, com fundo lastreado na securitização de ativos e imóveis da União, uso intensivo de PPPs e concessões e financiamentos do BNDES",transporte_mobilidade;custo_de_vida_inflacao_alimentos;emprego,,True,False,"Modernização de infraestrutura via iniciativa privada, PPPs e novo modelo de financiamento.",True
flavio,149,51,"a obra que escoa a safra, baixa o preço e gera emprego","exclusivamente para obras em território brasileiro. Com a consolidação fiscal e a queda da taxa de juros, hoje no maior patamar em 19 anos, o investimento alcançará novo patamar.",custo_de_vida_inflacao_alimentos;emprego,,False,False,Análise sobre como a estabilidade fiscal e juros baixos impulsionarão investimentos em obras.,True
flavio,150,51,"a obra que escoa a safra, baixa o preço e gera emprego","Vamos investir R$ 900 bilhões em quatro anos em rodovias, hidrovias, portos, aeroportos e ferrovias. Criaremos os Corredores Logísticos Inteligentes de integração nacional, com foco em reduzir o custo da logística, hoje em 15,5% do PIB, muito acima dos 8,8% dos Estados Unidos, desenvolvendo os corredores de escoamento do Centro-Oeste até os portos. No transporte ferroviário, vamos destravar a Ferrogrão; adotar o trem de cargas que ligará Mato Grosso, o oeste do Paraná e Santa Catarina; implantar o Trem do Nordeste, uma malha de passageiros ligando capitais da região, para aproximar cidades, movimentar o turismo e integrar o Nordeste; e concluir a Transnordestina e ampliar o seu escopo para que a Paraíba e o Rio Grande do Norte sejam contemplados.",transporte_mobilidade;custo_de_vida_inflacao_alimentos,,True,True,Investimento de R$ 900 bilhões em infraestrutura logística e expansão de malhas ferroviárias.,True
flavio,151,51,"a obra que escoa a safra, baixa o preço e gera emprego","Vamos trabalhar para destravar, sempre com responsabilidade ambiental, os projetos de infraestrutura fluvial que escoam a produção do país, como a Hidrovia do Tapajós, com planejamento e diálogo prévio com as comunidades locais, cumprindo a lei e levando sempre em consideração o interesse maior da sociedade.",agronegocio_meio_ambiente;custo_de_vida_inflacao_alimentos,,True,False,"Destravar projetos de infraestrutura fluvial, como a Hidrovia do Tapajós, para escoar a produção.",True
flavio,152,51,"menos tempo no trânsito, mais tempo em casa","Milhões de brasileiros perdem, todo dia, horas dentro de um ônibus lotado para ir e voltar do trabalho. É tempo roubado da família, do descanso e do estudo. Vamos pensar o desenvolvimento das cidades para reduzir o deslocamento da população, com o transporte coletivo como base da mobilidade e parcerias que diminuam o tempo de viagem do trabalhador, valorizando os contratos que conciliam moradia e infraestrutura no mesmo projeto. Os bancos públicos priorizarão o financiamento de linhas de metrô, transporte sobre trilhos e ônibus movidos a eletricidade e biocombustíveis. Menos tempo no trânsito é mais tempo em casa, e uma cidade que se atravessa rápido é uma cidade que trabalha melhor e polui menos.",transporte_mobilidade;moradia_mcmv;costumes_religiao,trabalhadores_formais;criancas_familias,True,False,Redução do tempo de deslocamento via transporte sustentável e integração entre moradia e infraestrutura.,True
flavio,153,52,"água que chega, e enchente que não destrói","Para milhões de brasileiros, sobretudo no Nordeste, a água ainda é uma incerteza diária, e a cada temporada de chuva outras tantas famílias perdem tudo em enchentes e deslizamentos. Nós já mostramos que sabemos resolver isso. O Eixo Norte da Transposição do Rio São Francisco, foi concluído no governo Bolsonaro, e as águas do Velho Chico finalmente chegaram ao Ceará, à Paraíba e ao Rio Grande do Norte, levando segurança hídrica a milhões de nordestinos.",,,False,False,Menciona a conclusão do Eixo Norte da Transposição do Rio São Francisco.,True
flavio,154,52,"água que chega, e enchente que não destrói","Vamos retomar essa mesma eficiência para tocar as próximas obras. Iremos concluir, iniciar, executar estruturas como o Ramal do Apodi, o Ramal do Salgado, a Adutora do Seridó, o Canal do Xingó, o Ramal do Piancó, os Canais do Sertão Baiano, Piauiense e Alagoano, o CAC e a duplicação do Eixão das Águas do Ceará, sem o abandono de obras que marcou gestões anteriores. E vamos ampliar a infraestrutura de prevenção a eventos climáticos extremos, com barragens de usos múltiplos, reservatórios de controle de cheias, diques, canais e obras de drenagem e macrodrenagem, além do fortalecimento do monitoramento, alerta e resposta da Defesa Civil. Água que chega com segurança à torneira e à lavoura, e cidades protegidas da seca e da enchente.",agronegocio_meio_ambiente,,True,False,Conclusão de obras hídricas e ampliação de infraestrutura contra secas e enchentes.,True
flavio,155,52,Energia,"energia abundante e barata é conta de luz menor e indústria de portas abertas Nosso objetivo é a segurança energética total ao menor preço possível para o consumidor. O Programa Nacional de Segurança Energética deverá ter foco em refino, processamento, escoamento e transporte de combustíveis e gás, permitir a exploração do gás não convencional (fracking) com responsabilidade ambiental e cumprindo a lei, e expandir e modernizar a rede de transmissão, integrando novas fontes renováveis e reduzindo congestionamentos.",custo_de_vida_inflacao_alimentos;transporte_mobilidade,,True,False,"Foco em segurança energética, exploração de gás não convencional e modernização da rede.",True
flavio,156,52,Energia,"E vamos transformar em energia e emprego a nossa riqueza de petróleo e gás. Foi o governo Bolsonaro que sancionou a Nova Lei do Gás, em 2021, quebrando o monopólio, abrindo o setor à concorrência e criando as condições para o preço do gás cair. Vamos dar continuidade a esse caminho,",emprego;custo_de_vida_inflacao_alimentos,,True,False,Continuidade da Nova Lei do Gás para reduzir preços e gerar empregos.,True
flavio,157,53,Energia,"destravando os investimentos em infraestrutura que o país precisa: o Brasil produz cada vez mais gás no pré-sal, mas desperdiça parte dele por falta de escoamento, enquanto importa gás caro do exterior. Vamos apoiar a expansão da rede de escoamento e transporte de gás conforme a demanda, com segurança jurídica e regras estáveis que atraiam o investimento privado, para integrar à malha os estados hoje desconectados e baratear a energia da indústria e da família. Com o mesmo princípio, vamos estimular a modernização do refino rumo ao aproveitamento do petróleo nacional, incentivar o escoamento de combustível ao Centro-Oeste por modais mais baratos que o caminhão, e favorecer a produção nacional de fertilizantes a partir do gás, para reduzir a dependência externa que fragiliza o agronegócio e a nossa segurança alimentar.",custo_de_vida_inflacao_alimentos;transporte_mobilidade;soberania_nacional,criancas_familias,True,False,Expansão da infraestrutura de gás e refino para baratear energia e fertilizantes.,True
flavio,158,53,Energia,"Na energia elétrica, vamos simplificar a conta de luz, racionalizando encargos e subsídios cruzados, e promover a redução gradual da CDE e das fontes incentivadas, mantida a tarifa social. A mesma redução de impostos sobre energia e combustíveis que alivia o orçamento das famílias, detalhada no Brasil Mais Barato, torna o país competitivo para atrair data centers e inteligência artificial, que se instalam onde a energia é barata e confiável. Vamos regular as diversas fontes buscando o menor preço ao consumidor final, implantar um programa de armazenamento de energia, com baterias de grande porte e outras tecnologias, e transformar o país em polo global de data centers sustentáveis, aproveitando a matriz elétrica renovável. E vamos transformar o Brasil em potência de biocombustíveis: etanol, biodiesel, HVO, SAF e biogás, fomentando a aplicação da Lei do Combustível do Futuro e oferecendo linhas especiais de financiamento para empresas de biogás, que transformam resíduos em energia. Vamos fortalecer e ampliar o Programa Renovabio para o exterior, permitindo que o Brasil venda créditos de carbono ao mundo. Energia barata é conta de luz menor no fim do mês e fábrica que gera emprego em vez de fechar as portas. Agronegócio e Campo o que alimenta o Brasil e o mundo, e sustenta o emprego da lavoura à cidade O agro brasileiro é a garantia da nossa segurança alimentar: é ele que alimenta o país e boa parte do mundo. Para seguir cumprindo esse papel, precisa de",custo_de_vida_inflacao_alimentos;impostos_isencao_ir;agronegocio_meio_ambiente,rural_agricultores,True,False,"Redução de custos de energia, fomento a biocombustíveis, data centers e apoio ao agronegócio.",True
flavio,159,54,Energia,"previsibilidade para produzir. Vamos ampliar o Seguro Rural e trazer ferramentas de securitização e reorganização das dívidas do setor, dando ao produtor o horizonte de mais de um ano que ele precisa para planejar. Vamos ampliar a capacidade de armazenamento das safras, para garantir melhores preços ao produtor e oferta contínua à população, e buscar soluções diplomáticas eficazes contra sanções dos Estados Unidos, da China e da Europa aos produtos nacionais.",agronegocio_meio_ambiente;custo_de_vida_inflacao_alimentos;soberania_nacional,rural_agricultores,True,False,"Ampliação do Seguro Rural, armazenamento de safras e diplomacia contra sanções comerciais.",True
flavio,160,54,Energia,"Segurança alimentar também é não depender do exterior para produzir. O Brasil importa a maior parte dos fertilizantes que usa, e essa dependência fragiliza o produtor e pressiona o preço da comida. Vamos apoiar a produção nacional de fertilizantes, aproveitando as reservas de minerais que o país possui, como o potássio e o fosfato, para que o campo brasileiro produza com mais autonomia e a mesa do brasileiro fique mais protegida.",custo_de_vida_inflacao_alimentos,rural_agricultores,True,False,Apoio à produção nacional de fertilizantes para reduzir dependência externa e baixar preços.,True
flavio,161,54,Energia,"A terra também precisa ter dono claro, e nós já provamos que sabemos entregar isso. No governo Bolsonaro, foram emitidos mais de 450 mil documentos de titulação de imóveis rurais, mais do que nos dez anos anteriores somados. Vamos retomar esse ritmo e promover ampla regularização e titulação do pequeno proprietário rural, para que quem trabalha a terra tenha o documento que prova que ela é sua, possa acessar crédito e investir com segurança. E traremos segurança jurídica sólida, irreversível e sem margem para relativizações do direito de propriedade, porque ninguém planta e investe no que teme perder.",agronegocio_meio_ambiente,rural_agricultores,True,True,Promessa de retomar a regularização fundiária e titulação de imóveis rurais.,True
flavio,162,54,Energia,"O campo também precisa de gente para trabalhar. Em muitas regiões, falta mão de obra para a lavoura, sobretudo nos períodos de colheita, enquanto milhões de brasileiros procuram uma oportunidade de trabalho e renda. Vamos aproximar as duas pontas, com qualificação e intermediação que liguem quem busca trabalho a quem precisa de trabalhador no campo. E vamos dar segurança a quem depende de um programa social para aceitar esse trabalho sem medo: quem consegue um emprego, ainda que temporário, poderá voltar ao benefício se precisar, como detalha o Brasil que Prospera. Assim, o trabalho no campo deixa de ser um risco para a família e passa a ser um caminho de renda e dignidade.",emprego;programas_sociais,rural_agricultores,True,False,Intermediação de mão de obra rural com garantia de retorno a programas sociais.,True
flavio,163,54,Energia,"Na irrigação, vamos ampliar significativamente a área irrigada do país, que hoje aproveita apenas uma fração do seu enorme potencial, simplificar as",,,True,False,Ampliação da área irrigada no país e simplificação de processos.,True
flavio,164,55,Energia,"outorgas, cujo prazo médio hoje é de 24 meses, desenvolver polos de irrigação no Matopiba e no semiárido nordestino e expandir a água de reuso para os períodos de estiagem.",,,True,False,Desenvolver polos de irrigação no Matopiba e semiárido e expandir água de reuso.,True
flavio,165,55,Energia,"Vamos também transformar o campo em fonte de energia limpa. Vamos implementar as metas do combustível sustentável de aviação previstas em lei a partir de 2027, com coordenação permanente entre os ministérios da Agricultura e de Minas e Energia, e articular o Plano Safra com incentivos à produção de biomassa.",agronegocio_meio_ambiente;custo_de_vida_inflacao_alimentos,rural_agricultores,True,False,Implementação de combustível sustentável de aviação e incentivos à biomassa via Plano Safra.,True
flavio,166,55,Energia,"Vamos consolidar o Cadastro Ambiental Rural e ampliar o pagamento por serviços ambientais para conservação e restauração, de modo que o produtor que preserva a vegetação nativa e recupera áreas degradadas seja reconhecido como parceiro da conservação, e não como suspeito. Minerais críticos a riqueza do subsolo virando emprego qualificado aqui dentro Os data centers e a transição energética funcionam sobre minerais que poucos países têm, e o Brasil é um deles. Temos lítio, nióbio, grafite, cobre, níquel, urânio e terras-raras, insumos essenciais para semicondutores, baterias, turbinas eólicas, veículos elétricos, defesa e inteligência artificial. E temos algo que quase ninguém tem junto: o mineral e a energia limpa e competitiva para transformá-lo aqui dentro. Em vez de somente exportar a pedra bruta e comprar de volta o produto acabado, vamos agregar valor no Brasil, conectando nossa riqueza mineral, nossa energia e a demanda dos data centers e das novas tecnologias numa estratégia única. O Estado atuará como regulador e coordenador, não como empresário, apoiado em seis pilares: marco regulatório claro e estável, licenciamento ágil e técnico, atração de capital e tecnologia, verticalização com incentivos de mercado, governança e transparência. Vamos trabalhar para atrair o capital estrangeiro e a tecnologia que já existem no mundo, aplicando aqui o que outros países já dominam e transferindo esse conhecimento ao Brasil. Para termos sucesso nesse desafio, vamos tratar o investimento na mineração com o mesmo respeito e atenção com que trataremos o investimento na indústria de transformação. Estabeleceremos parcerias internacionais com todos os",agronegocio_meio_ambiente;emprego,rural_agricultores,True,False,Fomento à conservação ambiental e verticalização da mineração de minerais críticos no Brasil.,True
flavio,167,56,Energia,"Vamos equacionar as garantias de crédito ao financiamento dos projetos e acelerar o licenciamento e o processo de direitos minerários. Assim o país deixa de apenas extrair e exportar matéria bruta e passa a agregar valor aqui dentro, o que significa emprego qualificado e renda que fica no Brasil. Vamos ajudar o mundo a fazer a transição energética.",emprego,,True,False,Acelerar licenciamento minerário e crédito para agregar valor industrial e gerar empregos.,True
flavio,168,56,Tecnologia e inovação,"a inovação que faz o pequeno vender mais e o jovem trabalhar sem sair do país Daremos alta prioridade à pesquisa e ao desenvolvimento, que são a base da inovação. A tecnologia terá, ao mesmo tempo, duas funções: modernizar o Estado e ser motor de produtividade da economia. A primeira já foi tratada no Brasil sem Fila, com o Estado Digital que coloca todos os serviços públicos na palma da mão do cidadão. A segunda é a deste capítulo: usar a tecnologia para fazer a economia brasileira produzir mais e melhor.",,jovens,True,False,Priorizar pesquisa e tecnologia para modernizar o Estado e aumentar a produtividade econômica.,True
flavio,169,56,Tecnologia e inovação,"A tecnologia não é assunto de elite: é o que multiplica o valor do trabalho de todos. A Estratégia Nacional de Inteligência Artificial vai difundir a IA para as micro, pequenas e médias empresas em larga escala, com prioridade para indústria, agronegócio, saúde e logística.",emprego;agronegocio_meio_ambiente,,True,False,"Difundir a Inteligência Artificial para micro, pequenas e médias empresas em setores estratégicos.",True
flavio,170,56,Tecnologia e inovação,"Mais do que usar a inteligência artificial, o Brasil tem tudo para produzi-la. Podemos reunir o que poucos países têm ao mesmo tempo: energia limpa e barata para alimentar os data centers, os minerais críticos que são a matéria- prima da tecnologia, e o talento de um povo criativo, que este Plano se compromete a formar. Não seremos apenas consumidores de tecnologia: seremos também seus desenvolvedores e produtores. Esses elementos, hoje tratados como peças soltas, formam uma única estratégia nacional para tornar o Brasil protagonista da economia do século 21.",,,True,False,Estratégia para transformar o Brasil em produtor e desenvolvedor de inteligência artificial.,True
flavio,171,56,Tecnologia e inovação,"Para isso, o Estado atuará como indutor, pelas compras públicas, pelo GovTech e pelo investimento em pesquisa, e vamos elevar a participação brasileira nas patentes de inteligência artificial. Proporemos uma legislação voltada à liberdade de criar e inovar, inspirada nas melhores práticas internacionais, para que a tecnologia seja desenvolvida aqui sem entraves, em vez de",,,True,False,"Indução de inovação em IA via compras públicas, GovTech e nova legislação.",True
flavio,172,57,Tecnologia e inovação,"sufocada por regras que afugentam o investimento. E vamos construir o ambiente onde a inovação nasce: fortalecer os parques tecnológicos, expandir as incubadoras, apoiar as startups de base tecnológica e aproximar universidades e empresas, com a gestão das universidades integrada à ciência e à tecnologia. É assim que o jovem encontra trabalho qualificado sem precisar deixar o país.",emprego;educacao,jovens,True,False,Fortalecer ecossistema de inovação e integrar universidades e empresas para gerar empregos qualificados.,True
flavio,173,57,Tecnologia e inovação,"Toda essa transformação digital exige uma contrapartida inegociável: proteger quem está do outro lado da tela. Os dados do cidadão são dele, não do governo, e serão tratados com privacidade e segurança. Vamos fortalecer a defesa cibernética do país, protegendo serviços públicos, infraestrutura crítica e cidadãos contra ataques e fraudes, e garantir que a inteligência artificial seja usada a serviço das pessoas, não contra elas.",,,True,False,Promete fortalecer a defesa cibernética e garantir a privacidade de dados dos cidadãos.,True
flavio,174,57,preservar e produzir ao mesmo tempo,"O Brasil tem a maior floresta tropical e uma das matrizes de energia mais limpas do planeta. Isso é um patrimônio que temos o dever de preservar para os nossos filhos e, ao mesmo tempo, uma vantagem que quase nenhum país tem. Tratamos o meio ambiente como um ativo estratégico, não como um obstáculo ao desenvolvimento: quem cuida da floresta em pé e dos rios limpos protege a natureza e gera renda ao fazê-lo. E rio limpo também depende de esgoto tratado: uma das maiores agendas ambientais da nossa história foi o Marco Legal do Saneamento, aprovado no governo Bolsonaro, cuja universalização vamos levar adiante, como já detalhado no Brasil que Prospera.",agronegocio_meio_ambiente;saneamento,,True,False,Preservação ambiental como ativo estratégico e continuidade da universalização do saneamento básico.,True
flavio,175,57,preservar e produzir ao mesmo tempo,"E vamos consolidar o mercado regulado de carbono com segurança jurídica, posicionando o Brasil como fornecedor global de ativos ambientais, e impulsionar a bioeconomia, com biotecnologia, fármacos, cosméticos e novos materiais a partir da biodiversidade.",agronegocio_meio_ambiente,,True,False,Consolidar mercado de carbono e impulsionar a bioeconomia baseada na biodiversidade.,True
flavio,176,57,preservar e produzir ao mesmo tempo,"Preservar deve gerar oportunidade. Vamos criar mecanismos de incentivo econômico à preservação, ampliando o pagamento por serviços ambientais e desenvolvendo instrumentos capazes de remunerar produtores, comunidades e proprietários rurais que conservam a vegetação nativa, recuperam áreas degradadas e protegem os recursos hídricos. O",agronegocio_meio_ambiente,rural_agricultores,True,False,Criação de incentivos econômicos e remuneração para quem preserva e recupera o meio ambiente.,True
flavio,177,58,preservar e produzir ao mesmo tempo,"produtor que preserva e cumpre a legislação ambiental deve ser reconhecido como parceiro da conservação, não como suspeito. Garantiremos o uso responsável e sustentável dos recursos naturais, com segurança jurídica e respeito às peculiaridades de cada região, e faremos da tecnologia, da assistência técnica, da capacitação e do crédito os instrumentos que transformam conservação em desenvolvimento e renda. Preservar tem que compensar para quem preserva.",agronegocio_meio_ambiente,rural_agricultores,True,False,Promete apoio técnico e crédito para produtores que preservem o meio ambiente.,True
flavio,178,58,preservar e produzir ao mesmo tempo,"Proteção dos biomas e combate ao crime ambiental. O Brasil protegerá todos os seus biomas, respeitando as diferenças ambientais, sociais e econômicas de cada um. Teremos a meta de zerar o desmatamento ilegal até 2029, retomando e levando até o fim o compromisso que já assumimos no Governo Bolsonaro perante o mundo, e combateremos as queimadas ilegais, fortalecendo a prevenção, o monitoramento, a fiscalização e o combate aos crimes ambientais, com ferramentas aperfeiçoadas por inteligência artificial, bancos de dados em tempo real, imagens de satélite e ação coordenada das agências do Estado. Vamos integrar e aprimorar os sistemas e bases de dados já existentes, utilizando informações fundiárias e ambientais e monitoramento por satélite para tornar a fiscalização mais eficiente e direcionada. O foco será identificar e combater a grilagem de terras, a ocupação ilegal de áreas públicas e os responsáveis pelo desmatamento ilegal, sem criar novas obrigações ou custos desnecessários para o produtor rural que atua dentro da lei. Quem produz respeitando a legislação deve ser tratado como parceiro na proteção ambiental, e não submetido à presunção de irregularidade. Combater o crime ambiental é separar com clareza quem produz legalmente de quem se apropria do patrimônio público e destrói o meio ambiente para lucrar.",agronegocio_meio_ambiente,rural_agricultores,True,False,Combate ao desmatamento e crime ambiental com foco em tecnologia e apoio ao produtor.,True
flavio,179,58,preservar e produzir ao mesmo tempo,"Amazônia: soberania e oportunidade. A Amazônia ocupa posição estratégica para o Brasil e para o mundo, mas pertence, antes de tudo, aos brasileiros. Sua proteção será conduzida com soberania, presença do Estado e oportunidade para quem vive na região. Vamos fortalecer a fiscalização ambiental, com prioridade para as áreas de maior pressão de desmatamento e queimadas, usando inteligência, satélite e atuação coordenada dos órgãos federais para identificar as áreas críticas com mais rapidez. Vamos ampliar a cooperação com os países vizinhos contra os crimes ambientais transfronteiriços e reforçar o combate às organizações criminosas envolvidas",agronegocio_meio_ambiente;soberania_nacional;seguranca_publica,,True,False,"Fortalecer fiscalização ambiental, combate a crimes transfronteiriços e soberania na Amazônia.",True
flavio,180,59,preservar e produzir ao mesmo tempo,"O rigor da fiscalização será dirigido a quem comanda o crime organizado, não a quem vive na floresta. O morador da Amazônia, o ribeirinho, o pequeno produtor, o extrativista, não será tratado como criminoso por tirar da terra o seu sustento. A ele, o Estado deve orientação e apoio para o bom uso e preservação dos recursos naturais, e não a perseguição que hoje pesa sobre quem menos tem. Vamos acabar com a política que criminaliza o morador da floresta, substituindo a punição cega por um caminho de orientação, regularização e oportunidade.",agronegocio_meio_ambiente;seguranca_publica;agricultura_familiar,rural_agricultores,True,False,"Fim da criminalização do morador da floresta, focando fiscalização no crime organizado.",True
flavio,181,59,preservar e produzir ao mesmo tempo,"E, ao mesmo tempo, vamos ampliar as alternativas de renda a partir da floresta preservada, apoiando cadeias produtivas sustentáveis, manejo responsável, bioeconomia e agregação de valor aos produtos da biodiversidade. Preservar a Amazônia exige combater o crime, mas exige também dar à sua população um caminho real de desenvolvimento e de vida melhor.",agronegocio_meio_ambiente;seguranca_publica,,True,False,Ampliar renda via bioeconomia e combate ao crime para desenvolver a Amazônia.,True
flavio,182,59,preservar e produzir ao mesmo tempo,"Para que isso funcione, o Estado precisa ser ágil e integrado. Vamos eliminar superposições entre Ibama, Funai e ICMBio, dando eficiência à fiscalização, e exigir transparência de financiadores e de projetos das ONGs que recebem recursos internacionais e judicializam ações contra a União, porque onde há dinheiro estrangeiro movendo decisões sobre o território brasileiro há riscos ao interesse nacional, sobre os quais o cidadão brasileiro deve estar informado.",,,True,False,Eliminar superposições entre órgãos ambientais e exigir transparência de ONGs com recursos estrangeiros.,True
flavio,183,59,o que o Brasil tem de sobra e aproveita de menos,"O Brasil tem no turismo uma vocação natural e uma de suas maiores riquezas: praias, florestas, patrimônio histórico e cultural, festas e belezas que o mundo inteiro quer conhecer. Mesmo assim, aproveitamos apenas uma fração desse potencial. Toda a infraestrutura que este plano já prevê, dos aeroportos e rodovias às ferrovias, como o Trem do Nordeste, trabalha a favor do turismo: são as vias que levam o visitante mais longe, com mais facilidade e menor custo. Vamos somar a isso a promoção do destino Brasil e a valorização das",transporte_mobilidade,,True,False,Investimento em infraestrutura de transportes e promoção do turismo para desenvolver o potencial brasileiro.,True
flavio,184,60,o que o Brasil tem de sobra e aproveita de menos,"vocações de cada região, para que o turismo gere renda e emprego, sobretudo nas cidades do interior e nas regiões que mais precisam de oportunidade. Mas nada disso se sustenta sem segurança. Um país que quer receber o turista, brasileiro e estrangeiro, precisa ser um país seguro, porque ninguém visita, investe ou volta a um lugar onde não se sente protegido. Por isso as ações do Brasil sem Medo, prioridade deste plano, são também a base para o turismo florescer: segurança e turismo caminham juntos.",emprego;seguranca_publica,,False,False,Relaciona a segurança pública como base necessária para o desenvolvimento do turismo e empregos.,True
flavio,185,60,o que o Brasil tem de sobra e aproveita de menos,"Desenvolvimento regional: reduzir a distância entre as regiões não deixar nenhuma região para trás O Brasil só será plenamente desenvolvido quando reduzir a distância entre as suas regiões, e isso exige um esforço especial onde a desigualdade é maior: o Norte e o Nordeste. Não por assistência, mas por desenvolvimento, dando a essas regiões as condições de transformar a sua vocação em riqueza, emprego e futuro.",emprego,,False,False,Defesa do desenvolvimento regional do Norte e Nordeste para gerar riqueza e empregos.,True
flavio,186,60,o que o Brasil tem de sobra e aproveita de menos,"O Nordeste é uma região de gente trabalhadora e de enorme potencial. Por tempo demais foi tratado como problema, quando sempre foi solução. A prioridade é a água. Foi o governo Bolsonaro que fez as águas do São Francisco chegarem ao sertão, concluindo o Eixo Norte da Transposição, e vamos priorizar as obras hídricas que faltam para levar água a mais regiões do Nordeste. Mas fazer a água chegar é só o começo: vamos transformá-la em produção. Foi também no governo Bolsonaro que estruturamos e colocamos para produzir o Baixio do Irecê, o maior perímetro de irrigação da América Latina, que já transforma água e terra fértil em fruticultura, grãos, emprego e renda no campo, e vamos concluir sua expansão para multiplicar essa riqueza pelo sertão. Vamos viabilizar o Trem do Nordeste, 1.400 km de trilhos interligando Salvador, Aracaju, Maceió, Recife, João Pessoa, Natal e Fortaleza, abrindo um roteiro entre praias, cidades históricas e polos culturais para movimentar o turismo, a produção e a vida de quem vive ali. E porque não basta produzir, é preciso escoar, concluir a Transnordestina e ampliar o seu escopo para que a Paraíba e o Rio Grande do Norte sejam contemplados. O Nordeste não é só o passado que resistiu, é o futuro que começa. Tem sol e vento de sobra para ser a capital da energia limpa do país, e é essa energia farta e competitiva que vai atrair os data centers e a nova indústria de",transporte_mobilidade;emprego,rural_agricultores,True,False,"Promessas de obras hídricas, expansão de irrigação, ferrovias e atração de indústrias no Nordeste.",True
flavio,187,61,o que o Brasil tem de sobra e aproveita de menos,"tecnologia. Tem as terras raras, matéria-prima sem a qual não existe a economia do século 21. O Nordeste tem tudo para oferecer ao nordestino a chance de prosperar na sua própria terra, atraindo investimento, talento e oportunidade.",,,False,False,Diagnóstico sobre o potencial tecnológico e de terras raras para prosperidade do Nordeste.,True
flavio,188,61,o que o Brasil tem de sobra e aproveita de menos,"O Norte guarda o maior patrimônio natural do país, e seu futuro está em transformar a floresta preservada em riqueza. A bioeconomia é o caminho: gerar renda a partir da floresta em pé, com biotecnologia, fármacos, cosméticos e novos materiais a partir da biodiversidade, o manejo sustentável e a agregação de valor ao que a Amazônia produz, em vez de derrubá-la. Esse desenvolvimento respeita quem vive na região: os povos indígenas e as comunidades quilombolas terão autonomia para decidir sobre as atividades produtivas em suas terras, e o morador da floresta, o ribeirinho e o extrativista serão tratados como parceiros do desenvolvimento, não como obstáculo. A proteção da Amazônia contra o crime e a presença soberana do Estado, são detalhados no bloco sobre meio ambiente. Desenvolver o Norte é provar que preservar e prosperar podem caminhar juntos.",agronegocio_meio_ambiente;soberania_nacional,populacao_negra,False,False,"Propõe desenvolvimento do Norte via bioeconomia, sustentabilidade e autonomia de comunidades tradicionais.",True
flavio,189,61,"soberania se exerce na prática, não no discurso","Soberania é a capacidade de uma nação governar a si própria, fazer suas leis e cuidar do seu território. Ela se exerce na prática, com ações concretas, e não repetindo a palavra ""soberania"" a todo momento. Nos últimos anos, a política externa brasileira trocou o interesse nacional pela ideologia, protegendo regimes propensos ao terror e seus criminosos.",soberania_nacional,,False,False,Crítica à política externa recente e definição de soberania como prática e interesse nacional.,True
flavio,190,61,"soberania se exerce na prática, não no discurso","E a soberania não começa longe, começa dentro de casa. De nada adianta um país erguer a voz contra inimigos distantes se não protege o próprio cidadão na esquina de casa, do assaltante, do traficante, do medo que tira a liberdade de andar na rua. O brasileiro quer viver em paz no seu bairro e na sua cidade, e garanti-la é a prioridade do Brasil sem Medo. Um país só se faz respeitar no mundo quando protege primeiro os seus, e quem não garante a segurança aqui dentro não tem autoridade para falar em soberania lá fora. O governo recebeu com honras o ditador venezuelano Nicolás Maduro, fraudador do processo eleitoral e preso por narcotráfico e narcoterrorismo. Lula autorizou a atracação de navios de guerra iranianos em portos brasileiros,",seguranca_publica;soberania_nacional,,False,False,Relaciona a soberania nacional à segurança pública interna e critica a política externa.,True
flavio,191,62,"soberania se exerce na prática, não no discurso","apesar da posição contrária de parceiros históricos, e no ano seguinte, enviou o vice-presidente da República à posse de líder do regime iraniano, marcada pela ausência de lideranças democráticas do Ocidente. Na bagagem, o governo brasileiro trouxe uma emblemática foto ao lado de lideranças terroristas, mortas poucos dias depois. Muito alinhamento ideológico, nenhum retorno para o Brasil: nem comércio, nem investimento, nem respeito.",soberania_nacional,,False,False,Crítica ao alinhamento ideológico do governo atual com o regime iraniano.,True
flavio,192,62,"soberania se exerce na prática, não no discurso","Nossa proposta é o oposto: uma diplomacia guiada pelo profissionalismo e pelo pragmatismo, não pela ideologia. O Itamaraty voltará a ser conduzido pela competência técnica que sempre marcou seus quadros, e o Brasil voltará a privilegiar os parceiros interessados no ganho mútuo do comércio, sem escolher amigos por afinidade ideológica.",soberania_nacional,,True,False,"Propõe diplomacia pragmática e técnica, focada em ganhos comerciais mútuos e não ideológicos.",True
flavio,193,62,"soberania se exerce na prática, não no discurso","Não trataremos como adversários os nossos parceiros mais importantes e tradicionais. Nos últimos anos, as relações com países como Argentina, Estados Unidos e Israel foram levadas ao limite do rompimento. Vamos reverter esse quadro com profissionalismo e foco no interesse do Brasil. Negociaremos com todos os que interessam ao Brasil, da China à União Europeia, dos Estados Unidos aos mercados asiáticos, porque o que orienta a nossa diplomacia é o interesse do produtor e do trabalhador brasileiro, não a simpatia ou a antipatia por este ou aquele governo.",soberania_nacional,rural_agricultores;trabalhadores_formais,True,False,Promessa de profissionalizar a diplomacia e retomar relações com parceiros estratégicos do Brasil.,True
flavio,194,62,"soberania se exerce na prática, não no discurso","Defender a soberania de verdade não é fazer discurso: é abrir mercados para quem produz aqui, atrair investimento e garantir que o Brasil seja respeitado por sua força econômica e por sua seriedade, não por bravata.",soberania_nacional,,False,False,Defesa da soberania nacional através da abertura de mercados e atração de investimentos.,True
flavio,195,62,país integrado ao mundo é país que atrai investimento e emprego,"Um país que produz precisa vender ao mundo e atrair quem queira investir aqui, sem se tornar refém de ninguém. Nosso projeto equilibra a abertura comercial com o papel do Estado de evitar a dependência excessiva em áreas críticas, como as cadeias de suprimentos e de tecnologia. É uma diplomacia que reconhece o peso de atores que vão além dos Estados, e que trabalha para aprofundar a inserção do Brasil junto aos principais polos econômicos e tecnológicos do mundo e para avançar em acordos que ampliem mercados e reduzam vulnerabilidades.",emprego,,False,False,Defesa de abertura comercial equilibrada com a redução de dependências tecnológicas e estratégicas.,True
flavio,196,63,país integrado ao mundo é país que atrai investimento e emprego,"O passo mais urgente é retomar o cronograma interrompido de adesão à OCDE, incluindo o fim gradual do IOF sobre o câmbio, que é condição obrigatória do processo. A adesão à OCDE é mais do que um selo: ela exige convergência das nossas normas aos padrões internacionais, melhora a governança das empresas estatais, reduz a corrupção e integra o Brasil às melhores práticas globais. Retomar esse referencial permitirá, inclusive, superar a relativização da Lei das Estatais conduzida em 2023 por decisão judicial, devolvendo segurança e previsibilidade a quem investe. E vamos nos preparar para uma abertura comercial que dê ao setor produtivo acesso a bens de capital, tecnologia e insumos importados, num ambiente de concorrência que reduz preços e melhora a oferta ao consumidor. Vamos executar um plano nacional de integração às cadeias globais de valor, com apoio real para o setor produtivo ganhar produtividade, tendo como prioridade a agroindústria avançada, os minerais críticos, a saúde e a economia digital, e apoiar a internacionalização das pequenas e médias empresas via BNDES e Apex-Brasil, para que o produto brasileiro chegue mais longe. Nossa energia limpa e a sustentabilidade são vantagens competitivas que sustentam essa projeção: nossa meta para 2030 é posicionar o Brasil entre os principais destinos mundiais de investimento em transição energética, tendo os biocombustíveis, a energia solar, a eólica e o hidrogênio verde como alavancas e a diplomacia como instrumento permanente. E vamos fortalecer as multinacionais brasileiras, ampliando sua presença internacional pela abertura econômica, pela adesão às regras da OCDE e por acordos comerciais de ganho mútuo. País integrado ao mundo é país que atrai investimento, e investimento é emprego que chega à ponta. Nossas ações concentrarão esforços no combate ao crime organizado e outras ameaças à segurança e defesa nacional. Incentivaremos amplo espectro de tecnologias disponíveis, com foco em inovação como drones e inteligência artificial. Os investimentos nas Forças Armadas devem ser condizentes com a inserção de um país que é membro de diferentes blocos e grupos de nações, voltados ao enfrentamento de desafios políticos e econômicos globais.",emprego;impostos_isencao_ir;corrupcao,,True,False,"Retomada da adesão à OCDE, abertura comercial e atração de investimentos em energia.",True
flavio,197,64,crescer por dentro para competir por fora,"De nada adianta um punhado de campeãs nacionais se o restante da economia patina em baixa produtividade. A competitividade doméstica é o fundamento da projeção internacional: é o foco em infraestrutura, produtividade, segurança jurídica, estabilidade macroeconômica, acesso à crédito e juros civilizados que dá às empresas brasileiras, grandes e pequenas, as condições de um processo longo e seguro de inserção no mundo. Um país competitivo por dentro é um país que gera emprego, renda e prosperidade que chega a todos.",emprego,,False,False,Defesa da competitividade doméstica e produtividade para promover a inserção internacional do Brasil.,True
flavio,198,65,BRASIL QUE CUMPRE A CONSTITUIÇÃO regras que valem para todos e não mudam no meio do jogo,"Um país só prospera quando as regras são claras, valem para todos e não mudam ao sabor de quem está no poder. Quando um só Poder decide tudo, quando uma canetada substitui a lei votada pelos representantes do povo, quando ninguém sabe qual será a regra amanhã, o investimento foge, o emprego não vem e o cidadão perde a confiança nas instituições. O Estado brasileiro precisa ser modernizado, garantir o equilíbrio entre os Poderes e retomar a normalidade democrática. Não há espaço para privilégios, mordomias e a hipertrofia de um Poder sobre os demais. E o foco de tudo volta a ser o cidadão, que precisa poder cobrar seus representantes e ver suas necessidades atendidas.",emprego,,False,False,"Defesa da segurança jurídica, equilíbrio entre Poderes e modernização do Estado brasileiro.",True
flavio,199,65,Reforma do Judiciário: o STF como Corte Constitucional,"O Supremo Tribunal Federal acumulou, ao longo dos anos, um volume de funções que não tem paralelo nas Cortes Constitucionais de outras nações. Esse acúmulo gera insegurança jurídica, instabilidade democrática e um desequilíbrio entre a vontade dos representantes eleitos pelo povo e a revisão dessa vontade, muitas vezes ancorada em interpretações subjetivas da Constituição. Devolver o Supremo ao seu papel de Corte Constitucional é restabelecer o equilíbrio entre os Poderes, que é a base da democracia. Propomos:",instituicoes_stf_reeleicao,,False,False,Propõe a redefinição do STF como Corte Constitucional para equilibrar os Poderes.,True
flavio,200,65,Reforma do Judiciário: o STF como Corte Constitucional,"• Fim das competências criminais originárias do STF, permitindo que parlamentares sejam julgados por instâncias inferiores, como o STJ ou os TRFs, para que exerçam seus mandatos com mais altivez, sem que isso represente qualquer contrapartida de impunidade.",instituicoes_stf_reeleicao,,True,False,Fim do foro privilegiado criminal no STF para parlamentares.,True
flavio,201,65,Reforma do Judiciário: o STF como Corte Constitucional,"• Limitação das decisões monocráticas do STF, privilegiando as decisões colegiadas e presumindo a constitucionalidade do processo legislativo, para que a caneta de um só ministro não se sobreponha ao trabalho de todo o Congresso.",instituicoes_stf_reeleicao,,True,False,Limitação de decisões monocráticas do STF para fortalecer as decisões colegiadas e o Congresso.,True
flavio,202,66,Reforma do Judiciário: o STF como Corte Constitucional,"• Ampliação da participação da sociedade civil no CNJ e CNMP, e redefinição de suas competências para limitar sua atuação de natureza legislativa.",instituicoes_stf_reeleicao,,True,False,Ampliar participação social no CNJ/CNMP e limitar a atuação legislativa desses órgãos.,True
flavio,203,66,Reforma do Judiciário: o STF como Corte Constitucional,"Nenhuma dessas medidas enfraquece o Judiciário. Todas o devolvem ao seu lugar constitucional, e devolvem ao povo, por meio de seus representantes eleitos, o poder de decidir sobre a própria vida.",instituicoes_stf_reeleicao,,False,False,Defesa da limitação do STF ao seu papel constitucional e fortalecimento do Legislativo.,True
flavio,204,66,Reforma política,"A reforma política é urgente e será prioridade. O modelo atual favorece a perpetuação de políticas de ""meia-entrada"", o capitalismo de compadrio e a falta de atenção às necessidades básicas da população. Houve, recentemente, uma queda importante no número de partidos com assento no parlamento, mas é preciso ir além, para que os partidos tenham de fato nitidez programática e densidade. O foco deve ser a representatividade e a proximidade entre o eleitor e o eleito, superando o sistema atual em que a desconexão perdura ao longo de toda a legislatura de quatro anos. E propomos o fim da reeleição para o cargo de Presidente da República. Ao contrário do PT, o nosso projeto é de país, não de poder. Já existe uma PEC protocolada no Senado Federal com essa proposta, de autoria do senador e futuro presidente do Brasil, Flávio Bolsonaro.",instituicoes_stf_reeleicao,,True,False,Propõe reforma política para maior representatividade e o fim da reeleição presidencial.,True
flavio,205,66,Tesouraço na Censura,"Numa democracia, todo cidadão tem o direito de concordar ou discordar, de criticar e de questionar, e nenhum governo pode punir quem pensa diferente dele. Sob o atual governo, porém, cresceu um aparato apelidado de “Ministério da Verdade”: estruturas criadas para tratar como desinformação aquilo que incomoda o poder, o que abre a porta para a censura de opositores, jornalistas e cidadãos comuns.",instituicoes_stf_reeleicao,,False,False,Crítica ao controle de desinformação e à suposta censura no governo atual.,True
flavio,206,66,Tesouraço na Censura,"Vamos fazer um Tesouraço da Censura: acabar com qualquer estrutura estatal que funcione como um “Ministério da Verdade"", encarregada de vigiar, rotular ou punir o que as pessoas dizem. E vamos revogar todos os atos que o atual governo produziu para silenciar seus críticos, para que a censura já praticada",instituicoes_stf_reeleicao,,True,False,Promete extinguir estruturas estatais de vigilância e revogar atos que silenciem críticos.,True
flavio,207,67,Tesouraço na Censura,"não deixe herança. Crime se combate na Justiça, com regras claras e direito de defesa. O que o governo não pode fazer é transformar a crítica em delito. Nós defendemos o direito de sermos criticados, com foco na liberdade de expressão prevista na Constituição Federal.",instituicoes_stf_reeleicao,,False,False,Defesa da liberdade de expressão e crítica contra a criminalização de opiniões.,True
flavio,208,68,Tesouraço na Censura,"BRASIL QUE NÃO VOLTA ATRÁS para que tudo isso seja permanente, e não uma bolha que estoura Um plano de governo não vale pelo que promete, mas pelo que consegue sustentar. De nada adianta baixar imposto hoje se a conta volta amanhã, nem prometer serviço melhor se o Estado gasta mais do que arrecada e joga a fatura para os filhos e netos de quem trabalha. Este capítulo é a garantia de que tudo o que foi prometido nos anteriores tem lastro, e não vai virar uma bolha que estoura depois da eleição. É o compromisso com quem paga a conta: o cidadão.",impostos_isencao_ir,,False,False,Defesa de responsabilidade fiscal para sustentar a redução de impostos e gastos.,True
flavio,209,68,Tesouraço na Censura,"O contraste é claro. A gestão atual elevou a relação entre a dívida bruta e o PIB em 13 pontos percentuais em quatro anos, sem enfrentar nenhuma pandemia, e o resultado veio na forma de inflação fora da meta, a maior taxa de juros em 19 anos e 30 novos impostos ou aumentos de alíquota. Nós fizemos o oposto: mesmo diante da maior pandemia em cem anos, reduzimos em 4 pontos percentuais esse mesmo indicador. Já demos o exemplo, e vamos dar de novo.",custo_de_vida_inflacao_alimentos;impostos_isencao_ir,,False,True,Crítica à gestão econômica atual e exaltação de indicadores do governo anterior.,True
flavio,210,68,Tesouraço na Censura,"Nossa bandeira é um grande TESOURAÇO: um corte profundo e por todos os lados, que enxuga a máquina, coloca as contas em ordem e reduz os impostos que pesam sobre quem produz. E é também um Estado organizado para prevenir a corrupção: com transparência, mérito e regras claras, fecha-se o espaço para o desvio. É o que detalham as próximas páginas.",impostos_isencao_ir;corrupcao,,True,False,"Promessa de redução de impostos, enxugamento da máquina pública e combate à corrupção.",True
flavio,211,68,Mais Brasil e menos Brasília,"""Mais Brasil, menos Brasília"" não é uma frase nova para nós: é um jeito de governar que já praticamos. No nosso governo, o município deixou de ser um subordinado que pede favor em Brasília e passou a ser tratado como parceiro, com mais autonomia e mais protagonismo para o prefeito resolver a vida da sua cidade. E quando a pandemia ameaçou quebrar estados e municípios, foi o governo Bolsonaro que garantiu o socorro federativo, entregue diretamente ao poder local para manter a saúde, o funcionalismo e os serviços de pé, no momento mais difícil. Enquanto uns falam em federalismo, nós o praticamos.",,,False,False,Defesa do federalismo e da autonomia de estados e municípios frente ao governo federal.,True
flavio,212,69,Mais Brasil e menos Brasília,"Vamos retomar e aprofundar esse caminho. Promoveremos a revisão do pacto federativo e a redefinição das regras e dos processos orçamentários, e revisar a legislação para agilizar a aprovação, a liberação dos recursos e a prestação de contas. Hoje o dinheiro existe, mas emperra no caminho: o gestor local recebe o recurso e não consegue executá-lo, travado por exigências que consomem meses. Destravar isso é fazer a escola ser reformada mais rápido, o posto de saúde funcionar antes e o dinheiro do cidadão render mais perto de casa.",saude_sus;educacao,,True,False,Revisão do pacto federativo e regras orçamentárias para agilizar a execução de recursos.,True
flavio,213,69,Mais Brasil e menos Brasília,"No mesmo esforço de organizar melhor o orçamento, daremos mais transparência, controle e rastreabilidade às emendas parlamentares, priorizando sua alocação em políticas públicas prioritárias do Plano Plurianual, aprovado pelo parlamento.",corrupcao,,True,False,"Promete maior transparência, controle e rastreabilidade na alocação de emendas parlamentares.",True
flavio,214,69,Enxugar a Máquina e Profissionalizar a Gestão Pública,"A máquina pública não pertence a quem está no poder: pertence ao cidadão que a paga. Um Estado bem gerido custa menos e serve melhor. Daremos continuidade à reforma administrativa que já colocamos em discussão, para modernizar o funcionamento do Estado e a carreira do servidor. E faremos uma ampla revisão normativa infralegal, na gestão pública e nas áreas tributária, previdenciária e trabalhista, que elimine o excesso de regras que trava a economia e encarece a máquina. Isso inclui o corte de no mínimo 10 ministérios, a redução de cargos comissionados e de despesas administrativas e o combate aos penduricalhos e supersalários que corroem o orçamento, tudo com um objetivo: mais eficiência e racionalidade para servir à sociedade. A tecnologia é nossa aliada nessa tarefa: a digitalização dos serviços públicos, que devolve tempo ao cidadão no Brasil sem Fila, é também o que permite um Estado mais ágil e menos custoso por dentro. Vamos também profissionalizar as agências reguladoras, fortalecendo os critérios técnicos na indicação de seus dirigentes, com avaliações periódicas e um amplo revogaço regulatório, preservada a segurança jurídica. Mas um Estado eficiente não se faz só com boas estruturas e boas normas: faz- se, acima de tudo, com as pessoas certas no comando. Para o PT, cada estatal, cada diretoria, cada fundo de pensão é espaço a ser loteado entre aliados, e foi assim que a Lava Jato encontrou, no aparelhamento das estatais, o coração do",impostos_isencao_ir;previdencia;corrupcao,,True,False,"Propõe reforma administrativa, corte de ministérios, digitalização de serviços e combate a supersalários.",True
flavio,215,70,Enxugar a Máquina e Profissionalizar a Gestão Pública,"maior esquema de corrupção da história do país. Uma estatal profissionalizada, comandada por quem entende do negócio, dá resultado e devolve valor à sociedade, como se viu no governo Bolsonaro. Nós governamos pela competência, e não pelo apadrinhamento: cada posto de responsabilidade no Estado deve ser ocupado por quem entende do assunto, não por quem prestou serviço à campanha.",corrupcao,,False,False,Defesa da gestão pública por competência técnica em vez de apadrinhamento político.,True
flavio,216,70,Enxugar a Máquina e Profissionalizar a Gestão Pública,"Nas empresas públicas, essa proteção tem nome: a Lei das Estatais, de 2016, criada depois da Lava Jato para blindar as estatais da indicação política, com exigência de qualificação técnica e quarentena para quem vem de campanha eleitoral. Tentaram enfraquecê-la; nós vamos fortalecê-la. E vamos além: sempre que possível, o comando das estatais e dos cargos de direção será preenchido por recrutamento com regras de mercado, com busca ativa de profissionais qualificados, como fazem as empresas privadas quando procuram seus executivos, escolhendo pela competência comprovada, e não pela conveniência política.",corrupcao,,True,False,Fortalecer a Lei das Estatais e adotar recrutamento técnico de mercado para diretores.,True
flavio,217,70,Enxugar a Máquina e Profissionalizar a Gestão Pública,"Vamos blindar os fundos de pensão das estatais da indicação política, porque a aposentadoria do trabalhador não pode virar cofre de projeto de poder. E vamos retomar o Programa Nacional de Desestatização com critério, avaliando caso a caso onde a presença do Estado deixou de fazer sentido. Estatal não é palanque nem cabide de apadrinhado: é patrimônio do brasileiro, e vai ser tratada como tal.",previdencia;corrupcao,trabalhadores_formais;idosos_aposentados,True,False,Blindar fundos de pensão de indicações políticas e retomar programa de desestatização.,True
flavio,218,70,Enxugar a Máquina e Profissionalizar a Gestão Pública,"É assim que se combate a corrupção de forma duradoura: organizando o Estado para preveni-la. Comando técnico no lugar do apadrinhamento, estatais e fundos de pensão protegidos da indicação política e transparência sobre cada gasto são medidas que fecham as portas ao desvio. Um Estado bem estruturado é a forma mais eficaz de combater a corrupção. Contas em ordem para juros e inflação menores O PT destruiu o teto de gastos tendo em mente, antes de tudo, um projeto de poder: retirou as sanções e as travas e projetou regras frágeis, que pudessem ser mudadas conforme a conveniência, sempre com foco na reeleição. Para implodir o teto, aprovou uma PEC da transição que tirou da Constituição as regras de controle da despesa e as jogou para lei complementar. Fingindo responsabilidade, criou na prática um gasto discricionário sempre crescente:",corrupcao;custo_de_vida_inflacao_alimentos;instituicoes_stf_reeleicao,,False,False,Crítica à gestão fiscal do PT e defesa de gestão técnica contra a corrupção.,True
flavio,219,71,Enxugar a Máquina e Profissionalizar a Gestão Pública,"uma legislação que já nasceu cheia de exceções e teve as próprias regras furadas mais de uma dezena de vezes, abrindo novos gastos fora do limite e levando a dívida ao assombroso patamar atual.",,,False,False,Crítica à legislação de controle de gastos e ao endividamento público atual.,True
flavio,220,71,Enxugar a Máquina e Profissionalizar a Gestão Pública,"Vamos fazer o oposto: faremos nossos gastos caberem no orçamento, o que permitirá cobrar menos impostos e não empurrará dívida para as próximas gerações. Apresentaremos uma reformulação nas atuais regras fiscais, com regras claras focadas na estabilização e na redução da dívida pública conforme determina a Constituição. Vamos construir o equilíbrio fiscal duradouro, entregando superávits primários e limitando o crédito subsidiado com recursos do Tesouro, mitigando pressões inflacionárias. E haverá uma regra clara de controle de gastos discricionários dos três Poderes da União. Regras claras trazem previsibilidade e credibilidade, tornando o país mais atrativo e competitivo. A meta é alcançar, no menor prazo possível, a estabilidade e depois a queda da relação Dívida/PIB, o que puxa os juros para a média internacional e leva a inflação ao centro da meta. Não é abstração de economista: é o que faz o crediário caber no bolso, o financiamento da casa ser possível e o salário parar de derreter no fim do mês.",impostos_isencao_ir;custo_de_vida_inflacao_alimentos,,True,False,"Promete reformulação fiscal, controle de gastos e redução de impostos para baixar inflação.",True
flavio,221,71,Enxugar a Máquina e Profissionalizar a Gestão Pública,"Junto disso, um choque de gestão vai colocar o patrimônio público a serviço da sociedade, com reforma do processo orçamentário e uma agenda permanente de transparência e avaliação de políticas públicas, identificando quem são os beneficiários de cada programa e medindo o impacto real de cada gasto. Dinheiro público é dinheiro do cidadão, e cada real precisa mostrar o que entregou.",corrupcao,,True,False,"Promete choque de gestão, reforma orçamentária e maior transparência nos gastos públicos.",True
flavio,222,71,Menos impostos: a reforma tributária corrigida,"A reforma tributária aprovada pela atual gestão foi entregue ao sabor dos lobbies. Como toda a transição ficou para os mandatos seguintes, quem aprovou não se desgastou, e a população ficou com a conta: cerca de R$ 1 trilhão sem fonte orçamentária definida nos dois fundos criados pela reforma, além de mais de R$ 500 bilhões em exceções decorrentes dos lobbies, que passaram a ser permanentes.",impostos_isencao_ir,,False,True,"Crítica à reforma tributária atual, citando lobbies e falta de fonte orçamentária.",True
flavio,223,71,Menos impostos: a reforma tributária corrigida,"Vamos promover a revisão e o redimensionamento da reforma tributária em curso e da majoração de impostos efetuada pelo atual governo, com o objetivo de reduzir efetivamente a carga sobre a produção e o consumo. Vamos corrigir",impostos_isencao_ir,,True,False,Promessa de revisar a reforma tributária para reduzir impostos sobre produção e consumo.,True
flavio,224,72,Menos impostos: a reforma tributária corrigida,"suas distorções, reduzir o IVA, hoje projetado num dos patamares mais altos do mundo, e assegurar a não cumulatividade, para que não se cobre imposto sobre imposto. Assim a reforma fica mais equilibrada, preservando a simplificação e a aderência às melhores práticas internacionais. O esforço de simplificação continuará: menos impostos, legislação unificada, desoneração das exportações e dos investimentos e redução das exceções, para que grupos parecidos paguem impostos parecidos. O círculo virtuoso é claro: menos impostos, mais formalidade, mais crescimento.",impostos_isencao_ir,,True,False,"Propõe reduzir o IVA, assegurar a não cumulatividade e simplificar a legislação tributária.",True
flavio,225,72,O lado dos aposentados: fim das fraudes,"O nosso lugar sempre foi ao lado de quem trabalhou a vida inteira. Em janeiro de 2019, a primeira medida do nosso governo, logo após a redução dos ministérios, foi a MP Antifraudes (MP nº 871/2019), que exigiu a revalidação anual dos descontos associativos na aposentadoria, cancelando qualquer desconto feito sem o consentimento do aposentado. Foi o primeiro governo em quase trinta anos a enfrentar esse escárnio contra os idosos. A medida caiu como uma bomba entre sindicatos e partidos de esquerda, que se mobilizaram e conseguiram suprimir essa e outras barreiras antifraude. O resultado foi a Farra do INSS: a explosão de descontos indevidos que triplicou os valores roubados de idosos, pensionistas e beneficiários de programas sociais em 2023 e 2024.",previdencia;corrupcao,idosos_aposentados,False,False,Crítica a descontos indevidos em aposentadorias e defesa de medidas antifraude no INSS.,True
flavio,226,72,O lado dos aposentados: fim das fraudes,"E não paramos por aí. Mesmo depois de deixarmos o governo, seguimos a luta pelo aposentado a partir do Congresso: foi a mobilização da oposição, após a CPMI do INSS e contra a resistência do governo Lula, que conseguimos aprovar o fim definitivo dos descontos associativos, em novembro de 2025. Vamos retomar esse combate com prioridade máxima. Reeditaremos um pacote antifraude na Previdência, nos moldes do que fizemos em 2019, e não pouparemos esforços para coibir qualquer nova tentativa de roubar o dinheiro de quem já deu sua contribuição ao país.",previdencia;corrupcao,idosos_aposentados,True,False,Promessa de reeditar pacote antifraude na Previdência para coibir roubos de aposentados.,True
flavio,227,72,O lado dos aposentados: fim das fraudes,"Não podemos deixar que o consignado dos beneficiários do INSS se torne o próximo capítulo dessa história. O que se viu nos descontos associativos mostra o estrago que a falta de controle é capaz de causar. Vamos mudar a governança do consignado para que a fraude não se repita, revendo quem opera esses descontos e como são autorizados, com mais transparência e mais",previdencia;corrupcao,idosos_aposentados,True,False,Mudança na governança do crédito consignado do INSS para combater fraudes e descontos.,True
flavio,228,73,O lado dos aposentados: fim das fraudes,"controle, incluindo dupla checagem que impede que tirem do benefício o que não foi autorizado. Chega de tratar quem depende do INSS como presa fácil. E o combate à espera que ainda castiga o aposentado, com a fila do INSS que chegou a três milhões de requerimentos, está detalhado no Brasil sem Fila, com a digitalização dos processos e a profissionalização da gestão do órgão.",previdencia;corrupcao,idosos_aposentados,True,False,Combate a fraudes em benefícios e redução de filas no INSS via digitalização.,True
flavio,229,74,CONCLUSÃO: UM CONVITE À NAÇÃO,"Chega de medo. Um país não prospera enquanto o crime manda na esquina, enquanto a mãe reza para o filho voltar da escola e o comerciante decide se abre a porta. A primeira coragem do nosso governo será recuperar os territórios dominados pelas facções e devolver ao brasileiro o direito de ir e vir, de trabalhar, de empreender e de ser feliz. Um Estado que se orienta pela vida do cidadão não trata bandido como ""nosso criminoso"".",seguranca_publica,empreendedores,True,False,Promessa de recuperar territórios dominados por facções para garantir segurança e liberdade.,True
flavio,230,74,CONCLUSÃO: UM CONVITE À NAÇÃO,"E o mesmo Estado que protege precisa sair do cangote de quem trabalha. Ao longo destas páginas, propusemos um caminho que se sustenta por inteiro, porque cada parte apoia a outra. Fortalecemos as mulheres, porque quando elas avançam a família inteira avança. Devolvemos o tempo do cidadão, com um Estado digital que acaba com a fila. Fazemos sobrar dinheiro no fim do mês, com menos imposto no consumo e juros que só caem quando as contas se ajeitam. Damos à família as ferramentas para vencer, com educação que ensina, saúde que cuida e apoio a quem precisa cuidar. Abrimos o caminho da prosperidade, da proteção social ao primeiro patrimônio. Fazemos o país crescer, com infraestrutura, energia, agro e tecnologia que multiplicam cada conquista. Garantimos regras que valem para todos, com instituições fortes e cada Poder no seu lugar. E asseguramos que nada disso volte atrás, com equilíbrio fiscal e combate à corrupção, para que o que foi conquistado não vire uma bolha que estoura.",impostos_isencao_ir;costumes_religiao,mulheres;criancas_familias,True,False,"Propõe redução de impostos, fortalecimento da família, digitalização estatal e equilíbrio fiscal.",True
flavio,231,74,CONCLUSÃO: UM CONVITE À NAÇÃO,"Não é uma lista de promessas soltas: é uma jornada. Cada etapa apoia a seguinte, da segurança que é a base de tudo até o patrimônio que coroa o esforço de uma vida. E é uma jornada que o cidadão percorre pelas próprias pernas, com o Estado como parceiro a abrir o caminho, não como tutor a ditar os passos.",seguranca_publica,,False,False,Texto reflexivo sobre a relação entre cidadão e Estado e a base da segurança.,True
flavio,232,74,CONCLUSÃO: UM CONVITE À NAÇÃO,"Tudo isso repousa sobre valores que não negociamos: a vida, a liberdade, a família, a propriedade, a democracia e a fé. Foi com eles que enfrentamos, no passado, um dos períodos mais difíceis da história recente, e é com eles que vamos construir o que vem pela frente. Um Estado que garanta segurança sem transformar o cidadão em prisioneiro dentro da própria casa.",costumes_religiao;instituicoes_stf_reeleicao;seguranca_publica,,False,False,"Defesa de valores conservadores, democráticos e a garantia de segurança pública.",True
flavio,233,75,CONCLUSÃO: UM CONVITE À NAÇÃO,"Temos um novo caminho à nossa frente, e sua definição depende de uma só coisa: a sua escolha. Cumpriremos este programa em nome da paz, da harmonia e da esperança que ainda existe entre nós, obedecendo às instituições, seguindo as leis e resguardando a ordem, sem a qual não há progresso.",,,False,False,"Convite à nação enfatizando a obediência às leis, instituições e a ordem.",True
flavio,234,75,CONCLUSÃO: UM CONVITE À NAÇÃO,"O Brasil precisa de todas as famílias. Nossa promessa é reconstruir um país moderno, próspero, democrático e justo, sem divisão. E o nosso convite é para que você faça parte dele.",costumes_religiao,criancas_familias,False,False,Convite à união nacional para a reconstrução de um país próspero e democrático.,True
